Num_Acc,senc,catv,occutc,obs,obsm,choc,manv,num_veh
202000000770,-1,31,,0,1,1,2,A01
202000000771,1,7,,0,1,4,20,A01
202000000772,-1,33,,0,2,1,0,A01
202000000772,-1,99,,0,0,4,0,B01
202000000773,1,7,,0,9,8,9,A01
202000000773,-1,1,,0,2,8,1,B01
202000000774,1,30,,0,2,7,1,A01
202000000774,1,7,,0,2,3,15,B01
202000000775,2,7,,0,2,2,15,A01
202000000775,1,30,,0,2,1,1,B01
202000000776,2,7,,0,2,1,9,A01
202000000776,2,1,,0,2,1,0,B01
202000000777,1,7,,0,0,0,0,A01
202000000777,2,50,,0,0,0,0,B01
202000000778,1,34,,0,2,1,2,A01
202000000778,1,31,,0,0,4,0,B01
202000000779,1,32,,0,2,1,21,A01
202000000779,2,7,,0,2,3,1,B01
202000000779,1,10,,0,2,3,10,C01
202000000780,3,7,,0,0,0,0,A01
202000000780,1,0,,0,2,1,26,B01
202000000781,-1,7,,0,1,1,14,A01
202000000782,1,7,,0,2,5,16,A01
202000000782,-1,33,,0,0,0,0,B01
202000000783,0,7,,0,9,6,20,A01
202000000783,0,99,,0,2,8,0,B01
202000000784,1,7,,0,2,1,15,A01
202000000784,2,1,,0,2,0,1,B01
202000000785,1,7,,4,0,0,0,A01
202000000786,1,99,,0,2,1,1,B01
202000000786,1,7,,0,9,2,16,A01
202000000787,1,7,,0,1,7,1,A01
202000000788,3,7,,0,9,1,16,A01
202000000788,0,99,,0,2,8,19,B01
202000000789,2,7,,5,0,4,0,B01
202000000789,2,7,,0,2,1,1,A01
202000000790,-1,30,,0,1,1,17,A01
202000000791,1,99,,6,0,1,9,A01
202000000792,1,7,,0,2,2,15,A01
202000000792,2,7,,0,2,2,1,B01
202000000793,1,7,,1,0,1,13,A01
202000000793,1,7,,0,2,1,1,B01
202000000794,-1,7,,0,2,1,19,A01
202000000794,1,3,,14,0,5,1,B01
202000000795,3,30,,0,2,1,5,A01
202000000795,1,7,,0,2,3,1,B01
202000000796,2,7,,0,2,3,2,B01
202000000796,1,7,,0,2,6,15,A01
202000000797,1,15,,9,0,5,1,A01
202000000797,1,2,,9,0,0,0,B01
202000000798,1,34,,0,2,8,1,B01
202000000798,2,7,,0,2,1,15,A01
202000000799,-1,7,,1,0,2,1,A01
202000000800,-1,7,,0,2,1,1,A01
202000000800,-1,7,,0,2,0,0,B01
202000000801,1,13,,0,2,1,0,A01
202000000801,1,7,,0,2,4,0,B01
202000000801,1,7,,0,0,4,23,C01
202000000802,0,7,,0,2,1,20,A01
202000000802,0,10,,1,0,4,26,B01
202000000803,2,7,,0,1,2,1,A01
202000000803,2,60,,0,2,4,1,B01
202000000804,2,33,,0,1,8,9,A01
202000000805,1,7,,0,2,2,1,A01
202000000805,1,32,,0,0,3,9,B01
202000000806,2,10,,0,2,3,15,A01
202000000806,2,33,,0,2,0,0,B01
202000000807,-1,7,,0,1,3,16,A01
202000000808,1,7,,0,2,2,16,A01
202000000808,1,0,,0,2,1,1,B01
202000000809,2,30,,0,2,1,1,A01
202000000809,1,7,,0,2,2,15,B01
202000000810,2,10,,0,2,1,1,A01
202000000810,-1,7,,0,2,2,19,B01
202000000811,1,7,,0,1,3,13,A01
202000000812,3,7,,0,1,6,20,A01
202000000813,2,10,,0,1,3,26,A01
202000000814,1,30,,0,2,9,1,A01
202000000814,2,37,1.0,0,2,3,9,B01
202000000815,1,7,,0,2,1,1,A01
202000000815,1,7,,0,2,3,1,B01
202000000816,1,30,,0,2,1,1,A01
202000000816,1,7,,0,2,4,1,B01
202000000817,1,43,,0,1,1,1,A01
202000000818,-1,7,,0,2,1,23,A01
202000000818,-1,2,,0,0,4,23,B01
202000000819,1,30,,0,2,2,15,A01
202000000819,1,7,,0,2,1,0,B01
202000000820,1,33,,0,2,1,1,B01
202000000820,2,7,,0,2,1,13,A01
202000000821,3,33,,0,2,3,15,B01
202000000821,3,7,,0,2,1,1,A01
202000000822,1,10,,0,1,4,20,A01
202000000823,3,7,,0,2,8,11,A01
202000000823,3,34,,0,2,2,1,B01
202000000824,2,7,,4,0,3,1,A01
202000000825,2,7,,0,2,1,15,A01
202000000825,1,2,,0,2,8,1,B01
202000000826,1,7,,4,2,1,21,A01
202000000826,1,7,,0,2,4,17,B01
202000000827,2,30,,0,1,7,3,A01
202000000828,2,7,,13,0,1,3,A01
202000000829,3,10,,0,1,3,15,A01
202000000830,1,7,,0,2,1,2,A01
202000000830,1,7,,0,2,4,2,B01
202000000830,1,7,,0,2,4,2,C01
202000000831,3,7,,8,0,1,26,A01
202000000832,2,7,,6,0,1,1,A01
202000000833,1,7,,0,2,1,1,A01
202000000833,1,1,,0,2,4,19,B01
202000000834,0,7,,6,0,1,1,A01
202000000835,0,32,,0,0,3,0,A01
202000000836,0,7,,0,0,0,1,A01
202000000836,0,7,,0,2,4,11,B01
202000000836,0,7,,0,2,1,17,C01
202000000837,1,3,,2,0,1,1,A01
202000000838,1,7,,0,1,5,5,NA01
202000000839,3,7,,0,1,1,0,A01
202000000840,2,7,,13,0,9,17,A01
202000000841,1,7,,0,6,3,21,A01
202000000842,0,7,,16,0,0,1,A01
202000000843,3,7,,13,0,0,1,A01
202000000844,0,7,,0,1,6,20,A01
202000000845,1,7,,0,2,4,1,A01
202000000845,1,7,,0,2,4,1,B01
202000000845,1,7,,0,2,1,1,C01
202000000845,1,7,,0,2,1,1,D01
202000000846,1,7,,0,2,2,1,B01
202000000846,2,7,,3,2,9,17,A01
202000000847,1,2,,1,0,1,0,A01
202000000848,1,7,,0,9,3,2,B01
202000000848,1,2,,0,2,7,2,A01
202000000849,3,7,,2,0,1,26,A01
202000000850,0,10,,0,2,1,26,A01
202000000850,0,7,,0,2,7,26,B01
202000000851,3,10,,0,1,4,4,A01
202000000852,2,7,,0,1,3,1,A01
202000000853,-1,10,,0,2,1,9,B01
202000000853,-1,32,,0,2,5,16,A01
202000000854,1,20,,14,0,7,14,A01
202000000855,1,7,,0,2,1,15,A01
202000000855,2,2,,0,2,8,0,B01
202000000856,2,33,,0,2,8,1,B01
202000000856,2,7,,0,2,7,16,A01
202000000857,1,10,,0,2,8,1,A01
202000000857,1,10,,0,2,3,15,B01
202000000858,1,7,,0,2,4,23,B01
202000000858,1,7,,1,2,1,1,A01
202000000859,1,1,,0,5,0,1,A01
202000000859,1,1,,0,5,0,1,B01
202000000860,1,7,,0,2,3,1,B01
202000000860,1,10,,0,2,1,1,C01
202000000860,2,7,,0,2,1,13,A01
202000000861,1,7,,0,1,3,13,A01
202000000862,-1,10,,0,2,7,26,B01
202000000862,-1,10,,0,1,2,26,A01
202000000863,1,7,,0,2,1,0,C01
202000000863,1,7,,0,2,1,0,B01
202000000863,1,7,,0,2,4,0,A01
202000000864,1,7,,2,0,1,13,A01
202000000865,1,32,,0,1,1,1,A01
202000000866,2,7,,0,2,3,15,A01
202000000866,1,10,,0,2,1,1,B01
202000000867,0,99,,0,0,0,0,B01
202000000867,0,7,,0,2,1,21,A01
202000000868,3,7,,1,0,3,1,A01
202000000869,1,30,,14,0,0,17,A01
202000000870,3,30,,0,1,1,1,A01
202000000871,1,7,,0,1,2,1,A01
202000000872,3,38,1.0,0,2,4,2,A01
202000000872,3,38,1.0,0,2,1,2,B01
202000000873,2,32,,0,2,2,17,B01
202000000873,2,7,,0,2,3,15,A01
202000000874,2,7,,0,2,1,1,B01
202000000874,2,32,,0,2,1,13,A01
202000000875,1,7,,0,2,2,1,B01
202000000875,1,2,,0,2,1,1,A01
202000000876,1,7,,0,2,0,26,A01
202000000876,1,2,,0,2,0,1,B01
202000000877,3,7,,8,0,1,20,A01
202000000878,3,30,,0,2,1,26,A01
202000000878,2,7,,0,2,2,1,B01
202000000879,1,7,,0,2,1,1,A01
202000000879,1,2,,0,2,4,1,B01
202000000880,1,30,,0,1,0,0,A01
202000000881,2,7,,0,2,3,15,B01
202000000881,2,30,,0,2,1,17,A01
202000000882,2,7,,3,0,1,1,B01
202000000882,2,7,,14,2,1,21,A01
202000000883,1,7,,0,2,0,22,Z01
202000000883,1,1,,0,2,1,1,A01
202000000884,3,7,,0,1,1,1,A01
202000000885,3,10,,0,0,1,13,T01
202000000885,0,7,,0,2,1,13,A01
202000000885,0,7,,0,2,6,1,D01
202000000885,0,7,,0,2,1,21,C01
202000000885,0,7,,0,2,1,17,B01
202000000886,2,7,,2,0,0,26,A01
202000000887,3,7,,8,2,7,1,A01
202000000887,3,0,,0,2,1,1,B01
202000000888,1,50,,0,1,1,1,Z01
202000000889,2,7,,0,2,1,2,B01
202000000889,2,7,,0,2,4,23,A01
202000000890,2,7,,0,2,1,2,A01
202000000890,2,7,,0,2,4,2,B01
202000000890,2,7,,0,2,4,2,C01
202000000891,3,50,,6,0,0,0,A01
202000000892,1,7,,0,2,3,9,A01
202000000892,1,50,,0,2,5,21,B01
202000000893,3,50,,0,2,2,26,B01
202000000893,3,7,,0,2,3,9,A01
202000000894,1,7,,8,0,8,14,A01
202000000895,1,7,,15,0,8,1,A01
202000000896,1,7,,0,1,8,4,A01
202000000897,1,7,,0,1,3,18,A01
202000000898,3,7,,0,2,3,15,A01
202000000898,2,32,,0,2,1,1,B01
202000000899,1,30,,0,1,0,26,A01
202000000900,2,39,,0,1,1,26,A01
202000000901,3,7,,1,0,7,14,A01
202000000902,1,31,,1,0,1,1,A01
202000000903,1,60,,0,2,6,16,Y01
202000000903,1,7,,0,2,6,16,A01
202000000904,2,32,,0,0,7,14,A01
202000000905,2,30,,0,2,3,15,B01
202000000905,1,7,,0,2,1,1,A01
202000000906,0,7,,0,2,1,1,B01
202000000906,0,7,,0,2,1,13,A01
202000000907,3,7,,0,2,5,15,B01
202000000907,3,7,,0,2,3,1,A01
202000000908,0,7,,0,1,1,1,Z01
202000000909,3,0,,0,1,1,1,A01
202000000910,1,7,,0,1,1,2,A01
202000000911,3,37,1.0,0,1,1,1,A01
202000000912,0,14,,0,1,4,1,A01
202000000913,2,50,,0,2,1,1,A01
202000000913,1,7,,0,0,0,0,B01
202000000914,2,32,,0,1,1,1,A01
202000000915,2,35,,0,2,7,15,B01
202000000915,1,7,,0,2,3,9,A01
202000000916,2,7,,0,2,4,2,Z01
202000000916,2,1,,0,2,4,2,A01
202000000917,2,30,,0,2,2,17,B01
202000000917,2,7,,0,2,3,15,A01
202000000918,1,1,,0,0,0,1,A01
202000000919,1,7,,0,1,1,1,A01
202000000920,1,1,,0,2,2,1,B01
202000000920,1,7,,0,2,3,22,A01
202000000921,1,10,,0,2,7,14,Z01
202000000921,1,50,,0,2,8,1,A01
202000000922,2,7,,0,2,2,16,A01
202000000922,2,32,,0,2,1,1,B01
202000000923,2,80,,0,0,0,21,A01
202000000924,1,37,1.0,0,2,3,1,C01
202000000924,2,37,1.0,0,2,8,23,B01
202000000924,1,7,,0,2,1,15,A01
202000000925,1,7,,0,2,1,2,B01
202000000925,1,10,,0,2,4,23,A01
202000000926,1,7,,0,2,2,1,A01
202000000926,1,1,,0,2,7,13,B01
202000000927,1,7,,0,2,8,15,A01
202000000927,1,33,,0,2,1,1,B01
202000000928,1,7,,0,1,2,16,A01
202000000929,3,42,,7,0,2,18,A01
202000000930,1,30,,0,0,1,1,A01
202000000931,1,2,,0,2,2,17,B01
202000000931,1,7,,0,0,3,0,A01
202000000932,2,10,,0,2,7,11,B01
202000000932,1,7,,0,2,1,19,A01
202000000933,3,50,,0,9,1,26,B01
202000000933,3,15,,0,9,6,26,A01
202000000934,1,7,,0,1,1,2,Z01
202000000935,1,2,,1,2,2,2,B01
202000000935,1,7,,1,2,3,9,A01
202000000936,3,33,,6,0,2,26,A01
202000000937,3,7,,0,2,3,1,B01
202000000937,3,7,,0,2,3,9,A01
202000000938,3,32,,0,2,1,1,B01
202000000938,0,7,,0,2,3,9,A01
202000000939,2,7,,0,1,1,1,A01
202000000940,1,7,,0,2,6,1,C01
202000000940,1,7,,0,2,8,1,B01
202000000940,2,10,,2,2,3,13,A01
202000000941,0,2,,1,0,3,21,A01
202000000941,3,7,,1,0,7,23,B01
202000000942,1,10,,0,2,2,1,A01
202000000942,1,7,,9,2,1,1,B01
202000000943,3,3,,0,1,0,19,A01
202000000944,1,37,4.0,0,0,0,1,A01
202000000945,1,7,,13,0,0,1,A01
202000000946,1,7,,0,1,8,1,A01
202000000947,2,7,,0,6,1,1,A01
202000000947,2,7,,1,0,1,1,B01
202000000947,2,7,,0,0,1,1,C01
202000000948,1,7,,0,2,6,2,A01
202000000948,1,7,,0,2,1,2,B01
202000000949,1,33,,0,2,1,0,A01
202000000949,2,7,,0,2,3,16,B01
202000000950,2,7,,0,2,3,13,A01
202000000950,1,7,,0,2,3,1,B01
202000000951,3,1,,0,2,4,2,B01
202000000951,3,1,,0,2,4,2,C01
202000000951,2,10,,0,9,1,2,A01
202000000952,2,2,,0,2,1,1,B01
202000000952,1,7,,0,2,3,17,A01
202000000953,3,7,,0,2,3,1,A01
202000000953,3,21,,0,2,6,1,B01
202000000954,3,7,,0,9,1,21,A01
202000000954,3,1,,0,2,0,0,B01
202000000955,3,7,,0,1,2,1,A01
202000000956,2,10,,0,1,8,1,A01
202000000957,1,7,,16,0,1,1,A01
202000000958,1,7,,2,0,2,1,A01
202000000959,1,7,,2,0,1,0,A01
202000000960,2,33,,0,0,0,1,A01
202000000961,2,7,,0,1,2,19,A01
202000000962,0,7,,0,2,5,17,B01
202000000962,0,7,,0,2,3,15,A01
202000000963,3,7,,0,2,3,1,B01
202000000963,3,7,,0,2,3,1,A01
202000000964,1,14,,0,0,5,15,B01
202000000964,1,33,,0,2,1,1,A01
202000000965,1,7,,13,0,3,0,A01
202000000966,1,15,,0,2,8,1,B01
202000000966,2,7,,0,2,1,1,A01
202000000967,2,32,,4,0,0,26,A01
202000000968,2,7,,0,2,1,1,A01
202000000968,2,7,,3,0,8,1,B01
202000000968,2,7,,0,0,3,23,C01
202000000969,2,7,,0,2,8,15,B01
202000000969,2,7,,0,2,1,17,A01
202000000970,3,10,,0,2,1,1,B01
202000000970,3,10,,0,2,1,5,A01
202000000971,3,33,,0,0,9,26,A01
202000000971,0,0,,0,0,0,26,B01
202000000972,1,7,,0,2,1,1,B01
202000000972,1,15,,0,2,1,1,E01
202000000972,1,15,,0,2,1,1,D01
202000000972,1,7,,0,2,1,1,C01
202000000972,1,15,,0,0,4,1,A01
202000000973,2,2,,9,0,1,1,A01
202000000974,1,7,,12,9,1,19,A01
202000000975,1,7,,0,2,1,1,C01
202000000975,2,7,,0,2,1,1,B01
202000000975,1,7,,0,2,1,17,A01
202000000976,2,2,,0,2,1,1,B01
202000000976,1,7,,8,2,2,17,A01
202000000977,0,7,,0,2,1,0,A01
202000000977,0,10,,0,0,4,1,B01
202000000978,2,33,,0,2,3,1,B01
202000000978,2,7,,0,2,2,12,A01
202000000979,1,7,,0,2,4,3,B01
202000000979,1,7,,0,2,2,1,A01
202000000980,2,7,,0,2,6,23,A01
202000000980,2,7,,0,2,2,1,B01
202000000981,1,7,,0,2,4,2,C01
202000000981,1,33,,0,2,0,3,B01
202000000981,1,7,,0,2,1,2,A01
202000000982,1,7,,0,2,4,2,A01
202000000982,1,7,,0,2,1,2,B01
202000000983,1,7,,3,0,1,2,A01
202000000984,1,31,,0,2,3,3,A01
202000000984,1,7,,0,9,0,0,B01
202000000985,2,15,,0,2,6,1,C01
202000000985,2,33,,0,2,1,3,B01
202000000985,2,7,,0,2,1,1,A01
202000000986,2,7,,0,2,4,2,B01
202000000986,2,7,,0,2,1,2,A01
202000000987,1,10,,0,2,6,0,B01
202000000987,1,7,,0,2,1,0,A01
202000000988,1,14,,0,2,3,1,B01
202000000988,1,7,,3,2,5,9,A01
202000000989,1,43,,0,2,7,3,A01
202000000990,0,7,,0,1,1,1,Z01
202000000991,1,7,,0,1,1,1,A01
202000000992,1,7,,0,2,5,1,B01
202000000992,1,31,,0,2,1,13,A01
202000000993,2,7,,0,2,0,15,Z01
202000000993,1,30,,0,2,1,1,A01
202000000994,1,30,,0,2,7,1,B01
202000000994,1,7,,0,2,3,9,A01
202000000995,2,30,,0,1,1,7,A01
202000000996,2,7,,0,2,1,2,A01
202000000996,2,34,,0,2,4,23,B01
202000000997,1,30,,0,2,7,17,A01
202000000997,1,7,,0,2,8,15,B01
202000000998,1,7,,0,2,2,1,A01
202000000998,1,1,,0,2,3,1,B01
202000000999,1,31,,0,2,7,17,B01
202000000999,1,10,,0,2,3,15,A01
202000001000,1,10,,0,2,1,16,B01
202000001000,2,50,,0,2,1,1,A01
202000001001,2,30,,0,2,1,1,B01
202000001001,2,7,,0,2,3,22,A01
202000001002,1,7,,0,2,1,2,A01
202000001002,1,7,,0,2,4,23,B01
202000001002,1,7,,0,2,4,23,C01
202000001003,2,37,1.0,0,2,5,1,B01
202000001003,2,14,,0,2,3,11,A01
202000001004,1,7,,0,2,2,22,A01
202000001004,1,1,,0,2,1,1,B01
202000001005,1,7,,0,2,6,10,A01
202000001005,1,32,,0,2,1,17,B01
202000001006,2,10,,0,2,1,1,A01
202000001006,2,7,,0,2,4,23,B01
202000001007,1,7,,0,2,3,9,A01
202000001007,1,2,,0,2,1,1,B01
202000001008,0,1,,0,2,3,0,A01
202000001008,1,7,,0,2,3,1,B01
202000001009,3,7,,0,2,3,13,B01
202000001009,1,30,,0,2,1,16,A01
202000001010,3,7,,0,1,7,24,A01
202000001011,3,7,,0,2,1,1,B01
202000001011,3,10,,0,2,8,19,A01
202000001012,1,7,,1,0,2,1,A01
202000001013,3,37,1.0,0,1,2,1,A01
202000001014,2,10,,0,1,1,0,A01
202000001015,2,7,,4,0,1,1,A01
202000001016,3,2,,1,0,2,1,A01
202000001016,0,7,,1,0,0,0,B01
202000001017,0,7,,0,1,3,1,A01
202000001018,1,2,,0,0,8,1,A01
202000001019,2,7,,0,0,4,1,B01
202000001019,2,7,,0,2,1,1,A01
202000001020,2,2,,0,2,1,1,B01
202000001020,1,7,,0,2,3,13,A01
202000001021,2,33,,0,0,8,1,A01
202000001022,2,10,,0,2,1,15,A01
202000001022,1,2,,0,2,1,1,B01
202000001023,0,7,,13,0,1,1,A01
202000001024,1,7,,0,2,2,1,A01
202000001024,1,1,,0,2,4,1,B01
202000001025,2,7,,16,0,3,1,A01
202000001026,2,7,,0,2,1,1,B01
202000001026,1,7,,0,2,1,1,A01
202000001027,2,7,,0,2,2,1,A01
202000001027,1,7,,0,2,2,1,B01
202000001028,1,7,,0,0,0,1,A01
202000001028,2,2,,0,0,0,1,B01
202000001029,2,7,,13,0,0,0,A01
202000001030,1,7,,0,2,2,2,A01
202000001030,1,1,,0,0,6,2,B01
202000001031,1,33,,16,0,1,13,A01
202000001032,0,7,,0,1,3,15,A01
202000001033,1,10,,0,2,2,2,A01
202000001033,1,3,,0,0,6,2,B01
202000001034,1,17,,0,0,7,1,A01
202000001035,2,7,,0,1,1,1,A01
202000001036,1,7,,6,0,3,5,A01
202000001037,1,7,,0,1,1,1,A01
202000001038,1,7,,0,2,3,15,A01
202000001038,2,50,,0,2,1,1,B01
202000001039,1,33,,0,2,7,10,A01
202000001039,1,7,,0,2,1,1,B01
202000001040,0,7,,1,0,3,13,A01
202000001041,2,7,,2,0,1,1,A01
202000001042,3,10,,0,2,1,4,B01
202000001042,3,10,,0,2,4,1,A01
202000001043,2,16,,0,2,2,12,A01
202000001043,2,7,,12,0,9,1,B01
202000001044,2,38,31.0,2,0,2,17,A01
202000001045,2,7,,0,2,1,19,A01
202000001045,1,33,,0,2,1,17,B01
202000001046,2,7,,0,0,6,24,A01
202000001046,1,2,,1,0,1,5,B01
202000001047,2,10,,0,2,1,15,B01
202000001047,1,7,,0,2,2,1,A01
202000001048,1,7,,0,2,3,13,A01
202000001048,2,7,,0,2,3,0,B01
202000001049,2,7,,0,2,6,17,A01
202000001049,2,33,,0,2,1,17,B01
202000001050,3,7,,0,2,3,10,A01
202000001050,3,7,,0,0,2,1,B01
202000001051,-1,7,,0,2,1,1,B01
202000001051,-1,3,,0,2,0,0,A01
202000001052,2,33,,13,0,1,14,A01
202000001053,2,7,,0,1,7,1,A01
202000001054,1,7,,0,2,3,1,A01
202000001054,1,7,,0,0,5,1,B01
202000001054,2,7,,0,2,1,1,C01
202000001055,1,36,,6,0,3,1,A01
202000001056,2,7,,0,2,3,15,A01
202000001056,1,32,,0,2,1,3,B01
202000001057,2,33,,0,2,1,1,B01
202000001057,1,7,,0,2,2,19,A01
202000001058,1,10,,0,0,2,21,A01
202000001059,2,7,,0,2,3,1,B01
202000001059,1,7,,0,2,3,17,A01
202000001060,2,7,,13,0,2,14,A01
202000001061,2,7,,0,2,2,1,A01
202000001062,2,7,,0,2,2,14,A01
202000001062,2,14,,0,2,6,1,B01
202000001063,1,7,,13,0,1,1,A01
202000001064,2,7,,0,2,3,1,B01
202000001064,2,14,,0,2,5,12,A01
202000001065,2,7,,4,0,1,1,A01
202000001066,1,7,,0,2,5,1,C01
202000001066,1,7,,0,2,8,13,B01
202000001066,1,33,,0,2,2,3,A01
202000001067,2,7,,0,2,1,1,A01
202000001067,2,7,,0,0,4,1,B01
202000001068,2,7,,0,2,4,23,C01
202000001068,2,7,,0,2,2,1,A01
202000001068,2,7,,0,2,6,23,B01
202000001069,1,7,,0,2,4,0,C01
202000001069,1,7,,0,2,9,0,B01
202000001069,1,7,,0,2,1,0,A01
202000001070,1,7,,0,0,4,0,A01
202000001071,1,33,,2,0,9,0,A01
202000001072,2,7,,0,2,3,9,A01
202000001072,2,1,,0,2,7,1,B01
202000001073,1,7,,0,1,1,1,A01
202000001074,3,7,,0,2,3,19,A01
202000001074,3,2,,0,2,1,1,B01
202000001075,1,7,,0,0,0,0,A01
202000001075,1,7,,0,2,7,16,B01
202000001076,2,7,,0,2,5,2,C01
202000001076,2,7,,0,2,3,1,B01
202000001076,2,7,,0,2,1,2,A01
202000001077,0,1,,0,0,0,26,A01
202000001078,2,1,,0,2,0,0,B01
202000001078,1,1,,0,9,1,15,A01
202000001079,1,7,,12,0,3,1,A01
202000001080,0,7,,0,2,1,2,A01
202000001080,0,7,,0,2,4,2,B01
202000001081,1,1,,0,2,1,23,A01
202000001081,1,7,,0,2,4,23,B01
202000001082,1,7,,0,1,2,15,A01
202000001083,1,33,,0,2,4,23,B01
202000001083,1,7,,0,2,1,26,A01
202000001084,0,14,,0,2,4,1,A01
202000001084,0,33,,0,2,1,1,B01
202000001085,2,31,,0,2,1,3,A01
202000001085,2,7,,0,2,4,1,C01
202000001085,2,7,,0,2,6,1,B01
202000001086,1,7,,0,2,3,15,B01
202000001086,1,2,,0,2,1,17,A01
202000001087,2,33,,4,0,7,14,A01
202000001088,2,7,,13,0,1,1,A01
202000001089,1,7,,0,2,1,2,A01
202000001089,1,7,,0,2,4,2,B01
202000001090,1,7,,0,2,1,1,C01
202000001090,1,7,,0,2,8,1,B01
202000001090,1,7,,0,2,1,16,A01
202000001091,1,7,,0,2,2,1,A01
202000001091,1,7,,0,0,2,1,C01
202000001091,1,7,,0,2,6,1,B01
202000001092,3,7,,0,2,1,1,B01
202000001092,3,7,,0,2,4,23,A01
202000001093,2,7,,0,2,1,13,A01
202000001093,1,10,,0,2,1,21,B01
202000001094,1,7,,2,0,1,0,A01
202000001095,2,33,,0,2,1,2,A01
202000001095,2,33,,0,2,4,1,B01
202000001096,2,7,,0,1,2,1,A01
202000001097,1,10,,0,2,4,20,A01
202000001097,1,1,,0,2,1,1,B01
202000001098,2,33,,0,2,1,17,A01
202000001098,1,7,,0,2,3,15,B01
202000001099,1,34,,0,2,1,13,A01
202000001099,2,7,,0,2,1,1,B01
202000001100,1,3,,0,2,2,17,A01
202000001100,1,31,,0,2,4,1,B01
202000001101,2,30,,0,0,7,26,A01
202000001102,3,7,,0,1,4,24,A01
202000001103,0,7,,0,2,1,1,B01
202000001103,3,7,,0,2,8,19,A01
202000001104,2,34,,0,2,3,1,B01
202000001104,1,7,,0,2,3,15,A01
202000001105,1,7,,0,2,8,11,B01
202000001105,1,7,,0,2,8,1,C01
202000001105,1,33,,0,2,7,3,A01
202000001106,1,7,,0,2,5,1,B01
202000001106,1,7,,0,2,8,1,C01
202000001106,1,33,,0,2,3,3,A01
202000001107,1,33,,0,2,1,3,B01
202000001107,1,7,,0,2,6,11,A01
202000001108,1,37,1.0,0,1,2,1,A01
202000001109,1,32,,0,2,8,17,A01
202000001109,1,1,,0,2,8,13,B01
202000001110,1,7,,0,2,2,16,B01
202000001110,1,7,,0,2,5,1,A01
202000001111,1,7,,0,1,6,4,A01
202000001112,1,1,,0,2,1,1,B01
202000001112,1,7,,0,2,2,17,A01
202000001113,1,7,,0,2,2,17,B01
202000001113,1,30,,0,2,3,13,A01
202000001114,2,30,,0,2,1,5,A01
202000001114,1,7,,0,2,3,1,B01
202000001114,2,7,,0,2,6,23,C01
202000001115,1,10,,0,1,6,1,A01
202000001116,1,33,,0,2,7,1,B01
202000001116,1,14,,0,2,8,15,A01
202000001117,2,30,,0,2,7,1,A01
202000001117,0,7,,0,2,0,9,Z01
202000001118,1,7,,0,2,4,2,B01
202000001118,1,7,,0,2,1,2,A01
202000001119,2,10,,0,1,2,1,A01
202000001120,1,7,,0,1,5,1,A01
202000001121,2,32,,12,0,3,13,A01
202000001122,1,10,,0,2,2,2,A01
202000001122,1,30,,0,2,5,2,B01
202000001123,2,7,,0,1,7,1,A01
202000001124,1,1,,0,2,1,16,B01
202000001124,1,10,,0,2,8,22,A01
202000001125,2,14,,0,0,0,4,B01
202000001125,1,33,,0,0,0,23,A01
202000001126,2,7,,0,2,4,4,Z01
202000001126,1,32,,0,2,1,2,A01
202000001127,1,7,,0,2,4,23,B01
202000001127,1,7,,0,2,1,1,A01
202000001128,1,32,,0,2,2,17,A01
202000001128,1,10,,0,2,3,10,B01
202000001129,2,7,,0,1,1,15,A01
202000001130,2,30,,0,0,0,21,A01
202000001131,1,32,,0,1,1,1,A01
202000001132,1,99,,0,1,2,1,A01
202000001133,1,10,,0,1,1,1,A01
202000001134,1,3,,0,1,0,1,A01
202000001135,1,1,,0,2,8,19,Y01
202000001135,1,7,,0,2,1,1,B01
202000001135,1,7,,0,2,3,1,A01
202000001136,2,10,,1,0,4,25,E01
202000001136,2,43,,1,0,4,23,D01
202000001136,2,10,,1,0,4,23,C01
202000001136,2,10,,1,0,4,23,B01
202000001136,2,10,,1,0,1,1,A01
202000001137,1,7,,0,9,2,1,A01
202000001137,3,50,,0,2,1,19,B01
202000001138,3,7,,0,2,4,26,A01
202000001138,3,7,,0,2,1,1,B01
202000001139,1,2,,0,2,0,13,B01
202000001139,2,7,,0,2,0,0,A01
202000001140,0,7,,0,2,2,14,A01
202000001140,0,33,,0,2,7,1,B01
202000001141,1,7,,1,0,7,1,A01
202000001142,-1,3,,0,1,-1,-1,A01
202000001143,-1,7,,0,2,3,1,Z01
202000001143,-1,50,,0,2,3,1,A01
202000001144,1,30,,0,1,1,1,A01
202000001145,1,10,,0,2,3,15,A01
202000001145,1,33,,0,2,7,17,B01
202000001145,1,10,,0,2,1,1,C01
202000001146,1,10,,0,1,3,9,A01
202000001147,-1,7,,0,1,2,1,A01
202000001148,1,7,,1,0,2,0,A01
202000001149,1,7,,0,1,1,1,A01
202000001150,3,7,,1,0,1,26,A01
202000001151,1,7,,0,2,3,16,A01
202000001151,2,50,,0,2,7,1,B01
202000001152,1,33,,0,9,7,2,A01
202000001153,1,7,,0,0,0,0,B01
202000001153,1,34,,0,2,0,1,A01
202000001154,1,7,,0,2,3,15,A01
202000001154,1,30,,0,2,4,15,B01
202000001155,2,7,,0,1,1,1,A01
202000001156,1,14,,0,2,5,23,B01