Num_Acc,senc,catv,occutc,obs,obsm,choc,manv,num_veh
202000001156,1,7,,0,2,2,1,A01
202000001157,1,7,,0,2,4,0,B01
202000001157,1,7,,0,2,1,1,A01
202000001158,2,7,,8,0,1,1,A01
202000001159,1,7,,7,0,0,2,A01
202000001160,2,7,,0,2,4,5,A01
202000001160,1,10,,0,0,1,1,B01
202000001161,1,7,,0,2,3,1,B01
202000001161,2,1,,0,2,1,1,A01
202000001162,2,7,,6,1,2,1,A01
202000001163,2,7,,2,0,1,0,A01
202000001164,2,15,,0,2,8,11,A01
202000001164,2,7,,0,2,3,0,B01
202000001164,1,7,,0,2,1,0,C01
202000001165,1,7,,0,0,4,26,B01
202000001165,1,7,,0,2,1,1,A01
202000001166,2,7,,2,0,8,1,A01
202000001167,2,7,,0,2,1,13,A01
202000001167,1,7,,0,2,1,1,B01
202000001168,2,7,,0,2,1,1,C01
202000001168,1,7,,0,2,3,13,A01
202000001168,2,7,,0,2,3,1,B01
202000001169,2,7,,17,0,3,13,A01
202000001170,1,7,,0,2,7,15,A01
202000001170,2,2,,0,2,1,1,B01
202000001171,0,7,,6,0,2,1,A01
202000001172,0,7,,1,0,1,2,B01
202000001172,0,7,,0,0,4,23,A01
202000001173,2,17,,0,2,2,1,B01
202000001173,1,7,,3,2,5,13,A01
202000001174,0,33,,8,2,1,17,B01
202000001174,0,7,,0,2,3,15,A01
202000001175,1,7,,3,2,8,1,B01
202000001175,2,7,,0,2,2,13,A01
202000001175,1,7,,0,2,1,1,C01
202000001176,2,33,,8,0,1,1,A01
202000001177,2,7,,0,2,3,19,A01
202000001177,1,33,,0,2,1,1,B01
202000001178,1,7,,0,0,1,1,A01
202000001179,1,7,,13,0,1,1,A01
202000001180,1,7,,0,2,3,19,A01
202000001180,1,7,,0,2,2,1,B01
202000001181,1,2,,10,0,9,1,A01
202000001182,1,33,,0,2,1,1,B01
202000001182,2,7,,0,2,3,15,A01
202000001183,0,31,,0,1,0,1,A01
202000001184,0,10,,0,0,0,0,A01
202000001185,2,7,,0,2,3,1,B01
202000001185,1,10,,0,2,2,1,A01
202000001186,0,10,,8,0,8,13,A01
202000001187,1,33,,6,0,7,1,A01
202000001188,2,7,,0,2,2,15,A01
202000001188,1,33,,0,2,1,1,B01
202000001189,2,7,,0,2,8,1,B01
202000001189,1,7,,0,2,1,13,A01
202000001189,2,7,,0,2,1,1,C01
202000001190,2,7,,0,2,1,1,B01
202000001190,1,7,,0,2,7,9,A01
202000001191,1,7,,0,2,2,13,A01
202000001191,2,10,,0,2,1,1,B01
202000001192,1,15,,0,2,5,2,A01
202000001192,1,1,,0,0,3,1,B01
202000001193,1,14,,0,2,6,1,B01
202000001193,1,7,,0,2,1,17,A01
202000001194,1,7,,0,2,3,13,A01
202000001194,2,7,,0,2,3,1,B01
202000001195,1,15,,3,0,3,13,A01
202000001196,2,7,,7,0,4,26,C01
202000001196,1,7,,0,2,4,2,B01
202000001196,1,7,,3,2,1,2,A01
202000001197,2,7,,0,2,1,2,A01
202000001197,2,7,,0,0,8,1,B01
202000001198,2,7,,4,0,4,2,B01
202000001198,2,10,,0,2,1,2,A01
202000001199,2,7,,0,2,1,13,A01
202000001199,1,10,,0,2,1,1,B01
202000001200,3,7,,13,0,9,13,A01
202000001201,2,33,,0,0,0,0,A01
202000001202,2,7,,0,2,1,6,A01
202000001202,1,37,1.0,0,2,3,1,B01
202000001203,0,2,,7,2,1,21,B01
202000001203,0,7,,0,2,2,15,A01
202000001204,2,33,,0,2,3,1,B01
202000001204,1,7,,0,2,3,13,A01
202000001205,1,2,,0,1,1,1,A01
202000001206,1,7,,8,0,6,1,A01
202000001207,2,33,,17,0,9,17,A01
202000001208,1,7,,13,0,3,1,A01
202000001209,1,7,,0,0,3,1,C01
202000001209,2,7,,0,0,6,1,B01
202000001209,2,33,,0,2,1,2,A01
202000001210,3,7,,0,2,3,1,B01
202000001210,3,7,,0,2,3,13,A01
202000001211,3,7,,0,2,3,1,B01
202000001211,3,7,,0,2,3,15,A01
202000001212,0,7,,0,2,1,2,B01
202000001212,3,1,,0,0,4,18,A01
202000001213,1,33,,0,2,1,17,B01
202000001213,1,7,,0,2,3,10,A01
202000001214,2,7,,13,0,9,1,A01
202000001215,2,7,,13,0,1,1,A01
202000001216,2,7,,0,2,8,16,A01
202000001216,2,1,,0,2,2,1,B01
202000001217,0,31,,0,2,1,2,B01
202000001217,3,7,,0,0,6,23,A01
202000001218,1,7,,0,2,1,1,B01
202000001218,1,7,,0,2,4,15,A01
202000001219,1,31,,0,9,7,2,A01
202000001220,2,7,,0,2,2,12,A01
202000001220,2,7,,0,2,3,1,B01
202000001221,2,7,,9,0,3,14,A01
202000001222,1,10,,0,2,4,2,B01
202000001222,1,7,,0,2,1,2,A01
202000001223,1,7,,0,2,6,2,B01
202000001223,1,7,,0,2,1,1,A01
202000001224,1,17,,0,2,4,2,D01
202000001224,1,7,,0,2,4,2,C01
202000001224,1,7,,0,2,4,2,B01
202000001224,1,7,,0,2,1,2,A01
202000001225,1,7,,0,2,4,2,B01
202000001225,1,7,,0,2,1,2,A01
202000001226,2,33,,0,0,7,1,A01
202000001227,3,7,,6,0,3,0,A01
202000001228,1,17,,0,0,4,23,A01
202000001228,1,14,,0,2,1,21,B01
202000001228,1,33,,0,2,1,1,C01
202000001229,1,7,,0,0,0,0,B01
202000001229,1,33,,0,0,0,26,A01
202000001230,2,32,,0,2,1,13,A01
202000001230,2,7,,0,2,4,0,B01
202000001231,2,7,,0,0,6,0,B01
202000001231,2,7,,4,2,1,11,A01
202000001232,2,7,,0,2,3,11,B01
202000001232,2,33,,0,2,1,3,A01
202000001233,1,7,,0,2,4,12,A01
202000001233,1,15,,0,2,1,2,B01
202000001234,1,10,,0,2,6,23,A01
202000001234,1,7,,1,0,2,2,B01
202000001235,2,10,,0,2,4,2,D01
202000001235,2,10,,0,2,4,2,C01
202000001235,2,7,,0,2,8,2,B01
202000001235,2,7,,0,2,2,12,A01
202000001236,2,7,,0,2,1,1,A01
202000001236,2,7,,0,2,4,2,B01
202000001237,2,43,,0,2,8,1,A01
202000001237,2,7,,0,2,1,2,C01
202000001237,2,7,,0,2,1,1,B01
202000001238,1,34,,3,0,7,0,A01
202000001239,2,7,,4,0,0,13,A01
202000001240,2,10,,4,0,1,1,A01
202000001241,2,33,,0,2,1,1,B01
202000001241,2,7,,0,2,3,11,A01
202000001242,1,7,,0,2,5,26,A01
202000001242,1,33,,0,2,8,1,B01
202000001243,2,31,,0,0,9,1,A01
202000001244,2,0,,0,2,4,2,Z01
202000001244,2,7,,0,2,1,2,A01
202000001245,2,15,,0,2,6,21,B01
202000001245,2,33,,0,2,1,1,A01
202000001246,1,7,,0,1,1,1,A01
202000001247,2,7,,0,1,2,2,A01
202000001248,1,7,,0,1,2,1,A01
202000001249,1,7,,0,2,4,2,B01
202000001249,1,14,,0,2,1,2,A01
202000001250,3,33,,0,2,7,12,A01
202000001250,3,7,,0,2,6,1,B01
202000001251,2,7,,0,2,8,1,A01
202000001251,1,7,,0,2,2,1,B01
202000001252,1,37,1.0,0,1,5,26,A01
202000001253,1,10,,0,2,0,19,A01
202000001253,1,31,,0,2,0,0,B01
202000001254,0,7,,0,2,1,1,A01
202000001254,0,7,,0,2,8,1,B01
202000001255,3,7,,0,2,1,26,B01
202000001255,3,7,,0,2,1,13,A01
202000001256,1,7,,0,2,3,26,A01
202000001256,1,7,,0,2,5,1,B01
202000001257,0,7,,0,2,7,1,B01
202000001257,3,3,,0,2,3,13,A01
202000001257,3,7,,0,2,1,0,C01
202000001258,1,37,1.0,0,2,3,1,B01
202000001258,1,7,,0,2,7,16,A01
202000001259,0,50,,0,2,0,1,B01
202000001259,0,7,,0,2,2,15,A01
202000001260,0,33,,0,2,7,17,A01
202000001260,0,7,,0,2,1,15,B01
202000001261,1,7,,0,1,2,1,A01
202000001262,1,7,,0,2,1,2,A01
202000001262,1,33,,0,2,4,2,B01
202000001263,2,30,,6,0,1,0,A01
202000001264,1,33,,10,0,7,16,A01
202000001265,2,33,,3,0,2,1,A01
202000001266,2,7,,0,2,8,1,B01
202000001266,2,32,,0,2,7,17,A01
202000001267,0,34,,6,0,1,15,A01
202000001268,1,7,,2,0,3,1,A01
202000001269,2,33,,0,2,1,13,B01
202000001269,1,7,,0,2,8,1,A01
202000001270,1,7,,0,2,3,1,B01
202000001270,1,32,,11,2,1,17,A01
202000001271,2,13,,0,0,2,26,A01
202000001272,1,33,,0,2,1,3,A01
202000001272,1,7,,0,2,3,15,B01
202000001273,1,7,,0,2,7,14,B01
202000001273,1,33,,0,2,8,18,A01
202000001274,2,7,,2,0,8,13,A01
202000001275,3,2,,0,2,1,17,B01
202000001275,3,31,,0,0,8,15,A01
202000001276,2,7,,0,2,3,1,B01
202000001276,1,7,,0,2,3,13,A01
202000001277,2,2,,12,0,2,1,A01
202000001278,0,32,,0,0,1,1,B01
202000001278,0,7,,0,0,8,15,A01
202000001279,2,7,,0,2,8,1,B01
202000001279,2,33,,12,2,7,17,A01
202000001280,2,1,,0,0,0,1,A01
202000001281,2,7,,0,2,3,1,B01
202000001281,1,3,,0,2,1,1,A01
202000001282,0,7,,13,0,9,1,A01
202000001283,2,31,,0,0,0,1,A01
202000001284,2,1,,0,0,0,1,A01
202000001285,3,7,,0,2,3,13,B01
202000001285,3,1,,0,0,6,1,A01
202000001286,1,7,,0,2,1,1,B01
202000001286,2,33,,0,2,1,17,A01
202000001287,2,7,,0,2,3,1,B01
202000001287,1,7,,0,2,3,1,A01
202000001288,2,7,,13,0,1,2,A01
202000001289,2,33,,0,2,3,1,B01
202000001289,1,7,,0,2,2,13,A01
202000001290,2,33,,0,2,1,2,A01
202000001290,2,7,,0,0,4,2,B01
202000001291,0,7,,0,2,3,26,A01
202000001291,1,7,,0,2,1,19,B01
202000001292,2,33,,0,0,7,1,A01
202000001293,1,7,,0,2,1,1,A01
202000001293,1,33,,0,2,8,1,B01
202000001294,2,7,,6,0,1,1,A01
202000001295,2,33,,2,0,1,0,A01
202000001296,0,2,,0,2,1,21,B01
202000001296,0,7,,0,2,3,1,A01
202000001297,2,7,,0,2,1,2,A01
202000001297,2,7,,0,0,4,1,B01
202000001298,2,7,,0,2,1,1,B01
202000001298,1,10,,0,2,1,15,A01
202000001299,2,33,,8,0,0,16,A01
202000001300,1,1,,0,0,0,1,A01
202000001301,3,7,,6,0,3,0,A01
202000001302,2,7,,0,2,4,23,A01
202000001302,2,7,,0,2,1,2,B01
202000001303,2,15,,0,2,1,13,A01
202000001303,2,10,,0,2,4,1,D01
202000001303,2,15,,0,2,4,1,C01
202000001303,2,7,,0,2,4,1,B01
202000001303,2,15,,0,2,4,1,E01
202000001304,2,7,,0,2,1,1,B01
202000001304,2,7,,0,2,4,11,A01
202000001305,1,33,,0,0,1,9,A01
202000001306,2,7,,4,9,9,2,A01
202000001307,1,7,,0,2,1,16,A01
202000001307,2,7,,1,2,3,1,B01
202000001308,2,2,,0,2,1,17,B01
202000001308,2,7,,0,2,1,15,A01
202000001309,1,7,,14,0,1,26,A01
202000001310,1,7,,0,2,1,13,A01
202000001310,2,7,,0,2,1,1,B01
202000001311,1,2,,12,0,3,2,A01
202000001312,1,30,,0,2,1,9,A01
202000001312,1,7,,0,2,7,1,B01
202000001313,2,7,,0,2,1,1,A01
202000001313,2,1,,0,2,4,1,B01
202000001314,1,1,,0,2,0,21,A01
202000001315,2,7,,0,0,0,16,A01
202000001315,2,7,,0,0,0,1,B01
202000001316,1,7,,0,2,4,2,B01
202000001316,1,7,,0,2,1,2,C01
202000001316,1,7,,16,0,4,2,A01
202000001317,2,10,,0,2,3,13,A01
202000001317,1,7,,0,2,3,1,B01
202000001318,0,60,,0,0,0,0,B01
202000001318,2,7,,0,9,1,15,A01
202000001319,2,7,,0,2,1,2,A01
202000001319,2,7,,0,2,4,23,B01
202000001319,2,7,,0,0,4,23,C01
202000001320,3,7,,0,1,5,19,A01
202000001321,3,7,,0,2,7,15,A01
202000001321,2,33,,0,2,1,1,B01
202000001322,3,7,,0,1,2,9,A01
202000001323,1,33,,0,2,2,1,B01
202000001323,1,7,,0,2,1,19,A01
202000001324,1,7,,0,2,1,1,B01
202000001324,2,7,,0,2,2,15,A01
202000001325,1,14,,0,2,3,9,B01
202000001325,1,7,,0,2,2,1,A01
202000001326,3,7,,0,1,3,19,A01
202000001327,2,30,,0,2,7,1,A01
202000001327,2,7,,0,2,1,1,B01
202000001328,3,7,,0,2,1,15,A01
202000001328,3,7,,0,2,1,1,B01
202000001329,1,1,,0,2,1,9,A01
202000001329,1,10,,0,2,3,1,B01
202000001329,1,7,,0,2,2,1,C01
202000001330,1,7,,0,2,3,20,A01
202000001330,1,33,,0,2,2,1,B01
202000001331,3,10,,0,1,2,16,A01
202000001332,3,7,,0,2,1,1,B01
202000001332,3,7,,0,2,8,19,A01
202000001333,2,7,,0,2,2,1,B01
202000001333,1,7,,0,2,1,15,A01
202000001334,0,31,,0,1,0,1,A01
202000001335,0,1,,0,2,8,19,A01
202000001335,0,7,,0,2,1,1,B01
202000001336,0,7,,0,1,1,1,A01
202000001337,2,33,,8,0,1,14,A01
202000001338,3,7,,0,2,1,17,A01
202000001338,3,7,,0,2,3,15,B01
202000001339,0,10,,0,1,2,1,A01
202000001340,0,33,,0,1,1,1,A01
202000001341,2,7,,0,2,1,19,A01
202000001341,1,1,,0,2,7,1,B01
202000001342,2,7,,0,2,8,13,A01
202000001342,1,33,,0,2,1,1,B01
202000001343,1,7,,0,2,1,15,A01
202000001343,2,7,,0,2,1,1,B01
202000001344,1,10,,0,1,2,1,A01
202000001345,3,7,,0,2,1,1,B01
202000001345,3,7,,0,2,1,13,A01
202000001346,1,36,,12,0,2,26,A01
202000001347,1,31,,0,2,1,1,A01
202000001347,3,7,,0,2,8,15,B01
202000001348,1,1,,0,2,4,15,A01
202000001348,1,7,,0,2,1,2,B01
202000001349,1,7,,0,2,3,15,A01
202000001349,2,30,,0,2,3,1,B01
202000001350,1,50,,0,2,7,19,B01
202000001350,1,7,,0,2,1,1,Z01
202000001351,3,7,,0,2,3,1,A01
202000001351,3,33,,0,2,2,16,B01
202000001352,1,30,,0,0,1,21,A01
202000001353,1,7,,0,2,1,1,A01
202000001353,2,7,,0,2,8,1,C01
202000001353,2,7,,0,2,1,1,B01
202000001354,1,1,,0,2,0,6,B01
202000001354,1,7,,0,2,1,6,A01
202000001355,2,0,,0,2,1,1,B01
202000001355,1,80,,0,2,8,9,A01
202000001356,3,1,,0,2,8,19,B01
202000001356,3,20,,0,2,7,16,A01
202000001357,2,33,,0,2,1,1,A01
202000001357,3,7,,0,2,7,12,B01
202000001358,1,1,,0,2,0,19,A01
202000001358,1,1,,0,2,0,16,B01
202000001359,2,2,,0,2,3,0,B01
202000001359,1,7,,0,2,3,1,A01
202000001360,3,7,,0,2,1,11,A01
202000001360,3,7,,0,2,3,26,B01
202000001361,1,7,,0,2,3,20,A01
202000001361,1,2,,0,2,2,2,B01
202000001362,2,1,,0,2,8,2,B01
202000001362,2,10,,0,9,1,2,A01
202000001363,1,30,,0,2,3,1,B01
202000001363,1,7,,0,2,2,16,A01
202000001364,1,30,,0,2,8,9,A01
202000001364,1,7,,0,2,2,1,B01
202000001365,1,7,,0,2,0,3,B01
202000001365,2,7,,0,2,3,26,A01
202000001366,1,10,,0,1,3,1,A01
202000001367,3,7,,0,2,3,1,B01
202000001367,3,7,,0,2,3,26,A01
202000001368,3,2,,0,2,4,16,B01
202000001368,3,7,,0,2,3,16,A01
202000001369,3,17,,0,2,4,1,B01
202000001369,3,7,,0,2,1,1,A01
202000001370,3,7,,0,2,4,1,B01
202000001370,3,7,,0,2,1,1,A01
202000001371,1,40,,0,2,2,1,B01
202000001371,1,10,,0,-1,8,15,A01
202000001372,3,7,,0,1,3,26,A01
202000001373,3,1,,0,2,8,19,A01
202000001373,1,7,,0,2,1,1,B01
202000001374,3,30,,14,0,1,1,A01
202000001375,2,7,,0,2,3,1,B01
202000001375,2,33,,0,2,3,13,A01
202000001376,2,7,,0,1,1,1,Z01
202000001377,2,1,,0,2,8,19,A01
202000001377,2,7,,0,2,1,1,Z01
202000001378,2,1,,0,2,8,1,B01
202000001378,1,7,,0,2,7,15,A01
202000001379,2,7,,0,2,3,15,A01
202000001379,1,31,,8,2,1,17,B01
202000001380,2,1,,0,2,4,15,A01
202000001380,1,31,,0,2,1,26,Z01
202000001381,2,7,,0,2,2,0,C01
202000001381,2,7,,0,2,5,0,B01
202000001381,2,17,,0,2,2,9,A01
202000001382,3,30,,0,1,1,1,A01
202000001383,3,20,,0,1,1,1,A01
202000001384,2,10,,13,0,3,1,A01
202000001385,0,7,,0,2,3,20,A01
202000001385,1,7,,0,0,2,1,B01
202000001386,1,32,,0,2,1,1,A01
202000001386,1,7,,0,2,4,1,B01
202000001387,0,32,,0,2,1,1,B01
202000001387,0,7,,0,2,8,20,A01
202000001388,3,30,,0,0,0,2,A01
202000001389,3,7,,0,2,1,19,A01
202000001389,3,7,,0,2,8,1,B01
202000001390,1,7,,0,0,0,0,A01
202000001390,2,33,,0,2,8,1,B01
202000001391,3,7,,0,2,1,1,C01
202000001391,1,7,,0,2,5,15,A01
202000001391,2,7,,0,2,1,1,B01
202000001392,3,7,,0,1,3,26,A01
202000001393,1,7,,0,2,3,1,B01
202000001393,2,2,,0,2,1,13,A01
202000001394,1,7,,0,1,3,15,A01
202000001395,1,10,,0,1,5,20,A01
202000001396,1,10,,0,1,2,9,A01
202000001397,1,7,,0,2,2,16,A01
202000001397,0,30,,0,2,0,0,B01
202000001398,2,7,,0,2,2,1,A01
202000001398,1,7,,0,2,1,1,B01
202000001399,1,7,,0,2,5,1,B01
202000001399,1,32,,0,2,3,3,A01
202000001400,2,7,,0,2,5,23,C01
202000001400,2,7,,0,2,5,23,B01
202000001400,2,43,,0,2,6,21,A01
202000001401,1,33,,4,0,3,13,A01
202000001402,2,7,,0,1,5,1,A01
202000001403,1,7,,0,1,7,16,A01
202000001404,2,7,,0,2,3,15,B01
202000001404,2,33,,0,2,2,17,A01
202000001405,2,7,,0,2,4,1,A01
202000001405,2,33,,0,2,1,1,B01
202000001406,2,1,,0,2,4,23,Z01
202000001406,1,37,4.0,0,2,1,1,A01
202000001407,1,1,,0,2,7,1,A01
202000001407,3,60,,0,2,1,19,B01
202000001408,1,1,,0,1,7,1,A01
202000001409,2,50,,0,1,1,1,A01
202000001410,2,1,,0,2,1,1,B01
202000001410,1,7,,0,2,2,15,A01
202000001411,3,34,,0,2,6,1,A01
202000001411,3,10,,0,2,6,1,B01
202000001411,3,7,,0,2,1,11,Z01
202000001412,1,7,,0,2,7,1,A01
202000001412,1,30,,0,2,8,1,B01
202000001413,1,7,,0,0,2,21,A01
202000001414,2,7,,0,2,2,12,A01
202000001414,2,7,,0,2,4,0,B01
202000001415,2,10,,4,0,1,1,A01
202000001415,2,7,,4,0,4,23,F01
202000001415,2,7,,4,0,4,23,E01
202000001415,2,7,,4,0,4,2,C01
202000001415,2,7,,4,0,4,23,D01
202000001415,2,10,,4,0,4,23,B01
202000001416,2,32,,0,2,1,3,B01
202000001416,2,7,,0,2,5,11,A01
202000001417,1,33,,4,0,2,1,A01
202000001418,2,7,,0,9,9,14,A01
202000001419,1,7,,0,2,2,17,A01
202000001419,1,7,,0,2,6,1,B01
202000001419,1,7,,0,9,7,1,C01
202000001420,2,14,,0,2,8,1,C01
202000001420,2,7,,0,2,4,17,B01
202000001420,2,7,,0,2,1,17,A01
202000001421,1,7,,0,2,4,0,C01
202000001421,1,7,,0,2,1,11,A01
202000001421,1,7,,0,2,4,1,B01
202000001422,3,33,,0,2,2,17,B01
202000001422,3,7,,0,2,3,15,A01
202000001423,1,7,,0,0,0,19,A01
202000001424,1,7,,10,0,2,26,A01
202000001425,3,7,,0,2,0,12,B01
202000001425,3,7,,0,2,4,23,A01
202000001426,1,7,,0,2,1,19,B01
202000001426,1,7,,0,2,1,19,A01
202000001427,0,33,,0,2,8,10,B01
202000001427,1,33,,0,2,1,1,A01
202000001428,1,1,,0,1,1,1,A01
202000001429,3,1,,0,2,1,9,A01
202000001429,3,7,,0,9,2,16,B01
202000001430,1,14,,0,0,0,1,A01
202000001430,1,7,,0,9,1,1,C01
202000001431,0,1,,0,2,1,1,A01
202000001431,0,7,,0,2,8,1,B01
202000001432,0,7,,0,2,1,1,A01
202000001432,0,7,,0,2,4,23,B01
202000001433,1,34,,0,2,2,13,B01
202000001433,2,7,,0,2,8,1,A01
202000001434,1,10,,0,2,0,19,A01
202000001434,0,1,,0,0,0,0,B01
202000001435,3,34,,8,0,2,26,A01
202000001436,2,7,,0,2,5,15,A01
202000001436,2,33,,0,2,1,1,B01
202000001437,3,7,,0,1,1,1,A01
202000001438,2,30,,0,0,3,1,A01
202000001439,3,30,,0,2,2,14,A01
202000001439,3,7,,0,0,6,1,B01
202000001440,0,1,,0,2,3,21,B01
202000001440,0,7,,0,9,3,1,A01
202000001441,1,7,,0,2,3,16,A01
202000001441,2,1,,0,2,1,26,B01
202000001442,3,50,,0,2,1,1,B01
202000001442,3,7,,0,2,2,1,A01
202000001443,1,7,,0,2,1,26,A01
202000001443,1,7,,0,2,6,2,B01
202000001444,0,60,,0,4,7,1,A01
202000001444,0,40,,0,2,5,1,B01
202000001445,1,7,,0,2,3,2,A01
202000001445,1,33,,0,2,4,2,B01
202000001446,2,7,,16,0,4,1,B01
202000001446,2,33,,0,2,1,21,A01
202000001447,3,10,,0,2,7,16,B01
202000001447,3,1,,0,2,8,18,A01
202000001448,1,2,,0,2,1,17,B01
202000001448,1,10,,0,2,8,15,A01
202000001449,1,7,,0,1,6,23,A01
202000001449,1,7,,1,0,2,1,B01
202000001450,1,30,,1,0,0,14,A01
202000001451,2,1,,0,2,1,1,A01
202000001451,2,7,,0,2,6,1,B01
202000001452,2,7,,0,2,1,2,A01
202000001452,2,7,,0,2,4,2,B01
202000001452,2,7,,0,2,4,2,C01
202000001453,1,33,,0,2,6,3,B01
202000001453,1,7,,0,2,2,12,A01
202000001454,1,1,,0,2,8,19,A01
202000001454,1,2,,0,2,1,16,Z01
202000001455,2,3,,1,2,1,13,A01
202000001455,2,2,,0,2,8,23,B01
202000001456,3,7,,0,2,1,1,A01
202000001456,3,7,,0,2,8,1,B01
202000001457,3,33,,0,0,8,15,A01
202000001458,1,32,,0,2,3,23,A01
202000001458,1,7,,0,2,8,23,B01
202000001458,2,7,,0,2,0,13,Z01
202000001459,1,31,,0,2,7,17,A01
202000001460,1,7,,0,2,3,13,A01
202000001460,1,32,,0,2,2,1,B01
202000001461,1,7,,0,2,1,2,A01
202000001461,1,7,,0,2,4,23,B01
202000001462,1,10,,0,2,1,2,Z01
202000001462,1,7,,0,2,4,23,A01
202000001463,2,7,,6,1,4,4,A01
202000001464,1,7,,14,0,1,13,Z01
202000001465,1,7,,0,2,1,2,A01
202000001465,1,7,,0,2,4,2,B01
202000001466,1,33,,0,2,7,19,B01
202000001466,1,7,,0,2,3,15,A01
202000001467,1,7,,0,2,6,14,B01
202000001467,1,1,,1,0,1,14,A01
202000001468,1,1,,0,2,7,1,B01
202000001468,1,7,,0,2,8,15,A01
202000001469,1,7,,0,2,5,1,A01
202000001469,1,7,,0,2,1,1,B01
202000001470,2,7,,0,1,2,1,A01
202000001471,1,37,1.0,0,2,6,15,A01
202000001471,1,7,,0,2,3,21,B01
202000001471,1,7,,0,2,2,23,C01
202000001472,2,30,,0,0,8,1,A01
202000001473,1,1,,0,2,7,16,B01
202000001473,1,33,,1,2,3,1,A01
202000001474,1,32,,0,2,1,26,A01
202000001474,1,3,,0,2,5,1,B01
202000001475,2,2,,0,2,1,16,B01
202000001475,2,7,,0,2,5,15,A01
202000001476,1,7,,0,2,1,1,A01
202000001476,-1,7,,0,2,4,1,B01
202000001477,-1,30,,8,0,1,15,A01
202000001478,1,7,,0,2,1,9,B01
202000001478,3,7,,0,2,2,9,A01
202000001479,-1,34,,0,2,7,0,B01
202000001479,1,33,,0,2,1,26,A01
202000001480,1,7,,0,2,1,15,A01
202000001480,2,32,,0,2,1,2,B01
202000001481,2,1,,0,2,3,1,B01
202000001481,2,7,,0,9,2,16,A01
202000001482,3,7,,7,0,3,1,A01
202000001482,1,7,,7,2,1,1,B01
202000001483,1,50,,0,1,1,17,A01
202000001484,2,1,,0,2,2,1,A01
202000001484,1,31,,0,9,1,15,B01
202000001485,1,7,,0,2,3,15,A01
202000001485,1,7,,0,2,2,1,Z01
202000001486,1,30,,0,0,0,0,A01
202000001487,1,30,,6,0,1,21,A01
202000001488,1,7,,0,1,3,1,A01
202000001489,1,30,,0,2,0,13,A01
202000001489,1,7,,0,2,1,0,B01
202000001490,2,33,,1,0,1,14,A01
202000001491,3,7,,0,0,4,1,B01
202000001491,3,7,,0,2,3,1,A01
202000001492,3,7,,0,1,2,15,A01
202000001493,1,7,,15,1,1,0,A01
202000001494,1,31,,0,2,2,17,A01
202000001494,1,7,,0,2,8,15,B01
202000001495,2,33,,7,0,4,1,A01
202000001495,2,33,,0,2,1,2,B01
202000001496,1,7,,13,0,0,0,A01
202000001497,2,7,,0,6,1,2,A01
202000001498,2,7,,13,0,1,1,A01
202000001499,1,33,,12,2,7,17,A01
202000001499,1,7,,0,2,3,15,B01
202000001500,1,7,,0,2,5,2,B01
202000001500,1,33,,0,2,1,17,A01
202000001501,2,7,,16,0,2,13,A01
202000001502,1,10,,0,2,2,2,C01
202000001502,1,7,,0,2,1,2,B01
202000001502,1,3,,0,0,4,2,A01
202000001503,2,1,,0,2,1,1,B01
202000001503,1,7,,0,2,2,1,A01
202000001504,1,33,,0,2,1,13,A01
202000001504,2,10,,0,2,8,1,B01
202000001505,2,2,,0,0,2,1,A01
202000001506,3,33,,8,0,1,1,A01
202000001507,1,33,,0,0,7,1,A01
202000001508,1,7,,0,2,3,0,A01
202000001508,1,7,,0,2,2,10,B01
202000001509,2,7,,13,0,2,1,A01
202000001510,2,7,,0,2,1,1,B01
202000001510,1,10,,0,2,2,13,A01
202000001511,1,7,,0,2,3,10,A01
202000001511,1,2,,0,2,7,17,B01
202000001512,2,15,,0,2,6,1,B01
202000001512,1,2,,0,2,1,13,A01
202000001513,1,7,,0,0,0,1,A01
202000001514,1,7,,3,0,0,14,A01
202000001515,1,7,,6,0,2,25,A01
202000001516,2,2,,6,0,1,1,A01
202000001517,0,7,,13,0,1,1,A01
202000001518,1,2,,3,0,7,1,A01
202000001519,2,7,,0,0,0,1,A01
202000001520,3,7,,0,0,8,23,B01
202000001520,3,7,,0,2,3,16,A01
202000001521,2,7,,8,0,3,1,A01
202000001522,1,33,,8,0,1,2,A01
202000001523,2,33,,16,0,9,1,A01
202000001524,2,13,,4,0,1,0,A01
202000001525,3,7,,0,2,8,1,A01
202000001525,3,30,,0,2,8,1,B01
202000001526,2,33,,3,0,7,13,A01
202000001527,3,7,,0,2,1,1,B01
202000001527,3,2,,0,2,1,5,A01
202000001528,1,31,,6,0,1,14,A01
202000001529,2,7,,0,2,1,13,A01
202000001529,1,33,,0,2,1,1,B01
202000001530,1,7,,15,2,8,16,B01
202000001530,1,7,,0,2,2,1,A01
202000001531,1,33,,4,0,1,1,A01
202000001532,2,31,,14,0,9,1,A01
202000001533,1,7,,0,2,2,1,B01
202000001533,1,7,,0,2,0,19,A01
202000001534,1,7,,13,0,1,13,A01
202000001535,1,33,,0,0,8,0,A01
202000001536,2,7,,4,0,3,1,A01
202000001537,1,7,,16,0,0,14,A01
202000001538,1,17,,0,0,6,1,B01