Num_Acc,senc,catv,occutc,obs,obsm,choc,manv,num_veh
202000001538,1,7,,3,2,1,1,A01
202000001539,2,50,,0,0,1,0,B01
202000001539,1,7,,0,0,3,1,A01
202000001540,3,7,,0,2,1,0,B01
202000001540,3,7,,0,2,4,23,A01
202000001541,2,33,,0,2,1,3,A01
202000001541,2,7,,0,2,5,1,B01
202000001542,1,37,12.0,13,0,3,1,A01
202000001543,1,7,,0,2,3,5,A01
202000001543,1,7,,0,2,1,11,B01
202000001544,2,7,,0,2,3,0,C01
202000001544,1,7,,0,2,0,0,B01
202000001544,2,10,,0,2,2,1,A01
202000001545,2,2,,0,1,0,0,A01
202000001545,2,33,,0,0,0,24,B01
202000001545,1,2,,0,0,0,0,D01
202000001546,2,7,,13,0,1,0,A01
202000001547,1,7,,0,9,2,1,A01
202000001547,0,1,,0,2,3,15,B01
202000001548,1,31,,0,2,1,17,A01
202000001548,1,30,,0,0,8,15,B01
202000001549,2,1,,0,9,4,1,A01
202000001550,1,7,,0,2,5,15,A01
202000001550,2,33,,0,2,1,1,B01
202000001551,2,2,,3,0,0,1,A01
202000001552,1,33,,0,2,8,1,A01
202000001552,1,7,,0,2,3,13,B01
202000001553,2,7,,13,0,1,1,A01
202000001554,1,7,,0,2,1,1,A01
202000001554,1,2,,0,2,4,1,B01
202000001555,1,7,,0,1,2,2,A01
202000001556,2,7,,0,2,1,15,B01
202000001556,1,7,,0,0,2,1,A01
202000001557,2,7,,13,0,1,1,A01
202000001558,3,7,,0,2,4,1,C01
202000001558,0,7,,0,2,1,17,A01
202000001558,3,7,,0,2,1,1,B01
202000001559,2,7,,8,2,1,1,B01
202000001559,1,7,,0,2,3,6,A01
202000001560,1,10,,0,2,1,2,A01
202000001560,1,7,,0,2,4,1,B01
202000001561,1,10,,0,2,4,2,B01
202000001561,1,17,,0,2,1,2,A01
202000001562,2,7,,0,2,4,1,A01
202000001562,2,7,,0,2,4,1,B01
202000001562,2,7,,0,2,1,1,C01
202000001563,1,14,,0,0,0,0,B01
202000001563,1,7,,1,0,2,14,A01
202000001564,1,10,,1,0,1,2,A01
202000001564,3,7,,1,0,1,23,B01
202000001564,1,7,,0,2,5,23,C01
202000001565,1,7,,4,0,3,2,A01
202000001566,2,7,,1,0,1,2,B01
202000001566,2,7,,0,2,4,23,A01
202000001567,2,33,,4,0,8,26,A01
202000001568,2,7,,0,0,7,1,A01
202000001569,1,7,,0,9,1,1,B01
202000001569,1,7,,4,0,1,21,A01
202000001570,1,7,,0,5,1,1,A01
202000001571,1,7,,0,2,4,2,B01
202000001571,1,7,,0,2,4,2,C01
202000001571,1,7,,0,2,4,2,D01
202000001571,1,7,,0,2,1,2,A01
202000001572,2,7,,0,2,4,2,C01
202000001572,2,7,,0,2,4,2,B01
202000001572,2,7,,0,2,1,2,A01
202000001573,2,33,,0,2,1,3,A01
202000001573,2,10,,0,2,5,1,B01
202000001574,1,17,,6,0,2,13,A01
202000001575,3,7,,0,2,5,1,A01
202000001575,2,2,,0,2,1,1,B01
202000001576,3,33,,13,0,9,1,A01
202000001577,1,10,,1,0,1,26,A01
202000001577,1,10,,0,2,0,0,B01
202000001578,2,10,,0,1,7,1,A01
202000001579,2,7,,0,2,3,15,A01
202000001579,1,30,,0,0,0,0,B01
202000001580,3,7,,0,2,2,1,A01
202000001580,3,7,,0,2,3,9,B01
202000001581,3,7,,0,2,2,19,A01
202000001581,2,34,,0,2,1,1,B01
202000001582,1,7,,0,2,4,2,B01
202000001583,2,30,,0,2,0,21,A01
202000001584,1,7,,0,2,2,15,B01
202000001584,2,30,,0,2,3,26,A01
202000001585,3,7,,0,2,3,9,B01
202000001585,2,34,,0,2,1,3,A01
202000001586,3,7,,0,9,4,1,A01
202000001586,3,1,,0,2,1,1,B01
202000001587,3,7,,0,0,9,16,A01
202000001588,2,7,,1,1,3,22,A01
202000001589,3,7,,0,1,1,15,A01
202000001590,0,7,,0,2,7,26,A01
202000001590,0,7,,0,2,2,9,B01
202000001591,1,80,,0,2,7,19,B01
202000001591,1,7,,0,2,1,16,A01
202000001592,1,30,,16,0,2,21,A01
202000001593,1,33,,0,2,1,1,B01
202000001593,2,7,,0,2,3,20,A01
202000001594,2,7,,2,0,1,26,A01
202000001595,1,7,,0,2,1,26,A01
202000001595,2,7,,0,2,2,26,B01
202000001596,1,7,,1,2,1,1,B01
202000001596,1,7,,0,2,8,10,A01
202000001597,0,7,,0,2,4,1,B01
202000001597,0,10,,0,2,1,1,A01
202000001598,0,1,,0,2,1,16,A01
202000001598,0,7,,0,2,1,1,B01
202000001599,1,34,,0,2,7,17,B01
202000001599,1,7,,0,2,8,15,A01
202000001600,3,7,,0,1,2,26,A01
202000001601,1,7,,0,1,7,26,A01
202000001602,1,7,,0,2,3,15,A01
202000001602,2,33,,0,2,1,1,B01
202000001603,3,7,,0,2,1,1,B01
202000001603,3,7,,0,2,7,13,A01
202000001604,1,33,,2,0,1,15,A01
202000001605,2,7,,0,2,3,15,A01
202000001605,1,33,,0,2,8,1,B01
202000001606,0,7,,0,2,3,1,B01
202000001606,0,7,,0,2,4,4,A01
202000001607,2,50,,0,2,1,18,A01
202000001607,2,10,,0,2,0,23,Z01
202000001608,0,33,,0,2,1,13,A01
202000001608,0,7,,0,2,1,1,B01
202000001609,2,7,,0,1,1,15,A01
202000001610,3,7,,8,2,3,15,B01
202000001610,2,10,,9,2,3,1,A01
202000001611,1,7,,0,2,1,15,A01
202000001611,1,1,,0,2,7,1,B01
202000001612,1,7,,0,2,1,1,B01
202000001612,2,31,,0,2,1,17,A01
202000001613,2,7,,0,2,4,2,C01
202000001613,2,7,,0,2,1,2,B01
202000001613,2,7,,0,2,1,1,A01
202000001614,2,7,,0,2,8,1,B01
202000001614,2,1,,0,2,1,1,A01
202000001615,2,32,,0,2,1,1,B01
202000001615,1,7,,0,2,1,15,A01
202000001616,1,7,,0,1,3,1,Z01
202000001617,1,33,,0,2,1,0,A01
202000001618,1,7,,0,2,5,1,B01
202000001618,1,31,,0,2,9,9,A01
202000001619,2,33,,0,2,7,9,A01
202000001619,2,7,,0,2,5,1,C01
202000001619,2,7,,0,2,6,1,B01
202000001620,0,7,,0,2,7,1,B01
202000001620,1,2,,0,2,1,1,A01
202000001621,2,7,,0,2,3,15,B01
202000001621,2,31,,0,2,3,17,A01
202000001622,1,7,,0,2,2,26,B01
202000001622,3,1,,0,2,8,16,A01
202000001623,3,7,,0,1,4,20,A01
202000001624,1,30,,8,2,1,13,A01
202000001624,2,7,,0,2,2,1,B01
202000001625,2,2,,0,2,1,1,B01
202000001625,2,7,,0,2,3,19,A01
202000001626,1,33,,0,2,1,17,A01
202000001626,1,7,,0,2,8,15,B01
202000001627,2,10,,0,2,7,16,A01
202000001627,2,50,,0,2,1,1,B01
202000001628,2,7,,0,2,3,26,B01
202000001628,2,34,,0,2,3,1,A01
202000001629,0,7,,0,2,2,1,B01
202000001629,0,10,,0,2,3,1,A01
202000001630,1,7,,0,1,7,26,A01
202000001631,1,7,,0,2,8,15,B01
202000001631,1,32,,0,2,1,17,A01
202000001632,3,7,,0,1,1,15,A01
202000001633,1,33,,0,2,0,1,A01
202000001634,3,7,,0,2,2,1,B01
202000001634,3,33,,0,2,2,17,A01
202000001635,3,7,,0,1,6,0,A01
202000001636,2,7,,9,1,1,13,A01
202000001637,2,33,,0,2,3,3,A01
202000001637,2,7,,0,2,5,12,B01
202000001638,1,16,,0,1,2,1,A01
202000001639,1,7,,0,2,4,2,B01
202000001639,1,31,,0,2,1,2,A01
202000001640,2,1,,0,2,1,1,B01
202000001640,1,7,,0,2,3,9,A01
202000001641,1,31,,0,0,8,1,A01
202000001642,2,32,,0,4,8,15,A01
202000001642,2,40,,0,2,2,1,B01
202000001643,1,7,,0,2,4,15,A01
202000001643,2,43,,0,2,1,1,B01
202000001644,1,10,,0,2,8,10,A01
202000001644,1,30,,0,2,8,1,B01
202000001645,1,43,,0,1,1,1,A01
202000001646,1,7,,0,2,7,1,B01
202000001646,1,1,,0,2,1,1,A01
202000001647,1,33,,0,2,0,23,B01
202000001647,1,10,,0,2,3,2,A01
202000001648,2,7,,0,2,3,15,A01
202000001648,1,1,,0,2,2,1,B01
202000001649,1,33,,0,2,2,1,B01
202000001649,1,7,,0,2,5,15,A01
202000001650,2,10,,0,1,3,15,A01
202000001651,1,80,,0,0,1,1,A01
202000001652,2,1,,0,2,0,13,A01
202000001652,2,30,,0,2,1,1,B01
202000001653,2,7,,0,1,1,1,A01
202000001654,1,7,,0,2,1,1,A01
202000001654,1,32,,0,2,8,1,B01
202000001655,1,7,,0,2,1,16,B01
202000001655,1,1,,0,2,1,1,A01
202000001656,1,31,,0,2,3,1,B01
202000001656,1,1,,0,2,7,1,A01
202000001657,1,7,,1,0,1,14,A01
202000001658,2,43,,0,2,7,1,B01
202000001658,2,7,,0,2,1,10,A01
202000001659,1,7,,0,1,1,1,A01
202000001660,1,7,,0,1,2,1,A01
202000001661,1,33,,0,2,4,13,A01
202000001661,1,7,,0,2,2,1,B01
202000001662,2,50,,0,2,1,1,B01
202000001662,1,7,,0,2,2,9,A01
202000001663,1,99,,0,1,2,25,C01
202000001664,1,10,,0,1,0,15,A01
202000001665,1,30,,0,1,0,0,Z01
202000001666,2,13,,0,2,1,1,A01
202000001666,3,2,,0,2,2,9,B01
202000001667,1,34,,0,2,7,13,A01
202000001667,1,7,,0,0,6,13,B01
202000001668,2,7,,0,9,5,16,A01
202000001668,2,1,,0,2,6,1,B01
202000001669,0,3,,0,2,8,15,A01
202000001669,0,33,,0,2,7,1,B01
202000001670,-1,7,,0,2,8,22,B01
202000001670,0,30,,1,0,7,-1,A01
202000001671,1,10,,0,2,1,1,B01
202000001671,1,7,,0,0,4,1,A01
202000001672,1,30,,0,2,8,17,A01
202000001672,1,30,,0,2,7,17,B01
202000001673,2,1,,0,2,0,0,B01
202000001673,1,34,,0,2,2,0,A01
202000001674,1,0,,1,0,1,1,A01
202000001675,3,1,,0,2,7,19,B01
202000001675,1,7,,0,2,1,19,A01
202000001676,2,10,,0,2,1,0,B01
202000001676,2,7,,0,2,1,1,A01
202000001677,0,7,,3,0,0,0,C01
202000001677,2,33,,0,2,1,1,B01
202000001677,1,10,,0,2,3,15,A01
202000001678,2,10,,0,1,1,1,A01
202000001679,2,50,,0,2,3,2,B01
202000001679,2,7,,0,2,2,16,A01
202000001680,2,7,,0,2,3,2,B01
202000001680,2,7,,0,2,3,15,A01
202000001681,1,7,,0,2,5,1,B01
202000001681,1,30,,0,2,3,18,A01
202000001682,2,7,,0,1,2,15,A01
202000001683,2,10,,0,0,1,13,A01
202000001684,2,7,,0,0,2,11,A01
202000001685,1,7,,0,0,2,2,C01
202000001685,1,7,,0,0,7,2,D01
202000001685,1,7,,0,2,1,2,A01
202000001685,1,7,,0,2,4,2,B01
202000001686,2,1,,0,9,1,1,B01
202000001686,1,1,,0,0,1,17,A01
202000001687,1,7,,0,1,2,21,A01
202000001688,1,34,,16,0,0,0,A01
202000001689,2,33,,0,9,1,1,A01
202000001690,2,1,,13,0,1,21,A01
202000001691,2,7,,0,2,2,15,A01
202000001691,2,7,,0,2,1,1,B01
202000001692,1,33,,1,0,1,2,A01
202000001693,2,7,,0,2,3,13,A01
202000001693,1,33,,0,2,1,1,B01
202000001694,1,2,,13,0,1,1,A01
202000001695,3,7,,0,2,2,1,B01
202000001695,3,2,,0,2,1,1,A01
202000001696,2,7,,0,2,1,19,B01
202000001696,2,7,,5,2,3,1,A01
202000001697,2,7,,0,0,8,15,A01
202000001697,1,33,,0,2,1,17,B01
202000001698,1,21,,0,2,0,9,B01
202000001698,2,33,,0,2,0,21,A01
202000001699,0,7,,0,1,3,15,A01
202000001700,2,33,,0,2,1,1,B01
202000001700,1,7,,0,2,2,15,A01
202000001701,1,1,,0,2,8,2,B01
202000001701,1,7,,0,2,2,17,A01
202000001702,1,7,,0,2,5,23,B01
202000001702,1,2,,0,2,1,21,A01
202000001703,3,36,,6,0,1,1,A01
202000001704,2,7,,0,2,3,1,B01
202000001704,1,7,,0,2,1,13,A01
202000001705,1,7,,0,2,8,15,A01
202000001705,2,7,,0,2,3,1,B01
202000001706,2,7,,0,2,1,1,A01
202000001706,1,7,,0,2,1,0,B01
202000001707,1,7,,13,0,0,19,A01
202000001708,1,7,,8,0,3,1,A01
202000001709,2,7,,0,2,8,1,B01
202000001709,1,7,,0,2,3,13,A01
202000001710,1,14,,0,0,8,14,A01
202000001711,2,7,,0,2,2,14,A01
202000001711,2,17,,0,0,6,1,B01
202000001712,2,14,,0,2,6,26,B01
202000001712,1,7,,0,2,3,15,A01
202000001713,1,33,,0,2,1,1,B01
202000001713,2,10,,0,2,1,13,A01
202000001714,3,31,,15,2,1,17,B01
202000001714,3,7,,0,2,3,2,A01
202000001715,2,15,,0,2,6,1,D01
202000001715,2,7,,0,2,1,1,C01
202000001715,2,7,,0,2,1,1,B01
202000001715,1,7,,0,2,1,5,A01
202000001716,2,33,,0,2,1,13,A01
202000001716,1,99,,0,2,3,1,B01
202000001717,2,33,,0,2,3,1,B01
202000001717,1,33,,0,2,3,13,A01
202000001718,1,10,,0,9,2,1,A01
202000001718,1,1,,0,2,8,1,B01
202000001719,2,7,,0,2,1,1,B01
202000001719,1,7,,0,2,1,13,A01
202000001720,0,7,,0,9,0,1,A01
202000001720,0,1,,0,2,0,1,B01
202000001721,1,7,,0,0,1,6,B01
202000001721,1,7,,0,0,8,1,A01
202000001722,1,33,,6,0,7,17,A01
202000001723,0,33,,0,0,8,1,A01
202000001724,1,7,,0,2,3,9,A01
202000001724,2,1,,0,2,7,1,B01
202000001725,1,31,,8,2,2,11,B01
202000001725,1,7,,8,2,3,15,A01
202000001726,1,7,,0,2,4,12,C01
202000001726,1,99,,0,2,1,2,D01
202000001726,1,7,,0,2,4,2,A01
202000001726,1,7,,0,2,4,2,B01
202000001727,1,7,,0,2,1,2,C01
202000001727,1,10,,0,2,4,2,B01
202000001727,1,13,,0,2,4,2,A01
202000001728,1,33,,0,2,1,1,A01
202000001729,1,10,,0,0,3,2,A01
202000001730,2,13,,0,2,3,13,A01
202000001730,2,7,,0,2,2,1,B01
202000001731,1,7,,3,2,3,12,B01
202000001731,1,7,,3,2,2,1,A01
202000001732,1,33,,0,2,1,21,A01
202000001732,1,7,,0,2,5,1,B01
202000001733,1,7,,0,2,8,11,A01
202000001733,1,7,,4,2,7,1,B01
202000001734,1,33,,0,9,1,9,A01
202000001735,1,33,,0,2,7,2,A01
202000001735,1,7,,0,2,8,2,B01
202000001736,1,33,,0,2,7,14,A01
202000001736,2,7,,0,2,8,2,B01
202000001737,2,7,,0,2,3,1,B01
202000001737,2,7,,0,2,5,1,A01
202000001738,2,33,,0,2,1,2,B01
202000001738,2,7,,4,2,2,9,A01
202000001739,1,7,,4,0,2,26,A01
202000001740,1,7,,0,2,1,17,A01
202000001740,1,7,,0,2,4,1,B01
202000001741,1,7,,3,2,1,0,A01
202000001742,1,10,,0,2,4,2,B01
202000001742,1,7,,0,2,1,1,A01
202000001743,2,7,,0,2,4,2,B01
202000001743,2,10,,0,2,1,2,A01
202000001744,1,10,,0,2,4,2,B01
202000001744,1,33,,0,2,1,2,A01
202000001745,1,7,,0,2,7,12,B01
202000001745,1,33,,0,2,3,3,A01
202000001746,1,7,,2,0,9,26,A01
202000001747,1,33,,0,9,2,21,A01
202000001748,1,7,,0,2,6,2,B01
202000001748,1,7,,0,2,2,21,A01
202000001749,2,32,,0,0,8,26,A01
202000001750,3,33,,0,0,8,26,A01
202000001751,2,50,,0,9,2,1,A01
202000001751,2,7,,0,9,2,1,B01
202000001752,1,7,,0,2,1,2,B01
202000001752,1,7,,0,2,4,2,A01
202000001753,0,7,,0,2,1,15,A01
202000001753,0,37,4.0,0,2,3,2,B01
202000001754,1,7,,0,2,1,1,B01
202000001754,1,7,,0,2,2,15,A01
202000001755,1,7,,0,0,9,1,A01
202000001756,2,7,,0,9,0,20,Z01
202000001756,2,50,,0,0,7,2,B01
202000001757,2,31,,12,0,7,1,A01
202000001758,1,1,,0,1,1,1,A01
202000001759,1,7,,0,2,1,1,A01
202000001759,1,7,,0,2,4,23,B01
202000001760,3,7,,0,1,1,1,A01
202000001761,1,33,,6,0,8,2,A01
202000001762,0,15,,16,0,8,1,A01
202000001763,2,7,,0,2,2,16,A01
202000001763,1,1,,0,2,1,25,C01
202000001764,1,7,,0,2,3,1,C01
202000001764,1,7,,0,2,2,9,B01
202000001765,1,30,,0,1,1,0,A01
202000001766,3,7,,0,2,0,16,A01
202000001766,3,7,,1,0,3,1,B01
202000001767,2,7,,0,2,3,15,B01
202000001767,2,30,,0,2,2,17,A01
202000001768,1,7,,0,1,3,1,A01
202000001769,1,7,,0,2,3,9,A01
202000001769,2,80,,0,2,1,19,B01
202000001770,2,7,,0,2,2,1,B01
202000001770,1,1,,0,2,0,26,A01
202000001771,1,7,,0,2,6,23,B01
202000001771,1,7,,0,2,2,17,A01
202000001772,2,7,,0,2,1,1,B01
202000001772,1,33,,0,2,1,13,A01
202000001773,2,1,,11,0,1,1,A01
202000001774,1,2,,0,1,1,1,A01
202000001775,1,37,1.0,0,1,2,21,A01
202000001776,3,7,,0,2,3,16,B01
202000001776,3,7,,0,2,3,16,C01
202000001776,2,7,,0,2,2,1,A01
202000001777,1,31,,0,0,1,14,A01
202000001778,2,7,,0,1,1,15,A01
202000001779,2,7,,0,2,4,1,C01
202000001779,2,7,,0,2,1,1,B01
202000001779,2,33,,0,2,4,9,A01
202000001780,1,10,,0,2,1,0,B01
202000001780,1,7,,0,2,7,19,A01
202000001781,1,7,,0,2,7,0,B01
202000001781,1,80,,0,2,1,0,A01
202000001782,2,33,,0,2,1,1,B01
202000001782,1,7,,0,2,2,10,A01
202000001783,3,1,,0,2,2,19,B01
202000001783,1,32,,0,2,1,1,A01
202000001784,2,7,,0,2,3,1,B01
202000001784,1,7,,0,2,1,15,A01
202000001785,0,1,,0,2,8,1,B01
202000001785,0,31,,0,2,8,1,A01
202000001786,2,7,,0,1,1,15,A01
202000001787,2,7,,0,2,1,1,A01
202000001787,2,7,,0,2,4,1,B01
202000001788,1,32,,0,1,7,1,A01
202000001789,2,7,,0,1,2,14,A01
202000001789,2,7,,0,1,6,24,B01
202000001790,3,30,,0,2,7,13,B01
202000001790,3,10,,0,2,5,4,A01
202000001791,1,1,,0,0,0,1,A01
202000001792,0,7,,0,2,1,9,A01
202000001792,0,2,,0,2,7,1,B01
202000001793,1,7,,0,2,1,16,A01
202000001793,2,1,,0,2,7,19,B01
202000001794,0,7,,0,1,2,1,A01
202000001795,1,2,,1,0,8,1,A01
202000001796,2,10,,0,2,1,13,A01
202000001796,1,7,,0,2,1,1,B01
202000001797,1,7,,0,2,8,1,B01
202000001797,1,10,,2,2,2,14,A01
202000001798,1,7,,0,1,4,20,A01
202000001799,0,2,,0,2,8,13,A01
202000001799,0,7,,0,2,7,1,B01
202000001800,2,30,,0,2,1,15,A01
202000001800,2,7,,0,2,1,1,B01
202000001801,1,7,,0,2,4,1,B01
202000001801,1,33,,0,2,1,1,A01
202000001802,2,7,,1,0,2,1,A01
202000001803,2,10,,0,2,0,1,B01
202000001803,2,7,,14,2,2,12,A01
202000001804,2,7,,0,2,9,2,C01
202000001804,2,7,,0,2,4,2,D01
202000001804,2,7,,0,2,9,2,B01
202000001804,2,7,,0,2,1,2,A01
202000001805,2,33,,0,2,3,26,B01
202000001805,1,7,,0,2,1,15,A01
202000001806,1,33,,0,2,1,5,A01
202000001806,1,7,,0,2,3,15,B01
202000001807,2,10,,1,2,1,1,A01
202000001807,2,10,,0,2,1,1,B01
202000001808,2,7,,0,2,1,2,A01
202000001808,2,7,,0,2,4,2,B01
202000001808,2,7,,0,2,4,1,C01
202000001809,2,1,,0,2,3,11,A01
202000001809,2,7,,0,2,2,26,B01
202000001810,3,10,,0,2,8,15,A01
202000001810,3,31,,0,2,7,0,B01
202000001811,2,32,,0,2,3,13,A01
202000001811,1,37,1.0,0,2,6,1,B01
202000001812,1,7,,0,2,4,2,B01
202000001812,1,7,,0,2,1,2,A01
202000001813,1,33,,0,2,2,1,B01
202000001813,1,10,,0,2,8,11,A01
202000001814,3,7,,0,2,1,1,A01
202000001814,3,7,,0,2,4,12,C01
202000001814,3,7,,0,2,4,1,B01
202000001815,2,7,,0,2,3,15,B01
202000001815,2,32,,0,2,2,1,A01
202000001816,1,7,,0,2,3,16,A01
202000001816,2,1,,0,2,1,1,B01
202000001817,2,30,,0,2,1,1,A01
202000001817,1,7,,0,0,0,1,Z01
202000001818,2,7,,0,2,8,22,A01
202000001818,2,32,,0,2,9,1,B01
202000001818,2,7,,0,2,2,1,C01
202000001819,1,43,,0,2,1,18,B01
202000001819,1,7,,0,2,7,22,A01
202000001820,2,7,,0,2,1,1,A01
202000001820,2,7,,0,2,4,1,B01
202000001820,2,7,,0,2,4,16,C01
202000001821,1,7,,0,2,3,15,A01
202000001821,1,30,,0,2,1,17,B01
202000001822,1,7,,0,1,7,1,Z01
202000001823,2,30,,0,2,8,16,A01
202000001823,1,7,,0,2,0,0,B01
202000001824,2,7,,0,1,1,1,A01
202000001825,1,7,,0,0,9,14,A01
202000001826,2,7,,0,0,0,13,A01
202000001827,2,7,,3,0,4,2,A01
202000001827,2,7,,0,2,1,2,B01
202000001828,2,33,,16,0,0,1,A01
202000001829,1,2,,1,0,1,1,A01
202000001830,1,7,,0,0,2,1,A01
202000001831,3,7,,0,1,5,4,A01
202000001832,1,2,,0,0,8,1,A01
202000001833,2,7,,0,2,1,9,A01
202000001833,1,7,,0,2,1,1,B01
202000001834,3,7,,2,0,2,13,A01
202000001835,1,33,,0,0,9,1,A01
202000001836,2,7,,0,1,2,14,A01
202000001837,1,7,,0,2,2,17,A01
202000001837,1,7,,0,0,6,15,B01
202000001838,2,7,,7,0,7,19,B01
202000001838,1,7,,15,2,1,1,A01
202000001839,1,33,,0,0,0,1,A01
202000001840,1,7,,0,2,2,15,A01
202000001840,1,60,,0,2,3,19,B01
202000001841,0,7,,13,0,1,1,A01
202000001842,3,10,,8,0,3,1,A01
202000001843,3,7,,13,0,9,16,A01
202000001844,1,7,,2,0,1,1,A01
202000001845,2,7,,0,0,1,1,B01
202000001845,1,7,,0,0,1,17,A01
202000001846,2,33,,0,2,9,17,B01
202000001846,2,7,,0,0,8,15,A01
202000001847,3,7,,6,0,3,1,A01
202000001848,1,7,,0,2,3,0,A01
202000001848,1,13,,13,2,3,13,B01
202000001849,2,7,,0,2,5,15,A01
202000001849,2,7,,0,2,3,1,C01
202000001849,1,31,,0,2,1,1,B01
202000001850,2,7,,3,0,9,1,A01
202000001851,1,33,,0,5,1,1,A01
202000001852,2,7,,4,2,1,1,B01
202000001852,1,7,,0,2,1,13,A01
202000001853,0,7,,13,9,2,0,A01
202000001854,1,2,,0,2,1,1,B01
202000001854,2,7,,0,2,2,20,A01
202000001855,2,7,,2,0,3,1,A01
202000001856,2,7,,14,0,2,1,A01
202000001857,1,7,,15,9,1,21,B01
202000001857,2,3,,14,2,3,15,A01
202000001858,0,7,,0,2,1,1,B01
202000001858,0,7,,0,2,7,13,A01
202000001859,1,7,,0,2,3,1,B01
202000001859,2,7,,0,2,1,13,A01
202000001860,1,7,,0,2,0,0,Z01
202000001860,2,7,,0,2,6,9,A01
202000001861,1,7,,1,0,1,1,C01
202000001861,1,7,,0,2,2,1,B01
202000001861,1,33,,0,2,4,1,A01
202000001862,2,7,,0,2,4,2,B01
202000001862,2,7,,0,2,1,1,A01
202000001862,2,7,,0,2,4,2,D01
202000001862,2,7,,0,2,4,2,C01
202000001863,2,33,,0,2,1,3,A01
202000001863,2,32,,0,2,5,3,B01
202000001863,2,7,,0,2,2,1,C01
202000001863,2,7,,0,2,8,1,D01
202000001864,2,32,,0,0,1,2,A01
202000001865,1,7,,0,2,5,1,C01
202000001865,1,7,,0,2,6,11,B01
202000001865,1,34,,0,2,1,3,A01
202000001866,2,7,,0,2,3,9,B01
202000001866,2,3,,0,2,4,9,A01
202000001867,2,7,,0,2,6,1,B01
202000001867,2,33,,3,2,1,3,A01
202000001868,2,7,,4,0,3,13,A01
202000001869,1,7,,4,0,9,26,A01
202000001870,2,7,,0,2,1,2,A01
202000001870,2,7,,0,2,4,2,B01
202000001871,1,7,,0,2,8,1,A01
202000001871,1,7,,0,2,1,1,B01
202000001872,1,33,,0,2,1,2,A01
202000001873,2,7,,0,2,6,12,B01
202000001873,2,33,,0,2,1,3,A01
202000001874,1,7,,0,2,3,1,B01
202000001874,2,7,,0,2,3,13,A01
202000001875,1,7,,0,2,4,23,C01
202000001875,1,7,,0,2,1,1,A01
202000001875,1,7,,0,2,4,23,B01
202000001876,2,7,,0,2,2,16,A01
202000001876,2,1,,0,2,1,1,B01
202000001877,1,7,,0,2,1,1,A01
202000001877,1,7,,0,2,6,1,B01
202000001878,2,1,,1,2,1,13,A01
202000001878,1,7,,0,2,1,26,B01
202000001879,1,7,,0,1,3,1,A01
202000001880,1,3,,0,2,0,0,Z01
202000001880,1,3,,0,2,7,1,C01
202000001880,1,7,,0,2,9,1,B01
202000001880,1,7,,0,2,1,14,A01
202000001880,1,3,,0,2,7,1,D01
202000001881,1,7,,0,2,3,1,A01
202000001881,1,7,,0,2,0,15,B01
202000001882,3,31,,0,2,1,1,B01
202000001882,3,7,,0,2,3,15,A01
202000001883,3,3,,8,0,3,26,A01
202000001883,3,31,,8,2,1,0,B01
202000001884,3,10,,0,1,6,20,A01
202000001885,3,10,,0,2,8,26,A01
202000001885,3,33,,0,2,2,1,B01
202000001886,1,7,,0,1,1,19,A01
202000001887,3,37,1.0,0,2,2,2,A01
202000001887,3,13,,0,2,4,23,B01
202000001888,2,7,,0,2,1,19,A01
202000001888,1,7,,0,2,8,1,B01
202000001888,2,10,,0,2,2,1,C01
202000001889,2,7,,0,1,1,1,A01
202000001890,1,7,,0,1,2,19,A01
202000001891,2,37,1.0,0,2,3,1,B01
202000001891,1,7,,0,2,3,13,A01
202000001892,0,7,,0,2,1,1,A01
202000001892,0,50,,0,2,4,1,B01
202000001893,3,1,,0,2,8,19,B01
202000001893,2,7,,0,2,1,13,A01
202000001894,1,10,,0,2,8,11,A01
202000001894,1,33,,0,2,0,17,B01
202000001895,1,1,,1,0,1,1,B01
202000001895,1,7,,0,9,8,24,A01
202000001896,2,10,,0,2,3,15,A01
202000001896,1,30,,0,2,1,1,B01
202000001897,2,10,,0,2,3,15,A01
202000001897,1,33,,0,2,1,1,B01
202000001898,1,7,,0,2,1,1,A01
202000001898,1,7,,0,2,1,1,B01
202000001899,3,7,,0,2,1,21,A01
202000001899,3,7,,0,2,8,1,B01
202000001900,2,10,,0,2,1,2,B01
202000001900,1,7,,8,2,8,19,A01
202000001901,1,7,,0,1,1,1,A01
202000001902,1,7,,0,1,2,15,A01
202000001903,2,13,,0,2,2,9,A01
202000001903,2,10,,0,2,4,1,B01
202000001904,0,7,,1,2,9,1,A01
202000001904,3,7,,0,2,1,19,B01
202000001905,1,2,,0,2,1,1,A01
202000001905,1,7,,0,2,6,1,B01
202000001906,2,7,,0,2,2,15,A01
202000001906,1,31,,0,2,1,1,B01
202000001906,1,31,,0,2,1,1,C01
202000001907,0,7,,0,2,2,1,B01
202000001907,0,7,,0,2,7,1,A01
202000001908,1,7,,13,0,1,15,A01
202000001909,1,7,,0,2,3,17,A01
202000001909,2,14,,0,2,3,26,B01
202000001910,3,7,,0,2,1,1,A01
202000001910,3,7,,0,2,3,19,B01
202000001911,2,7,,0,2,6,23,C01