Num_Acc,senc,catv,occutc,obs,obsm,choc,manv,num_veh
202000001911,2,7,,0,9,0,1,F01
202000001911,2,7,,0,9,0,1,G01
202000001911,2,20,,0,1,0,24,A01
202000001911,2,7,,4,2,1,21,B01
202000001911,2,7,,0,9,0,1,E01
202000001911,2,7,,1,9,2,1,D01
202000001912,1,7,,0,2,8,11,B01
202000001912,1,30,,0,2,2,17,A01
202000001913,0,7,,2,2,8,1,B01
202000001913,0,7,,6,2,7,17,A01
202000001914,1,7,,0,2,4,2,B01
202000001914,1,7,,0,2,1,2,A01
202000001915,2,33,,8,0,1,1,A01
202000001916,1,7,,0,2,1,2,B01
202000001916,1,7,,0,2,7,26,A01
202000001917,2,7,,2,0,1,21,A01
202000001918,3,7,,13,0,1,1,A01
202000001919,0,7,,0,2,5,1,B01
202000001919,0,7,,0,2,3,1,A01
202000001920,1,7,,0,2,1,1,A01
202000001920,1,7,,0,2,4,23,B01
202000001921,1,7,,13,0,1,1,A01
202000001922,2,7,,0,2,1,1,A01
202000001922,3,10,,0,2,5,1,B01
202000001923,1,2,,0,2,8,15,B01
202000001923,1,7,,0,2,2,1,A01
202000001924,2,10,,1,0,2,13,A01
202000001925,1,33,,0,0,3,11,A01
202000001925,1,33,,0,0,0,12,B01
202000001926,2,7,,0,1,1,26,Z01
202000001927,1,33,,0,2,8,1,B01
202000001927,1,30,,0,2,1,1,A01
202000001928,2,7,,0,2,6,19,B01
202000001928,2,7,,0,2,1,1,A01
202000001929,2,7,,0,1,2,16,Z01
202000001930,1,7,,0,1,3,1,A01
202000001931,1,7,,0,2,2,1,B01
202000001931,2,2,,0,2,7,15,A01
202000001932,1,60,,0,2,8,19,B01
202000001932,2,7,,0,2,7,5,A01
202000001933,1,33,,0,2,1,1,B01
202000001933,2,7,,0,2,1,15,A01
202000001934,1,7,,0,2,2,15,A01
202000001934,2,1,,0,2,1,1,B01
202000001935,2,7,,0,0,7,1,B01
202000001935,2,1,,0,2,8,13,A01
202000001936,2,7,,0,2,3,16,B01
202000001936,2,30,,0,2,2,1,A01
202000001937,3,7,,12,0,3,26,A01
202000001938,1,10,,0,2,1,1,B01
202000001938,1,1,,0,2,8,15,A01
202000001939,2,7,,0,2,1,1,B01
202000001939,1,7,,0,2,1,13,A01
202000001940,2,80,,0,0,0,1,A01
202000001941,2,1,,0,0,1,1,A01
202000001942,1,7,,13,0,7,14,A01
202000001943,2,7,,15,0,1,13,A01
202000001944,1,34,,0,2,7,16,A01
202000001944,1,30,,0,2,1,18,B01
202000001945,3,7,,0,2,8,1,A01
202000001945,3,1,,0,2,1,1,B01
202000001946,2,2,,0,2,2,1,B01
202000001946,2,7,,0,2,3,19,A01
202000001947,1,7,,16,0,3,1,A01
202000001948,1,7,,0,2,2,1,A01
202000001948,1,33,,0,2,1,1,B01
202000001949,1,50,,0,0,1,16,A01
202000001950,2,7,,0,2,1,13,A01
202000001950,1,7,,0,2,1,1,B01
202000001951,1,99,,0,2,8,1,B01
202000001951,2,80,,0,2,1,13,A01
202000001952,2,33,,2,0,1,1,A01
202000001953,2,7,,0,2,5,12,A01
202000001953,2,50,,0,0,0,0,B01
202000001954,1,7,,0,1,1,9,A01
202000001955,2,1,,1,2,1,5,A01
202000001955,1,2,,1,2,1,5,B01
202000001956,1,7,,0,2,1,2,A01
202000001956,1,15,,0,0,4,1,B01
202000001957,1,7,,0,2,4,1,B01
202000001957,1,30,,0,2,1,1,A01
202000001958,2,99,,0,2,1,2,B01
202000001958,2,37,1.0,0,2,4,23,A01
202000001959,3,7,,0,2,3,26,B01
202000001959,3,10,,0,2,1,19,A01
202000001960,1,2,,0,2,2,5,B01
202000001960,2,7,,0,2,2,21,A01
202000001961,1,17,,0,2,2,21,A01
202000001961,1,7,,0,2,4,23,B01
202000001962,1,7,,13,0,3,1,A01
202000001963,1,7,,0,2,5,23,A01
202000001963,1,33,,0,2,1,21,B01
202000001964,2,1,,0,2,1,5,A01
202000001964,1,7,,0,2,3,1,B01
202000001965,2,7,,0,2,1,1,B01
202000001965,1,7,,0,2,2,15,A01
202000001966,2,7,,0,2,5,23,A01
202000001966,2,7,,0,2,3,1,B01
202000001966,2,10,,0,2,5,26,C01
202000001967,2,3,,0,1,5,20,A01
202000001968,1,7,,4,0,1,0,A01
202000001969,2,2,,0,2,1,2,B01
202000001969,1,7,,0,2,1,17,A01
202000001970,2,7,,0,2,1,1,D01
202000001970,2,7,,0,2,4,1,C01
202000001970,2,7,,0,2,4,1,B01
202000001970,2,7,,0,2,4,1,A01
202000001971,0,1,,0,2,7,19,B01
202000001971,1,7,,0,2,2,1,A01
202000001972,2,7,,4,0,1,13,A01
202000001973,1,10,,0,2,1,17,A01
202000001973,1,7,,0,2,4,1,B01
202000001974,2,32,,0,0,7,1,A01
202000001975,1,31,,0,0,1,14,A01
202000001976,0,10,,0,2,3,19,A01
202000001976,3,33,,0,2,0,0,B01
202000001977,2,7,,0,0,9,21,A01
202000001978,-1,50,,0,2,0,25,A01
202000001978,1,38,0.0,0,2,2,9,B01
202000001979,3,7,,0,2,1,1,A01
202000001979,3,7,,0,2,4,1,B01
202000001980,1,7,,0,1,2,1,A01
202000001981,2,7,,4,0,1,14,A01
202000001982,1,1,,0,0,7,1,A01
202000001983,3,10,,0,2,5,19,A01
202000001983,3,37,2.0,0,2,1,1,B01
202000001984,3,7,,0,1,1,1,A01
202000001985,1,7,,0,2,1,2,A01
202000001985,1,7,,0,2,4,1,B01
202000001986,1,7,,0,2,8,1,B01
202000001986,-1,7,,0,2,1,1,A01
202000001987,1,99,,0,2,1,26,B01
202000001987,-1,0,,0,2,0,0,D01
202000001988,3,7,,0,2,8,15,A01
202000001988,3,7,,0,2,1,1,B01
202000001989,3,7,,0,2,3,1,B01
202000001989,3,2,,0,2,1,1,A01
202000001990,1,7,,1,1,1,1,A01
202000001991,3,60,,1,0,0,26,A01
202000001992,0,1,,0,2,7,1,B01
202000001992,0,7,,0,2,8,16,A01
202000001993,1,7,,9,2,7,1,B01
202000001993,1,10,,0,2,1,9,A01
202000001994,2,7,,0,2,2,1,B01
202000001994,2,7,,0,2,6,11,A01
202000001995,1,0,,0,2,7,14,B01
202000001995,1,7,,0,2,3,13,A01
202000001996,2,7,,0,2,6,15,A01
202000001996,2,34,,0,2,1,1,B01
202000001997,1,7,,0,1,1,1,A01
202000001997,1,7,,0,2,4,1,B01
202000001998,1,1,,0,2,8,15,B01
202000001998,1,7,,0,9,3,13,A01
202000001999,2,7,,0,9,1,2,A01
202000001999,2,1,,0,0,4,23,B01
202000002000,2,33,,0,2,1,1,B01
202000002000,1,7,,0,2,1,15,A01
202000002001,3,7,,0,2,3,9,B01
202000002001,2,1,,0,2,7,1,A01
202000002002,1,7,,1,0,2,1,A01
202000002003,2,43,,1,2,2,1,B01
202000002003,2,10,,1,2,3,20,A01
202000002004,1,7,,0,2,1,15,A01
202000002004,2,31,,0,2,1,1,B01
202000002005,2,33,,5,0,1,1,A01
202000002006,1,7,,0,1,1,1,A01
202000002007,2,7,,3,0,1,26,A01
202000002008,3,7,,2,0,3,14,A01
202000002009,1,2,,12,0,0,0,A01
202000002010,1,1,,0,2,8,19,B01
202000002010,1,7,,0,2,1,1,A01
202000002011,2,7,,3,0,9,1,A01
202000002012,1,7,,0,2,8,11,A01
202000002012,2,7,,0,2,8,1,C01
202000002012,2,7,,0,0,8,1,B01
202000002013,2,7,,0,2,1,13,B01
202000002013,1,7,,0,2,3,21,A01
202000002014,1,7,,0,2,1,11,B01
202000002014,2,34,,0,2,0,0,A01
202000002015,2,7,,0,2,1,1,B01
202000002015,1,7,,0,2,1,1,A01
202000002016,2,30,,0,2,1,1,A01
202000002016,2,7,,0,2,6,15,B01
202000002017,2,7,,13,0,1,21,A01
202000002018,1,7,,3,0,4,15,B01
202000002018,1,7,,0,2,1,6,A01
202000002019,1,7,,0,2,3,2,A01
202000002019,2,31,,0,2,1,2,B01
202000002020,1,7,,0,0,4,23,A01
202000002020,1,7,,0,0,1,2,B01
202000002021,2,7,,4,0,1,1,A01
202000002022,2,7,,0,2,2,15,A01
202000002022,1,30,,0,2,1,1,B01
202000002023,2,7,,0,2,1,1,B01
202000002023,1,7,,16,2,5,1,A01
202000002024,0,7,,11,0,3,1,A01
202000002025,3,33,,3,0,8,13,A01
202000002026,1,7,,0,2,1,19,B01
202000002026,1,7,,12,2,8,1,A01
202000002027,3,7,,0,1,4,26,A01
202000002028,2,7,,0,9,7,1,B01
202000002028,2,1,,0,0,6,1,A01
202000002029,2,30,,0,2,1,1,B01
202000002029,1,7,,0,2,2,15,A01
202000002030,3,7,,0,2,0,10,B01
202000002030,3,33,,0,2,2,1,A01
202000002031,3,2,,0,2,2,1,B01
202000002031,2,7,,0,2,7,1,A01
202000002032,1,7,,0,2,6,2,B01
202000002032,1,34,,0,2,1,2,A01
202000002033,3,7,,0,0,8,19,A01
202000002033,2,33,,0,2,1,1,B01
202000002034,1,7,,0,1,5,24,B01
202000002034,1,7,,1,0,2,1,A01
202000002035,1,30,,11,0,1,1,A01
202000002036,3,2,,6,0,1,1,A01
202000002037,1,2,,0,2,1,15,A01
202000002037,2,7,,0,2,3,1,B01
202000002038,1,7,,13,0,7,1,A01
202000002039,1,33,,13,0,1,14,A01
202000002040,3,33,,0,0,0,1,A01
202000002041,1,7,,0,1,2,1,A01
202000002042,1,7,,0,1,3,1,A01
202000002043,2,7,,12,0,9,1,A01
202000002044,1,37,1.0,0,1,1,1,A01
202000002045,2,7,,15,0,2,1,A01
202000002046,1,7,,1,9,1,1,B01
202000002046,1,7,,13,2,3,1,A01
202000002047,0,7,,0,0,9,0,A01
202000002048,1,7,,6,0,1,0,A01
202000002049,1,10,,0,1,1,9,A01
202000002050,2,7,,6,0,4,1,A01
202000002051,2,7,,0,2,5,16,A01
202000002051,2,7,,0,2,1,2,Z01
202000002052,1,32,,0,2,4,1,B01
202000002052,1,33,,0,2,1,1,A01
202000002053,2,7,,0,2,2,1,B01
202000002053,1,7,,0,2,1,13,A01
202000002054,1,7,,0,1,0,21,Z01
202000002055,3,7,,0,1,1,9,A01
202000002056,2,7,,0,2,1,13,A01
202000002056,1,33,,0,2,9,21,B01
202000002057,2,7,,0,2,2,15,A01
202000002057,1,30,,0,2,7,1,B01
202000002058,1,7,,16,9,1,1,A01
202000002059,1,7,,4,0,3,14,A01
202000002060,1,2,,0,2,1,1,B01
202000002060,2,21,,0,2,8,1,A01
202000002061,1,7,,0,1,1,1,A01
202000002062,1,7,,0,2,1,1,B01
202000002062,2,7,,0,2,1,13,A01
202000002063,1,2,,0,2,1,0,B01
202000002063,3,7,,0,2,1,26,A01
202000002064,2,1,,0,0,0,1,A01
202000002065,1,7,,0,2,1,17,A01
202000002065,1,1,,0,2,4,1,B01
202000002066,1,7,,0,1,0,1,Z01
202000002067,2,33,,13,0,1,1,A01
202000002068,3,7,,14,0,1,9,A01
202000002069,2,7,,0,9,8,1,B01
202000002069,2,33,,0,2,1,13,A01
202000002070,1,7,,0,2,3,11,A01
202000002070,1,33,,0,2,2,17,B01
202000002071,1,2,,0,1,1,17,A01
202000002072,2,50,,0,1,1,1,A01
202000002073,1,7,,0,1,2,1,A01
202000002074,1,10,,0,2,2,17,A01
202000002074,1,7,,16,0,3,1,B01
202000002075,2,1,,0,2,7,1,B01
202000002075,1,7,,0,2,1,1,A01
202000002076,2,2,,0,0,4,2,B01
202000002076,2,7,,0,2,1,2,A01
202000002077,1,7,,0,2,2,15,A01
202000002077,1,33,,0,2,4,16,B01
202000002078,2,1,,14,0,0,14,A01
202000002079,1,7,,0,2,1,1,B01
202000002079,2,7,,3,2,1,13,A01
202000002080,1,33,,0,2,1,1,A01
202000002080,1,60,,0,2,8,9,B01
202000002081,2,1,,0,2,4,19,A01
202000002081,2,33,,0,2,0,1,B01
202000002082,1,7,,0,2,2,2,A01
202000002082,1,15,,0,2,6,2,B01
202000002083,3,7,,0,2,1,2,A01
202000002083,3,7,,0,2,4,23,B01
202000002084,2,30,,0,2,8,1,A01
202000002084,2,7,,0,2,0,12,Z01
202000002085,1,7,,0,2,3,1,B01
202000002085,2,7,,0,2,2,17,A01
202000002086,2,1,,0,2,1,1,B01
202000002086,2,7,,0,2,2,16,A01
202000002087,1,1,,0,2,8,1,B01
202000002087,1,10,,0,2,7,16,A01
202000002088,2,7,,0,2,2,1,B01
202000002088,0,2,,0,2,1,19,A01
202000002089,2,30,,0,1,1,1,A01
202000002090,3,7,,0,1,2,1,A01
202000002091,1,7,,0,2,2,1,B01
202000002091,1,50,,0,2,1,1,A01
202000002092,1,1,,0,1,1,2,A01
202000002093,2,10,,0,2,3,22,A01
202000002093,2,1,,0,2,1,1,B01
202000002094,2,30,,0,0,0,1,A01
202000002095,1,33,,17,0,1,14,A01
202000002096,2,30,,0,1,1,1,Z01
202000002097,2,7,,6,0,7,13,A01
202000002098,1,7,,0,2,6,15,A01
202000002098,2,7,,0,2,1,1,B01
202000002099,2,7,,0,1,1,1,A01
202000002100,3,2,,6,0,1,2,A01
202000002101,3,7,,4,0,3,0,A01
202000002102,1,7,,0,1,1,1,A01
202000002103,3,33,,0,2,1,1,B01
202000002103,3,7,,0,2,2,1,A01
202000002104,1,7,,0,2,3,15,A01
202000002104,2,1,,0,0,0,0,B01
202000002105,2,7,,0,1,1,2,A01
202000002106,-1,7,,16,0,1,26,A01
202000002107,1,7,,0,2,3,9,A01
202000002107,1,1,,0,2,1,1,B01
202000002108,-1,7,,0,2,1,1,A01
202000002108,-1,7,,0,2,3,10,B01
202000002109,2,33,,13,0,1,1,A01
202000002110,1,34,,0,0,0,0,A01
202000002110,1,7,,0,0,0,0,Z01
202000002111,1,7,,0,2,3,1,B01
202000002111,2,7,,0,2,3,13,A01
202000002112,2,2,,0,2,4,23,B01
202000002112,2,7,,0,2,1,26,A01
202000002113,1,7,,0,2,5,23,B01
202000002113,1,7,,0,2,5,1,A01
202000002114,1,7,,0,1,1,15,A01
202000002115,3,7,,13,0,1,16,A01
202000002116,1,7,,17,0,1,0,A01
202000002117,0,7,,0,0,2,26,A01
202000002117,0,7,,0,2,0,15,B01
202000002118,1,7,,0,2,6,1,A01
202000002118,2,7,,0,2,3,1,B01
202000002119,1,37,2.0,12,0,1,16,A01
202000002120,0,2,,1,0,1,1,A01
202000002121,2,7,,13,2,1,1,B01
202000002121,1,7,,8,2,6,19,A01
202000002122,1,7,,0,2,8,1,B01
202000002122,1,10,,0,2,1,16,A01
202000002123,2,7,,0,2,1,1,B01
202000002123,2,7,,0,2,4,1,A01
202000002124,1,7,,0,2,3,1,A01
202000002124,2,10,,0,2,8,1,B01
202000002125,2,7,,3,0,3,2,A01
202000002126,1,7,,0,2,2,15,A01
202000002126,2,7,,0,2,8,1,B01
202000002127,1,7,,4,0,3,13,A01
202000002128,2,7,,16,0,0,1,A01
202000002129,1,7,,0,1,3,15,A01
202000002130,2,7,,0,0,7,1,B01
202000002130,1,7,,2,0,7,13,A01
202000002131,1,7,,0,2,1,1,B01
202000002131,2,7,,0,2,7,1,A01
202000002132,1,7,,0,2,4,19,A01
202000002132,2,7,,0,2,1,0,B01
202000002133,1,17,,0,2,6,1,B01
202000002133,1,7,,0,2,2,14,A01
202000002134,2,7,,0,2,8,15,A01
202000002134,2,7,,0,2,2,16,B01
202000002135,2,1,,0,0,8,1,B01
202000002135,2,33,,0,2,7,17,A01
202000002136,2,33,,0,0,7,1,A01
202000002137,2,13,,7,0,2,1,A01
202000002138,0,7,,6,0,1,1,A01
202000002139,1,7,,0,2,3,26,A01
202000002139,1,33,,0,2,1,5,B01
202000002140,2,33,,0,2,2,17,A01
202000002140,3,7,,0,2,3,9,B01
202000002141,1,7,,0,2,1,15,A01
202000002141,2,7,,0,2,2,1,B01
202000002141,2,7,,0,0,2,1,C01
202000002142,2,7,,6,0,3,1,A01
202000002143,3,7,,1,0,7,0,A01
202000002144,2,7,,0,2,3,1,B01
202000002144,1,7,,0,2,1,5,A01
202000002145,1,33,,15,0,0,1,A01
202000002146,2,7,,0,2,1,1,B01
202000002146,1,7,,0,2,1,13,A01
202000002147,3,7,,0,2,2,1,A01
202000002147,0,10,,0,2,6,18,B01
202000002148,2,33,,0,0,1,0,A01
202000002149,2,7,,0,2,6,11,A01
202000002149,2,31,,0,2,2,11,B01
202000002150,1,33,,0,2,1,15,B01
202000002150,1,7,,0,2,2,15,A01
202000002151,1,7,,0,2,7,26,A01
202000002151,2,7,,0,2,1,1,B01
202000002152,2,7,,0,2,1,17,A01
202000002152,2,7,,0,2,8,1,B01
202000002152,1,7,,0,2,1,1,C01
202000002153,2,2,,0,2,6,24,A01
202000002153,2,32,,1,0,1,0,B01
202000002154,1,7,,0,2,1,5,A01
202000002154,2,15,,0,2,1,1,B01
202000002155,1,7,,0,2,6,15,B01
202000002155,2,33,,0,2,1,1,A01
202000002156,1,7,,0,9,3,1,A01
202000002156,2,1,,0,2,5,1,B01
202000002157,1,2,,6,0,7,14,A01
202000002158,1,2,,0,2,1,1,A01
202000002158,1,15,,0,2,4,1,B01
202000002159,2,7,,0,2,1,1,B01
202000002159,1,7,,0,2,3,13,A01
202000002160,2,7,,0,0,0,1,B01
202000002160,1,7,,0,0,0,13,A01
202000002161,2,10,,0,2,5,17,A01
202000002161,2,1,,0,2,3,2,B01
202000002162,3,3,,0,2,2,20,A01
202000002162,3,1,,0,0,6,26,B01
202000002163,2,7,,17,0,1,1,A01
202000002164,3,7,,0,0,7,1,A01
202000002165,1,7,,0,2,4,2,C01
202000002165,1,7,,0,2,1,2,A01
202000002165,1,7,,0,2,4,2,B01
202000002166,2,31,,2,0,1,13,A01
202000002167,1,7,,13,9,1,1,A01
202000002168,3,7,,13,0,8,1,A01
202000002169,1,33,,0,1,3,1,A01
202000002170,0,7,,0,2,3,15,B01
202000002170,0,7,,0,2,2,1,A01
202000002171,1,2,,0,0,0,1,A01
202000002172,3,7,,2,0,1,0,A01
202000002173,3,34,,0,0,8,1,A01
202000002174,0,33,,0,0,0,1,A01
202000002174,0,7,,0,0,0,15,B01
202000002175,1,7,,0,2,3,9,A01
202000002175,1,1,,0,2,0,1,B01
202000002176,1,3,,0,1,3,1,A01
202000002177,2,33,,0,2,3,15,B01
202000002177,1,7,,0,2,3,9,A01
202000002178,2,7,,0,2,2,19,A01
202000002178,1,7,,0,2,1,1,B01
202000002179,1,7,,2,0,0,14,A01
202000002180,2,7,,0,0,1,5,A01
202000002180,1,7,,0,0,2,1,B01
202000002181,1,33,,6,0,8,1,A01
202000002182,2,7,,0,2,1,1,A01
202000002182,1,7,,0,2,1,16,B01
202000002183,2,33,,0,2,1,1,A01
202000002183,2,7,,0,0,4,1,B01
202000002184,1,33,,0,2,1,1,B01
202000002184,2,10,,0,2,7,15,A01
202000002185,2,80,,0,0,8,1,A01
202000002186,2,7,,0,2,1,5,A01
202000002186,1,7,,0,2,1,1,B01
202000002187,1,31,,0,2,1,1,B01
202000002187,2,7,,0,2,2,10,A01
202000002188,0,7,,0,2,2,1,B01
202000002188,0,7,,0,2,7,13,A01
202000002189,1,7,,6,0,1,14,A01
202000002190,2,7,,0,0,1,2,B01
202000002190,2,7,,0,0,4,2,A01
202000002191,1,33,,0,2,1,1,B01
202000002191,1,7,,12,2,6,11,A01
202000002192,2,7,,0,2,7,13,A01
202000002192,1,7,,0,2,1,1,B01
202000002193,1,38,1.0,0,0,0,19,B01
202000002193,2,7,,13,0,1,21,A01
202000002194,2,33,,0,2,2,1,B01
202000002194,1,7,,0,2,2,17,A01
202000002195,0,7,,0,1,1,20,A01
202000002196,1,7,,0,1,2,21,A01
202000002197,1,7,,0,2,1,1,A01
202000002197,1,17,,0,0,5,1,B01
202000002198,3,7,,17,0,1,1,A01
202000002199,1,7,,15,0,7,1,A01
202000002200,2,15,,0,2,5,21,B01
202000002200,2,7,,0,0,6,23,A01
202000002201,1,7,,0,2,3,1,B01
202000002201,3,10,,0,2,1,19,A01
202000002202,2,7,,0,2,1,5,A01
202000002202,1,7,,0,2,3,1,B01
202000002203,2,1,,0,2,1,1,B01
202000002203,1,7,,0,2,1,13,A01
202000002203,2,7,,0,2,7,21,C01
202000002204,2,7,,0,2,1,1,B01
202000002204,1,7,,0,2,1,13,A01
202000002205,1,7,,6,0,1,1,A01
202000002206,1,7,,0,2,3,15,A01
202000002206,1,33,,0,2,1,17,B01
202000002207,0,7,,0,0,0,13,A01
202000002208,3,13,,0,1,1,1,A01
202000002209,1,37,1.0,0,1,1,2,A01
202000002210,0,7,,1,0,8,0,E01
202000002210,2,7,,1,0,6,26,D01
202000002210,0,7,,1,0,2,24,C01
202000002210,1,7,,1,2,4,0,B01
202000002210,1,7,,1,2,1,2,A01
202000002211,2,7,,4,2,1,21,A01
202000002211,2,17,,0,0,5,1,B01
202000002212,3,7,,0,2,2,13,A01
202000002212,3,7,,0,2,1,1,B01
202000002213,1,50,,0,2,1,1,B01
202000002213,2,7,,0,2,0,9,A01
202000002214,2,37,1.0,0,2,3,1,B01
202000002214,1,7,,0,2,1,13,A01
202000002215,1,33,,0,2,1,1,B01
202000002215,2,7,,0,2,1,15,A01
202000002216,1,7,,0,1,3,1,A01
202000002217,1,7,,8,0,2,1,A01
202000002218,2,33,,0,2,1,1,B01
202000002218,0,7,,0,2,5,9,A01
202000002219,3,7,,0,9,7,15,B01
202000002219,3,2,,0,2,1,1,A01
202000002220,2,7,,0,2,2,1,A01
202000002220,1,7,,8,2,3,1,B01
202000002221,1,7,,4,0,3,1,A01
202000002222,3,7,,0,0,2,5,A01
202000002223,1,7,,0,2,4,2,B01
202000002223,1,7,,0,2,1,2,A01
202000002224,2,7,,4,0,1,0,A01
202000002225,1,7,,0,2,1,2,B01
202000002225,1,33,,0,2,9,2,A01
202000002226,1,10,,0,0,0,1,B01
202000002226,1,33,,0,0,8,17,A01
202000002227,1,7,,0,2,8,2,B01
202000002227,1,7,,0,2,7,2,A01
202000002228,2,7,,0,2,1,2,A01
202000002228,2,7,,0,2,4,2,B01
202000002229,1,33,,0,2,7,1,B01
202000002229,2,10,,0,2,8,15,A01
202000002230,2,7,,0,2,4,2,C01
202000002230,2,15,,0,2,1,1,A01
202000002230,2,7,,0,2,4,2,B01
202000002231,2,14,,0,2,7,12,A01
202000002231,2,7,,4,0,8,1,B01
202000002231,2,7,,4,0,3,1,C01
202000002232,2,33,,14,0,1,13,A01
202000002233,1,7,,0,2,4,2,B01
202000002233,1,7,,0,2,3,2,A01
202000002234,2,31,,0,2,1,3,B01
202000002234,2,10,,0,2,4,14,A01
202000002235,1,2,,0,0,4,15,B01
202000002235,1,7,,0,2,3,1,A01
202000002236,2,7,,4,0,1,1,A01
202000002237,2,1,,0,0,0,0,A01
202000002238,1,7,,0,1,3,1,A01
202000002239,1,7,,0,2,2,14,B01
202000002239,1,7,,0,2,1,1,A01
202000002240,2,7,,0,2,1,1,B01
202000002240,2,7,,0,0,4,1,A01
202000002241,1,7,,0,2,1,2,A01
202000002241,1,7,,0,2,4,2,B01
202000002242,2,1,,0,2,8,1,B01
202000002242,1,7,,0,2,1,9,A01
202000002243,1,7,,0,2,1,17,B01
202000002243,1,7,,0,2,1,1,A01
202000002244,2,7,,0,9,2,1,A01
202000002245,1,7,,0,2,2,1,D01
202000002245,1,38,1.0,0,2,6,1,E01
202000002245,1,7,,4,0,3,1,A01
202000002245,1,7,,0,2,5,1,B01
202000002245,1,7,,0,2,2,1,C01
202000002246,3,7,,0,2,3,13,A01
202000002246,3,7,,0,2,3,0,B01
202000002247,2,10,,0,0,1,16,A01
202000002248,2,7,,0,2,6,1,B01
202000002248,1,7,,0,2,2,13,A01
202000002248,2,7,,0,2,1,23,C01
202000002249,3,10,,0,2,3,1,A01
202000002249,2,10,,0,2,1,1,B01
202000002250,0,7,,0,0,9,0,A01
202000002251,3,7,,4,0,3,9,A01
202000002252,1,33,,13,0,1,1,A01
202000002253,1,33,,13,0,1,1,A01
202000002254,2,7,,0,2,1,13,A01
202000002254,1,7,,0,2,1,1,B01
202000002255,1,33,,0,0,8,21,A01
202000002256,2,7,,0,0,6,15,A01
202000002256,2,33,,0,0,7,17,B01
202000002257,3,99,,0,2,3,9,B01
202000002257,0,99,,0,2,1,1,A01
202000002258,3,33,,2,0,1,0,A01
202000002259,3,7,,0,2,0,9,A01
202000002259,3,7,,0,2,5,1,B01
202000002260,1,7,,0,2,1,2,A01
202000002260,1,36,,0,2,4,26,B01
202000002261,1,21,,0,0,0,15,B01
202000002261,1,33,,0,0,0,17,A01
202000002262,1,7,,0,2,0,0,B01
202000002262,1,7,,5,2,1,15,A01
202000002263,2,7,,0,2,4,2,A01
202000002263,2,7,,0,2,4,1,B01
202000002263,2,7,,0,2,1,1,C01
202000002264,3,1,,0,2,1,1,A01
202000002264,3,7,,0,2,4,23,B01
202000002265,2,7,,4,0,5,21,A01
202000002266,1,7,,4,0,2,1,A01
202000002266,1,7,,0,2,3,1,B01
202000002266,1,7,,0,2,1,1,C01
202000002267,2,32,,0,0,0,1,A01
202000002268,1,10,,0,2,1,17,A01
202000002268,1,10,,0,2,4,1,B01
202000002269,1,33,,3,0,1,17,A01
202000002270,2,7,,4,0,2,1,A01
202000002271,1,7,,0,2,1,2,B01
202000002271,1,7,,0,2,4,2,A01
202000002272,2,30,,0,2,1,13,A01
202000002272,1,7,,0,2,0,0,B01
202000002273,2,7,,3,0,1,9,A01
202000002274,2,7,,0,0,4,2,B01
202000002274,2,7,,0,2,1,26,A01
202000002275,2,7,,0,2,1,1,B01
202000002275,1,7,,8,2,1,1,A01
202000002276,1,7,,0,2,1,2,A01
202000002276,1,7,,0,2,1,2,B01
202000002276,1,7,,0,2,4,1,C01
202000002276,1,7,,0,2,4,14,D01
202000002277,2,33,,0,2,1,1,B01
202000002277,1,7,,0,2,2,15,A01
202000002278,1,7,,4,0,0,21,A01
202000002279,3,7,,4,0,1,2,A01
202000002280,1,7,,4,0,2,0,A01
202000002281,1,31,,0,0,7,1,A01
202000002282,0,33,,0,2,0,15,A01
202000002282,0,10,,0,0,0,1,B01
202000002283,1,33,,0,2,3,2,C01
202000002283,3,10,,0,9,0,23,A01
202000002283,1,33,,0,2,0,2,B01
202000002284,1,33,,0,1,1,1,A01
202000002285,2,13,,0,2,4,23,B01
202000002285,2,7,,0,2,1,1,A01
202000002286,0,7,,0,2,6,20,B01
202000002286,0,7,,0,2,2,2,A01
202000002287,2,7,,2,0,1,13,A01
202000002288,2,10,,0,1,1,15,A01
202000002289,2,50,,0,0,0,26,A01
202000002290,2,7,,2,0,1,14,A01
202000002291,3,7,,12,0,1,16,A01
202000002292,1,7,,0,2,1,11,Z01
202000002292,1,7,,0,2,5,1,A01
202000002293,1,32,,0,2,1,1,A01
202000002293,2,7,,0,2,1,9,B01
202000002294,2,7,,0,2,3,15,A01
202000002294,2,32,,0,2,7,17,B01
202000002295,2,7,,0,2,4,2,B01
202000002295,2,0,,0,2,1,2,A01
202000002296,1,7,,0,2,3,1,B01
202000002296,2,7,,0,2,1,1,A01
202000002297,2,30,,0,1,1,17,A01
202000002298,2,10,,0,2,3,1,B01
202000002298,2,99,,0,2,3,15,A01
202000002299,2,30,,0,2,2,17,B01
202000002299,2,7,,0,2,6,15,A01
202000002300,1,7,,0,2,5,2,B01
202000002300,1,7,,0,2,1,1,A01
202000002301,2,7,,0,2,6,1,B01
202000002301,2,2,,14,0,1,2,A01
202000002302,2,7,,0,2,3,1,C01
202000002302,1,7,,0,2,3,1,B01
202000002302,2,50,,0,2,1,1,A01
202000002303,1,7,,8,0,1,26,A01
202000002304,1,32,,0,2,1,1,A01
202000002304,3,7,,0,2,5,1,B01