Num_Acc,senc,catv,occutc,obs,obsm,choc,manv,num_veh
202000002305,2,7,,0,2,1,1,A01
202000002305,1,7,,0,2,0,0,B01
202000002305,2,7,,0,2,0,0,C01
202000002306,1,7,,0,2,1,17,A01
202000002306,1,7,,0,2,6,15,B01
202000002307,0,7,,9,0,0,1,A01
202000002307,0,7,,0,2,0,23,B01
202000002307,0,7,,0,2,0,23,C01
202000002308,1,7,,0,1,0,0,B01
202000002309,2,33,,0,5,1,1,A01
202000002310,0,10,,0,2,1,1,B01
202000002310,0,1,,0,2,1,19,A01
202000002311,1,7,,1,0,2,14,A01
202000002312,0,33,,0,2,1,1,B01
202000002312,0,10,,0,2,2,19,A01
202000002313,1,7,,0,2,1,1,B01
202000002313,1,7,,0,2,1,16,A01
202000002314,1,7,,0,1,5,1,A01
202000002315,1,35,,0,2,8,19,A01
202000002315,1,7,,0,2,1,1,B01
202000002316,1,10,,0,2,1,1,Z01
202000002316,1,10,,0,2,4,1,B01
202000002317,1,1,,0,2,1,25,A01
202000002317,0,7,,0,2,1,9,B01
202000002318,2,7,,0,1,2,1,A01
202000002319,1,7,,0,2,0,0,Z01
202000002319,1,32,,0,2,8,26,A01
202000002320,2,1,,0,0,0,1,A01
202000002321,2,7,,0,1,2,26,A01
202000002322,3,7,,0,2,8,23,B01
202000002322,3,7,,0,2,1,13,A01
202000002323,1,7,,0,1,1,17,A01
202000002324,1,2,,0,0,1,1,B01
202000002324,2,7,,0,2,5,15,A01
202000002325,3,7,,0,2,3,9,A01
202000002325,0,2,,0,2,2,9,B01
202000002326,1,30,,0,0,7,2,A01
202000002327,1,7,,0,1,5,4,A01
202000002328,1,7,,13,0,1,13,A01
202000002329,2,7,,0,1,1,15,A01
202000002330,2,7,,0,2,1,1,A01
202000002330,2,13,,0,2,2,1,B01
202000002331,1,7,,0,1,2,26,A01
202000002332,2,7,,0,1,1,26,A01
202000002333,1,32,,0,2,4,1,B01
202000002333,1,10,,0,2,1,1,A01
202000002334,1,7,,0,2,5,11,B01
202000002334,1,32,,0,2,1,3,A01
202000002335,1,33,,0,2,7,1,A01
202000002335,1,7,,0,0,0,12,Z01
202000002336,2,10,,0,1,5,4,A01
202000002337,2,7,,0,2,2,12,A01
202000002337,2,1,,0,2,1,1,B01
202000002338,0,10,,0,1,4,26,A01
202000002339,1,10,,0,2,6,24,A01
202000002339,1,7,,0,2,7,1,B01
202000002339,1,1,,1,2,9,13,C01
202000002340,3,7,,0,1,1,1,A01
202000002341,0,30,,0,0,8,26,A01
202000002342,0,33,,0,2,1,2,A01
202000002342,0,7,,0,2,4,2,B01
202000002343,1,7,,0,1,3,16,A01
202000002344,3,7,,0,2,4,23,B01
202000002344,3,7,,0,2,1,1,A01
202000002345,0,7,,0,1,2,1,A01
202000002346,0,34,,0,2,1,1,B01
202000002346,2,7,,0,2,2,15,A01
202000002347,0,7,,0,2,1,13,A01
202000002347,0,7,,1,2,1,1,B01
202000002348,2,7,,0,2,6,10,A01
202000002348,2,7,,0,2,1,1,B01
202000002349,3,10,,0,1,4,9,A01
202000002350,1,7,,0,1,1,11,A01
202000002351,1,7,,0,2,5,26,A01
202000002351,1,30,,0,2,3,2,B01
202000002352,3,1,,0,2,1,1,B01
202000002352,3,34,,0,9,1,1,A01
202000002353,2,7,,0,9,7,16,A01
202000002353,3,50,,0,2,0,0,B01
202000002354,1,7,,0,2,5,1,B01
202000002354,1,1,,0,2,1,9,A01
202000002355,1,7,,0,2,2,1,A01
202000002355,1,1,,0,2,8,13,B01
202000002356,1,2,,0,2,1,2,B01
202000002356,1,7,,0,2,6,4,A01
202000002357,1,7,,14,2,1,5,B01
202000002357,1,7,,14,2,2,13,A01
202000002358,2,17,,0,2,2,1,A01
202000002358,2,7,,0,2,5,2,B01
202000002359,3,7,,0,9,1,26,A01
202000002359,0,1,,0,0,8,1,Y01
202000002360,1,1,,1,2,3,1,Y01
202000002360,2,7,,0,9,3,15,Z01
202000002361,3,33,,0,2,1,1,B01
202000002361,3,7,,0,2,3,15,A01
202000002362,1,7,,0,2,2,15,B01
202000002362,2,32,,0,2,2,18,A01
202000002363,0,7,,0,2,2,23,B01
202000002363,0,1,,0,2,1,25,A01
202000002364,1,7,,0,2,1,0,B01
202000002364,1,7,,0,2,1,0,A01
202000002365,3,1,,0,2,4,19,B01
202000002365,1,7,,0,2,1,1,A01
202000002366,1,7,,0,2,3,19,A01
202000002366,1,7,,0,2,1,19,B01
202000002367,1,7,,0,2,1,13,A01
202000002367,2,7,,0,2,1,1,B01
202000002368,1,7,,0,2,1,1,B01
202000002368,1,7,,0,0,4,1,A01
202000002369,3,1,,0,2,4,2,B01
202000002369,3,7,,0,2,0,26,Z01
202000002370,2,7,,0,2,6,15,A01
202000002370,2,33,,0,2,1,1,B01
202000002371,2,7,,0,2,4,1,C01
202000002371,2,10,,0,2,1,1,A01
202000002371,2,7,,0,2,4,1,B01
202000002372,1,30,,0,0,0,1,A01
202000002373,0,50,,0,2,1,1,B01
202000002373,0,7,,0,2,5,16,A01
202000002374,1,7,,0,1,1,1,A01
202000002375,0,7,,0,1,1,1,A01
202000002376,1,32,,0,1,1,1,A01
202000002377,1,40,,0,1,1,1,A01
202000002378,2,1,,0,0,0,1,A01
202000002379,1,2,,0,0,0,0,A01
202000002380,0,7,,0,2,6,9,A01
202000002380,0,80,,0,2,1,1,B01
202000002381,2,7,,0,1,3,26,A01
202000002382,3,7,,0,2,8,1,B01
202000002382,3,32,,0,2,1,16,A01
202000002383,1,7,,0,1,4,20,A01
202000002384,1,1,,0,0,0,1,A01
202000002385,2,10,,1,2,3,1,A01
202000002385,2,7,,0,2,8,1,C01
202000002386,2,33,,0,2,3,2,A01
202000002386,2,10,,0,2,7,16,B01
202000002387,2,7,,16,0,2,1,A01
202000002388,0,7,,0,2,7,1,B01
202000002388,0,7,,8,2,1,19,A01
202000002389,1,7,,0,2,0,0,A01
202000002389,1,2,,0,2,0,0,B01
202000002390,2,10,,0,1,2,1,A01
202000002390,2,1,,0,2,4,1,B01
202000002391,1,14,,0,2,2,9,A01
202000002391,1,7,,0,2,4,0,C01
202000002391,1,7,,0,2,4,0,D01
202000002391,1,7,,16,0,4,0,B01
202000002392,1,7,,0,2,2,1,B01
202000002392,2,33,,0,2,2,1,A01
202000002393,3,7,,0,2,1,16,B01
202000002393,3,7,,0,2,2,15,A01
202000002394,1,33,,12,0,0,0,A01
202000002395,1,7,,0,1,3,0,A01
202000002396,2,7,,2,0,1,12,A01
202000002397,1,37,1.0,0,1,8,15,A01
202000002398,1,13,,0,2,4,2,C01
202000002398,1,7,,0,2,4,2,B01
202000002398,1,10,,0,2,1,2,A01
202000002399,1,34,,0,0,8,1,A01
202000002400,2,1,,0,2,1,1,B01
202000002400,1,10,,0,2,5,4,A01
202000002401,1,32,,0,2,1,1,B01
202000002401,1,7,,0,2,1,5,A01
202000002402,2,50,,0,1,1,1,A01
202000002403,0,7,,0,2,4,1,B01
202000002403,0,7,,0,2,1,1,A01
202000002404,1,7,,0,2,1,1,A01
202000002404,1,31,,0,2,2,1,B01
202000002404,1,7,,0,2,7,1,C01
202000002405,2,7,,0,1,2,15,A01
202000002406,3,7,,0,2,2,15,A01
202000002406,3,32,,0,2,3,1,B01
202000002407,2,1,,0,2,3,1,B01
202000002407,1,7,,0,2,3,22,A01
202000002408,2,1,,0,2,1,13,A01
202000002408,2,7,,0,2,2,7,B01
202000002409,2,7,,0,1,3,1,A01
202000002410,2,10,,0,1,3,16,A01
202000002411,3,7,,14,0,1,1,A01
202000002412,1,7,,0,2,1,15,A01
202000002412,1,30,,0,2,8,16,B01
202000002413,2,7,,0,2,1,1,B01
202000002413,1,50,,0,2,7,1,A01
202000002414,1,50,,0,2,1,19,A01
202000002414,1,1,,0,2,1,1,B01
202000002415,1,30,,0,2,3,7,A01
202000002415,1,13,,0,2,3,16,B01
202000002416,2,7,,0,2,3,1,B01
202000002416,1,32,,0,2,1,19,A01
202000002417,1,7,,1,1,3,24,A01
202000002418,2,7,,0,2,1,13,A01
202000002418,2,31,,0,2,1,3,B01
202000002419,3,7,,0,2,3,15,A01
202000002419,3,2,,0,2,3,15,B01
202000002420,2,1,,0,2,7,1,A01
202000002420,1,7,,0,2,3,1,B01
202000002421,2,50,,0,2,1,1,A01
202000002421,2,10,,0,0,2,9,B01
202000002422,3,7,,0,2,2,1,A01
202000002422,2,32,,15,2,1,1,B01
202000002423,2,7,,0,2,0,0,X01
202000002423,2,7,,0,2,4,1,D01
202000002423,2,7,,0,2,4,0,C01
202000002423,2,7,,0,2,4,1,B01
202000002423,2,7,,0,2,0,1,A01
202000002424,1,31,,0,1,3,18,B01
202000002425,1,7,,1,0,3,22,A01
202000002426,2,33,,0,2,1,1,A01
202000002426,2,7,,0,2,1,0,B01
202000002427,1,7,,0,2,5,1,B01
202000002427,1,7,,0,2,3,14,A01
202000002428,2,1,,1,0,1,1,B01
202000002428,2,7,,0,2,8,22,A01
202000002429,1,15,,0,0,6,23,A01
202000002429,1,10,,0,2,2,0,B01
202000002429,1,7,,0,9,1,0,C01
202000002430,1,10,,0,2,3,15,A01
202000002430,1,34,,0,2,1,17,B01
202000002431,3,14,,13,0,2,1,A01
202000002432,1,33,,16,0,0,1,A01
202000002433,3,7,,0,2,1,15,A01
202000002433,1,7,,0,0,7,1,B01
202000002434,1,7,,0,0,6,15,A01
202000002434,1,33,,0,2,2,17,B01
202000002435,2,7,,15,0,1,1,A01
202000002436,1,7,,13,0,1,0,A01
202000002437,0,7,,0,2,3,13,A01
202000002437,0,7,,0,2,3,1,B01
202000002438,0,7,,8,0,1,1,A01
202000002439,2,7,,9,0,2,1,A01
202000002440,1,7,,0,0,4,1,B01
202000002440,1,34,,0,2,1,1,A01
202000002441,1,7,,0,9,7,16,B01
202000002441,1,1,,0,2,8,1,A01
202000002442,1,32,,7,0,1,1,A01
202000002443,2,21,,0,2,6,15,B01
202000002443,2,7,,0,2,1,17,A01
202000002444,1,7,,13,0,2,14,A01
202000002445,1,7,,13,0,9,13,A01
202000002446,2,7,,0,0,4,1,A01
202000002446,2,31,,0,2,1,1,B01
202000002446,1,21,,0,0,0,1,C01
202000002447,1,1,,0,2,0,26,B01
202000002447,1,10,,0,9,3,0,A01
202000002448,0,33,,2,0,1,0,A01
202000002449,2,7,,0,2,3,1,B01
202000002449,1,21,,0,2,3,15,A01
202000002450,2,7,,0,0,5,23,B01
202000002450,2,2,,0,2,1,2,A01
202000002451,2,7,,0,9,2,9,A01
202000002451,2,1,,0,2,1,1,B01
202000002452,1,7,,13,0,2,1,A01
202000002453,2,21,,0,2,1,15,A01
202000002453,1,33,,0,2,1,1,B01
202000002454,2,7,,2,0,1,14,A01
202000002455,1,7,,0,0,1,13,A01
202000002455,2,7,,0,0,1,1,B01
202000002456,2,7,,0,2,4,23,C01
202000002456,2,7,,0,2,4,23,B01
202000002456,2,10,,0,2,1,1,A01
202000002457,1,7,,0,2,7,1,A01
202000002457,2,7,,0,2,1,1,B01
202000002457,2,7,,0,2,3,19,C01
202000002458,1,7,,13,0,2,14,A01
202000002459,3,7,,0,2,3,1,B01
202000002459,3,7,,0,2,3,15,A01
202000002460,1,7,,17,0,0,14,A01
202000002461,1,33,,0,2,2,0,B01
202000002461,1,7,,0,2,3,11,A01
202000002462,2,1,,0,2,1,1,B01
202000002462,1,7,,0,2,2,15,A01
202000002463,3,7,,0,0,1,1,A01
202000002464,1,7,,0,2,1,13,A01
202000002464,2,7,,0,2,3,1,B01
202000002465,1,7,,3,0,3,1,A01
202000002466,2,7,,0,2,1,1,A01
202000002466,2,50,,0,2,7,1,B01
202000002467,1,14,,0,9,2,16,A01
202000002467,1,1,,0,2,0,1,B01
202000002468,1,7,,0,0,6,1,B01
202000002468,1,33,,0,2,1,13,A01
202000002469,1,17,,0,0,6,2,B01
202000002469,1,7,,0,2,1,2,A01
202000002470,3,33,,13,0,7,13,A01
202000002471,2,7,,0,0,9,14,A01
202000002472,0,36,,0,0,6,1,A01
202000002473,2,7,,0,2,3,1,B01
202000002473,1,7,,0,2,3,13,A01
202000002474,3,33,,12,0,1,26,A01
202000002475,1,7,,13,0,1,21,A01
202000002476,2,7,,0,2,1,1,B01
202000002476,1,33,,0,2,2,1,C01
202000002476,2,13,,0,2,7,15,A01
202000002477,0,33,,0,2,0,26,B01
202000002477,0,7,,0,2,3,0,A01
202000002478,2,33,,0,0,3,1,B01
202000002478,2,7,,0,0,6,9,A01
202000002479,1,33,,0,0,0,1,A01
202000002480,1,7,,0,1,0,24,A01
202000002481,1,10,,0,2,7,11,A01
202000002481,2,1,,0,2,1,1,B01
202000002482,1,7,,0,2,1,15,B01
202000002482,2,7,,7,2,3,1,A01
202000002483,1,33,,16,0,9,1,A01
202000002484,1,99,,0,2,8,19,B01
202000002484,1,15,,0,2,2,1,A01
202000002485,3,7,,0,2,3,1,B01
202000002485,3,7,,0,2,3,15,A01
202000002486,0,7,,0,9,2,9,A01
202000002486,0,80,,0,0,4,1,B01
202000002487,2,7,,0,2,5,2,B01
202000002487,2,33,,0,2,3,15,A01
202000002488,2,7,,0,2,8,11,A01
202000002488,2,33,,0,2,7,1,B01
202000002489,2,7,,0,2,9,1,C01
202000002489,2,17,,0,2,4,1,B01
202000002489,2,17,,0,2,1,1,A01
202000002490,2,7,,0,2,0,0,A01
202000002490,2,7,,0,2,0,1,B01
202000002490,2,7,,0,2,1,1,C01
202000002491,2,7,,0,2,0,2,C01
202000002491,2,7,,0,2,0,1,B01
202000002491,2,7,,0,2,1,1,A01
202000002492,1,7,,0,2,4,0,B01
202000002492,1,7,,0,2,1,1,A01
202000002493,1,7,,0,2,6,1,B01
202000002493,1,15,,0,2,2,12,A01
202000002493,1,7,,0,2,1,1,C01
202000002494,1,34,,11,0,1,1,A01
202000002495,1,7,,0,2,4,2,B01
202000002495,1,7,,0,2,1,2,A01
202000002496,3,7,,0,2,4,2,C01
202000002496,3,7,,0,2,4,2,B01
202000002496,3,7,,0,2,1,2,A01
202000002497,3,10,,0,1,4,4,A01
202000002498,1,10,,3,0,2,1,A01
202000002499,2,33,,0,0,0,16,A01
202000002500,3,7,,0,2,3,1,B01
202000002500,1,30,,0,2,1,19,A01
202000002501,3,7,,0,1,2,15,A01
202000002502,1,1,,0,1,0,2,Z01
202000002503,3,1,,0,2,7,6,A01
202000002503,3,7,,0,2,1,1,B01
202000002504,3,1,,0,2,1,19,Y01
202000002504,2,7,,0,2,7,1,A01
202000002505,2,1,,0,2,3,1,A01
202000002505,2,7,,0,2,1,1,B01
202000002506,1,7,,0,2,1,1,B01
202000002506,1,7,,0,2,1,19,A01
202000002507,1,7,,0,2,1,1,A01
202000002507,1,7,,0,2,4,1,B01
202000002508,1,3,,15,0,1,14,A01
202000002509,3,2,,0,2,0,1,B01
202000002509,3,7,,0,2,5,15,A01
202000002510,2,7,,0,2,6,1,B01
202000002510,2,7,,0,2,2,12,A01
202000002511,1,10,,1,0,2,0,B01
202000002511,3,7,,1,2,8,22,A01
202000002512,2,7,,0,2,1,1,C01
202000002512,1,7,,0,2,6,1,B01
202000002512,1,7,,0,2,3,17,A01
202000002513,1,7,,0,1,1,15,A01
202000002514,1,7,,0,1,2,1,A01
202000002515,2,1,,0,2,8,1,B01
202000002515,2,10,,0,2,7,17,A01
202000002516,1,7,,0,2,1,2,A01
202000002516,1,7,,0,2,4,23,B01
202000002517,1,7,,0,0,3,2,B01
202000002517,1,34,,0,1,8,17,A01
202000002518,1,7,,0,1,3,26,A01
202000002519,2,7,,0,2,2,15,A01
202000002519,2,1,,0,2,1,1,B01
202000002520,1,7,,6,0,3,1,A01
202000002521,2,7,,0,1,1,1,A01
202000002522,2,7,,8,0,1,0,A01
202000002523,1,7,,0,2,3,1,B01
202000002523,1,7,,0,2,1,1,A01
202000002524,2,7,,0,9,3,1,A01
202000002524,1,31,,0,2,0,26,B01
202000002525,1,7,,0,2,1,1,A01
202000002525,3,33,,0,2,8,1,B01
202000002526,2,7,,0,2,1,15,B01
202000002526,1,7,,0,2,7,13,A01
202000002527,2,7,,0,2,3,15,A01
202000002527,1,7,,0,2,3,1,B01
202000002528,2,7,,0,1,7,16,B01
202000002529,2,33,,0,2,2,3,B01
202000002529,2,14,,0,2,3,22,A01
202000002529,2,10,,0,2,2,23,C01
202000002530,2,33,,0,1,1,1,A01
202000002531,1,7,,1,0,1,1,A01
202000002532,2,7,,6,0,7,0,A01
202000002533,1,33,,0,0,1,1,A01
202000002533,0,7,,0,0,3,15,B01
202000002534,1,7,,0,1,1,1,A01
202000002535,1,10,,0,1,3,7,A01
202000002536,3,7,,0,1,6,15,A01
202000002537,0,7,,0,1,2,1,A01
202000002538,2,7,,0,2,3,15,A01
202000002538,3,33,,0,2,4,23,B01
202000002539,1,7,,0,2,7,21,A01
202000002539,1,15,,0,2,3,2,B01
202000002540,3,7,,0,2,8,15,A01
202000002540,2,7,,0,2,1,1,B01
202000002541,1,7,,1,0,1,1,A01
202000002541,1,13,,0,1,1,23,B01
202000002542,2,7,,0,0,9,13,A01
202000002543,2,7,,0,2,4,23,B01
202000002543,2,7,,0,2,1,1,A01
202000002544,1,7,,0,2,1,1,A01
202000002544,2,1,,0,2,1,13,B01
202000002545,1,1,,0,0,9,1,A01
202000002546,3,1,,0,2,7,19,B01
202000002546,1,7,,0,2,3,1,A01
202000002547,2,7,,2,1,9,15,A01
202000002548,2,10,,0,2,3,1,B01
202000002548,1,7,,0,2,1,13,A01
202000002549,2,7,,0,1,1,1,A01
202000002550,2,7,,0,1,2,1,A01
202000002551,1,7,,0,2,4,2,B01
202000002551,1,37,1.0,0,2,1,2,A01
202000002552,1,7,,0,2,0,16,A01
202000002552,1,37,2.0,0,2,1,1,B01
202000002553,1,30,,0,2,3,2,B01
202000002553,1,7,,0,2,1,1,A01
202000002554,1,7,,0,2,1,26,A01
202000002554,1,7,,0,0,4,2,B01
202000002555,3,7,,9,0,3,25,A01
202000002556,1,38,1.0,0,2,2,2,A01
202000002556,1,1,,0,9,8,25,B01
202000002557,3,7,,0,0,0,26,A01
202000002557,3,30,,0,0,0,0,B01
202000002558,1,7,,0,1,2,1,A01
202000002559,1,2,,0,2,5,15,B01
202000002559,2,7,,0,2,2,2,A01
202000002560,2,7,,0,2,8,1,B01
202000002560,1,7,,0,2,3,13,A01
202000002561,3,7,,0,1,2,1,A01
202000002562,3,7,,0,0,3,0,A01
202000002563,1,7,,0,2,3,23,B01
202000002563,2,33,,8,2,7,1,A01
202000002564,3,32,,0,2,1,1,B01
202000002564,3,7,,0,2,2,15,A01
202000002565,1,1,,0,0,0,0,A01
202000002566,2,7,,0,1,1,15,A01
202000002567,1,7,,0,1,2,1,Z01
202000002568,3,99,,13,0,9,14,A01
202000002569,1,7,,0,1,1,1,A01
202000002570,3,30,,0,2,7,19,B01
202000002570,3,7,,0,2,8,1,A01
202000002571,1,7,,0,2,3,15,B01
202000002571,1,30,,0,2,8,18,A01
202000002572,2,33,,0,0,3,2,B01
202000002572,2,7,,0,0,5,9,A01
202000002573,2,7,,0,1,3,1,A01
202000002574,1,1,,0,2,7,15,B01
202000002574,2,7,,0,2,3,1,A01
202000002575,3,7,,0,2,1,9,A01
202000002575,3,2,,0,2,3,1,B01
202000002576,2,80,,0,0,7,20,A01
202000002577,2,2,,0,0,0,1,A01
202000002578,2,7,,0,2,3,1,B01
202000002578,1,33,,0,2,3,5,A01
202000002579,3,7,,0,1,4,20,A01
202000002580,3,80,,0,2,7,17,A01
202000002580,3,1,,0,2,8,1,B01
202000002581,3,7,,0,1,1,1,A01
202000002582,1,10,,0,1,1,1,A01
202000002583,2,1,,0,2,8,2,B01
202000002583,2,10,,0,2,0,14,A01
202000002584,1,7,,0,2,7,2,A01
202000002584,1,2,,0,2,3,21,B01
202000002585,2,30,,0,2,0,0,B01
202000002585,2,7,,0,2,5,23,A01
202000002586,1,1,,0,2,1,1,B01
202000002586,1,7,,0,2,3,9,A01
202000002587,3,7,,13,0,2,1,A01
202000002588,1,30,,1,0,2,15,A01
202000002589,1,33,,0,2,8,1,B01
202000002589,1,7,,0,2,1,19,A01
202000002590,-1,7,,-1,1,-1,-1,A01
202000002591,1,7,,0,1,3,15,A01
202000002592,1,2,,0,2,7,1,B01
202000002592,1,7,,0,2,1,26,A01
202000002593,1,7,,0,2,7,19,A01
202000002593,1,30,,0,2,1,1,B01
202000002594,3,7,,0,1,3,15,A01
202000002595,3,7,,0,1,0,0,A01
202000002596,1,7,,0,2,3,15,B01
202000002596,1,30,,0,2,7,17,A01
202000002597,2,7,,0,1,1,15,A01
202000002598,0,7,,0,1,2,20,A01
202000002599,1,7,,0,1,3,1,A01
202000002600,3,7,,13,0,9,13,A01
202000002601,1,2,,0,2,1,1,B01
202000002601,0,7,,0,9,1,15,A01
202000002602,1,1,,0,2,4,15,B01
202000002602,2,7,,0,2,2,0,A01
202000002603,1,7,,0,1,7,16,A01
202000002604,1,7,,0,2,4,23,A01
202000002604,1,7,,0,2,1,1,B01
202000002604,1,7,,0,2,1,1,C01
202000002604,1,7,,0,2,1,2,D01
202000002605,1,30,,0,1,1,1,A01
202000002606,1,30,,0,1,1,1,A01
202000002607,2,2,,0,1,1,1,A01
202000002608,2,7,,0,1,1,1,A01
202000002609,0,7,,0,1,3,9,Z01
202000002610,0,2,,0,2,8,1,B01
202000002610,0,7,,0,2,3,15,A01
202000002611,1,7,,0,2,8,15,A01
202000002611,1,7,,0,2,1,1,B01
202000002612,1,60,,0,1,8,5,B01
202000002612,1,31,,0,2,1,1,A01
202000002613,2,30,,0,1,1,1,A01
202000002614,-1,7,,0,2,3,15,A01
202000002614,-1,7,,0,2,7,1,B01
202000002615,1,10,,0,1,3,1,A01
202000002616,1,7,,0,1,2,17,A01
202000002617,3,30,,0,1,1,1,A01
202000002618,1,7,,0,2,2,22,B01
202000002618,1,34,,0,2,1,18,A01
202000002619,1,7,,0,2,1,1,B01
202000002619,2,7,,0,2,1,13,A01
202000002620,2,7,,0,2,3,1,A01
202000002620,2,33,,0,0,6,1,B01
202000002621,1,30,,0,0,3,1,A01
202000002622,2,1,,0,1,1,1,A01
202000002623,1,50,,0,2,8,1,A01
202000002623,3,30,,0,2,7,1,Z01
202000002624,2,33,,0,2,1,1,B01
202000002624,2,7,,0,2,6,10,A01
202000002625,1,30,,1,0,2,1,A01
202000002626,0,7,,0,1,1,1,A01
202000002627,0,7,,0,2,4,4,Z01
202000002627,0,1,,0,2,0,1,B01
202000002628,3,30,,0,0,0,21,A01
202000002629,2,7,,16,0,9,13,A01
202000002630,0,15,,0,2,3,0,B01
202000002630,0,7,,0,2,1,0,A01
202000002631,2,33,,15,0,1,13,A01
202000002632,2,30,,0,1,1,1,A01
202000002633,2,7,,0,1,1,26,A01
202000002634,2,7,,0,1,2,1,A01
202000002635,1,30,,0,1,1,1,A01
202000002636,2,1,,0,2,1,1,B01
202000002636,1,7,,0,2,3,15,A01
202000002637,1,7,,0,1,2,1,A01
202000002638,2,7,,0,0,5,2,B01
202000002638,2,33,,0,2,1,2,A01
202000002639,1,7,,0,2,1,19,A01
202000002639,2,32,,0,2,2,1,B01
202000002640,1,7,,0,2,0,0,Z01
202000002640,1,7,,0,2,2,1,A01
202000002640,1,2,,0,2,2,1,B01
202000002641,1,7,,15,1,1,15,A01
202000002642,3,7,,0,1,0,1,A01
202000002643,3,7,,0,1,1,1,A01
202000002644,1,7,,0,1,6,4,A01
202000002645,1,7,,0,2,3,1,B01
202000002645,2,7,,0,2,3,1,A01
202000002646,0,7,,0,1,5,9,A01
202000002647,0,7,,0,2,3,15,A01
202000002647,1,7,,0,2,1,1,B01
202000002648,1,7,,0,1,2,15,Z01
202000002649,3,7,,0,1,4,4,A01
202000002650,1,1,,9,0,1,1,A01
202000002651,2,7,,5,2,6,1,B01
202000002651,1,7,,5,2,3,1,A01
202000002652,1,7,,2,0,1,13,A01
202000002653,1,31,,0,1,1,26,Z01
202000002654,1,35,,0,2,1,10,Z01
202000002654,1,1,,0,2,1,1,B01
202000002655,0,7,,0,1,3,1,A01
202000002656,3,7,,0,1,4,4,A01
202000002657,3,7,,14,1,0,1,Z01
202000002658,0,7,,0,1,1,19,A01
202000002659,2,7,,0,0,3,1,B01
202000002659,1,30,,0,2,3,13,A01
202000002660,0,30,,0,9,2,1,A01
202000002660,3,1,,0,9,3,13,B01
202000002661,1,30,,0,2,7,15,A01
202000002661,3,10,,0,2,1,1,B01
202000002662,3,7,,0,2,2,9,A01
202000002662,2,7,,0,2,1,16,B01
202000002663,3,1,,0,2,2,1,B01
202000002663,3,7,,0,2,3,9,A01
202000002664,0,7,,0,1,2,26,A01
202000002665,1,7,,0,2,8,4,B01
202000002665,1,10,,0,2,1,26,A01
202000002666,1,7,,0,2,2,15,A01
202000002666,1,7,,0,2,1,1,B01
202000002667,1,99,,0,1,1,1,A01
202000002668,2,37,1.0,0,1,7,26,A01
202000002669,1,10,,0,1,3,1,A01
202000002670,2,7,,0,1,1,1,A01
202000002671,1,10,,0,1,1,1,A01
202000002672,1,7,,0,1,1,1,A01
202000002673,0,2,,0,2,1,25,A01
202000002673,0,2,,0,2,1,1,B01
202000002674,0,7,,0,1,0,9,A01
202000002675,2,33,,0,2,2,2,B01
202000002675,2,7,,0,2,1,9,A01
202000002676,2,33,,2,0,1,19,A01
202000002677,1,7,,0,1,1,1,A01
202000002678,1,10,,0,1,1,17,A01
202000002679,1,7,,0,2,1,2,Z01
202000002679,1,7,,0,0,4,1,B01
202000002680,2,7,,3,0,2,1,A01
202000002681,2,7,,4,0,1,1,A01
202000002682,2,7,,4,2,8,1,A01
202000002682,2,14,,0,2,2,12,B01
202000002683,1,3,,0,2,3,13,A01
202000002683,2,33,,0,2,3,1,B01
202000002684,1,7,,1,2,1,1,A01
202000002684,1,7,,0,2,5,15,B01
202000002685,3,30,,0,2,1,1,A01
202000002685,3,7,,0,2,6,23,B01
202000002686,2,7,,8,0,1,13,A01
202000002687,1,7,,8,0,3,1,A01
202000002688,2,7,,0,2,8,15,A01
202000002688,2,30,,0,2,1,1,B01
202000002689,1,7,,0,2,0,1,A01
202000002689,0,7,,0,2,2,9,B01
202000002690,2,30,,0,2,1,1,B01
202000002690,2,7,,0,2,8,10,A01
202000002691,2,2,,0,2,0,0,B01
202000002691,1,7,,0,2,1,15,A01
202000002692,2,31,,0,2,1,1,A01
202000002692,1,7,,0,2,8,1,B01
202000002693,2,10,,0,2,5,16,B01
202000002693,2,33,,0,2,1,7,A01
202000002694,0,30,,0,2,1,1,B01
202000002694,3,10,,0,2,3,20,A01
202000002695,1,7,,6,0,1,13,A01
202000002696,1,7,,8,0,3,13,A01
202000002697,3,10,,0,2,1,0,A01
202000002697,3,2,,0,2,1,0,B01
202000002698,0,7,,0,2,6,15,B01
202000002698,0,33,,0,2,1,17,A01
202000002699,1,1,,0,2,0,13,A01
202000002699,1,7,,0,9,2,11,B01
202000002700,1,7,,0,1,4,4,A01
202000002701,2,7,,0,2,3,19,A01
202000002701,1,33,,0,2,1,1,B01
202000002702,1,7,,0,2,8,15,B01
202000002702,1,2,,6,2,1,17,A01
202000002703,2,7,,0,2,8,1,B01
202000002703,2,32,,0,2,2,2,A01
202000002704,1,32,,0,2,4,1,A01
202000002704,1,7,,0,2,1,2,Z01
202000002705,1,33,,0,2,1,2,B01
202000002705,1,7,,0,2,4,1,A01
202000002706,3,7,,0,2,2,1,B01
202000002706,3,1,,0,2,8,11,A01
202000002707,1,7,,0,2,5,15,B01
202000002707,1,33,,0,2,1,1,A01
202000002708,1,7,,0,1,7,13,A01
202000002709,2,7,,0,2,2,1,A01