Num_Acc,senc,catv,occutc,obs,obsm,choc,manv,num_veh
202000002709,2,7,,0,2,2,1,B01
202000002710,0,43,,0,2,1,1,A01
202000002710,0,7,,0,2,3,1,B01
202000002711,-1,1,,0,2,1,3,B01
202000002711,-1,7,,0,9,3,11,A01
202000002712,1,7,,0,2,4,2,A01
202000002712,1,7,,0,2,1,2,B01
202000002713,1,7,,0,2,1,19,A01
202000002713,2,7,,0,2,0,0,B01
202000002714,3,30,,0,0,0,1,A01
202000002715,1,7,,0,2,7,15,A01
202000002715,2,33,,0,2,1,1,B01
202000002716,2,31,,0,2,8,3,B01
202000002716,2,7,,0,2,7,12,A01
202000002717,2,50,,0,2,7,1,B01
202000002717,2,7,,0,2,1,9,A01
202000002718,1,50,,0,2,1,9,B01
202000002718,1,10,,0,2,8,9,A01
202000002719,2,7,,0,2,1,15,A01
202000002719,1,2,,0,2,1,0,B01
202000002720,1,30,,0,2,1,17,B01
202000002720,1,7,,0,2,8,15,A01
202000002721,2,7,,0,2,3,1,B01
202000002721,1,7,,0,2,3,13,A01
202000002722,2,7,,8,0,0,1,A01
202000002723,2,7,,0,0,0,0,A01
202000002724,1,7,,0,2,3,1,A01
202000002724,2,31,,0,2,1,1,B01
202000002725,3,7,,0,0,1,1,B01
202000002725,3,7,,0,0,2,1,A01
202000002726,1,33,,0,2,1,1,B01
202000002726,1,7,,0,2,6,16,A01
202000002727,2,7,,0,2,3,1,A01
202000002727,1,10,,0,2,3,1,B01
202000002728,2,7,,0,0,0,16,A01
202000002729,1,7,,13,0,3,1,A01
202000002730,3,7,,0,2,8,9,A01
202000002730,3,2,,0,0,7,26,B01
202000002731,3,1,,1,0,1,2,A01
202000002732,3,7,,15,0,1,13,A01
202000002733,2,3,,1,0,1,13,A01
202000002734,2,2,,0,0,8,1,A01
202000002735,1,37,3.0,0,0,0,21,A01
202000002736,2,15,,0,0,4,2,A01
202000002736,2,10,,0,2,1,2,B01
202000002737,2,7,,13,0,1,14,A01
202000002738,1,7,,13,0,9,17,A01
202000002739,1,7,,0,0,5,26,B01
202000002739,3,7,,1,0,3,2,A01
202000002740,2,7,,0,2,1,1,A01
202000002740,1,33,,0,0,4,1,B01
202000002741,2,10,,0,2,3,17,A01
202000002741,1,17,,0,2,3,1,B01
202000002741,2,15,,0,2,3,1,C01
202000002742,2,2,,6,0,1,14,A01
202000002743,1,7,,0,2,7,5,B01
202000002743,2,7,,0,2,3,5,A01
202000002744,2,17,,0,2,4,1,B01
202000002744,2,7,,0,2,1,2,A01
202000002745,2,33,,0,2,4,1,A01
202000002745,2,7,,0,2,0,1,B01
202000002746,1,7,,3,0,9,0,A01
202000002746,1,7,,0,0,9,0,B01
202000002746,1,7,,0,2,1,0,C01
202000002747,3,10,,0,0,3,1,A01
202000002747,3,2,,0,0,1,26,B01
202000002748,1,7,,2,0,6,1,A01
202000002749,1,7,,0,0,0,14,A01
202000002750,1,7,,0,1,3,1,A01
202000002751,1,7,,0,1,1,16,A01
202000002752,1,7,,6,0,1,0,A01
202000002753,1,7,,0,9,3,9,A01
202000002753,1,1,,0,0,0,26,B01
202000002754,1,7,,0,0,0,1,A01
202000002755,1,7,,0,2,1,2,A01
202000002755,1,7,,0,2,4,2,B01
202000002755,1,7,,0,0,4,1,C01
202000002756,1,7,,1,0,3,17,A01
202000002757,3,7,,13,0,3,1,A01
202000002758,1,7,,0,2,1,1,B01
202000002758,2,7,,0,2,2,1,A01
202000002759,2,7,,0,2,3,1,A01
202000002759,2,7,,0,2,2,26,B01
202000002760,2,7,,16,0,9,1,A01
202000002761,1,7,,0,2,3,11,B01
202000002761,1,33,,0,2,7,3,A01
202000002762,2,13,,0,2,1,1,B01
202000002762,2,7,,0,2,5,12,A01
202000002763,2,7,,0,2,1,13,A01
202000002763,2,7,,0,0,4,1,B01
202000002764,2,7,,4,0,3,13,A01
202000002765,2,7,,0,9,4,1,C01
202000002765,1,7,,0,2,3,0,B01
202000002765,2,7,,0,2,1,19,A01
202000002766,2,50,,0,2,1,1,B01
202000002766,1,7,,0,2,3,1,A01
202000002767,1,30,,0,2,1,1,B01
202000002767,1,3,,0,2,2,15,A01
202000002768,1,7,,0,2,3,1,A01
202000002768,1,2,,0,2,1,2,B01
202000002769,1,7,,15,0,3,23,B01
202000002769,1,1,,0,2,3,19,A01
202000002770,2,7,,0,2,8,9,A01
202000002770,2,7,,0,2,1,1,B01
202000002770,2,7,,0,2,1,1,C01
202000002771,3,7,,0,1,1,26,A01
202000002772,1,2,,0,2,4,1,A01
202000002773,2,32,,0,2,8,3,B01
202000002773,2,7,,0,2,7,12,A01
202000002774,2,7,,0,1,1,26,A01
202000002775,2,33,,11,0,1,1,A01
202000002776,2,7,,0,1,0,26,A01
202000002777,3,7,,0,1,3,9,A01
202000002778,2,7,,0,1,3,15,A01
202000002779,2,7,,0,2,5,23,B01
202000002779,2,7,,0,2,1,2,C01
202000002779,2,33,,0,2,5,17,A01
202000002780,1,7,,6,0,1,15,A01
202000002781,2,7,,0,2,1,5,A01
202000002781,1,7,,0,0,0,0,B01
202000002782,1,2,,0,2,3,0,A01
202000002782,1,7,,0,2,2,20,B01
202000002783,1,10,,0,2,1,15,A01
202000002783,2,50,,0,2,4,16,B01
202000002784,1,10,,10,0,1,1,A01
202000002785,2,30,,1,0,1,1,A01
202000002786,1,33,,0,2,3,1,A01
202000002786,1,7,,0,2,5,1,B01
202000002787,1,7,,6,0,1,1,A01
202000002788,2,30,,0,2,4,2,A01
202000002788,2,30,,0,0,4,2,B01
202000002789,1,7,,0,9,3,15,Z01
202000002789,1,1,,0,2,1,1,B01
202000002790,1,7,,0,1,3,1,A01
202000002791,2,7,,0,1,3,16,A01
202000002792,3,33,,0,0,0,0,A01
202000002793,2,1,,0,2,1,1,B01
202000002793,1,7,,0,2,5,15,A01
202000002794,1,7,,2,0,1,14,A01
202000002795,3,2,,0,2,8,1,B01
202000002795,3,7,,0,2,1,15,A01
202000002796,1,7,,0,1,1,1,A01
202000002797,2,7,,0,2,3,10,A01
202000002797,2,33,,0,2,1,17,B01
202000002798,2,7,,1,0,8,14,A01
202000002798,0,7,,0,2,0,0,B01
202000002799,0,7,,0,2,2,15,A01
202000002799,0,7,,0,2,3,0,B01
202000002800,0,7,,0,0,0,0,E01
202000002800,0,7,,0,0,0,0,D01
202000002800,0,10,,0,0,0,0,C01
202000002800,0,7,,0,0,0,0,B01
202000002800,3,7,,15,2,1,1,A01
202000002801,1,7,,0,1,1,1,A01
202000002802,2,1,,0,1,1,5,A01
202000002803,1,7,,12,0,3,14,A01
202000002804,1,30,,0,2,8,15,A01
202000002804,1,32,,0,2,7,17,B01
202000002805,2,7,,0,2,3,23,B01
202000002805,2,33,,0,1,1,17,A01
202000002806,3,7,,0,2,4,1,B01
202000002806,3,34,,0,2,1,2,A01
202000002807,1,7,,0,2,1,2,A01
202000002807,1,32,,0,2,0,23,B01
202000002808,1,7,,0,1,1,15,A01
202000002809,2,7,,0,2,4,23,B01
202000002809,2,7,,0,2,4,23,C01
202000002809,2,7,,0,2,1,2,A01
202000002810,2,2,,0,2,1,1,A01
202000002810,2,1,,0,2,1,1,B01
202000002811,3,1,,0,2,4,0,B01
202000002811,3,7,,0,2,1,26,A01
202000002812,2,7,,0,1,1,1,A01
202000002813,3,7,,0,2,3,11,A01
202000002813,3,7,,0,2,2,1,B01
202000002814,1,34,,1,0,2,13,A01
202000002814,1,7,,0,9,6,13,B01
202000002815,2,7,,0,2,2,1,B01
202000002815,1,7,,9,2,1,18,A01
202000002816,2,7,,0,2,4,1,A01
202000002816,-1,0,,0,2,4,2,B01
202000002817,1,7,,0,2,6,26,A01
202000002817,1,7,,0,2,2,9,B01
202000002817,1,7,,0,2,1,1,C01
202000002818,-1,7,,0,2,1,1,B01
202000002818,3,7,,0,2,7,19,A01
202000002819,-1,36,,0,2,1,5,A01
202000002819,-1,36,,0,2,1,23,B01
202000002820,3,7,,0,2,3,16,A01
202000002820,1,33,,0,2,3,1,B01
202000002821,0,99,,0,0,1,15,A01
202000002821,0,33,,0,0,1,1,B01
202000002822,2,7,,0,2,5,23,A01
202000002822,2,1,,0,2,1,3,B01
202000002823,2,2,,0,2,1,1,B01
202000002823,2,7,,0,2,4,15,A01
202000002824,1,7,,1,1,3,20,A01
202000002825,1,30,,0,2,1,1,B01
202000002825,1,7,,0,2,6,26,A01
202000002826,3,7,,0,2,2,1,A01
202000002826,3,32,,0,2,1,13,B01
202000002827,3,2,,0,0,0,16,A01
202000002828,1,7,,0,2,3,1,B01
202000002828,2,10,,0,2,3,13,A01
202000002829,3,7,,0,0,1,1,B01
202000002829,3,7,,0,0,1,13,A01
202000002830,1,10,,15,0,1,14,A01
202000002831,1,7,,0,2,8,15,B01
202000002831,2,34,,0,2,1,1,A01
202000002832,1,7,,0,2,2,19,A01
202000002832,1,33,,0,2,7,0,B01
202000002833,3,36,,0,0,0,26,A01
202000002834,0,7,,6,0,1,1,A01
202000002835,2,2,,0,2,4,1,B01
202000002835,2,7,,0,2,1,2,A01
202000002836,3,1,,0,0,0,1,A01
202000002837,2,10,,0,2,1,1,A01
202000002837,2,7,,0,2,4,2,B01
202000002837,1,7,,0,2,3,1,C01
202000002838,1,7,,0,2,1,23,A01
202000002838,2,7,,13,2,8,1,B01
202000002839,1,7,,0,2,1,1,A01
202000002839,1,1,,0,0,8,15,B01
202000002840,1,7,,0,2,1,1,A01
202000002840,1,7,,0,2,4,1,B01
202000002841,1,7,,12,0,1,13,A01
202000002842,1,7,,16,0,9,0,A01
202000002843,1,1,,0,0,9,16,A01
202000002844,2,7,,0,1,1,1,A01
202000002845,2,33,,0,0,8,0,A01
202000002846,1,10,,0,0,2,1,A01
202000002847,2,7,,0,2,6,1,A01
202000002847,2,33,,0,2,4,17,B01
202000002847,2,33,,0,2,1,17,C01
202000002847,1,7,,0,2,1,1,D01
202000002848,0,33,,6,0,7,1,A01
202000002849,1,7,,8,0,1,1,A01
202000002850,2,7,,0,2,7,2,B01
202000002850,1,7,,0,2,1,2,A01
202000002851,3,2,,0,2,1,1,A01
202000002851,3,7,,0,0,8,1,B01
202000002852,1,7,,0,2,3,1,B01
202000002852,2,7,,0,2,8,1,A01
202000002853,3,7,,0,1,4,20,A01
202000002854,1,10,,13,0,1,14,A01
202000002855,1,7,,6,0,0,0,A01
202000002856,2,33,,3,0,0,1,A01
202000002857,2,33,,0,0,0,1,A01
202000002858,1,33,,13,0,1,1,A01
202000002859,0,7,,0,2,8,13,B01
202000002859,1,7,,0,2,7,2,A01
202000002860,1,33,,0,2,1,1,A01
202000002860,1,7,,0,2,4,2,B01
202000002861,2,7,,0,2,3,1,B01
202000002861,2,7,,0,2,2,4,A01
202000002862,1,7,,4,0,3,11,A01
202000002863,2,7,,0,1,0,15,A01
202000002864,3,1,,0,2,1,1,B01
202000002864,3,7,,0,2,2,16,A01
202000002865,2,7,,0,2,3,26,A01
202000002865,2,2,,0,2,1,1,B01
202000002866,2,7,,0,1,2,2,A01
202000002867,1,7,,0,2,3,1,B01
202000002867,1,33,,0,2,5,23,A01
202000002868,3,7,,0,1,0,26,A01
202000002869,1,30,,0,1,7,26,A01
202000002870,3,2,,0,2,1,1,A01
202000002870,3,7,,0,2,3,23,B01
202000002871,1,7,,0,1,1,2,A01
202000002872,1,99,,0,2,1,1,A01
202000002872,1,99,,0,0,4,1,B01
202000002873,1,7,,0,1,1,1,A01
202000002874,1,34,,0,1,0,13,Z01
202000002875,1,1,,0,0,0,1,A01
202000002876,1,7,,0,2,2,1,B01
202000002876,2,50,,0,2,1,1,A01
202000002877,1,30,,1,0,2,14,A01
202000002878,2,7,,0,2,1,15,A01
202000002878,2,1,,0,2,1,1,B01
202000002879,1,7,,0,1,4,4,Z01
202000002880,1,43,,0,2,1,1,B01
202000002880,2,1,,0,2,7,1,A01
202000002881,1,32,,0,2,4,23,A01
202000002881,1,7,,0,2,1,1,B01
202000002882,1,33,,0,2,7,17,B01
202000002882,1,7,,0,2,8,15,A01
202000002883,0,31,,0,2,1,17,B01
202000002883,1,7,,0,2,8,22,A01
202000002884,2,7,,0,2,1,2,B01
202000002884,2,7,,14,0,4,2,A01
202000002885,1,32,,0,2,1,1,B01
202000002885,1,7,,0,2,2,15,A01
202000002886,1,1,,0,2,8,2,B01
202000002886,1,7,,0,2,2,17,A01
202000002887,2,7,,0,2,8,15,A01
202000002887,2,7,,0,0,0,26,T01
202000002887,2,34,,0,2,1,2,B01
202000002888,1,7,,0,2,6,15,A01
202000002888,1,7,,0,0,0,0,B01
202000002889,1,7,,0,2,4,2,B01
202000002889,1,30,,0,2,1,1,A01
202000002890,1,33,,0,2,1,1,B01
202000002890,1,7,,0,2,1,21,A01
202000002891,1,7,,0,2,1,2,B01
202000002891,2,7,,0,2,4,2,A01
202000002892,1,30,,0,1,1,19,A01
202000002893,0,7,,0,2,1,1,B01
202000002893,0,7,,0,2,1,23,C01
202000002893,0,7,,1,2,1,13,A01
202000002894,2,7,,0,1,2,1,A01
202000002895,-1,7,,0,2,3,15,B01
202000002895,-1,33,,0,2,1,1,A01
202000002896,-1,99,,0,2,0,-1,A01
202000002896,-1,20,,0,2,0,-1,Z01
202000002897,1,99,,0,2,1,10,B01
202000002897,2,31,,0,2,7,0,A01
202000002898,3,7,,12,1,1,0,A01
202000002899,2,7,,0,2,1,15,A01
202000002899,2,33,,0,2,3,1,B01
202000002900,1,7,,0,1,1,16,A01
202000002901,1,7,,0,1,1,2,A01
202000002902,2,7,,0,2,3,1,A01
202000002902,1,7,,0,2,8,15,C01
202000002903,1,7,,0,0,7,15,A01
202000002903,2,33,,0,2,1,1,B01
202000002904,2,7,,0,0,7,16,A01
202000002904,2,1,,0,0,1,1,B01
202000002905,2,1,,0,0,8,15,B01
202000002905,2,7,,0,2,2,1,A01
202000002906,2,14,,4,0,1,1,A01
202000002907,2,7,,0,2,7,13,A01
202000002907,1,7,,0,2,1,1,B01
202000002908,1,1,,0,0,0,0,A01
202000002909,2,15,,0,0,6,1,B01
202000002909,2,10,,0,2,2,2,A01
202000002910,1,7,,15,0,1,1,A01
202000002911,3,33,,6,0,2,1,A01
202000002912,2,33,,0,2,1,1,A01
202000002912,2,21,,0,0,4,23,B01
202000002913,1,31,,2,0,1,1,A01
202000002914,1,7,,8,0,2,1,A01
202000002915,2,7,,0,2,1,1,B01
202000002915,2,1,,0,2,4,1,A01
202000002916,3,36,,0,0,9,1,A01
202000002917,1,7,,2,0,-1,1,A01
202000002918,3,7,,0,1,1,1,A01
202000002919,1,7,,0,2,1,15,A01
202000002919,2,1,,0,2,1,1,B01
202000002920,2,33,,0,0,7,0,A01
202000002921,2,33,,0,0,1,1,A01
202000002922,1,31,,8,0,1,1,A01
202000002923,1,15,,0,2,2,19,A01
202000002923,1,7,,0,2,7,1,B01
202000002924,2,2,,0,5,1,1,A01
202000002925,3,7,,0,2,3,1,B01
202000002925,3,2,,0,2,3,1,A01
202000002926,1,10,,0,2,2,2,B01
202000002926,1,1,,0,2,4,1,A01
202000002927,1,7,,0,2,1,1,A01
202000002927,1,7,,0,2,2,9,B01
202000002928,2,7,,13,0,8,1,A01
202000002929,2,1,,0,0,9,1,A01
202000002930,2,33,,0,0,8,1,A01
202000002931,2,43,,0,2,3,5,A01
202000002931,1,7,,0,2,3,1,B01
202000002932,2,1,,16,0,9,1,A01
202000002933,1,7,,0,2,4,9,A01
202000002933,1,10,,0,2,1,2,B01
202000002934,2,21,,0,0,4,2,B01
202000002934,2,1,,0,2,1,1,A01
202000002935,1,33,,5,0,0,0,A01
202000002936,1,7,,0,2,3,1,A01
202000002936,2,1,,0,2,0,1,B01
202000002937,2,33,,13,0,2,1,A01
202000002938,0,33,,0,0,7,16,A01
202000002939,0,33,,0,2,2,17,A01
202000002939,0,21,,0,0,0,15,B01
202000002940,0,7,,0,2,3,1,A01
202000002940,0,2,,0,2,1,0,B01
202000002941,2,33,,3,0,7,1,A01
202000002942,2,34,,0,9,2,17,A01
202000002943,1,7,,0,2,6,15,A01
202000002943,1,34,,0,2,1,17,B01
202000002944,0,7,,0,2,8,19,A01
202000002944,2,7,,0,2,1,1,B01
202000002945,2,10,,0,2,3,1,B01
202000002945,1,7,,0,2,3,13,A01
202000002946,2,80,,0,2,8,2,B01
202000002946,2,7,,0,2,2,17,A01
202000002947,1,2,,12,0,0,2,A01
202000002948,2,7,,0,2,1,1,A01
202000002948,1,7,,0,2,1,1,B01
202000002949,1,7,,17,0,1,0,A01
202000002950,1,7,,0,2,3,1,A01
202000002950,2,10,,0,2,3,13,B01
202000002951,1,7,,0,2,4,2,B01
202000002951,1,7,,0,2,1,2,A01
202000002952,2,17,,0,2,1,2,B01
202000002952,2,17,,0,2,4,2,A01
202000002953,1,7,,3,0,3,2,A01
202000002954,2,32,,0,2,6,1,B01
202000002954,2,10,,0,2,5,12,A01
202000002955,1,10,,4,0,3,13,A01
202000002956,2,7,,0,2,3,18,A01
202000002956,2,7,,0,2,5,1,B01
202000002957,2,10,,0,2,4,2,B01
202000002957,1,7,,0,2,1,3,A01
202000002958,2,7,,0,2,4,2,B01
202000002958,2,14,,0,2,1,2,A01
202000002959,1,7,,0,2,7,15,Z01
202000002959,2,32,,0,2,1,1,B01
202000002960,2,7,,0,2,8,0,B01
202000002960,1,7,,0,2,1,5,A01
202000002961,3,7,,0,2,1,1,B01
202000002961,1,30,,0,2,8,26,A01
202000002962,1,7,,0,9,7,15,A01
202000002962,2,1,,0,2,0,0,B01
202000002963,1,7,,6,0,3,0,A01
202000002964,1,7,,0,2,7,10,B01
202000002964,1,32,,0,2,1,1,A01
202000002965,3,31,,0,2,1,26,A01
202000002965,3,7,,0,2,3,26,B01
202000002966,3,7,,0,1,1,15,A01
202000002967,1,7,,0,2,4,2,B01
202000002967,1,7,,0,2,1,2,A01
202000002968,1,7,,2,0,9,1,A01
202000002969,3,7,,0,2,1,24,A01
202000002969,3,1,,1,0,0,0,B01
202000002970,0,7,,0,2,1,1,B01
202000002970,0,7,,0,2,3,15,A01
202000002971,3,7,,0,1,3,18,A01
202000002972,1,1,,0,2,4,1,B01
202000002972,1,7,,0,2,2,2,A01
202000002973,0,7,,0,2,1,1,B01
202000002973,0,80,,0,2,8,19,SA01
202000002974,1,7,,0,2,8,1,B01
202000002974,1,7,,9,2,1,1,A01
202000002975,2,7,,0,2,3,1,B01
202000002975,1,7,,0,2,3,13,A01
202000002976,1,7,,0,2,2,16,A01
202000002976,2,1,,0,2,1,19,B01
202000002977,1,33,,0,2,1,1,B01
202000002977,1,10,,0,2,2,19,A01
202000002978,3,7,,0,2,1,9,A01
202000002978,3,1,,0,2,7,15,B01
202000002979,2,7,,0,1,2,1,A01
202000002980,2,99,,0,1,0,17,A01
202000002981,3,7,,0,1,2,26,A01
202000002982,2,7,,0,2,3,9,A01
202000002982,2,1,,0,2,4,0,B01
202000002983,1,7,,0,2,8,22,A01
202000002983,1,1,,1,0,1,1,B01
202000002984,1,7,,0,2,3,16,A01
202000002984,1,7,,0,2,3,23,B01
202000002985,3,7,,0,2,1,2,A01
202000002985,3,7,,0,2,4,2,B01
202000002986,2,30,,0,0,0,21,A01
202000002986,1,7,,0,0,0,1,Z01
202000002987,2,1,,12,0,1,26,A01
202000002988,0,7,,1,2,4,24,B01
202000002988,0,7,,0,0,0,0,A01
202000002989,3,30,,0,0,8,1,A01
202000002990,2,7,,0,2,1,2,A01
202000002990,2,31,,0,2,4,1,B01
202000002991,2,2,,0,2,4,23,B01
202000002991,2,7,,0,2,1,1,A01
202000002992,2,1,,0,2,1,1,B01
202000002992,1,7,,0,9,7,15,A01
202000002993,2,7,,0,2,4,2,B01
202000002993,3,7,,0,2,1,2,A01
202000002993,3,7,,0,0,4,2,C01
202000002994,1,7,,0,2,3,1,B01
202000002994,2,1,,0,2,0,5,A01
202000002995,2,7,,0,2,1,1,A01
202000002995,2,10,,0,2,4,1,B01
202000002995,2,7,,0,2,4,16,C01
202000002996,3,7,,2,0,1,13,A01
202000002997,1,33,,6,0,1,26,A01
202000002998,1,10,,0,2,2,1,A01
202000002998,2,30,,0,2,5,1,B01
202000002999,1,7,,0,1,1,2,A01
202000003000,1,10,,0,2,1,2,A01
202000003000,1,7,,0,2,4,2,B01
202000003001,2,7,,0,2,1,2,B01
202000003001,2,36,,0,2,5,21,A01
202000003002,1,10,,0,2,8,1,A01
202000003002,1,7,,0,2,1,1,B01
202000003003,1,7,,0,2,1,1,A01
202000003003,1,7,,0,2,4,1,B01
202000003004,2,7,,0,2,4,1,A01
202000003004,2,10,,0,2,1,1,C01
202000003004,2,7,,0,2,0,1,B01
202000003005,3,7,,0,2,8,23,C01
202000003005,3,7,,0,2,1,15,B01
202000003005,3,33,,0,2,1,1,A01
202000003006,2,7,,0,2,1,15,A01
202000003006,2,33,,0,2,1,1,B01
202000003007,2,2,,0,2,1,1,B01
202000003007,1,7,,0,2,3,1,A01
202000003008,1,34,,0,0,0,0,A01
202000003009,1,7,,0,2,1,15,A01
202000003009,2,10,,0,2,1,1,B01
202000003010,2,7,,0,2,7,14,A01
202000003010,2,33,,0,2,8,1,B01
202000003011,3,7,,0,1,3,1,A01
202000003012,1,50,,0,2,0,1,A01
202000003012,1,7,,0,9,2,12,B01
202000003013,2,7,,1,0,1,1,A01
202000003014,2,2,,0,1,1,26,A01
202000003015,3,7,,6,0,3,13,A01
202000003016,1,2,,6,0,1,13,A01
202000003017,1,31,,0,2,8,16,B01
202000003017,1,99,,0,2,2,26,A01
202000003018,1,2,,0,2,1,1,A01
202000003018,1,7,,0,2,6,1,B01
202000003019,2,7,,0,2,3,1,B01
202000003019,2,7,,0,2,1,17,A01
202000003020,1,33,,0,2,0,1,B01
202000003020,1,7,,0,2,0,15,A01
202000003021,2,7,,0,2,1,10,A01
202000003021,2,33,,0,2,1,1,B01
202000003022,2,7,,0,2,7,1,B01
202000003022,1,7,,0,2,3,19,A01
202000003023,1,7,,0,1,1,1,A01
202000003024,2,7,,0,0,9,1,A01
202000003025,1,33,,1,0,5,1,A01
202000003026,1,14,,0,2,1,1,B01
202000003026,1,7,,0,2,8,10,A01
202000003027,3,7,,1,0,2,19,A01
202000003027,0,2,,0,2,1,1,B01
202000003028,3,7,,0,1,4,26,A01
202000003029,3,7,,0,0,0,1,A01
202000003030,1,7,,0,9,2,17,A01
202000003030,1,1,,0,2,0,0,B01
202000003031,0,7,,0,2,9,23,B01
202000003031,3,7,,0,2,4,1,C01
202000003031,3,7,,0,2,1,2,A01
202000003032,3,1,,12,0,1,1,A01
202000003033,1,7,,2,0,1,0,A01
202000003034,2,7,,0,2,1,1,C01
202000003034,1,7,,0,2,1,1,A01
202000003034,2,7,,0,2,1,15,B01
202000003035,1,2,,0,2,1,0,B01
202000003035,1,7,,0,2,1,0,A01
202000003036,1,7,,0,1,2,2,A01
202000003037,1,14,,0,2,3,0,B01
202000003037,1,1,,0,2,0,0,A01
202000003038,1,1,,1,0,0,14,A01
202000003039,2,7,,0,2,1,15,A01
202000003039,1,7,,0,2,1,1,B01
202000003040,1,37,1.0,0,1,2,7,A01
202000003041,2,1,,0,2,1,1,B01
202000003041,1,7,,0,2,3,15,A01
202000003042,3,10,,0,2,2,1,A01
202000003042,1,3,,0,2,1,1,B01
202000003043,3,7,,0,1,2,1,A01
202000003044,3,7,,0,1,2,16,A01
202000003045,2,30,,0,2,1,17,A01
202000003045,1,7,,0,2,1,1,B01
202000003046,2,43,,0,2,1,1,A01
202000003046,2,7,,0,2,2,10,B01
202000003047,3,7,,0,2,3,15,B01
202000003047,3,1,,0,2,7,1,A01
202000003048,2,7,,0,1,1,5,X01
202000003049,2,7,,0,1,1,15,A01
202000003050,2,2,,0,2,2,18,A01
202000003050,2,10,,0,2,8,16,B01
202000003051,1,10,,0,1,2,1,A01
202000003052,2,1,,0,2,3,15,A01
202000003052,1,7,,0,2,2,0,B01
202000003053,1,30,,14,0,1,13,A01
202000003054,3,7,,0,2,1,1,C01
202000003054,3,7,,0,2,4,23,A01
202000003054,0,7,,0,2,1,2,B01
202000003055,2,32,,0,1,3,18,A01
202000003056,3,0,,0,2,1,26,B01
202000003056,3,7,,0,2,0,9,A01
202000003057,2,10,,0,2,0,1,B01
202000003057,2,30,,14,2,1,18,A01
202000003058,1,7,,0,2,3,1,B01
202000003058,1,7,,0,2,2,20,A01
202000003059,1,0,,0,2,3,9,A01
202000003059,2,7,,0,2,1,1,B01
202000003060,0,7,,0,1,1,1,A01
202000003061,2,33,,0,2,1,1,B01
202000003061,1,37,1.0,0,2,3,15,A01
202000003062,1,7,,0,2,1,1,A01
202000003062,1,7,,0,2,3,1,B01
202000003063,3,7,,0,2,1,1,B01
202000003063,3,7,,0,2,3,15,A01
202000003064,0,7,,0,2,4,15,A01
202000003064,0,33,,0,2,1,1,B01
202000003065,2,10,,0,2,2,16,B01
202000003065,2,2,,0,2,3,18,A01
202000003066,1,7,,0,2,1,1,B01
202000003066,1,7,,0,2,2,15,A01
202000003067,3,10,,0,2,8,15,A01
202000003067,3,33,,0,2,1,1,B01
202000003068,1,7,,0,2,9,1,B01
202000003068,1,7,,0,2,9,26,A01
202000003069,1,1,,0,2,2,19,B01
202000003069,1,31,,0,2,2,1,A01
202000003070,2,7,,0,2,1,1,B01
202000003070,2,7,,0,2,8,4,A01
202000003071,2,30,,14,0,1,15,A01
202000003072,1,7,,0,9,3,17,A01
202000003072,0,1,,0,0,0,0,B01
202000003073,2,7,,0,2,5,1,B01
202000003073,1,7,,0,2,1,9,A01
202000003074,3,7,,10,2,8,15,B01
202000003074,3,7,,0,2,1,15,A01
202000003075,3,7,,1,0,3,13,A01
202000003076,-1,30,,0,2,1,2,B01
202000003076,-1,7,,0,2,2,1,C01
202000003076,-1,7,,0,2,6,1,A01
202000003077,2,7,,0,1,0,16,A01
202000003078,2,7,,0,1,3,2,A01
202000003079,1,7,,0,2,1,26,A01
202000003079,1,7,,0,2,7,1,B01
202000003080,1,99,,0,2,1,15,A01
202000003080,1,99,,0,2,2,1,B01
202000003081,1,7,,1,0,1,1,A01
202000003081,2,31,,0,2,4,23,B01
202000003082,1,10,,3,0,2,14,A01
202000003083,1,7,,0,2,6,2,B01
202000003083,1,7,,0,2,2,2,A01
202000003084,3,7,,2,0,5,2,B01
202000003084,3,7,,2,2,1,2,A01
202000003085,1,32,,0,2,1,13,A01
202000003085,2,7,,0,2,3,1,B01
202000003086,1,7,,0,2,4,9,A01
202000003086,1,32,,0,2,1,1,B01
202000003087,1,1,,0,0,0,0,B01
202000003087,2,7,,0,9,3,15,A01
202000003088,1,33,,0,2,1,1,B01
202000003088,2,7,,0,2,3,10,A01
202000003089,1,10,,0,1,2,17,A01
202000003090,3,7,,0,2,1,9,A01
202000003090,1,7,,0,2,2,1,B01
202000003091,0,7,,0,1,3,26,A01
202000003092,2,7,,0,0,3,0,A01
202000003092,1,7,,0,0,3,0,B01
202000003093,0,7,,0,1,0,0,A01
202000003094,3,7,,0,2,8,19,A01
202000003094,1,10,,0,2,1,1,B01
202000003095,1,7,,0,2,1,2,B01
202000003095,2,7,,0,2,2,15,A01
202000003096,1,33,,7,0,1,1,A01
202000003097,1,32,,0,2,1,1,B01
202000003097,2,7,,0,2,2,15,A01
202000003098,2,7,,0,1,1,1,A01
202000003099,2,10,,0,2,3,1,B01
202000003099,1,7,,0,2,1,13,A01
202000003100,3,7,,0,2,1,1,B01
202000003100,3,10,,0,2,1,15,A01
202000003101,1,7,,13,0,9,1,A01
202000003102,1,33,,14,0,8,1,A01
202000003103,1,7,,0,2,1,15,A01
202000003103,2,33,,0,2,3,1,B01