Num_Acc,senc,catv,occutc,obs,obsm,choc,manv,num_veh
202000003104,2,7,,0,1,1,1,A01
202000003105,2,33,,0,2,1,1,B01
202000003105,2,7,,0,2,1,9,A01
202000003106,2,7,,4,0,3,13,A01
202000003107,3,7,,0,1,1,13,A01
202000003108,1,21,,0,0,0,16,A01
202000003109,1,7,,0,1,1,1,A01
202000003110,3,7,,13,1,4,26,A01
202000003111,2,7,,0,1,2,16,Z01
202000003112,3,7,,0,2,8,15,A01
202000003112,2,7,,0,2,1,21,B01
202000003113,2,7,,0,9,2,21,A01
202000003113,2,1,,0,2,6,13,B01
202000003114,1,1,,0,2,7,1,A01
202000003114,1,1,,0,2,1,5,B01
202000003115,2,7,,0,2,3,16,A01
202000003115,1,1,,0,2,5,1,B01
202000003116,1,7,,0,2,3,1,A01
202000003116,1,1,,0,2,8,15,B01
202000003117,2,33,,2,0,7,1,A01
202000003118,0,1,,0,2,2,1,B01
202000003118,1,7,,0,2,3,1,A01
202000003119,2,60,,0,2,8,19,B01
202000003119,2,7,,0,2,1,1,A01
202000003120,2,1,,0,2,3,13,A01
202000003120,2,7,,0,2,3,1,B01
202000003121,1,30,,0,2,0,1,B01
202000003121,1,7,,0,2,2,1,A01
202000003122,2,33,,0,2,4,1,B01
202000003122,2,7,,0,2,5,10,A01
202000003123,2,7,,0,2,2,16,A01
202000003123,2,1,,0,2,8,18,B01
202000003124,2,7,,0,2,2,1,B01
202000003124,2,2,,0,2,8,16,A01
202000003125,3,7,,13,0,0,0,A01
202000003126,1,32,,0,2,8,18,A01
202000003126,1,30,,0,2,7,16,Z01
202000003127,2,31,,0,2,0,1,A01
202000003127,1,7,,0,2,1,1,B01
202000003128,1,50,,12,0,7,14,A01
202000003129,1,33,,14,2,1,18,B01
202000003129,1,7,,0,2,4,1,A01
202000003130,1,1,,0,2,4,15,B01
202000003130,1,30,,0,2,1,1,A01
202000003131,1,1,,0,2,1,1,A01
202000003131,1,1,,0,2,1,5,B01
202000003132,1,2,,0,2,1,1,B01
202000003132,1,7,,0,2,5,4,A01
202000003133,2,10,,0,1,4,4,A01
202000003134,2,31,,0,2,0,0,B01
202000003134,2,10,,0,2,4,15,A01
202000003135,1,7,,0,1,3,1,A01
202000003136,1,30,,0,0,3,26,A01
202000003137,1,10,,0,2,6,15,B01
202000003137,1,30,,0,2,7,17,A01
202000003138,3,15,,0,2,3,1,A01
202000003138,3,10,,0,2,7,1,B01
202000003139,0,7,,0,2,0,0,B01
202000003139,0,7,,0,2,4,0,A01
202000003140,3,10,,0,2,1,13,A01
202000003140,3,7,,0,2,1,0,B01
202000003140,3,7,,0,0,6,0,C01
202000003141,2,10,,0,2,3,15,A01
202000003141,2,31,,0,2,1,17,B01
202000003142,1,10,,0,2,5,16,B01
202000003142,1,37,2.0,0,2,3,1,A01
202000003143,3,7,,0,2,5,15,A01
202000003143,3,7,,0,2,2,1,B01
202000003144,3,7,,0,2,1,9,B01
202000003144,3,34,,0,2,1,3,A01
202000003145,2,34,,15,1,1,1,A01
202000003146,2,33,,0,0,8,13,A01
202000003147,1,7,,0,2,3,9,A01
202000003147,1,1,,0,2,2,1,B01
202000003148,2,1,,0,2,4,1,B01
202000003148,2,7,,0,2,2,12,A01
202000003149,2,7,,0,1,1,15,A01
202000003150,2,2,,0,2,1,1,B01
202000003150,1,7,,0,2,2,15,A01
202000003151,2,32,,0,2,1,0,B01
202000003151,1,7,,0,2,2,15,A01
202000003152,1,7,,0,2,2,19,A01
202000003152,2,2,,0,2,1,19,B01
202000003153,2,7,,0,2,1,2,A01
202000003153,2,15,,0,0,4,2,B01
202000003154,1,7,,0,1,2,13,A01
202000003155,2,7,,0,2,3,0,B01
202000003155,1,7,,0,2,3,21,A01
202000003156,2,7,,4,0,8,17,A01
202000003157,0,10,,0,1,2,1,A01
202000003158,2,7,,0,1,3,2,A01
202000003159,2,7,,0,2,6,1,A01
202000003159,2,33,,0,2,1,2,B01
202000003160,2,7,,3,2,3,1,A01
202000003160,1,7,,0,0,3,1,B01
202000003160,1,7,,0,0,6,1,C01
202000003161,2,7,,2,0,1,17,A01
202000003162,0,7,,0,2,8,17,B01
202000003162,1,7,,0,2,1,1,A01
202000003163,1,7,,0,2,3,9,A01
202000003163,1,2,,0,2,5,1,B01
202000003164,2,33,,0,2,1,2,A01
202000003164,2,14,,0,2,6,1,B01
202000003165,1,7,,0,2,3,2,A01
202000003165,1,33,,0,2,1,2,B01
202000003166,2,7,,0,2,1,0,B01
202000003166,1,7,,0,2,1,13,A01
202000003167,2,7,,6,0,1,2,A01
202000003168,1,2,,0,9,1,0,A01
202000003169,1,7,,13,0,1,1,A01
202000003170,3,7,,0,1,3,1,A01
202000003171,3,7,,0,0,0,15,A01
202000003171,3,7,,0,2,1,1,C01
202000003171,3,7,,0,2,1,17,B01
202000003172,2,7,,0,0,4,1,B01
202000003172,2,7,,0,2,1,2,A01
202000003173,1,14,,0,1,6,1,A01
202000003174,2,7,,6,0,7,0,A01
202000003175,1,2,,0,2,3,13,A01
202000003175,2,7,,0,2,3,1,B01
202000003176,1,7,,13,0,1,0,A01
202000003177,3,7,,0,2,3,15,A01
202000003177,2,7,,0,2,2,1,B01
202000003178,3,33,,0,2,1,1,A01
202000003178,3,7,,0,2,1,15,B01
202000003179,1,7,,0,2,3,1,B01
202000003179,1,31,,0,2,1,17,A01
202000003180,2,7,,0,2,1,1,B01
202000003180,1,7,,0,2,7,17,A01
202000003181,2,2,,0,2,0,2,B01
202000003181,2,2,,0,0,0,2,A01
202000003182,2,1,,0,2,7,1,B01
202000003182,3,7,,0,2,1,1,A01
202000003183,1,7,,16,0,9,2,A01
202000003183,2,7,,0,2,3,18,B01
202000003184,3,7,,0,1,3,1,A01
202000003185,2,15,,0,2,6,2,B01
202000003185,2,7,,0,2,1,2,A01
202000003186,2,7,,0,2,1,1,A01
202000003186,2,7,,0,2,4,2,B01
202000003187,2,17,,0,2,1,2,E01
202000003187,2,7,,0,2,4,2,F01
202000003187,2,17,,0,2,1,2,D01
202000003187,2,7,,0,2,4,2,A01
202000003187,2,17,,0,2,4,2,C01
202000003187,2,17,,0,2,4,2,B01
202000003188,1,7,,4,0,2,1,A01
202000003189,1,7,,0,2,2,15,A01
202000003189,1,7,,0,9,3,1,B01
202000003190,2,7,,0,2,6,1,A01
202000003190,2,33,,0,2,3,3,B01
202000003190,2,10,,0,2,6,1,C01
202000003191,2,7,,0,2,8,1,B01
202000003191,2,15,,0,2,7,14,A01
202000003192,1,7,,0,2,7,12,A01
202000003192,1,7,,0,2,3,1,B01
202000003192,1,7,,0,2,4,2,C01
202000003193,2,7,,0,2,4,23,B01
202000003193,2,7,,0,2,1,2,A01
202000003194,2,17,,4,0,3,13,A01
202000003195,2,7,,0,2,3,17,B01
202000003195,2,7,,0,2,4,1,A01
202000003196,2,7,,0,2,2,12,A01
202000003196,2,33,,0,2,8,3,B01
202000003197,1,7,,0,2,6,2,B01
202000003197,1,33,,0,2,1,2,A01
202000003198,1,17,,3,0,2,1,A01
202000003199,2,10,,0,2,1,1,A01
202000003199,2,7,,0,2,4,1,B01
202000003199,2,7,,0,2,4,1,C01
202000003200,2,33,,0,0,7,16,A01
202000003201,0,7,,2,0,1,1,A01
202000003202,2,7,,0,1,2,1,A01
202000003203,3,31,,12,0,3,1,A01
202000003204,3,7,,0,1,4,24,B01
202000003204,2,38,1.0,1,0,7,1,A01
202000003205,1,7,,0,1,1,1,A01
202000003206,2,7,,14,1,2,26,A01
202000003207,3,32,,0,2,1,1,B01
202000003207,3,7,,0,2,3,15,A01
202000003208,3,7,,0,2,1,16,A01
202000003208,3,50,,0,2,6,1,B01
202000003209,2,7,,0,2,6,15,B01
202000003209,1,7,,0,2,3,1,A01
202000003210,3,7,,0,1,1,26,A01
202000003211,1,7,,0,2,2,9,A01
202000003211,1,31,,0,2,3,1,B01
202000003212,2,7,,0,2,3,15,B01
202000003212,2,33,,0,2,1,17,A01
202000003213,0,37,1.0,0,1,1,7,A01
202000003214,0,7,,0,1,4,4,A01
202000003215,0,7,,0,1,1,15,Z01
202000003216,2,1,,0,2,1,5,B01
202000003216,1,7,,0,2,1,15,A01
202000003217,1,1,,0,2,8,1,B01
202000003217,1,7,,0,2,1,16,A01
202000003218,1,7,,0,2,1,2,A01
202000003218,1,7,,0,2,4,2,B01
202000003219,1,7,,8,0,1,1,A01
202000003220,2,10,,0,2,3,15,A01
202000003220,1,7,,0,2,3,1,B01
202000003221,2,7,,0,1,4,4,A01
202000003222,2,7,,0,2,3,15,C01
202000003222,1,7,,0,2,7,19,B01
202000003222,1,7,,0,2,1,1,A01
202000003223,1,32,,14,0,1,1,A01
202000003224,1,7,,0,2,4,1,D01
202000003224,1,7,,0,2,1,1,A01
202000003224,1,7,,0,2,4,1,B01
202000003224,1,7,,0,2,4,1,C01
202000003225,1,1,,0,2,4,2,B01
202000003225,3,7,,0,2,1,2,A01
202000003226,2,10,,0,2,7,1,B01
202000003226,1,7,,0,2,1,9,A01
202000003227,1,7,,0,1,1,1,A01
202000003228,2,3,,14,0,9,1,A01
202000003229,3,1,,0,2,0,0,B01
202000003229,3,7,,0,9,3,9,A01
202000003230,3,10,,0,1,1,1,A01
202000003231,1,7,,0,2,4,1,B01
202000003231,1,10,,0,2,1,1,A01
202000003232,2,37,3.0,0,2,1,1,B01
202000003232,2,10,,0,2,3,15,A01
202000003233,0,7,,0,2,1,1,B01
202000003233,3,7,,0,2,8,15,A01
202000003234,0,7,,0,2,1,1,A01
202000003234,0,7,,0,2,4,1,B01
202000003234,0,7,,0,2,4,1,C01
202000003235,1,7,,12,0,1,13,A01
202000003236,2,7,,0,2,3,1,B01
202000003236,1,20,,0,2,0,13,A01
202000003237,1,7,,0,1,1,1,A01
202000003238,0,1,,0,2,1,15,B01
202000003238,0,7,,0,2,3,1,A01
202000003239,1,7,,0,1,1,1,A01
202000003240,2,7,,0,1,1,1,A01
202000003241,2,33,,15,0,7,1,A01
202000003242,0,7,,0,2,7,15,A01
202000003242,2,7,,0,2,2,1,B01
202000003243,1,1,,0,1,1,1,A01
202000003244,1,7,,0,1,1,1,A01
202000003245,2,10,,0,0,1,1,A01
202000003246,2,2,,0,2,1,1,A01
202000003246,2,7,,0,2,4,23,B01
202000003247,3,7,,0,2,8,15,B01
202000003247,3,30,,0,2,8,1,A01
202000003248,1,80,,0,2,1,1,B01
202000003248,1,7,,0,2,3,1,A01
202000003249,2,7,,0,2,4,15,C01
202000003249,3,7,,0,2,1,26,A01
202000003249,2,7,,0,2,4,1,B01
202000003250,3,7,,14,0,1,1,A01
202000003251,0,7,,0,2,1,1,A01
202000003251,0,7,,0,0,4,1,B01
202000003252,1,1,,0,1,1,1,A01
202000003253,2,7,,0,2,4,2,B01
202000003253,2,2,,0,2,1,2,A01
202000003254,1,7,,0,2,4,23,B01
202000003254,1,31,,0,2,1,2,A01
202000003255,2,34,,12,0,2,1,A01
202000003256,1,7,,0,0,4,23,A01
202000003256,1,32,,0,2,1,2,B01
202000003257,1,34,,0,1,2,17,A01
202000003258,1,7,,0,2,2,9,A01
202000003258,1,43,,0,2,8,2,B01
202000003259,2,1,,0,2,2,1,B01
202000003259,2,7,,0,2,1,15,A01
202000003260,0,7,,0,2,2,1,B01
202000003260,3,7,,0,2,3,19,A01
202000003261,2,7,,0,9,1,1,A01
202000003261,-1,1,,0,2,-1,0,B01
202000003262,0,0,,0,1,1,0,A01
202000003263,1,7,,0,2,1,2,A01
202000003263,1,3,,0,2,4,0,B01
202000003264,2,7,,0,1,2,1,A01
202000003265,1,7,,0,2,1,1,B01
202000003265,1,7,,0,2,5,1,A01
202000003266,2,7,,0,2,8,2,B01
202000003266,2,30,,0,2,5,17,A01
202000003267,1,1,,1,0,1,1,B01
202000003267,1,7,,0,2,8,24,A01
202000003268,2,2,,0,2,1,1,A01
202000003268,1,10,,1,2,2,15,B01
202000003269,2,7,,0,0,0,26,B01
202000003269,2,32,,0,2,0,1,A01
202000003270,1,7,,0,2,1,26,A01
202000003270,1,31,,0,2,4,2,B01
202000003270,1,7,,0,2,4,2,C01
202000003271,0,7,,0,2,3,15,A01
202000003271,0,2,,0,2,1,1,B01
202000003272,1,7,,0,1,2,1,A01
202000003273,0,50,,0,2,1,26,A01
202000003273,0,7,,0,9,2,15,B01
202000003274,1,7,,0,2,2,17,A01
202000003274,1,7,,0,2,8,15,B01
202000003275,3,80,,0,2,7,1,B01
202000003275,3,7,,0,2,3,16,A01
202000003276,3,1,,0,2,7,19,B01
202000003276,3,7,,0,2,1,1,A01
202000003277,1,7,,0,2,1,2,D01
202000003277,1,7,,0,2,4,2,C01
202000003277,1,2,,0,2,4,2,B01
202000003277,1,7,,0,2,1,2,Z01
202000003278,3,1,,0,2,0,1,B01
202000003278,3,7,,0,2,0,1,Z01
202000003279,1,13,,0,2,6,1,B01
202000003279,1,31,,0,2,7,17,A01
202000003280,2,7,,0,1,1,1,A01
202000003281,1,1,,0,2,4,1,A01
202000003281,1,7,,0,9,1,1,Z01
202000003282,2,1,,0,2,1,1,B01
202000003282,1,7,,0,2,3,9,A01
202000003283,1,32,,0,1,1,16,A01
202000003284,2,7,,0,2,8,1,A01
202000003284,0,2,,0,2,1,1,B01
202000003285,2,10,,0,2,1,1,A01
202000003285,2,7,,0,2,4,1,B01
202000003285,2,7,,0,2,4,1,C01
202000003286,3,7,,15,2,7,1,A01
202000003286,2,2,,0,2,1,1,B01
202000003287,3,33,,0,2,1,2,A01
202000003287,3,7,,0,2,6,23,B01
202000003288,0,1,,0,2,1,19,B01
202000003288,3,10,,0,2,2,26,A01
202000003289,1,7,,0,2,5,15,A01
202000003289,1,33,,0,2,8,1,B01
202000003290,3,40,,0,2,1,1,B01
202000003290,3,7,,0,-1,1,9,A01
202000003291,1,7,,0,2,1,9,A01
202000003291,1,7,,0,2,4,2,B01
202000003291,1,7,,0,2,4,2,C01
202000003291,1,7,,0,2,4,26,D01
202000003291,1,7,,0,2,7,26,E01
202000003292,3,7,,0,2,8,26,B01
202000003292,3,7,,0,2,3,16,A01
202000003293,3,1,,0,2,8,1,B01
202000003293,1,7,,0,2,7,16,A01
202000003294,0,1,,0,0,0,1,A01
202000003295,3,33,,9,0,0,0,A01
202000003296,1,80,,1,0,0,1,A01
202000003297,1,7,,2,0,2,19,A01
202000003298,0,7,,0,2,3,9,A01
202000003298,0,7,,0,2,2,0,B01
202000003299,2,33,,0,2,1,21,A01
202000003300,1,7,,1,1,1,26,A01
202000003301,1,30,,0,0,7,1,A01
202000003302,3,10,,0,2,7,16,A01
202000003302,3,2,,0,2,8,1,B01
202000003303,0,10,,0,0,4,1,B01
202000003303,1,10,,0,2,1,1,A01
202000003304,1,30,,0,2,0,1,A01
202000003304,1,7,,0,2,7,1,B01
202000003305,0,33,,0,2,3,17,A01
202000003305,0,10,,0,2,3,15,B01
202000003306,1,7,,0,2,8,15,A01
202000003306,1,7,,0,2,1,1,B01
202000003307,3,31,,0,2,7,1,A01
202000003307,2,7,,0,2,1,19,B01
202000003308,3,7,,0,2,3,0,B01
202000003308,3,7,,0,2,3,0,A01
202000003309,3,7,,0,2,4,26,A01
202000003309,3,7,,0,2,1,1,B01
202000003310,2,7,,0,2,3,0,A01
202000003310,2,33,,0,0,0,0,B01
202000003311,2,7,,4,2,2,1,B01
202000003311,2,7,,4,2,8,13,A01
202000003312,2,1,,12,0,1,26,B01
202000003312,3,0,,0,2,0,0,Z01
202000003313,2,7,,0,2,4,1,B01
202000003313,2,7,,0,2,1,1,A01
202000003314,2,33,,0,0,0,1,A01
202000003315,2,33,,0,0,8,0,A01
202000003316,3,7,,0,2,2,15,B01
202000003316,3,7,,0,2,1,1,A01
202000003317,2,7,,0,1,2,15,A01
202000003318,3,33,,0,2,1,1,B01
202000003318,3,7,,0,2,7,15,A01
202000003319,0,33,,0,2,1,17,B01
202000003319,0,7,,0,2,8,15,A01
202000003320,1,7,,0,1,1,1,A01
202000003321,2,7,,0,2,3,26,B01
202000003321,2,7,,0,2,7,16,A01
202000003322,1,2,,0,2,1,17,A01
202000003322,2,34,,0,2,1,17,B01
202000003323,2,7,,0,2,5,15,A01
202000003323,2,33,,0,2,1,1,B01
202000003324,1,10,,0,0,2,1,C01
202000003324,2,7,,0,2,5,1,B01
202000003324,2,32,,0,2,1,14,A01
202000003325,2,32,,0,1,1,26,A01
202000003326,1,10,,0,2,2,12,A01
202000003326,1,7,,4,2,8,1,B01
202000003327,2,7,,0,2,4,2,B01
202000003327,2,31,,0,2,1,1,A01
202000003328,1,30,,0,2,7,1,B01
202000003328,1,7,,0,2,1,9,A01
202000003329,1,2,,0,2,1,1,B01
202000003329,1,7,,0,2,8,15,A01
202000003330,1,43,,0,1,3,1,A01
202000003331,2,3,,0,1,2,16,A01
202000003332,3,1,,0,2,7,12,B01
202000003332,3,7,,0,2,3,11,A01
202000003333,1,1,,8,0,1,25,A01
202000003334,2,7,,0,2,6,2,B01
202000003334,2,32,,0,2,2,2,A01
202000003335,1,7,,0,2,8,22,B01
202000003335,1,1,,0,2,1,1,A01
202000003336,1,30,,0,2,3,10,A01
202000003336,1,1,,0,2,2,7,B01
202000003337,1,30,,0,0,8,7,A01
202000003338,2,7,,0,2,3,1,B01
202000003338,2,33,,0,2,7,8,A01
202000003339,1,7,,0,2,6,9,B01
202000003339,1,50,,0,2,1,1,A01
202000003340,1,7,,0,1,4,4,Z01
202000003341,2,1,,0,2,1,1,B01
202000003341,2,1,,0,2,4,13,A01
202000003342,1,7,,0,2,2,15,B01
202000003342,2,1,,0,2,8,1,A01
202000003343,1,50,,0,2,2,1,A01
202000003343,1,30,,0,2,3,16,B01
202000003344,2,7,,0,2,7,12,A01
202000003344,2,1,,0,2,8,1,B01
202000003345,2,7,,0,2,3,15,A01
202000003345,2,30,,0,2,7,17,B01
202000003346,1,31,,0,2,1,1,B01
202000003346,2,7,,0,2,2,15,A01
202000003347,2,37,1.0,0,1,2,2,A01
202000003348,3,43,,0,2,1,18,A01
202000003348,3,1,,0,2,6,19,B01
202000003349,3,50,,0,2,7,1,A01
202000003349,3,32,,0,2,3,1,B01
202000003350,1,1,,0,0,1,1,A01
202000003351,1,30,,0,0,8,1,A01
202000003352,2,7,,0,2,2,15,A01
202000003352,2,30,,0,2,3,1,B01
202000003353,1,3,,0,2,1,26,A01
202000003353,1,3,,14,0,4,2,B01
202000003354,1,34,,6,2,1,1,A01
202000003354,1,7,,0,2,2,16,B01
202000003355,1,7,,0,2,3,22,A01
202000003355,1,1,,1,0,1,2,B01
202000003356,2,31,,0,2,0,1,A01
202000003356,1,99,,0,2,0,15,X01
202000003357,2,7,,0,2,2,9,A01
202000003357,2,2,,0,2,3,2,B01
202000003358,0,7,,0,2,6,10,A01
202000003358,0,34,,0,2,1,1,B01
202000003359,2,7,,0,9,0,26,Z01
202000003359,2,50,,14,1,4,18,A01
202000003360,1,30,,0,2,3,17,A01
202000003360,1,10,,0,2,3,23,B01
202000003361,3,10,,0,0,6,0,B01
202000003361,3,10,,0,2,1,26,A01
202000003362,2,7,,0,1,1,1,A01
202000003363,3,34,,0,2,7,16,A01
202000003363,3,7,,0,2,2,11,B01
202000003364,1,7,,0,1,4,4,A01
202000003365,1,7,,0,2,7,0,B01
202000003365,1,32,,0,2,8,16,A01
202000003366,2,7,,0,2,1,2,A01
202000003366,2,7,,0,2,4,2,B01
202000003367,3,10,,0,0,4,26,A01
202000003367,-1,99,,0,2,0,0,B01
202000003368,0,31,,0,2,2,17,A01
202000003368,0,7,,0,2,3,15,B01
202000003369,1,37,1.0,0,1,2,1,A01
202000003370,3,33,,0,2,1,17,A01
202000003370,3,7,,16,0,8,15,B01
202000003371,1,7,,0,1,1,1,A01
202000003372,1,10,,0,2,2,1,B01
202000003372,2,7,,0,2,3,15,A01
202000003373,1,7,,0,1,1,15,A01
202000003374,3,7,,0,1,3,15,A01
202000003375,2,34,,1,1,1,17,A01
202000003376,0,30,,0,1,1,26,A01
202000003377,2,10,,9,0,4,2,B01
202000003377,2,34,,0,2,1,2,A01
202000003378,0,7,,0,2,4,2,B01
202000003378,3,10,,0,2,6,23,A01
202000003378,0,10,,0,2,1,2,C01
202000003379,2,7,,0,2,0,1,Z01
202000003379,2,32,,0,2,4,9,B01
202000003380,2,10,,0,9,1,15,A01
202000003380,2,1,,0,2,1,1,B01
202000003381,3,37,1.0,0,2,3,1,B01
202000003381,3,7,,0,2,7,1,A01
202000003382,2,7,,12,1,3,19,A01
202000003383,1,7,,0,0,0,20,B01
202000003383,1,32,,0,0,8,1,A01
202000003384,2,50,,0,2,1,1,B01
202000003384,1,7,,0,2,2,15,A01
202000003385,0,2,,0,0,9,1,A01
202000003386,1,7,,2,0,1,17,A01
202000003387,1,7,,0,2,1,1,B01
202000003387,2,7,,0,2,8,13,A01
202000003388,3,33,,0,2,1,2,A01
202000003388,3,7,,0,0,8,2,B01
202000003389,2,2,,0,2,1,1,B01
202000003389,1,7,,0,2,2,15,A01
202000003390,0,33,,0,0,4,1,A01
202000003391,1,7,,0,0,4,1,C01
202000003391,1,7,,0,2,1,1,A01
202000003391,1,7,,0,2,4,1,B01
202000003392,3,7,,0,1,7,1,A01
202000003392,3,7,,0,2,1,1,B01
202000003393,1,3,,0,0,4,1,B01
202000003393,1,7,,0,2,1,1,A01
202000003394,1,10,,0,2,8,1,B01
202000003394,3,31,,0,2,1,1,A01
202000003395,2,7,,3,0,4,1,B01
202000003395,2,7,,4,2,3,2,A01
202000003396,0,2,,7,0,1,0,A01
202000003397,3,36,,8,0,1,18,A01
202000003398,2,33,,8,0,1,1,A01
202000003399,3,31,,0,0,9,14,A01
202000003400,2,7,,0,2,1,17,A01
202000003400,1,10,,0,2,1,1,B01
202000003400,2,7,,0,2,3,1,C01
202000003401,0,7,,0,2,2,1,A01
202000003401,0,1,,0,0,8,19,B01
202000003402,1,7,,0,2,3,1,A01
202000003402,2,7,,0,2,3,1,B01
202000003403,1,33,,0,0,3,1,A01
202000003404,1,7,,0,1,3,1,A01
202000003405,1,7,,0,2,3,1,A01
202000003405,1,7,,2,2,3,1,B01
202000003406,1,7,,0,1,4,20,A01
202000003407,3,33,,0,0,2,14,A01
202000003408,1,33,,0,0,4,1,B01
202000003408,1,34,,0,2,1,17,C01
202000003408,2,33,,0,2,1,1,A01
202000003409,2,7,,0,2,6,16,C01
202000003409,1,7,,0,2,3,1,B01
202000003409,2,7,,0,2,8,17,A01
202000003410,2,7,,0,2,1,5,B01
202000003410,1,17,,0,0,2,1,A01
202000003411,1,7,,0,2,3,0,B01
202000003411,2,7,,3,2,1,5,A01
202000003412,3,33,,13,0,0,13,A01
202000003413,1,7,,2,0,9,1,A01
202000003414,1,7,,8,0,9,26,A01
202000003415,0,1,,0,2,1,13,A01
202000003415,0,1,,0,0,4,1,B01
202000003415,0,7,,0,9,3,1,C01
202000003416,1,33,,0,2,1,17,A01
202000003416,1,7,,0,2,3,15,B01
202000003417,3,2,,15,0,1,1,A01
202000003418,2,7,,6,0,1,0,A01
202000003419,1,33,,0,2,1,1,A01
202000003419,1,7,,0,2,5,19,B01
202000003420,1,7,,0,1,5,24,B01
202000003420,1,2,,1,0,1,16,A01
202000003421,1,7,,0,9,3,19,B01
202000003421,1,1,,0,0,5,0,A01
202000003422,1,17,,0,0,4,1,B01
202000003422,1,7,,0,2,1,2,A01
202000003423,1,7,,4,0,1,1,A01
202000003424,2,33,,0,9,1,1,A01
202000003425,0,33,,4,0,7,2,A01
202000003426,3,7,,0,1,3,1,A01
202000003427,2,10,,13,0,1,13,A01
202000003428,2,32,,0,2,1,1,B01
202000003428,1,7,,0,2,6,26,A01
202000003429,2,7,,8,0,1,1,A01
202000003430,1,7,,13,0,0,1,A01
202000003431,2,33,,6,0,1,1,A01
202000003432,1,7,,0,2,3,2,A01
202000003432,1,21,,0,2,6,2,B01
202000003433,-1,33,,13,0,1,1,B01
202000003433,-1,31,,12,0,8,15,A01
202000003434,2,7,,0,2,1,13,A01
202000003434,1,7,,0,2,1,1,B01
202000003435,2,7,,2,0,1,13,A01
202000003436,3,7,,6,0,8,1,A01
202000003437,2,2,,0,2,1,1,B01
202000003437,1,7,,0,2,0,1,A01
202000003438,1,7,,0,2,3,1,B01
202000003438,2,7,,0,2,2,15,A01
202000003439,0,7,,0,2,4,20,A01
202000003439,0,33,,0,2,7,0,B01
202000003440,2,7,,0,2,4,2,C01
202000003440,2,7,,0,2,4,2,B01
202000003440,2,7,,0,2,1,2,A01
202000003441,2,7,,0,2,4,1,B01
202000003441,2,7,,0,2,1,1,A01
202000003442,2,7,,0,2,4,1,A01
202000003442,2,10,,0,2,1,1,B01
202000003443,1,7,,0,2,4,1,A01
202000003443,1,7,,0,2,1,1,B01
202000003444,1,7,,0,2,1,2,B01
202000003444,1,7,,0,2,4,1,A01
202000003445,1,7,,0,0,3,1,A01
202000003446,2,7,,0,2,1,2,D01
202000003446,2,7,,0,2,1,1,A01
202000003446,2,7,,0,2,4,2,B01
202000003446,2,7,,0,2,4,2,C01
202000003447,2,7,,0,0,0,2,A01
202000003448,1,7,,0,2,1,1,A01
202000003448,1,7,,0,2,4,1,B01
202000003449,1,7,,0,2,5,12,A01
202000003449,1,32,,0,2,1,0,B01
202000003450,2,7,,0,2,6,11,B01
202000003450,2,33,,0,2,1,3,A01
202000003451,2,33,,0,2,1,3,B01
202000003451,2,7,,0,2,4,11,A01
202000003452,3,7,,11,0,1,13,A01
202000003453,0,7,,0,2,6,16,B01
202000003453,0,1,,0,2,1,1,A01
202000003454,3,1,,1,0,1,1,A01
202000003455,1,7,,0,2,1,15,A01
202000003455,1,1,,0,2,1,13,B01
202000003456,2,7,,0,2,2,15,A01
202000003456,1,2,,0,2,1,1,B01
202000003457,3,7,,0,9,6,9,A01
202000003457,3,1,,0,0,0,0,B01
202000003458,0,3,,0,0,0,26,A01
202000003459,1,32,,0,2,1,2,B01
202000003459,1,7,,0,2,5,23,A01
202000003460,2,7,,0,0,8,1,B01
202000003460,3,10,,0,2,1,9,A01
202000003461,1,7,,0,0,2,26,A01
202000003462,0,2,,0,1,1,19,A01
202000003463,1,7,,0,2,4,23,B01
202000003463,1,7,,14,0,1,1,A01
202000003464,3,7,,0,2,2,23,C01
202000003464,3,7,,0,2,3,1,B01
202000003464,3,33,,1,2,2,15,A01
202000003465,2,10,,0,1,1,14,A01
202000003466,1,7,,1,0,8,12,B01
202000003466,1,7,,1,0,6,1,C01
202000003466,1,43,,1,0,1,17,A01
202000003467,1,7,,0,2,3,0,B01
202000003467,1,37,1.0,0,2,0,0,A01
202000003468,1,7,,0,0,4,2,C01
202000003468,1,7,,0,2,4,2,B01
202000003468,1,7,,0,2,1,2,A01
202000003469,1,7,,0,2,1,1,B01
202000003469,2,1,,0,2,1,5,A01
202000003470,1,99,,0,2,6,23,B01
202000003470,1,33,,0,2,1,2,A01
202000003471,2,7,,0,2,6,1,B01
202000003471,2,7,,0,2,4,11,A01
202000003472,1,31,,0,2,8,3,A01
202000003472,1,7,,0,2,7,12,B01
202000003472,1,7,,0,2,6,1,C01
202000003473,1,13,,0,2,2,1,A01
202000003473,1,7,,0,2,6,1,C01
202000003473,1,10,,0,2,2,1,D01
202000003473,1,7,,0,2,6,9,B01
202000003474,3,10,,4,2,4,2,B01
202000003474,3,7,,4,2,9,2,A01
202000003475,1,7,,4,2,0,2,B01
202000003475,1,7,,4,2,1,17,A01
202000003475,1,30,,4,2,0,2,C01
202000003476,1,30,,0,1,1,1,A01
202000003477,2,1,,0,1,1,1,A01
202000003478,2,1,,0,1,1,1,A01
202000003479,3,30,,12,0,7,14,A01