Num_Acc,senc,catv,occutc,obs,obsm,choc,manv,num_veh
202000003480,1,33,,0,2,3,17,B01
202000003480,1,7,,0,2,3,13,A01
202000003481,2,1,,0,0,1,1,A01
202000003482,2,7,,0,1,3,1,A01
202000003483,3,1,,0,2,1,1,B01
202000003483,3,10,,0,2,1,15,A01
202000003484,1,7,,0,2,3,9,A01
202000003484,1,2,,0,2,1,1,B01
202000003485,2,7,,0,2,1,2,C01
202000003485,2,7,,0,2,4,26,A01
202000003485,2,7,,0,2,1,2,B01
202000003486,1,7,,0,1,1,16,A01
202000003487,1,1,,0,2,1,1,A01
202000003487,2,1,,0,2,1,1,Z01
202000003488,2,1,,0,0,0,1,A01
202000003489,3,7,,0,2,4,1,B01
202000003489,3,7,,0,2,1,1,A01
202000003490,0,32,,0,2,2,2,B01
202000003490,1,7,,0,2,3,13,A01
202000003491,2,7,,0,2,2,15,A01
202000003491,1,7,,0,2,1,1,B01
202000003492,1,7,,0,9,7,1,A01
202000003492,1,1,,0,2,4,15,B01
202000003493,1,7,,0,9,0,0,Z01
202000003493,1,1,,0,2,0,9,B01
202000003494,1,7,,0,1,3,1,A01
202000003495,3,7,,0,2,1,1,B01
202000003495,3,7,,0,2,7,15,A01
202000003496,1,1,,0,2,2,17,B01
202000003496,1,7,,0,2,8,22,A01
202000003497,3,7,,0,1,1,1,A01
202000003498,2,10,,0,2,4,0,A01
202000003498,2,33,,0,2,1,0,B01
202000003499,1,7,,0,0,4,13,B01
202000003499,1,32,,0,2,1,1,A01
202000003500,-1,7,,0,2,1,15,B01
202000003500,-1,7,,0,2,3,9,A01
202000003501,1,7,,0,2,0,1,A01
202000003501,1,7,,0,2,4,1,B01
202000003501,1,7,,0,2,1,1,C01
202000003501,1,7,,0,2,1,1,D01
202000003502,2,7,,0,2,0,0,C01
202000003502,2,99,,0,2,0,0,B01
202000003502,2,37,1.0,0,2,1,9,A01
202000003503,2,1,,0,1,1,25,A01
202000003504,2,7,,0,2,7,1,A01
202000003504,1,1,,0,2,8,1,B01
202000003505,2,10,,0,1,3,1,A01
202000003506,1,2,,0,2,8,16,B01
202000003506,1,7,,0,2,5,16,A01
202000003507,2,7,,0,2,2,15,A01
202000003507,1,34,,0,2,1,1,B01
202000003508,1,1,,0,2,5,2,A01
202000003508,1,7,,0,9,5,16,B01
202000003509,3,1,,0,2,1,26,B01
202000003509,3,7,,0,2,2,15,A01
202000003510,1,10,,0,2,2,5,A01
202000003510,2,14,,0,2,2,1,B01
202000003511,2,7,,14,2,3,15,B01
202000003511,2,33,,0,2,1,2,A01
202000003512,2,33,,0,2,3,13,A01
202000003512,2,17,,0,2,3,1,B01
202000003513,1,14,,0,2,3,1,A01
202000003513,2,1,,0,2,1,1,B01
202000003514,2,33,,8,0,1,0,A01
202000003515,1,7,,0,2,3,1,B01
202000003515,2,7,,0,2,2,13,A01
202000003516,1,33,,0,2,3,13,A01
202000003516,2,15,,0,2,3,1,B01
202000003517,1,1,,0,2,1,1,B01
202000003517,2,7,,0,9,1,15,A01
202000003517,3,7,,0,0,8,23,C01
202000003518,2,7,,0,2,1,1,C01
202000003518,1,7,,0,2,1,13,A01
202000003518,2,7,,0,2,3,1,B01
202000003519,2,7,,0,0,8,19,A01
202000003519,2,33,,0,2,1,1,B01
202000003520,1,7,,0,2,3,1,A01
202000003520,2,31,,0,2,1,1,B01
202000003521,2,7,,2,0,3,13,A01
202000003522,2,2,,0,0,8,1,A01
202000003523,3,31,,0,2,1,5,A01
202000003523,3,7,,0,2,1,1,B01
202000003524,0,2,,0,0,4,23,B01
202000003524,0,7,,0,2,1,2,A01
202000003525,2,33,,0,0,0,1,A01
202000003526,1,33,,0,0,1,1,A01
202000003527,2,33,,0,2,8,1,A01
202000003527,2,7,,0,0,5,9,B01
202000003528,3,2,,0,2,1,1,A01
202000003528,3,10,,0,2,2,1,B01
202000003529,1,7,,0,1,3,1,A01
202000003530,3,2,,0,0,7,1,A01
202000003531,1,7,,0,1,7,1,A01
202000003532,1,7,,0,2,3,26,A01
202000003532,1,30,,0,0,7,26,B01
202000003533,2,3,,0,2,1,9,B01
202000003533,1,7,,0,2,5,1,A01
202000003534,2,7,,0,2,3,16,A01
202000003534,1,33,,0,2,1,1,B01
202000003535,1,15,,0,1,6,24,B01
202000003535,1,7,,1,0,2,14,A01
202000003536,1,7,,3,0,3,21,A01
202000003537,1,33,,0,0,0,1,A01
202000003538,3,33,,0,0,4,10,A01
202000003539,3,7,,2,2,1,1,A01
202000003539,3,7,,6,2,3,16,B01
202000003540,2,7,,0,2,1,19,A01
202000003540,2,7,,0,2,3,1,B01
202000003541,0,7,,0,1,1,15,A01
202000003542,1,7,,0,2,1,19,A01
202000003542,1,7,,0,2,8,1,B01
202000003543,1,7,,1,0,2,0,A01
202000003544,1,33,,8,0,3,0,A01
202000003545,1,33,,0,2,1,1,A01
202000003545,2,7,,0,2,3,1,B01
202000003546,3,1,,0,0,1,0,A01
202000003546,3,1,,0,0,1,0,B01
202000003547,1,7,,0,1,1,1,A01
202000003548,0,7,,0,2,3,15,B01
202000003548,0,7,,0,2,2,15,A01
202000003549,1,7,,15,6,2,14,A01
202000003550,2,33,,0,0,8,0,A01
202000003551,1,7,,0,2,3,5,A01
202000003551,2,7,,0,2,6,1,B01
202000003552,1,7,,0,0,6,14,B01
202000003552,1,2,,0,2,1,2,A01
202000003553,0,34,,0,0,0,1,A01
202000003554,2,31,,0,2,1,1,A01
202000003554,2,7,,0,2,5,1,B01
202000003555,2,7,,14,0,8,13,A01
202000003556,1,7,,0,2,4,23,B01
202000003556,1,7,,0,2,1,21,A01
202000003557,2,7,,0,2,4,23,B01
202000003557,2,7,,0,2,1,2,A01
202000003558,1,10,,0,2,1,2,A01
202000003558,1,7,,0,2,4,2,B01
202000003558,1,7,,0,2,4,1,C01
202000003559,1,7,,0,2,4,1,D01
202000003559,1,7,,0,2,4,1,C01
202000003559,1,7,,0,2,4,1,B01
202000003559,1,7,,0,2,1,2,A01
202000003560,2,7,,0,2,4,2,B01
202000003560,2,7,,0,2,1,1,A01
202000003560,2,10,,0,2,4,2,C01
202000003561,1,7,,0,2,6,0,B01
202000003561,1,7,,0,2,2,0,A01
202000003562,1,7,,0,2,2,11,A01
202000003562,1,7,,0,2,6,2,B01
202000003563,1,7,,0,2,1,2,F01
202000003563,1,7,,0,2,1,2,C01
202000003563,1,7,,0,2,1,2,B01
202000003563,1,7,,0,2,4,2,A01
202000003563,1,7,,0,2,1,2,Z01
202000003563,1,7,,0,2,1,2,E01
202000003563,1,7,,0,2,1,2,D01
202000003564,2,7,,0,2,1,2,E01
202000003564,2,7,,0,2,1,2,C01
202000003564,2,7,,0,2,4,2,D01
202000003564,2,7,,0,2,4,1,A01
202000003564,2,7,,0,2,1,2,F01
202000003564,2,7,,0,2,4,2,B01
202000003565,2,1,,0,2,1,1,B01
202000003565,1,7,,0,2,2,15,A01
202000003566,1,2,,0,2,7,7,A01
202000003566,1,7,,0,2,1,1,B01
202000003567,2,7,,0,2,1,1,B01
202000003567,2,99,,0,2,7,19,A01
202000003568,3,10,,0,2,4,15,B01
202000003568,3,10,,0,2,1,19,A01
202000003569,2,7,,2,0,1,1,A01
202000003570,1,1,,0,2,4,1,B01
202000003570,1,7,,0,9,2,16,A01
202000003571,2,33,,0,2,2,1,A01
202000003571,2,7,,0,2,8,9,B01
202000003572,1,7,,0,2,1,15,A01
202000003572,2,2,,0,2,1,1,B01
202000003573,3,33,,1,0,4,21,A01
202000003574,1,1,,0,2,1,1,B01
202000003574,1,7,,0,2,3,15,A01
202000003575,2,7,,0,2,1,1,B01
202000003575,1,33,,0,2,1,13,A01
202000003576,3,7,,0,2,7,1,B01
202000003576,3,33,,0,2,1,1,A01
202000003577,3,7,,0,1,2,16,A01
202000003578,1,7,,0,1,1,9,A01
202000003579,3,7,,0,2,1,16,A01
202000003579,3,7,,0,2,0,0,B01
202000003579,3,7,,0,2,1,0,C01
202000003580,2,10,,13,0,1,1,A01
202000003581,2,7,,0,1,3,15,A01
202000003582,0,7,,0,1,5,1,Z01
202000003583,0,7,,0,2,1,1,A01
202000003583,0,7,,0,2,4,23,B01
202000003584,2,7,,0,2,2,2,B01
202000003584,2,13,,0,2,6,2,A01
202000003585,2,7,,13,0,9,17,A01
202000003586,3,10,,0,1,1,26,A01
202000003587,1,7,,0,2,4,26,B01
202000003587,1,7,,0,2,1,26,A01
202000003588,1,33,,0,2,2,26,B01
202000003588,0,7,,0,0,0,0,Z01
202000003589,1,7,,0,2,4,1,A01
202000003589,3,7,,0,2,1,2,Z01
202000003590,1,7,,1,0,0,0,D01
202000003590,1,7,,1,0,0,0,C01
202000003590,1,7,,1,0,1,26,A01
202000003590,1,7,,1,0,0,0,B01
202000003591,1,7,,6,0,1,1,A01
202000003592,1,7,,4,0,1,1,A01
202000003593,1,30,,6,2,7,1,A01
202000003593,1,10,,0,2,1,2,B01
202000003594,2,2,,0,1,2,1,A01
202000003595,1,7,,0,1,2,1,A01
202000003596,1,10,,0,1,5,26,A01
202000003597,2,7,,0,2,5,1,C01
202000003597,2,7,,0,2,6,1,B01
202000003597,2,7,,0,2,1,11,A01
202000003598,1,7,,0,2,4,2,A01
202000003598,1,7,,0,2,1,2,Z01
202000003599,2,7,,0,2,2,16,Z01
202000003599,2,50,,12,2,1,1,A01
202000003600,1,33,,0,2,1,1,B01
202000003600,1,1,,0,2,5,19,A01
202000003601,1,7,,0,2,6,17,Z01
202000003601,1,30,,0,2,1,15,A01
202000003602,1,1,,12,0,1,14,A01
202000003603,1,7,,0,1,3,1,A01
202000003604,1,32,,8,0,1,13,A01
202000003605,1,32,,0,2,2,15,A01
202000003605,1,7,,0,2,6,15,B01
202000003606,3,7,,0,2,1,15,A01
202000003606,2,33,,0,2,8,1,B01
202000003607,1,33,,1,0,1,26,A01
202000003607,3,7,,0,1,3,24,B01
202000003608,1,30,,0,2,0,0,B01
202000003608,1,30,,0,2,0,0,A01
202000003609,0,60,,1,0,1,1,A01
202000003610,1,50,,0,2,2,1,A01
202000003610,1,7,,0,2,3,1,B01
202000003611,2,7,,0,2,6,9,B01
202000003611,2,17,,0,2,2,26,A01
202000003612,2,7,,0,2,3,1,B01
202000003612,1,33,,0,2,0,17,A01
202000003613,2,33,,0,2,1,1,B01
202000003613,2,10,,0,2,6,10,A01
202000003614,2,33,,0,0,9,1,A01
202000003615,2,7,,8,0,9,17,A01
202000003615,2,2,,0,2,9,1,B01
202000003616,1,7,,15,0,0,3,A01
202000003617,1,2,,0,0,0,1,A01
202000003618,1,33,,12,0,1,0,A01
202000003619,1,7,,3,0,1,1,A01
202000003620,1,2,,3,0,0,1,A01
202000003621,1,7,,6,0,1,0,A01
202000003622,1,7,,0,0,4,23,A01
202000003622,1,7,,0,2,4,23,B01
202000003622,1,7,,0,2,1,2,C01
202000003623,1,10,,13,0,2,14,A01
202000003624,2,33,,13,0,1,14,A01
202000003625,3,7,,13,0,3,14,A01
202000003626,1,7,,0,2,3,1,A01
202000003626,2,7,,0,2,3,5,B01
202000003627,2,7,,17,0,3,13,A01
202000003628,1,7,,0,2,3,1,B01
202000003628,2,2,,0,2,3,13,A01
202000003629,1,7,,0,2,3,13,A01
202000003629,2,7,,0,2,8,1,B01
202000003630,1,7,,0,2,1,19,A01
202000003630,2,7,,0,2,1,1,B01
202000003631,1,33,,0,2,9,1,A01
202000003631,2,7,,0,2,6,15,B01
202000003632,3,2,,0,0,0,1,A01
202000003633,1,7,,0,0,8,0,A01
202000003634,1,10,,0,0,0,15,A01
202000003634,2,1,,0,2,1,2,C01
202000003634,2,1,,0,0,4,21,B01
202000003635,2,7,,0,2,3,13,A01
202000003635,1,7,,0,2,3,1,B01
202000003636,1,7,,0,2,8,17,B01
202000003636,1,33,,0,2,7,17,A01
202000003637,2,33,,0,0,7,14,A01
202000003638,2,31,,12,0,7,17,A01
202000003638,1,1,,0,2,8,1,B01
202000003639,1,7,,0,2,3,13,A01
202000003639,2,15,,0,2,8,1,B01
202000003640,2,7,,13,0,1,1,A01
202000003641,2,33,,0,2,1,1,B01
202000003641,1,7,,0,2,2,15,A01
202000003642,1,33,,6,0,1,1,A01
202000003643,2,33,,6,0,2,1,A01
202000003644,2,33,,0,9,1,21,A01
202000003645,3,7,,0,2,2,15,A01
202000003645,3,32,,0,2,1,1,B01
202000003646,1,7,,0,2,2,15,A01
202000003646,2,2,,0,2,0,1,B01
202000003647,2,7,,0,1,3,16,A01
202000003648,1,7,,0,2,7,10,A01
202000003648,2,1,,0,2,1,1,B01
202000003649,1,30,,14,0,1,14,A01
202000003650,2,1,,0,2,1,1,A01
202000003650,2,7,,0,2,5,22,Z01
202000003651,2,33,,1,2,9,17,A01
202000003651,2,7,,0,2,3,1,B01
202000003652,1,50,,0,1,8,1,A01
202000003653,2,2,,0,2,8,1,A01
202000003653,1,7,,0,2,1,15,B01
202000003654,3,7,,0,1,1,1,A01
202000003655,2,7,,0,2,8,15,A01
202000003655,2,30,,0,2,2,17,B01
202000003656,2,7,,0,2,3,1,B01
202000003656,1,7,,0,2,2,5,A01
202000003657,3,7,,0,0,3,15,A01
202000003657,3,7,,0,0,7,17,B01
202000003658,1,7,,0,1,2,1,A01
202000003659,-1,7,,0,2,1,1,A01
202000003659,-1,7,,0,2,7,16,B01
202000003660,3,7,,0,2,1,1,B01
202000003660,3,7,,0,2,7,19,A01
202000003661,1,7,,0,2,1,1,A01
202000003661,1,7,,0,2,7,1,B01
202000003662,1,7,,0,2,3,16,A01
202000003662,1,1,,0,2,1,1,B01
202000003663,2,7,,0,2,2,16,A01
202000003663,2,50,,0,2,1,26,B01
202000003664,1,7,,0,2,4,26,B01
202000003664,1,7,,0,2,1,1,A01
202000003665,1,7,,0,2,1,1,B01
202000003665,2,7,,0,2,3,13,A01
202000003666,1,7,,0,2,1,1,C01
202000003666,1,7,,0,2,3,1,B01
202000003666,2,7,,0,2,7,13,A01
202000003667,0,7,,0,0,8,9,B01
202000003667,0,1,,0,2,1,1,A01
202000003668,1,7,,0,2,3,19,A01
202000003668,2,33,,0,2,1,1,B01
202000003669,1,7,,0,2,8,15,A01
202000003669,1,7,,0,2,1,17,B01
202000003670,3,7,,0,9,2,1,A01
202000003670,1,1,,0,2,1,1,B01
202000003671,2,7,,0,9,5,19,A01
202000003671,1,1,,0,2,1,0,B01
202000003672,2,14,,0,2,1,1,B01
202000003672,1,7,,0,2,1,1,A01
202000003673,3,7,,0,2,3,15,A01
202000003673,3,33,,0,2,1,3,B01
202000003674,3,7,,0,1,3,15,A01
202000003675,1,7,,13,0,9,1,A01
202000003676,1,2,,0,0,0,0,A01
202000003677,1,7,,13,2,9,1,A01
202000003677,2,7,,14,0,7,1,B01
202000003678,3,7,,0,1,7,2,A01
202000003679,2,7,,0,2,3,1,B01
202000003679,1,0,,0,2,0,0,A01
202000003680,2,7,,0,0,3,1,B01
202000003680,1,7,,0,0,3,13,A01
202000003681,1,7,,0,1,3,1,A01
202000003682,1,7,,13,0,2,1,A01
202000003683,0,14,,3,0,2,2,A01
202000003684,1,7,,8,0,1,1,A01
202000003685,0,2,,6,0,0,1,A01
202000003686,1,7,,13,0,9,1,A01
202000003687,0,7,,0,1,6,20,A01
202000003688,2,15,,0,2,3,1,B01
202000003688,1,7,,0,2,3,13,A01
202000003689,2,7,,0,2,3,1,B01
202000003689,1,7,,0,2,3,13,A01
202000003690,1,10,,0,0,0,14,A01
202000003691,0,2,,0,0,7,15,A01
202000003692,2,7,,0,2,7,17,A01
202000003692,2,33,,0,2,8,1,B01
202000003693,2,7,,0,0,4,2,B01
202000003693,2,7,,0,2,1,2,A01
202000003694,1,14,,0,2,2,1,A01
202000003694,2,7,,0,0,1,1,B01
202000003695,3,10,,13,0,9,1,A01
202000003696,1,33,,1,0,1,19,A01
202000003696,1,7,,0,0,6,24,B01
202000003697,3,32,,13,2,8,13,A01
202000003697,3,10,,0,2,3,1,B01
202000003698,1,1,,6,0,1,1,A01
202000003699,1,7,,2,0,1,0,A01
202000003700,1,37,1.0,2,0,2,1,A01
202000003701,1,1,,0,0,7,1,B01
202000003701,1,7,,0,2,1,1,A01
202000003702,2,7,,0,2,1,13,B01
202000003702,1,7,,0,2,1,1,A01
202000003703,1,7,,3,2,9,0,B01
202000003703,1,7,,0,2,2,0,A01
202000003703,1,7,,0,2,2,0,C01
202000003704,2,7,,0,2,4,2,C01
202000003704,2,7,,0,2,1,2,D01
202000003704,2,0,,0,2,4,2,Z01
202000003704,2,7,,0,2,4,1,A01
202000003705,1,10,,0,2,6,11,A01
202000003705,1,33,,0,2,2,0,B01
202000003706,1,7,,0,2,4,9,A01
202000003706,1,7,,0,2,1,2,B01
202000003707,2,32,,0,2,3,3,B01
202000003707,2,7,,0,2,2,0,A01
202000003708,1,7,,0,2,6,1,A01
202000003708,1,7,,0,2,1,2,Z01
202000003709,1,0,,0,0,0,0,Z01
202000003709,1,10,,0,9,4,2,A01
202000003710,2,7,,0,2,0,0,C01
202000003710,2,7,,0,2,4,2,B01
202000003710,2,7,,0,2,1,1,A01
202000003711,1,7,,0,2,3,1,B01
202000003711,2,7,,0,2,1,15,A01
202000003712,1,7,,0,2,4,2,B01
202000003712,1,7,,0,2,1,2,A01
202000003713,1,7,,0,2,4,1,B01
202000003713,1,7,,0,2,1,1,A01
202000003714,2,7,,4,0,3,1,A01
202000003715,1,7,,0,0,3,1,A01
202000003716,1,7,,0,2,1,2,A01
202000003716,1,7,,0,2,4,2,B01
202000003716,1,7,,0,2,4,2,C01
202000003717,1,7,,0,0,0,1,A01
202000003718,1,7,,13,0,7,1,A01
202000003719,1,7,,0,2,4,2,A01
202000003719,1,7,,0,2,1,2,B01
202000003720,2,7,,0,2,1,1,B01
202000003720,2,7,,0,2,6,1,A01
202000003721,1,80,,0,1,1,1,A01
202000003722,0,2,,0,2,4,2,B01
202000003722,0,7,,0,2,1,2,A01
202000003723,2,2,,0,2,4,1,B01
202000003723,2,7,,0,2,1,1,A01
202000003724,1,32,,0,1,1,17,A01
202000003725,2,7,,0,2,1,2,B01
202000003725,2,10,,0,2,1,2,C01
202000003725,0,7,,0,2,4,2,A01
202000003726,2,7,,0,2,1,2,A01
202000003726,2,7,,0,2,4,2,B01
202000003727,2,7,,0,1,3,15,A01
202000003728,0,7,,0,2,4,0,B01
202000003728,0,7,,0,2,1,2,A01
202000003729,2,7,,0,2,1,1,B01
202000003729,1,7,,7,2,8,19,A01
202000003730,1,7,,0,2,8,1,A01
202000003730,2,7,,0,2,3,5,B01
202000003731,2,7,,0,2,2,9,B01
202000003731,2,33,,0,2,3,1,A01
202000003732,2,7,,0,1,2,15,A01
202000003733,2,10,,0,2,3,1,A01
202000003733,2,7,,0,2,5,1,B01
202000003734,1,7,,0,1,2,1,A01
202000003735,2,7,,0,2,0,1,B01
202000003735,2,7,,15,2,3,19,A01
202000003736,1,7,,0,2,1,9,A01
202000003736,1,7,,0,2,1,1,C01
202000003736,2,7,,0,2,2,1,B01
202000003737,2,7,,0,2,1,1,A01
202000003737,1,7,,0,2,1,1,B01
202000003738,1,7,,0,2,2,16,A01
202000003738,1,7,,8,2,5,1,B01
202000003739,1,7,,0,2,4,1,B01
202000003739,1,7,,0,2,1,1,A01
202000003740,1,7,,0,1,3,26,A01
202000003741,2,7,,0,2,1,1,A01
202000003741,2,7,,0,2,0,0,D01
202000003741,2,7,,0,2,4,1,C01
202000003741,2,7,,0,2,4,1,B01
202000003742,1,7,,3,0,1,1,A01
202000003743,2,30,,0,2,8,1,B01
202000003743,1,7,,0,2,8,15,A01
202000003744,1,7,,0,1,8,24,A01
202000003745,1,31,,0,2,5,1,B01
202000003745,0,7,,0,2,3,19,A01
202000003746,0,7,,0,2,1,26,A01
202000003746,3,7,,0,2,1,26,B01
202000003747,1,10,,0,2,2,21,B01
202000003747,1,10,,0,0,6,1,A01
202000003748,2,7,,3,0,3,9,A01
202000003749,1,7,,0,2,3,1,B01
202000003749,1,7,,0,2,3,1,A01
202000003750,1,43,,0,2,2,1,A01
202000003750,1,7,,0,2,0,26,B01
202000003751,2,2,,0,2,1,1,B01
202000003751,1,7,,0,2,1,15,A01
202000003752,1,7,,0,2,0,0,A01
202000003752,1,33,,0,2,0,0,B01
202000003753,2,7,,1,0,4,14,A01
202000003754,3,7,,0,2,3,0,B01
202000003754,3,32,,0,2,2,0,A01
202000003755,1,7,,10,0,1,2,A01
202000003756,3,7,,0,1,1,26,A01
202000003757,2,7,,0,2,2,1,B01
202000003757,1,7,,0,2,3,9,A01
202000003758,1,7,,0,2,1,2,A01
202000003758,1,10,,0,2,4,2,B01
202000003759,2,7,,0,2,4,1,B01
202000003759,2,7,,0,2,1,2,A01
202000003760,2,32,,0,0,7,1,A01
202000003761,1,7,,0,2,7,1,B01
202000003761,1,10,,0,2,8,11,A01
202000003762,1,7,,11,0,3,13,A01
202000003763,1,7,,0,1,2,15,A01
202000003764,1,1,,0,1,1,1,A01
202000003765,2,30,,0,0,1,1,A01
202000003766,1,7,,1,0,1,14,A01
202000003767,1,10,,1,2,3,16,B01
202000003767,2,7,,0,2,2,1,A01
202000003768,3,34,,0,2,6,1,B01
202000003768,3,7,,0,2,7,12,A01
202000003769,3,7,,0,2,1,2,A01
202000003769,3,7,,0,1,4,1,B01
202000003770,1,7,,0,2,1,2,A01
202000003770,1,7,,0,2,4,1,B01
202000003771,1,7,,0,2,5,12,Z01
202000003771,1,32,,0,2,3,1,A01
202000003772,1,1,,1,0,1,14,B01
202000003773,1,7,,0,2,1,1,B01
202000003773,1,7,,0,2,8,9,A01
202000003774,2,10,,0,2,2,7,A01
202000003774,2,1,,0,2,4,7,B01
202000003775,1,34,,0,2,0,7,B01
202000003775,1,7,,0,2,2,16,A01
202000003776,1,7,,14,2,1,2,A01
202000003776,1,33,,5,2,0,0,B01
202000003777,1,7,,15,0,1,26,A01
202000003778,2,33,,14,0,9,26,A01
202000003779,1,7,,2,0,2,14,A01
202000003780,1,30,,0,1,0,26,A01
202000003781,2,7,,0,2,1,2,A01
202000003781,2,7,,0,2,4,2,B01
202000003782,3,7,,0,2,5,26,A01
202000003782,2,7,,0,2,2,1,B01
202000003783,3,7,,0,2,5,0,B01
202000003783,3,7,,0,2,1,9,A01
202000003784,1,32,,2,0,1,1,A01
202000003785,2,10,,0,2,1,2,A01
202000003785,2,7,,0,2,4,23,B01
202000003786,3,30,,0,0,0,1,A01
202000003787,1,7,,0,2,3,22,A01
202000003787,1,30,,0,2,1,2,B01
202000003788,1,7,,0,2,4,2,C01
202000003788,1,7,,0,2,4,2,B01
202000003788,1,7,,0,2,4,2,A01
202000003789,1,7,,0,2,3,1,B01
202000003789,2,7,,0,0,8,13,A01
202000003790,1,7,,2,0,1,14,A01
202000003791,2,31,,0,2,1,1,B01
202000003791,1,7,,0,2,3,15,A01
202000003792,1,7,,13,0,2,1,A01
202000003793,0,7,,13,0,1,1,A01
202000003794,2,7,,15,0,0,1,A01
202000003795,1,7,,0,2,2,1,B01
202000003795,1,7,,0,2,8,23,A01
202000003796,2,7,,2,0,7,1,A01
202000003797,1,7,,0,2,1,15,A01
202000003797,2,2,,0,2,8,1,B01
202000003798,2,7,,13,0,1,13,A01
202000003799,1,7,,0,2,2,1,B01
202000003799,1,36,,0,2,6,15,A01
202000003800,1,33,,0,2,7,17,B01
202000003800,2,7,,0,2,8,13,A01
202000003801,2,7,,13,0,9,1,A01
202000003802,2,33,,0,1,1,1,A01
202000003803,3,2,,0,2,2,1,B01
202000003803,3,7,,0,2,3,1,A01
202000003804,1,7,,3,2,3,1,A01
202000003804,2,7,,3,2,3,1,B01
202000003805,1,7,,0,1,1,1,A01
202000003806,2,33,,15,0,9,17,A01
202000003807,1,7,,16,0,7,17,A01
202000003808,1,7,,0,1,1,1,A01
202000003809,1,7,,13,0,2,0,A01
202000003810,1,33,,0,0,7,1,A01
202000003811,1,7,,2,0,1,0,A01
202000003812,1,30,,12,0,7,0,A01
202000003813,1,7,,2,0,3,1,A01
202000003814,2,7,,13,0,2,14,A01
202000003815,1,7,,3,0,2,1,A01
202000003816,1,7,,0,2,1,1,B01
202000003816,1,7,,4,2,1,1,A01
202000003817,1,7,,0,1,2,1,A01
202000003818,2,33,,0,2,7,17,A01
202000003818,2,7,,0,2,8,15,B01
202000003819,0,33,,0,2,1,1,B01
202000003819,3,10,,0,2,2,15,A01
202000003820,2,7,,0,2,1,1,B01
202000003820,1,7,,0,2,1,13,A01
202000003821,1,10,,6,0,3,1,A01
202000003822,1,7,,13,0,1,13,A01
202000003823,1,7,,2,0,8,1,A01
202000003824,2,10,,0,2,1,1,C01
202000003824,2,10,,0,2,8,1,B01
202000003824,1,10,,0,2,1,0,A01
202000003825,3,2,,0,2,2,1,A01
202000003825,3,7,,0,2,1,19,B01
202000003826,2,7,,0,9,1,13,A01
202000003826,1,1,,0,2,0,0,B01
202000003827,1,10,,3,2,1,2,C01
202000003827,1,10,,3,2,4,2,A01
202000003827,1,10,,3,2,4,2,B01
202000003828,1,7,,0,2,2,21,A01
202000003828,1,7,,0,2,6,1,B01
202000003829,1,31,,0,0,7,1,A01
202000003830,2,7,,0,2,5,2,D01
202000003830,2,7,,0,2,4,1,B01
202000003830,2,7,,0,2,4,2,C01
202000003830,2,7,,0,2,1,2,A01
202000003831,1,7,,0,2,1,2,A01
202000003831,1,7,,0,2,4,23,B01
202000003832,1,7,,0,2,3,1,B01
202000003832,1,7,,3,2,1,1,A01
202000003833,2,7,,4,0,1,1,A01
202000003834,2,17,,4,0,1,1,A01
202000003835,1,7,,0,2,1,1,A01
202000003835,3,7,,0,2,9,2,B01
202000003835,1,7,,0,2,4,2,C01
202000003836,2,7,,0,2,3,2,A01
202000003836,2,7,,0,2,4,21,B01
202000003837,2,33,,0,0,9,13,A01
202000003838,1,7,,0,2,6,0,A01
202000003838,1,33,,0,2,1,0,B01
202000003839,1,7,,0,2,2,12,A01
202000003839,1,7,,0,2,3,1,C01
202000003839,1,33,,0,2,6,3,B01
202000003840,2,31,,0,2,1,3,A01
202000003840,2,33,,0,2,4,3,B01
202000003841,1,7,,0,2,8,1,B01
202000003841,1,14,,0,2,2,12,A01
202000003842,3,7,,0,1,3,1,A01
202000003843,2,7,,0,2,7,15,A01
202000003843,1,99,,0,2,1,26,B01
202000003844,3,7,,14,2,1,15,A01
202000003844,3,33,,14,0,0,0,B01
202000003845,3,7,,0,2,3,1,A01
202000003845,3,7,,12,0,5,23,B01
202000003846,0,1,,0,2,1,1,B01
202000003846,0,7,,0,9,8,26,A01
202000003847,2,1,,0,1,1,1,B01
202000003848,1,7,,0,2,8,2,B01
202000003848,1,10,,0,2,2,12,A01
202000003849,1,1,,0,9,0,21,A01
202000003850,2,7,,0,2,9,1,A01
202000003850,2,10,,0,2,7,1,B01
202000003851,3,7,,0,2,1,1,B01
202000003851,3,7,,0,2,1,1,A01
202000003852,1,43,,0,0,1,14,A01
202000003853,1,7,,0,2,1,1,A01
202000003853,1,7,,0,2,4,1,B01
202000003854,1,10,,0,2,9,1,B01
202000003854,1,7,,0,2,3,13,A01
202000003855,2,7,,0,2,0,0,B01
202000003855,1,1,,0,2,2,26,A01
202000003856,1,7,,0,2,1,15,A01
202000003856,1,1,,0,2,2,26,B01
202000003857,2,99,,0,2,2,0,B01
202000003857,2,99,,0,2,3,15,A01
202000003858,2,7,,1,0,6,0,B01
202000003858,1,7,,2,2,9,1,A01
202000003859,0,7,,0,1,1,1,A01
202000003860,3,3,,0,2,3,1,A01
202000003860,2,1,,0,2,2,12,B01
202000003861,1,33,,0,2,1,17,A01
202000003861,1,7,,0,2,3,15,B01