Num_Acc,senc,catv,occutc,obs,obsm,choc,manv,num_veh
202000004236,1,50,,0,0,0,1,B01
202000004237,2,33,,0,0,0,1,A01
202000004238,1,1,,0,0,1,1,A01
202000004239,2,33,,0,1,0,1,A01
202000004240,0,7,,0,9,0,0,Z01
202000004240,1,99,,0,2,1,1,B01
202000004241,1,7,,13,0,1,1,A01
202000004242,2,7,,2,0,1,1,A01
202000004243,1,7,,0,2,1,26,B01
202000004243,1,31,,0,2,4,26,A01
202000004244,0,7,,1,0,2,0,A01
202000004244,0,7,,0,1,4,22,B01
202000004245,2,7,,0,2,5,26,A01
202000004245,1,31,,0,2,1,26,B01
202000004246,2,7,,0,2,2,1,A01
202000004246,2,17,,0,2,6,1,B01
202000004247,1,7,,0,2,1,1,B01
202000004247,2,7,,0,2,1,5,A01
202000004248,2,17,,0,2,2,12,A01
202000004248,2,7,,0,2,6,1,B01
202000004249,2,32,,0,2,1,13,A01
202000004249,1,7,,0,2,1,1,B01
202000004250,1,7,,0,0,6,1,A01
202000004250,1,33,,7,2,1,6,B01
202000004251,1,7,,0,2,3,2,B01
202000004251,1,7,,0,2,2,17,A01
202000004252,1,7,,0,2,4,23,B01
202000004252,1,7,,0,2,1,2,A01
202000004253,2,7,,0,2,5,1,B01
202000004253,2,7,,0,2,3,13,A01
202000004254,2,7,,3,2,1,1,A01
202000004255,2,7,,4,0,2,12,A01
202000004256,1,7,,0,0,2,2,A01
202000004257,1,7,,0,0,3,1,A01
202000004258,1,7,,4,0,1,14,A01
202000004259,2,7,,4,2,2,12,A01
202000004259,2,7,,0,2,6,1,C01
202000004259,2,7,,4,2,6,1,B01
202000004260,1,34,,1,0,0,1,B01
202000004260,1,17,,0,2,0,23,A01
202000004261,3,33,,0,2,8,1,A01
202000004262,2,7,,1,0,1,1,B01
202000004262,2,7,,0,2,4,23,A01
202000004263,1,33,,0,2,1,17,B01
202000004263,1,7,,0,2,4,15,A01
202000004264,1,7,,0,1,1,1,A01
202000004265,1,32,,0,1,1,1,Z01
202000004266,1,7,,0,2,1,1,A01
202000004266,2,7,,0,2,1,17,B01
202000004267,1,7,,0,2,2,15,A01
202000004267,2,7,,0,2,1,1,B01
202000004268,2,7,,0,2,3,1,B01
202000004268,1,7,,0,2,1,13,A01
202000004269,3,36,,13,0,1,1,A01
202000004270,1,2,,0,2,1,1,B01
202000004270,2,7,,0,2,8,15,A01
202000004271,3,33,,0,5,1,1,A01
202000004272,3,7,,0,2,1,2,A01
202000004272,3,33,,0,2,4,2,B01
202000004273,2,7,,0,2,3,1,A01
202000004273,1,7,,0,2,7,1,B01
202000004274,3,7,,0,2,1,1,A01
202000004274,3,7,,0,2,3,11,B01
202000004275,2,7,,0,2,2,1,A01
202000004275,2,2,,0,2,4,1,B01
202000004276,2,7,,0,2,1,2,A01
202000004276,2,7,,0,2,4,23,B01
202000004276,2,7,,0,2,4,23,C01
202000004277,3,7,,4,0,0,1,A01
202000004278,1,33,,1,0,0,1,A01
202000004279,1,7,,0,2,3,1,A01
202000004279,2,50,,0,2,1,1,B01
202000004280,1,21,,0,1,6,1,A01
202000004281,1,34,,0,2,7,21,A01
202000004282,1,7,,0,2,1,1,B01
202000004282,2,10,,0,2,8,19,A01
202000004283,1,33,,0,2,1,1,B01
202000004283,1,10,,0,2,7,15,A01
202000004284,2,2,,0,1,1,1,A01
202000004285,1,7,,0,2,1,0,B01
202000004285,2,7,,0,2,1,13,A01
202000004286,1,7,,0,2,1,13,A01
202000004286,2,7,,0,2,1,1,B01
202000004287,1,7,,4,0,1,21,A01
202000004288,1,7,,0,2,3,21,B01
202000004288,1,7,,0,2,2,0,A01
202000004289,2,7,,0,2,4,1,A01
202000004289,2,7,,0,2,1,2,B01
202000004289,2,7,,0,2,1,2,C01
202000004290,2,7,,6,0,3,11,A01
202000004291,2,10,,0,2,2,15,A01
202000004291,1,34,,0,2,1,1,B01
202000004292,2,7,,0,0,1,1,A01
202000004293,1,33,,0,2,3,9,B01
202000004293,1,7,,0,2,5,17,A01
202000004294,1,17,,0,0,0,13,A01
202000004295,2,7,,0,2,2,0,B01
202000004295,2,7,,0,2,3,0,A01
202000004296,2,10,,0,2,3,15,A01
202000004296,1,2,,0,2,1,1,B01
202000004297,2,32,,0,2,3,1,B01
202000004297,1,7,,0,2,3,15,A01
202000004298,1,34,,0,0,0,1,A01
202000004299,3,7,,0,1,7,26,A01
202000004300,2,7,,0,0,3,1,B01
202000004300,1,7,,0,2,3,0,A01
202000004301,1,7,,0,0,9,1,A01
202000004302,2,7,,0,0,9,21,A01
202000004303,3,2,,0,2,1,1,B01
202000004303,3,7,,0,2,1,13,A01
202000004304,2,7,,17,0,7,16,A01
202000004305,0,2,,0,0,0,0,A01
202000004306,2,7,,0,2,3,15,A01
202000004306,2,33,,0,2,1,1,B01
202000004307,2,7,,8,2,7,1,A01
202000004307,1,7,,0,2,1,19,B01
202000004308,2,7,,0,2,8,19,A01
202000004308,1,7,,0,2,1,1,B01
202000004309,1,7,,0,2,7,11,B01
202000004309,1,32,,0,2,1,1,A01
202000004310,2,14,,0,2,5,15,B01
202000004310,2,33,,0,2,4,17,A01
202000004311,3,7,,0,1,1,16,A01
202000004312,3,31,,0,2,1,1,A01
202000004312,3,7,,0,2,1,1,B01
202000004313,2,31,,0,1,1,1,A01
202000004314,2,7,,13,0,1,13,A01
202000004315,3,2,,0,2,7,2,A01
202000004315,3,7,,0,2,3,15,B01
202000004316,1,7,,0,2,2,1,A01
202000004316,1,7,,0,2,6,15,B01
202000004317,3,33,,0,2,1,2,B01
202000004317,0,7,,0,2,8,15,A01
202000004318,1,2,,0,0,1,17,A01
202000004318,1,7,,0,0,3,15,B01
202000004319,1,80,,0,2,3,2,A01
202000004319,1,7,,0,9,1,9,Z01
202000004320,2,99,,0,0,0,2,A01
202000004321,1,10,,1,0,3,1,A01
202000004322,2,7,,7,0,1,0,A01
202000004323,1,2,,0,4,8,15,A01
202000004323,2,40,,0,2,0,1,B01
202000004324,3,7,,0,9,1,1,A01
202000004325,1,40,,0,1,3,1,A01
202000004326,1,7,,1,1,1,5,A01
202000004326,2,7,,0,2,1,23,B01
202000004327,1,7,,0,0,0,1,A01
202000004328,1,7,,0,2,3,19,B01
202000004328,2,7,,0,2,1,21,A01
202000004329,2,7,,0,1,2,1,A01
202000004330,2,7,,8,2,3,9,A01
202000004330,2,15,,0,2,2,14,B01
202000004331,3,7,,0,2,8,6,A01
202000004331,2,7,,0,2,1,1,B01
202000004332,1,33,,15,0,1,1,A01
202000004333,1,7,,0,1,1,20,A01
202000004334,0,7,,0,2,8,0,B01
202000004334,0,31,,0,2,1,17,A01
202000004335,3,1,,0,2,3,14,B01
202000004335,2,7,,0,2,3,14,A01
202000004336,3,36,,0,0,3,0,A01
202000004337,2,7,,0,2,7,13,A01
202000004337,1,7,,0,2,1,1,B01
202000004338,2,7,,0,2,1,13,A01
202000004338,1,7,,0,2,1,1,B01
202000004339,1,2,,0,2,5,15,B01
202000004339,1,7,,0,2,2,1,A01
202000004340,0,7,,13,0,9,1,A01
202000004341,1,7,,0,2,4,2,C01
202000004341,1,7,,0,2,1,2,A01
202000004341,1,7,,0,2,4,2,B01
202000004342,1,1,,0,2,1,1,B01
202000004342,1,7,,0,2,1,9,A01
202000004343,1,2,,0,0,4,1,B01
202000004343,1,7,,0,2,1,1,A01
202000004344,0,7,,0,1,1,1,A01
202000004345,1,7,,0,2,1,1,B01
202000004345,2,7,,0,2,1,13,A01
202000004346,1,40,,0,1,2,1,A01
202000004347,3,2,,0,2,1,5,A01
202000004347,3,7,,0,2,1,1,B01
202000004348,1,7,,15,1,2,21,A01
202000004349,2,7,,6,0,1,26,A01
202000004350,1,2,,0,2,2,1,B01
202000004350,2,7,,0,2,3,9,A01
202000004351,1,1,,0,2,2,1,B01
202000004351,1,7,,0,2,1,1,A01
202000004352,2,7,,8,0,1,1,A01
202000004353,3,1,,0,0,0,1,A01
202000004354,1,7,,6,0,1,1,A01
202000004355,2,1,,0,1,1,17,A01
202000004356,3,33,,0,2,1,1,B01
202000004356,3,7,,0,2,6,10,A01
202000004357,1,7,,2,0,3,1,A01
202000004358,3,7,,0,2,3,11,B01
202000004358,3,30,,0,2,2,2,A01
202000004359,1,2,,0,2,1,17,B01
202000004359,1,7,,0,2,8,15,A01
202000004360,1,7,,0,1,3,26,A01
202000004361,2,7,,0,2,3,1,A01
202000004361,2,10,,0,2,2,16,B01
202000004362,1,1,,0,2,4,23,B01
202000004362,1,37,1.0,0,2,1,1,A01
202000004363,2,33,,0,2,1,13,A01
202000004363,1,38,1.0,0,2,3,21,B01
202000004364,2,7,,0,2,1,15,B01
202000004364,1,32,,0,2,1,1,A01
202000004365,0,7,,0,2,8,0,B01
202000004365,0,7,,0,2,2,1,A01
202000004366,1,34,,0,1,1,17,A01
202000004367,2,7,,0,1,1,1,A01
202000004368,1,7,,13,0,0,1,A01
202000004369,0,33,,0,2,4,1,B01
202000004369,3,7,,0,2,1,2,A01
202000004370,2,33,,3,0,8,13,A01
202000004371,2,7,,13,0,2,14,A01
202000004372,1,7,,11,0,0,1,A01
202000004373,3,7,,0,2,2,26,B01
202000004373,3,30,,0,2,1,1,A01
202000004374,1,7,,0,2,1,26,A01
202000004374,1,7,,0,2,0,9,B01
202000004375,3,32,,0,2,8,1,C01
202000004375,3,33,,0,2,8,1,B01
202000004375,3,15,,0,2,7,14,A01
202000004376,1,7,,0,2,0,16,Z01
202000004376,0,7,,0,1,8,1,A01
202000004377,1,50,,0,2,1,10,A01
202000004377,1,7,,0,2,3,17,B01
202000004378,1,2,,0,1,1,25,Z01
202000004379,1,33,,8,2,6,2,A01
202000004379,1,34,,0,2,2,12,B01
202000004380,2,33,,0,2,3,1,A01
202000004380,2,1,,0,2,1,13,B01
202000004381,2,7,,0,2,1,1,A01
202000004381,2,32,,0,2,4,23,B01
202000004382,2,50,,1,0,1,1,A01
202000004383,2,1,,0,2,1,19,A01
202000004383,1,30,,0,2,1,1,Z01
202000004384,1,43,,0,1,2,1,A01
202000004385,1,7,,0,2,3,15,A01
202000004385,2,33,,0,2,3,1,B01
202000004386,1,32,,0,2,1,1,B01
202000004386,1,10,,0,2,2,15,A01
202000004387,1,10,,1,0,3,1,A01
202000004388,3,32,,14,0,0,14,A01
202000004389,1,33,,0,2,1,2,A01
202000004389,1,7,,0,0,4,1,Z01
202000004390,1,2,,0,2,2,16,B01
202000004390,1,7,,0,2,8,15,A01
202000004391,2,7,,0,1,1,1,A01
202000004392,1,7,,0,2,8,22,A01
202000004392,1,1,,0,2,7,17,B01
202000004393,2,7,,1,0,3,13,A01
202000004394,2,80,,0,0,0,15,A01
202000004395,2,7,,0,2,2,17,A01
202000004395,2,50,,0,2,3,13,B01
202000004396,3,10,,0,2,3,13,A01
202000004396,3,2,,0,2,2,3,B01
202000004397,1,1,,0,2,8,1,B01
202000004397,1,99,,0,9,5,1,A01
202000004398,1,7,,0,0,4,0,A01
202000004398,1,2,,0,2,1,0,B01
202000004399,3,10,,0,2,1,1,B01
202000004399,3,1,,0,2,7,19,A01
202000004400,1,7,,0,1,1,19,A01
202000004401,2,7,,0,2,3,0,A01
202000004401,2,32,,0,2,1,1,B01
202000004402,2,7,,0,2,3,13,A01
202000004402,2,2,,0,2,7,17,B01
202000004403,0,30,,0,0,1,0,A01
202000004403,0,37,1.0,0,2,8,15,B01
202000004404,2,2,,0,0,4,1,B01
202000004404,2,10,,0,0,0,0,Z01
202000004405,2,10,,0,2,3,15,A01
202000004405,2,31,,0,2,1,19,B01
202000004406,1,7,,0,2,4,23,B01
202000004406,1,33,,0,2,1,1,A01
202000004407,-1,37,1.0,0,2,4,0,B01
202000004407,-1,10,,0,2,1,2,A01
202000004408,3,7,,0,2,3,1,B01
202000004408,3,2,,0,2,3,13,A01
202000004409,1,32,,0,2,2,16,B01
202000004409,1,7,,0,2,6,1,A01
202000004410,2,1,,8,0,7,26,A01
202000004411,0,7,,0,2,3,2,B01
202000004411,1,7,,8,2,2,15,A01
202000004412,2,7,,0,1,1,15,A01
202000004413,1,10,,0,2,4,1,B01
202000004413,1,7,,0,2,1,0,A01
202000004414,2,7,,0,2,2,2,A01
202000004414,2,7,,0,0,6,2,B01
202000004415,1,7,,4,0,1,1,A01
202000004416,1,7,,3,0,1,0,A01
202000004417,2,7,,0,2,1,19,A01
202000004417,2,7,,0,2,3,1,B01
202000004418,1,7,,0,0,3,1,A01
202000004419,2,17,,0,0,4,24,B01
202000004419,2,7,,1,0,1,2,A01
202000004420,2,33,,0,2,5,9,B01
202000004420,1,7,,0,2,1,26,A01
202000004421,1,0,,0,1,1,1,A01
202000004422,0,99,,0,2,1,1,B01
202000004422,0,30,,0,2,4,1,A01
202000004423,1,2,,0,2,1,11,B01
202000004423,2,7,,0,2,4,26,A01
202000004424,3,1,,0,2,1,5,B01
202000004424,3,7,,0,2,1,16,A01
202000004425,1,7,,4,0,1,0,A01
202000004426,2,37,1.0,0,1,7,1,A01
202000004427,1,7,,0,2,3,2,A01
202000004427,1,30,,0,2,4,2,B01
202000004427,2,7,,0,2,1,5,C01
202000004428,3,50,,0,0,0,1,A01
202000004429,2,7,,0,1,1,1,A01
202000004430,2,7,,0,1,2,1,A01
202000004431,0,7,,0,1,1,1,A01
202000004432,1,1,,0,0,0,1,A01
202000004433,2,7,,0,2,3,1,A01
202000004433,1,1,,0,2,1,1,B01
202000004434,2,7,,2,0,1,14,A01
202000004435,1,7,,8,0,7,19,A01
202000004436,1,34,,1,2,1,17,A01
202000004436,1,7,,0,2,3,16,B01
202000004437,3,7,,0,2,1,1,B01
202000004437,1,7,,1,2,5,1,A01
202000004438,3,7,,0,1,7,21,A01
202000004439,1,7,,0,2,2,16,A01
202000004439,1,1,,0,2,8,1,B01
202000004440,0,7,,2,0,9,1,A01
202000004441,3,1,,0,2,7,19,B01
202000004441,2,7,,0,9,0,0,A01
202000004442,2,7,,0,2,1,1,A01
202000004442,3,7,,0,2,7,10,B01
202000004443,1,10,,0,1,4,4,A01
202000004444,2,7,,0,1,1,26,A01
202000004445,1,7,,0,1,1,26,A01
202000004446,3,33,,0,2,0,0,Z01
202000004446,1,32,,0,2,7,2,A01
202000004447,3,7,,0,1,1,1,A01
202000004448,1,7,,0,1,2,1,A01
202000004449,0,7,,0,2,1,1,A01
202000004449,0,7,,0,2,0,17,B01
202000004450,3,7,,0,2,3,16,A01
202000004450,3,7,,0,2,3,1,B01
202000004451,3,31,,0,2,1,1,B01
202000004451,3,10,,0,2,4,23,A01
202000004452,1,1,,0,2,1,1,A01
202000004452,1,10,,0,9,2,19,B01
202000004453,0,10,,0,2,1,0,B01
202000004453,0,10,,0,2,2,9,A01
202000004454,1,1,,0,2,1,1,B01
202000004454,1,7,,0,2,3,20,A01
202000004455,1,7,,0,9,1,23,B01
202000004455,1,1,,1,0,1,16,A01
202000004456,1,7,,0,2,1,1,A01
202000004456,1,7,,0,2,3,1,B01
202000004456,1,7,,0,2,1,1,C01
202000004456,1,7,,0,2,1,1,D01
202000004457,3,32,,0,0,7,1,A01
202000004458,1,37,1.0,0,-1,7,1,B01
202000004458,2,40,,0,2,1,1,A01
202000004459,1,33,,7,0,1,13,A01
202000004460,0,7,,1,1,1,1,A01
202000004461,1,7,,0,1,2,1,A01
202000004462,1,7,,0,2,8,26,A01
202000004462,2,30,,0,2,1,1,B01
202000004463,2,7,,14,0,1,2,A01
202000004463,2,37,2.0,0,2,6,24,B01
202000004464,2,32,,0,1,3,19,A01
202000004465,1,7,,12,2,1,1,A01
202000004465,1,7,,0,2,1,1,B01
202000004466,1,7,,0,2,3,1,A01
202000004466,1,1,,0,2,4,1,B01
202000004467,0,7,,1,0,9,26,A01
202000004467,1,7,,1,0,6,0,C01
202000004468,1,7,,0,2,3,1,A01
202000004468,1,7,,0,2,2,1,B01
202000004469,1,99,,0,2,2,1,B01
202000004469,1,99,,0,2,3,19,A01
202000004470,2,7,,10,0,1,13,A01
202000004471,1,7,,0,2,2,12,A01
202000004471,1,1,,0,2,3,1,B01
202000004472,2,7,,0,1,3,1,A01
202000004473,3,3,,0,1,4,20,A01
202000004474,1,7,,0,1,1,19,Z01
202000004475,2,2,,0,2,8,13,B01
202000004475,1,7,,0,0,3,1,A01
202000004476,0,7,,6,1,1,26,A01
202000004477,0,7,,0,1,2,1,A01
202000004478,2,1,,0,2,1,3,A01
202000004478,2,7,,0,2,0,12,B01
202000004479,0,7,,0,0,1,2,B01
202000004479,0,7,,0,0,1,2,A01
202000004480,1,7,,0,1,1,9,A01
202000004481,2,7,,0,2,6,1,B01
202000004481,1,2,,0,2,1,1,A01
202000004482,2,7,,0,2,4,2,B01
202000004482,2,7,,0,2,1,2,A01
202000004483,1,10,,0,1,1,9,A01
202000004484,3,30,,0,0,0,14,A01
202000004485,0,7,,0,2,1,1,A01
202000004485,3,2,,0,2,9,1,B01
202000004485,3,7,,0,2,4,1,C01
202000004486,2,30,,1,2,0,21,A01
202000004487,3,7,,0,9,2,16,A01
202000004487,0,1,,0,2,1,0,B01
202000004488,1,7,,0,0,0,0,A01
202000004488,2,33,,0,0,0,0,B01
202000004489,1,7,,0,2,3,11,A01
202000004489,1,2,,0,2,1,1,B01
202000004490,3,7,,0,2,1,2,B01
202000004490,3,7,,0,2,4,2,A01
202000004491,3,1,,0,2,1,15,B01
202000004491,3,7,,0,9,1,26,A01
202000004492,1,7,,0,2,1,1,A01
202000004492,3,7,,0,2,8,15,B01
202000004493,1,30,,0,1,1,18,Z01
202000004494,1,2,,0,2,6,9,A01
202000004494,1,7,,0,2,3,1,B01
202000004495,1,32,,0,0,0,0,A01
202000004496,0,7,,0,1,4,4,A01
202000004497,1,30,,0,2,6,14,A01
202000004497,2,10,,0,2,6,1,B01
202000004498,3,7,,0,2,1,2,A01
202000004498,3,7,,0,2,4,2,B01
202000004499,3,7,,13,0,1,19,A01
202000004500,0,10,,0,1,6,1,A01
202000004501,3,7,,0,1,3,1,A01
202000004502,1,7,,0,2,3,15,B01
202000004502,2,7,,0,2,1,13,A01
202000004503,3,7,,0,1,6,26,A01
202000004504,1,7,,0,2,1,1,A01
202000004504,1,7,,6,2,8,1,B01
202000004505,2,33,,0,2,1,19,A01
202000004505,2,7,,0,2,7,1,B01
202000004506,1,31,,0,2,1,2,B01
202000004506,1,7,,0,2,2,1,A01
202000004507,1,1,,0,2,8,19,A01
202000004507,1,7,,0,2,1,1,B01
202000004508,1,7,,0,1,1,1,A01
202000004509,3,1,,0,2,1,1,B01
202000004509,3,7,,0,9,8,0,A01
202000004510,1,7,,0,1,0,1,A01
202000004511,0,7,,0,1,1,16,A01
202000004512,2,7,,0,2,3,13,A01
202000004512,1,7,,0,2,3,1,B01
202000004513,1,7,,0,2,3,19,A01
202000004513,2,7,,0,2,3,1,B01
202000004514,1,7,,0,0,1,26,A01
202000004515,2,7,,0,2,3,1,C01
202000004515,2,7,,0,2,2,15,B01
202000004515,2,7,,0,2,1,1,Z01
202000004516,2,1,,0,2,7,2,B01
202000004516,2,1,,0,2,8,2,A01
202000004517,1,7,,0,1,1,15,A01
202000004518,1,10,,0,1,1,15,A01
202000004519,0,7,,9,0,0,1,A01
202000004519,3,7,,0,0,0,0,B01
202000004520,0,30,,15,0,1,0,A01
202000004521,3,7,,0,2,2,26,A01
202000004521,0,7,,0,0,0,0,B01
202000004522,2,30,,0,1,1,1,A01
202000004523,2,7,,0,1,3,1,A01
202000004524,3,10,,0,1,2,1,A01
202000004525,1,7,,0,2,4,23,B01
202000004525,1,31,,0,2,1,2,A01
202000004526,2,7,,15,0,1,1,A01
202000004527,1,7,,0,1,1,1,A01
202000004528,3,7,,0,2,7,15,B01
202000004528,0,33,,0,2,8,26,A01
202000004529,3,7,,0,1,0,15,Z01
202000004530,3,32,,0,1,1,25,Z01
202000004531,1,7,,0,0,0,0,B01
202000004531,1,7,,0,0,0,26,A01
202000004532,1,7,,6,0,7,14,A01
202000004533,3,7,,0,1,1,26,A01
202000004534,2,33,,0,2,3,2,A01
202000004535,-1,17,,0,2,5,1,A01
202000004535,-1,1,,0,2,0,19,B01
202000004536,1,10,,0,2,3,1,A01
202000004536,2,33,,0,2,1,1,B01
202000004537,0,7,,0,2,1,2,A01
202000004537,0,7,,0,4,4,1,B01
202000004538,1,33,,0,2,4,1,B01
202000004538,1,7,,0,2,1,2,A01
202000004539,1,7,,0,2,1,1,A01
202000004539,2,7,,0,2,3,1,B01
202000004540,1,10,,0,2,1,1,A01
202000004540,1,7,,0,2,4,2,B01
202000004540,1,7,,0,2,4,0,C01
202000004541,1,7,,0,1,1,1,A01
202000004542,2,7,,0,1,1,15,A01
202000004543,1,1,,0,1,0,0,A01
202000004544,2,2,,0,2,1,1,B01
202000004544,0,14,,0,2,0,0,A01
202000004545,1,7,,0,1,1,15,A01
202000004546,2,7,,0,2,1,1,B01
202000004546,1,7,,0,2,1,13,A01
202000004547,2,30,,0,9,8,1,A01
202000004547,1,7,,0,2,6,1,B01
202000004548,1,7,,0,2,3,1,B01
202000004548,2,7,,0,2,3,13,A01
202000004549,1,7,,4,0,3,1,A01
202000004550,1,7,,0,1,1,1,A01
202000004551,0,7,,0,1,1,9,B01
202000004552,2,7,,4,0,1,1,A01
202000004553,2,7,,0,2,2,9,B01
202000004553,2,7,,0,2,3,19,A01
202000004554,0,7,,0,1,1,2,Z01
202000004555,3,7,,0,1,1,1,A01
202000004556,2,30,,0,2,8,1,B01
202000004556,2,7,,0,2,7,17,A01
202000004557,3,7,,0,1,2,21,A01
202000004558,2,7,,0,2,3,10,A01
202000004558,2,31,,0,2,1,17,B01
202000004559,1,3,,0,1,1,15,A01
202000004560,1,7,,0,2,2,15,A01
202000004560,2,31,,0,2,5,1,B01
202000004561,2,7,,0,1,8,1,A01
202000004562,3,0,,0,1,4,4,A01
202000004563,2,7,,2,1,1,1,A01
202000004563,2,7,,0,2,4,1,B01
202000004564,1,1,,0,1,3,16,B01
202000004564,1,7,,16,0,7,16,A01
202000004565,1,7,,2,0,1,14,A01
202000004566,2,7,,6,0,1,13,A01
202000004567,2,7,,0,1,1,1,Z01
202000004568,3,2,,0,2,4,2,A01
202000004568,3,7,,0,2,1,2,Z01
202000004569,3,7,,0,2,3,1,A01
202000004569,3,7,,0,2,1,1,B01
202000004569,3,7,,0,2,3,1,C01
202000004570,3,7,,0,1,1,1,A01
202000004571,0,7,,0,1,1,0,A01
202000004572,1,7,,0,2,3,19,A01
202000004572,1,10,,0,2,1,1,B01
202000004573,3,37,1.0,0,1,2,9,A01
202000004574,3,30,,0,2,1,17,A01
202000004574,0,7,,0,0,0,0,B01
202000004575,2,7,,0,2,1,23,B01
202000004575,1,7,,0,2,1,13,A01
202000004576,0,7,,8,0,2,2,A01
202000004577,2,7,,0,2,1,15,A01
202000004577,1,7,,0,0,0,0,B01
202000004578,2,10,,8,0,1,14,A01
202000004579,1,50,,16,0,0,1,A01
202000004580,2,7,,3,0,1,16,A01
202000004581,2,37,3.0,1,0,1,9,A01
202000004581,2,21,,0,2,4,2,B01
202000004582,0,30,,1,0,3,13,A01
202000004583,2,37,1.0,0,1,3,15,A01
202000004584,0,7,,0,1,1,15,A01
202000004585,0,7,,0,0,9,1,A01
202000004586,2,7,,0,2,1,2,A01
202000004586,2,7,,4,9,4,2,B01
202000004587,3,2,,0,1,1,1,A01
202000004588,0,7,,0,2,1,9,A01
202000004588,0,1,,0,2,4,1,B01
202000004589,2,7,,0,2,8,15,B01
202000004589,2,30,,0,2,1,17,A01
202000004590,3,7,,0,1,2,1,A01
202000004591,0,7,,0,1,1,1,A01
202000004592,1,2,,0,2,1,1,B01
202000004592,1,7,,0,2,2,16,A01
202000004593,1,1,,0,1,1,1,A01
202000004594,3,7,,0,2,4,15,A01
202000004594,3,7,,0,2,1,15,B01
202000004595,2,7,,0,1,2,1,A01
202000004596,2,14,,0,2,0,0,Z01
202000004596,2,7,,0,2,6,1,B01
202000004597,1,10,,0,1,1,0,A01
202000004598,3,7,,0,2,9,1,A01
202000004598,3,7,,0,2,1,16,B01
202000004599,2,37,1.0,0,1,2,9,A01
202000004600,2,7,,0,2,4,15,B01
202000004600,2,7,,0,2,1,1,A01
202000004601,1,7,,0,1,2,1,A01
202000004602,3,1,,0,2,1,1,A01
202000004602,3,7,,0,2,4,2,B01
202000004603,1,34,,0,2,1,5,A01
202000004603,2,7,,0,2,3,1,B01
202000004604,0,31,,0,0,7,13,A01
202000004605,1,2,,0,2,8,1,B01
202000004605,1,7,,0,2,1,15,A01
202000004606,2,7,,0,1,3,15,A01
202000004607,1,7,,0,2,3,19,A01
202000004607,2,31,,0,2,0,1,B01
202000004608,3,2,,0,2,8,1,B01
202000004608,2,7,,0,2,2,1,A01
202000004609,1,7,,1,0,2,21,A01
202000004610,0,10,,0,0,3,1,B01
202000004610,3,1,,0,2,1,16,A01
202000004611,1,7,,0,2,3,15,A01
202000004611,2,31,,0,2,1,1,B01
202000004612,3,33,,0,2,7,1,A01
202000004612,3,7,,0,2,1,15,B01
202000004613,1,10,,0,2,3,9,A01
202000004613,1,50,,0,2,1,1,B01
202000004614,2,7,,0,1,1,15,A01
202000004615,1,7,,4,0,1,1,A01
202000004616,1,7,,0,2,1,15,Z01
202000004616,2,1,,0,2,8,1,B01
202000004617,1,7,,0,2,3,15,A01
202000004617,1,1,,0,2,1,1,B01
202000004618,3,30,,14,0,2,9,A01
202000004619,3,2,,14,0,2,16,A01
202000004620,1,7,,0,2,4,23,C01
202000004620,1,7,,0,2,4,23,B01
202000004620,1,7,,0,2,1,2,A01
202000004621,3,7,,0,0,0,0,A01
202000004621,2,30,,0,2,4,1,B01
202000004622,2,17,,0,1,2,1,A01
202000004623,1,31,,0,2,1,1,B01
202000004623,1,10,,0,2,2,19,A01
202000004624,1,7,,6,0,8,26,A01
202000004625,1,7,,0,1,7,1,A01
202000004626,2,7,,0,2,1,1,B01
202000004626,3,7,,0,2,8,1,A01
202000004627,1,7,,13,0,1,1,A01
202000004628,1,7,,0,2,1,1,A01
202000004628,1,1,,0,2,1,1,B01
202000004629,1,33,,0,2,8,17,A01
202000004629,2,7,,0,2,8,1,B01
202000004630,1,7,,0,1,3,15,A01
202000004631,2,7,,0,2,3,15,A01
202000004631,1,7,,0,2,3,1,B01
202000004632,2,7,,0,2,4,1,A01
202000004632,2,7,,0,2,1,1,B01
202000004633,1,7,,0,2,6,15,A01
202000004633,1,1,,0,2,1,15,B01
202000004634,3,99,,0,2,3,1,B01
202000004634,3,7,,0,2,0,1,A01
202000004635,2,7,,0,2,1,1,A01
202000004635,2,7,,0,2,4,1,C01
202000004635,2,7,,3,2,1,1,B01
202000004636,1,7,,0,2,5,15,B01
202000004636,2,50,,0,2,2,1,A01
202000004637,2,30,,0,2,1,5,A01
202000004637,2,7,,0,2,7,1,B01
202000004638,0,7,,1,0,2,1,A01
202000004639,2,1,,0,2,8,0,B01
202000004639,2,1,,0,2,0,2,A01
202000004640,1,7,,0,2,4,1,A01
202000004640,1,7,,0,0,0,0,Z01
202000004640,1,7,,0,2,8,1,B01
202000004641,1,7,,0,2,2,1,A01
202000004641,1,7,,0,2,6,11,B01
202000004642,1,7,,13,0,2,13,A01
202000004643,1,33,,0,2,1,2,B01
202000004643,1,7,,0,2,2,15,A01
202000004644,3,7,,0,2,0,0,A01
202000004644,3,33,,0,2,1,1,B01
202000004645,1,7,,0,2,3,19,A01
202000004645,1,2,,0,2,1,1,B01
202000004646,3,1,,0,2,4,1,B01
202000004646,3,7,,0,2,3,9,A01
202000004647,1,10,,0,2,4,2,B01
202000004647,1,10,,0,2,1,2,A01
202000004647,1,7,,0,2,4,2,C01