Num_Acc,senc,catv,occutc,obs,obsm,choc,manv,num_veh
202000004648,1,33,,0,2,7,1,B01
202000004648,1,10,,0,2,6,10,A01
202000004649,3,7,,9,2,2,1,B01
202000004649,3,7,,9,2,3,15,A01
202000004650,1,7,,0,2,1,2,A01
202000004650,1,7,,0,2,1,1,B01
202000004650,1,10,,0,2,1,16,C01
202000004651,0,7,,0,1,1,1,A01
202000004652,1,30,,0,2,2,3,A01
202000004652,2,7,,0,2,3,9,B01
202000004653,0,7,,0,0,0,0,A01
202000004653,1,33,,0,2,1,1,B01
202000004654,2,7,,4,0,3,13,A01
202000004655,2,33,,0,2,3,1,A01
202000004655,2,7,,0,2,5,12,B01
202000004656,2,7,,0,2,2,15,A01
202000004656,1,32,,0,2,1,1,B01
202000004657,2,33,,0,2,1,1,B01
202000004657,1,7,,0,2,5,15,A01
202000004658,1,7,,0,1,2,1,A01
202000004659,1,30,,0,2,1,2,A01
202000004659,1,7,,0,2,6,23,B01
202000004660,1,7,,0,2,6,15,A01
202000004660,1,30,,0,2,1,1,B01
202000004661,1,33,,14,0,1,13,A01
202000004662,2,50,,0,2,2,18,A01
202000004662,2,7,,0,2,6,24,B01
202000004662,2,7,,0,2,2,23,C01
202000004663,1,1,,0,1,1,1,A01
202000004664,2,80,,0,0,0,1,A01
202000004665,2,1,,0,2,0,1,B01
202000004665,2,7,,0,2,3,1,A01
202000004666,1,37,1.0,0,1,2,15,A01
202000004667,3,7,,0,1,3,15,A01
202000004668,1,32,,0,2,6,1,A01
202000004668,2,7,,0,2,3,15,B01
202000004669,2,2,,0,2,1,1,B01
202000004669,2,7,,0,2,0,15,A01
202000004670,2,7,,0,1,1,1,A01
202000004671,2,33,,0,2,1,1,B01
202000004671,2,10,,0,2,3,15,A01
202000004672,1,7,,0,2,7,1,A01
202000004672,1,7,,0,2,2,1,B01
202000004673,1,7,,0,9,3,1,B01
202000004673,1,1,,0,2,1,19,A01
202000004674,1,10,,0,2,8,1,A01
202000004674,1,10,,0,2,1,15,B01
202000004675,-1,7,,0,2,1,1,A01
202000004675,3,42,,0,2,2,1,B01
202000004676,2,3,,0,2,1,26,A01
202000004676,2,33,,0,2,4,26,B01
202000004677,1,60,,0,0,3,1,A01
202000004678,2,30,,0,0,8,1,A01
202000004679,1,7,,0,1,1,1,B01
202000004679,1,7,,0,1,1,1,A01
202000004680,1,50,,0,2,1,2,B01
202000004680,1,10,,1,2,1,16,A01
202000004681,1,10,,2,1,6,4,A01
202000004682,1,15,,0,0,3,1,B01
202000004682,2,7,,0,2,3,1,A01
202000004683,1,7,,0,2,1,1,B01
202000004683,2,7,,0,2,1,13,A01
202000004684,2,7,,0,2,3,1,B01
202000004684,1,7,,0,2,3,13,C01
202000004685,0,7,,6,0,1,0,A01
202000004686,1,7,,2,0,2,0,A01
202000004687,1,7,,6,0,2,1,A01
202000004688,1,17,,1,0,2,14,A01
202000004688,1,7,,0,0,4,24,B01
202000004689,2,7,,0,2,1,2,A01
202000004689,2,7,,0,0,6,2,B01
202000004690,1,7,,2,0,7,1,A01
202000004691,1,2,,0,0,0,1,A01
202000004692,2,7,,2,0,1,21,A01
202000004693,2,21,,0,2,6,19,B01
202000004693,2,7,,0,2,2,23,D01
202000004693,1,7,,0,2,1,1,A01
202000004694,2,31,,0,2,1,21,B01
202000004694,2,7,,0,2,1,15,A01
202000004695,2,7,,0,2,3,13,A01
202000004695,1,10,,0,2,3,1,B01
202000004696,1,7,,0,2,1,17,A01
202000004696,2,7,,0,2,1,1,B01
202000004697,1,7,,0,1,3,15,A01
202000004698,1,2,,0,0,0,1,A01
202000004699,1,33,,0,0,1,1,A01
202000004700,2,7,,0,2,1,1,B01
202000004700,1,7,,0,2,6,9,A01
202000004701,1,7,,0,2,1,1,A01
202000004701,1,1,,0,2,1,11,B01
202000004702,3,7,,0,2,0,9,B01
202000004702,1,2,,0,2,0,1,A01
202000004703,0,33,,0,2,1,1,A01
202000004703,0,10,,0,2,3,15,B01
202000004704,2,7,,8,0,8,0,A01
202000004705,2,33,,2,0,0,0,A01
202000004706,2,31,,0,2,1,1,B01
202000004706,1,7,,0,0,3,1,A01
202000004707,2,10,,0,2,1,1,B01
202000004707,1,10,,0,2,1,13,A01
202000004708,2,33,,13,0,1,1,A01
202000004709,1,7,,0,1,3,1,A01
202000004710,1,33,,0,2,3,2,A01
202000004710,1,1,,0,0,4,1,B01
202000004711,3,7,,0,0,9,1,A01
202000004712,1,7,,0,2,3,9,B01
202000004712,2,30,,0,2,1,17,A01
202000004713,3,7,,0,9,3,1,A01
202000004713,3,1,,0,2,5,14,B01
202000004714,2,7,,1,2,8,22,A01
202000004714,2,33,,1,2,7,17,B01
202000004715,2,7,,3,0,3,2,A01
202000004716,2,7,,0,0,6,1,A01
202000004716,2,33,,0,2,1,1,B01
202000004717,2,7,,0,1,1,1,B01
202000004717,2,7,,0,1,3,1,A01
202000004718,3,7,,0,1,1,1,A01
202000004719,1,7,,0,1,0,0,A01
202000004720,1,10,,0,2,1,1,B01
202000004720,1,7,,0,2,9,13,A01
202000004721,1,7,,0,2,2,16,A01
202000004721,1,1,,0,2,8,26,B01
202000004722,1,7,,13,0,0,14,A01
202000004723,2,33,,0,2,1,1,B01
202000004723,1,7,,0,2,7,15,A01
202000004724,1,7,,13,0,1,1,A01
202000004725,0,7,,0,1,1,1,A01
202000004726,1,7,,0,2,1,1,E01
202000004726,1,7,,0,2,1,1,D01
202000004726,1,7,,0,2,1,1,C01
202000004726,1,7,,0,2,1,2,B01
202000004726,1,7,,0,2,4,1,A01
202000004727,1,17,,4,9,1,12,A01
202000004728,2,10,,0,2,4,1,B01
202000004728,2,33,,0,2,1,14,A01
202000004729,1,7,,4,0,2,14,A01
202000004730,2,10,,0,2,6,13,A01
202000004730,2,7,,0,2,7,1,B01
202000004731,1,7,,0,2,2,0,B01
202000004731,1,10,,0,2,8,0,A01
202000004732,2,15,,0,2,5,2,B01
202000004732,2,7,,0,2,1,2,A01
202000004733,1,7,,0,2,4,1,C01
202000004733,1,7,,0,2,4,1,B01
202000004733,1,7,,0,2,0,0,Z01
202000004734,2,7,,0,2,5,1,C01
202000004734,2,15,,0,2,2,12,B01
202000004734,2,7,,0,2,5,11,A01
202000004735,2,7,,0,2,0,0,D01
202000004735,2,7,,0,2,4,1,C01
202000004735,2,7,,0,2,1,0,B01
202000004735,2,17,,0,2,1,1,A01
202000004736,2,43,,0,0,0,1,A01
202000004737,1,33,,0,2,1,2,E01
202000004737,1,7,,0,2,4,2,D01
202000004737,1,7,,0,2,4,2,C01
202000004737,1,10,,0,2,1,2,A01
202000004737,1,7,,0,2,4,2,B01
202000004738,2,7,,0,2,4,2,B01
202000004738,2,33,,0,2,1,2,A01
202000004739,1,30,,1,2,1,2,A01
202000004739,1,7,,0,2,3,1,B01
202000004739,1,7,,0,2,5,24,C01
202000004740,1,7,,0,2,5,2,B01
202000004740,1,7,,0,2,3,1,A01
202000004741,1,7,,0,2,1,1,B01
202000004741,1,7,,0,2,1,5,A01
202000004742,3,7,,0,2,1,2,A01
202000004742,3,7,,0,2,4,1,B01
202000004743,2,30,,0,2,1,17,A01
202000004743,1,7,,0,2,1,1,B01
202000004744,1,7,,0,1,7,0,A01
202000004745,1,33,,0,2,3,3,A01
202000004745,1,34,,0,2,3,3,B01
202000004745,2,7,,0,2,8,1,C01
202000004745,1,7,,0,2,3,1,D01
202000004746,2,7,,0,2,4,1,B01
202000004746,2,7,,0,2,1,9,A01
202000004747,1,7,,0,2,1,1,A01
202000004747,1,31,,0,2,4,23,B01
202000004748,3,7,,0,2,1,1,B01
202000004748,3,10,,0,2,7,1,A01
202000004749,3,31,,0,2,0,1,B01
202000004749,3,7,,0,2,8,11,A01
202000004750,-1,7,,0,2,1,-1,A01
202000004750,-1,1,,0,2,1,-1,B01
202000004751,2,7,,0,2,7,17,A01
202000004751,1,7,,0,2,3,15,B01
202000004752,0,7,,0,2,8,19,A01
202000004752,0,7,,0,2,1,1,B01
202000004753,2,7,,0,2,4,16,A01
202000004753,1,1,,0,2,1,0,B01
202000004754,1,7,,0,2,1,2,A01
202000004754,1,43,,0,2,5,23,B01
202000004755,3,1,,0,2,3,1,B01
202000004755,3,7,,0,2,2,1,A01
202000004756,2,30,,0,2,8,5,A01
202000004756,1,7,,0,2,1,1,B01
202000004757,2,7,,0,2,1,1,B01
202000004757,1,7,,0,2,1,13,A01
202000004758,2,7,,0,1,7,1,Z01
202000004759,2,7,,0,1,1,16,A01
202000004760,1,7,,0,1,1,1,A01
202000004761,2,2,,0,2,1,1,B01
202000004761,2,10,,0,2,2,1,A01
202000004762,1,30,,0,2,7,1,B01
202000004762,2,33,,0,2,1,11,A01
202000004763,3,7,,0,1,0,1,A01
202000004764,3,7,,0,2,1,19,A01
202000004764,3,7,,0,2,2,1,B01
202000004765,2,7,,13,0,9,26,A01
202000004766,1,33,,0,2,1,1,B01
202000004766,2,7,,0,2,8,9,A01
202000004767,2,2,,0,2,1,1,B01
202000004767,1,7,,0,2,7,15,A01
202000004768,3,7,,0,2,3,1,B01
202000004768,3,7,,0,2,7,15,A01
202000004769,2,7,,0,2,1,2,A01
202000004769,2,7,,0,2,4,2,B01
202000004770,3,7,,0,2,1,2,A01
202000004770,3,99,,0,0,4,0,C01
202000004770,3,7,,0,2,1,2,B01
202000004771,1,10,,0,2,7,2,A01
202000004771,1,1,,0,0,8,1,B01
202000004772,3,2,,0,0,4,16,B01
202000004773,2,7,,0,2,2,14,A01
202000004773,2,1,,0,2,8,19,B01
202000004774,2,17,,0,0,0,1,A01
202000004775,1,7,,0,2,7,15,A01
202000004775,2,10,,0,2,1,1,B01
202000004776,2,10,,8,0,1,14,A01
202000004777,3,7,,0,1,2,1,A01
202000004778,0,7,,0,1,6,26,A01
202000004779,3,7,,0,2,2,15,A01
202000004779,1,2,,0,2,7,1,B01
202000004780,1,7,,0,0,6,23,B01
202000004780,1,2,,0,2,2,2,A01
202000004781,3,10,,0,2,1,1,B01
202000004781,3,7,,0,2,1,13,A01
202000004782,0,7,,0,1,1,1,Z01
202000004783,3,7,,0,2,1,19,A01
202000004783,3,7,,0,2,3,1,B01
202000004784,1,7,,0,2,0,0,A01
202000004784,1,2,,0,2,1,2,B01
202000004785,1,7,,0,1,8,11,A01
202000004786,3,7,,13,0,2,1,A01
202000004787,3,50,,0,2,1,1,A01
202000004787,3,10,,0,2,6,1,B01
202000004788,0,7,,0,1,3,1,Z01
202000004789,0,7,,1,2,3,15,A01
202000004789,2,34,,1,2,3,1,B01
202000004790,1,7,,0,2,7,15,A01
202000004790,1,7,,0,2,1,1,B01
202000004791,1,7,,0,2,2,1,A01
202000004791,1,7,,0,2,3,1,B01
202000004792,1,7,,0,2,0,1,A01
202000004792,1,7,,0,2,1,1,B01
202000004793,2,10,,0,2,4,2,B01
202000004793,2,7,,0,2,1,2,A01
202000004794,1,0,,0,2,0,0,Z01
202000004794,1,32,,0,2,0,1,B01
202000004795,2,33,,0,2,1,1,B01
202000004795,1,10,,0,2,2,15,A01
202000004796,1,1,,0,2,1,2,A01
202000004796,1,7,,0,2,4,1,B01
202000004797,2,7,,2,0,3,0,A01
202000004798,2,33,,2,0,1,13,A01
202000004799,1,7,,0,2,0,17,A01
202000004799,1,1,,0,2,0,21,B01
202000004800,1,7,,0,9,3,16,A01
202000004800,1,1,,0,2,7,1,B01
202000004801,2,7,,13,0,3,1,A01
202000004802,1,33,,5,0,1,18,A01
202000004803,1,33,,0,2,7,1,B01
202000004803,2,7,,0,2,1,15,A01
202000004804,1,7,,0,0,6,1,C01
202000004804,1,33,,0,2,1,11,B01
202000004804,2,7,,0,2,3,1,A01
202000004805,1,33,,7,0,8,14,A01
202000004806,3,33,,13,0,1,0,A01
202000004807,2,33,,0,0,1,1,A01
202000004808,1,7,,0,2,2,15,A01
202000004808,2,33,,0,2,1,1,B01
202000004809,0,7,,0,0,0,1,A01
202000004810,1,33,,0,2,1,1,A01
202000004810,1,7,,0,2,4,2,B01
202000004811,1,7,,8,0,9,1,A01
202000004812,1,7,,0,0,0,0,A01
202000004813,3,31,,6,0,1,1,A01
202000004814,2,7,,1,0,2,14,A01
202000004815,2,7,,0,2,6,2,B01
202000004815,2,33,,0,2,2,2,A01
202000004816,2,33,,0,0,0,1,A01
202000004817,3,7,,0,2,7,19,B01
202000004817,3,7,,0,2,3,1,A01
202000004818,2,33,,0,2,1,1,B01
202000004818,2,15,,0,2,4,4,A01
202000004819,1,7,,0,2,1,19,B01
202000004819,1,7,,7,0,8,1,A01
202000004820,1,7,,0,2,3,1,B01
202000004820,2,7,,5,2,3,21,A01
202000004821,1,7,,0,1,1,1,A01
202000004822,1,33,,0,2,1,17,A01
202000004822,1,7,,0,2,4,15,B01
202000004823,3,7,,0,1,4,4,A01
202000004824,3,7,,6,0,1,1,A01
202000004825,2,30,,0,2,1,1,B01
202000004825,1,7,,0,0,5,15,A01
202000004826,1,7,,0,2,3,19,B01
202000004826,2,33,,0,2,1,26,A01
202000004827,1,33,,1,0,0,0,A01
202000004827,1,7,,0,0,6,24,B01
202000004828,1,7,,0,2,7,15,A01
202000004828,2,1,,0,2,1,1,B01
202000004829,2,7,,0,2,8,10,A01
202000004829,2,7,,0,2,1,2,B01
202000004830,3,7,,0,1,0,1,A01
202000004831,1,7,,0,2,8,15,B01
202000004831,1,33,,0,2,2,17,A01
202000004832,2,7,,0,2,7,15,B01
202000004832,1,2,,0,2,0,1,A01
202000004833,1,33,,0,2,1,2,B01
202000004833,1,7,,0,2,5,2,A01
202000004834,2,7,,3,2,2,12,A01
202000004834,2,10,,0,2,6,1,B01
202000004835,1,15,,0,2,2,1,B01
202000004835,1,7,,0,2,8,9,A01
202000004836,1,7,,0,1,3,1,A01
202000004837,2,33,,0,2,7,2,A01
202000004837,1,7,,0,2,8,2,B01
202000004838,1,10,,0,2,6,9,B01
202000004838,1,10,,0,2,4,1,C01
202000004838,1,10,,0,2,2,9,A01
202000004839,2,7,,0,2,3,0,B01
202000004839,2,7,,0,2,7,26,A01
202000004840,1,7,,0,2,0,0,A01
202000004840,1,7,,0,2,8,0,B01
202000004841,1,17,,13,0,2,1,A01
202000004842,1,7,,0,2,6,1,C01
202000004842,1,10,,0,2,5,12,B01
202000004842,1,33,,0,2,1,3,A01
202000004843,1,7,,4,0,1,13,A01
202000004844,1,15,,0,2,4,2,B01
202000004844,1,7,,0,2,1,2,A01
202000004845,1,7,,0,2,4,1,B01
202000004845,1,7,,0,2,3,18,A01
202000004846,1,7,,0,2,2,17,B01
202000004846,1,7,,4,2,6,11,A01
202000004847,1,7,,0,2,2,14,A01
202000004847,1,7,,0,2,6,1,B01
202000004848,2,33,,0,2,7,1,B01
202000004848,2,33,,3,2,8,13,A01
202000004849,2,7,,0,2,1,2,A01
202000004849,2,7,,0,2,6,2,B01
202000004850,2,7,,0,2,6,1,B01
202000004850,2,17,,0,2,7,1,A01
202000004851,3,7,,0,1,2,16,A01
202000004852,0,7,,0,2,7,1,B01
202000004852,0,7,,0,2,8,10,A01
202000004853,1,7,,0,1,3,15,A01
202000004854,1,7,,0,1,3,1,A01
202000004855,1,10,,0,2,8,15,A01
202000004855,1,32,,0,2,7,17,B01
202000004856,1,7,,0,2,1,1,A01
202000004856,2,30,,0,9,2,15,B01
202000004857,2,7,,0,2,7,15,A01
202000004857,1,7,,0,2,8,1,B01
202000004857,1,7,,0,2,1,1,C01
202000004858,2,7,,12,0,2,26,A01
202000004859,3,1,,12,0,0,26,A01
202000004860,2,7,,0,2,2,0,B01
202000004860,2,1,,1,2,0,19,A01
202000004861,3,7,,0,2,1,0,B01
202000004861,0,7,,0,2,1,8,A01
202000004862,1,13,,3,2,8,2,B01
202000004862,1,7,,3,0,1,1,A01
202000004863,3,33,,0,2,5,21,B01
202000004863,3,7,,0,2,3,1,A01
202000004864,1,33,,0,0,0,1,A01
202000004865,1,10,,0,1,2,15,A01
202000004866,2,1,,9,0,1,9,A01
202000004867,2,34,,0,2,9,1,B01
202000004867,1,14,,0,2,8,9,A01
202000004868,1,7,,0,2,1,0,A01
202000004868,2,1,,0,2,1,0,B01
202000004869,0,7,,0,2,1,1,B01
202000004869,0,7,,0,2,1,1,A01
202000004870,0,31,,0,2,1,1,B01
202000004870,0,7,,0,2,2,15,A01
202000004871,0,33,,0,0,0,0,B01
202000004871,1,7,,0,2,1,15,A01
202000004872,0,30,,14,0,8,21,A01
202000004873,1,30,,0,0,3,1,A01
202000004874,2,33,,0,2,7,17,B01
202000004874,2,7,,0,2,3,15,A01
202000004875,3,10,,0,2,3,0,A01
202000004875,3,34,,0,2,2,0,B01
202000004876,0,1,,0,2,8,1,A01
202000004876,0,10,,0,2,1,15,B01
202000004877,1,7,,0,2,6,15,B01
202000004877,1,33,,0,2,1,1,A01
202000004878,1,3,,0,1,1,1,A01
202000004879,3,7,,0,2,8,15,A01
202000004879,3,32,,0,2,1,1,B01
202000004880,2,10,,6,0,3,1,A01
202000004881,1,7,,2,0,1,14,A01
202000004882,2,7,,0,2,1,16,A01
202000004882,2,1,,0,2,6,1,B01
202000004883,1,1,,0,2,0,0,B01
202000004883,1,7,,0,2,0,0,A01
202000004884,1,1,,0,0,1,0,A01
202000004885,1,7,,0,2,1,2,A01
202000004885,1,7,,0,2,4,23,B01
202000004886,3,7,,0,2,8,15,B01
202000004886,3,30,,0,2,8,15,A01
202000004887,1,7,,0,2,1,26,A01
202000004887,1,7,,0,2,4,26,B01
202000004888,1,1,,0,2,6,18,A01
202000004888,1,0,,0,2,0,2,B01
202000004889,2,2,,0,2,1,9,B01
202000004889,1,7,,0,2,1,1,A01
202000004890,3,7,,0,1,2,15,A01
202000004891,1,7,,0,2,1,13,Z01
202000004891,1,33,,0,2,7,13,B01
202000004892,0,1,,0,2,1,19,A01
202000004892,2,33,,0,2,0,1,B01
202000004893,1,7,,0,2,3,9,A01
202000004893,3,1,,0,2,7,2,B01
202000004894,1,7,,0,2,1,1,B01
202000004894,1,7,,8,2,2,15,A01
202000004895,1,7,,0,2,2,1,B01
202000004895,1,33,,0,2,3,13,A01
202000004896,2,43,,0,1,1,1,A01
202000004897,2,33,,0,2,1,1,A01
202000004897,2,7,,0,2,6,15,B01
202000004898,1,7,,0,2,1,1,A01
202000004898,1,33,,0,2,7,1,B01
202000004899,1,7,,0,1,2,1,Z01
202000004900,2,10,,0,1,4,4,A01
202000004901,2,7,,0,2,6,10,A01
202000004901,2,1,,0,2,1,17,B01
202000004902,1,30,,0,2,7,10,A01
202000004902,1,43,,0,2,1,1,B01
202000004903,1,7,,0,1,1,15,A01
202000004904,1,30,,0,2,4,23,B01
202000004904,1,7,,0,2,2,2,A01
202000004905,1,1,,0,2,2,15,B01
202000004905,1,34,,0,2,3,1,A01
202000004906,2,30,,0,2,8,17,A01
202000004906,2,7,,0,2,2,17,B01
202000004907,2,1,,0,2,1,5,A01
202000004907,1,1,,0,2,1,1,B01
202000004908,1,32,,0,2,4,23,B01
202000004908,1,7,,0,2,1,1,A01
202000004909,0,7,,0,1,5,26,A01
202000004910,1,7,,4,0,9,16,A01
202000004911,1,7,,0,1,1,16,A01
202000004912,2,10,,0,2,2,15,B01
202000004912,1,31,,0,2,1,2,A01
202000004913,2,33,,0,1,1,26,A01
202000004914,2,7,,0,1,2,16,A01
202000004915,2,2,,0,9,1,17,B01
202000004915,1,7,,0,9,3,1,A01
202000004916,1,60,,0,2,8,2,B01
202000004916,1,34,,0,2,2,17,A01
202000004917,-1,7,,0,2,4,20,A01
202000004918,3,1,,0,2,8,1,B01
202000004918,3,7,,0,9,5,17,A01
202000004919,2,30,,0,2,7,17,B01
202000004919,2,7,,0,2,8,17,A01
202000004920,2,30,,0,2,1,1,A01
202000004920,2,7,,0,2,5,15,B01
202000004921,1,7,,0,1,0,21,A01
202000004922,1,7,,2,0,2,13,A01
202000004923,1,7,,0,2,6,15,B01
202000004923,1,33,,0,2,1,17,A01
202000004924,2,7,,0,2,1,1,B01
202000004924,1,7,,0,2,1,13,A01
202000004925,1,0,,0,2,1,17,B01
202000004925,1,7,,0,2,3,15,A01
202000004926,2,7,,0,9,3,15,A01
202000004926,1,1,,0,2,1,1,B01
202000004927,2,2,,0,2,1,1,B01
202000004927,1,7,,0,2,2,15,A01
202000004928,1,7,,0,2,2,1,B01
202000004928,2,1,,0,2,1,13,A01
202000004929,2,33,,0,0,1,1,A01
202000004930,1,7,,0,2,1,17,A01
202000004930,1,21,,0,0,4,15,B01
202000004931,2,14,,0,2,6,15,A01
202000004931,1,33,,0,2,1,1,B01
202000004932,2,7,,13,0,1,1,A01
202000004933,1,7,,2,0,2,13,A01
202000004934,3,1,,0,0,0,13,A01
202000004935,1,33,,0,2,8,1,B01
202000004935,2,7,,0,2,8,13,A01
202000004936,2,7,,14,9,2,17,A01
202000004936,2,1,,0,2,3,2,B01
202000004937,2,30,,0,0,0,1,A01
202000004938,3,7,,0,2,3,22,A01
202000004938,3,1,,1,0,1,1,B01
202000004939,2,33,,0,0,0,21,A01
202000004940,3,1,,0,2,8,1,B01
202000004940,3,7,,0,9,1,16,A01
202000004941,3,7,,0,1,3,26,A01
202000004942,3,7,,0,2,1,1,A01
202000004942,3,7,,0,2,1,1,B01
202000004943,1,33,,0,6,0,0,A01
202000004944,1,3,,2,0,1,14,A01
202000004945,1,2,,0,1,2,0,A01
202000004946,3,32,,0,1,2,1,A01
202000004947,0,33,,0,0,0,2,A01
202000004948,0,10,,0,9,2,1,A01
202000004948,0,1,,13,2,8,23,B01
202000004949,0,7,,0,1,6,20,A01
202000004950,1,7,,0,2,2,2,A01
202000004950,1,1,,0,2,4,2,B01
202000004951,1,7,,0,2,1,1,B01
202000004951,2,7,,0,2,1,13,A01
202000004952,1,7,,0,1,2,1,A01
202000004953,0,7,,0,2,8,15,B01
202000004953,1,7,,0,2,2,1,A01
202000004954,2,7,,0,2,1,9,A01
202000004954,2,33,,0,2,8,15,B01
202000004955,1,7,,0,0,7,2,C01
202000004955,1,7,,0,0,5,2,D01
202000004955,1,10,,0,2,1,2,A01
202000004955,1,10,,0,2,4,2,B01
202000004956,3,7,,0,2,2,1,A01
202000004956,3,13,,0,2,8,1,B01
202000004957,1,33,,4,0,8,1,A01
202000004958,2,33,,0,0,2,13,A01
202000004959,1,33,,0,2,1,1,A01
202000004959,2,10,,0,2,2,15,B01
202000004960,3,33,,0,2,1,26,A01
202000004960,3,7,,0,2,3,19,B01
202000004961,3,7,,9,1,2,1,A01
202000004962,3,7,,0,9,8,9,A01
202000004962,3,80,,0,2,1,1,B01
202000004963,1,32,,12,0,1,1,A01
202000004964,1,7,,0,0,8,26,B01
202000004964,1,33,,0,2,1,1,A01
202000004965,1,2,,0,0,7,1,A01
202000004966,1,7,,0,0,0,1,A01
202000004967,2,31,,8,0,7,1,A01
202000004967,2,33,,0,0,9,1,B01
202000004968,1,33,,0,2,1,1,A01
202000004968,1,21,,0,2,4,26,B01
202000004969,3,7,,0,0,7,1,A01
202000004969,3,1,,0,0,0,26,B01
202000004970,1,7,,15,0,2,0,C01
202000004970,1,7,,0,0,4,23,B01
202000004970,2,31,,1,0,1,0,A01
202000004971,2,7,,4,0,6,1,B01
202000004971,2,7,,3,2,2,11,A01
202000004972,2,7,,0,2,8,1,B01
202000004972,2,7,,0,2,1,1,A01
202000004973,2,7,,0,2,0,1,B01
202000004973,2,33,,0,2,1,1,A01
202000004974,1,32,,0,2,0,0,B01
202000004974,1,7,,0,2,0,26,A01
202000004975,1,7,,0,2,2,14,A01
202000004975,1,7,,0,2,9,1,B01
202000004976,1,7,,4,0,2,14,A01
202000004977,2,7,,4,0,1,9,A01
202000004978,1,7,,0,2,8,1,B01
202000004978,1,14,,0,2,2,12,A01
202000004979,1,7,,4,0,1,1,A01
202000004980,1,33,,0,2,8,1,B01
202000004980,1,7,,0,2,7,12,Z01
202000004981,2,33,,0,2,1,21,B01
202000004981,2,17,,0,2,5,12,A01
202000004982,3,7,,0,1,1,26,A01
202000004983,3,7,,0,1,3,15,A01
202000004984,2,7,,0,2,1,1,B01
202000004984,2,7,,0,2,8,1,A01
202000004985,1,7,,0,2,1,26,B01
202000004985,2,31,,0,2,1,1,A01
202000004986,3,31,,0,2,8,1,B01
202000004986,3,10,,0,2,2,1,A01
202000004987,2,33,,6,0,9,1,A01
202000004988,3,31,,8,2,1,21,A01
202000004989,3,33,,0,2,8,1,B01
202000004989,3,7,,0,2,1,1,A01
202000004990,1,7,,0,2,7,1,A01
202000004990,1,7,,0,2,1,1,B01
202000004991,1,30,,0,2,3,13,A01
202000004991,1,7,,0,9,2,26,B01
202000004992,2,7,,0,1,2,2,A01
202000004993,0,15,,0,2,2,10,A01
202000004993,0,37,3.0,0,2,8,1,B01
202000004994,1,7,,0,2,1,1,B01
202000004995,1,7,,0,1,2,1,A01
202000004996,0,10,,0,2,2,2,A01
202000004996,0,33,,0,2,6,23,B01
202000004997,2,7,,0,0,4,1,B01
202000004997,2,7,,0,2,1,2,A01
202000004998,0,7,,0,2,6,19,Z01
202000004998,1,31,,0,2,1,1,B01
202000004999,1,7,,0,1,3,17,A01
202000005000,3,7,,0,2,2,19,A01
202000005000,1,30,,0,2,1,1,B01
202000005001,2,7,,0,1,3,26,A01
202000005002,2,33,,0,0,7,3,A01
202000005003,1,32,,0,2,7,1,C01
202000005003,1,33,,0,2,1,3,A01
202000005003,1,33,,0,2,4,3,B01
202000005004,2,43,,0,1,1,17,A01
202000005005,1,7,,0,9,1,1,A01
202000005006,1,43,,0,2,6,1,B01
202000005006,2,50,,0,2,1,15,A01
202000005007,1,1,,0,2,6,13,A01
202000005007,1,1,,0,2,2,17,B01
202000005008,1,7,,0,2,8,15,B01
202000005008,1,7,,0,2,1,15,A01
202000005009,1,10,,0,1,1,15,A01
202000005010,1,1,,0,2,1,1,B01
202000005010,2,7,,0,2,3,1,A01
202000005011,1,7,,0,2,1,2,A01
202000005011,1,32,,0,2,4,1,C01
202000005011,2,17,,0,2,2,15,B01
202000005012,1,30,,0,1,7,1,A01
202000005013,1,30,,0,2,1,15,B01
202000005013,2,1,,0,2,1,1,A01
202000005014,2,7,,0,2,5,15,A01
202000005014,2,7,,0,2,3,1,B01
202000005015,1,32,,0,1,3,17,A01
202000005016,1,7,,0,1,1,26,A01
202000005017,1,7,,4,0,1,1,A01
202000005018,1,7,,0,2,5,15,B01
202000005018,2,7,,0,2,1,9,A01
202000005019,0,7,,0,2,8,15,A01
202000005019,0,33,,0,2,1,17,B01
202000005020,1,30,,0,2,5,9,A01
202000005020,2,7,,0,2,2,1,B01
202000005021,2,7,,0,1,0,1,Z01
202000005022,0,99,,0,1,4,26,A01
202000005023,1,37,1.0,0,1,2,1,A01
202000005024,3,99,,0,2,3,9,A01
202000005024,2,30,,0,2,1,1,B01
202000005025,1,2,,0,2,1,1,B01
202000005026,3,50,,0,2,1,26,B01
202000005026,3,33,,0,2,1,26,A01
202000005027,1,15,,0,2,1,1,B01
202000005027,1,7,,0,2,3,9,A01
202000005028,1,7,,1,0,1,26,A01
202000005029,1,7,,0,2,1,17,B01
202000005029,1,7,,4,2,6,1,A01
202000005030,2,7,,0,1,7,1,A01
202000005031,2,10,,0,2,2,19,B01
202000005031,1,7,,0,2,3,1,A01
202000005032,3,7,,0,1,3,26,A01
202000005033,3,7,,0,1,2,1,A01
202000005034,1,7,,0,0,4,2,B01
202000005034,1,33,,0,2,1,2,A01
202000005035,2,17,,0,2,1,1,B01
202000005035,2,7,,0,2,3,1,C01
202000005035,1,7,,0,2,1,13,A01