Num_Acc,senc,catv,occutc,obs,obsm,choc,manv,num_veh
202000005036,2,33,,0,2,1,2,B01
202000005036,2,7,,0,0,4,2,A01
202000005037,1,7,,2,0,1,1,A01
202000005038,1,7,,0,2,1,1,B01
202000005038,2,7,,0,2,1,17,A01
202000005039,2,7,,0,1,2,1,A01
202000005040,1,37,1.0,0,2,3,1,C01
202000005040,1,7,,0,2,3,1,B01
202000005040,2,7,,0,2,3,13,A01
202000005041,1,31,,0,6,3,0,A01
202000005042,2,7,,0,0,1,1,B01
202000005042,1,7,,0,2,1,15,A01
202000005043,1,7,,0,1,1,1,A01
202000005044,3,10,,0,1,4,26,A01
202000005045,1,7,,0,1,1,26,A01
202000005046,1,1,,0,0,4,2,B01
202000005046,1,7,,0,2,2,2,A01
202000005047,1,7,,0,2,3,0,B01
202000005047,2,7,,0,2,3,0,A01
202000005048,1,7,,1,0,8,10,A01
202000005048,1,21,,0,2,1,1,B01
202000005049,2,7,,0,2,3,1,B01
202000005049,2,2,,0,2,1,15,A01
202000005050,2,7,,0,2,3,15,A01
202000005050,2,7,,0,2,1,1,B01
202000005051,2,7,,0,2,3,15,B01
202000005051,1,35,,0,2,2,21,A01
202000005052,1,7,,6,0,2,1,A01
202000005053,1,10,,13,0,1,1,A01
202000005054,2,10,,7,2,1,1,B01
202000005054,1,10,,0,2,7,13,A01
202000005055,1,14,,0,2,5,2,B01
202000005055,1,1,,0,0,4,2,A01
202000005056,2,7,,0,2,3,1,B01
202000005056,1,7,,0,2,3,13,A01
202000005057,2,17,,0,2,1,2,B01
202000005057,2,17,,0,0,4,2,A01
202000005058,2,7,,4,0,2,1,A01
202000005059,1,7,,0,2,1,2,B01
202000005059,1,1,,0,2,4,2,A01
202000005060,1,10,,0,1,2,1,A01
202000005061,1,7,,0,2,1,1,B01
202000005061,1,7,,0,0,4,23,A01
202000005062,1,7,,0,2,2,1,B01
202000005062,2,34,,6,2,1,13,A01
202000005063,2,7,,3,0,2,1,A01
202000005063,2,10,,0,2,3,2,B01
202000005064,1,34,,0,2,2,17,A01
202000005064,1,7,,0,9,3,15,B01
202000005065,1,7,,16,0,3,13,B01
202000005065,2,7,,0,0,3,13,A01
202000005066,1,7,,13,0,2,1,A01
202000005067,1,33,,0,2,0,1,A01
202000005067,2,7,,0,0,8,1,B01
202000005068,1,33,,0,0,0,1,A01
202000005069,1,7,,0,0,0,13,A01
202000005069,1,7,,0,2,2,2,B01
202000005070,2,17,,0,2,7,12,B01
202000005070,2,7,,0,2,8,1,A01
202000005071,1,7,,0,2,1,21,C01
202000005071,1,7,,0,2,1,21,B01
202000005071,1,7,,3,2,3,13,A01
202000005072,2,10,,0,2,1,2,B01
202000005072,2,7,,0,2,4,2,A01
202000005073,1,7,,0,2,4,1,B01
202000005073,1,7,,0,2,1,2,A01
202000005074,1,7,,3,0,1,2,A01
202000005075,2,31,,0,0,8,15,A01
202000005076,2,7,,0,2,4,2,B01
202000005076,2,7,,0,2,4,1,A01
202000005077,2,7,,0,2,1,1,A01
202000005077,2,33,,0,2,4,2,B01
202000005078,1,10,,0,2,1,2,A01
202000005078,1,15,,0,2,4,2,B01
202000005079,2,7,,0,2,3,1,C01
202000005079,2,33,,0,2,1,3,B01
202000005079,2,7,,0,2,3,11,A01
202000005080,2,7,,0,2,6,1,C01
202000005080,2,7,,0,2,2,12,A01
202000005080,2,31,,0,2,8,3,B01
202000005081,2,31,,0,2,3,3,B01
202000005081,2,7,,0,2,6,12,A01
202000005082,1,7,,0,2,6,1,B01
202000005082,1,7,,0,2,2,12,A01
202000005083,1,7,,0,2,4,2,C01
202000005083,1,7,,0,2,4,2,D01
202000005083,1,7,,0,2,4,2,B01
202000005083,1,7,,0,2,1,2,A01
202000005084,1,33,,0,0,9,21,A01
202000005085,1,7,,0,2,7,14,A01
202000005085,1,7,,0,2,8,1,B01
202000005086,2,7,,4,2,3,18,A01
202000005086,2,14,,0,2,2,1,B01
202000005087,2,7,,4,0,1,13,A01
202000005088,2,33,,0,0,9,1,A01
202000005089,2,7,,4,0,3,1,A01
202000005090,1,7,,0,0,0,9,A01
202000005091,1,7,,4,0,1,0,A01
202000005092,1,7,,0,1,6,26,A01
202000005093,1,7,,0,2,1,15,A01
202000005093,2,33,,5,0,1,21,B01
202000005094,1,2,,0,2,5,17,B01
202000005094,1,7,,0,2,3,26,A01
202000005095,3,7,,0,2,6,16,B01
202000005095,2,31,,0,2,1,1,A01
202000005096,3,32,,0,2,7,17,B01
202000005096,3,7,,0,2,8,17,A01
202000005097,1,0,,0,1,1,0,A01
202000005098,3,7,,0,2,3,10,A01
202000005098,3,7,,0,2,2,1,B01
202000005098,3,7,,0,2,1,1,C01
202000005099,1,2,,0,2,0,1,B01
202000005099,1,7,,0,2,0,15,A01
202000005100,2,10,,0,2,7,15,A01
202000005100,2,2,,0,2,1,1,B01
202000005101,1,7,,0,2,8,1,A01
202000005101,1,7,,0,2,0,1,B01
202000005102,2,10,,0,9,4,26,A01
202000005102,1,1,,0,2,0,0,B01
202000005103,3,7,,0,2,1,1,B01
202000005103,3,7,,0,2,6,9,A01
202000005104,3,7,,0,2,1,2,A01
202000005104,3,7,,0,9,5,23,B01
202000005104,3,7,,0,2,6,23,C01
202000005105,1,7,,0,2,1,5,A01
202000005105,1,7,,0,2,8,23,B01
202000005106,2,7,,0,2,8,9,B01
202000005106,2,33,,0,2,1,17,A01
202000005107,2,33,,1,0,1,13,A01
202000005108,1,7,,0,2,3,15,A01
202000005108,2,33,,0,2,2,1,B01
202000005109,3,30,,0,2,1,2,A01
202000005109,3,10,,0,2,0,23,B01
202000005110,1,2,,0,2,1,1,A01
202000005110,1,7,,0,2,6,1,B01
202000005111,2,7,,0,2,8,23,C01
202000005111,2,7,,0,2,7,16,B01
202000005111,1,2,,0,2,3,3,A01
202000005112,3,7,,0,2,6,1,B01
202000005112,3,7,,0,2,1,17,A01
202000005112,2,7,,0,2,1,1,C01
202000005113,3,7,,0,1,1,13,A01
202000005114,1,7,,0,1,1,11,A01
202000005115,3,7,,0,1,3,1,A01
202000005116,3,7,,0,1,1,1,SA01
202000005117,3,7,,0,1,2,16,A01
202000005118,3,7,,0,1,8,15,A01
202000005119,1,7,,0,1,2,21,A01
202000005120,2,7,,9,0,2,14,A01
202000005121,2,33,,0,0,8,1,A01
202000005122,3,2,,0,0,0,1,A01
202000005123,1,7,,0,2,4,1,B01
202000005123,1,7,,0,2,1,1,A01
202000005124,1,7,,0,2,1,1,A01
202000005124,1,7,,0,2,4,2,B01
202000005125,2,33,,0,1,1,1,A01
202000005126,3,10,,0,1,6,26,A01
202000005127,3,7,,0,1,2,20,A01
202000005128,0,7,,0,2,1,1,B01
202000005128,0,1,,0,2,1,19,A01
202000005129,1,1,,0,2,0,9,A01
202000005129,2,10,,0,2,2,1,B01
202000005130,1,7,,0,2,7,15,A01
202000005130,2,33,,0,0,0,0,B01
202000005131,0,34,,0,2,1,18,A01
202000005131,0,7,,0,2,7,1,B01
202000005132,1,7,,0,2,3,1,B01
202000005132,1,7,,0,2,2,14,A01
202000005133,2,7,,5,0,9,1,A01
202000005134,0,7,,0,0,5,0,B01
202000005134,0,7,,0,2,1,0,A01
202000005135,2,7,,1,1,1,17,A01
202000005136,1,7,,0,1,1,2,A01
202000005137,1,33,,0,2,7,17,B01
202000005137,2,7,,0,2,1,15,A01
202000005138,3,7,,1,1,2,2,A01
202000005139,2,7,,0,2,3,16,B01
202000005139,2,7,,0,2,2,1,A01
202000005140,3,7,,0,2,8,0,B01
202000005140,3,7,,0,2,3,0,A01
202000005141,3,7,,0,2,4,2,B01
202000005141,1,7,,0,2,4,2,A01
202000005142,1,7,,0,2,0,9,A01
202000005142,1,30,,0,2,1,1,B01
202000005143,3,7,,0,1,3,1,A01
202000005144,3,1,,0,2,8,1,A01
202000005144,3,7,,0,9,6,1,B01
202000005145,1,1,,0,1,1,1,A01
202000005146,1,7,,9,0,1,14,A01
202000005147,2,33,,0,2,1,2,A01
202000005147,2,7,,0,2,4,2,B01
202000005148,1,3,,0,2,3,26,A01
202000005148,1,7,,0,2,4,2,B01
202000005148,1,13,,0,2,4,2,D01
202000005148,1,7,,0,2,4,2,C01
202000005149,2,7,,0,2,1,19,A01
202000005149,2,7,,0,2,8,1,B01
202000005150,2,7,,0,1,1,1,A01
202000005151,3,7,,8,0,1,13,A01
202000005152,2,7,,0,2,3,1,B01
202000005152,1,30,,0,2,1,5,A01
202000005153,2,7,,0,2,3,1,A01
202000005153,2,7,,0,2,2,2,B01
202000005154,2,7,,0,2,2,1,B01
202000005154,3,7,,8,2,8,19,A01
202000005155,3,7,,0,1,0,16,A01
202000005156,1,7,,0,2,3,1,A01
202000005156,1,31,,0,2,1,1,B01
202000005157,3,31,,0,1,1,21,A01
202000005158,2,1,,0,2,0,2,B01
202000005158,2,7,,0,2,8,15,A01
202000005159,1,33,,0,2,2,17,B01
202000005159,1,7,,0,2,8,15,A01
202000005160,1,7,,0,2,3,9,A01
202000005160,2,33,,0,2,7,1,B01
202000005161,1,7,,0,1,2,1,A01
202000005162,1,7,,0,2,6,19,A01
202000005162,2,7,,0,2,1,2,B01
202000005163,3,7,,0,1,4,20,A01
202000005164,2,1,,0,2,8,1,B01
202000005164,2,7,,0,2,7,17,A01
202000005165,2,7,,0,2,4,1,B01
202000005165,0,7,,0,2,6,1,C01
202000005165,2,7,,0,2,1,11,A01
202000005166,1,2,,0,2,8,1,B01
202000005166,2,7,,0,2,3,9,A01
202000005167,1,7,,0,2,8,0,B01
202000005167,1,7,,0,2,6,0,C01
202000005167,1,7,,0,2,1,0,A01
202000005168,1,1,,0,2,0,0,B01
202000005168,1,7,,0,2,0,0,A01
202000005169,1,1,,0,2,9,0,A01
202000005169,1,7,,0,2,1,0,B01
202000005170,1,7,,1,0,9,0,A01
202000005171,1,7,,1,2,9,0,A01
202000005172,2,7,,0,2,4,1,B01
202000005172,2,7,,0,2,1,9,A01
202000005173,2,7,,1,0,1,13,A01
202000005174,2,7,,0,2,1,2,B01
202000005174,1,7,,0,2,3,15,A01
202000005175,2,99,,0,2,3,1,B01
202000005175,0,7,,0,2,2,19,A01
202000005176,1,7,,12,0,1,13,A01
202000005177,0,7,,8,0,2,1,A01
202000005178,2,7,,17,0,2,14,A01
202000005179,1,7,,12,0,3,0,A01
202000005180,1,7,,0,1,1,1,A01
202000005181,2,7,,0,2,3,1,A01
202000005181,1,7,,0,2,3,1,B01
202000005182,1,7,,0,2,2,1,A01
202000005182,2,1,,0,2,1,19,B01
202000005183,0,7,,0,1,1,1,A01
202000005184,1,7,,0,2,7,1,B01
202000005184,1,30,,0,2,8,18,A01
202000005185,0,7,,0,2,8,1,C01
202000005185,0,7,,0,2,1,9,A01
202000005185,1,2,,0,2,8,1,B01
202000005186,1,7,,0,2,2,16,B01
202000005186,1,31,,0,2,8,7,A01
202000005187,2,1,,0,0,0,0,A01
202000005188,1,7,,0,2,7,1,B01
202000005188,1,7,,0,2,1,9,A01
202000005189,2,1,,0,2,1,1,B01
202000005189,1,7,,0,9,2,15,A01
202000005190,3,37,1.0,0,9,3,1,B01
202000005190,3,50,,0,2,1,17,A01
202000005191,3,10,,0,2,7,17,A01
202000005191,3,1,,0,2,8,1,B01
202000005192,1,50,,0,2,7,17,B01
202000005192,2,10,,0,9,3,1,A01
202000005193,2,7,,0,2,4,23,B01
202000005193,2,33,,0,2,1,1,A01
202000005194,2,7,,0,1,3,1,A01
202000005195,2,34,,0,2,1,1,A01
202000005195,2,10,,0,2,3,15,B01
202000005196,3,30,,0,2,1,1,A01
202000005196,3,7,,0,2,3,1,B01
202000005197,1,7,,2,0,1,1,A01
202000005198,3,7,,8,0,7,21,A01
202000005199,1,7,,0,2,7,19,A01
202000005199,1,7,,0,2,1,1,B01
202000005200,2,7,,9,0,1,14,A01
202000005201,1,7,,0,2,2,15,A01
202000005201,2,2,,0,2,1,1,B01
202000005202,1,7,,0,2,3,9,A01
202000005202,3,80,,0,2,4,1,B01
202000005203,0,1,,0,2,7,19,B01
202000005203,0,7,,0,2,1,1,A01
202000005204,3,7,,0,2,2,15,B01
202000005204,2,34,,0,2,1,17,A01
202000005205,2,7,,0,1,1,1,A01
202000005206,3,33,,8,0,1,16,A01
202000005207,3,7,,0,2,1,2,C01
202000005207,3,7,,0,2,4,2,B01
202000005207,3,7,,0,2,4,2,A01
202000005208,3,31,,0,2,7,17,B01
202000005208,3,7,,0,2,8,15,A01
202000005209,3,38,1.0,0,2,0,0,C01
202000005209,1,7,,0,2,4,26,A01
202000005209,1,7,,0,2,1,2,B01
202000005210,3,7,,0,1,6,26,A01
202000005211,2,7,,0,1,0,1,Z01
202000005212,1,10,,1,0,6,1,C01
202000005212,2,33,,0,2,1,13,A01
202000005212,2,7,,1,0,3,23,B01
202000005213,1,7,,0,2,3,20,A01
202000005213,2,30,,0,2,0,1,B01
202000005214,0,1,,0,2,1,19,A01
202000005214,0,7,,0,2,8,1,B01
202000005215,3,7,,0,1,2,1,A01
202000005216,2,7,,0,2,0,15,Z01
202000005216,1,33,,0,2,8,1,B01
202000005217,2,7,,0,2,3,15,B01
202000005217,1,2,,0,2,1,1,A01
202000005218,2,31,,0,6,1,1,A01
202000005219,2,7,,0,1,3,16,A01
202000005220,2,7,,0,1,1,1,A01
202000005221,1,7,,3,0,3,1,A01
202000005221,1,7,,0,2,4,1,B01
202000005221,1,7,,0,2,1,1,C01
202000005222,1,7,,0,0,3,13,A01
202000005222,2,7,,0,0,3,1,B01
202000005223,0,7,,0,2,2,1,B01
202000005223,0,50,,0,2,1,1,A01
202000005224,1,1,,0,2,1,1,B01
202000005224,1,7,,0,2,6,9,A01
202000005225,3,30,,15,0,2,26,A01
202000005226,2,7,,0,2,7,21,B01
202000005226,1,7,,0,2,3,16,A01
202000005227,3,7,,0,2,8,22,A01
202000005227,3,50,,1,0,1,1,B01
202000005228,2,33,,0,2,7,1,B01
202000005228,1,7,,0,2,3,15,A01
202000005229,1,10,,0,2,1,1,B01
202000005229,1,7,,0,2,2,1,A01
202000005230,3,1,,0,2,0,1,B01
202000005230,3,7,,0,2,4,4,A01
202000005231,1,1,,0,2,7,19,B01
202000005231,1,7,,0,9,1,1,A01
202000005232,1,7,,0,2,3,1,B01
202000005232,1,7,,0,2,0,0,Z01
202000005233,1,34,,0,2,4,1,B01
202000005233,1,7,,0,2,2,1,A01
202000005234,2,7,,0,2,1,2,A01
202000005234,2,7,,0,2,4,2,B01
202000005235,1,7,,0,2,8,1,A01
202000005235,2,1,,0,2,1,1,B01
202000005235,2,1,,0,2,1,1,C01
202000005235,2,1,,0,2,1,1,D01
202000005235,2,1,,0,2,1,1,E01
202000005235,2,1,,0,2,1,1,F01
202000005236,0,30,,4,0,7,1,A01
202000005237,2,7,,0,2,1,1,A01
202000005237,1,32,,0,2,8,1,B01
202000005238,3,43,,0,2,2,1,B01
202000005238,3,7,,0,2,1,19,A01
202000005239,2,7,,0,2,4,15,B01
202000005239,2,33,,0,2,4,17,A01
202000005240,3,32,,0,0,7,16,A01
202000005241,3,7,,1,1,8,0,B01
202000005241,1,33,,4,0,7,1,A01
202000005242,2,7,,0,2,2,1,A01
202000005242,2,7,,0,2,1,1,B01
202000005243,1,7,,0,2,8,15,A01
202000005243,1,34,,0,2,7,2,B01
202000005244,2,1,,0,2,1,17,A01
202000005244,2,7,,0,2,8,1,B01
202000005245,2,31,,0,0,8,1,A01
202000005246,3,1,,0,2,7,1,B01
202000005246,3,7,,0,2,1,9,A01
202000005247,2,1,,0,2,1,5,A01
202000005247,2,7,,0,2,3,1,B01
202000005248,2,7,,0,1,1,16,A01
202000005249,2,7,,0,1,3,15,A01
202000005250,2,7,,0,2,7,1,C01
202000005250,2,31,,0,2,2,3,B01
202000005250,2,43,,0,2,3,11,A01
202000005251,1,7,,0,2,5,1,B01
202000005251,1,7,,0,2,3,13,A01
202000005252,2,7,,0,1,2,16,A01
202000005253,2,33,,0,2,1,17,B01
202000005253,2,7,,0,2,3,15,A01
202000005254,2,10,,0,2,1,2,A01
202000005254,2,7,,0,2,4,2,B01
202000005255,1,50,,0,0,8,25,A01
202000005256,2,1,,0,2,1,5,A01
202000005256,1,30,,0,2,1,7,Z01
202000005257,2,80,,0,0,8,13,A01
202000005258,3,33,,0,2,3,9,B01
202000005258,3,7,,0,2,2,1,A01
202000005259,1,7,,0,2,5,15,B01
202000005259,1,30,,0,2,3,2,A01
202000005260,1,1,,0,2,1,2,B01
202000005260,1,7,,0,2,4,20,A01
202000005261,2,50,,0,0,0,21,A01
202000005262,2,7,,0,2,1,2,A01
202000005262,2,7,,0,2,4,23,B01
202000005263,3,7,,0,1,1,4,A01
202000005264,2,50,,0,1,1,1,A01
202000005265,1,10,,0,1,2,1,A01
202000005266,1,43,,0,2,8,9,B01
202000005266,3,32,,0,2,1,1,A01
202000005267,1,1,,0,2,1,1,A01
202000005267,0,33,,0,2,1,1,B01
202000005268,1,7,,0,2,5,17,A01
202000005268,1,1,,0,2,3,11,B01
202000005269,1,33,,0,1,1,1,A01
202000005270,2,7,,0,2,3,1,B01
202000005270,3,32,,0,2,7,1,A01
202000005271,2,7,,0,2,1,2,Z01
202000005271,2,1,,0,2,4,2,A01
202000005272,0,43,,12,0,7,14,A01
202000005273,2,1,,0,2,3,1,B01
202000005273,1,10,,0,2,1,15,A01
202000005274,1,7,,0,2,3,17,A01
202000005274,1,1,,0,2,3,7,B01
202000005275,1,80,,12,0,7,1,A01
202000005276,1,7,,0,1,1,13,A01
202000005277,2,7,,0,1,2,15,A01
202000005278,0,7,,0,1,1,1,A01
202000005279,2,7,,0,2,3,15,A01
202000005279,1,31,,0,2,3,1,B01
202000005280,3,10,,0,2,4,2,C01
202000005280,3,7,,0,2,4,2,B01
202000005280,3,7,,0,2,1,2,A01
202000005281,0,7,,0,2,2,19,A01
202000005281,3,1,,0,2,6,19,B01
202000005282,3,15,,0,2,7,19,A01
202000005282,0,1,,0,2,7,2,B01
202000005283,3,32,,9,0,1,0,A01
202000005284,3,10,,0,2,1,16,A01
202000005284,1,31,,0,2,1,2,B01
202000005285,1,7,,0,2,7,17,A01
202000005285,1,1,,0,2,5,0,Y01
202000005286,3,7,,0,2,3,1,B01
202000005286,3,7,,0,2,3,21,A01
202000005287,1,7,,0,2,4,23,A01
202000005287,1,10,,0,2,4,23,B01
202000005287,1,7,,0,2,4,23,C01
202000005287,1,10,,0,2,1,2,D01
202000005288,1,7,,0,1,2,1,A01
202000005289,1,34,,0,2,1,7,A01
202000005289,1,7,,0,2,7,16,B01
202000005290,1,7,,0,2,2,1,B01
202000005290,3,30,,0,2,8,19,A01
202000005291,1,7,,6,0,3,1,A01
202000005292,-1,7,,0,1,-1,-1,A01
202000005293,1,7,,0,1,2,1,A01
202000005294,1,34,,0,2,2,17,B01
202000005294,1,7,,0,2,3,13,A01
202000005295,2,10,,0,2,1,1,B01
202000005295,3,10,,8,2,2,1,A01
202000005296,2,7,,2,0,1,21,A01
202000005297,1,30,,0,1,2,2,A01
202000005298,3,1,,0,2,8,3,B01
202000005298,3,10,,0,9,8,2,C01
202000005298,3,7,,0,9,2,14,A01
202000005299,2,30,,0,1,2,1,A01
202000005300,3,30,,12,0,0,1,A01
202000005301,2,7,,0,2,3,1,A01
202000005301,2,60,,0,2,1,0,B01
202000005302,2,7,,0,2,7,2,B01
202000005302,2,33,,0,2,1,1,A01
202000005303,1,10,,1,0,3,15,A01
202000005303,1,50,,0,9,1,0,T01
202000005304,2,7,,13,0,9,1,A01
202000005305,1,21,,0,2,3,1,B01
202000005305,2,10,,0,2,1,13,A01
202000005306,0,1,,0,1,1,0,A01
202000005307,3,7,,0,0,3,13,A01
202000005307,0,31,,0,2,1,13,B01
202000005308,3,33,,8,0,1,14,A01
202000005309,2,7,,0,1,7,16,A01
202000005310,1,33,,0,1,2,1,A01
202000005311,2,7,,0,0,2,0,A01
202000005312,2,33,,0,2,3,1,B01
202000005312,2,7,,0,2,1,1,A01
202000005313,3,7,,0,2,8,1,A01
202000005313,3,31,,0,2,8,1,B01
202000005314,2,10,,0,0,3,5,B01
202000005314,1,7,,0,0,0,5,A01
202000005315,2,21,,0,2,8,1,B01
202000005315,1,33,,0,2,8,13,A01
202000005316,1,7,,2,0,1,1,A01
202000005317,1,1,,0,2,1,5,A01
202000005317,2,7,,0,9,2,21,B01
202000005318,3,7,,0,1,3,15,A01
202000005319,1,7,,0,9,3,9,A01
202000005319,1,1,,0,0,7,1,B01
202000005320,3,2,,13,0,1,1,A01
202000005321,2,7,,0,2,5,13,A01
202000005321,1,7,,0,2,1,1,B01
202000005322,2,10,,0,2,3,9,A01
202000005322,2,1,,0,2,7,9,B01
202000005323,0,2,,1,0,1,17,A01
202000005324,1,7,,0,2,3,1,B01
202000005324,2,7,,0,2,3,5,A01
202000005325,1,7,,0,2,6,1,C01
202000005325,2,33,,0,2,3,13,A01
202000005325,1,7,,0,2,8,21,B01
202000005326,2,31,,0,2,1,1,B01
202000005326,1,7,,0,2,1,5,A01
202000005327,1,7,,0,1,2,1,A01
202000005328,0,7,,0,2,2,15,B01
202000005328,2,7,,0,2,3,1,A01
202000005329,0,2,,0,2,3,1,B01
202000005329,0,7,,0,2,3,17,A01
202000005330,1,7,,13,0,1,13,A01
202000005331,2,2,,0,2,1,17,B01
202000005331,2,7,,0,2,3,15,A01
202000005332,1,7,,0,1,2,1,A01
202000005333,2,3,,0,0,9,13,A01
202000005334,2,33,,0,2,2,1,A01
202000005334,2,7,,0,2,3,1,B01
202000005335,2,7,,0,2,1,15,A01
202000005335,0,7,,13,2,8,1,B01
202000005336,1,33,,0,2,1,1,A01
202000005336,2,10,,0,2,3,1,B01
202000005337,3,7,,0,1,0,1,A01
202000005338,2,14,,0,2,1,1,B01
202000005338,1,7,,0,2,1,13,A01
202000005339,0,7,,0,2,1,15,A01
202000005339,0,34,,0,2,1,1,B01
202000005340,2,7,,0,2,3,13,B01
202000005340,1,7,,0,2,3,23,A01
202000005341,1,33,,9,0,1,1,A01
202000005342,2,7,,13,0,7,1,A01
202000005343,3,10,,8,0,7,13,A01
202000005344,2,13,,0,2,1,13,B01
202000005344,1,7,,1,0,1,1,A01
202000005345,3,0,,0,1,1,1,A01
202000005346,2,7,,0,2,8,2,A01
202000005346,1,7,,0,2,2,15,B01
202000005347,1,7,,0,0,2,2,A01
202000005347,1,1,,0,0,3,1,B01
202000005347,1,1,,0,0,3,1,C01
202000005348,3,7,,0,2,1,5,A01
202000005348,3,7,,0,2,1,2,B01
202000005348,3,7,,0,2,1,21,C01
202000005349,2,7,,0,2,3,5,A01
202000005349,1,7,,0,2,3,1,B01
202000005350,2,33,,2,0,0,1,A01
202000005351,3,1,,0,0,7,1,A01
202000005352,2,7,,14,0,3,1,C01
202000005352,1,17,,0,2,3,1,B01
202000005352,2,7,,0,2,3,13,A01
202000005353,1,33,,0,0,1,2,B01
202000005353,1,7,,0,0,5,15,A01
202000005354,3,7,,0,2,2,15,A01
202000005354,3,2,,0,2,1,1,B01
202000005355,1,37,1.0,0,0,0,17,C01
202000005355,2,2,,0,2,1,2,B01
202000005355,2,7,,0,2,6,1,A01
202000005356,2,99,,13,0,9,19,A01
202000005357,2,7,,2,0,9,1,A01
202000005358,1,7,,0,2,8,17,A01
202000005358,2,31,,0,2,8,1,B01
202000005359,1,33,,0,2,1,1,B01
202000005359,2,10,,0,2,7,15,A01
202000005360,3,1,,0,2,1,1,A01
202000005361,1,7,,0,1,1,9,A01
202000005362,1,7,,0,1,1,1,A01
202000005363,1,1,,0,0,0,1,A01
202000005364,0,7,,0,1,1,1,A01
202000005365,1,10,,0,2,2,1,A01
202000005365,1,15,,0,0,6,1,B01
202000005366,2,7,,13,0,2,1,A01
202000005367,1,7,,0,2,1,2,C01
202000005367,1,10,,0,2,4,2,B01
202000005367,1,10,,0,2,4,2,A01
202000005368,1,32,,6,2,1,2,B01
202000005368,1,10,,6,2,4,2,A01
202000005369,1,7,,3,0,1,2,A01
202000005370,2,7,,0,9,1,1,C01
202000005370,1,7,,0,2,1,14,A01
202000005370,1,7,,0,0,0,1,D01
202000005370,1,15,,0,2,4,1,B01
202000005371,1,10,,0,2,8,2,A01
202000005371,1,31,,0,2,7,17,B01
202000005372,2,10,,0,2,2,3,A01
202000005372,2,15,,0,2,6,1,B01
202000005373,2,7,,0,2,1,1,A01
202000005373,2,15,,0,2,4,1,B01
202000005374,2,7,,0,2,1,2,Z01
202000005374,2,10,,0,2,4,2,B01
202000005374,2,7,,0,2,4,2,A01
202000005375,1,33,,6,0,3,1,A01
202000005376,2,7,,0,2,5,2,B01
202000005376,2,33,,0,2,3,2,A01
202000005377,1,33,,4,0,3,0,A01
202000005378,1,15,,0,0,5,1,B01
202000005378,1,10,,0,2,1,17,A01
202000005379,3,1,,0,2,0,0,B01
202000005379,3,7,,0,2,3,1,A01
202000005380,2,7,,0,2,4,4,A01
202000005380,2,2,,0,2,1,2,B01
202000005381,3,33,,1,0,1,1,A01
202000005381,0,7,,0,1,4,26,B01
202000005382,3,7,,0,2,3,1,B01
202000005382,3,7,,0,2,3,19,A01
202000005383,1,10,,0,1,3,1,A01
202000005384,1,0,,0,2,5,17,B01
202000005384,1,33,,0,2,1,1,A01
202000005385,3,7,,0,9,3,1,B01
202000005385,3,1,,0,2,1,16,A01
202000005386,2,7,,0,2,1,1,A01
202000005386,0,7,,0,0,3,1,B01
202000005387,2,7,,0,2,1,2,B01
202000005387,1,7,,0,2,3,13,A01
202000005388,1,31,,0,2,1,26,B01
202000005388,1,7,,0,2,7,15,A01
202000005389,2,7,,0,1,2,1,A01
202000005390,1,7,,0,2,2,1,A01
202000005390,3,1,,0,2,1,19,B01
202000005391,1,10,,0,2,2,17,A01
202000005391,1,21,,0,2,6,1,B01
202000005392,1,2,,0,0,3,1,B01
202000005392,1,7,,0,0,5,17,A01
202000005393,1,33,,0,0,1,14,A01
202000005394,1,7,,13,0,1,1,A01
202000005395,2,7,,0,2,1,2,C01
202000005395,2,7,,3,2,3,1,B01
202000005395,1,7,,4,2,2,5,A01
202000005396,3,7,,0,2,7,19,A01
202000005396,0,7,,0,2,1,19,B01
202000005397,1,33,,0,0,0,1,A01
202000005398,3,7,,0,2,8,19,B01
202000005398,0,7,,0,2,2,26,A01
202000005399,2,14,,3,2,3,21,B01
202000005399,1,7,,0,2,1,13,A01
202000005399,1,7,,0,2,6,5,C01
202000005400,1,10,,0,2,0,1,A01
202000005400,2,7,,0,9,3,1,B01
202000005400,1,33,,0,0,0,1,C01
202000005401,1,7,,15,0,9,14,A01
202000005402,2,7,,3,0,0,17,A01
202000005403,1,2,,0,2,1,1,B01
202000005403,2,7,,0,2,2,1,A01
202000005404,1,7,,8,0,2,14,A01
202000005405,1,2,,0,0,4,1,A01
202000005405,1,2,,0,0,1,1,B01
202000005406,2,2,,0,2,1,1,A01
202000005406,2,7,,0,2,5,4,B01
202000005407,1,33,,0,2,5,2,B01
202000005407,1,7,,0,2,4,2,C01
202000005407,1,7,,0,2,1,2,A01
202000005408,1,7,,0,2,1,2,C01
202000005408,1,7,,0,2,5,2,B01
202000005408,1,7,,0,2,4,2,A01
202000005409,1,7,,6,2,4,2,C01
202000005409,1,7,,6,2,4,2,B01
202000005409,1,7,,6,2,1,2,A01
202000005410,2,7,,0,2,8,11,B01
202000005410,2,33,,12,2,7,1,A01
202000005411,2,7,,0,2,1,1,A01
202000005411,2,7,,0,2,4,2,B01
202000005412,2,7,,4,0,1,21,D01
202000005412,2,7,,4,0,1,13,A01
202000005412,2,7,,0,2,1,1,B01
202000005412,2,7,,0,2,1,1,C01
202000005413,1,7,,3,2,1,17,A01