Num_Acc,senc,catv,occutc,obs,obsm,choc,manv,num_veh
202000005413,1,7,,0,2,6,1,B01
202000005414,2,7,,0,2,5,1,B01
202000005414,2,7,,4,2,2,0,D01
202000005414,2,7,,0,2,4,2,A01
202000005414,2,7,,0,2,6,2,C01
202000005415,1,7,,3,0,1,14,A01
202000005416,1,7,,8,2,1,2,B01
202000005416,1,7,,0,2,4,2,A01
202000005417,1,7,,0,2,2,14,A01
202000005417,1,7,,0,2,8,1,B01
202000005418,2,7,,4,0,9,1,A01
202000005419,2,7,,0,2,5,1,C01
202000005419,2,7,,0,2,8,11,B01
202000005419,2,33,,0,2,1,3,A01
202000005420,1,7,,0,2,5,1,B01
202000005420,1,7,,0,2,3,1,A01
202000005421,3,20,,2,0,2,13,A01
202000005422,1,7,,15,0,1,13,A01
202000005423,2,32,,0,0,0,14,A01
202000005424,1,7,,0,1,1,16,A01
202000005425,2,1,,0,2,4,2,C01
202000005425,2,7,,0,2,0,0,A01
202000005425,2,7,,0,2,2,2,B01
202000005426,3,7,,0,2,1,1,B01
202000005426,3,7,,0,2,3,15,A01
202000005427,1,7,,0,2,4,0,B01
202000005427,1,10,,0,2,1,0,A01
202000005428,3,7,,1,2,1,9,B01
202000005428,3,7,,0,2,1,1,A01
202000005429,1,32,,0,2,1,1,B01
202000005429,1,10,,0,2,4,1,A01
202000005430,1,7,,0,2,6,1,A01
202000005430,1,30,,0,2,1,1,B01
202000005431,0,7,,0,2,6,21,B01
202000005431,0,7,,0,2,1,26,A01
202000005432,1,7,,0,2,5,15,B01
202000005432,2,7,,0,2,1,26,A01
202000005433,2,32,,0,2,1,1,B01
202000005433,2,7,,0,2,2,20,A01
202000005434,1,7,,0,2,0,21,B01
202000005434,1,7,,0,2,6,24,C01
202000005434,2,7,,0,2,0,15,A01
202000005435,2,7,,0,2,3,2,B01
202000005435,2,7,,0,2,2,15,A01
202000005436,1,1,,0,2,7,1,B01
202000005436,1,7,,0,2,8,1,A01
202000005437,1,7,,0,2,3,9,A01
202000005437,1,1,,0,2,1,19,B01
202000005438,3,7,,0,2,2,15,B01
202000005438,3,30,,0,2,1,1,A01
202000005439,2,10,,0,0,5,23,B01
202000005439,2,33,,0,2,1,2,A01
202000005440,0,7,,0,2,8,1,B01
202000005440,0,7,,0,2,3,1,A01
202000005441,3,33,,0,2,1,1,B01
202000005441,3,7,,0,2,7,19,A01
202000005442,1,7,,0,2,1,1,C01
202000005442,1,7,,0,2,1,2,B01
202000005442,1,10,,0,2,1,2,A01
202000005443,1,2,,0,2,1,1,A01
202000005443,1,10,,0,2,6,1,B01
202000005444,2,7,,0,2,1,2,A01
202000005444,2,7,,0,2,8,2,C01
202000005444,2,7,,0,2,4,2,B01
202000005445,2,7,,0,1,5,1,A01
202000005446,1,7,,0,1,3,1,A01
202000005447,2,2,,0,2,1,1,A01
202000005448,0,7,,0,2,4,23,B01
202000005448,0,7,,0,2,1,0,A01
202000005449,0,7,,9,0,2,14,A01
202000005450,1,7,,0,2,1,15,B01
202000005450,2,7,,0,2,1,16,A01
202000005451,1,99,,0,2,1,15,A01
202000005451,1,7,,0,2,2,1,B01
202000005452,3,7,,0,1,4,4,A01
202000005453,1,7,,1,0,0,0,B01
202000005453,1,30,,0,2,4,23,A01
202000005454,1,7,,0,1,1,15,A01
202000005455,2,33,,8,0,0,1,A01
202000005456,1,7,,0,2,6,1,B01
202000005456,1,33,,0,2,1,12,A01
202000005457,3,7,,4,0,1,15,Z01
202000005458,2,30,,0,2,2,1,A01
202000005458,2,1,,0,2,8,1,B01
202000005459,2,7,,0,1,0,15,Z01
202000005460,1,30,,0,2,1,1,B01
202000005460,1,7,,0,2,5,4,A01
202000005461,1,32,,0,2,1,1,A01
202000005461,2,7,,0,2,3,9,B01
202000005462,2,1,,0,2,7,1,B01
202000005462,2,10,,0,2,8,22,A01
202000005463,2,7,,0,2,5,15,A01
202000005463,1,33,,0,2,1,1,B01
202000005464,2,1,,0,1,1,1,A01
202000005465,2,37,1.0,0,2,2,15,A01
202000005465,2,7,,0,2,6,1,C01
202000005465,2,34,,0,2,8,1,B01
202000005466,1,50,,0,2,1,1,B01
202000005466,1,37,1.0,0,9,3,15,A01
202000005467,1,34,,0,2,0,1,A01
202000005467,1,33,,0,0,0,16,B01
202000005468,1,33,,0,2,1,1,B01
202000005468,2,10,,0,2,7,15,A01
202000005469,3,33,,0,2,8,9,A01
202000005469,0,7,,0,2,3,9,B01
202000005470,3,30,,16,0,1,1,B01
202000005470,3,30,,16,0,1,1,A01
202000005471,1,7,,4,2,1,21,A01
202000005472,0,7,,0,2,3,1,B01
202000005472,1,31,,0,2,1,1,A01
202000005473,1,7,,4,0,1,1,A01
202000005474,2,7,,0,2,1,1,A01
202000005474,2,7,,0,2,4,1,B01
202000005475,1,7,,0,2,5,15,A01
202000005475,1,33,,0,2,1,1,B01
202000005476,0,20,,1,0,3,0,A01
202000005477,3,7,,12,2,2,14,A01
202000005478,1,7,,0,2,3,15,B01
202000005478,2,1,,0,2,1,1,A01
202000005479,0,33,,0,2,1,2,B01
202000005479,0,10,,0,2,5,15,A01
202000005479,0,7,,0,2,3,23,C01
202000005480,1,10,,0,2,3,15,A01
202000005480,2,33,,0,2,7,1,B01
202000005481,1,30,,0,2,1,17,A01
202000005481,1,7,,0,0,0,0,B01
202000005482,3,7,,2,0,1,1,A01
202000005483,1,32,,0,2,1,1,B01
202000005483,1,7,,0,2,3,9,A01
202000005484,1,7,,15,0,0,1,A01
202000005485,1,7,,0,1,4,4,A01
202000005486,3,7,,2,0,1,1,A01
202000005487,1,40,,0,1,2,1,A01
202000005488,0,7,,0,1,2,0,A01
202000005489,1,7,,0,2,3,9,A01
202000005489,2,7,,0,2,7,16,B01
202000005490,1,7,,0,1,1,1,A01
202000005491,2,33,,0,2,1,1,B01
202000005491,1,10,,0,2,1,9,A01
202000005492,0,7,,0,2,4,2,C01
202000005492,0,7,,0,2,4,1,B01
202000005492,1,7,,0,2,1,2,A01
202000005492,1,7,,0,2,4,2,D01
202000005493,1,7,,6,0,1,13,A01
202000005494,2,33,,0,0,9,1,A01
202000005495,1,7,,0,1,1,1,A01
202000005496,2,7,,15,0,5,1,A01
202000005497,3,10,,0,2,1,1,A01
202000005497,3,7,,0,2,7,1,B01
202000005498,1,7,,0,2,3,15,A01
202000005498,2,31,,4,2,1,1,B01
202000005499,3,14,,0,2,6,16,A01
202000005499,3,1,,0,2,1,1,B01
202000005500,2,3,,0,1,1,1,A01
202000005501,0,7,,0,1,2,16,A01
202000005502,1,33,,0,0,8,1,A01
202000005503,1,7,,9,0,1,15,A01
202000005504,1,7,,0,2,6,1,C01
202000005504,2,7,,0,2,3,1,B01
202000005504,1,7,,0,2,1,5,A01
202000005505,1,7,,0,2,3,20,A01
202000005505,1,33,,0,2,1,1,B01
202000005506,1,33,,0,2,1,2,B01
202000005506,1,2,,0,2,3,2,A01
202000005507,2,7,,13,0,1,14,A01
202000005508,1,7,,4,2,1,1,A01
202000005508,1,7,,0,2,1,1,B01
202000005509,1,7,,0,2,4,23,A01
202000005509,1,7,,0,2,4,23,B01
202000005509,1,10,,0,2,1,2,C01
202000005510,2,7,,0,2,2,15,A01
202000005510,2,30,,0,2,7,1,B01
202000005511,3,3,,0,0,0,1,A01
202000005512,1,7,,0,1,3,19,A01
202000005513,3,10,,0,1,1,9,A01
202000005514,1,33,,0,0,0,1,A01
202000005514,3,7,,0,0,0,1,B01
202000005515,2,7,,0,2,2,15,A01
202000005515,1,33,,0,2,1,1,B01
202000005516,3,31,,0,2,3,0,A01
202000005516,3,33,,0,2,1,0,B01
202000005517,3,99,,0,0,0,1,A01
202000005518,1,7,,0,0,4,23,B01
202000005518,1,7,,14,0,1,1,A01
202000005519,1,7,,7,0,9,1,A01
202000005520,2,2,,12,0,3,1,A01
202000005521,3,7,,0,2,3,15,B01
202000005521,3,33,,0,2,1,1,A01
202000005522,1,7,,1,0,1,1,A01
202000005523,3,1,,0,2,1,1,B01
202000005523,0,7,,0,2,7,16,Z01
202000005524,2,7,,6,0,1,14,A01
202000005525,3,1,,0,0,0,0,A01
202000005526,1,7,,1,0,7,26,A01
202000005527,3,2,,13,0,0,0,A01
202000005528,1,33,,7,0,2,1,A01
202000005529,0,7,,0,1,1,15,A01
202000005530,2,7,,0,2,1,1,B01
202000005530,1,3,,0,2,2,15,A01
202000005531,1,7,,0,1,1,1,A01
202000005532,1,7,,0,1,2,1,A01
202000005533,2,7,,2,0,2,0,A01
202000005534,1,7,,0,0,6,23,B01
202000005534,1,7,,0,2,2,18,A01
202000005535,1,7,,13,0,1,1,A01
202000005536,1,50,,0,2,1,15,B01
202000005536,2,7,,0,2,3,1,A01
202000005537,3,7,,0,1,0,1,A01
202000005538,2,7,,0,2,1,1,B01
202000005538,1,7,,0,2,1,13,A01
202000005539,1,1,,0,1,1,1,A01
202000005540,1,7,,0,2,3,13,B01
202000005540,2,7,,0,2,3,1,A01
202000005541,1,7,,0,1,4,4,A01
202000005542,0,7,,0,1,2,1,A01
202000005543,2,7,,0,2,6,13,Z01
202000005543,2,33,,0,2,2,17,A01
202000005544,1,33,,0,1,2,17,A01
202000005545,2,1,,1,0,6,14,A01
202000005546,3,7,,13,0,9,1,A01
202000005547,0,7,,6,0,1,1,A01
202000005548,1,1,,0,2,1,19,B01
202000005548,2,7,,0,2,1,1,A01
202000005549,2,7,,0,0,9,1,A01
202000005550,2,33,,13,0,1,0,A01
202000005551,1,16,,0,2,2,13,A01
202000005551,2,32,,0,2,1,1,B01
202000005552,1,20,,0,0,9,26,A01
202000005553,1,36,,0,0,0,2,A01
202000005554,3,7,,16,2,7,1,A01
202000005554,3,7,,0,2,1,1,B01
202000005555,2,33,,0,2,5,21,C01
202000005555,2,33,,0,2,2,21,B01
202000005555,1,7,,0,2,3,15,A01
202000005556,1,33,,7,0,1,1,A01
202000005557,1,7,,0,1,1,15,A01
202000005558,2,99,,0,2,5,17,B01
202000005558,2,1,,0,2,3,2,A01
202000005559,3,7,,13,0,2,0,A01
202000005560,0,7,,0,2,4,1,B01
202000005560,0,7,,0,2,1,1,A01
202000005561,1,7,,4,0,7,1,A01
202000005562,2,7,,0,2,2,19,A01
202000005562,2,7,,0,2,3,1,B01
202000005563,3,7,,8,2,1,15,A01
202000005563,1,7,,0,2,1,1,B01
202000005564,0,7,,0,1,2,9,A01
202000005565,1,2,,0,2,3,13,A01
202000005565,2,7,,0,2,3,1,B01
202000005566,1,50,,0,2,7,1,A01
202000005566,1,7,,0,2,1,1,B01
202000005567,1,7,,0,1,5,1,A01
202000005568,2,7,,4,0,2,26,A01
202000005569,2,7,,0,2,8,11,A01
202000005569,2,33,,0,2,7,3,B01
202000005570,1,7,,4,0,2,1,A01
202000005571,2,30,,0,2,1,1,A01
202000005571,2,7,,1,2,6,1,B01
202000005572,0,33,,0,2,1,1,B01
202000005572,0,10,,0,2,3,15,A01
202000005573,1,30,,0,2,6,2,B01
202000005573,1,7,,0,2,0,0,A01
202000005574,3,7,,8,0,1,2,A01
202000005575,2,33,,0,2,4,2,B01
202000005575,2,7,,0,2,1,1,A01
202000005576,1,7,,13,0,9,13,A01
202000005577,2,7,,0,2,4,0,B01
202000005577,2,15,,0,2,1,1,A01
202000005578,0,1,,0,2,0,0,B01
202000005578,1,10,,0,2,3,0,A01
202000005579,1,7,,0,1,3,1,A01
202000005580,2,33,,0,2,8,13,A01
202000005580,1,7,,0,2,3,1,B01
202000005581,0,7,,0,2,1,16,A01
202000005581,2,7,,0,2,3,1,B01
202000005582,1,7,,0,1,0,1,Z01
202000005583,2,35,,0,2,3,9,B01
202000005583,2,7,,0,2,2,1,A01
202000005584,1,7,,0,2,8,11,B01
202000005584,1,33,,0,2,1,3,A01
202000005585,0,31,,0,2,1,1,B01
202000005585,0,7,,0,2,3,26,A01
202000005586,0,7,,1,2,0,0,I01
202000005586,0,7,,1,2,7,0,G01
202000005586,1,7,,0,2,0,17,A01
202000005586,1,7,,0,2,8,23,C01
202000005586,1,7,,0,2,0,11,B01
202000005587,0,2,,13,0,8,1,A01
202000005588,2,33,,0,2,1,15,B01
202000005588,1,7,,0,2,3,16,A01
202000005589,1,2,,0,2,7,1,B01
202000005589,1,7,,0,2,3,1,A01
202000005590,1,7,,0,1,3,1,A01
202000005591,2,7,,0,2,3,13,A01
202000005591,1,7,,0,2,3,23,B01
202000005592,0,10,,0,1,4,20,A01
202000005593,2,7,,6,0,3,13,A01
202000005594,1,33,,0,2,3,1,B01
202000005594,2,7,,0,2,1,15,A01
202000005595,2,7,,3,0,1,14,A01
202000005596,2,1,,0,2,1,5,B01
202000005596,2,14,,0,2,5,1,A01
202000005597,1,7,,13,0,9,26,A01
202000005598,2,33,,0,2,0,2,A01
202000005598,2,10,,0,2,8,2,B01
202000005598,1,7,,0,9,1,1,C01
202000005599,1,7,,0,2,6,15,A01
202000005599,1,33,,0,2,1,1,B01
202000005600,3,7,,6,0,2,1,A01
202000005601,1,7,,0,0,3,2,A01
202000005602,3,50,,0,4,1,19,A01
202000005602,2,40,,0,2,2,1,B01
202000005603,1,7,,0,2,1,1,A01
202000005603,3,33,,0,2,3,15,B01
202000005604,0,7,,8,0,3,1,A01
202000005605,0,30,,0,1,1,25,A01
202000005606,1,7,,0,1,7,1,A01
202000005607,0,7,,0,2,7,13,A01
202000005607,0,7,,0,2,1,1,B01
202000005608,2,2,,0,2,3,2,B01
202000005608,1,7,,0,2,3,15,A01
202000005609,0,33,,0,2,0,21,B01
202000005609,0,1,,0,2,6,19,A01
202000005610,2,30,,0,1,1,1,A01
202000005611,2,7,,0,2,3,21,B01
202000005611,2,7,,0,2,5,1,A01
202000005612,1,7,,13,0,2,14,A01
202000005613,2,7,,0,2,4,1,A01
202000005613,2,7,,0,2,1,1,B01
202000005614,1,7,,3,2,6,15,B01
202000005614,1,7,,0,2,1,17,A01
202000005615,2,7,,0,2,1,1,A01
202000005615,2,10,,0,2,8,9,B01
202000005616,2,7,,0,2,4,1,B01
202000005616,2,7,,0,2,1,0,A01
202000005617,2,33,,0,1,3,17,A01
202000005618,1,7,,0,2,2,2,A01
202000005618,1,7,,0,2,4,2,B01
202000005619,2,7,,0,2,4,1,B01
202000005619,2,33,,0,2,1,2,A01
202000005620,2,10,,0,2,3,13,A01
202000005620,1,14,,0,2,3,1,B01
202000005621,2,33,,0,2,2,17,A01
202000005621,2,10,,0,2,0,0,B01
202000005622,2,7,,0,2,1,2,B01
202000005622,2,7,,0,2,4,1,A01
202000005623,3,7,,0,2,7,9,B01
202000005623,2,31,,0,2,1,21,A01
202000005624,2,7,,3,0,1,14,A01
202000005625,1,33,,0,2,4,0,B01
202000005625,1,3,,0,2,4,1,A01
202000005626,2,7,,4,0,9,1,A01
202000005627,2,7,,0,2,1,1,A01
202000005627,2,1,,0,2,4,2,B01
202000005628,1,20,,0,1,2,15,A01
202000005629,1,2,,0,2,8,1,B01
202000005629,1,7,,0,2,1,19,A01
202000005630,3,7,,0,2,8,15,A01
202000005630,1,34,,0,2,1,1,B01
202000005631,2,7,,0,2,7,15,A01
202000005631,1,1,,0,2,1,1,B01
202000005632,2,30,,11,0,1,0,A01
202000005633,1,7,,0,2,6,21,A01
202000005633,1,7,,0,2,6,9,B01
202000005634,2,7,,0,2,4,2,A01
202000005634,2,7,,0,2,1,2,B01
202000005635,2,30,,0,0,3,1,A01
202000005636,1,7,,0,2,1,2,B01
202000005636,1,7,,0,2,4,2,A01
202000005637,3,1,,0,9,1,1,A01
202000005637,3,1,,0,9,3,0,B01
202000005638,2,34,,0,1,1,1,A01
202000005639,2,37,1.0,0,2,7,1,B01
202000005639,1,7,,0,2,0,0,Z01
202000005640,1,33,,12,2,3,18,A01
202000005641,1,7,,0,1,1,1,A01
202000005642,3,7,,0,1,0,26,A01
202000005643,2,1,,0,2,1,13,A01
202000005643,1,1,,0,2,1,1,Z01
202000005644,1,7,,0,2,8,26,A01
202000005644,1,37,2.0,0,2,2,1,B01
202000005645,2,7,,0,1,2,1,A01
202000005646,2,7,,0,1,2,26,A01
202000005647,1,50,,0,1,1,1,A01
202000005648,0,7,,0,2,5,1,B01
202000005648,0,30,,0,2,3,3,A01
202000005649,0,7,,0,1,1,26,A01
202000005650,1,43,,1,2,7,17,A01
202000005650,1,10,,0,2,3,13,B01
202000005651,1,7,,0,2,6,13,A01
202000005651,2,7,,0,2,3,1,B01
202000005652,1,7,,0,2,4,2,B01
202000005652,1,7,,0,2,1,2,A01
202000005653,2,7,,0,2,4,0,C01
202000005653,2,7,,0,2,4,0,B01
202000005653,2,7,,0,2,1,0,A01
202000005654,2,7,,0,1,1,15,A01
202000005655,0,33,,16,0,1,1,A01
202000005656,2,30,,0,0,0,1,A01
202000005657,1,33,,0,2,3,1,B01
202000005657,1,7,,0,2,2,15,A01
202000005658,3,7,,0,1,5,20,A01
202000005659,2,10,,0,2,2,1,B01
202000005659,2,1,,0,2,3,15,A01
202000005660,3,7,,3,0,1,1,A01
202000005661,3,7,,0,2,8,1,B01
202000005661,3,7,,0,2,1,1,A01
202000005662,3,7,,0,9,8,23,D01
202000005662,2,7,,0,9,3,23,C01
202000005662,1,34,,0,2,1,1,B01
202000005662,2,99,,0,2,3,15,A01
202000005663,1,34,,0,0,4,1,A01
202000005664,1,30,,12,0,3,17,A01
202000005665,2,0,,0,1,0,0,A01
202000005666,2,50,,0,2,1,1,Y01
202000005666,1,7,,0,2,2,15,A01
202000005667,1,50,,0,2,1,14,A01
202000005667,2,1,,0,2,1,1,B01
202000005668,2,10,,0,2,4,23,B01
202000005668,2,10,,0,2,1,26,A01
202000005668,2,10,,0,2,4,23,C01
202000005669,1,33,,0,2,7,21,A01
202000005669,2,7,,0,2,2,5,B01
202000005670,2,7,,0,2,1,13,B01
202000005670,1,38,1.0,0,2,3,23,A01
202000005671,2,10,,1,2,7,1,A01
202000005671,2,7,,0,2,1,1,B01
202000005672,2,7,,0,2,7,10,A01
202000005672,2,32,,0,2,1,1,B01
202000005673,1,7,,0,2,1,2,A01
202000005673,1,2,,0,2,4,2,B01
202000005674,1,7,,1,1,1,17,A01
202000005675,2,7,,0,2,7,15,B01
202000005675,1,33,,0,2,1,1,A01
202000005676,1,7,,0,2,3,10,A01
202000005676,1,33,,0,2,1,17,B01
202000005677,2,7,,0,2,1,1,B01
202000005677,2,7,,0,2,3,14,A01
202000005678,0,0,,0,1,0,0,A01
202000005679,1,7,,0,2,7,15,A01
202000005679,1,7,,0,2,1,1,B01
202000005680,-1,31,,0,1,1,2,A01
202000005681,3,7,,0,1,2,19,A01
202000005682,3,7,,0,1,3,1,A01
202000005683,1,7,,0,1,2,17,A01
202000005684,3,7,,0,1,3,1,A01
202000005685,1,7,,0,2,3,13,A01
202000005685,1,7,,0,2,2,2,B01
202000005686,0,10,,0,1,5,20,A01
202000005687,0,7,,0,2,2,15,B01
202000005687,0,7,,0,2,3,5,A01
202000005688,3,7,,0,2,2,17,B01
202000005688,1,7,,0,2,3,11,A01
202000005689,1,7,,0,1,1,16,A01
202000005690,1,7,,1,2,3,20,B01
202000005690,1,7,,1,2,2,1,A01
202000005691,2,7,,0,1,1,1,A01
202000005692,1,32,,0,0,0,26,A01
202000005693,1,7,,0,2,2,15,A01
202000005693,1,7,,0,2,1,1,B01
202000005694,1,31,,0,2,4,1,B01
202000005694,2,7,,0,2,3,1,A01
202000005695,2,7,,0,2,3,1,A01
202000005695,1,31,,0,2,0,15,B01
202000005696,1,7,,0,9,3,1,B01
202000005696,2,33,,0,0,0,1,A01
202000005697,2,7,,6,0,1,5,A01
202000005698,2,7,,0,2,2,1,A01
202000005698,1,15,,0,2,2,1,B01
202000005699,2,7,,0,2,1,1,A01
202000005699,2,7,,0,0,4,16,C01
202000005699,2,7,,0,2,4,1,B01
202000005700,2,7,,6,0,3,0,A01
202000005701,1,33,,0,2,1,1,B01
202000005701,1,7,,0,0,4,1,A01
202000005702,1,10,,13,0,2,1,A01
202000005703,1,7,,0,2,1,2,A01
202000005703,1,7,,0,0,4,2,B01
202000005704,0,10,,6,2,3,19,B01
202000005704,2,7,,6,2,7,1,A01
202000005705,2,2,,13,0,0,21,A01
202000005706,2,7,,0,2,1,1,B01
202000005706,1,7,,0,2,1,13,A01
202000005707,1,7,,0,2,1,16,A01
202000005707,1,7,,0,2,7,1,B01
202000005708,1,7,,0,2,3,1,A01
202000005708,2,14,,0,2,3,1,B01
202000005709,2,7,,0,2,2,1,A01
202000005709,1,1,,0,2,1,26,B01
202000005710,1,7,,1,0,2,1,A01
202000005711,1,7,,2,0,1,0,A01
202000005712,2,30,,0,0,9,1,A01
202000005713,1,7,,2,0,3,1,A01
202000005714,3,10,,0,1,3,1,A01
202000005715,1,34,,0,2,8,19,B01
202000005715,1,7,,0,2,2,26,A01
202000005716,1,7,,7,0,1,14,A01
202000005717,2,7,,0,2,3,1,B01
202000005717,1,7,,0,2,3,13,A01
202000005718,2,7,,0,2,2,15,A01
202000005718,1,7,,0,2,3,1,B01
202000005719,0,7,,0,2,3,15,A01
202000005719,0,2,,0,2,1,1,B01
202000005720,1,30,,0,2,1,1,B01
202000005720,2,7,,0,2,3,15,A01
202000005721,1,7,,0,0,4,2,B01
202000005721,1,7,,0,2,1,2,A01
202000005722,1,7,,15,0,1,13,A01
202000005723,1,33,,0,2,1,1,B01
202000005723,1,7,,0,2,7,9,A01
202000005724,1,7,,3,2,2,0,A01
202000005724,2,7,,0,2,1,1,B01
202000005725,1,7,,0,2,3,13,A01
202000005725,2,14,,0,2,3,1,B01
202000005726,2,14,,0,2,1,1,A01
202000005726,2,7,,10,2,4,11,B01
202000005726,1,38,1.0,0,2,1,1,C01
202000005727,2,7,,0,2,1,1,B01
202000005727,2,7,,0,2,2,15,A01
202000005728,2,7,,0,2,1,1,B01
202000005728,1,7,,0,2,1,13,A01
202000005729,0,7,,0,1,3,1,A01
202000005730,1,7,,0,2,1,2,A01
202000005730,1,7,,0,0,4,2,B01
202000005731,2,7,,4,0,0,2,A01
202000005732,2,7,,0,1,1,1,A01
202000005733,2,7,,0,2,1,5,A01
202000005733,1,7,,0,2,1,1,B01
202000005734,2,10,,0,2,1,1,B01
202000005734,3,7,,13,2,7,1,A01
202000005735,1,7,,13,0,2,1,A01
202000005736,2,7,,0,2,0,0,A01
202000005736,1,7,,0,2,0,0,B01
202000005737,1,7,,0,2,1,19,A01
202000005737,2,7,,0,2,3,1,B01
202000005738,2,21,,0,2,0,15,B01
202000005738,2,7,,0,2,1,17,A01
202000005739,1,7,,15,0,1,1,A01
202000005740,2,7,,0,2,2,17,B01
202000005740,2,1,,0,0,4,13,A01
202000005741,2,7,,0,1,1,1,A01
202000005742,1,7,,2,0,1,0,A01
202000005743,2,7,,0,2,4,2,C01
202000005743,2,10,,0,2,4,2,B01
202000005743,2,7,,0,2,1,1,A01
202000005744,2,7,,0,2,1,1,C01
202000005744,2,7,,0,2,8,1,B01
202000005744,2,17,,0,2,2,12,A01
202000005745,1,7,,13,0,9,14,A01
202000005746,1,33,,0,0,0,26,A01
202000005747,1,7,,3,2,3,1,B01
202000005747,1,7,,0,2,8,1,C01
202000005747,1,7,,0,2,2,12,Z01
202000005748,1,10,,0,2,3,9,A01
202000005748,1,17,,0,2,7,1,B01
202000005749,2,7,,4,0,1,1,A01
202000005750,1,7,,4,0,1,14,A01
202000005751,2,7,,4,0,1,14,A01
202000005752,2,7,,3,0,1,13,A01
202000005753,2,7,,0,2,3,11,A01
202000005753,2,34,,0,2,7,3,B01
202000005754,2,10,,0,2,6,2,C01
202000005754,2,7,,0,2,6,2,B01
202000005754,2,7,,0,2,3,2,A01
202000005755,1,33,,0,2,7,3,B01
202000005755,1,7,,0,2,8,11,A01
202000005756,1,15,,0,2,2,12,A01
202000005756,2,7,,0,0,8,1,B01
202000005757,2,7,,0,2,1,2,A01
202000005757,2,7,,0,2,9,2,B01
202000005757,0,7,,0,2,4,2,C01
202000005758,1,7,,3,2,2,2,A01
202000005758,1,21,,3,0,6,0,B01
202000005759,1,7,,0,0,4,1,B01
202000005759,1,2,,0,2,1,2,A01
202000005760,1,7,,0,1,1,1,A01
202000005761,1,2,,15,0,0,0,A01
202000005762,2,7,,0,2,4,2,B01
202000005762,2,33,,0,2,1,2,A01
202000005763,2,7,,0,2,1,0,A01
202000005763,2,7,,0,2,4,0,B01
202000005764,3,33,,0,2,1,17,A01
202000005764,0,7,,0,0,8,15,B01
202000005765,1,7,,0,2,7,1,B01
202000005765,1,10,,0,2,2,9,A01
202000005766,1,7,,4,0,7,14,A01
202000005767,3,10,,0,1,2,16,A01
202000005768,0,7,,0,0,0,0,A01
202000005769,2,3,,1,0,1,1,A01
202000005770,3,14,,1,0,3,26,A01
202000005770,3,15,,1,0,5,24,B01
202000005771,2,7,,0,2,1,2,A01
202000005771,2,7,,0,2,4,2,B01
202000005772,1,7,,0,2,4,23,B01
202000005772,1,7,,0,2,1,2,A01
202000005773,1,37,1.0,0,1,7,7,A01
202000005774,2,7,,0,2,7,1,A01
202000005774,2,7,,0,2,1,1,B01
202000005775,2,33,,0,2,1,17,A01
202000005775,1,7,,0,2,2,15,B01
202000005776,2,7,,0,1,1,1,A01
202000005777,0,7,,0,2,4,1,B01
202000005777,0,7,,0,2,1,1,A01
202000005778,2,7,,0,1,2,1,A01
202000005779,1,7,,0,1,7,26,A01
202000005780,3,1,,0,2,4,2,B01
202000005780,3,10,,0,9,1,2,A01
202000005781,1,7,,8,2,0,13,A01
202000005781,1,7,,0,2,6,21,B01
202000005782,1,7,,0,0,2,1,A01
202000005783,0,7,,0,1,1,1,A01
202000005784,1,1,,0,2,8,14,B01
202000005784,1,7,,0,2,7,22,A01
202000005785,1,15,,0,2,0,26,A01
202000005785,2,10,,0,2,8,1,B01
202000005785,2,10,,0,2,5,1,C01
202000005786,1,7,,0,9,1,2,A01
202000005786,3,1,,0,2,7,19,B01
202000005787,1,7,,0,0,0,14,Z01
202000005787,1,32,,0,0,8,13,A01
202000005788,1,7,,0,2,1,2,A01
202000005788,1,7,,0,2,4,0,B01
202000005789,1,7,,1,0,2,14,A01
202000005790,1,30,,0,0,8,1,A01
202000005791,3,7,,0,2,1,1,A01
202000005791,3,7,,0,2,4,2,B01
202000005792,3,2,,0,1,0,21,A01
202000005793,1,15,,0,2,4,2,B01
202000005793,1,30,,0,2,1,2,A01
202000005794,2,31,,12,0,1,1,A01
202000005795,1,50,,0,2,8,1,B01
202000005795,1,3,,0,2,2,1,A01
202000005796,1,7,,0,9,3,15,A01
202000005796,2,1,,0,2,1,1,B01
202000005797,1,37,4.0,0,2,2,1,B01
202000005797,1,7,,0,0,5,1,C01
202000005797,1,7,,0,2,6,9,A01
202000005798,2,7,,0,2,1,1,B01
202000005798,1,7,,0,2,2,15,A01
202000005799,1,7,,0,2,2,16,B01
202000005799,1,1,,0,2,3,5,A01
202000005800,1,7,,0,0,1,13,A01
202000005801,3,1,,0,1,8,26,A01
202000005802,1,33,,0,2,1,0,A01
202000005802,1,7,,0,2,8,0,B01
202000005803,1,2,,0,2,1,0,A01
202000005803,1,7,,0,2,4,0,B01
202000005804,1,1,,0,2,1,0,A01
202000005804,1,7,,0,2,4,0,B01
202000005805,1,33,,0,0,7,26,A01
202000005806,1,7,,0,2,1,1,B01
202000005806,2,1,,0,2,8,19,A01
202000005807,2,7,,0,2,8,15,A01
202000005807,3,33,,0,2,2,2,B01
202000005808,0,7,,0,1,1,1,A01
202000005809,3,7,,8,0,3,1,A01
202000005810,3,30,,0,0,6,1,B01
202000005810,3,7,,0,2,2,12,A01
202000005811,2,7,,0,2,1,1,A01