Num_Acc,senc,catv,occutc,obs,obsm,choc,manv,num_veh
202000005811,2,7,,0,0,4,1,C01
202000005811,2,7,,0,2,1,1,B01
202000005812,2,33,,0,0,8,1,A01
202000005813,3,7,,5,0,3,14,A01
202000005814,1,7,,0,2,2,9,A01
202000005814,0,1,,0,0,0,0,B01
202000005815,3,7,,0,2,3,9,A01
202000005815,0,1,,0,2,4,1,B01
202000005816,2,7,,0,2,1,9,B01
202000005816,2,7,,8,2,6,1,A01
202000005817,1,7,,0,1,0,1,Z01
202000005818,2,7,,0,2,3,10,A01
202000005818,2,33,,0,2,1,17,B01
202000005819,3,7,,6,0,1,13,A01
202000005820,2,10,,0,2,5,23,B01
202000005820,2,7,,0,2,1,1,A01
202000005821,0,10,,0,2,1,1,B01
202000005821,0,7,,0,2,1,1,A01
202000005822,3,2,,0,2,8,0,B01
202000005822,0,7,,0,2,3,1,A01
202000005823,1,7,,0,2,6,2,A01
202000005823,1,33,,0,2,2,26,B01
202000005824,3,7,,0,1,1,1,A01
202000005825,3,1,,0,2,1,9,B01
202000005825,3,7,,0,9,3,0,A01
202000005826,2,30,,0,0,8,1,A01
202000005827,0,10,,0,2,4,24,D01
202000005827,0,10,,0,2,4,0,C01
202000005827,2,7,,0,2,4,10,B01
202000005827,2,33,,0,0,0,0,A01
202000005828,3,7,,0,2,6,15,A01
202000005828,2,32,,0,2,1,1,B01
202000005829,0,7,,0,2,8,1,B01
202000005829,0,33,,0,2,1,17,A01
202000005830,1,7,,1,0,1,1,A01
202000005831,1,32,,0,2,1,3,A01
202000005831,1,10,,0,2,6,1,B01
202000005832,3,32,,0,2,2,1,B01
202000005832,3,7,,0,2,8,18,A01
202000005833,1,30,,0,2,7,14,Z01
202000005833,1,1,,0,2,8,1,A01
202000005834,1,33,,0,2,3,9,A01
202000005834,1,32,,0,2,1,1,B01
202000005835,2,10,,0,1,2,1,A01
202000005836,2,30,,0,2,1,18,A01
202000005836,2,10,,0,2,5,16,B01
202000005837,1,1,,0,2,8,1,B01
202000005837,2,7,,0,2,3,1,A01
202000005838,1,1,,0,2,1,17,A01
202000005838,1,7,,0,2,2,22,B01
202000005839,3,7,,0,2,5,1,A01
202000005839,3,43,,0,2,2,1,B01
202000005840,1,7,,0,2,8,15,B01
202000005840,1,30,,0,2,7,17,A01
202000005841,1,33,,0,2,1,1,A01
202000005841,1,7,,0,2,3,15,Z01
202000005842,1,1,,0,2,1,9,A01
202000005842,1,1,,0,2,1,1,B01
202000005843,1,1,,0,0,1,16,A01
202000005844,3,7,,0,2,1,15,A01
202000005844,3,32,,0,2,1,1,B01
202000005845,2,50,,0,2,1,1,A01
202000005845,2,7,,0,2,2,1,B01
202000005846,1,7,,0,2,1,19,B01
202000005846,1,80,,0,2,1,1,A01
202000005847,1,32,,12,0,4,2,A01
202000005847,1,99,,0,2,0,0,Z01
202000005848,1,7,,0,1,2,16,A01
202000005849,3,7,,4,0,3,1,A01
202000005850,3,33,,0,2,1,16,A01
202000005850,3,10,,0,2,3,1,B01
202000005851,2,7,,0,2,0,0,A01
202000005851,1,33,,0,2,2,1,B01
202000005852,1,7,,4,0,1,1,A01
202000005853,3,31,,0,2,8,15,B01
202000005853,0,7,,0,2,3,19,A01
202000005854,-1,7,,0,0,0,0,B01
202000005854,-1,7,,15,0,2,1,A01
202000005855,-1,7,,0,2,3,10,B01
202000005855,-1,34,,3,2,3,13,A01
202000005856,1,7,,0,1,1,2,A01
202000005857,1,37,1.0,0,2,8,1,A01
202000005857,3,1,,0,2,1,9,B01
202000005858,1,7,,0,2,3,10,A01
202000005858,1,32,,0,2,7,1,B01
202000005859,2,7,,0,1,7,1,A01
202000005860,-1,7,,8,0,0,0,D01
202000005860,2,7,,0,2,1,2,A01
202000005860,2,7,,8,0,0,0,B01
202000005861,-1,3,,0,1,1,15,A01
202000005862,1,50,,1,0,0,1,B01
202000005862,3,7,,0,2,3,22,CA01
202000005863,1,10,,15,0,1,1,A01
202000005864,2,50,,0,2,1,2,B01
202000005864,2,7,,0,2,0,14,A01
202000005865,2,2,,0,4,3,2,B01
202000005866,1,32,,0,0,2,2,A01
202000005866,1,1,,0,0,6,14,B01
202000005867,1,7,,0,1,1,1,A01
202000005868,2,1,,14,0,1,1,C01
202000005868,2,1,,14,0,1,1,B01
202000005868,1,7,,0,0,0,1,A01
202000005868,2,1,,0,9,1,1,D01
202000005869,2,14,,0,2,6,1,C01
202000005869,2,7,,0,0,3,1,B01
202000005869,1,7,,0,2,3,13,A01
202000005870,2,1,,0,2,1,1,B01
202000005870,1,7,,0,2,3,19,A01
202000005871,2,31,,0,2,7,1,B01
202000005871,1,7,,0,2,1,9,A01
202000005872,1,7,,8,2,1,1,A01
202000005872,2,7,,0,2,3,1,B01
202000005873,2,31,,0,0,2,0,A01
202000005874,1,7,,0,0,5,2,A01
202000005874,1,33,,0,2,2,2,B01
202000005875,1,7,,0,2,2,6,B01
202000005875,1,1,,0,2,1,1,A01
202000005876,1,7,,2,0,1,1,A01
202000005877,2,7,,0,2,2,19,A01
202000005877,1,7,,0,2,7,1,B01
202000005878,2,7,,0,9,2,15,A01
202000005878,2,1,,0,0,1,26,B01
202000005879,2,33,,0,2,1,21,B01
202000005879,2,7,,0,2,3,10,A01
202000005880,1,7,,6,0,2,1,A01
202000005881,1,7,,0,0,0,1,A01
202000005882,1,10,,0,2,7,15,A01
202000005882,2,7,,0,2,2,1,B01
202000005883,2,10,,0,1,2,1,A01
202000005884,1,7,,13,0,2,0,A01
202000005885,1,33,,0,6,1,1,A01
202000005886,1,33,,0,2,2,17,B01
202000005886,1,7,,0,2,3,15,A01
202000005887,1,7,,0,2,4,23,C01
202000005887,1,7,,0,2,4,23,B01
202000005887,1,7,,0,2,1,1,A01
202000005888,1,1,,0,0,0,1,A01
202000005889,2,33,,0,2,1,1,B01
202000005889,3,7,,0,2,3,19,A01
202000005890,1,7,,0,2,3,1,B01
202000005890,2,7,,0,2,3,17,A01
202000005890,1,33,,0,2,1,1,C01
202000005891,0,7,,0,2,3,1,B01
202000005891,0,2,,0,2,1,1,A01
202000005892,2,1,,0,2,1,1,B01
202000005892,3,10,,0,2,2,19,A01
202000005893,0,33,,0,0,7,1,A01
202000005894,1,7,,0,0,9,2,A01
202000005895,2,10,,0,2,7,13,A01
202000005895,2,33,,0,2,2,17,B01
202000005896,1,1,,0,9,1,1,A01
202000005897,2,7,,0,2,3,19,A01
202000005897,1,10,,0,2,1,1,B01
202000005898,1,7,,2,0,1,13,A01
202000005899,2,1,,0,0,1,0,A01
202000005900,0,7,,0,2,2,9,A01
202000005900,0,7,,0,2,1,1,B01
202000005901,1,7,,13,0,2,21,A01
202000005902,3,33,,0,2,8,20,B01
202000005902,3,10,,0,0,5,26,A01
202000005903,1,10,,6,2,8,1,B01
202000005903,1,7,,0,2,1,19,A01
202000005904,2,7,,13,0,0,13,A01
202000005905,1,7,,0,2,1,1,A01
202000005905,1,7,,0,2,4,1,B01
202000005906,2,7,,2,0,1,1,A01
202000005907,3,7,,16,0,3,1,A01
202000005908,0,7,,15,1,3,1,A01
202000005909,2,7,,0,0,4,23,B01
202000005909,2,7,,1,0,1,14,A01
202000005910,2,2,,0,2,1,2,A01
202000005910,2,7,,0,0,4,2,B01
202000005911,2,7,,0,2,3,1,B01
202000005911,1,7,,0,2,3,23,C01
202000005911,1,7,,0,2,3,1,A01
202000005912,2,7,,0,2,1,2,A01
202000005912,2,37,1.0,0,0,4,23,B01
202000005913,1,17,,0,0,5,1,B01
202000005913,1,7,,4,2,3,17,A01
202000005914,1,33,,0,2,1,1,B01
202000005914,1,7,,0,2,8,19,A01
202000005915,2,7,,16,0,8,13,A01
202000005916,1,7,,0,2,1,2,B01
202000005916,1,15,,0,0,0,1,A01
202000005917,1,7,,0,2,8,13,A01
202000005917,2,33,,0,2,8,1,B01
202000005918,1,7,,0,1,1,1,A01
202000005919,1,3,,1,0,1,1,A01
202000005920,2,21,,0,2,7,1,B01
202000005920,2,7,,0,2,6,4,A01
202000005921,1,7,,0,2,4,4,A01
202000005921,1,7,,0,2,1,23,B01
202000005922,1,7,,0,0,2,26,A01
202000005923,1,7,,0,2,3,1,B01
202000005923,1,7,,0,2,5,1,A01
202000005923,1,34,,0,2,1,14,D01
202000005923,1,10,,0,2,8,1,C01
202000005924,1,7,,0,2,5,2,D01
202000005924,1,7,,0,2,4,2,C01
202000005924,1,10,,0,2,4,2,B01
202000005924,2,10,,0,2,1,2,A01
202000005925,2,10,,0,1,3,1,A01
202000005925,2,7,,0,1,1,11,B01
202000005926,1,33,,0,0,0,1,B01
202000005926,1,7,,0,0,0,11,A01
202000005927,2,33,,0,2,1,3,B01
202000005927,2,7,,0,2,4,11,A01
202000005928,1,7,,0,2,7,12,A01
202000005928,1,33,,0,2,8,1,B01
202000005929,1,33,,0,0,9,3,A01
202000005930,2,33,,0,2,8,3,B01
202000005930,2,7,,0,2,7,14,A01
202000005931,2,34,,0,2,2,3,B01
202000005931,2,7,,0,2,3,11,A01
202000005932,2,14,,0,2,1,1,A01
202000005932,2,14,,0,2,4,1,B01
202000005933,2,7,,0,2,5,11,A01
202000005933,2,43,,0,2,1,3,B01
202000005934,1,32,,0,2,1,1,A01
202000005934,1,7,,0,0,4,2,B01
202000005935,2,7,,0,2,2,15,B01
202000005935,2,7,,8,0,3,15,A01
202000005936,1,7,,0,1,1,7,A01
202000005937,2,7,,0,2,7,23,B01
202000005937,2,7,,0,2,1,26,A01
202000005937,2,7,,0,2,6,23,C01
202000005938,1,7,,0,2,4,1,B01
202000005938,1,30,,0,2,1,1,A01
202000005939,1,32,,0,2,1,0,A01
202000005939,1,7,,0,2,8,9,B01
202000005940,3,7,,0,2,3,17,A01
202000005940,2,80,,0,2,1,1,B01
202000005941,3,1,,0,2,1,7,B01
202000005941,3,7,,0,2,2,1,A01
202000005942,1,7,,0,1,3,1,A01
202000005943,2,7,,0,2,1,15,A01
202000005943,1,10,,0,2,3,1,B01
202000005944,1,17,,0,2,1,2,A01
202000005944,1,7,,0,2,4,2,B01
202000005944,1,10,,0,2,6,1,C01
202000005945,1,32,,0,2,3,19,A01
202000005945,1,7,,0,2,3,19,B01
202000005946,-1,99,,-1,-1,-1,-1,B01
202000005946,-1,7,,-1,2,-1,0,A01
202000005947,0,10,,0,2,1,1,C01
202000005947,0,7,,0,2,1,1,B01
202000005947,0,7,,0,2,1,17,A01
202000005948,1,33,,0,2,7,21,A01
202000005949,2,7,,0,2,4,23,B01
202000005949,2,7,,0,2,1,1,A01
202000005950,2,7,,0,2,3,1,B01
202000005950,1,31,,0,2,1,13,A01
202000005951,1,7,,0,9,3,9,B01
202000005951,1,1,,0,9,1,26,A01
202000005952,2,7,,0,2,3,15,B01
202000005952,2,33,,1,2,5,2,A01
202000005953,3,7,,0,2,5,20,B01
202000005953,1,7,,0,2,0,1,Z01
202000005954,2,1,,0,2,1,1,B01
202000005954,2,7,,0,9,5,4,A01
202000005955,3,30,,0,0,8,1,A01
202000005956,2,7,,0,1,3,15,A01
202000005957,3,7,,14,1,5,16,A01
202000005958,2,7,,0,2,4,1,B01
202000005958,2,7,,0,2,2,2,A01
202000005959,1,10,,0,2,8,11,B01
202000005959,1,33,,0,2,2,1,A01
202000005960,1,7,,0,2,7,11,A01
202000005960,1,31,,0,2,1,2,B01
202000005961,1,33,,0,2,1,2,B01
202000005961,1,33,,0,2,6,1,A01
202000005962,1,10,,0,2,1,0,A01
202000005962,1,7,,0,0,4,0,B01
202000005963,2,10,,0,2,4,2,A01
202000005963,2,10,,0,2,1,2,B01
202000005964,2,7,,0,2,4,1,A01
202000005964,2,7,,0,2,1,1,C01
202000005964,2,7,,0,2,4,1,B01
202000005965,2,7,,0,0,6,1,B01
202000005965,2,7,,0,2,5,26,A01
202000005966,2,10,,0,2,6,11,A01
202000005966,2,33,,0,2,1,3,B01
202000005967,1,33,,0,2,2,3,B01
202000005967,1,7,,0,2,5,11,A01
202000005968,1,17,,0,2,7,2,A01
202000005968,1,33,,0,2,4,2,B01
202000005969,1,7,,0,0,1,1,A01
202000005970,1,7,,0,2,7,12,B01
202000005970,1,33,,0,2,8,3,A01
202000005970,1,7,,0,2,4,1,C01
202000005971,2,34,,0,1,1,1,A01
202000005972,2,7,,0,2,1,1,B01
202000005972,1,99,,0,2,3,15,A01
202000005973,2,7,,0,1,1,1,A01
202000005974,1,7,,0,0,1,9,A01
202000005974,1,33,,0,2,7,1,B01
202000005975,3,33,,0,2,8,2,B01
202000005975,3,7,,0,2,7,9,A01
202000005976,1,1,,0,0,0,1,Y01
202000005976,2,7,,0,2,8,1,A01
202000005977,1,1,,0,2,1,23,B01
202000005977,2,7,,0,2,3,15,A01
202000005978,1,50,,0,2,7,1,A01
202000005978,2,7,,0,2,1,1,B01
202000005979,2,7,,0,0,0,11,A01
202000005979,2,33,,0,2,0,2,B01
202000005980,2,7,,0,1,2,9,A01
202000005981,1,7,,13,0,1,14,A01
202000005982,3,0,,0,1,1,1,A01
202000005983,3,7,,0,2,1,13,A01
202000005983,3,7,,0,2,1,1,B01
202000005983,3,7,,6,0,2,21,C01
202000005984,3,7,,0,2,4,2,B01
202000005984,3,7,,0,2,1,2,A01
202000005985,2,7,,0,2,6,12,B01
202000005985,2,7,,0,2,2,1,A01
202000005986,3,33,,0,1,1,18,A01
202000005987,3,7,,0,2,2,1,B01
202000005987,3,7,,0,2,1,16,A01
202000005988,1,7,,0,2,1,2,A01
202000005988,1,7,,0,2,4,23,B01
202000005988,1,7,,0,2,4,23,C01
202000005989,2,7,,13,0,9,15,A01
202000005990,2,17,,4,0,3,1,A01
202000005991,1,7,,0,2,2,14,A01
202000005991,2,7,,0,0,0,0,B01
202000005992,0,7,,0,2,1,1,A01
202000005992,0,7,,0,2,4,23,B01
202000005993,1,1,,0,1,4,1,A01
202000005994,0,7,,0,2,3,15,Z01
202000005994,1,30,,0,2,5,17,A01
202000005995,1,33,,0,2,8,1,A01
202000005995,0,7,,0,0,0,15,B01
202000005996,0,7,,0,2,1,9,A01
202000005996,0,7,,0,2,3,1,B01
202000005997,2,7,,0,2,5,15,B01
202000005997,2,1,,0,2,1,18,A01
202000005998,1,1,,0,2,1,13,A01
202000005998,2,1,,0,2,1,13,B01
202000005999,2,7,,0,2,3,1,A01
202000005999,2,7,,0,2,3,15,B01
202000006000,1,1,,0,2,5,1,B01
202000006000,3,7,,0,2,1,9,A01
202000006001,3,7,,0,9,6,9,A01
202000006001,3,1,,0,2,1,1,B01
202000006002,1,7,,0,1,3,15,A01
202000006003,2,7,,0,1,1,0,A01
202000006004,1,33,,0,2,7,17,A01
202000006004,1,7,,0,2,3,11,B01
202000006005,3,7,,0,2,4,23,A01
202000006005,3,7,,14,2,1,0,B01
202000006006,3,7,,0,2,8,1,B01
202000006006,3,7,,0,2,1,19,A01
202000006007,1,7,,6,0,1,14,A01
202000006008,1,1,,0,2,1,1,B01
202000006008,2,7,,0,2,1,16,A01
202000006009,2,2,,0,2,1,17,B01
202000006009,2,7,,0,2,8,15,A01
202000006010,1,1,,0,2,2,1,B01
202000006010,1,7,,0,9,2,15,A01
202000006011,1,1,,0,1,0,1,A01
202000006012,1,33,,0,2,1,1,B01
202000006012,1,7,,0,9,7,15,A01
202000006013,3,7,,1,0,1,1,A01
202000006013,3,7,,0,2,1,1,B01
202000006013,3,10,,0,2,4,1,C01
202000006014,1,7,,0,1,2,15,A01
202000006015,0,7,,0,1,0,1,A01
202000006016,0,50,,0,2,7,1,A01
202000006016,2,7,,0,9,1,16,B01
202000006017,2,1,,0,2,2,17,B01
202000006017,2,7,,0,2,3,15,A01
202000006018,2,7,,0,2,0,0,D01
202000006018,2,7,,0,2,0,0,C01
202000006018,2,7,,0,2,0,0,B01
202000006018,2,7,,0,2,1,1,A01
202000006019,1,1,,0,2,1,0,B01
202000006019,1,7,,0,2,8,1,A01
202000006020,3,7,,0,1,1,1,A01
202000006021,0,2,,0,2,1,0,B01
202000006021,0,7,,0,2,4,4,A01
202000006022,3,33,,0,2,1,1,B01
202000006022,3,7,,0,2,2,15,A01
202000006023,3,7,,13,0,1,1,A01
202000006024,3,10,,0,2,6,1,B01
202000006024,3,30,,0,2,2,12,A01
202000006025,3,10,,0,1,2,26,A01
202000006026,3,14,,0,2,7,16,A01
202000006026,3,1,,0,2,8,1,B01
202000006027,2,2,,0,2,7,1,B01
202000006027,2,7,,0,2,3,9,A01
202000006028,1,1,,0,2,1,1,A01
202000006028,0,7,,0,2,0,0,B01
202000006029,1,7,,0,2,1,0,A01
202000006029,1,7,,0,2,2,1,B01
202000006030,1,7,,0,2,5,2,B01
202000006030,1,10,,0,2,4,2,G01
202000006030,1,7,,0,2,0,2,F01
202000006030,1,7,,0,2,7,2,E01
202000006030,1,7,,0,2,1,2,A01
202000006030,1,7,,0,2,1,2,C01
202000006030,1,10,,0,2,4,2,D01
202000006031,1,1,,0,2,7,1,B01
202000006031,1,7,,0,2,3,15,A01
202000006032,1,31,,0,2,1,1,B01
202000006032,1,1,,0,2,8,11,A01
202000006033,1,32,,0,2,2,19,A01
202000006033,2,7,,0,2,3,1,B01
202000006034,1,14,,0,2,1,1,A01
202000006034,1,7,,0,2,4,1,B01
202000006035,0,7,,0,2,2,2,A01
202000006035,0,2,,0,2,6,1,B01
202000006036,3,7,,0,2,0,19,A01
202000006036,3,2,,0,2,1,1,B01
202000006037,3,7,,0,2,1,26,A01
202000006037,3,32,,0,2,4,2,B01
202000006038,2,7,,0,2,1,5,A01
202000006038,2,7,,0,2,1,1,B01
202000006038,2,7,,0,2,2,14,C01
202000006038,3,7,,0,2,3,1,D01
202000006039,2,99,,8,0,1,14,A01
202000006040,1,10,,0,2,8,10,A01
202000006040,1,33,,0,2,1,1,B01
202000006041,2,7,,0,2,3,15,A01
202000006041,2,2,,0,2,5,1,B01
202000006042,1,34,,0,2,1,2,B01
202000006042,0,7,,0,2,2,10,A01
202000006043,1,32,,0,2,3,2,B01
202000006043,1,7,,0,2,2,13,A01
202000006044,3,7,,0,2,1,1,A01
202000006044,3,7,,0,2,8,1,B01
202000006045,1,7,,13,0,3,1,A01
202000006046,1,7,,0,2,8,23,C01
202000006046,1,10,,0,2,6,23,B01
202000006046,1,33,,0,2,9,26,A01
202000006047,1,33,,0,2,8,1,B01
202000006047,2,7,,0,2,1,15,A01
202000006048,1,7,,0,1,1,1,A01
202000006049,1,7,,0,2,1,1,B01
202000006049,1,7,,0,2,1,15,A01
202000006050,1,33,,0,2,3,12,A01
202000006050,1,7,,0,2,5,1,B01
202000006051,1,32,,0,1,4,17,A01
202000006052,1,7,,0,2,2,15,A01
202000006052,2,1,,0,2,1,1,B01
202000006053,2,30,,0,0,0,21,A01
202000006054,1,1,,0,1,5,25,Z01
202000006055,2,32,,0,1,1,1,A01
202000006056,2,1,,0,0,1,1,A01
202000006057,1,32,,0,1,1,1,A01
202000006058,1,30,,0,2,0,21,A01
202000006058,2,7,,0,2,7,12,Z01
202000006059,2,30,,0,2,1,1,A01
202000006059,1,7,,0,2,2,15,B01
202000006060,1,7,,0,2,3,15,B01
202000006060,1,32,,0,2,1,17,A01
202000006061,3,10,,0,2,2,12,A01
202000006061,3,32,,0,2,2,1,B01
202000006062,2,30,,0,2,1,2,A01
202000006062,1,30,,0,2,4,2,Z01
202000006063,2,7,,0,2,2,16,A01
202000006063,2,50,,0,2,3,1,B01
202000006064,2,10,,9,0,1,14,A01
202000006065,1,32,,0,1,1,1,A01
202000006066,2,80,,0,0,0,5,A01
202000006067,1,32,,0,1,1,1,A01
202000006068,1,30,,0,1,1,1,A01
202000006069,2,32,,0,2,8,2,B01
202000006069,2,10,,0,2,2,12,A01
202000006070,1,7,,0,2,8,22,A01
202000006070,1,80,,0,2,2,1,B01
202000006071,1,60,,0,2,1,19,B01
202000006071,1,30,,0,2,1,16,A01
202000006072,1,30,,0,1,0,1,Z01
202000006073,2,1,,0,0,8,1,A01
202000006074,1,1,,0,2,1,23,B01
202000006074,1,1,,0,2,1,1,A01
202000006075,2,2,,0,2,2,1,A01
202000006075,2,7,,0,2,3,9,B01
202000006076,2,33,,0,2,2,1,B01
202000006076,2,7,,0,2,3,13,A01
202000006077,1,7,,0,2,2,15,A01
202000006077,2,33,,0,2,1,1,B01
202000006078,3,7,,0,1,2,19,A01
202000006079,3,7,,0,2,1,5,A01
202000006079,3,17,,0,2,1,1,B01
202000006080,2,32,,0,2,0,21,A01
202000006081,2,1,,0,9,1,1,B01
202000006081,1,7,,0,9,3,9,A01
202000006082,1,34,,0,2,4,23,B01
202000006082,1,33,,0,2,1,26,A01
202000006083,1,7,,9,0,1,15,A01
202000006084,3,33,,0,2,1,1,A01
202000006084,0,7,,0,2,3,15,B01
202000006085,2,7,,0,2,1,0,BA01
202000006085,1,32,,0,2,2,0,B01
202000006086,1,31,,0,2,1,2,B01
202000006086,1,7,,0,2,3,10,A01
202000006087,1,7,,0,2,3,2,C01
202000006087,1,34,,0,2,1,3,B01
202000006087,1,7,,0,2,5,2,A01
202000006088,1,2,,0,0,0,0,B01
202000006088,1,7,,0,2,0,24,A01
202000006089,3,7,,0,2,2,15,B01
202000006089,3,99,,0,2,1,26,A01
202000006090,1,7,,0,2,5,9,A01
202000006090,2,1,,0,2,4,1,B01
202000006091,2,1,,0,2,1,1,B01
202000006091,1,7,,0,2,5,15,A01
202000006092,0,50,,0,1,8,26,A01
202000006093,1,10,,0,1,3,26,A01
202000006094,2,34,,0,1,1,1,A01
202000006095,1,13,,16,2,3,9,A01
202000006095,3,7,,0,2,7,9,B01
202000006096,2,7,,2,0,1,1,A01
202000006097,3,7,,0,2,3,1,B01
202000006097,3,7,,0,2,1,11,A01
202000006098,1,7,,0,2,2,15,B01
202000006098,2,33,,4,2,1,5,A01
202000006099,0,7,,0,1,7,1,A01
202000006100,2,15,,16,0,2,14,A01
202000006101,1,7,,5,2,3,1,B01
202000006101,2,7,,13,2,8,13,A01
202000006102,2,7,,2,0,1,1,A01
202000006103,2,2,,0,0,0,9,A01
202000006104,2,32,,0,2,3,1,A01
202000006104,1,31,,0,2,3,1,B01
202000006105,1,2,,12,0,1,0,A01
202000006106,1,7,,2,0,0,2,A01
202000006107,1,7,,13,0,8,1,A01
202000006108,2,7,,0,2,1,1,A01
202000006108,1,7,,0,2,1,1,B01
202000006109,2,7,,0,1,2,1,A01
202000006110,2,10,,0,1,2,1,A01
202000006111,2,7,,0,9,4,23,B01
202000006111,2,1,,1,0,1,1,A01
202000006112,0,7,,0,2,2,15,A01
202000006112,0,7,,0,2,1,1,B01
202000006113,3,7,,0,0,4,15,A01
202000006113,3,10,,0,2,1,17,B01
202000006114,1,7,,0,2,1,1,B01
202000006114,2,7,,0,2,1,15,A01
202000006115,1,7,,0,2,1,15,A01
202000006115,2,7,,0,2,2,21,B01
202000006116,2,33,,0,6,1,1,A01
202000006117,1,7,,6,0,1,1,A01
202000006118,1,7,,0,2,1,17,A01
202000006118,2,7,,0,2,1,1,B01
202000006119,1,7,,5,0,1,1,A01
202000006120,1,7,,13,0,2,1,A01
202000006121,1,7,,0,2,8,9,A01
202000006121,1,31,,0,2,1,17,B01
202000006122,1,7,,1,0,2,26,B01
202000006122,1,7,,1,0,1,26,C01
202000006122,1,7,,0,0,4,24,A01
202000006123,2,7,,0,2,3,2,B01
202000006123,2,33,,0,2,2,3,A01
202000006124,1,10,,0,0,6,2,A01
202000006124,1,7,,0,2,3,14,B01
202000006125,2,7,,0,2,3,1,B01
202000006125,2,2,,0,2,0,19,A01
202000006126,3,7,,0,1,2,17,A01
202000006127,1,7,,0,2,7,9,B01
202000006127,1,7,,0,2,1,2,A01
202000006128,2,7,,0,2,8,15,A01
202000006128,2,33,,0,2,1,1,B01
202000006129,1,7,,0,0,4,2,A01
202000006129,1,7,,0,2,9,2,B01
202000006129,1,10,,0,2,1,2,C01
202000006130,2,10,,13,0,0,1,A01
202000006131,1,7,,0,2,8,13,A01
202000006131,2,33,,0,2,3,13,B01
202000006132,1,10,,0,2,3,15,B01
202000006132,1,33,,0,2,7,17,A01
202000006133,2,7,,0,2,6,23,A01
202000006133,1,7,,14,2,1,16,B01
202000006134,2,7,,0,2,3,1,B01
202000006134,1,7,,0,2,2,13,A01
202000006135,3,7,,17,0,1,1,A01
202000006136,2,7,,0,2,1,5,B01
202000006136,1,7,,0,2,1,18,A01
202000006137,2,10,,0,2,6,14,B01
202000006137,1,31,,0,2,8,13,A01
202000006138,0,33,,0,0,0,0,A01
202000006139,1,7,,0,0,3,15,B01
202000006139,1,7,,0,0,1,17,A01
202000006140,0,33,,0,0,0,0,A01
202000006141,2,33,,13,0,1,17,A01
202000006142,3,31,,0,9,3,13,B01
202000006142,3,1,,0,2,2,1,A01
202000006143,2,7,,0,2,1,2,C01
202000006143,2,7,,0,2,4,1,B01
202000006143,2,7,,0,2,4,1,A01
202000006144,1,31,,4,0,3,13,A01
202000006145,2,7,,3,0,1,2,A01
202000006146,2,7,,0,0,6,13,A01
202000006146,2,32,,0,2,2,3,B01
202000006147,3,7,,0,2,3,1,B01
202000006147,3,7,,0,2,5,4,A01
202000006148,2,7,,0,2,4,1,B01
202000006148,2,33,,0,2,1,2,A01
202000006149,2,7,,0,2,1,2,A01
202000006149,2,7,,0,2,4,0,B01
202000006150,2,7,,0,6,1,1,A01
202000006151,2,7,,0,2,1,2,A01
202000006151,2,7,,0,2,4,2,B01
202000006151,2,7,,0,2,4,2,C01
202000006152,1,33,,0,2,3,1,B01
202000006152,1,7,,0,2,5,14,A01
202000006153,2,7,,0,1,2,2,A01
202000006154,2,2,,12,0,1,1,A01
202000006155,1,17,,0,9,6,19,A01
202000006155,1,10,,0,2,3,1,B01
202000006156,3,2,,0,0,8,1,A01
202000006157,1,7,,0,1,3,0,A01
202000006158,2,30,,0,0,7,2,B01
202000006158,2,33,,0,9,1,2,A01
202000006159,1,7,,0,2,3,1,B01
202000006159,1,33,,0,2,1,17,A01
202000006160,1,7,,1,0,2,2,A01
202000006160,1,7,,4,0,2,1,B01
202000006161,1,7,,0,0,4,23,B01
202000006161,1,2,,0,2,1,1,A01
202000006162,2,7,,0,1,2,16,A01
202000006163,3,1,,0,9,0,1,A01
202000006163,3,1,,0,9,6,2,B01
202000006164,2,33,,13,0,3,14,A01
202000006165,2,1,,0,2,2,1,A01
202000006165,1,21,,0,2,1,19,B01
202000006166,1,7,,3,0,9,1,A01
202000006167,2,7,,6,0,2,0,A01
202000006168,1,31,,0,2,1,1,B01
202000006168,2,7,,0,2,3,13,A01
202000006169,2,7,,0,2,6,9,A01
202000006169,2,33,,0,2,1,1,B01
202000006170,3,2,,0,2,1,1,B01
202000006170,3,7,,0,2,3,10,A01
202000006171,1,7,,3,0,2,1,A01
202000006172,2,7,,6,2,1,19,A01
202000006172,1,7,,0,2,2,1,B01
202000006173,1,10,,0,2,4,1,A01
202000006173,1,7,,0,2,1,2,B01
202000006174,1,7,,0,2,1,2,A01
202000006174,1,7,,0,2,4,1,B01
202000006175,1,31,,13,0,1,13,A01
202000006176,1,7,,0,2,3,15,A01
202000006176,1,2,,0,2,1,1,B01
202000006177,1,7,,13,0,2,0,A01
202000006178,3,7,,0,2,3,1,B01
202000006178,3,2,,0,2,3,1,A01
202000006179,2,7,,0,2,3,15,B01
202000006179,2,33,,0,2,1,17,A01
202000006180,2,33,,0,2,3,3,A01
202000006180,2,7,,0,2,6,2,B01
202000006180,2,7,,0,2,7,1,C01
202000006181,2,33,,13,0,1,14,A01
202000006182,1,7,,16,0,9,1,A01
202000006183,3,7,,13,6,6,1,A01