Num_Acc,senc,catv,occutc,obs,obsm,choc,manv,num_veh
202000006184,1,7,,0,2,1,13,A01
202000006184,2,7,,0,2,1,1,B01
202000006185,2,7,,0,2,2,21,A01
202000006185,1,10,,0,2,1,1,B01
202000006186,0,7,,13,0,9,2,A01
202000006187,1,33,,0,2,1,1,B01
202000006187,1,7,,0,2,3,19,A01
202000006188,1,7,,6,0,7,2,A01
202000006189,1,10,,3,0,1,13,A01
202000006190,2,7,,3,0,3,1,A01
202000006191,1,10,,13,0,6,2,B01
202000006191,1,10,,0,2,2,2,A01
202000006192,2,7,,0,2,6,1,B01
202000006192,2,7,,0,2,6,1,D01
202000006192,2,7,,0,2,4,1,C01
202000006192,2,10,,0,2,2,1,A01
202000006193,1,33,,0,2,1,1,B01
202000006193,2,7,,0,2,2,15,A01
202000006194,1,17,,0,0,6,0,B01
202000006194,2,7,,5,0,2,0,A01
202000006195,3,7,,2,0,2,1,A01
202000006196,2,15,,0,2,1,1,A01
202000006196,2,7,,0,2,1,26,B01
202000006197,0,10,,0,0,5,23,B01
202000006197,2,7,,1,0,2,1,A01
202000006198,3,33,,0,0,1,1,A01
202000006199,1,32,,0,2,3,1,B01
202000006199,2,7,,0,2,3,15,A01
202000006200,1,13,,2,0,3,13,A01
202000006201,1,31,,13,0,9,1,A01
202000006202,2,7,,0,1,2,1,A01
202000006203,2,10,,0,2,1,1,B01
202000006203,1,10,,0,2,1,1,A01
202000006204,3,2,,0,2,8,26,A01
202000006204,0,7,,0,2,3,1,B01
202000006205,2,30,,0,0,0,0,A01
202000006206,2,33,,13,0,0,1,A01
202000006207,1,7,,0,2,1,1,B01
202000006207,2,7,,0,2,3,16,A01
202000006208,2,33,,0,0,0,0,A01
202000006209,1,7,,0,1,1,26,A01
202000006210,1,7,,13,0,0,0,A01
202000006211,2,7,,0,2,1,1,B01
202000006211,2,7,,0,2,0,2,A01
202000006212,2,33,,0,2,3,1,B01
202000006212,2,7,,0,2,2,14,A01
202000006213,2,7,,0,2,1,26,A01
202000006213,2,7,,0,2,4,26,B01
202000006214,2,7,,0,2,2,1,A01
202000006214,2,7,,3,2,6,1,B01
202000006215,1,10,,0,1,2,1,A01
202000006216,3,10,,0,2,2,1,B01
202000006216,3,33,,0,2,1,14,A01
202000006217,3,2,,0,2,5,1,B01
202000006217,3,7,,0,2,3,9,A01
202000006218,0,50,,0,2,1,5,A01
202000006218,1,7,,0,9,1,23,B01
202000006219,3,7,,0,2,1,1,A01
202000006219,3,7,,0,2,4,1,B01
202000006220,1,7,,0,2,1,1,A01
202000006220,2,7,,0,2,3,9,B01
202000006221,0,7,,0,2,1,1,Z01
202000006221,0,7,,0,2,8,1,B01
202000006222,2,7,,0,1,0,15,Z01
202000006223,3,33,,0,2,1,17,A01
202000006223,3,7,,0,2,8,15,B01
202000006224,1,32,,0,2,2,2,A01
202000006224,1,7,,0,2,6,23,B01
202000006225,3,40,,0,1,7,1,A01
202000006226,3,7,,15,2,1,1,B01
202000006226,3,7,,0,2,2,15,A01
202000006227,1,10,,0,2,1,1,A01
202000006227,1,17,,0,2,4,23,B01
202000006228,1,7,,0,2,2,1,B01
202000006228,2,7,,0,2,1,9,A01
202000006229,1,37,1.0,0,2,4,2,A01
202000006229,1,10,,0,2,1,2,B01
202000006230,2,30,,0,2,0,9,A01
202000006230,1,7,,0,2,0,1,B01
202000006231,2,7,,0,2,1,15,B01
202000006231,2,7,,0,2,2,13,A01
202000006232,2,10,,16,0,2,14,A01
202000006233,1,7,,0,2,8,10,A01
202000006233,1,37,1.0,0,2,1,1,B01
202000006234,2,7,,9,0,1,21,A01
202000006235,1,7,,0,2,1,1,A01
202000006235,1,7,,0,2,4,1,B01
202000006236,3,10,,0,2,2,15,A01
202000006236,3,2,,0,2,8,1,B01
202000006237,0,50,,0,2,1,19,A01
202000006237,0,7,,0,0,0,0,B01
202000006238,0,1,,0,2,4,1,B01
202000006238,0,7,,0,2,1,2,A01
202000006239,1,7,,0,1,1,1,A01
202000006240,1,7,,0,0,0,1,A01
202000006241,2,7,,0,2,2,1,A01
202000006241,1,7,,0,2,2,23,B01
202000006242,2,7,,0,2,3,19,A01
202000006242,2,33,,0,2,2,1,B01
202000006243,2,30,,0,2,5,17,B01
202000006243,2,7,,0,2,3,11,A01
202000006243,2,7,,0,2,4,23,C01
202000006244,0,7,,0,2,1,1,A01
202000006244,3,7,,0,2,8,1,B01
202000006245,3,7,,0,2,1,2,A01
202000006245,3,1,,0,2,8,19,B01
202000006246,3,7,,0,1,2,15,A01
202000006247,0,40,,0,1,0,26,A01
202000006248,1,7,,0,2,2,1,B01
202000006248,0,1,,0,2,1,5,A01
202000006249,2,7,,13,0,1,1,A01
202000006250,1,7,,0,1,2,1,A01
202000006251,1,13,,0,2,7,1,A01
202000006251,2,7,,0,2,0,1,C01
202000006251,1,7,,0,2,1,0,B01
202000006252,1,33,,0,0,0,1,A01
202000006253,1,7,,0,2,7,1,B01
202000006253,2,7,,0,2,1,1,Z01
202000006254,1,7,,0,1,3,15,A01
202000006255,0,7,,0,2,3,13,A01
202000006255,3,33,,0,2,7,0,B01
202000006256,1,7,,0,2,8,19,A01
202000006256,1,10,,0,2,1,1,B01
202000006257,1,33,,0,2,2,2,A01
202000006257,1,7,,0,2,6,23,B01
202000006258,1,7,,0,2,2,1,B01
202000006258,0,7,,0,2,3,16,A01
202000006259,1,7,,0,2,1,1,C01
202000006259,1,34,,0,2,1,11,A01
202000006259,1,7,,0,2,5,2,B01
202000006260,3,10,,0,1,1,1,Z01
202000006261,1,7,,0,1,2,1,A01
202000006262,3,7,,0,2,2,1,A01
202000006262,3,14,,0,2,8,1,B01
202000006263,3,30,,0,2,5,1,A01
202000006263,3,7,,0,2,0,1,Z01
202000006264,1,7,,0,1,1,1,A01
202000006265,2,1,,0,2,3,1,B01
202000006265,2,1,,0,2,2,1,A01
202000006266,1,7,,0,2,2,2,Z01
202000006266,1,10,,0,2,3,2,B01
202000006266,1,30,,0,2,3,2,A01
202000006267,1,30,,0,2,1,15,A01
202000006267,2,7,,0,2,3,1,B01
202000006267,2,7,,0,2,5,23,C01
202000006268,2,80,,0,1,1,1,A01
202000006269,2,10,,1,1,4,4,A01
202000006270,1,32,,0,0,8,15,A01
202000006271,1,1,,0,0,8,1,A01
202000006272,3,7,,0,2,2,9,A01
202000006272,3,50,,0,2,1,25,B01
202000006273,3,7,,6,2,4,0,B01
202000006273,3,7,,6,2,2,26,A01
202000006274,1,7,,0,2,2,15,A01
202000006274,0,33,,0,2,3,2,B01
202000006275,2,32,,0,1,3,26,A01
202000006275,1,10,,0,1,3,26,B01
202000006276,1,32,,0,2,1,1,A01
202000006276,1,7,,14,0,4,13,B01
202000006277,-1,10,,3,2,1,9,A01
202000006277,-1,34,,12,2,1,9,B01
202000006278,2,7,,0,2,0,0,B01
202000006278,1,7,,0,2,3,1,A01
202000006279,-1,34,,0,2,8,15,B01
202000006279,-1,7,,0,2,1,1,A01
202000006280,3,10,,0,2,4,2,B01
202000006280,3,30,,0,2,1,2,A01
202000006281,1,7,,0,0,8,0,B01
202000006281,1,2,,0,2,8,1,A01
202000006282,0,31,,4,2,0,1,B01
202000006282,0,7,,0,2,0,14,A01
202000006283,2,7,,0,2,6,15,A01
202000006283,0,32,,0,2,1,2,B01
202000006284,-1,7,,16,0,3,1,A01
202000006285,3,13,,5,2,2,21,A01
202000006285,0,7,,0,2,3,21,B01
202000006286,0,33,,0,0,0,0,B01
202000006286,3,7,,0,2,2,16,A01
202000006287,3,37,1.0,0,9,2,16,A01
202000006287,3,1,,0,2,4,1,B01
202000006288,2,36,,0,2,2,15,A01
202000006288,1,7,,0,2,1,1,B01
202000006289,3,99,,6,0,0,0,A01
202000006290,1,1,,0,2,3,1,A01
202000006290,1,7,,0,2,2,15,B01
202000006291,0,2,,0,2,1,13,A01
202000006291,0,7,,0,2,3,14,B01
202000006292,1,7,,9,0,1,0,A01
202000006293,1,7,,0,2,3,1,A01
202000006293,2,7,,0,2,3,1,B01
202000006294,2,7,,0,2,1,1,A01
202000006294,2,17,,0,0,4,1,B01
202000006295,1,7,,0,1,1,16,A01
202000006296,2,1,,0,0,8,1,A01
202000006297,1,1,,0,0,6,2,B01
202000006297,1,10,,0,2,2,2,A01
202000006298,3,7,,0,2,3,14,B01
202000006298,3,7,,0,2,3,13,A01
202000006299,2,33,,0,2,7,1,B01
202000006299,1,7,,0,2,2,15,A01
202000006300,1,7,,0,2,3,1,A01
202000006300,2,2,,0,2,1,1,B01
202000006301,2,2,,0,2,1,1,C01
202000006301,1,7,,0,2,6,15,A01
202000006301,1,7,,0,2,2,2,B01
202000006302,2,7,,13,0,0,1,A01
202000006303,1,33,,13,0,1,14,A01
202000006304,3,2,,0,2,1,1,A01
202000006304,3,7,,0,2,3,1,B01
202000006305,1,7,,0,2,2,15,A01
202000006305,2,31,,0,2,1,17,B01
202000006306,2,7,,0,9,2,13,A01
202000006306,1,7,,0,2,6,1,B01
202000006307,1,7,,8,0,1,13,A01
202000006308,2,7,,0,0,2,1,C01
202000006308,2,7,,0,0,1,1,B01
202000006308,1,7,,0,0,3,1,A01
202000006309,2,60,,0,2,1,1,A01
202000006309,1,7,,0,0,2,1,B01
202000006310,2,7,,0,2,8,1,C01
202000006310,1,7,,0,2,3,13,A01
202000006310,2,7,,0,2,3,1,B01
202000006311,2,7,,0,2,1,1,B01
202000006311,1,33,,0,2,1,13,A01
202000006312,2,2,,0,0,4,9,B01
202000006312,2,7,,0,2,1,1,A01
202000006313,0,1,,0,0,0,1,A01
202000006314,2,7,,16,0,3,21,A01
202000006315,1,7,,0,2,1,2,B01
202000006315,1,7,,0,0,4,2,A01
202000006316,1,7,,0,2,2,1,B01
202000006316,1,7,,0,2,3,9,A01
202000006317,1,17,,6,0,1,13,A01
202000006318,1,7,,0,2,3,1,B01
202000006318,1,7,,0,2,2,19,A01
202000006319,2,2,,0,2,1,1,B01
202000006319,1,7,,0,2,2,17,A01
202000006320,3,7,,0,2,2,1,B01
202000006320,3,31,,0,2,3,15,A01
202000006321,2,7,,0,2,3,0,B01
202000006321,1,7,,0,2,3,0,A01
202000006322,1,7,,0,0,8,9,A01
202000006322,2,7,,0,2,1,1,B01
202000006323,3,7,,2,0,1,0,A01
202000006324,1,7,,2,0,1,0,A01
202000006325,3,7,,15,9,1,0,A01
202000006326,3,80,,0,0,0,1,A01
202000006327,3,7,,0,1,6,20,A01
202000006328,1,7,,8,0,1,13,A01
202000006329,1,15,,0,9,1,1,A01
202000006329,1,1,,0,2,4,15,B01
202000006330,2,33,,0,0,4,2,B01
202000006330,2,33,,0,2,1,26,A01
202000006331,3,17,,0,1,1,1,A01
202000006332,1,7,,0,2,1,1,A01
202000006332,2,7,,0,2,1,1,B01
202000006333,1,14,,0,2,3,1,B01
202000006333,2,7,,0,2,3,13,A01
202000006334,3,33,,0,2,1,2,B01
202000006334,3,20,,0,9,6,1,C01
202000006334,3,7,,0,0,4,2,A01
202000006335,0,7,,0,2,3,26,B01
202000006335,0,7,,0,2,3,26,A01
202000006336,1,33,,0,0,0,1,A01
202000006337,1,7,,2,0,3,1,A01
202000006338,1,7,,4,2,4,17,A01
202000006338,1,7,,0,2,1,17,C01
202000006338,1,7,,4,0,8,1,B01
202000006339,1,7,,0,2,1,1,A01
202000006339,2,7,,0,2,8,1,C01
202000006339,1,7,,0,2,4,1,B01
202000006339,1,10,,0,2,3,23,D01
202000006340,1,10,,0,2,2,0,A01
202000006340,1,17,,0,0,6,0,B01
202000006341,0,7,,0,9,2,23,A01
202000006341,0,80,,0,2,1,1,B01
202000006342,1,7,,2,0,3,1,A01
202000006343,1,7,,0,1,2,1,A01
202000006344,1,1,,0,2,2,1,B01
202000006344,1,7,,0,2,6,9,A01
202000006345,2,33,,0,2,1,1,B01
202000006345,1,7,,0,2,7,15,A01
202000006346,3,7,,0,2,2,1,A01
202000006346,3,7,,0,2,3,9,B01
202000006347,1,31,,0,2,6,1,B01
202000006347,3,7,,0,2,1,1,A01
202000006348,1,7,,13,0,0,26,A01
202000006349,1,32,,0,2,1,0,B01
202000006349,2,32,,0,2,2,13,A01
202000006350,2,7,,0,1,3,13,A01
202000006351,2,7,,6,2,1,1,A01
202000006351,2,7,,0,2,2,1,B01
202000006352,0,7,,0,1,2,1,A01
202000006353,3,3,,16,0,9,1,A01
202000006354,1,33,,0,2,8,1,B01
202000006354,2,7,,0,2,1,9,A01
202000006355,2,1,,0,2,3,16,A01
202000006355,1,7,,0,2,3,1,B01
202000006356,1,30,,0,2,1,1,A01
202000006356,1,7,,0,2,4,20,B01
202000006357,1,1,,0,2,2,1,B01
202000006357,1,7,,0,2,3,9,A01
202000006358,1,7,,0,2,4,23,A01
202000006358,1,10,,0,2,1,2,B01
202000006359,2,7,,0,2,0,0,B01
202000006359,2,14,,3,2,9,0,A01
202000006360,1,7,,13,0,1,0,A01
202000006361,1,7,,0,2,1,1,C01
202000006361,1,7,,0,2,1,1,B01
202000006361,2,7,,0,2,1,21,A01
202000006362,3,7,,0,2,8,19,A01
202000006362,1,7,,0,2,2,0,B01
202000006363,-1,7,,0,1,3,15,A01
202000006364,0,2,,0,2,8,1,B01
202000006364,0,10,,0,2,3,15,A01
202000006365,1,7,,0,2,1,15,B01
202000006365,2,7,,0,2,3,26,A01
202000006366,3,1,,0,0,8,1,A01
202000006367,1,1,,0,0,0,0,A01
202000006368,0,7,,0,1,3,1,A01
202000006369,2,7,,0,2,1,15,A01
202000006369,1,7,,0,2,1,1,B01
202000006370,3,7,,0,2,2,5,A01
202000006370,3,7,,0,2,2,1,B01
202000006371,1,7,,0,2,4,23,B01
202000006371,1,7,,14,0,1,1,A01
202000006372,1,10,,0,1,1,1,A01
202000006373,3,20,,0,1,0,1,A01
202000006374,1,7,,0,2,2,1,B01
202000006374,0,10,,0,2,3,15,A01
202000006375,1,99,,13,0,1,26,A01
202000006376,1,1,,0,2,1,1,B01
202000006376,1,7,,0,2,4,1,A01
202000006377,2,7,,0,2,4,23,B01
202000006377,2,30,,0,2,1,1,A01
202000006378,2,34,,0,2,1,17,B01
202000006378,2,7,,0,2,8,10,A01
202000006379,2,30,,0,9,0,1,A01
202000006380,1,30,,0,2,8,1,B01
202000006380,2,33,,0,2,1,13,A01
202000006381,1,30,,0,2,1,1,B01
202000006381,1,7,,0,2,3,10,A01
202000006382,2,30,,0,2,1,1,A01
202000006382,2,7,,0,2,4,23,B01
202000006383,2,7,,0,1,1,1,A01
202000006384,1,7,,0,2,1,1,B01
202000006384,1,30,,0,2,4,16,A01
202000006385,3,30,,0,2,7,1,B01
202000006385,3,30,,0,2,1,1,A01
202000006386,1,7,,0,1,2,1,A01
202000006387,2,30,,0,2,1,16,A01
202000006387,2,7,,0,2,7,15,B01
202000006388,1,30,,0,2,1,3,A01
202000006388,1,7,,0,2,6,9,B01
202000006389,1,30,,0,2,4,13,B01
202000006389,1,34,,0,2,1,1,A01
202000006390,1,30,,0,1,0,1,A01
202000006391,1,30,,0,1,1,3,A01
202000006392,1,7,,0,2,1,1,B01
202000006392,1,30,,0,2,1,17,A01
202000006392,2,7,,0,2,4,1,C01
202000006393,2,30,,0,0,0,21,A01
202000006394,3,30,,15,0,0,1,A01
202000006395,3,50,,0,2,1,9,B01
202000006395,1,7,,0,9,3,0,A01
202000006396,1,2,,0,2,1,1,B01
202000006396,1,7,,0,2,3,9,A01
202000006397,3,7,,9,0,1,26,A01
202000006398,3,7,,0,2,8,1,A01
202000006398,3,7,,0,2,1,1,B01
202000006399,1,33,,0,2,1,13,A01
202000006399,2,37,1.0,0,2,3,1,B01
202000006400,1,32,,0,2,1,1,B01
202000006400,2,7,,0,2,3,10,A01
202000006401,1,30,,0,2,1,1,B01
202000006401,1,30,,0,2,8,10,A01
202000006402,2,1,,0,2,1,3,B01
202000006402,1,33,,0,2,1,3,A01
202000006403,1,7,,0,2,3,9,B01
202000006403,2,30,,0,2,1,1,A01
202000006404,1,30,,0,1,1,1,A01
202000006405,2,7,,0,2,8,10,A01
202000006405,2,30,,0,2,1,1,B01
202000006406,3,7,,0,1,3,1,A01
202000006407,1,7,,0,1,4,23,B01
202000006407,1,7,,1,2,1,1,A01
202000006408,3,7,,0,1,1,26,A01
202000006409,2,30,,0,2,4,1,B01
202000006409,0,30,,0,2,1,1,A01
202000006410,0,1,,1,0,7,19,B01
202000006410,1,7,,1,0,1,1,A01
202000006411,3,33,,4,0,1,26,A01
202000006412,2,7,,0,1,7,1,A01
202000006413,2,7,,0,2,1,1,A01
202000006413,2,7,,0,2,4,1,B01
202000006414,1,3,,0,2,5,15,A01
202000006414,1,7,,0,2,1,26,B01
202000006415,3,7,,0,1,4,4,A01
202000006416,3,7,,0,0,5,16,A01
202000006416,3,1,,0,2,8,1,B01
202000006417,3,7,,3,1,1,0,A01
202000006418,0,7,,0,1,1,1,A01
202000006419,1,7,,0,2,1,21,A01
202000006419,2,7,,0,2,1,1,B01
202000006420,1,7,,0,2,6,26,A01
202000006420,1,7,,1,0,2,21,B01
202000006421,3,1,,0,2,8,19,B01
202000006421,3,10,,0,2,1,1,A01
202000006422,2,30,,0,2,1,17,B01
202000006422,2,7,,0,2,8,15,A01
202000006423,2,7,,0,2,2,15,A01
202000006423,2,33,,0,2,1,1,B01
202000006424,1,30,,0,2,1,1,B01
202000006424,1,7,,0,2,8,15,A01
202000006425,1,30,,0,2,1,15,A01
202000006425,1,7,,0,2,8,1,B01
202000006426,1,30,,0,1,1,13,A01
202000006427,2,7,,0,2,8,17,B01
202000006427,2,30,,0,2,1,1,A01
202000006428,1,32,,0,2,1,1,A01
202000006428,1,1,,0,2,8,19,B01
202000006429,3,1,,0,0,0,0,B01
202000006429,3,1,,0,0,1,2,A01
202000006430,3,32,,0,1,1,1,A01
202000006431,2,7,,0,0,0,0,A01
202000006432,1,7,,0,1,1,1,A01
202000006433,2,7,,0,1,7,1,A01
202000006434,2,7,,0,0,0,1,A01
202000006435,2,1,,0,2,4,1,B01
202000006435,2,7,,0,9,1,15,A01
202000006436,3,10,,0,1,5,16,A01
202000006437,1,7,,0,2,3,15,B01
202000006437,2,33,,0,2,3,19,A01
202000006438,1,7,,0,2,2,13,A01
202000006438,2,7,,0,0,3,1,B01
202000006439,1,7,,0,2,1,1,B01
202000006439,1,7,,0,2,3,19,A01
202000006440,0,33,,0,0,6,15,A01
202000006440,0,33,,0,2,1,15,B01
202000006441,1,99,,0,1,1,1,A01
202000006442,2,30,,0,2,1,17,A01
202000006442,2,7,,0,2,8,1,B01
202000006443,1,2,,5,9,6,13,A01
202000006444,3,43,,14,1,1,17,A01
202000006445,2,32,,14,0,1,1,A01
202000006446,2,32,,0,2,1,1,A01
202000006446,1,2,,0,2,1,1,B01
202000006447,2,30,,16,0,1,1,A01
202000006448,3,7,,1,0,1,18,A01
202000006449,1,7,,0,1,2,21,A01
202000006450,3,7,,0,2,5,15,A01
202000006450,3,34,,0,2,1,1,B01
202000006451,0,7,,14,0,1,1,Z01
202000006452,1,7,,5,0,6,1,A01
202000006453,1,7,,0,2,1,1,B01
202000006453,2,7,,0,2,1,13,A01
202000006454,1,17,,0,2,1,2,C01
202000006454,1,7,,0,2,4,23,B01
202000006454,1,7,,0,2,4,23,A01
202000006454,1,7,,0,2,4,23,D01
202000006455,0,7,,0,2,1,5,Z01
202000006455,0,7,,0,2,8,1,B01
202000006456,2,7,,0,1,4,20,A01
202000006457,1,30,,0,0,0,1,A01
202000006458,2,7,,1,1,1,13,A01
202000006459,2,7,,0,1,2,1,A01
202000006460,1,7,,0,1,1,20,A01
202000006461,2,30,,0,2,1,17,A01
202000006461,2,7,,0,2,3,15,B01
202000006462,2,34,,0,0,0,1,A01
202000006463,2,32,,0,2,0,1,B01
202000006463,1,32,,0,2,0,13,A01
202000006464,0,7,,0,1,1,1,A01
202000006465,0,2,,0,2,4,15,B01
202000006465,0,7,,0,2,2,1,A01
202000006466,0,7,,0,2,3,9,B01
202000006466,0,7,,0,2,2,1,A01
202000006467,0,7,,0,2,6,1,B01
202000006467,0,7,,0,2,2,9,A01
202000006468,3,31,,0,2,1,1,B01
202000006468,3,13,,0,2,3,15,A01
202000006469,3,7,,0,1,3,15,B01
202000006470,3,7,,0,1,1,18,A01
202000006471,3,7,,0,1,0,26,A01
202000006472,3,80,,0,0,0,0,A01
202000006473,2,7,,0,1,7,13,A01
202000006474,3,2,,0,2,1,0,A01
202000006474,3,2,,0,2,1,0,B01
202000006475,3,7,,0,1,1,1,A01
202000006476,1,7,,0,2,4,1,B01
202000006476,1,31,,0,2,1,1,A01
202000006477,3,33,,0,2,7,1,B01
202000006477,3,7,,0,2,7,10,A01
202000006478,2,7,,0,1,3,1,A01
202000006479,3,7,,12,0,1,14,A01
202000006480,2,7,,0,1,2,26,Z01
202000006481,1,7,,0,1,1,16,A01
202000006482,1,7,,0,2,0,0,B01
202000006482,1,2,,0,2,8,19,A01
202000006483,1,7,,0,9,3,13,A01
202000006483,2,80,,0,2,1,1,B01
202000006484,2,2,,13,0,2,1,A01
202000006485,2,7,,0,2,1,1,A01
202000006485,2,7,,0,2,4,2,B01
202000006486,1,60,,0,2,8,19,Y01
202000006486,1,7,,0,2,2,1,A01
202000006487,2,2,,1,2,1,1,A01
202000006487,1,7,,0,2,1,13,Z01
202000006488,2,7,,0,1,4,4,A01
202000006489,2,7,,0,1,1,1,A01
202000006490,0,32,,0,2,1,3,B01
202000006490,3,7,,0,0,0,0,A01
202000006491,0,7,,0,2,1,1,B01
202000006491,0,7,,0,2,4,4,A01
202000006492,0,41,,0,2,1,1,B01
202000006492,0,7,,0,2,3,9,A01
202000006493,3,7,,0,2,1,1,B01
202000006493,1,7,,0,2,3,1,A01
202000006494,1,1,,0,2,0,2,B01
202000006494,1,10,,0,9,0,17,A01
202000006495,3,7,,0,2,1,1,B01
202000006495,3,7,,0,2,1,1,A01
202000006496,0,30,,8,0,1,16,A01
202000006497,1,7,,0,2,1,12,A01
202000006497,1,7,,0,2,4,1,B01
202000006498,2,7,,0,2,2,15,A01
202000006498,1,2,,0,2,1,21,B01
202000006499,1,1,,0,2,8,13,B01
202000006499,1,7,,0,2,2,17,A01
202000006500,1,7,,0,2,2,19,A01
202000006500,3,34,,0,0,0,0,B01
202000006501,2,37,1.0,0,1,0,16,A01
202000006502,1,33,,0,2,1,17,A01
202000006502,1,7,,0,2,6,13,B01
202000006503,2,7,,0,1,3,15,A01
202000006504,1,33,,12,0,8,1,A01
202000006505,2,7,,0,2,1,13,A01
202000006505,1,7,,0,2,1,1,B01
202000006506,0,7,,0,1,6,26,B01
202000006506,2,7,,1,0,2,2,A01
202000006507,0,7,,0,2,1,1,B01
202000006507,3,7,,0,2,1,13,A01
202000006508,2,7,,0,2,3,1,B01
202000006508,2,7,,0,2,3,26,A01
202000006509,1,7,,11,2,1,1,A01
202000006509,2,7,,0,2,1,1,B01
202000006510,0,1,,0,0,0,0,A01
202000006511,1,7,,0,2,1,1,A01
202000006511,2,7,,0,2,1,1,B01
202000006512,1,15,,0,0,4,23,A01
202000006512,1,14,,0,2,1,2,B01
202000006513,3,7,,0,0,9,1,A01
202000006514,2,7,,0,2,7,15,A01
202000006514,1,7,,0,2,3,1,B01
202000006515,1,36,,0,2,5,19,A01
202000006515,2,7,,0,2,2,1,B01
202000006516,3,7,,0,1,7,9,A01
202000006517,2,35,,0,2,4,1,B01
202000006517,2,30,,0,2,1,1,A01
202000006518,1,7,,0,2,6,13,A01
202000006518,1,33,,0,2,2,1,B01
202000006519,2,7,,0,2,7,1,A01
202000006519,2,30,,0,2,1,1,B01
202000006520,3,7,,0,1,2,1,A01
202000006521,3,7,,0,2,7,13,A01
202000006521,3,7,,0,2,8,26,B01
202000006522,2,7,,0,1,1,16,A01
202000006523,1,7,,6,0,1,1,A01
202000006524,1,7,,0,1,2,26,A01
202000006525,3,7,,1,1,3,9,A01
202000006526,2,1,,0,2,0,16,A01
202000006526,2,0,,0,2,7,16,B01
202000006527,1,32,,0,2,2,17,A01
202000006527,1,7,,0,2,3,15,B01
202000006528,1,7,,0,2,0,9,B01
202000006528,1,30,,0,2,0,1,A01
202000006529,1,30,,0,2,8,23,A01
202000006529,1,7,,0,2,0,2,Z01
202000006530,1,7,,1,0,2,14,A01
202000006531,3,7,,0,1,1,2,A01
202000006532,3,37,1.0,0,1,7,16,A01
202000006533,2,7,,0,2,3,15,B01
202000006533,2,30,,0,2,7,26,A01
202000006534,2,7,,0,0,2,0,C01
202000006534,2,14,,0,2,6,1,B01
202000006534,2,7,,0,2,1,11,A01
202000006535,1,7,,0,2,3,1,B01
202000006535,2,7,,0,2,3,13,A01
202000006536,1,1,,0,2,7,1,B01
202000006536,1,7,,0,9,2,16,A01
202000006537,3,7,,9,0,0,21,A01
202000006538,1,7,,0,2,1,1,B01
202000006538,2,7,,0,2,1,15,A01
202000006539,3,7,,0,1,0,0,A01
202000006540,1,7,,2,0,1,1,A01
202000006541,1,7,,3,0,6,1,B01
202000006541,1,7,,0,2,2,12,A01
202000006542,2,7,,15,1,3,15,A01
202000006543,2,7,,0,2,8,11,A01
202000006543,2,33,,0,2,7,3,B01
202000006544,1,33,,0,2,3,3,A01
202000006544,1,10,,0,2,3,1,C01
202000006544,1,7,,0,2,5,12,B01
202000006545,1,30,,5,0,1,12,A01
202000006546,1,32,,0,1,1,1,A01
202000006547,1,30,,0,2,2,1,A01
202000006547,2,1,,0,2,3,16,Z01
202000006548,1,13,,0,2,6,13,Z01
202000006548,1,30,,0,2,2,17,A01
202000006549,1,30,,0,0,0,1,A01
202000006550,2,10,,0,2,1,2,Z01
202000006550,2,50,,0,2,4,2,A01
202000006551,1,1,,0,2,4,23,B01
202000006551,1,14,,0,2,1,15,A01
202000006552,1,30,,0,1,7,1,A01
202000006553,1,1,,0,1,1,1,A01
202000006554,2,7,,0,2,2,1,B01
202000006554,2,33,,14,2,5,17,A01
202000006555,2,33,,0,2,4,23,B01
202000006555,2,10,,0,2,3,2,A01
202000006556,1,43,,0,2,4,23,B01
202000006556,1,31,,0,2,1,2,A01
202000006557,2,10,,0,1,5,4,A01
202000006558,1,7,,0,2,3,1,A01
202000006558,2,1,,0,2,1,1,B01
202000006559,3,2,,0,2,1,14,A01
202000006560,1,10,,0,2,1,2,A01
202000006560,1,7,,0,2,4,23,B01
202000006561,3,50,,14,0,1,26,A01
202000006562,2,7,,0,1,1,0,A01
202000006563,1,7,,0,2,4,2,B01
202000006563,1,7,,0,2,1,2,A01
202000006564,3,0,,0,2,0,0,B01
202000006564,3,37,1.0,0,2,8,1,A01
202000006565,1,7,,0,1,1,2,A01
202000006566,1,1,,0,2,1,10,B01
202000006566,3,7,,0,2,1,1,A01
202000006567,1,1,,0,2,6,0,B01
202000006567,2,10,,0,2,2,16,A01
202000006568,1,2,,0,2,2,1,AB01
202000006568,1,10,,0,2,4,1,SA01
202000006569,1,7,,0,1,3,16,A01
202000006570,0,7,,0,1,3,15,A01
202000006571,1,7,,0,2,0,0,B01
202000006571,1,7,,0,2,0,0,A01
202000006572,3,32,,0,2,1,1,A01
202000006572,3,7,,0,2,4,1,B01
202000006573,2,7,,0,1,3,1,A01
202000006574,1,7,,0,1,2,19,A01
202000006575,2,7,,0,2,2,16,A01
202000006575,2,43,,0,0,4,16,B01
202000006576,1,7,,0,2,3,13,A01
202000006576,2,10,,0,2,3,1,B01
202000006577,1,7,,0,0,3,1,B01
202000006577,2,7,,0,2,1,23,C01
202000006577,2,7,,8,2,1,19,A01
202000006577,1,7,,0,0,1,23,D01
202000006578,2,7,,0,2,1,1,A01