Num_Acc,senc,catv,occutc,obs,obsm,choc,manv,num_veh
202000006578,1,7,,0,2,1,1,B01
202000006579,3,10,,0,1,4,4,A01
202000006580,2,7,,13,0,1,1,A01
202000006581,1,2,,0,2,1,1,B01
202000006581,3,35,,0,2,3,9,A01
202000006582,1,7,,0,2,1,2,B01
202000006582,2,7,,0,2,3,15,A01
202000006583,1,7,,15,2,1,1,B01
202000006583,1,7,,0,0,3,9,A01
202000006584,1,21,,0,0,2,2,A01
202000006584,1,7,,0,0,1,2,B01
202000006585,1,7,,13,0,1,0,A01
202000006586,2,7,,2,0,7,1,A01
202000006587,2,10,,0,1,1,2,A01
202000006588,2,38,1.0,6,0,3,13,A01
202000006589,1,7,,8,0,9,0,A01
202000006590,3,10,,0,2,7,15,A01
202000006590,3,2,,0,2,1,1,B01
202000006591,2,2,,0,0,1,5,B01
202000006591,1,7,,0,0,1,1,A01
202000006592,1,7,,0,1,1,1,A01
202000006593,2,38,34.0,0,2,8,1,B01
202000006593,1,99,,0,2,8,1,A01
202000006594,1,17,,0,2,3,1,B01
202000006594,2,7,,0,2,1,13,A01
202000006595,3,7,,0,2,6,1,A01
202000006595,1,7,,0,2,3,1,B01
202000006596,1,7,,4,0,3,21,A01
202000006597,1,1,,0,2,1,18,B01
202000006597,1,3,,0,0,5,15,A01
202000006598,3,7,,0,2,1,26,A01
202000006598,3,1,,0,2,1,13,B01
202000006599,3,15,,0,2,1,2,A01
202000006599,3,15,,0,0,4,2,B01
202000006600,2,31,,0,2,7,1,A01
202000006600,1,7,,0,2,5,15,B01
202000006601,3,33,,0,0,6,23,B01
202000006601,3,20,,0,2,2,15,A01
202000006602,2,7,,0,0,3,13,A01
202000006602,1,10,,2,0,3,1,B01
202000006603,1,7,,0,1,2,1,A01
202000006604,3,7,,13,0,2,1,A01
202000006605,2,10,,0,2,1,1,C01
202000006605,2,17,,0,2,4,1,B01
202000006605,2,17,,0,2,4,1,A01
202000006606,2,7,,4,0,1,2,A01
202000006607,2,7,,0,2,4,23,B01
202000006607,2,7,,1,0,1,1,A01
202000006608,1,7,,4,0,1,1,A01
202000006609,1,7,,0,2,4,2,B01
202000006609,1,7,,0,2,1,2,A01
202000006610,2,7,,0,2,4,1,B01
202000006610,2,14,,0,2,2,1,A01
202000006611,1,7,,0,2,4,1,B01
202000006611,1,7,,0,2,4,1,A01
202000006611,1,7,,0,2,1,2,C01
202000006612,2,7,,0,2,3,13,A01
202000006612,2,7,,0,2,7,1,B01
202000006613,2,7,,0,2,0,12,B01
202000006613,2,33,,0,2,5,3,A01
202000006614,2,7,,0,1,1,1,A01
202000006615,2,2,,0,2,1,19,A01
202000006615,1,7,,0,2,7,15,B01
202000006616,2,7,,0,1,0,9,A01
202000006617,1,2,,0,2,1,1,B01
202000006617,1,7,,0,2,4,16,A01
202000006618,1,31,,0,0,0,26,A01
202000006619,2,7,,0,1,1,16,A01
202000006620,1,7,,0,1,0,1,Z01
202000006621,1,7,,0,1,1,26,A01
202000006622,1,2,,0,2,9,15,B01
202000006622,2,7,,0,2,3,0,A01
202000006623,3,10,,8,2,1,7,A01
202000006623,3,7,,8,2,7,7,B01
202000006624,2,50,,14,0,0,1,A01
202000006625,1,30,,0,1,3,14,Z01
202000006626,1,7,,0,1,3,1,A01
202000006627,1,7,,0,1,0,0,A01
202000006628,1,7,,4,0,3,13,A01
202000006629,0,7,,0,1,1,1,A01
202000006630,1,33,,0,2,1,1,A01
202000006630,1,10,,0,2,4,23,B01
202000006631,1,7,,0,1,7,1,A01
202000006632,2,7,,0,2,2,15,A01
202000006632,1,33,,0,2,1,1,B01
202000006633,3,7,,0,1,1,26,A01
202000006634,1,1,,0,2,7,1,B01
202000006634,1,7,,0,2,1,9,A01
202000006635,1,7,,0,1,8,1,A01
202000006636,3,7,,0,2,1,2,A01
202000006636,3,7,,0,2,4,2,B01
202000006637,2,7,,0,1,6,26,A01
202000006638,3,2,,0,2,8,1,B01
202000006638,3,7,,0,2,2,15,A01
202000006639,3,10,,9,0,1,1,A01
202000006640,3,7,,0,2,7,15,B01
202000006640,3,7,,0,2,1,1,A01
202000006641,3,7,,0,1,4,20,A01
202000006642,1,7,,0,2,7,1,A01
202000006642,1,7,,0,2,2,0,B01
202000006643,1,7,,0,2,6,1,A01
202000006643,2,2,,0,2,1,1,B01
202000006644,3,33,,0,2,4,16,B01
202000006644,3,7,,0,2,1,1,A01
202000006645,2,32,,0,0,7,1,A01
202000006646,1,1,,0,2,0,1,B01
202000006646,2,7,,0,2,1,16,A01
202000006647,1,7,,2,0,8,1,A01
202000006648,1,1,,0,2,1,1,A01
202000006648,1,13,,0,2,2,16,B01
202000006649,2,1,,0,2,3,1,A01
202000006649,1,7,,0,0,0,0,Z01
202000006650,1,31,,14,0,0,1,A01
202000006651,1,7,,0,2,2,19,A01
202000006651,1,31,,0,2,1,1,B01
202000006652,1,7,,0,1,2,1,A01
202000006653,2,10,,0,9,0,1,B01
202000006653,2,30,,0,2,1,19,A01
202000006654,1,7,,0,2,3,10,A01
202000006654,3,1,,0,2,1,1,B01
202000006655,1,2,,0,2,1,1,B01
202000006655,1,7,,0,2,6,9,A01
202000006656,2,7,,0,2,2,9,A01
202000006656,2,7,,0,2,8,1,B01
202000006657,0,7,,0,0,5,0,B01
202000006657,0,33,,0,2,1,2,A01
202000006658,0,10,,0,2,1,15,A01
202000006658,0,10,,0,2,7,1,B01
202000006659,1,10,,0,2,5,1,C01
202000006659,1,14,,0,2,3,14,A01
202000006659,1,33,,0,2,1,1,B01
202000006660,2,7,,0,9,1,1,B01
202000006660,1,10,,0,0,0,0,A01
202000006661,3,32,,0,9,3,26,A01
202000006661,3,99,,0,2,1,19,B01
202000006662,1,33,,0,2,1,3,A01
202000006662,1,7,,0,2,6,12,B01
202000006663,2,33,,0,2,1,11,A01
202000006663,2,10,,0,2,6,1,B01
202000006664,1,33,,0,2,7,12,B01
202000006664,1,32,,0,2,8,18,A01
202000006665,1,33,,0,2,2,3,B01
202000006665,1,7,,0,2,6,11,A01
202000006666,2,1,,0,2,1,18,B01
202000006666,1,10,,0,2,7,22,A01
202000006667,2,7,,0,2,7,16,A01
202000006667,2,1,,0,2,1,1,B01
202000006668,1,7,,0,2,5,14,B01
202000006668,1,33,,12,2,1,2,A01
202000006669,2,14,,0,2,7,1,B01
202000006669,2,30,,8,2,8,18,A01
202000006670,1,30,,0,2,1,1,A01
202000006670,2,30,,0,2,0,5,Z01
202000006671,2,7,,0,2,3,13,A01
202000006671,2,1,,0,2,0,1,B01
202000006672,1,7,,0,2,3,15,B01
202000006672,1,32,,0,2,1,17,A01
202000006673,2,7,,0,2,3,22,B01
202000006673,2,1,,0,2,7,1,A01
202000006674,1,1,,0,1,1,1,A01
202000006675,3,50,,0,2,4,26,B01
202000006675,1,33,,0,2,1,21,A01
202000006676,3,7,,0,1,4,4,A01
202000006677,1,7,,0,2,1,15,A01
202000006677,2,33,,0,2,8,1,B01
202000006678,0,2,,0,2,7,1,B01
202000006678,0,10,,0,2,1,1,A01
202000006679,-1,7,,0,1,2,9,A01
202000006680,3,7,,0,1,2,2,A01
202000006681,2,7,,0,2,7,1,B01
202000006681,2,7,,0,2,1,1,A01
202000006682,2,33,,0,2,1,5,A01
202000006682,1,10,,0,2,1,2,B01
202000006683,1,34,,0,2,0,21,A01
202000006683,1,10,,0,0,0,9,B01
202000006684,3,7,,0,2,4,23,B01
202000006684,3,7,,0,2,1,1,A01
202000006685,1,7,,0,2,6,15,B01
202000006685,1,31,,0,2,1,17,A01
202000006686,2,7,,6,2,2,17,A01
202000006686,1,13,,0,2,6,1,B01
202000006687,1,7,,3,0,4,1,A01
202000006687,2,10,,0,2,1,1,B01
202000006688,3,7,,13,0,3,14,A01
202000006689,2,7,,0,2,1,2,A01
202000006689,2,7,,0,2,4,2,B01
202000006690,0,1,,0,0,0,0,A01
202000006691,1,10,,0,2,7,1,A01
202000006691,1,1,,0,2,1,9,B01
202000006692,1,7,,2,0,8,1,A01
202000006693,1,7,,0,2,3,13,A01
202000006693,2,7,,0,2,8,21,B01
202000006694,2,7,,0,2,1,1,B01
202000006694,1,7,,0,2,3,15,A01
202000006695,2,7,,0,2,1,1,B01
202000006695,1,7,,0,2,7,1,A01
202000006696,1,10,,0,2,3,1,A01
202000006696,2,7,,0,2,1,13,B01
202000006697,2,33,,0,0,4,1,A01
202000006698,1,7,,0,2,2,1,B01
202000006698,1,7,,0,2,3,9,A01
202000006699,1,7,,2,0,8,1,A01
202000006700,1,7,,0,2,1,17,A01
202000006700,1,7,,0,2,6,15,B01
202000006701,2,7,,15,0,2,13,A01
202000006702,2,7,,0,2,3,1,B01
202000006702,1,7,,0,2,3,13,A01
202000006703,1,7,,13,0,1,1,A01
202000006704,1,2,,12,0,2,1,A01
202000006705,1,13,,6,0,1,1,A01
202000006706,3,1,,0,1,1,2,A01
202000006707,1,7,,2,0,1,1,A01
202000006708,2,7,,0,2,1,16,A01
202000006708,1,1,,0,2,4,1,B01
202000006709,1,15,,0,1,4,4,A01
202000006710,2,7,,2,0,3,13,A01
202000006711,2,32,,0,2,2,17,B01
202000006711,2,7,,0,2,8,10,A01
202000006712,3,10,,0,2,1,2,B01
202000006712,3,20,,0,0,4,1,A01
202000006713,0,7,,0,0,2,1,B01
202000006713,0,1,,0,2,1,9,A01
202000006714,1,10,,0,2,1,15,B01
202000006714,2,31,,0,2,1,1,A01
202000006715,2,7,,0,1,2,14,A01
202000006716,2,7,,0,0,4,2,A01
202000006716,2,33,,0,2,1,0,B01
202000006717,0,1,,0,0,0,1,A01
202000006718,1,7,,0,2,1,15,A01
202000006718,2,2,,0,2,3,1,B01
202000006719,0,7,,15,0,1,0,A01
202000006720,3,7,,0,2,4,1,C01
202000006720,3,7,,0,2,4,1,B01
202000006720,3,7,,0,2,1,1,A01
202000006721,2,2,,0,2,1,1,B01
202000006721,2,10,,0,2,3,15,A01
202000006722,3,7,,0,1,1,19,A01
202000006723,1,7,,0,1,1,1,A01
202000006724,1,30,,0,2,1,0,B01
202000006724,1,30,,0,2,8,15,A01
202000006725,1,30,,0,2,3,1,A01
202000006725,2,10,,0,2,2,1,B01
202000006726,1,7,,0,1,2,2,A01
202000006727,2,7,,0,1,8,15,A01
202000006728,1,7,,0,1,1,1,A01
202000006729,1,7,,0,2,8,13,A01
202000006729,1,7,,0,2,7,1,B01
202000006730,1,7,,0,2,7,9,B01
202000006730,1,7,,0,2,1,9,A01
202000006730,1,7,,0,2,3,1,C01
202000006731,1,20,,0,1,3,15,A01
202000006732,1,2,,0,2,8,1,A01
202000006732,1,7,,0,2,3,1,B01
202000006733,1,31,,0,2,0,0,B01
202000006733,1,7,,0,2,1,19,A01
202000006734,3,13,,0,1,3,15,A01
202000006735,1,10,,0,1,3,1,A01
202000006736,3,7,,2,0,1,14,A01
202000006737,2,7,,0,0,7,1,A01
202000006737,1,7,,0,0,1,23,C01
202000006737,3,7,,0,0,1,1,B01
202000006738,1,30,,6,0,1,0,A01
202000006739,2,30,,0,2,1,1,B01
202000006739,1,7,,0,2,2,15,A01
202000006740,2,31,,9,0,1,13,A01
202000006741,1,7,,0,2,2,1,A01
202000006741,3,1,,0,2,2,15,B01
202000006742,1,7,,0,9,0,0,B01
202000006742,1,1,,0,2,3,15,A01
202000006743,0,7,,1,0,2,1,A01
202000006744,3,2,,0,0,4,26,A01
202000006745,3,2,,0,2,8,16,A01
202000006745,3,2,,0,2,2,1,B01
202000006746,3,7,,0,2,2,15,A01
202000006746,3,32,,0,2,1,7,B01
202000006747,3,7,,0,0,3,9,A01
202000006748,1,10,,0,2,0,26,CA01
202000006748,1,2,,0,2,0,0,B01
202000006749,1,7,,8,0,9,14,A01
202000006750,2,7,,15,0,2,1,A01
202000006751,3,50,,0,0,0,1,A01
202000006752,0,7,,0,2,5,15,A01
202000006752,0,32,,0,2,1,1,B01
202000006753,1,7,,0,1,3,1,A01
202000006754,1,40,,0,2,2,1,B01
202000006754,1,7,,0,4,3,19,A01
202000006755,1,7,,8,0,1,1,A01
202000006756,1,7,,0,2,8,14,Z01
202000006756,1,30,,0,2,7,1,A01
202000006757,1,7,,0,1,7,1,A01
202000006758,2,7,,0,2,2,15,A01
202000006758,1,30,,0,2,1,1,B01
202000006759,2,7,,0,2,1,1,A01
202000006759,1,7,,0,2,8,1,B01
202000006760,1,1,,0,2,3,15,B01
202000006760,1,7,,0,2,2,17,A01
202000006761,3,1,,0,2,3,1,A01
202000006761,2,7,,0,2,3,1,B01
202000006762,2,34,,0,2,7,17,B01
202000006762,2,7,,0,2,3,13,A01
202000006763,1,34,,1,0,1,1,A01
202000006764,1,7,,0,2,1,1,Z01
202000006764,2,7,,0,0,4,23,A01
202000006765,1,3,,12,0,4,0,B01
202000006765,1,3,,0,2,1,23,A01
202000006766,1,34,,1,2,1,1,A01
202000006767,0,7,,2,0,9,13,A01
202000006768,1,7,,0,2,6,1,B01
202000006768,2,7,,0,2,3,6,A01
202000006769,1,7,,0,0,2,19,A01
202000006769,2,2,,0,2,1,1,B01
202000006770,1,7,,0,2,4,2,E01
202000006770,1,7,,0,2,4,2,D01
202000006770,1,7,,0,2,4,2,C01
202000006770,1,10,,0,2,4,2,B01
202000006770,1,7,,0,2,1,2,A01
202000006771,1,33,,0,2,1,1,B01
202000006771,2,7,,0,2,6,19,A01
202000006772,2,33,,0,2,1,26,C01
202000006772,2,33,,0,2,1,26,B01
202000006772,2,33,,0,2,4,16,A01
202000006773,2,7,,0,2,8,15,B01
202000006773,2,33,,0,2,1,17,A01
202000006774,3,7,,0,1,2,1,A01
202000006775,2,7,,2,0,1,1,A01
202000006776,0,35,,2,0,2,0,A01
202000006777,1,33,,13,0,1,15,A01
202000006778,2,7,,13,0,1,0,A01
202000006779,0,33,,0,2,1,1,B01
202000006779,0,7,,0,2,6,15,A01
202000006780,0,30,,0,0,2,1,A01
202000006781,2,7,,0,2,3,1,A01
202000006781,1,7,,0,2,3,1,B01
202000006782,2,7,,13,0,2,1,A01
202000006783,1,31,,0,1,1,1,A01
202000006784,1,1,,0,0,0,2,A01
202000006785,1,99,,1,0,2,14,A01
202000006786,3,7,,6,0,1,2,A01
202000006787,1,33,,3,0,7,14,A01
202000006788,1,7,,6,1,1,1,A01
202000006789,1,7,,0,2,7,15,A01
202000006789,2,32,,0,2,1,1,B01
202000006790,2,7,,7,0,7,1,A01
202000006791,1,7,,7,0,1,13,A01
202000006792,3,7,,16,0,2,1,A01
202000006793,2,7,,2,0,1,1,A01
202000006794,2,7,,0,2,2,17,A01
202000006794,2,1,,0,2,8,10,B01
202000006795,0,7,,0,0,0,0,A01
202000006796,2,1,,0,0,1,1,A01
202000006797,3,2,,0,2,1,0,B01
202000006797,3,7,,0,2,2,1,A01
202000006798,3,2,,0,0,2,26,A01
202000006799,2,7,,0,2,5,1,C01
202000006799,2,33,,0,2,1,12,A01
202000006799,2,33,,0,2,4,1,B01
202000006800,2,33,,2,0,1,26,A01
202000006801,1,33,,0,6,2,1,A01
202000006802,2,33,,0,2,1,1,B01
202000006802,1,10,,0,2,5,15,A01
202000006803,1,7,,16,0,4,16,B01
202000006803,1,7,,0,2,1,2,A01
202000006804,1,33,,16,0,1,1,A01
202000006805,1,7,,0,2,1,0,A01
202000006805,1,7,,0,2,3,0,B01
202000006806,3,7,,0,2,2,15,A01
202000006806,2,33,,0,2,1,1,B01
202000006807,0,7,,2,0,8,1,A01
202000006808,1,7,,0,2,2,15,A01
202000006808,1,7,,0,2,1,1,B01
202000006809,1,7,,6,0,9,14,A01
202000006810,2,10,,0,2,2,17,A01
202000006810,2,80,,0,2,3,13,B01
202000006811,2,7,,0,2,8,19,A01
202000006811,1,33,,0,2,1,1,B01
202000006812,1,7,,0,1,4,4,A01
202000006813,1,2,,0,0,4,2,B01
202000006813,1,7,,0,2,2,2,A01
202000006814,3,33,,0,2,1,1,B01
202000006814,3,33,,0,2,1,5,A01
202000006815,2,33,,0,2,1,1,B01
202000006815,1,7,,0,2,2,15,A01
202000006816,2,7,,13,0,3,19,A01
202000006817,1,7,,0,0,5,2,B01
202000006817,1,33,,0,2,1,2,A01
202000006818,1,7,,0,0,4,4,A01
202000006818,1,43,,0,2,1,1,B01
202000006819,2,14,,0,2,1,1,B01
202000006819,1,7,,0,2,1,13,A01
202000006820,1,1,,0,0,7,1,A01
202000006821,1,33,,0,2,1,17,A01
202000006821,1,7,,0,2,6,11,B01
202000006821,1,7,,0,2,1,1,C01
202000006822,1,7,,0,2,1,1,B01
202000006822,2,7,,0,2,7,1,A01
202000006823,1,33,,0,0,1,1,C01
202000006823,1,7,,0,0,6,1,B01
202000006823,2,7,,0,2,3,1,A01
202000006824,1,7,,0,0,2,15,A01
202000006824,2,1,,0,2,1,1,B01
202000006825,3,36,,0,0,8,15,A01
202000006826,2,7,,0,2,3,1,A01
202000006826,2,1,,0,2,1,1,B01
202000006827,0,7,,0,2,6,9,A01
202000006827,0,33,,0,2,1,1,B01
202000006828,1,33,,0,2,7,1,B01
202000006828,2,7,,3,2,6,13,A01
202000006829,1,7,,0,2,3,0,B01
202000006829,2,2,,0,2,1,13,A01
202000006830,2,33,,0,2,2,17,A01
202000006830,2,7,,0,2,8,1,B01
202000006831,1,7,,0,2,3,1,B01
202000006831,2,7,,0,2,1,13,A01
202000006832,2,33,,0,2,1,1,B01
202000006832,2,33,,0,2,4,1,A01
202000006833,3,7,,0,0,3,16,A01
202000006833,3,7,,0,2,1,16,B01
202000006834,3,33,,16,0,8,1,A01
202000006835,2,7,,4,0,1,0,A01
202000006836,1,20,,0,0,9,26,A01
202000006837,2,33,,0,0,7,1,A01
202000006838,2,7,,0,2,8,9,B01
202000006838,2,33,,0,2,0,2,C01
202000006838,2,15,,0,2,2,2,A01
202000006839,1,33,,14,0,8,26,A01
202000006840,1,7,,0,9,2,15,B01
202000006840,1,31,,0,2,1,1,A01
202000006841,3,99,,0,2,5,1,A01
202000006841,3,33,,0,2,1,1,B01
202000006842,0,30,,0,2,2,1,B01
202000006842,0,7,,0,2,6,15,A01
202000006843,1,7,,0,2,4,1,B01
202000006843,1,7,,0,2,1,2,A01
202000006844,2,41,,0,1,1,26,A01
202000006845,2,1,,0,2,1,26,A01
202000006846,2,50,,0,2,4,2,B01
202000006846,2,7,,0,2,1,2,A01
202000006847,1,7,,1,0,2,26,A01
202000006847,1,2,,1,0,1,0,B01
202000006848,0,31,,0,0,0,0,B01
202000006848,3,7,,0,2,3,0,A01
202000006849,3,7,,0,1,2,17,A01
202000006850,1,99,,8,0,0,14,A01
202000006851,1,7,,0,1,0,1,A01
202000006852,1,7,,0,2,1,2,C01
202000006852,1,7,,0,2,4,2,A01
202000006852,1,7,,0,2,1,2,B01
202000006853,2,1,,0,0,0,0,B01
202000006853,1,7,,0,0,3,13,A01
202000006854,1,7,,0,9,2,11,A01
202000006854,1,1,,0,2,1,1,B01
202000006855,2,1,,0,2,1,1,B01
202000006855,1,7,,0,2,1,15,A01
202000006856,1,7,,0,2,0,14,A01
202000006856,0,7,,0,2,0,1,B01
202000006857,1,7,,0,1,7,1,A01
202000006858,3,7,,0,1,2,9,A01
202000006859,3,7,,0,2,3,10,A01
202000006859,3,33,,0,2,7,17,B01
202000006860,1,7,,0,2,3,15,A01
202000006860,2,7,,8,2,8,1,B01
202000006861,3,7,,0,9,3,2,B01
202000006861,0,60,,0,2,1,26,A01
202000006862,2,7,,0,1,1,1,A01
202000006863,3,33,,0,0,3,1,A01
202000006864,3,7,,2,0,1,1,A01
202000006865,3,1,,0,2,1,1,B01
202000006865,3,7,,0,2,2,16,A01
202000006866,0,7,,0,2,4,1,C01
202000006866,0,7,,0,2,1,2,B01
202000006866,3,7,,0,2,1,1,A01
202000006867,1,7,,0,2,3,1,B01
202000006867,1,30,,0,2,1,1,A01
202000006868,1,1,,0,0,1,1,A01
202000006869,3,7,,0,2,3,1,B01
202000006869,3,31,,0,2,1,17,A01
202000006870,2,7,,1,2,2,1,A01
202000006870,1,7,,1,2,3,0,B01
202000006870,1,10,,1,2,3,0,D01
202000006870,1,7,,1,2,2,0,C01
202000006871,3,32,,0,2,8,1,B01
202000006871,3,10,,0,2,3,15,A01
202000006872,1,7,,6,0,8,1,A01
202000006873,1,7,,0,1,2,15,A01
202000006874,3,7,,0,2,1,19,A01
202000006874,1,7,,0,2,3,1,B01
202000006875,2,7,,0,2,1,2,A01
202000006875,2,7,,0,2,2,11,C01
202000006875,2,7,,0,2,3,2,D01
202000006875,2,7,,0,2,4,2,B01
202000006876,1,2,,0,2,1,1,A01
202000006876,1,37,1.0,0,2,5,1,B01
202000006877,2,30,,0,1,2,1,A01
202000006878,3,1,,0,2,8,1,B01
202000006878,2,7,,0,2,2,1,A01
202000006879,2,30,,14,0,7,14,A01
202000006880,3,1,,0,2,1,19,A01
202000006880,3,7,,0,2,6,1,Z01
202000006881,1,7,,0,2,7,22,A01
202000006881,2,1,,0,2,1,5,B01
202000006882,1,30,,0,2,8,1,B01
202000006882,0,7,,0,2,2,15,A01
202000006883,3,1,,0,2,1,1,B01
202000006883,3,7,,0,2,3,10,A01
202000006884,1,1,,12,0,1,1,A01
202000006885,2,1,,0,1,1,25,A01
202000006886,1,7,,0,1,2,16,A01
202000006887,2,1,,0,2,2,1,B01
202000006887,2,10,,0,2,3,22,A01
202000006888,2,2,,0,1,0,1,Z01
202000006889,2,7,,0,2,5,23,B01
202000006889,2,30,,0,2,1,1,A01
202000006890,2,10,,0,2,2,10,A01
202000006890,1,1,,0,2,1,1,B01
202000006891,2,33,,8,0,3,13,A01
202000006892,2,7,,0,2,4,1,B01
202000006892,2,7,,0,2,1,1,A01
202000006893,2,2,,0,9,3,2,A01
202000006893,1,50,,0,0,4,1,B01
202000006894,1,30,,0,2,3,18,A01
202000006894,1,7,,0,2,2,16,B01
202000006895,2,30,,0,2,1,18,A01
202000006895,2,7,,0,2,2,16,B01
202000006896,2,7,,0,2,1,1,B01
202000006896,1,7,,0,2,2,13,A01
202000006897,1,7,,0,2,1,26,A01
202000006897,1,33,,0,2,4,1,B01
202000006898,3,10,,0,2,1,1,A01
202000006898,3,32,,0,2,8,16,B01
202000006899,1,7,,1,0,2,14,A01
202000006900,3,33,,16,0,3,16,A01
202000006900,3,7,,12,0,3,15,B01
202000006901,-1,7,,1,0,4,23,A01
202000006901,-1,7,,1,0,1,2,B01
202000006902,1,7,,0,2,3,1,B01
202000006902,1,7,,0,2,8,15,A01
202000006903,1,7,,0,0,0,0,D01
202000006903,1,7,,0,0,4,24,C01
202000006903,2,7,,0,2,6,1,B01
202000006903,1,7,,1,2,1,21,A01
202000006904,2,1,,0,2,3,2,B01
202000006904,2,1,,0,2,2,2,A01
202000006905,2,32,,0,2,1,1,B01
202000006905,1,7,,0,2,3,15,A01
202000006906,1,7,,0,1,6,4,A01
202000006907,0,33,,12,0,0,1,A01
202000006908,2,7,,13,0,3,1,A01
202000006909,0,10,,0,2,3,9,A01
202000006909,0,31,,0,2,1,1,B01
202000006910,3,33,,0,0,4,2,B01
202000006910,3,33,,0,2,1,2,A01
202000006911,1,7,,2,0,1,1,A01
202000006912,1,7,,13,0,2,14,A01
202000006913,2,33,,6,0,1,13,A01
202000006914,1,7,,13,0,3,1,A01
202000006915,1,7,,0,2,3,13,B01
202000006915,2,33,,13,2,3,1,A01
202000006916,0,2,,0,0,2,13,A01
202000006917,2,33,,13,0,1,1,A01
202000006918,2,7,,0,0,9,14,A01
202000006919,3,33,,0,0,0,1,A01
202000006920,2,7,,2,0,1,16,A01
202000006921,2,7,,0,2,8,9,B01
202000006921,2,33,,0,2,1,1,A01
202000006922,0,1,,0,0,0,1,A01
202000006923,2,7,,0,2,2,15,A01
202000006923,1,33,,0,2,1,1,B01
202000006924,1,7,,13,0,3,14,A01
202000006925,3,7,,0,9,2,1,A01
202000006925,3,1,,0,2,1,1,B01
202000006926,1,7,,0,0,3,1,B01
202000006926,2,33,,0,0,8,15,A01
202000006927,1,33,,12,0,7,1,A01
202000006928,1,33,,0,2,2,2,B01
202000006928,1,33,,0,0,3,15,A01
202000006929,2,7,,6,0,1,1,A01
202000006930,2,30,,0,2,1,1,B01
202000006930,2,7,,0,2,3,6,A01
202000006931,3,37,1.0,0,2,1,2,A01
202000006931,3,7,,0,2,4,1,C01
202000006931,3,7,,0,2,4,1,B01
202000006932,2,7,,0,1,1,1,A01
202000006933,2,2,,0,2,8,1,B01
202000006933,1,7,,0,2,1,15,A01
202000006934,2,33,,0,2,1,1,B01
202000006934,1,7,,0,2,3,15,A01
202000006935,1,7,,0,2,1,2,A01
202000006935,1,7,,0,2,4,1,B01
202000006935,1,7,,0,2,4,23,C01
202000006936,0,30,,0,2,1,1,A01
202000006936,2,7,,0,2,5,2,B01
202000006937,2,7,,0,0,0,1,A01
202000006938,1,33,,0,0,8,2,A01
202000006939,0,7,,0,1,2,17,A01
202000006940,2,7,,0,2,4,2,C01
202000006940,2,10,,0,2,4,2,B01
202000006940,2,10,,0,2,1,2,A01
202000006941,1,7,,0,2,8,11,A01
202000006941,1,33,,0,2,2,1,B01
202000006942,3,33,,0,2,1,2,A01
202000006942,3,7,,0,2,3,15,B01
202000006943,1,10,,0,1,2,19,A01
202000006944,3,7,,8,0,7,16,A01
202000006945,0,43,,11,0,1,1,A01
202000006946,0,32,,0,2,1,1,A01
202000006946,0,7,,0,2,2,1,B01
202000006947,0,7,,0,2,2,1,B01
202000006947,0,7,,0,2,3,13,A01
202000006948,2,7,,0,2,4,1,C01
202000006948,2,14,,0,2,1,1,B01
202000006948,2,7,,0,2,1,1,A01
202000006949,1,7,,0,1,1,9,A01
202000006950,2,7,,0,2,3,1,B01
202000006950,1,7,,0,2,2,15,A01
202000006951,0,7,,0,2,2,14,A01
202000006951,0,80,,0,2,3,1,B01
202000006952,1,50,,0,2,1,9,A01
202000006952,2,7,,0,2,3,1,B01
202000006953,0,50,,0,2,0,0,B01
202000006953,0,7,,0,2,0,17,A01
202000006954,1,7,,0,2,2,15,A01
202000006954,2,2,,0,2,1,1,B01
202000006955,0,7,,0,1,1,9,A01
202000006956,1,7,,0,2,1,13,A01
202000006956,2,7,,0,2,1,1,B01
202000006957,2,7,,0,2,1,1,B01
202000006957,1,7,,0,2,1,13,A01
202000006958,1,33,,0,2,1,1,A01
202000006958,2,7,,0,2,1,10,B01
202000006959,1,7,,0,2,1,2,A01
202000006959,1,15,,0,0,4,1,B01
202000006960,1,7,,6,0,1,1,A01
202000006961,0,1,,0,0,8,2,B01
202000006961,3,7,,0,2,7,17,A01
202000006962,1,7,,0,2,1,1,A01
202000006962,1,7,,0,2,4,1,B01
202000006963,3,7,,0,2,4,1,B01
202000006963,3,7,,0,2,2,1,A01
202000006964,1,10,,10,0,1,1,A01
202000006964,1,7,,0,2,1,2,B01
202000006965,1,7,,0,1,1,0,A01
202000006966,2,7,,0,1,1,15,A01
202000006967,2,7,,0,2,1,0,A01
202000006967,2,7,,0,2,4,1,B01
202000006968,3,7,,8,1,1,26,A01
202000006969,2,7,,13,0,3,1,A01
202000006970,1,7,,0,1,4,4,A01
202000006971,0,14,,0,1,7,1,A01
202000006972,1,7,,0,1,1,1,A01
202000006973,1,7,,15,0,2,14,A01
202000006974,1,7,,0,2,3,10,A01
202000006974,2,7,,0,2,1,21,B01
202000006975,1,7,,0,2,1,1,Z01
202000006975,2,7,,0,2,8,1,B01
202000006976,1,2,,0,2,1,1,B01
202000006976,2,7,,0,2,2,15,A01
202000006977,1,7,,0,2,1,1,A01
202000006977,1,7,,0,2,3,15,B01
202000006978,1,7,,0,2,1,2,A01