Num_Acc,senc,catv,occutc,obs,obsm,choc,manv,num_veh
202000006978,1,7,,0,2,4,23,B01
202000006979,3,7,,0,1,1,15,A01
202000006980,2,7,,3,0,8,13,A01
202000006981,1,7,,0,2,3,26,A01
202000006981,1,34,,0,2,1,1,B01
202000006982,3,30,,0,0,0,26,A01
202000006983,1,7,,6,2,4,20,A01
202000006983,1,7,,0,0,0,0,B01
202000006984,2,7,,0,2,3,15,B01
202000006984,2,32,,0,2,7,17,A01
202000006985,3,7,,0,2,3,1,B01
202000006985,0,7,,0,2,3,16,A01
202000006986,1,33,,0,2,7,1,B01
202000006986,3,7,,0,2,8,6,A01
202000006987,1,7,,0,0,9,1,A01
202000006988,3,7,,0,2,0,0,A01
202000006988,3,7,,0,2,0,0,B01
202000006989,1,7,,0,2,4,1,B01
202000006989,1,7,,0,2,4,1,C01
202000006989,1,7,,0,2,1,2,A01
202000006990,2,7,,0,2,1,14,A01
202000006990,2,7,,0,2,7,1,B01
202000006991,3,7,,13,0,1,13,A01
202000006992,2,33,,12,0,1,13,A01
202000006993,2,7,,0,1,1,26,A01
202000006994,2,31,,0,2,3,1,B01
202000006994,1,7,,0,2,5,1,Z01
202000006995,3,7,,0,2,4,4,A01
202000006995,3,1,,0,2,7,1,B01
202000006996,3,7,,0,2,8,15,B01
202000006996,3,2,,0,2,7,17,A01
202000006997,3,30,,0,2,7,17,B01
202000006997,3,7,,0,2,3,15,A01
202000006998,3,10,,0,2,4,23,B01
202000006998,3,10,,0,2,1,1,A01
202000006999,1,7,,0,1,1,15,A01
202000007000,1,99,,0,0,0,1,A01
202000007001,1,30,,12,0,8,13,A01
202000007002,1,7,,15,0,2,15,A01
202000007003,2,7,,0,2,1,1,A01
202000007003,2,7,,0,2,4,1,B01
202000007004,1,50,,0,2,3,1,B01
202000007004,3,7,,0,2,2,1,A01
202000007005,3,7,,0,2,4,2,B01
202000007005,3,7,,0,2,1,2,A01
202000007006,2,33,,0,2,0,0,B01
202000007006,2,7,,0,2,0,0,A01
202000007007,2,7,,0,2,4,23,B01
202000007007,2,10,,0,2,1,1,A01
202000007008,1,7,,0,2,8,10,A01
202000007008,1,33,,0,2,1,1,B01
202000007009,1,7,,0,1,1,1,A01
202000007010,1,2,,0,2,8,1,B01
202000007010,1,7,,0,2,7,16,A01
202000007011,1,7,,0,2,2,14,B01
202000007011,1,30,,0,2,3,18,A01
202000007012,2,7,,8,1,7,19,A01
202000007012,2,7,,0,2,1,19,B01
202000007013,0,7,,0,1,1,1,A01
202000007014,1,7,,0,1,1,15,A01
202000007015,1,1,,0,2,7,19,A01
202000007015,1,7,,0,2,1,1,B01
202000007016,1,10,,0,1,1,15,A01
202000007017,1,0,,0,0,0,0,A01
202000007018,1,0,,0,2,8,1,B01
202000007018,1,7,,0,2,1,1,A01
202000007019,2,99,,0,2,0,0,B01
202000007019,1,32,,0,2,1,0,A01
202000007020,1,7,,0,1,0,0,A01
202000007021,1,7,,0,1,2,1,A01
202000007022,1,7,,0,1,5,1,A01
202000007023,1,33,,0,0,0,26,A01
202000007024,2,7,,0,2,3,15,A01
202000007024,2,30,,0,2,1,1,B01
202000007025,1,50,,0,2,1,19,A01
202000007025,2,7,,0,2,7,1,B01
202000007026,2,2,,0,2,1,1,B01
202000007026,1,7,,0,2,3,15,A01
202000007027,0,7,,8,0,4,25,A01
202000007028,2,7,,0,1,2,1,A01
202000007029,1,33,,0,2,2,1,B01
202000007029,1,7,,0,2,8,11,A01
202000007030,1,7,,0,2,2,26,A01
202000007030,1,7,,0,2,1,5,B01
202000007031,3,7,,0,1,3,15,A01
202000007032,2,0,,0,1,0,26,Z01
202000007033,2,2,,0,2,7,17,B01
202000007033,2,7,,0,2,3,15,A01
202000007034,2,31,,0,2,1,1,B01
202000007034,1,10,,0,2,2,15,A01
202000007035,3,7,,0,1,4,25,A01
202000007035,3,7,,0,2,6,1,B01
202000007036,1,7,,0,1,1,26,A01
202000007037,1,10,,0,1,5,25,A01
202000007038,3,7,,4,0,1,13,A01
202000007039,2,10,,0,1,2,1,A01
202000007040,0,7,,16,0,0,0,A01
202000007041,1,99,,0,1,4,26,A01
202000007042,3,99,,0,2,8,1,B01
202000007042,2,99,,0,2,1,19,A01
202000007043,3,7,,0,2,4,2,B01
202000007043,3,7,,0,2,1,2,A01
202000007044,1,7,,1,0,1,21,A01
202000007045,3,21,,0,2,8,15,B01
202000007045,3,30,,0,2,7,17,A01
202000007046,2,7,,0,2,1,2,A01
202000007046,2,7,,0,2,4,23,B01
202000007047,2,7,,0,2,6,16,B01
202000007047,2,7,,0,2,1,1,A01
202000007048,2,33,,3,0,9,1,A01
202000007049,0,10,,0,1,1,15,A01
202000007050,1,7,,0,2,6,15,B01
202000007050,1,33,,0,2,6,17,A01
202000007051,3,7,,0,1,1,1,A01
202000007052,2,2,,0,2,1,1,B01
202000007052,2,7,,0,2,3,1,A01
202000007053,3,33,,0,0,0,2,MA01
202000007054,1,7,,0,1,6,19,Z01
202000007055,2,7,,0,2,3,19,A01
202000007055,2,1,,0,2,0,0,B01
202000007056,3,31,,0,2,8,1,B01
202000007056,3,7,,0,2,2,19,A01
202000007057,2,7,,10,0,3,1,A01
202000007058,1,7,,0,0,6,23,B01
202000007058,1,7,,0,2,2,21,A01
202000007059,0,1,,0,2,1,16,B01
202000007059,0,7,,0,2,1,1,A01
202000007060,0,1,,0,2,4,15,B01
202000007060,0,7,,0,2,1,1,A01
202000007061,1,7,,0,1,3,15,A01
202000007062,2,7,,0,2,8,1,B01
202000007062,2,7,,0,2,1,1,C01
202000007062,1,7,,0,2,1,13,A01
202000007063,2,30,,0,0,4,2,B01
202000007063,2,17,,0,2,1,1,A01
202000007064,2,7,,0,2,2,10,A01
202000007064,1,7,,0,2,3,1,B01
202000007065,3,7,,0,1,2,16,A01
202000007066,2,7,,15,0,1,13,A01
202000007067,-1,7,,0,2,2,1,C01
202000007067,-1,7,,0,2,1,5,A01
202000007067,-1,7,,0,2,1,1,B01
202000007068,3,7,,0,2,1,1,B01
202000007068,3,7,,0,2,1,1,A01
202000007069,1,7,,0,2,2,1,B01
202000007069,0,7,,0,2,1,15,A01
202000007070,3,7,,0,1,7,1,A01
202000007071,0,7,,0,2,2,15,A01
202000007071,0,1,,0,2,1,1,B01
202000007072,0,7,,0,2,1,0,A01
202000007072,0,7,,0,2,7,0,B01
202000007073,2,1,,0,2,3,18,B01
202000007073,2,14,,0,2,7,16,A01
202000007074,1,7,,0,1,1,15,A01
202000007075,1,7,,0,1,2,1,A01
202000007076,2,7,,0,1,3,15,A01
202000007077,3,7,,0,2,7,1,B01
202000007077,3,7,,0,2,2,9,A01
202000007078,1,7,,0,1,1,1,A01
202000007079,1,40,,0,2,1,1,B01
202000007079,1,7,,0,4,2,1,A01
202000007080,1,99,,0,2,4,26,A01
202000007080,1,7,,0,2,4,0,B01
202000007081,3,10,,0,9,7,19,A01
202000007081,3,50,,0,2,2,19,B01
202000007082,3,10,,0,0,4,1,C01
202000007082,3,7,,0,2,1,1,B01
202000007082,3,7,,0,2,1,1,A01
202000007083,1,7,,8,2,2,15,A01
202000007083,2,7,,0,2,3,1,B01
202000007084,2,40,,0,2,2,1,B01
202000007084,1,10,,0,4,3,1,A01
202000007085,1,7,,0,2,8,10,A01
202000007085,2,7,,0,2,1,1,B01
202000007086,1,7,,0,1,1,1,A01
202000007087,1,7,,0,1,1,1,A01
202000007088,2,7,,0,2,3,0,A01
202000007088,2,7,,0,2,3,1,B01
202000007089,1,7,,0,1,1,9,A01
202000007090,1,31,,0,2,2,9,A01
202000007090,1,7,,0,2,3,0,B01
202000007091,2,1,,0,2,1,1,B01
202000007091,1,7,,0,2,1,15,A01
202000007092,1,80,,0,2,8,1,B01
202000007092,2,7,,0,2,1,19,A01
202000007093,1,7,,0,2,1,2,A01
202000007093,1,7,,0,2,4,2,B01
202000007094,1,7,,0,2,4,2,B01
202000007094,1,7,,0,2,1,2,A01
202000007095,1,7,,0,2,6,15,A01
202000007095,1,33,,0,2,1,1,B01
202000007096,2,7,,0,2,3,15,A01
202000007096,2,33,,0,2,1,17,B01
202000007097,1,1,,0,2,5,1,B01
202000007097,1,7,,0,2,3,9,A01
202000007098,1,7,,0,2,4,23,C01
202000007098,1,7,,0,2,1,1,A01
202000007098,1,7,,0,2,4,23,B01
202000007099,1,7,,0,2,3,15,B01
202000007099,1,2,,0,2,3,1,A01
202000007100,2,10,,0,1,8,1,A01
202000007101,1,37,1.0,0,2,1,1,A01
202000007101,1,7,,0,2,4,1,B01
202000007102,2,7,,0,2,1,26,A01
202000007102,1,7,,0,0,6,1,B01
202000007103,2,7,,0,2,1,1,B01
202000007103,3,7,,0,2,3,19,A01
202000007104,3,1,,0,2,1,1,B01
202000007104,3,7,,0,9,6,9,A01
202000007105,2,2,,0,2,1,1,B01
202000007105,2,7,,0,2,2,5,A01
202000007106,2,7,,0,2,1,13,A01
202000007106,1,7,,0,2,1,1,B01
202000007107,1,7,,0,1,0,24,B01
202000007107,1,7,,0,1,2,9,A01
202000007108,3,7,,0,2,0,0,B01
202000007108,3,30,,0,2,0,13,A01
202000007109,3,7,,14,2,1,19,A01
202000007109,3,7,,0,2,1,1,B01
202000007110,1,7,,0,1,1,1,A01
202000007111,2,13,,1,1,1,26,A01
202000007112,1,7,,0,2,1,1,A01
202000007112,0,2,,0,2,1,15,B01
202000007113,1,7,,6,0,1,25,A01
202000007114,2,7,,0,2,8,26,B01
202000007114,1,7,,0,2,1,26,A01
202000007115,3,7,,0,0,9,13,A01
202000007116,3,31,,0,2,1,1,B01
202000007116,3,99,,0,2,1,21,A01
202000007117,1,7,,0,1,3,1,A01
202000007118,1,7,,0,1,1,2,A01
202000007119,2,7,,13,0,9,14,A01
202000007120,1,7,,0,2,1,15,A01
202000007120,2,1,,0,2,1,1,C01
202000007121,2,7,,0,2,6,1,B01
202000007121,2,34,,0,2,2,3,A01
202000007122,1,7,,0,2,4,2,B01
202000007122,1,7,,0,2,4,2,C01
202000007122,1,7,,0,2,1,2,A01
202000007123,1,7,,0,2,1,2,B01
202000007123,1,10,,0,2,4,2,A01
202000007123,1,7,,0,2,1,2,D01
202000007123,1,7,,0,2,4,2,C01
202000007124,2,7,,0,2,5,12,A01
202000007124,2,33,,0,2,3,1,B01
202000007125,1,33,,14,0,7,1,A01
202000007126,2,7,,0,2,1,2,A01
202000007126,2,7,,0,2,4,2,B01
202000007127,2,7,,0,2,4,1,B01
202000007127,2,7,,3,2,1,21,A01
202000007128,2,33,,0,2,0,3,A01
202000007128,2,17,,0,2,0,1,B01
202000007128,2,14,,0,2,0,1,C01
202000007129,1,33,,0,2,1,3,A01
202000007129,1,7,,0,2,6,1,B01
202000007130,2,7,,0,2,6,11,A01
202000007130,2,33,,0,2,1,1,B01
202000007131,1,33,,0,2,2,1,A01
202000007131,1,7,,0,2,6,11,B01
202000007132,2,7,,0,2,5,1,A01
202000007132,2,33,,0,2,1,12,B01
202000007133,1,15,,0,2,2,12,A01
202000007133,1,7,,0,2,6,1,B01
202000007134,3,33,,0,2,8,1,B01
202000007134,3,7,,0,2,3,15,A01
202000007135,1,30,,0,2,8,1,B01
202000007135,1,7,,0,2,5,17,A01
202000007136,1,7,,0,1,5,17,A01
202000007137,1,7,,0,2,2,1,B01
202000007137,1,7,,0,2,8,9,A01
202000007138,1,1,,0,2,7,1,B01
202000007138,1,7,,0,2,1,1,A01
202000007139,1,10,,0,2,2,0,A01
202000007139,1,1,,0,2,0,0,B01
202000007140,2,7,,2,0,3,26,A01
202000007141,3,7,,0,2,5,15,A01
202000007141,3,33,,0,2,1,1,B01
202000007142,1,31,,0,2,0,1,A01
202000007142,3,7,,0,2,8,9,B01
202000007143,2,7,,0,2,1,1,B01
202000007143,1,7,,0,2,1,1,C01
202000007143,2,7,,0,2,1,1,A01
202000007144,1,7,,0,2,5,1,B01
202000007144,1,7,,12,2,8,13,A01
202000007145,2,33,,0,0,0,17,A01
202000007146,3,7,,0,9,3,9,A01
202000007146,3,50,,0,2,7,1,B01
202000007147,1,33,,0,2,3,26,A01
202000007147,1,7,,0,2,7,12,B01
202000007148,0,10,,0,2,5,15,A01
202000007148,0,31,,0,2,1,1,B01
202000007149,3,50,,0,2,0,1,A01
202000007149,3,7,,0,2,0,1,B01
202000007150,2,10,,15,0,2,1,A01
202000007151,1,7,,0,2,4,1,B01
202000007151,1,1,,0,2,1,1,A01
202000007152,0,10,,0,2,2,16,A01
202000007152,3,1,,0,2,1,15,B01
202000007153,1,60,,0,2,1,25,B01
202000007153,3,10,,0,2,2,19,A01
202000007154,1,30,,0,2,1,16,A01
202000007154,2,7,,0,2,7,1,B01
202000007155,2,33,,14,0,1,9,A01
202000007156,1,7,,0,2,3,3,A01
202000007156,1,34,,0,2,4,16,B01
202000007157,2,32,,0,1,7,1,A01
202000007158,3,7,,0,2,3,9,B01
202000007158,3,30,,0,2,1,1,A01
202000007159,1,7,,0,1,7,0,B01
202000007159,1,10,,1,0,8,13,A01
202000007160,1,99,,0,2,1,2,A01
202000007160,1,7,,0,2,6,15,B01
202000007161,1,7,,0,1,7,9,A01
202000007162,2,7,,0,2,2,15,A01
202000007162,1,7,,0,2,2,15,B01
202000007163,2,1,,0,2,1,2,A01
202000007163,2,13,,0,2,4,2,B01
202000007164,1,7,,0,2,3,10,A01
202000007164,1,30,,0,2,2,3,B01
202000007165,3,7,,0,2,4,1,B01
202000007165,3,1,,0,2,3,1,A01
202000007166,3,7,,0,2,1,19,B01
202000007166,3,7,,0,2,7,19,A01
202000007167,3,7,,0,2,1,9,A01
202000007167,3,1,,0,2,1,2,B01
202000007168,1,7,,0,2,1,1,B01
202000007168,3,50,,0,2,7,9,A01
202000007169,1,7,,0,2,4,23,A01
202000007169,1,7,,0,2,1,1,B01
202000007170,1,1,,0,2,1,19,B01
202000007170,3,7,,0,2,2,16,A01
202000007171,1,7,,0,1,8,1,A01
202000007172,0,1,,0,1,1,26,A01
202000007173,0,7,,10,2,3,1,B01
202000007173,0,7,,0,2,1,5,A01
202000007174,2,7,,0,2,2,1,A01
202000007174,2,7,,0,2,3,1,B01
202000007175,1,7,,0,2,1,9,B01
202000007175,2,7,,0,2,7,1,A01
202000007176,2,1,,0,2,4,1,B01
202000007176,1,7,,0,2,1,1,A01
202000007177,1,1,,0,2,1,9,B01
202000007177,2,7,,0,2,0,9,A01
202000007178,2,7,,0,2,2,1,B01
202000007178,2,7,,0,2,3,11,A01
202000007179,1,7,,0,2,3,19,A01
202000007179,1,1,,0,2,1,1,B01
202000007180,1,10,,0,2,3,17,A01
202000007180,2,32,,0,2,1,1,B01
202000007181,3,7,,0,1,2,1,A01
202000007182,1,1,,0,2,8,19,A01
202000007182,1,7,,0,9,2,1,B01
202000007183,0,1,,0,0,0,0,B01
202000007183,0,7,,0,2,1,1,A01
202000007184,1,7,,0,2,4,1,B01
202000007184,1,1,,0,2,1,26,A01
202000007185,2,10,,0,2,3,1,B01
202000007185,1,31,,0,2,3,13,A01
202000007186,2,7,,0,2,2,9,A01
202000007186,1,1,,0,2,1,2,B01
202000007187,1,7,,0,1,2,2,A01
202000007188,2,7,,0,2,7,1,B01
202000007188,1,7,,0,2,1,1,A01
202000007189,1,7,,0,2,1,5,A01
202000007189,2,34,,0,2,1,1,B01
202000007190,2,42,,0,2,1,2,B01
202000007190,1,7,,0,2,3,15,A01
202000007191,0,33,,1,0,3,1,A01
202000007191,0,10,,1,2,3,0,B01
202000007192,1,32,,0,2,1,1,A01
202000007192,1,7,,0,2,3,1,B01
202000007193,2,7,,9,1,4,20,A01
202000007194,3,33,,12,0,1,1,A01
202000007195,3,7,,0,2,1,15,A01
202000007195,2,2,,0,2,3,23,B01
202000007196,1,30,,0,2,2,17,A01
202000007196,1,7,,0,2,3,23,C01
202000007196,1,33,,0,2,2,23,B01
202000007197,1,7,,0,2,6,1,B01
202000007197,2,7,,0,2,3,15,A01
202000007198,1,30,,15,0,1,1,A01
202000007199,2,7,,0,2,3,1,B01
202000007199,1,7,,0,2,8,1,A01
202000007200,3,7,,0,1,1,16,A01
202000007201,1,7,,0,0,0,0,B01
202000007201,1,30,,0,2,4,26,A01
202000007202,1,33,,0,2,2,3,C01
202000007202,1,7,,0,2,7,13,B01
202000007202,1,14,,0,2,8,11,A01
202000007203,2,15,,0,2,8,11,A01
202000007203,2,43,,0,2,7,3,B01
202000007204,2,32,,0,2,0,17,A01
202000007204,1,80,,0,2,0,1,B01
202000007205,2,7,,0,1,8,1,Z01
202000007206,3,7,,6,0,1,26,Z01
202000007207,1,30,,0,2,4,1,B01
202000007207,1,7,,0,2,1,14,A01
202000007208,1,31,,0,1,0,1,A01
202000007209,1,33,,0,2,7,17,B01
202000007209,1,10,,0,2,3,20,A01
202000007210,1,10,,0,0,5,1,B01
202000007210,1,30,,0,2,0,2,A01
202000007211,1,7,,0,2,0,16,B01
202000007211,1,1,,0,2,1,1,A01
202000007212,1,32,,0,2,1,1,A01
202000007212,2,7,,0,2,3,15,B01
202000007213,2,10,,0,1,1,1,A01
202000007214,2,1,,0,2,2,1,A01
202000007214,2,7,,0,2,8,22,B01
202000007215,1,30,,0,2,4,23,B01
202000007215,1,7,,0,2,2,2,A01
202000007216,1,7,,0,2,3,9,B01
202000007216,1,30,,0,2,7,17,A01
202000007217,3,1,,0,2,0,21,A01
202000007218,2,7,,0,2,3,9,A01
202000007218,2,1,,0,2,1,1,B01
202000007219,2,1,,0,2,1,1,B01
202000007219,2,1,,0,2,8,15,A01
202000007220,1,1,,0,1,1,1,A01
202000007221,1,10,,0,2,7,16,A01
202000007221,1,1,,0,2,1,1,B01
202000007222,1,30,,0,2,1,1,B01
202000007222,1,50,,0,2,3,1,A01
202000007223,3,7,,0,2,5,16,A01
202000007223,3,1,,0,2,1,1,B01
202000007224,1,7,,0,2,1,26,A01
202000007224,1,32,,0,0,4,23,B01
202000007225,2,7,,0,1,2,1,A01
202000007226,1,7,,1,0,3,26,A01
202000007226,1,7,,0,2,5,2,B01
202000007227,2,33,,0,2,1,2,B01
202000007227,1,7,,0,2,3,15,A01
202000007228,1,30,,0,2,3,21,A01
202000007228,2,10,,0,2,7,15,Z01
202000007229,1,7,,0,1,1,1,A01
202000007230,2,7,,0,1,1,9,A01
202000007231,1,2,,0,2,6,24,B01
202000007231,3,7,,0,2,6,26,A01
202000007232,2,7,,0,1,2,1,A01
202000007233,1,7,,0,2,2,1,A01
202000007233,1,50,,0,2,0,15,B01
202000007234,2,33,,0,0,0,0,B01
202000007235,1,7,,0,2,2,26,A01
202000007235,1,7,,0,2,6,1,B01
202000007236,0,31,,0,0,0,0,B01
202000007236,0,7,,1,2,2,24,A01
202000007237,0,7,,0,2,0,0,A01
202000007237,0,7,,0,2,0,0,B01
202000007238,3,31,,1,0,8,26,A01
202000007239,3,7,,0,2,7,1,B01
202000007239,1,7,,0,2,1,1,A01
202000007240,2,1,,0,0,0,1,A01
202000007241,1,38,1.0,0,2,2,23,B01
202000007241,2,30,,0,2,2,13,A01
202000007242,1,31,,0,9,8,15,A01
202000007242,2,99,,0,2,3,16,B01
202000007243,2,7,,0,2,2,1,B01
202000007243,2,7,,0,2,3,9,A01
202000007244,1,7,,2,0,2,1,A01
202000007245,1,2,,0,2,7,1,B01
202000007245,1,7,,0,2,1,0,C01
202000007245,1,7,,0,2,1,1,A01
202000007246,2,15,,0,2,2,1,B01
202000007246,2,7,,0,2,3,19,A01
202000007247,2,7,,0,2,3,17,A01
202000007247,1,7,,0,2,6,1,B01
202000007247,1,7,,0,2,1,1,C01
202000007248,2,7,,0,2,1,1,B01
202000007248,1,7,,0,2,1,13,A01
202000007249,0,7,,0,2,1,17,A01
202000007249,0,7,,0,2,1,1,B01
202000007250,1,1,,0,2,8,1,B01
202000007250,1,15,,0,2,6,17,A01
202000007251,1,14,,0,9,2,17,A01
202000007251,1,1,,0,2,3,15,B01
202000007252,2,7,,0,2,1,15,A01
202000007252,1,31,,0,2,1,1,B01
202000007253,1,2,,0,2,1,1,B01
202000007253,0,7,,0,2,3,9,A01
202000007254,2,33,,0,2,1,17,A01
202000007254,2,21,,0,2,4,15,B01
202000007255,2,10,,0,2,1,5,B01
202000007255,1,14,,0,2,1,5,A01
202000007256,0,33,,3,0,0,0,A01
202000007257,2,7,,0,2,3,15,A01
202000007257,2,33,,0,2,0,1,B01
202000007258,3,7,,0,2,3,1,A01
202000007258,3,7,,0,2,3,15,B01
202000007259,3,33,,13,0,3,1,A01
202000007260,1,7,,0,2,1,13,A01
202000007260,2,7,,0,2,1,1,B01
202000007261,2,7,,0,9,7,2,A01
202000007261,2,1,,0,2,8,2,B01
202000007262,3,7,,0,0,2,15,A01
202000007262,3,1,,0,2,1,1,B01
202000007263,1,10,,0,2,6,1,B01
202000007263,1,7,,0,2,2,17,A01
202000007263,2,7,,0,2,1,1,C01
202000007264,1,33,,2,0,7,1,A01
202000007265,1,7,,0,2,2,17,A01
202000007265,1,1,,0,2,4,1,B01
202000007266,1,31,,0,2,1,13,A01
202000007266,2,30,,0,2,1,1,B01
202000007267,2,31,,0,6,1,1,A01
202000007268,2,7,,0,2,1,1,B01
202000007268,1,33,,0,2,1,13,A01
202000007269,3,7,,13,2,3,1,B01
202000007269,3,7,,0,2,3,13,A01
202000007270,1,7,,0,2,7,2,A01
202000007270,1,1,,0,0,7,2,B01
202000007271,1,7,,0,2,1,15,A01
202000007271,2,2,,15,2,1,1,B01
202000007272,1,33,,3,0,3,1,A01
202000007273,1,7,,0,2,3,15,B01
202000007273,1,7,,0,2,7,17,A01
202000007274,1,33,,0,2,8,1,A01
202000007274,2,7,,0,2,8,1,B01
202000007275,1,2,,0,0,6,15,B01
202000007275,1,7,,0,2,1,17,A01
202000007276,3,7,,6,0,1,1,A01
202000007277,3,2,,0,2,6,1,B01
202000007277,3,7,,0,2,5,13,A01
202000007278,2,7,,0,2,2,17,B01
202000007278,2,1,,0,0,4,13,A01
202000007279,2,7,,8,2,8,1,B01
202000007279,2,7,,0,2,1,15,A01
202000007280,2,7,,0,2,7,1,A01
202000007280,2,7,,0,2,1,1,B01
202000007281,2,10,,0,0,4,1,B01
202000007281,2,7,,7,2,2,1,A01
202000007282,1,7,,0,2,7,12,B01
202000007282,1,33,,0,2,3,3,A01
202000007283,2,33,,0,2,2,1,A01
202000007283,3,7,,0,2,3,15,B01
202000007284,2,7,,15,0,2,1,A01
202000007285,3,7,,0,9,2,1,A01
202000007285,3,1,,0,2,1,25,B01
202000007286,2,7,,0,2,5,15,A01
202000007286,1,1,,0,2,1,1,B01
202000007287,0,7,,0,2,3,16,B01
202000007287,1,33,,0,2,1,1,A01
202000007288,3,1,,0,2,8,1,B01
202000007288,3,7,,0,2,1,1,A01
202000007289,1,33,,16,0,9,1,A01
202000007290,1,33,,0,2,2,2,A01
202000007290,1,7,,0,2,5,2,B01
202000007291,1,33,,0,2,1,1,B01
202000007291,2,15,,0,2,3,9,A01
202000007292,1,7,,16,0,0,1,A01
202000007293,3,7,,0,2,2,1,B01
202000007293,3,15,,0,0,6,23,A01
202000007294,2,7,,0,0,3,1,A01
202000007295,2,21,,0,0,4,1,B01
202000007295,2,10,,0,2,1,2,A01
202000007296,2,33,,0,2,1,1,B01
202000007296,1,7,,0,2,3,11,A01
202000007297,1,15,,0,0,0,26,B01
202000007297,0,33,,0,0,0,1,A01
202000007298,2,7,,0,0,6,15,B01
202000007298,2,33,,0,2,1,17,A01
202000007299,1,33,,0,0,0,0,A01
202000007300,1,2,,0,2,8,19,A01
202000007300,1,10,,0,2,1,1,B01
202000007301,1,7,,0,9,2,17,A01
202000007301,2,99,,0,2,8,1,B01
202000007302,2,7,,0,2,8,15,B01
202000007302,2,33,,0,2,1,1,A01
202000007303,0,2,,0,9,0,1,A01
202000007303,0,1,,0,0,1,19,B01
202000007304,2,33,,3,0,8,1,A01
202000007305,2,7,,0,2,3,1,A01
202000007305,1,15,,0,2,8,1,B01
202000007306,2,15,,3,0,3,0,A01
202000007307,1,7,,0,1,1,1,A01
202000007308,2,7,,0,2,1,1,B01
202000007308,2,7,,0,2,4,1,A01
202000007309,2,7,,0,0,0,0,C01
202000007309,2,7,,0,0,0,0,A01
202000007309,2,7,,0,0,0,0,B01
202000007310,1,7,,0,2,6,11,A01
202000007310,1,17,,0,2,2,1,B01
202000007310,1,7,,0,2,5,1,C01
202000007311,2,7,,0,2,2,1,A01
202000007311,2,7,,0,2,8,1,B01
202000007312,2,7,,0,2,4,2,D01
202000007312,2,7,,0,2,4,2,C01
202000007312,2,7,,0,2,1,2,A01
202000007312,2,7,,0,2,4,2,B01
202000007313,2,7,,0,2,3,9,A01
202000007313,2,15,,0,2,7,1,B01
202000007314,1,7,,4,0,1,1,A01
202000007315,1,7,,0,2,4,2,C01
202000007315,1,7,,0,2,4,2,B01
202000007315,1,7,,0,2,1,2,A01
202000007316,1,7,,3,0,3,12,A01
202000007317,1,7,,0,2,3,1,C01
202000007317,1,7,,0,2,7,1,B01
202000007317,1,7,,0,2,8,1,A01
202000007318,1,7,,0,2,8,12,C01
202000007318,1,33,,0,2,8,3,B01
202000007318,1,7,,0,2,2,17,A01
202000007319,2,7,,0,2,3,15,B01
202000007319,2,33,,1,2,5,3,A01
202000007320,3,7,,0,2,3,16,A01
202000007320,3,7,,0,2,5,16,B01
202000007321,3,7,,0,2,7,16,A01
202000007321,3,60,,0,2,1,13,B01
202000007322,2,7,,0,1,2,1,A01
202000007323,2,7,,0,2,4,1,B01
202000007323,2,7,,0,2,1,1,A01
202000007324,1,99,,0,1,0,16,A01
202000007325,0,7,,0,2,3,16,A01
202000007325,2,1,,0,2,0,19,B01
202000007326,2,7,,0,2,1,1,B01
202000007326,1,50,,0,2,7,1,A01
202000007327,1,7,,0,1,1,1,A01
202000007328,1,7,,0,1,7,21,A01
202000007329,2,10,,0,1,2,1,A01
202000007330,2,7,,0,2,1,1,A01
202000007330,2,7,,0,2,0,0,B01
202000007331,1,7,,0,1,6,20,A01
202000007332,3,7,,0,2,2,1,A01
202000007332,3,36,,0,2,3,1,B01
202000007333,0,7,,0,1,1,1,A01
202000007334,2,7,,0,2,3,9,A01
202000007334,3,30,,0,2,7,1,B01
202000007335,3,7,,0,2,8,23,C01
202000007335,3,1,,0,2,8,19,B01
202000007335,2,7,,0,2,1,15,A01
202000007336,1,7,,0,2,4,1,B01
202000007336,1,7,,0,2,1,1,A01
202000007337,1,7,,0,2,2,1,B01
202000007337,1,7,,0,2,3,1,A01
202000007338,1,7,,0,1,1,1,A01
202000007339,2,7,,0,1,1,15,A01
202000007340,1,1,,0,2,1,0,B01
202000007340,1,30,,0,2,0,0,A01
202000007341,2,7,,0,1,2,9,A01
202000007342,3,7,,0,2,1,1,B01
202000007342,3,7,,0,2,1,1,A01
202000007343,1,7,,0,1,1,1,A01
202000007344,3,10,,2,0,1,0,A01
202000007345,2,33,,3,0,8,3,A01
202000007346,2,7,,0,2,2,1,A01
202000007346,2,7,,0,2,1,1,B01
202000007347,2,7,,0,2,1,2,A01
202000007347,2,7,,0,2,6,1,B01
202000007348,1,7,,0,1,2,26,A01
202000007349,0,7,,0,2,1,2,A01
202000007349,0,7,,0,2,4,2,B01
202000007349,0,7,,0,2,4,2,C01
202000007350,2,7,,0,2,2,1,A01
202000007350,2,2,,0,2,4,2,B01
202000007351,1,30,,0,2,7,15,A01
202000007351,1,7,,0,2,1,1,B01
202000007352,2,7,,0,1,1,15,A01
202000007353,3,13,,0,2,8,1,B01
202000007353,3,7,,0,2,3,26,A01
202000007354,0,10,,0,2,4,1,B01