Num_Acc,senc,catv,occutc,obs,obsm,choc,manv,num_veh
202000007354,0,33,,0,2,1,1,A01
202000007355,1,60,,0,0,1,1,A01
202000007355,1,7,,0,0,0,1,B01
202000007356,1,7,,0,2,7,13,A01
202000007356,2,10,,0,2,1,1,B01
202000007357,1,2,,0,2,1,19,B01
202000007357,1,10,,0,2,8,19,A01
202000007358,2,80,,0,2,1,1,B01
202000007358,2,7,,0,2,8,24,A01
202000007359,2,1,,0,2,1,0,B01
202000007359,2,7,,0,2,1,9,A01
202000007360,1,1,,0,2,7,2,A01
202000007360,1,14,,0,2,7,2,B01
202000007361,1,7,,6,2,1,19,A01
202000007361,1,7,,0,2,2,1,B01
202000007362,3,7,,0,1,2,9,A01
202000007363,2,32,,0,2,1,3,A01
202000007363,1,7,,0,2,8,15,B01
202000007364,1,33,,0,2,1,19,A01
202000007364,1,7,,0,2,3,1,B01
202000007365,3,7,,0,2,2,5,A01
202000007365,1,7,,0,2,3,15,B01
202000007366,3,7,,0,2,8,26,A01
202000007366,3,7,,0,2,1,15,Z01
202000007367,3,7,,0,0,0,2,B01
202000007367,3,7,,0,0,1,2,A01
202000007368,1,15,,0,2,4,23,B01
202000007368,1,7,,0,2,1,26,A01
202000007369,1,7,,0,2,5,10,A01
202000007369,2,7,,0,2,1,1,B01
202000007370,3,7,,0,2,8,24,B01
202000007370,3,7,,1,0,1,24,A01
202000007371,2,36,,0,2,1,9,A01
202000007371,1,7,,0,2,5,15,B01
202000007372,1,7,,0,2,4,2,B01
202000007372,1,31,,0,2,1,2,A01
202000007373,1,32,,0,0,8,1,A01
202000007374,1,7,,0,2,1,2,A01
202000007374,1,10,,0,2,4,2,C01
202000007374,1,7,,0,2,4,2,B01
202000007375,2,7,,0,1,2,1,A01
202000007376,0,7,,0,1,2,1,A01
202000007377,2,7,,0,2,3,15,A01
202000007377,1,30,,0,2,3,1,B01
202000007378,2,34,,0,2,8,1,B01
202000007378,1,7,,0,2,1,15,A01
202000007379,2,33,,0,2,4,2,B01
202000007379,2,7,,0,2,1,2,A01
202000007380,1,43,,0,2,4,2,A01
202000007380,1,7,,0,2,4,23,B01
202000007381,1,30,,0,2,1,17,B01
202000007381,1,10,,0,2,6,15,A01
202000007382,3,1,,0,2,3,15,A01
202000007382,3,10,,0,2,0,0,Z01
202000007383,2,7,,0,1,1,15,A01
202000007384,2,7,,0,1,3,7,A01
202000007385,2,7,,0,2,1,15,A01
202000007385,1,50,,0,2,1,1,B01
202000007386,2,7,,0,2,3,15,A01
202000007386,2,30,,0,2,1,3,B01
202000007387,2,30,,0,1,1,1,Z01
202000007388,2,34,,0,2,1,2,A01
202000007388,2,7,,0,2,5,23,B01
202000007389,1,7,,0,2,0,14,Z01
202000007389,1,33,,0,2,3,3,A01
202000007390,2,31,,0,2,4,2,B01
202000007390,2,31,,0,2,1,2,A01
202000007391,2,80,,0,2,1,1,A01
202000007391,2,1,,0,2,1,9,Z01
202000007392,3,10,,0,2,7,1,A01
202000007392,3,1,,0,2,2,1,B01
202000007393,2,10,,0,2,2,1,A01
202000007393,2,30,,0,2,8,1,B01
202000007394,1,1,,0,2,4,2,B01
202000007394,1,30,,0,2,1,2,A01
202000007395,2,50,,0,1,1,1,A01
202000007396,2,50,,0,2,1,7,A01
202000007396,2,7,,0,2,7,16,B01
202000007397,3,7,,0,2,3,1,B01
202000007397,1,7,,0,2,1,1,A01
202000007398,2,32,,0,1,1,26,A01
202000007399,2,7,,0,1,2,1,A01
202000007400,1,99,,0,0,8,15,B01
202000007400,1,14,,0,2,1,17,A01
202000007401,1,0,,0,2,4,1,B01
202000007401,1,32,,4,2,1,2,A01
202000007402,2,7,,0,1,1,1,A01
202000007403,2,7,,0,2,2,9,A01
202000007403,2,33,,0,2,1,1,B01
202000007404,2,37,1.0,0,1,2,26,A01
202000007405,1,34,,0,2,4,26,B01
202000007405,1,7,,0,2,1,2,A01
202000007406,3,7,,0,2,6,0,B01
202000007406,3,7,,0,9,2,14,A01
202000007407,1,10,,0,2,3,23,B01
202000007407,2,33,,0,2,1,1,A01
202000007408,3,1,,0,2,2,19,B01
202000007408,2,7,,0,9,3,1,A01
202000007409,1,7,,0,2,1,9,B01
202000007409,2,1,,0,2,3,1,C01
202000007409,1,10,,0,2,5,17,A01
202000007410,2,7,,0,1,1,1,A01
202000007411,2,7,,0,1,3,1,A01
202000007412,1,7,,0,2,8,10,A01
202000007412,1,30,,0,2,1,1,B01
202000007413,1,30,,0,0,8,2,A01
202000007414,1,7,,13,0,2,1,A01
202000007415,2,2,,0,0,4,1,B01
202000007415,2,7,,0,2,1,2,A01
202000007416,2,7,,0,2,1,5,A01
202000007416,1,14,,0,2,1,1,B01
202000007417,2,17,,0,2,6,1,B01
202000007417,2,7,,0,2,1,0,A01
202000007418,1,7,,0,1,1,1,A01
202000007419,2,17,,0,2,6,2,C01
202000007419,2,7,,4,0,3,21,A01
202000007419,2,7,,3,2,8,17,B01
202000007420,1,7,,0,2,1,5,A01
202000007420,2,7,,0,2,3,1,B01
202000007421,2,7,,0,2,6,17,A01
202000007421,2,33,,0,2,1,17,B01
202000007422,0,10,,0,2,7,26,A01
202000007422,0,7,,3,2,1,9,B01
202000007423,1,7,,0,1,2,1,A01
202000007424,1,7,,0,1,1,1,A01
202000007425,2,7,,0,2,3,13,A01
202000007425,1,14,,0,2,3,1,B01
202000007426,2,7,,0,2,5,19,B01
202000007426,1,7,,0,2,1,21,A01
202000007427,1,7,,0,1,3,1,A01
202000007428,3,7,,0,2,2,16,A01
202000007428,0,60,,0,2,0,23,B01
202000007429,3,7,,2,0,1,0,A01
202000007430,1,7,,0,2,1,1,B01
202000007430,2,7,,0,2,1,13,A01
202000007431,3,7,,0,2,1,26,A01
202000007431,3,1,,0,2,8,1,D01
202000007431,3,1,,0,2,8,1,C01
202000007431,3,1,,0,2,1,1,B01
202000007432,1,7,,7,2,7,19,A01
202000007432,2,7,,0,2,1,1,B01
202000007433,2,3,,0,2,1,13,A01
202000007433,1,7,,0,2,1,1,B01
202000007434,2,7,,0,2,1,1,E01
202000007434,2,7,,0,2,8,1,D01
202000007434,2,7,,0,2,8,1,C01
202000007434,2,7,,0,2,8,1,B01
202000007434,1,7,,0,2,1,13,A01
202000007435,0,7,,8,0,8,0,A01
202000007436,0,7,,0,1,2,1,A01
202000007437,3,7,,0,2,1,1,B01
202000007437,3,7,,0,2,3,1,A01
202000007438,1,7,,13,0,1,15,A01
202000007439,2,7,,0,2,4,23,C01
202000007439,2,7,,0,2,4,15,A01
202000007439,2,10,,0,2,1,1,D01
202000007439,2,7,,0,2,4,23,B01
202000007440,1,7,,0,1,2,1,A01
202000007441,1,7,,0,2,1,1,A01
202000007441,2,33,,0,2,1,17,B01
202000007442,2,7,,13,0,2,14,A01
202000007443,1,7,,0,0,7,1,A01
202000007444,1,7,,0,0,9,1,A01
202000007445,1,7,,0,0,9,14,A01
202000007446,2,30,,0,2,1,1,B01
202000007446,1,21,,0,2,1,1,A01
202000007447,2,10,,15,0,0,1,A01
202000007448,1,7,,0,1,3,21,A01
202000007449,1,7,,13,0,3,1,A01
202000007450,2,7,,0,2,1,1,B01
202000007450,1,7,,0,2,5,10,A01
202000007451,3,7,,0,1,3,1,A01
202000007452,2,15,,0,2,8,1,B01
202000007452,2,7,,4,2,9,17,A01
202000007453,0,7,,0,9,3,13,B01
202000007453,3,1,,0,2,1,13,A01
202000007454,1,33,,0,2,9,3,A01
202000007454,1,10,,0,2,7,2,B01
202000007454,1,38,1.0,0,2,8,0,C01
202000007454,1,7,,0,2,4,1,D01
202000007455,2,7,,3,0,2,14,A01
202000007455,2,7,,1,2,1,1,B01
202000007456,2,33,,0,1,2,1,A01
202000007457,2,7,,0,2,1,9,B01
202000007457,2,33,,0,2,2,1,A01
202000007458,1,7,,13,0,2,1,A01
202000007459,1,7,,0,2,1,1,B01
202000007459,2,7,,0,2,3,1,A01
202000007460,2,7,,0,2,3,1,A01
202000007460,2,7,,2,0,5,2,B01
202000007461,0,7,,0,2,1,0,B01
202000007461,0,2,,0,2,1,0,A01
202000007462,-1,7,,15,0,1,6,A01
202000007463,1,7,,13,0,9,1,A01
202000007464,3,7,,0,1,2,1,A01
202000007465,1,7,,0,2,1,1,B01
202000007465,1,7,,0,2,4,23,A01
202000007466,2,7,,0,2,1,2,A01
202000007466,2,7,,0,2,6,1,B01
202000007467,2,10,,0,2,1,2,A01
202000007467,2,7,,0,2,4,2,B01
202000007468,1,7,,0,2,4,2,B01
202000007468,1,7,,0,2,3,2,A01
202000007469,1,10,,0,2,2,2,B01
202000007469,1,33,,0,2,1,3,A01
202000007469,1,7,,0,2,5,2,C01
202000007469,1,7,,0,2,7,2,D01
202000007470,1,34,,0,2,1,2,A01
202000007470,1,7,,0,2,2,12,B01
202000007471,1,7,,0,2,6,1,C01
202000007471,1,32,,0,2,1,3,B01
202000007471,1,7,,0,2,8,11,A01
202000007472,2,31,,3,2,7,1,B01
202000007472,2,7,,0,2,8,11,A01
202000007473,2,7,,4,0,3,21,A01
202000007474,1,7,,0,2,3,1,A01
202000007474,1,7,,0,2,5,12,B01
202000007475,2,7,,0,2,4,23,B01
202000007475,2,7,,1,0,1,2,A01
202000007476,2,17,,0,2,1,2,A01
202000007476,2,7,,0,2,4,1,C01
202000007476,2,10,,0,2,4,1,D01
202000007476,2,7,,0,2,4,1,E01
202000007476,2,10,,0,2,4,1,F01
202000007476,2,7,,0,2,4,1,B01
202000007477,2,7,,0,2,1,2,A01
202000007477,2,7,,0,2,4,2,B01
202000007478,2,7,,4,0,8,19,A01
202000007478,2,7,,0,2,1,1,B01
202000007478,2,7,,0,2,1,1,C01
202000007479,2,7,,0,2,2,2,B01
202000007479,3,30,,0,2,6,2,A01
202000007480,2,7,,0,2,3,9,A01
202000007480,2,2,,0,2,7,1,B01
202000007481,1,32,,0,2,1,5,B01
202000007481,2,10,,0,2,3,15,A01
202000007482,2,7,,0,2,3,26,A01
202000007482,1,33,,0,2,1,26,B01
202000007483,1,7,,0,1,1,15,A01
202000007484,3,7,,8,0,7,16,A01
202000007485,3,2,,0,2,1,1,B01
202000007485,3,7,,0,2,1,15,A01
202000007486,3,7,,0,1,1,16,A01
202000007487,1,30,,0,2,2,2,A01
202000007487,1,7,,0,2,3,15,B01
202000007488,2,7,,0,1,1,1,A01
202000007489,2,7,,3,0,3,13,A01
202000007490,1,7,,1,1,2,1,A01
202000007491,1,31,,14,0,2,17,A01
202000007492,1,99,,0,2,0,0,B01
202000007492,1,31,,0,2,1,17,A01
202000007493,1,30,,0,2,1,2,A01
202000007493,1,7,,0,2,4,2,B01
202000007494,1,7,,0,2,7,1,B01
202000007494,3,10,,0,2,1,19,A01
202000007495,-1,7,,-1,1,-1,0,A01
202000007496,1,2,,1,0,1,1,B01
202000007496,3,7,,1,0,3,9,A01
202000007497,1,7,,0,2,1,13,A01
202000007497,2,7,,13,2,1,21,B01
202000007498,3,10,,0,0,3,10,A01
202000007498,3,33,,0,2,2,17,B01
202000007499,3,7,,0,2,5,9,A01
202000007499,3,2,,0,2,8,1,B01
202000007500,3,10,,0,2,1,2,D01
202000007500,3,7,,0,2,4,2,C01
202000007500,3,7,,0,2,0,23,A01
202000007500,3,7,,0,2,4,2,B01
202000007501,1,30,,0,2,2,1,A01
202000007501,1,7,,0,2,3,19,B01
202000007502,1,33,,0,2,8,1,B01
202000007502,1,7,,0,2,1,15,A01
202000007503,2,10,,0,1,1,1,A01
202000007504,1,7,,8,0,4,1,A01
202000007504,1,7,,0,2,1,1,Z01
202000007505,2,7,,0,2,1,19,B01
202000007505,2,7,,0,2,3,23,C01
202000007505,1,7,,0,2,7,1,A01
202000007506,1,7,,0,1,3,1,A01
202000007507,1,7,,0,1,2,1,A01
202000007508,2,33,,0,2,1,1,B01
202000007508,2,7,,0,2,3,15,A01
202000007509,3,7,,0,1,2,1,A01
202000007510,2,10,,0,1,2,1,A01
202000007511,2,7,,7,2,1,1,B01
202000007511,3,7,,0,2,8,15,A01
202000007512,1,10,,0,2,3,15,A01
202000007512,1,34,,0,2,0,0,B01
202000007513,1,7,,0,1,2,1,A01
202000007514,1,1,,0,1,1,1,A01
202000007515,3,30,,0,1,1,1,A01
202000007516,1,1,,0,2,1,19,A01
202000007516,1,7,,0,2,7,1,B01
202000007517,1,10,,0,1,1,1,Z01
202000007518,1,7,,0,1,1,1,Z01
202000007519,2,10,,0,2,8,10,A01
202000007519,2,30,,0,2,1,1,B01
202000007520,3,7,,15,1,2,26,A01
202000007521,1,7,,0,1,1,9,A01
202000007522,1,30,,11,0,9,19,A01
202000007523,3,2,,5,0,7,1,A01
202000007524,2,15,,0,1,3,1,A01
202000007525,3,1,,0,2,8,2,B01
202000007525,3,33,,0,2,0,2,A01
202000007526,2,7,,0,2,1,2,Z01
202000007526,2,30,,0,2,4,1,B01
202000007527,2,10,,0,2,4,1,C01
202000007527,2,10,,0,2,4,1,B01
202000007527,2,15,,0,2,2,2,A01
202000007528,1,7,,0,2,1,2,A01
202000007528,1,7,,0,2,4,1,B01
202000007528,2,1,,0,2,8,19,C01
202000007529,1,7,,0,2,1,9,A01
202000007529,1,31,,0,2,0,0,B01
202000007530,1,1,,0,2,8,1,B01
202000007530,1,0,,0,2,1,17,Z01
202000007531,0,10,,0,2,2,1,B01
202000007531,0,38,1.0,0,2,3,1,A01
202000007532,2,7,,0,1,7,26,A01
202000007533,3,32,,0,2,1,1,B01
202000007533,3,7,,0,2,5,15,A01
202000007534,3,7,,0,1,4,4,A01
202000007535,1,1,,0,9,5,1,B01
202000007535,1,7,,0,2,1,9,A01
202000007536,2,33,,13,0,0,26,A01
202000007537,3,7,,6,0,1,1,A01
202000007538,1,7,,0,1,1,1,A01
202000007539,1,33,,1,0,3,1,A01
202000007540,2,7,,0,1,4,4,A01
202000007541,1,7,,16,0,9,1,A01
202000007542,1,10,,0,2,1,9,A01
202000007542,1,60,,0,2,1,1,B01
202000007543,1,7,,0,2,3,23,C01
202000007543,2,7,,0,2,3,1,B01
202000007543,1,7,,0,2,1,17,A01
202000007544,1,50,,0,0,1,1,A01
202000007545,1,7,,0,1,2,1,A01
202000007546,0,7,,9,4,1,9,A01
202000007546,3,40,,0,2,1,15,B01
202000007547,1,7,,1,0,0,0,Z01
202000007547,1,7,,1,2,5,24,A01
202000007548,2,7,,6,0,1,1,A01
202000007549,3,7,,0,1,6,4,A01
202000007550,1,7,,0,2,0,17,A01
202000007550,1,1,,0,2,8,1,B01
202000007551,1,7,,0,2,5,1,A01
202000007551,1,1,,0,2,1,19,B01
202000007552,2,50,,0,2,1,5,A01
202000007552,1,7,,0,2,8,1,B01
202000007553,1,7,,0,2,3,1,B01
202000007553,1,7,,0,2,1,26,A01
202000007554,0,7,,0,2,7,1,A01
202000007554,0,2,,0,2,8,1,B01
202000007555,3,7,,0,2,3,26,A01
202000007555,3,60,,0,2,1,0,B01
202000007556,2,7,,0,0,0,0,B01
202000007556,2,7,,0,2,8,0,A01
202000007557,2,33,,0,1,1,1,A01
202000007558,2,7,,0,2,5,2,B01
202000007558,2,32,,0,2,1,2,A01
202000007559,2,7,,0,2,1,1,B01
202000007559,1,31,,0,2,1,13,A01
202000007560,1,7,,0,2,1,1,A01
202000007560,1,7,,0,2,4,1,B01
202000007561,1,7,,0,2,4,2,B01
202000007561,1,7,,0,2,4,2,C01
202000007561,1,10,,0,2,1,2,A01
202000007562,2,7,,0,1,3,15,A01
202000007563,2,14,,0,0,7,15,A01
202000007564,3,7,,0,0,0,0,B01
202000007564,3,41,,0,0,8,13,A01
202000007565,1,7,,0,2,8,11,A01
202000007565,1,33,,0,2,2,1,B01
202000007566,1,1,,0,2,8,1,A01
202000007566,0,7,,0,2,0,0,Z01
202000007567,1,33,,0,2,2,1,B01
202000007567,1,7,,0,2,3,11,A01
202000007568,1,7,,0,2,7,12,A01
202000007568,1,33,,0,2,8,3,B01
202000007569,1,7,,0,2,8,9,A01
202000007569,1,7,,0,2,1,1,B01
202000007570,1,2,,0,2,1,1,A01
202000007570,1,7,,0,2,4,1,B01
202000007571,2,7,,0,1,1,1,A01
202000007572,1,7,,0,2,7,17,B01
202000007572,1,30,,0,2,8,7,A01
202000007573,3,1,,0,2,8,2,B01
202000007573,3,7,,0,2,7,14,A01
202000007574,1,32,,0,2,0,18,B01
202000007574,1,10,,0,2,7,16,A01
202000007575,2,7,,0,1,1,1,A01
202000007576,3,10,,0,1,4,25,A01
202000007577,2,10,,0,2,3,9,A01
202000007577,2,30,,0,2,2,1,Z01
202000007578,2,0,,0,0,0,0,Z01
202000007578,2,7,,0,2,0,0,A01
202000007579,1,30,,0,1,1,1,A01
202000007580,1,1,,0,2,4,1,A01
202000007580,1,7,,0,2,1,0,Z01
202000007581,1,7,,0,2,8,22,A01
202000007581,1,1,,0,2,1,1,B01
202000007582,1,33,,0,2,1,1,B01
202000007582,1,7,,0,2,8,15,A01
202000007583,1,7,,13,0,3,0,A01
202000007584,1,30,,0,1,1,26,B01
202000007585,1,7,,0,2,8,15,B01
202000007585,1,33,,0,2,1,17,A01
202000007586,1,10,,0,2,2,1,B01
202000007586,1,7,,0,2,3,15,A01
202000007587,1,1,,0,2,5,1,B01
202000007587,0,7,,0,2,5,1,A01
202000007588,1,32,,12,0,7,14,A01
202000007589,1,7,,0,1,1,16,A01
202000007590,1,7,,0,2,2,23,C01
202000007590,1,32,,0,2,2,18,B01
202000007590,1,7,,0,2,8,22,A01
202000007591,1,7,,0,2,0,2,Z01
202000007591,1,1,,0,2,0,2,A01
202000007592,1,30,,0,0,0,1,Z01
202000007593,1,7,,0,2,0,15,Z01
202000007593,1,30,,0,2,8,1,A01
202000007594,1,30,,0,0,7,15,A01
202000007595,1,1,,0,2,1,1,Z01
202000007595,1,31,,0,2,2,1,A01
202000007596,1,7,,0,2,2,22,B01
202000007596,1,30,,0,2,3,18,A01
202000007597,1,7,,0,2,1,16,B01
202000007597,1,10,,0,1,7,16,A01
202000007598,1,7,,0,2,8,16,B01
202000007598,1,7,,0,2,2,1,A01
202000007599,1,50,,0,2,1,1,B01
202000007599,1,7,,0,2,3,22,A01
202000007600,1,50,,0,2,3,18,B01
202000007600,1,7,,0,2,7,1,A01
202000007601,1,1,,0,2,8,15,A01
202000007601,1,33,,0,2,7,1,B01
202000007602,1,50,,0,2,1,13,A01
202000007602,2,37,1.0,0,2,6,1,B01
202000007603,2,31,,0,2,7,2,A01
202000007603,2,34,,0,2,8,2,B01
202000007604,1,30,,0,2,1,18,A01
202000007604,1,7,,0,2,7,16,B01
202000007605,2,1,,8,0,3,1,A01
202000007606,2,7,,0,1,4,4,Z01
202000007607,1,1,,0,1,2,1,A01
202000007608,1,1,,0,0,0,21,A01
202000007609,1,7,,0,1,1,15,Z01
202000007610,1,1,,0,0,0,25,A01
202000007611,1,10,,0,2,2,1,B01
202000007611,1,50,,0,2,3,1,A01
202000007612,2,30,,0,2,0,1,A01
202000007612,2,7,,0,2,5,17,Z01
202000007613,2,7,,0,2,7,19,A01
202000007613,2,31,,0,2,3,19,B01
202000007614,1,7,,0,2,4,23,A01
202000007614,1,32,,0,2,1,2,B01
202000007615,3,7,,0,2,7,15,B01
202000007615,1,2,,0,2,1,1,A01
202000007616,1,7,,0,2,2,10,B01
202000007616,2,7,,0,2,1,1,A01
202000007617,1,33,,0,2,1,2,A01
202000007617,1,7,,0,2,7,15,B01
202000007618,2,33,,0,1,7,1,A01
202000007619,0,43,,15,0,1,21,A01
202000007620,2,2,,9,0,1,1,B01
202000007620,1,7,,9,0,2,15,A01
202000007621,1,7,,0,2,1,1,A01
202000007621,1,7,,0,2,4,23,B01
202000007621,2,7,,0,2,4,23,C01
202000007621,1,7,,0,2,4,23,D01
202000007622,1,30,,11,0,1,1,A01
202000007623,1,7,,0,2,2,16,B01
202000007623,1,7,,0,2,2,18,A01
202000007624,1,7,,0,2,1,1,B01
202000007624,2,7,,0,2,3,1,A01
202000007625,1,43,,1,0,3,2,B01
202000007625,1,7,,0,2,5,23,A01
202000007626,3,10,,0,2,6,9,A01
202000007626,3,10,,0,2,3,13,B01
202000007627,1,30,,0,2,1,1,A01
202000007627,1,7,,0,2,2,15,B01
202000007628,1,37,1.0,0,2,4,4,A01
202000007628,1,10,,0,2,1,2,B01
202000007629,1,99,,0,1,1,9,A01
202000007630,0,32,,0,1,0,0,A01
202000007631,2,7,,0,2,1,17,A01
202000007631,1,7,,0,2,3,9,B01
202000007632,2,10,,0,2,8,15,B01
202000007632,2,2,,0,2,1,1,A01
202000007633,2,2,,0,2,1,1,B01
202000007633,1,7,,0,2,7,15,A01
202000007634,1,30,,0,2,8,1,B01
202000007634,2,7,,0,2,1,15,A01
202000007635,-1,10,,0,1,3,1,A01
202000007636,1,37,1.0,0,1,2,1,A01
202000007637,1,7,,0,0,5,1,A01
202000007637,1,2,,0,2,1,18,B01
202000007638,1,7,,0,0,0,19,B01
202000007638,2,33,,0,0,2,21,A01
202000007639,0,7,,0,2,3,15,B01
202000007639,0,32,,0,2,2,1,A01
202000007640,1,7,,0,2,1,1,B01
202000007640,2,33,,0,2,1,5,A01
202000007641,2,34,,0,0,0,1,A01
202000007642,-1,7,,12,0,2,14,A01
202000007643,1,33,,0,2,2,1,B01
202000007643,1,7,,0,2,3,16,A01
202000007644,3,7,,2,0,2,1,A01
202000007645,2,7,,0,2,5,23,B01
202000007645,2,30,,0,2,1,1,A01
202000007646,1,7,,0,2,3,1,B01
202000007646,2,7,,0,2,3,5,A01
202000007647,1,7,,0,1,1,1,A01
202000007648,3,30,,6,0,1,1,B01
202000007648,3,7,,0,0,0,13,A01
202000007649,1,33,,0,2,5,16,B01
202000007649,1,7,,0,0,6,1,A01
202000007650,1,17,,0,2,3,13,A01
202000007650,2,7,,0,2,3,1,B01
202000007651,2,2,,0,2,1,2,B01
202000007651,2,7,,0,2,2,16,A01
202000007652,1,7,,0,2,1,1,B01
202000007652,2,7,,0,2,1,13,A01
202000007653,2,7,,0,1,3,26,A01
202000007654,2,2,,0,0,4,1,B01
202000007654,2,7,,0,2,1,1,A01
202000007655,2,1,,0,2,4,23,B01
202000007655,2,7,,14,0,1,1,A01
202000007656,1,33,,0,6,1,19,A01
202000007657,2,7,,0,2,1,15,A01
202000007657,2,1,,0,2,8,14,B01
202000007658,3,36,,0,0,7,15,A01
202000007659,1,7,,0,2,8,15,A01
202000007659,1,30,,0,2,7,17,B01
202000007660,1,7,,0,2,3,1,B01
202000007660,2,2,,0,2,1,1,A01
202000007661,1,1,,12,0,7,1,A01
202000007662,1,33,,0,2,1,2,A01
202000007662,1,33,,0,0,8,2,B01
202000007663,1,7,,1,0,1,14,A01
202000007663,1,2,,0,0,4,24,B01
202000007664,1,33,,0,2,1,17,B01
202000007664,1,7,,0,2,8,10,A01
202000007665,3,31,,0,0,0,1,A01
202000007666,1,33,,0,2,1,1,B01
202000007666,2,7,,0,2,2,5,A01
202000007667,2,7,,15,0,9,1,A01
202000007668,1,33,,12,0,8,0,A01
202000007669,1,2,,16,0,4,2,B01
202000007669,1,7,,16,2,1,2,A01
202000007670,1,7,,0,2,2,5,A01
202000007670,2,7,,0,2,2,17,B01
202000007670,2,7,,3,0,5,21,C01
202000007670,2,7,,0,2,0,1,D01
202000007671,1,7,,8,0,2,1,A01
202000007672,1,33,,0,2,7,1,B01
202000007672,1,7,,0,2,3,1,A01
202000007673,1,2,,0,0,0,1,A01
202000007674,2,7,,0,0,8,15,B01
202000007674,2,34,,0,2,1,1,A01
202000007675,1,7,,17,0,9,0,A01
202000007676,1,7,,2,0,3,0,A01
202000007677,1,10,,2,0,1,1,A01
202000007678,1,7,,3,0,9,14,A01
202000007679,1,33,,13,0,1,1,A01
202000007680,2,7,,0,0,6,15,A01
202000007680,2,33,,0,2,1,2,B01
202000007681,1,7,,0,2,3,5,A01
202000007681,2,7,,0,2,3,1,B01
202000007682,2,33,,6,0,2,1,A01
202000007683,2,7,,16,0,1,1,A01
202000007684,2,7,,0,2,2,9,A01
202000007684,1,1,,0,2,3,1,B01
202000007685,2,33,,0,2,3,1,B01
202000007685,2,15,,0,0,8,9,A01
202000007686,1,33,,0,2,1,1,C01
202000007686,1,7,,0,2,1,15,A01
202000007686,1,10,,0,2,8,23,B01
202000007687,3,7,,0,2,3,9,A01
202000007687,3,2,,0,2,1,2,B01
202000007688,2,31,,6,0,1,1,A01
202000007689,2,10,,6,0,1,0,A01
202000007690,3,36,,0,0,0,0,A01
202000007691,1,7,,0,0,0,2,A01
202000007692,1,3,,17,0,2,1,A01
202000007693,0,7,,13,0,0,1,A01
202000007694,3,7,,0,0,9,1,A01
202000007695,1,7,,0,2,1,15,B01
202000007695,2,7,,0,2,3,1,A01
202000007696,0,33,,4,0,0,1,A01
202000007697,1,33,,0,2,1,2,B01
202000007697,1,33,,0,0,1,2,A01
202000007698,1,30,,0,2,1,1,B01
202000007698,1,7,,0,2,2,1,A01
202000007699,1,7,,0,0,6,15,B01
202000007699,1,2,,0,2,1,2,A01
202000007700,1,7,,0,0,6,2,B01
202000007700,1,7,,13,2,1,2,A01
202000007701,2,33,,12,0,1,1,A01
202000007702,2,7,,7,0,1,13,A01
202000007703,1,7,,0,2,3,15,B01
202000007703,1,33,,0,2,2,17,A01
202000007704,1,7,,3,0,1,19,A01
202000007705,2,33,,8,0,1,14,A01
202000007706,1,7,,13,0,3,13,A01
202000007707,1,7,,0,2,8,15,B01
202000007707,1,33,,0,2,1,17,A01
202000007708,2,7,,0,2,3,1,C01
202000007708,2,7,,16,0,0,1,B01
202000007708,1,7,,0,2,3,13,A01
202000007709,2,33,,0,2,8,1,B01
202000007709,1,33,,0,2,8,13,A01
202000007710,0,7,,0,4,2,13,A01
202000007710,0,39,,0,2,3,1,B01
202000007711,2,7,,2,0,1,13,A01
202000007712,1,33,,0,0,7,1,A01
202000007713,1,7,,13,0,3,1,A01
202000007713,2,7,,0,0,3,1,B01
202000007714,2,7,,3,2,3,1,B01
202000007714,1,7,,0,2,3,5,A01
202000007715,1,33,,16,0,7,1,A01
202000007716,2,7,,0,2,4,4,A01
202000007716,2,1,,0,2,1,2,B01
202000007717,2,15,,1,0,2,15,A01
202000007718,1,33,,0,2,1,2,B01
202000007718,1,7,,0,9,6,2,A01
202000007719,2,16,,0,0,0,11,C01
202000007719,2,7,,0,9,1,2,B01
202000007719,2,7,,0,0,0,1,A01
202000007719,2,17,,0,0,6,11,D01
202000007719,2,7,,0,2,1,2,F01
202000007719,2,33,,0,2,1,3,E01
202000007720,2,33,,14,0,1,0,A01
202000007721,2,7,,14,0,2,0,A01
202000007722,2,7,,0,2,6,15,B01
202000007722,2,33,,0,2,1,17,A01
202000007723,2,7,,0,2,4,2,E01
202000007723,2,10,,0,2,4,2,D01
202000007723,2,7,,0,2,4,2,C01
202000007723,2,7,,0,2,4,2,B01
202000007723,2,7,,0,2,1,2,A01
202000007724,2,10,,15,0,3,0,A01
202000007725,0,7,,0,2,8,15,B01
202000007725,0,33,,0,2,7,17,A01
202000007726,0,7,,0,0,0,0,A01
202000007727,2,14,,0,0,2,1,A01
202000007728,2,7,,13,0,1,1,A01
202000007729,2,7,,0,2,1,13,A01
202000007729,1,10,,0,2,1,1,B01
202000007730,1,7,,0,2,4,2,C01
202000007730,1,7,,14,2,4,2,B01
202000007730,1,7,,0,2,1,2,A01
202000007731,2,7,,13,2,3,13,A01
202000007731,1,7,,16,2,3,1,B01
202000007732,3,-1,,0,1,1,1,A01
202000007733,2,7,,0,2,3,15,A01
202000007733,2,33,,0,2,1,1,B01
202000007734,3,7,,0,2,1,19,A01