Num_Acc,senc,catv,occutc,obs,obsm,choc,manv,num_veh
202000007734,3,7,,0,2,3,1,B01
202000007735,1,32,,0,2,1,2,A01
202000007735,2,7,,0,0,4,2,B01
202000007736,2,7,,0,2,2,12,A01
202000007736,1,7,,0,2,2,11,B01
202000007737,1,33,,0,2,3,1,B01
202000007737,3,14,,0,2,2,19,A01
202000007738,2,7,,0,0,9,14,A01
202000007739,0,99,,0,2,5,0,B01
202000007739,3,7,,0,2,2,13,A01
202000007740,2,7,,0,0,9,0,A01
202000007741,2,7,,0,2,1,9,A01
202000007741,1,33,,0,2,1,2,B01
202000007742,1,7,,0,2,1,1,B01
202000007742,1,7,,0,0,4,15,A01
202000007743,2,7,,0,1,2,1,A01
202000007744,1,7,,0,0,4,23,D01
202000007744,1,7,,0,0,1,23,C01
202000007744,1,33,,0,2,1,2,A01
202000007744,1,7,,0,0,1,23,B01
202000007745,3,2,,0,2,1,1,A01
202000007745,3,7,,0,2,1,1,B01
202000007746,2,50,,0,2,1,15,A01
202000007746,1,10,,0,2,2,1,B01
202000007747,3,7,,2,0,1,1,A01
202000007748,1,7,,15,0,1,1,A01
202000007749,2,7,,6,0,2,1,A01
202000007750,2,7,,0,0,3,2,A01
202000007750,1,7,,7,0,2,15,B01
202000007751,2,33,,12,0,1,1,A01
202000007752,2,7,,8,0,1,14,A01
202000007753,2,33,,0,2,1,1,B01
202000007753,1,3,,0,2,3,15,A01
202000007754,1,7,,0,2,3,1,B01
202000007754,1,33,,0,2,2,17,A01
202000007755,1,7,,2,0,3,9,A01
202000007756,1,7,,0,2,2,14,B01
202000007756,1,1,,0,0,3,1,A01
202000007757,2,2,,1,0,1,1,A01
202000007758,2,10,,0,0,3,0,B01
202000007758,1,7,,0,0,1,0,A01
202000007759,2,33,,1,0,1,1,A01
202000007760,3,7,,4,0,0,0,A01
202000007761,1,7,,0,0,3,13,A01
202000007761,2,7,,0,0,3,1,B01
202000007762,2,7,,4,0,6,15,A01
202000007763,1,14,,0,2,3,1,A01
202000007763,1,33,,0,2,1,3,B01
202000007764,1,7,,0,2,8,19,B01
202000007764,1,33,,0,2,1,17,A01
202000007765,2,10,,2,0,1,1,A01
202000007766,0,2,,0,2,7,1,A01
202000007766,0,7,,0,2,2,15,B01
202000007767,2,7,,0,2,4,1,A01
202000007767,2,33,,0,2,1,3,B01
202000007768,2,7,,0,2,6,1,B01
202000007768,2,32,,0,2,7,3,A01
202000007769,1,17,,1,0,3,1,B01
202000007769,1,7,,0,2,6,23,A01
202000007770,2,33,,0,2,1,9,A01
202000007770,2,34,,0,2,7,0,B01
202000007770,2,7,,0,2,7,9,C01
202000007771,2,33,,0,0,2,17,B01
202000007771,2,7,,0,0,8,10,A01
202000007772,3,10,,12,0,9,14,A01
202000007773,3,7,,0,1,3,15,A01
202000007774,1,33,,0,2,1,2,B01
202000007774,1,7,,0,0,4,1,A01
202000007775,2,7,,0,2,3,9,A01
202000007775,2,32,,0,2,1,21,B01
202000007776,3,7,,0,1,3,1,A01
202000007777,3,31,,12,0,1,1,A01
202000007778,1,7,,0,1,1,1,A01
202000007779,1,7,,0,2,6,2,A01
202000007779,1,7,,0,2,2,12,B01
202000007780,1,7,,9,0,1,14,A01
202000007781,2,7,,0,2,1,1,B01
202000007781,2,15,,0,2,4,1,A01
202000007782,0,33,,0,2,1,2,A01
202000007782,0,7,,0,2,8,2,B01
202000007783,1,10,,0,2,4,2,D01
202000007783,1,10,,0,2,4,2,C01
202000007783,1,10,,0,2,4,2,B01
202000007783,1,7,,0,2,1,2,A01
202000007784,1,7,,0,2,2,15,A01
202000007784,1,31,,0,2,1,1,B01
202000007785,1,7,,0,2,6,11,B01
202000007785,1,33,,0,2,2,3,A01
202000007786,1,7,,0,0,5,1,B01
202000007786,2,30,,0,2,1,1,A01
202000007787,2,7,,0,2,7,12,A01
202000007787,2,32,,0,2,3,3,B01
202000007788,2,7,,1,1,1,26,A01
202000007789,1,7,,0,2,4,2,B01
202000007789,1,10,,0,2,1,2,A01
202000007790,1,7,,0,2,3,15,A01
202000007790,2,33,,0,2,1,1,B01
202000007791,2,7,,0,2,4,2,B01
202000007791,2,7,,0,2,1,2,A01
202000007792,2,7,,9,1,1,1,A01
202000007793,2,7,,0,1,2,1,A01
202000007794,1,33,,0,0,0,1,A01
202000007795,1,34,,15,0,2,14,A01
202000007796,2,7,,0,2,2,15,B01
202000007796,2,30,,0,2,1,1,A01
202000007797,3,0,,0,1,4,4,A01
202000007798,2,7,,0,1,1,1,A01
202000007799,3,7,,16,0,0,1,A01
202000007800,1,7,,0,1,6,9,A01
202000007801,3,7,,15,0,1,13,A01
202000007802,1,7,,13,0,3,13,A01
202000007803,2,10,,0,2,3,15,A01
202000007803,1,7,,0,2,3,1,B01
202000007804,2,7,,0,2,8,15,B01
202000007804,1,33,,0,2,1,7,A01
202000007805,1,7,,8,0,1,1,A01
202000007806,3,7,,0,2,1,1,A01
202000007806,3,1,,0,2,7,19,B01
202000007807,2,33,,0,2,1,2,A01
202000007807,2,1,,0,2,4,15,B01
202000007808,2,30,,11,0,1,17,A01
202000007809,3,7,,1,0,3,1,A01
202000007810,2,7,,0,1,1,1,A01
202000007811,2,10,,0,0,9,26,A01
202000007812,2,7,,0,2,1,1,A01
202000007812,3,1,,0,2,1,5,B01
202000007813,2,1,,0,2,0,1,B01
202000007813,2,7,,0,2,0,9,A01
202000007814,0,7,,0,2,4,1,C01
202000007814,0,7,,0,2,1,1,B01
202000007814,0,7,,0,2,1,1,A01
202000007815,3,34,,0,1,1,1,A01
202000007816,1,7,,0,9,2,1,A01
202000007816,2,50,,0,2,1,1,B01
202000007817,3,1,,0,2,1,19,A01
202000007817,3,7,,0,2,2,1,B01
202000007818,1,32,,0,2,1,21,A01
202000007818,1,32,,0,2,4,1,B01
202000007818,1,7,,0,2,2,1,C01
202000007819,1,10,,8,0,1,14,A01
202000007820,1,7,,4,0,8,13,A01
202000007821,0,7,,0,2,2,15,A01
202000007821,0,31,,0,2,6,0,B01
202000007822,2,32,,11,0,3,21,A01
202000007823,1,7,,0,2,1,2,C01
202000007823,1,7,,0,2,3,2,B01
202000007823,2,7,,0,2,3,13,A01
202000007824,0,7,,6,0,1,1,A01
202000007825,3,7,,0,1,2,1,A01
202000007826,1,7,,0,0,0,0,D01
202000007826,1,7,,0,0,7,1,C01
202000007826,1,7,,0,0,5,0,B01
202000007826,1,7,,4,2,1,11,A01
202000007827,2,7,,0,1,8,1,A01
202000007828,1,10,,0,2,1,1,B01
202000007828,1,7,,0,2,2,15,A01
202000007829,1,7,,0,2,2,1,B01
202000007829,1,7,,0,2,5,1,A01
202000007830,1,1,,0,2,1,15,A01
202000007830,2,1,,0,2,1,1,B01
202000007831,1,7,,0,2,2,16,B01
202000007831,1,33,,0,2,3,18,A01
202000007832,1,7,,0,2,3,2,B01
202000007832,1,2,,0,2,1,13,A01
202000007833,2,1,,0,2,7,1,B01
202000007833,2,32,,0,2,7,17,A01
202000007834,2,7,,1,1,2,14,Z01
202000007835,2,7,,0,2,2,15,A01
202000007835,1,32,,0,2,1,19,B01
202000007835,1,30,,0,2,1,19,C01
202000007836,2,7,,1,1,1,14,A01
202000007837,2,7,,0,2,2,15,B01
202000007837,1,30,,0,2,0,1,A01
202000007838,1,32,,0,0,7,21,A01
202000007839,2,37,1.0,0,1,2,1,A01
202000007840,2,7,,1,0,6,14,A01
202000007841,2,7,,0,0,0,0,C01
202000007841,2,7,,0,2,5,1,B01
202000007841,2,7,,0,2,3,2,A01
202000007842,1,7,,0,1,3,1,A01
202000007843,1,30,,12,0,1,14,A01
202000007844,2,7,,0,2,6,9,A01
202000007844,2,33,,0,2,0,1,B01
202000007845,3,7,,0,1,1,1,A01
202000007846,3,99,,0,1,1,9,A01
202000007847,3,7,,0,2,1,13,A01
202000007847,3,7,,0,2,1,1,B01
202000007848,0,7,,0,1,0,1,Z01
202000007849,2,7,,0,2,3,10,A01
202000007849,2,34,,0,2,7,2,B01
202000007850,2,50,,0,1,1,1,A01
202000007851,1,7,,0,1,3,1,A01
202000007852,2,7,,0,1,2,1,A01
202000007853,1,7,,0,1,1,1,A01
202000007854,1,7,,0,2,0,0,A01
202000007854,1,10,,0,2,0,0,B01
202000007855,1,7,,0,2,4,0,B01
202000007855,1,7,,0,2,0,0,A01
202000007856,3,7,,0,2,3,1,C01
202000007856,3,14,,0,2,1,1,B01
202000007856,3,7,,0,2,8,26,A01
202000007857,-1,7,,0,1,-1,-1,A01
202000007858,1,7,,0,2,7,0,A01
202000007858,1,2,,0,2,9,0,B01
202000007859,3,1,,0,2,1,3,B01
202000007859,0,7,,0,2,2,20,A01
202000007860,1,32,,0,0,0,0,B01
202000007860,1,10,,0,0,0,16,A01
202000007861,2,13,,0,0,3,21,A01
202000007862,1,32,,0,2,4,1,A01
202000007862,1,7,,0,2,3,15,B01
202000007863,1,2,,9,2,1,2,B01
202000007863,1,2,,0,2,6,13,A01
202000007864,2,7,,0,2,0,0,A01
202000007864,1,7,,0,2,3,1,B01
202000007864,1,7,,0,2,3,1,C01
202000007865,3,37,1.0,9,0,2,14,A01
202000007866,1,7,,0,2,0,1,A01
202000007866,1,13,,0,0,0,0,B01
202000007867,0,7,,0,2,1,1,B01
202000007867,0,7,,0,2,1,9,A01
202000007868,0,10,,0,1,4,4,A01
202000007869,0,7,,0,2,1,15,A01
202000007869,0,1,,0,2,7,1,B01
202000007870,0,7,,0,2,2,19,A01
202000007870,1,7,,0,2,2,1,B01
202000007871,3,1,,0,0,1,26,A01
202000007872,3,7,,0,2,8,19,A01
202000007872,3,7,,0,2,1,19,B01
202000007873,2,32,,0,1,8,26,A01
202000007874,3,7,,0,1,7,23,A01
202000007875,2,7,,0,0,4,1,B01
202000007875,2,7,,0,0,1,12,A01
202000007876,1,10,,0,2,6,1,B01
202000007876,1,7,,0,2,2,17,A01
202000007877,2,7,,0,2,3,1,A01
202000007877,2,7,,0,2,4,12,B01
202000007877,2,7,,0,2,1,1,C01
202000007878,3,2,,0,1,1,0,A01
202000007879,1,7,,13,0,1,0,A01
202000007880,1,7,,0,0,8,10,A01
202000007880,1,17,,0,2,2,1,B01
202000007881,2,7,,0,2,3,15,B01
202000007881,2,7,,0,2,0,17,A01
202000007882,3,7,,0,2,1,13,A01
202000007882,3,7,,0,2,1,1,B01
202000007883,1,31,,0,2,1,1,B01
202000007883,2,7,,0,2,2,5,A01
202000007884,1,7,,13,0,1,14,A01
202000007885,1,33,,0,2,1,26,B01
202000007885,1,7,,0,0,6,19,A01
202000007886,1,7,,0,2,3,26,B01
202000007886,2,33,,1,0,3,13,A01
202000007887,1,1,,0,0,8,1,B01
202000007887,1,36,,0,9,4,17,A01
202000007888,1,7,,0,0,0,1,A01
202000007889,2,33,,0,0,8,1,A01
202000007890,1,31,,0,0,0,1,A01
202000007891,1,7,,2,0,3,1,A01
202000007892,1,7,,0,2,2,1,B01
202000007892,1,7,,0,2,3,19,A01
202000007893,2,14,,0,0,8,1,A01
202000007894,2,7,,0,0,0,1,A01
202000007895,3,7,,0,2,1,17,A01
202000007895,3,1,,0,9,4,2,C01
202000007895,3,1,,0,2,0,26,B01
202000007896,1,7,,0,2,1,2,B01
202000007896,1,7,,0,2,2,1,C01
202000007896,1,7,,0,2,4,26,A01
202000007897,1,7,,0,2,4,1,A01
202000007897,1,7,,0,2,1,1,B01
202000007897,1,7,,0,2,1,1,C01
202000007898,2,7,,0,2,4,2,B01
202000007898,2,7,,0,2,1,1,A01
202000007898,2,7,,0,2,1,2,C01
202000007898,2,7,,0,2,4,0,E01
202000007898,2,10,,0,2,4,0,D01
202000007899,2,7,,0,2,1,1,A01
202000007899,2,10,,0,2,4,2,B01
202000007899,2,10,,0,2,4,2,C01
202000007899,2,10,,0,2,4,2,D01
202000007900,1,10,,0,2,5,1,B01
202000007900,1,33,,0,2,1,3,A01
202000007901,1,34,,0,2,3,3,A01
202000007901,1,10,,0,2,5,1,B01
202000007902,2,7,,0,2,4,2,A01
202000007902,2,33,,0,2,8,3,B01
202000007902,2,7,,0,2,2,12,C01
202000007903,2,33,,8,0,1,1,A01
202000007904,0,60,,0,2,2,1,Y01
202000007904,3,99,,0,2,1,16,A01
202000007905,1,2,,0,2,4,15,B01
202000007905,1,7,,0,2,3,15,A01
202000007906,1,7,,0,1,1,1,A01
202000007907,1,7,,0,1,2,1,A01
202000007908,3,1,,0,2,8,1,A01
202000007908,2,31,,0,2,1,1,B01
202000007909,1,7,,0,2,2,1,B01
202000007909,2,31,,0,2,1,16,A01
202000007910,1,7,,0,9,2,1,A01
202000007910,1,50,,0,2,1,1,B01
202000007911,3,7,,1,1,2,1,A01
202000007912,3,1,,0,0,0,1,A01
202000007913,0,7,,0,2,1,1,B01
202000007913,0,7,,0,2,1,1,A01
202000007914,2,33,,0,2,1,1,A01
202000007914,1,7,,0,2,2,12,B01
202000007915,3,37,1.0,0,1,3,15,A01
202000007916,2,10,,0,1,1,1,A01
202000007917,0,7,,0,1,2,1,A01
202000007918,0,7,,1,0,1,26,A01
202000007918,0,7,,0,0,8,0,B01
202000007918,0,7,,0,0,6,0,C01
202000007919,2,37,1.0,0,1,3,1,A01
202000007920,2,7,,0,2,1,1,B01
202000007920,1,7,,0,2,6,1,A01
202000007921,2,1,,0,2,1,1,A01
202000007921,2,7,,0,2,4,23,B01
202000007922,-1,7,,-1,0,-1,-1,A01
202000007923,3,7,,0,1,1,1,A01
202000007924,2,7,,0,2,4,1,B01
202000007924,2,30,,0,2,1,21,A01
202000007925,3,33,,0,0,7,1,A01
202000007926,2,37,1.0,0,2,2,1,A01
202000007926,2,7,,0,2,4,24,B01
202000007927,3,7,,0,1,1,1,A01
202000007928,2,7,,0,1,1,1,A01
202000007929,1,40,,0,2,2,1,B01
202000007929,1,7,,0,4,3,15,A01
202000007930,3,7,,0,1,7,26,A01
202000007931,1,99,,0,2,0,11,B01
202000007931,2,7,,0,2,3,9,A01
202000007932,1,7,,0,1,1,1,A01
202000007933,2,7,,0,2,1,26,A01
202000007933,2,7,,0,2,4,26,B01
202000007934,1,7,,0,2,1,1,B01
202000007934,1,7,,0,2,8,0,A01
202000007935,3,7,,0,1,1,2,A01
202000007936,2,7,,0,2,2,0,B01
202000007936,1,7,,0,2,1,17,A01
202000007937,1,7,,1,0,9,1,A01
202000007938,1,7,,0,1,2,9,Z01
202000007939,1,1,,0,2,1,13,B01
202000007939,3,7,,0,2,7,16,A01
202000007940,2,7,,0,2,1,1,A01
202000007940,2,7,,0,2,4,23,B01
202000007940,2,7,,0,2,4,23,C01
202000007941,1,7,,0,2,2,1,A01
202000007941,1,7,,0,2,3,9,B01
202000007942,3,33,,0,0,7,15,A01
202000007943,3,7,,0,2,2,15,A01
202000007943,3,7,,0,2,3,1,C01
202000007943,3,7,,0,2,3,1,B01
202000007944,1,1,,0,2,5,1,B01
202000007944,2,7,,0,2,1,1,A01
202000007945,1,7,,0,1,3,1,A01
202000007946,1,10,,0,1,8,1,A01
202000007947,3,7,,0,2,2,15,A01
202000007947,1,30,,0,2,2,1,B01
202000007948,3,10,,0,2,8,10,A01
202000007948,1,2,,0,2,2,1,B01
202000007949,1,30,,0,0,8,26,A01
202000007950,1,7,,0,1,7,16,A01
202000007951,3,7,,0,2,2,15,B01
202000007951,3,7,,0,2,3,26,A01
202000007952,1,1,,0,2,6,2,B01
202000007952,1,7,,0,2,6,22,A01
202000007953,3,7,,0,2,3,1,A01
202000007953,3,2,,0,2,1,1,B01
202000007954,0,1,,0,2,4,1,B01
202000007954,0,7,,0,9,1,1,A01
202000007955,1,33,,0,2,1,1,A01
202000007955,2,7,,0,2,3,15,B01
202000007956,3,0,,0,1,0,16,Z01
202000007957,1,14,,0,2,1,1,A01
202000007957,2,7,,0,2,8,19,B01
202000007958,1,10,,0,2,3,15,A01
202000007958,1,80,,0,2,1,1,B01
202000007959,1,1,,0,2,1,1,B01
202000007959,2,14,,0,2,3,15,A01
202000007960,3,7,,0,2,2,1,B01
202000007960,3,30,,0,2,1,1,A01
202000007961,1,10,,0,1,2,1,A01
202000007962,0,7,,0,2,1,1,A01
202000007962,0,7,,0,2,4,1,B01
202000007963,0,7,,0,2,2,15,B01
202000007963,1,33,,0,2,3,2,A01
202000007964,1,30,,0,1,1,1,A01
202000007965,2,30,,0,2,1,1,A01
202000007965,1,7,,0,2,1,16,B01
202000007966,1,7,,15,1,2,9,A01
202000007967,1,32,,0,0,8,1,A01
202000007968,2,60,,0,2,1,0,B01
202000007968,1,7,,0,2,5,1,A01
202000007969,2,32,,0,0,0,26,A01
202000007970,1,33,,0,2,1,1,B01
202000007970,2,7,,0,2,3,15,A01
202000007971,1,7,,0,1,7,1,A01
202000007972,2,43,,0,2,1,3,A01
202000007972,2,7,,0,2,3,11,Z01
202000007973,2,7,,0,2,7,11,A01
202000007973,2,32,,0,2,7,3,B01
202000007974,1,32,,4,0,3,12,A01
202000007975,1,32,,0,2,1,1,B01
202000007975,2,7,,0,2,3,10,A01
202000007976,1,33,,0,2,7,23,B01
202000007976,1,30,,0,2,8,14,A01
202000007977,1,30,,1,0,1,14,A01
202000007978,1,31,,0,2,8,5,Z01
202000007978,1,1,,0,2,0,1,A01
202000007979,2,1,,0,2,1,1,B01
202000007979,2,7,,0,2,2,22,A01
202000007980,1,30,,0,1,1,1,A01
202000007981,1,31,,0,1,1,1,Z01
202000007982,1,32,,0,2,1,1,A01
202000007982,2,7,,0,2,2,15,B01
202000007983,1,7,,0,2,5,10,A01
202000007983,2,33,,0,2,1,1,B01
202000007984,1,1,,0,2,1,1,B01
202000007984,1,7,,0,2,5,17,A01
202000007985,1,33,,0,2,1,23,A01
202000007985,1,10,,0,2,7,16,B01
202000007986,1,7,,0,2,3,22,A01
202000007986,1,1,,0,2,1,1,B01
202000007987,2,1,,12,0,0,14,A01
202000007988,2,30,,0,2,7,1,B01
202000007988,2,7,,0,2,3,13,A01
202000007989,1,7,,0,2,2,15,A01
202000007989,2,1,,0,2,1,1,B01
202000007990,2,30,,0,2,7,17,A01
202000007990,2,7,,0,2,8,15,B01
202000007991,1,1,,0,2,0,1,A01
202000007991,1,7,,0,2,1,1,B01
202000007992,1,7,,0,2,2,16,Z01
202000007992,1,1,,0,2,1,7,A01
202000007993,2,10,,0,1,2,20,A01
202000007994,3,1,,0,2,7,9,A01
202000007994,3,1,,0,2,8,1,B01
202000007995,1,32,,0,0,0,1,A01
202000007996,1,1,,15,0,8,21,A01
202000007997,2,7,,0,1,1,26,A01
202000007998,2,7,,0,1,1,1,A01
202000007999,2,7,,0,2,3,16,A01
202000007999,1,60,,0,2,1,5,B01
202000008000,1,99,,0,1,1,26,A01
202000008001,3,7,,1,1,4,20,A01
202000008002,3,10,,0,1,1,1,A01
202000008003,0,30,,0,0,0,15,B01
202000008003,3,10,,0,0,3,0,A01
202000008004,2,7,,0,1,4,4,A01
202000008005,-1,7,,0,2,3,19,B01
202000008005,-1,34,,0,2,2,17,A01
202000008006,2,10,,0,2,1,1,A01
202000008006,2,7,,0,2,8,1,B01
202000008007,1,33,,0,0,8,1,A01
202000008008,2,7,,1,2,3,10,A01
202000008008,1,34,,1,0,2,1,B01
202000008008,2,30,,1,2,3,1,C01
202000008009,0,34,,0,2,2,1,B01
202000008009,0,7,,0,2,6,15,A01
202000008010,3,10,,0,2,1,16,A01
202000008010,3,7,,0,2,3,1,B01
202000008011,2,1,,0,1,1,1,A01
202000008012,1,32,,0,1,1,1,A01
202000008013,1,30,,0,2,1,1,A01
202000008013,1,3,,0,2,3,9,B01
202000008014,1,15,,0,0,0,14,A01
202000008015,3,7,,0,2,1,1,A01
202000008015,3,7,,0,2,4,16,B01
202000008016,3,31,,0,2,1,2,B01
202000008016,3,7,,0,2,4,2,A01
202000008017,3,7,,0,2,3,1,B01
202000008017,2,7,,0,2,2,1,A01
202000008018,3,2,,0,2,1,1,B01
202000008018,3,7,,0,2,3,11,A01
202000008019,3,7,,13,0,3,19,A01
202000008020,1,7,,0,2,2,9,A01
202000008020,1,7,,0,2,3,11,C01
202000008021,2,17,,0,2,8,1,C01
202000008021,2,3,,0,9,1,17,A01
202000008021,1,21,,0,2,8,1,B01
202000008022,2,3,,0,2,1,26,B01
202000008022,1,7,,13,2,9,17,A01
202000008023,1,7,,0,2,2,2,A01
202000008023,1,2,,3,2,6,2,B01
202000008024,3,7,,2,0,1,14,A01
202000008025,1,7,,6,0,1,1,A01
202000008026,1,7,,11,0,1,1,A01
202000008027,1,7,,0,0,8,19,A01
202000008027,2,7,,0,2,1,1,B01
202000008028,1,7,,0,2,1,2,A01
202000008028,1,7,,0,0,4,1,B01
202000008029,1,7,,2,2,1,1,B01
202000008029,2,7,,2,2,1,5,A01
202000008030,2,1,,0,0,6,1,A01
202000008031,1,14,,0,2,8,1,C01
202000008031,1,7,,0,2,3,1,B01
202000008031,2,7,,0,2,3,13,A01
202000008032,2,7,,0,2,1,2,A01
202000008032,2,7,,0,0,4,15,B01
202000008033,1,7,,0,2,1,17,A01
202000008033,2,7,,0,2,1,1,B01
202000008034,2,30,,0,2,1,1,A01
202000008034,2,7,,0,2,1,1,B01
202000008035,0,1,,0,0,9,0,A01
202000008036,1,31,,0,0,0,21,A01
202000008037,2,2,,0,2,3,13,A01
202000008037,1,7,,0,2,8,1,B01
202000008038,1,7,,0,2,2,21,B01
202000008038,1,7,,8,0,8,17,A01
202000008039,1,10,,0,2,3,1,B01
202000008039,2,3,,0,2,3,1,A01
202000008040,1,7,,0,2,1,1,B01
202000008040,1,7,,10,2,7,19,A01
202000008041,1,7,,0,2,1,19,A01
202000008041,2,7,,0,2,2,21,B01
202000008042,2,7,,0,2,1,13,A01
202000008042,1,7,,0,2,1,1,B01
202000008043,1,80,,0,2,5,1,A01
202000008043,0,7,,0,2,4,9,B01
202000008044,1,7,,6,0,1,1,A01
202000008045,1,33,,0,0,7,1,A01
202000008046,1,7,,0,2,5,2,A01
202000008046,1,7,,0,2,1,2,B01
202000008047,1,7,,0,1,1,1,A01
202000008048,2,7,,6,0,8,15,A01
202000008048,1,7,,0,2,3,1,B01
202000008049,2,2,,0,2,3,11,A01
202000008049,2,7,,0,0,5,1,B01
202000008050,2,7,,6,0,2,2,A01
202000008051,2,7,,0,1,2,1,A01
202000008052,2,7,,12,0,0,1,A01
202000008053,2,7,,0,1,2,1,A01
202000008054,2,15,,0,0,4,2,D01
202000008054,2,15,,0,2,4,2,C01
202000008054,2,15,,0,2,4,2,B01
202000008054,2,15,,0,2,1,2,A01
202000008055,1,33,,0,0,2,1,A01
202000008056,1,33,,0,2,3,13,A01
202000008056,1,7,,0,2,3,1,B01
202000008057,1,7,,0,1,0,0,A01
202000008058,1,10,,0,2,6,1,B01
202000008058,2,33,,0,2,2,1,A01
202000008059,2,7,,0,9,8,1,A01
202000008059,2,1,,0,2,1,1,B01
202000008060,2,7,,13,0,3,0,A01
202000008061,0,33,,0,2,3,1,B01
202000008061,0,7,,0,2,2,16,A01
202000008062,2,7,,0,2,7,15,B01
202000008062,1,7,,0,2,1,1,A01
202000008063,3,10,,0,2,2,15,B01
202000008063,2,33,,0,2,1,1,A01
202000008064,1,2,,0,0,5,2,A01
202000008064,1,7,,0,2,1,2,B01
202000008065,1,7,,0,2,3,15,A01
202000008065,2,1,,0,2,1,1,B01
202000008066,2,7,,0,1,1,0,A01
202000008067,0,7,,0,1,2,15,A01
202000008068,0,37,1.0,0,1,2,26,A01
202000008069,0,7,,0,0,2,11,A01
202000008069,0,7,,0,0,1,1,B01
202000008070,0,7,,0,2,1,17,A01
202000008070,0,7,,0,2,1,1,B01
202000008071,1,7,,13,0,9,0,A01
202000008072,2,7,,0,2,1,2,A01
202000008072,2,7,,0,2,5,23,B01
202000008072,2,7,,0,2,4,23,C01
202000008073,2,33,,0,0,8,21,A01
202000008074,2,32,,16,0,7,3,A01
202000008075,1,7,,0,2,1,2,A01
202000008075,1,7,,0,2,4,2,B01
202000008076,1,7,,3,0,9,2,A01
202000008077,1,10,,0,2,5,23,B01
202000008077,1,33,,1,0,1,2,A01
202000008078,1,7,,4,2,5,23,B01
202000008078,1,31,,3,2,3,3,A01
202000008079,2,7,,12,0,1,9,A01
202000008080,1,7,,0,0,4,1,B01
202000008080,1,33,,0,2,1,1,A01
202000008081,1,33,,0,2,1,14,A01
202000008081,1,7,,0,0,6,1,B01
202000008082,2,32,,0,2,3,1,B01
202000008083,1,10,,0,2,5,1,B01
202000008083,1,7,,0,2,1,1,A01
202000008084,2,7,,0,2,6,23,B01
202000008084,2,33,,1,0,1,3,A01
202000008085,2,7,,0,2,1,1,A01
202000008085,2,7,,0,2,6,1,B01
202000008085,2,7,,0,2,6,1,C01
202000008085,2,7,,0,2,4,1,D01
202000008086,2,32,,0,2,1,3,A01
202000008086,2,14,,0,2,6,1,B01
202000008087,2,7,,0,2,1,2,B01
202000008087,2,7,,0,2,4,2,A01
202000008088,2,33,,0,1,1,21,A01
202000008089,1,35,,9,0,0,0,A01
202000008090,1,7,,0,2,2,1,A01
202000008090,1,7,,0,2,4,0,C01
202000008090,1,7,,0,2,4,1,B01
202000008091,2,7,,2,0,3,1,A01
202000008092,0,7,,0,2,3,1,B01
202000008092,0,33,,0,2,3,13,A01
202000008093,3,7,,12,2,3,1,A01
202000008093,3,7,,0,2,3,13,B01
202000008094,1,7,,0,2,1,1,A01
202000008094,1,32,,0,2,3,1,B01
202000008095,2,43,,3,0,7,14,A01
202000008096,2,7,,0,2,4,2,A01
202000008096,2,7,,0,2,2,2,B01
202000008097,2,15,,0,2,7,12,A01
202000008097,2,20,,0,2,8,1,B01
202000008098,2,7,,0,1,3,1,A01
202000008099,2,33,,0,0,0,1,A01
202000008100,1,10,,4,5,3,13,A01
202000008101,2,7,,0,2,4,2,D01
202000008101,2,7,,0,2,4,2,C01
202000008101,2,7,,0,2,4,2,B01
202000008101,2,7,,0,2,1,2,A01
202000008102,2,7,,4,0,1,14,A01
202000008103,2,7,,0,2,3,2,A01
202000008103,2,34,,0,2,4,0,B01
202000008103,2,7,,0,2,4,2,C01
202000008104,2,7,,4,0,1,13,A01
202000008105,2,10,,0,2,4,2,B01
202000008105,2,7,,0,2,1,2,A01
202000008106,2,7,,4,2,1,19,A01
202000008106,2,7,,0,2,3,1,B01
202000008107,2,7,,0,2,6,1,B01
202000008107,2,15,,0,2,2,12,A01
202000008108,1,33,,8,0,1,1,A01
202000008109,3,33,,13,0,9,1,A01
202000008110,1,7,,0,2,8,15,A01
202000008110,1,7,,0,2,1,1,B01
202000008111,3,1,,0,2,1,19,B01
202000008111,3,10,,0,2,8,2,A01
202000008112,1,7,,0,1,2,1,A01
202000008113,2,2,,0,2,1,1,A01
202000008113,2,7,,0,2,8,15,B01
202000008114,0,7,,0,2,1,1,B01
202000008114,0,7,,0,2,8,9,A01
202000008115,2,99,,0,2,1,1,B01
202000008115,1,7,,0,9,5,15,A01
202000008116,1,7,,0,2,1,2,B01
202000008116,1,7,,0,2,4,2,A01
202000008117,1,37,1.0,0,1,5,1,A01
202000008118,2,17,,0,2,3,1,B01
202000008118,1,7,,0,2,3,13,A01
202000008119,1,7,,0,2,4,2,B01
202000008119,1,10,,0,2,1,2,A01
202000008120,1,7,,0,2,4,2,B01
202000008120,1,7,,0,2,1,2,A01
202000008121,1,7,,0,2,7,21,C01
202000008121,1,7,,0,2,4,1,B01
202000008121,1,30,,0,2,1,2,A01
202000008122,2,1,,0,2,3,1,B01
202000008122,1,7,,0,2,3,15,A01
202000008123,1,10,,0,2,3,9,A01
202000008123,1,2,,0,2,7,15,B01
202000008124,1,10,,0,1,3,1,A01