Num_Acc,senc,catv,occutc,obs,obsm,choc,manv,num_veh
202000008125,1,30,,0,2,1,7,A01
202000008125,1,7,,0,2,7,16,B01
202000008126,1,7,,0,2,2,1,B01
202000008126,1,32,,0,2,0,1,A01
202000008127,3,1,,0,2,1,26,B01
202000008127,3,7,,0,9,5,15,A01
202000008128,2,7,,0,2,7,15,B01
202000008128,1,7,,0,2,1,1,A01
202000008129,1,10,,0,2,6,2,A01
202000008129,1,7,,1,0,1,2,B01
202000008130,1,1,,0,2,4,1,B01
202000008130,1,7,,0,2,3,9,A01
202000008131,1,1,,0,2,1,1,B01
202000008131,1,7,,0,2,3,9,A01
202000008132,1,2,,0,0,7,14,A01
202000008133,2,7,,0,0,0,9,A01
202000008133,2,33,,0,2,0,1,B01
202000008134,1,7,,2,0,9,13,A01
202000008135,1,7,,2,2,1,1,B01
202000008135,2,7,,0,2,1,13,A01
202000008136,0,7,,1,0,2,9,A01
202000008136,3,7,,0,2,6,23,B01
202000008137,1,2,,0,2,4,2,B01
202000008137,1,32,,0,2,1,17,A01
202000008138,2,7,,9,0,3,26,A01
202000008139,3,7,,0,2,1,1,B01
202000008139,3,3,,0,2,7,19,A01
202000008140,1,50,,15,0,1,1,A01
202000008141,1,7,,16,0,8,1,A01
202000008142,1,7,,0,2,3,26,A01
202000008142,1,7,,0,2,2,1,B01
202000008143,3,7,,0,-1,1,1,B01
202000008143,3,33,,0,-1,1,1,A01
202000008144,3,7,,0,1,1,2,A01
202000008145,2,7,,4,0,2,1,A01
202000008146,1,10,,0,2,3,1,B01
202000008146,2,7,,0,2,2,1,A01
202000008147,2,7,,0,2,4,1,B01
202000008147,3,7,,0,2,1,1,A01
202000008148,3,1,,0,1,2,2,A01
202000008149,2,33,,0,1,2,1,A01
202000008150,3,7,,1,1,2,14,A01
202000008151,3,80,,0,2,1,1,B01
202000008151,3,7,,0,2,8,15,A01
202000008152,1,10,,0,1,1,1,A01
202000008153,0,7,,0,2,1,0,A01
202000008153,0,2,,0,2,7,0,B01
202000008154,1,32,,0,0,0,0,B01
202000008154,1,7,,0,2,2,15,Z01
202000008155,1,7,,0,2,1,2,A01
202000008155,1,7,,0,2,6,2,B01
202000008156,3,7,,0,2,4,23,B01
202000008156,3,7,,0,2,1,2,A01
202000008157,2,34,,0,2,1,1,A01
202000008157,3,7,,0,2,8,9,B01
202000008158,2,7,,0,2,2,1,B01
202000008158,2,1,,0,2,8,9,A01
202000008159,1,7,,0,2,4,2,B01
202000008159,1,2,,0,2,1,2,A01
202000008160,1,7,,0,1,3,15,A01
202000008161,2,10,,0,1,1,15,A01
202000008162,1,2,,0,2,4,23,B01
202000008162,1,7,,0,2,1,1,A01
202000008163,3,1,,0,2,1,1,B01
202000008163,1,7,,0,2,2,16,A01
202000008164,1,32,,0,2,1,3,B01
202000008164,1,7,,0,2,1,5,A01
202000008165,1,43,,0,2,1,1,Z01
202000008165,1,30,,0,2,4,23,A01
202000008166,3,32,,0,2,7,1,B01
202000008166,3,7,,0,2,8,11,A01
202000008167,1,32,,0,2,1,1,A01
202000008167,1,7,,0,2,3,1,B01
202000008168,1,7,,0,2,3,1,B01
202000008168,1,50,,0,2,1,1,A01
202000008169,3,1,,0,1,1,5,A01
202000008170,1,7,,0,2,8,10,Z01
202000008170,1,32,,0,2,2,1,A01
202000008171,1,1,,0,0,0,1,A01
202000008172,1,1,,0,0,0,1,A01
202000008173,1,7,,0,2,4,23,B01
202000008173,1,30,,0,2,1,1,A01
202000008174,3,7,,0,2,1,26,A01
202000008174,3,3,,0,2,2,1,B01
202000008175,2,7,,0,2,6,2,B01
202000008175,2,33,,14,0,1,2,A01
202000008176,2,30,,0,2,2,15,B01
202000008176,1,7,,0,2,3,9,A01
202000008177,1,7,,14,1,2,16,A01
202000008178,1,7,,0,2,1,13,A01
202000008178,1,7,,0,2,7,16,B01
202000008179,3,1,,0,2,1,25,B01
202000008179,3,7,,0,2,3,9,A01
202000008180,1,14,,1,0,7,12,B01
202000008180,1,34,,1,2,8,3,A01
202000008181,2,50,,15,0,2,1,B01
202000008181,1,7,,15,2,2,9,A01
202000008182,1,99,,0,2,1,2,A01
202000008182,2,33,,0,2,4,2,B01
202000008183,3,99,,0,2,1,19,A01
202000008183,3,7,,0,2,8,1,B01
202000008184,0,50,,0,2,1,9,B01
202000008184,3,3,,0,9,3,9,A01
202000008185,0,7,,0,2,2,1,B01
202000008185,0,7,,0,2,1,26,A01
202000008186,1,7,,2,0,2,14,A01
202000008187,1,7,,0,0,1,1,C01
202000008187,2,7,,3,0,8,1,B01
202000008187,1,7,,0,2,3,19,A01
202000008188,1,7,,0,1,2,1,A01
202000008189,1,7,,0,2,3,1,A01
202000008189,1,1,,0,2,5,1,B01
202000008190,2,7,,0,2,1,13,A01
202000008190,1,7,,0,2,1,1,B01
202000008191,-1,33,,0,0,1,1,A01
202000008192,1,7,,0,0,4,1,B01
202000008192,1,31,,0,2,1,2,A01
202000008193,2,7,,13,0,3,1,A01
202000008194,2,7,,17,0,1,12,A01
202000008195,2,33,,3,0,7,1,A01
202000008196,2,7,,4,0,3,13,A01
202000008197,1,7,,0,2,1,1,B01
202000008197,2,7,,0,2,3,15,A01
202000008198,2,7,,13,0,1,1,A01
202000008199,0,7,,0,2,1,1,B01
202000008199,3,7,,8,0,2,1,A01
202000008200,2,7,,0,2,5,12,A01
202000008200,2,10,,0,2,3,1,B01
202000008201,1,33,,7,0,1,1,A01
202000008202,1,7,,0,2,2,1,B01
202000008202,1,33,,0,2,4,9,A01
202000008203,2,7,,0,2,3,17,A01
202000008203,2,33,,0,2,9,17,B01
202000008204,3,33,,0,2,3,1,B01
202000008204,3,10,,0,0,2,19,A01
202000008205,2,7,,0,2,1,3,A01
202000008205,2,7,,0,2,7,17,B01
202000008205,2,7,,0,2,6,1,C01
202000008205,2,7,,1,2,4,1,D01
202000008206,2,10,,3,0,1,0,A01
202000008207,2,7,,3,2,5,17,B01
202000008207,2,7,,3,2,3,13,A01
202000008208,2,7,,13,0,0,1,A01
202000008209,1,7,,16,0,3,1,A01
202000008210,1,7,,0,0,3,15,A01
202000008210,1,33,,0,0,8,21,B01
202000008211,1,7,,0,2,2,21,A01
202000008211,1,1,,0,2,3,2,B01
202000008212,0,2,,0,0,1,0,A01
202000008213,2,7,,13,0,3,2,A01
202000008214,1,7,,13,0,1,1,A01
202000008215,1,33,,0,2,1,1,B01
202000008215,1,7,,0,2,4,1,A01
202000008216,1,2,,0,2,1,2,A01
202000008216,1,7,,0,2,5,15,B01
202000008217,3,99,,0,0,0,10,A01
202000008218,1,7,,0,0,1,0,A01
202000008219,1,33,,0,2,1,17,A01
202000008219,2,7,,0,2,1,1,B01
202000008220,2,7,,2,0,3,1,A01
202000008221,2,33,,0,0,4,23,A01
202000008221,2,7,,0,2,1,1,B01
202000008222,1,7,,0,2,1,1,B01
202000008222,1,1,,0,2,2,1,A01
202000008222,1,7,,0,9,4,1,C01
202000008222,2,7,,0,0,2,1,D01
202000008223,1,14,,0,2,8,1,B01
202000008223,2,33,,13,2,3,17,A01
202000008224,2,10,,0,2,1,1,B01
202000008224,1,7,,0,2,1,13,A01
202000008225,1,32,,0,2,1,17,B01
202000008225,2,7,,0,2,3,19,A01
202000008226,1,7,,0,1,2,1,A01
202000008227,2,10,,0,0,4,1,A01
202000008227,2,7,,0,2,1,1,B01
202000008228,1,7,,15,0,2,14,A01
202000008229,3,7,,0,2,1,19,A01
202000008229,2,7,,0,2,5,1,B01
202000008230,1,10,,0,0,9,1,A01
202000008231,2,7,,4,0,1,1,A01
202000008232,0,7,,0,2,2,19,A01
202000008232,0,1,,0,2,2,1,B01
202000008233,3,7,,0,2,1,1,B01
202000008233,3,60,,0,2,8,19,A01
202000008234,2,21,,0,2,6,1,B01
202000008234,1,33,,0,2,3,1,A01
202000008235,1,7,,0,2,8,15,B01
202000008235,2,14,,0,2,1,1,A01
202000008236,3,1,,0,0,1,0,A01
202000008237,1,7,,0,1,3,1,A01
202000008238,2,7,,0,2,6,2,B01
202000008238,2,10,,0,2,2,2,A01
202000008239,2,7,,0,1,1,1,A01
202000008240,1,7,,0,2,8,9,B01
202000008240,1,30,,0,2,7,1,A01
202000008241,1,7,,0,0,1,15,A01
202000008241,2,1,,0,2,1,1,B01
202000008241,2,1,,0,2,1,1,C01
202000008242,1,7,,0,1,4,24,A01
202000008242,1,7,,1,2,1,26,B01
202000008243,3,7,,0,2,3,13,A01
202000008243,3,7,,0,2,1,1,B01
202000008244,3,2,,0,0,3,0,A01
202000008245,1,33,,0,0,0,2,A01
202000008246,3,31,,0,2,3,1,B01
202000008246,3,7,,0,2,3,1,A01
202000008247,1,33,,0,0,7,1,A01
202000008248,2,33,,0,0,0,21,A01
202000008249,2,7,,2,0,1,14,A01
202000008250,2,1,,12,2,1,1,A01
202000008250,1,10,,0,2,3,17,B01
202000008251,0,7,,0,2,1,1,B01
202000008251,0,7,,0,2,7,19,A01
202000008252,1,7,,2,0,1,0,A01
202000008253,1,1,,0,0,6,2,B01
202000008253,1,7,,0,9,2,1,A01
202000008254,1,33,,11,0,7,1,A01
202000008255,1,7,,0,0,7,15,A01
202000008255,2,33,,0,2,1,1,B01
202000008256,0,2,,1,0,1,14,A01
202000008257,3,7,,6,1,2,26,A01
202000008258,1,7,,15,0,9,1,A01
202000008259,0,7,,0,2,3,15,A01
202000008259,0,7,,8,2,2,17,B01
202000008260,2,2,,0,0,1,5,B01
202000008260,1,7,,0,0,3,1,A01
202000008261,2,7,,0,0,6,1,B01
202000008261,2,7,,0,2,1,1,A01
202000008262,3,33,,0,2,1,1,B01
202000008262,3,7,,0,2,1,1,A01
202000008263,1,7,,2,0,1,13,A01
202000008264,1,7,,0,2,3,15,A01
202000008264,1,15,,0,2,1,1,B01
202000008265,1,7,,13,0,1,1,A01
202000008266,1,15,,3,0,1,1,A01
202000008267,3,7,,0,1,7,16,A01
202000008268,1,7,,17,0,1,12,A01
202000008269,2,7,,0,2,2,19,A01
202000008269,2,33,,0,0,8,1,B01
202000008270,1,7,,0,1,1,1,A01
202000008271,0,31,,0,2,1,13,A01
202000008271,0,3,,0,2,3,1,B01
202000008272,2,7,,0,0,8,0,A01
202000008272,2,14,,1,0,2,1,B01
202000008273,2,14,,0,2,5,15,A01
202000008273,1,1,,0,2,2,1,B01
202000008274,1,10,,13,0,3,0,A01
202000008275,1,15,,0,0,4,2,B01
202000008275,1,7,,0,2,4,2,A01
202000008276,2,15,,0,0,6,2,C01
202000008276,2,7,,0,2,1,2,B01
202000008276,2,7,,0,2,1,2,A01
202000008277,0,15,,0,1,1,1,A01
202000008278,1,32,,0,2,1,1,B01
202000008278,2,7,,0,2,3,9,A01
202000008279,1,2,,0,0,8,1,A01
202000008280,1,7,,0,2,3,9,B01
202000008280,2,33,,0,0,5,2,A01
202000008281,2,7,,0,1,2,0,A01
202000008282,1,7,,0,2,1,2,B01
202000008282,1,7,,0,2,4,2,A01
202000008283,1,14,,0,1,0,26,A01
202000008284,1,2,,1,0,1,1,A01
202000008285,3,1,,0,2,8,0,B01
202000008285,3,32,,0,9,1,0,A01
202000008286,1,30,,0,0,0,1,A01
202000008287,1,30,,0,1,1,1,A01
202000008288,2,1,,0,2,1,26,A01
202000008288,3,7,,0,2,3,0,B01
202000008289,2,2,,1,2,1,1,A01
202000008289,1,7,,0,2,1,1,Z01
202000008290,1,7,,0,9,8,15,B01
202000008290,2,50,,0,2,1,1,A01
202000008291,2,7,,6,0,1,9,A01
202000008291,2,7,,0,2,1,0,B01
202000008292,1,1,,0,2,6,19,B01
202000008292,1,7,,0,9,2,1,A01
202000008293,2,36,,12,0,1,15,A01
202000008294,1,7,,0,2,1,13,A01
202000008294,2,7,,0,2,8,21,B01
202000008294,2,7,,0,2,3,21,C01
202000008295,3,7,,0,1,1,1,A01
202000008296,3,7,,0,2,5,1,B01
202000008296,3,10,,0,2,3,9,A01
202000008297,3,7,,0,2,1,2,A01
202000008297,3,7,,0,2,4,2,B01
202000008298,1,10,,6,2,0,21,B01
202000008298,1,10,,0,2,1,1,A01
202000008299,3,7,,0,2,3,1,B01
202000008299,3,7,,0,2,2,1,A01
202000008300,1,7,,15,0,1,1,A01
202000008301,2,7,,0,1,1,1,A01
202000008302,1,7,,0,2,3,15,B01
202000008302,1,30,,0,2,5,17,A01
202000008303,2,10,,0,2,0,15,A01
202000008303,1,2,,0,2,0,18,B01
202000008304,2,7,,0,2,4,23,A01
202000008304,2,7,,1,2,4,23,B01
202000008304,2,37,1.0,1,2,1,2,C01
202000008305,3,50,,0,2,1,19,A01
202000008305,3,7,,0,9,8,1,B01
202000008306,2,7,,0,2,4,23,B01
202000008306,2,30,,0,2,1,1,A01
202000008307,2,7,,0,1,3,21,A01
202000008308,3,7,,0,2,2,2,B01
202000008308,3,7,,0,2,3,9,A01
202000008309,2,7,,0,1,1,1,A01
202000008310,1,7,,0,1,0,9,A01
202000008311,3,7,,0,2,3,1,A01
202000008311,3,7,,0,2,7,16,B01
202000008312,1,1,,0,2,8,9,B01
202000008312,1,10,,0,2,2,9,A01
202000008313,1,7,,0,1,4,20,A01
202000008314,1,7,,0,1,1,1,A01
202000008315,1,7,,0,2,7,15,B01
202000008315,2,7,,0,2,1,1,A01
202000008316,1,7,,0,2,3,9,A01
202000008316,1,7,,0,2,1,1,B01
202000008317,2,7,,0,2,3,9,A01
202000008317,2,1,,0,2,2,1,B01
202000008318,1,1,,0,2,1,1,B01
202000008318,2,7,,0,2,1,15,A01
202000008319,3,14,,0,2,1,1,B01
202000008319,3,7,,0,2,2,17,A01
202000008320,2,7,,0,2,0,1,C01
202000008320,2,7,,0,2,6,1,B01
202000008320,2,7,,0,2,1,17,A01
202000008321,3,30,,1,0,7,1,A01
202000008322,1,7,,0,1,1,1,PA01
202000008323,1,7,,0,1,1,1,A01
202000008324,2,7,,0,2,1,1,B01
202000008324,1,33,,0,2,1,13,A01
202000008325,2,1,,1,0,1,1,B01
202000008325,2,7,,0,2,3,24,A01
202000008326,2,10,,0,2,7,0,B01
202000008326,2,33,,0,2,8,2,A01
202000008327,2,7,,0,2,3,1,B01
202000008327,1,7,,0,2,8,2,A01
202000008328,1,7,,0,2,3,9,A01
202000008328,1,1,,0,2,1,1,B01
202000008329,2,7,,0,2,3,9,Z01
202000008329,2,1,,0,2,2,1,B01
202000008330,1,32,,0,2,0,0,B01
202000008330,1,7,,0,2,8,11,A01
202000008331,0,7,,0,2,0,26,Z01
202000008331,1,1,,0,2,4,1,A01
202000008332,1,1,,0,2,0,19,B01
202000008332,1,7,,0,2,2,15,A01
202000008333,2,7,,0,1,3,1,A01
202000008334,1,30,,0,0,0,1,A01
202000008335,0,7,,0,2,7,0,Z01
202000008335,3,10,,0,2,1,1,B01
202000008336,1,7,,9,0,1,1,A01
202000008337,1,30,,0,1,1,1,Z01
202000008338,1,7,,0,1,3,1,A01
202000008339,3,10,,0,2,4,2,B01
202000008339,3,7,,0,2,1,1,A01
202000008340,3,7,,0,2,1,1,A01
202000008340,3,7,,0,2,7,1,B01
202000008341,1,33,,0,2,1,1,A01
202000008341,1,7,,0,2,3,15,B01
202000008342,1,7,,0,2,3,0,B01
202000008342,3,7,,0,2,3,15,A01
202000008343,1,7,,4,0,4,14,A01
202000008344,1,7,,0,2,3,9,B01
202000008344,1,7,,0,2,2,1,A01
202000008345,1,50,,0,2,1,1,B01
202000008345,1,7,,0,2,5,16,A01
202000008346,2,10,,0,2,8,9,A01
202000008346,2,30,,0,2,2,1,B01
202000008347,3,1,,0,0,1,1,A01
202000008348,2,34,,14,1,1,17,A01
202000008349,3,7,,1,0,1,0,C01
202000008349,3,7,,16,0,5,26,B01
202000008349,1,7,,1,2,1,5,A01
202000008350,2,30,,1,0,1,17,B01
202000008350,1,7,,0,0,3,1,A01
202000008351,1,10,,1,2,3,1,A01
202000008351,2,10,,1,0,0,0,C01
202000008351,2,10,,1,2,0,0,B01
202000008352,-1,7,,1,2,1,17,B01
202000008352,-1,7,,0,2,3,15,A01
202000008353,1,33,,0,2,1,1,A01
202000008353,1,7,,0,2,2,15,B01
202000008354,1,7,,0,1,2,15,A01
202000008355,3,7,,6,2,1,19,A01
202000008355,1,7,,7,2,3,1,B01
202000008356,2,7,,6,0,1,1,A01
202000008357,3,7,,0,1,1,15,A01
202000008358,0,2,,0,0,0,0,B01
202000008358,0,2,,0,2,0,0,A01
202000008359,1,7,,0,2,1,1,B01
202000008359,2,7,,0,2,1,13,A01
202000008360,2,7,,0,2,7,2,A01
202000008360,2,7,,14,2,4,2,B01
202000008360,2,7,,14,2,1,2,C01
202000008360,2,7,,14,2,1,2,D01
202000008360,2,7,,14,2,1,2,E01
202000008361,1,7,,4,0,2,14,A01
202000008362,2,7,,0,2,4,2,B01
202000008362,2,10,,0,2,2,21,A01
202000008363,1,7,,0,0,0,0,Z01
202000008363,1,7,,0,2,1,2,B01
202000008363,1,7,,0,2,1,2,A01
202000008363,1,7,,0,2,4,0,D01
202000008363,1,7,,0,2,4,0,C01
202000008364,1,7,,0,2,4,2,C01
202000008364,1,7,,0,2,1,2,A01
202000008364,1,7,,0,2,1,2,B01
202000008365,2,7,,4,0,1,1,A01
202000008366,1,7,,12,0,2,1,A01
202000008367,2,7,,0,2,4,1,C01
202000008367,2,7,,0,2,1,1,A01
202000008367,2,7,,0,2,9,1,B01
202000008368,3,7,,0,0,0,26,A01
202000008368,3,7,,0,0,0,0,B01
202000008369,2,7,,3,0,8,13,A01
202000008370,1,7,,0,2,1,1,A01
202000008370,1,7,,0,2,4,2,B01
202000008370,1,10,,0,2,4,2,C01
202000008371,2,7,,0,2,1,9,A01
202000008371,2,7,,3,0,4,9,B01
202000008372,1,14,,3,0,1,21,A01
202000008373,2,10,,4,0,3,1,A01
202000008374,2,7,,4,0,6,13,A01
202000008375,1,7,,0,2,4,2,B01
202000008375,1,7,,0,2,1,1,A01
202000008376,1,7,,0,2,1,1,B01
202000008376,1,7,,0,2,6,2,A01
202000008377,1,7,,3,0,1,1,A01
202000008378,1,7,,0,2,6,24,B01
202000008378,1,10,,1,2,2,1,A01
202000008379,3,7,,0,1,3,1,A01
202000008380,1,10,,0,2,7,15,A01
202000008380,1,34,,0,2,1,1,EB01
202000008381,1,32,,0,9,0,17,A01
202000008381,1,14,,0,9,0,23,B01
202000008382,2,7,,0,2,8,13,A01
202000008382,1,2,,0,2,1,17,B01
202000008383,1,7,,0,2,8,1,A01
202000008383,1,2,,0,0,0,0,B01
202000008384,2,7,,0,2,3,1,B01
202000008384,1,2,,0,2,1,13,A01
202000008385,1,7,,0,2,8,1,A01
202000008385,1,34,,0,2,1,17,B01
202000008386,0,33,,0,4,0,26,A01
202000008387,2,10,,0,1,5,14,A01
202000008388,1,7,,0,9,4,1,B01
202000008388,1,1,,0,2,1,2,A01
202000008389,0,30,,0,0,0,2,A01
202000008390,3,7,,0,2,1,1,A01
202000008390,3,7,,0,2,4,1,B01
202000008391,1,2,,0,2,1,21,A01
202000008391,1,7,,0,2,4,1,B01
202000008392,3,15,,0,2,1,1,A01
202000008392,3,7,,0,2,8,19,B01
202000008393,1,33,,0,1,3,21,A01
202000008394,2,30,,0,2,2,5,A01
202000008394,1,10,,0,2,1,1,B01
202000008395,3,7,,0,2,3,2,B01
202000008395,3,32,,0,2,1,26,A01
202000008396,2,7,,0,2,1,1,B01
202000008396,1,7,,0,2,7,1,A01
202000008397,2,10,,0,2,2,1,B01
202000008397,2,7,,0,2,3,10,A01
202000008398,0,10,,0,2,3,19,A01
202000008398,3,10,,0,2,1,1,B01
202000008399,3,1,,12,0,1,14,A01
202000008400,2,7,,0,2,4,1,B01
202000008400,2,7,,0,2,1,1,A01
202000008401,3,50,,0,2,7,1,B01
202000008401,3,7,,0,2,3,9,A01
202000008402,1,7,,0,1,1,15,A01
202000008403,2,7,,0,2,8,1,B01
202000008403,2,7,,0,2,7,14,A01
202000008404,1,7,,0,2,1,26,A01
202000008404,1,7,,0,2,8,26,B01
202000008405,1,7,,0,2,3,1,B01
202000008405,1,7,,0,2,3,15,A01
202000008406,1,7,,0,2,1,2,A01
202000008406,1,7,,0,2,4,2,B01
202000008406,1,7,,16,0,4,2,C01
202000008407,0,2,,0,2,1,1,B01
202000008407,0,7,,0,2,3,15,A01
202000008408,0,7,,0,2,1,1,B01
202000008408,0,7,,0,2,1,1,A01
202000008409,1,7,,0,1,4,20,A01
202000008410,1,37,5.0,0,2,3,1,B01
202000008410,1,7,,0,2,7,16,A01
202000008411,1,10,,0,2,1,9,A01
202000008411,1,7,,0,2,4,9,B01
202000008412,2,7,,8,0,1,14,A01
202000008413,1,7,,0,0,2,21,A01
202000008414,3,7,,8,0,1,26,A01
202000008415,0,1,,0,2,0,0,A01
202000008415,0,7,,0,2,0,0,Z01
202000008416,2,7,,0,2,1,9,A01
202000008416,2,7,,0,2,6,1,B01
202000008417,3,1,,0,2,7,0,A01
202000008417,3,1,,0,2,8,0,B01
202000008418,3,7,,0,1,3,1,A01
202000008419,2,7,,0,2,3,1,C01
202000008419,1,7,,0,2,1,1,B01
202000008419,1,7,,0,2,7,15,A01
202000008420,1,7,,0,2,4,2,B01
202000008420,1,30,,0,2,1,2,A01
202000008421,1,3,,0,2,0,1,Z01
202000008421,1,34,,0,2,0,2,A01
202000008422,1,10,,0,1,3,15,A01
202000008423,1,7,,0,2,1,26,A01
202000008423,1,2,,0,2,4,0,B01
202000008424,1,10,,0,2,0,0,A01
202000008424,2,32,,12,2,1,21,B01
202000008425,1,10,,0,1,3,2,A01
202000008426,1,7,,2,0,9,26,A01
202000008427,1,7,,0,2,3,9,A01
202000008427,1,2,,0,2,5,12,B01
202000008428,2,3,,8,0,1,1,A01
202000008429,1,32,,0,2,3,18,B01
202000008429,1,7,,0,2,5,16,A01
202000008430,3,10,,0,2,3,15,B01
202000008430,3,34,,0,2,1,17,A01
202000008431,1,30,,0,2,1,21,A01
202000008431,1,50,,0,2,1,19,Z01
202000008432,2,7,,0,2,3,1,B01
202000008432,2,34,,0,2,3,17,A01
202000008433,1,7,,0,2,1,1,B01
202000008433,2,7,,0,2,1,1,A01
202000008434,1,7,,0,2,8,9,B01
202000008434,1,2,,0,2,1,1,A01
202000008435,3,37,1.0,0,2,2,0,B01
202000008435,3,7,,0,2,3,9,A01
202000008436,2,7,,5,0,3,12,A01
202000008437,1,0,,0,1,1,16,A01
202000008438,1,7,,6,0,2,26,A01
202000008439,3,7,,1,0,8,15,A01
202000008439,3,7,,1,0,0,1,B01
202000008440,0,10,,0,1,4,26,A01
202000008441,1,2,,0,2,7,0,B01
202000008441,1,7,,0,2,1,26,A01
202000008442,3,1,,0,0,0,1,A01
202000008443,3,7,,0,2,6,19,B01
202000008443,3,33,,0,2,1,1,A01
202000008444,1,32,,0,2,8,1,B01
202000008444,1,34,,0,2,1,1,A01
202000008445,2,7,,0,2,2,1,B01
202000008445,1,30,,0,2,7,1,A01
202000008446,2,2,,0,2,2,1,B01
202000008446,2,10,,0,2,8,15,A01
202000008447,3,60,,0,2,4,13,B01
202000008447,1,34,,0,2,1,17,A01
202000008448,1,7,,0,1,1,0,A01
202000008449,2,7,,0,2,2,2,B01
202000008449,1,7,,0,2,7,19,A01
202000008450,2,7,,0,1,1,26,A01
202000008451,3,7,,0,2,3,5,A01
202000008451,3,32,,0,2,1,1,B01
202000008452,1,33,,0,0,9,14,A01
202000008453,2,7,,13,0,2,1,A01
202000008454,2,7,,0,1,3,1,A01
202000008455,2,7,,13,0,1,1,A01
202000008456,1,33,,0,0,8,1,A01
202000008457,1,7,,16,0,9,1,A01
202000008458,1,7,,0,2,1,17,A01
202000008458,2,7,,0,2,1,1,B01
202000008459,3,7,,9,9,7,0,A01
202000008460,1,10,,0,2,3,1,B01
202000008460,2,10,,0,2,3,1,C01
202000008460,2,21,,0,2,0,1,A01
202000008461,0,2,,0,0,0,0,A01
202000008462,0,2,,0,0,0,1,A01
202000008463,3,7,,0,2,1,19,A01
202000008463,1,99,,8,0,8,1,B01
202000008464,1,7,,3,0,2,1,A01
202000008465,1,7,,0,2,5,13,A01
202000008465,2,10,,0,2,2,1,B01
202000008466,3,7,,0,1,2,0,A01
202000008467,3,7,,0,9,1,13,A01
202000008467,3,1,,0,0,1,1,B01
202000008468,1,31,,14,0,8,1,A01
202000008469,0,10,,0,1,3,1,A01
202000008470,2,30,,0,2,1,15,A01
202000008470,1,7,,0,2,2,1,B01
202000008471,2,7,,0,0,3,1,B01
202000008471,3,7,,0,2,1,19,A01
202000008472,2,7,,0,2,1,1,C01
202000008472,2,7,,0,2,8,1,B01
202000008472,2,7,,0,2,1,17,A01
202000008473,2,7,,0,2,1,1,B01
202000008473,3,7,,0,2,8,19,A01
202000008474,3,2,,0,2,1,21,B01
202000008474,3,7,,0,2,8,21,A01
202000008475,2,7,,0,1,1,1,A01
202000008476,1,10,,0,2,1,9,A01
202000008476,1,2,,0,2,1,1,B01
202000008477,1,7,,0,1,0,9,A01
202000008478,0,33,,0,2,8,1,B01
202000008478,0,10,,0,2,2,19,A01
202000008479,1,10,,0,2,1,5,A01
202000008479,2,7,,0,2,1,1,C01
202000008479,2,7,,0,2,3,1,B01
202000008480,1,7,,0,1,1,1,A01
202000008481,1,2,,0,2,1,1,B01
202000008481,2,7,,0,2,1,5,A01
202000008482,2,7,,0,2,7,1,B01
202000008482,2,30,,0,2,1,19,A01
202000008483,1,7,,0,1,1,1,Z01
202000008484,1,7,,15,0,9,13,A01
202000008485,1,37,1.0,0,1,5,1,A01
202000008486,1,7,,0,9,8,19,A01
202000008486,1,50,,0,2,1,1,B01
202000008487,3,7,,0,1,1,15,A01
202000008488,0,1,,0,2,8,1,A01
202000008488,3,37,1.0,0,2,2,1,B01
202000008489,1,10,,0,9,3,1,A01
202000008489,1,1,,0,2,2,1,B01
202000008490,1,30,,0,0,0,0,A01
202000008491,1,7,,0,2,0,0,A01
202000008491,1,7,,0,2,0,0,B01
202000008492,3,7,,0,1,1,2,C01
202000008492,3,7,,0,1,1,2,D01
202000008492,3,7,,0,2,1,2,E01
202000008492,3,7,,12,0,1,1,A01
202000008493,3,30,,0,2,1,1,A01
202000008493,0,7,,0,0,4,26,B01
202000008494,0,30,,0,0,2,0,A01
202000008495,2,2,,0,0,1,1,B01
202000008495,1,7,,0,2,1,15,A01
202000008496,0,7,,0,2,3,9,A01
202000008496,0,1,,0,0,7,19,B01
202000008497,1,7,,0,1,2,1,A01
202000008498,2,33,,0,2,1,15,B01
202000008498,1,7,,0,2,5,1,A01
202000008499,1,7,,0,2,3,13,A01
202000008499,2,15,,0,0,6,1,B01
202000008500,1,30,,0,0,7,1,A01
202000008501,3,33,,15,2,1,1,B01
202000008501,3,7,,0,2,7,12,A01
202000008502,1,7,,0,1,1,1,A01
202000008503,1,7,,0,2,2,19,A01
202000008503,1,7,,0,2,3,26,B01
202000008504,3,7,,0,2,2,15,A01
202000008504,1,32,,0,2,1,2,B01
202000008505,1,7,,0,2,8,26,A01
202000008505,1,34,,0,2,1,2,B01
202000008506,2,7,,0,2,3,0,B01
202000008506,1,7,,0,2,1,13,A01
202000008507,1,7,,0,2,0,0,B01
202000008507,2,7,,0,2,2,15,A01
202000008508,2,7,,0,2,3,13,A01
202000008508,1,7,,0,2,3,1,B01
202000008509,1,7,,0,2,1,20,A01
202000008509,2,1,,0,2,2,1,B01
202000008510,1,7,,9,0,2,1,A01
202000008511,1,33,,0,2,2,3,C01
202000008511,1,7,,0,2,2,1,B01
202000008511,1,10,,0,2,3,11,A01
202000008511,1,10,,0,2,7,1,D01
202000008512,2,32,,0,2,1,17,A01