Num_Acc,senc,catv,occutc,obs,obsm,choc,manv,num_veh
202000008512,2,7,,0,2,3,15,B01
202000008513,1,7,,0,2,3,15,A01
202000008513,2,1,,0,2,3,1,B01
202000008514,2,1,,0,1,1,1,A01
202000008515,1,1,,0,2,1,1,B01
202000008515,2,7,,0,2,3,15,A01
202000008516,2,30,,0,2,3,2,A01
202000008516,2,7,,0,2,5,2,B01
202000008517,1,1,,0,2,2,15,A01
202000008517,2,32,,0,2,1,1,B01
202000008518,1,7,,0,2,6,15,B01
202000008518,1,30,,0,2,1,1,A01
202000008519,2,32,,0,2,2,1,B01
202000008519,2,7,,0,2,3,9,A01
202000008520,1,7,,0,1,4,4,Z01
202000008521,1,1,,14,0,1,13,A01
202000008522,1,80,,14,0,7,13,A01
202000008523,1,7,,0,2,4,2,B01
202000008523,1,7,,0,2,1,1,A01
202000008524,2,30,,0,0,7,0,A01
202000008525,1,7,,0,2,1,1,B01
202000008525,0,7,,0,2,7,0,A01
202000008526,0,10,,0,2,1,1,A01
202000008526,0,7,,0,2,4,1,B01
202000008527,1,7,,0,2,0,0,A01
202000008527,1,10,,0,0,0,0,B01
202000008528,-1,7,,0,2,5,0,A01
202000008528,-1,33,,0,2,1,2,B01
202000008529,1,7,,12,1,3,1,A01
202000008530,1,7,,0,1,1,1,A01
202000008531,3,32,,1,0,0,21,A01
202000008532,1,32,,0,2,2,1,B01
202000008532,1,1,,0,2,3,15,A01
202000008533,2,10,,0,2,1,13,A01
202000008533,1,30,,0,2,1,1,B01
202000008534,2,7,,0,2,2,1,B01
202000008534,2,33,,0,2,1,17,A01
202000008535,1,7,,2,0,1,1,A01
202000008536,3,7,,2,0,8,1,A01
202000008537,1,7,,0,9,2,1,A01
202000008537,1,1,,0,2,4,1,B01
202000008538,2,10,,7,1,2,2,A01
202000008539,0,7,,0,1,2,1,A01
202000008540,2,10,,6,0,3,13,A01
202000008541,1,7,,0,2,1,0,A01
202000008541,2,7,,0,2,1,0,B01
202000008542,1,7,,3,0,1,1,A01
202000008543,2,2,,0,2,1,1,B01
202000008543,2,7,,0,2,3,9,A01
202000008544,2,7,,0,2,8,15,B01
202000008544,2,7,,0,2,2,1,A01
202000008545,1,14,,16,0,1,13,A01
202000008546,2,7,,13,2,1,13,A01
202000008546,1,17,,0,2,1,1,B01
202000008546,1,7,,0,2,1,1,C01
202000008547,2,2,,0,0,9,1,A01
202000008548,2,7,,2,0,1,1,A01
202000008549,2,7,,2,0,1,13,A01
202000008550,1,10,,2,0,1,13,A01
202000008551,3,7,,2,0,3,14,A01
202000008552,1,7,,0,2,7,1,B01
202000008552,1,7,,0,2,1,19,A01
202000008553,2,2,,0,2,8,13,A01
202000008553,1,7,,0,2,3,1,B01
202000008554,1,7,,0,2,2,15,A01
202000008554,2,1,,0,2,1,1,B01
202000008555,1,33,,0,2,1,1,B01
202000008555,2,7,,0,2,5,15,A01
202000008556,2,10,,0,0,3,15,B01
202000008556,2,33,,0,0,2,17,A01
202000008557,1,7,,13,0,1,14,A01
202000008558,1,7,,0,2,3,13,A01
202000008558,2,7,,0,2,3,1,B01
202000008559,2,2,,0,0,7,1,A01
202000008560,1,31,,0,0,0,1,A01
202000008561,1,2,,0,0,7,1,A01
202000008562,1,1,,1,0,8,14,A01
202000008563,1,21,,1,1,2,1,A01
202000008564,3,7,,0,6,1,1,A01
202000008565,2,7,,13,0,2,1,A01
202000008566,0,13,,0,2,3,1,B01
202000008566,0,3,,0,2,1,13,A01
202000008567,2,7,,6,0,4,1,A01
202000008568,1,7,,0,2,1,1,B01
202000008568,2,7,,0,2,2,13,A01
202000008569,2,33,,0,2,1,1,B01
202000008569,1,7,,0,2,2,15,A01
202000008570,2,2,,0,1,1,21,A01
202000008571,1,7,,2,0,1,1,A01
202000008572,2,7,,14,1,1,1,A01
202000008573,1,7,,0,0,4,1,B01
202000008573,1,10,,0,2,1,1,A01
202000008574,3,33,,0,0,0,1,A01
202000008575,2,99,,4,0,8,1,B01
202000008575,2,17,,4,0,8,1,A01
202000008576,2,7,,2,0,7,1,A01
202000008577,2,10,,0,2,7,1,B01
202000008577,2,30,,0,2,7,16,A01
202000008578,3,36,,0,0,1,2,B01
202000008578,3,7,,0,0,4,2,A01
202000008579,1,17,,0,2,3,9,A01
202000008579,1,7,,0,2,7,1,B01
202000008580,1,7,,0,1,0,1,A01
202000008581,2,30,,0,2,1,3,B01
202000008581,1,7,,0,2,3,15,A01
202000008582,1,7,,0,2,3,20,A01
202000008582,1,2,,0,2,7,1,B01
202000008583,2,31,,0,2,0,1,A01
202000008583,3,7,,0,0,8,15,B01
202000008584,-1,7,,0,2,3,1,B01
202000008584,0,7,,0,2,3,1,A01
202000008585,1,1,,0,0,0,1,A01
202000008586,2,7,,0,9,0,2,D01
202000008586,2,7,,0,9,0,2,C01
202000008586,2,14,,0,2,1,2,B01
202000008586,2,14,,0,2,4,1,A01
202000008587,1,7,,2,0,1,14,A01
202000008588,2,15,,0,2,1,1,A01
202000008588,2,7,,0,2,4,1,B01
202000008589,2,15,,0,2,4,1,B01
202000008589,2,10,,0,2,1,1,A01
202000008590,1,15,,0,2,3,1,B01
202000008590,1,7,,0,2,2,0,A01
202000008591,2,7,,0,2,1,2,A01
202000008591,2,7,,0,2,4,2,B01
202000008592,2,7,,0,2,1,1,A01
202000008592,2,7,,0,2,4,23,B01
202000008593,1,7,,0,2,1,1,C01
202000008593,2,7,,0,2,4,15,B01
202000008593,2,7,,0,2,1,1,A01
202000008594,1,99,,0,2,5,16,A01
202000008594,1,2,,0,2,1,1,B01
202000008595,2,7,,0,9,6,10,Z01
202000008595,2,33,,0,2,1,1,A01
202000008596,2,1,,0,2,1,1,A01
202000008596,2,7,,0,9,3,1,B01
202000008597,2,7,,0,2,1,1,B01
202000008597,2,7,,0,2,4,15,A01
202000008598,1,33,,0,2,4,16,B01
202000008598,1,7,,0,2,2,2,A01
202000008599,3,7,,0,2,2,1,A01
202000008599,3,10,,0,2,3,20,B01
202000008600,2,30,,0,2,2,15,A01
202000008600,2,7,,0,2,3,16,B01
202000008601,1,7,,0,2,8,9,A01
202000008601,1,7,,0,2,2,1,B01
202000008602,1,7,,0,1,3,1,A01
202000008603,1,30,,0,2,1,15,A01
202000008603,1,7,,0,2,4,2,C01
202000008604,0,7,,0,1,3,15,A01
202000008605,2,7,,0,2,7,1,B01
202000008605,1,7,,0,2,1,9,A01
202000008606,1,33,,0,0,3,1,A01
202000008607,1,10,,0,2,1,1,Z01
202000008607,1,30,,0,2,4,23,B01
202000008608,2,30,,16,0,1,1,A01
202000008609,2,7,,0,2,1,1,B01
202000008609,1,10,,0,2,1,9,A01
202000008610,1,7,,8,0,1,1,A01
202000008611,2,1,,0,2,8,1,B01
202000008611,2,7,,0,2,7,17,A01
202000008612,2,7,,0,1,2,9,A01
202000008613,1,7,,0,9,1,1,B01
202000008613,2,99,,0,2,8,25,A01
202000008614,3,7,,0,1,3,15,A01
202000008615,1,7,,0,2,1,13,A01
202000008615,2,7,,0,2,1,1,B01
202000008616,1,1,,0,2,1,1,B01
202000008616,1,7,,0,2,3,9,A01
202000008617,2,7,,0,1,8,1,A01
202000008618,3,7,,0,1,0,0,Z01
202000008619,1,33,,0,1,0,0,A01
202000008620,1,1,,0,2,8,19,A01
202000008620,1,7,,0,2,6,1,B01
202000008621,1,7,,0,2,0,1,A01
202000008621,1,30,,0,2,0,0,B01
202000008622,3,1,,0,2,8,15,B01
202000008622,3,99,,0,2,1,1,A01
202000008623,1,7,,0,2,2,15,A01
202000008623,1,1,,0,2,1,1,B01
202000008624,1,37,1.0,0,2,2,1,B01
202000008624,1,7,,0,2,3,15,A01
202000008625,1,34,,11,0,1,26,A01
202000008626,1,31,,0,2,4,1,B01
202000008626,1,7,,0,2,1,1,A01
202000008627,1,33,,0,1,1,1,A01
202000008628,0,7,,0,2,2,24,B01
202000008628,0,7,,0,2,1,13,A01
202000008629,0,7,,0,2,3,1,B01
202000008629,0,7,,0,2,2,1,A01
202000008630,2,33,,0,0,8,15,A01
202000008631,3,7,,0,2,3,15,A01
202000008631,3,2,,0,2,1,17,B01
202000008632,1,10,,0,2,3,1,B01
202000008632,1,10,,0,2,1,1,A01
202000008633,1,33,,0,2,1,26,A01
202000008633,2,7,,0,0,8,15,B01
202000008634,0,32,,0,1,1,0,A01
202000008635,2,7,,0,1,1,0,A01
202000008636,1,7,,0,0,1,17,A01
202000008637,2,7,,0,1,1,1,A01
202000008638,1,7,,8,2,7,15,A01
202000008638,2,33,,0,2,1,1,B01
202000008639,1,7,,0,1,3,9,A01
202000008640,1,32,,0,2,2,2,A01
202000008640,1,7,,0,2,5,2,B01
202000008641,2,30,,0,1,8,1,A01
202000008642,3,32,,14,0,1,21,A01
202000008643,1,7,,0,2,3,9,B01
202000008643,1,50,,0,2,3,25,A01
202000008644,2,33,,0,1,1,17,A01
202000008645,2,7,,0,2,0,10,Z01
202000008645,1,1,,0,2,0,1,A01
202000008646,2,32,,0,1,8,1,A01
202000008647,2,33,,0,2,1,1,B01
202000008647,1,7,,0,2,7,10,A01
202000008648,1,10,,0,2,1,5,A01
202000008648,2,1,,0,2,8,1,B01
202000008649,2,7,,0,1,2,24,A01
202000008650,3,7,,6,2,5,1,A01
202000008650,3,10,,0,2,1,1,B01
202000008651,2,34,,1,0,1,21,A01
202000008652,1,34,,0,2,6,2,B01
202000008652,1,7,,0,2,6,10,A01
202000008653,3,33,,14,0,1,19,A01
202000008654,3,7,,15,1,1,9,Z01
202000008655,1,30,,0,2,8,26,A01
202000008655,1,7,,0,2,0,26,Z01
202000008656,1,10,,14,1,1,26,A01
202000008657,3,7,,0,2,5,1,B01
202000008657,-1,7,,0,2,3,9,A01
202000008658,1,7,,0,2,3,1,B01
202000008658,1,30,,0,2,1,1,A01
202000008659,2,20,,0,2,5,9,B01
202000008659,1,20,,0,2,5,19,A01
202000008660,0,7,,0,1,2,1,A01
202000008661,0,7,,0,0,6,23,A01
202000008661,0,15,,0,0,1,0,B01
202000008662,-1,7,,0,1,1,2,A01
202000008663,3,7,,0,2,6,23,B01
202000008663,3,7,,0,2,2,2,A01
202000008664,2,7,,0,2,2,16,A01
202000008664,1,80,,0,2,1,19,B01
202000008665,1,7,,8,0,1,16,A01
202000008666,2,7,,0,2,3,1,B01
202000008666,1,7,,0,2,1,1,A01
202000008667,2,7,,0,2,1,1,A01
202000008667,1,7,,0,2,1,1,B01
202000008668,1,7,,0,9,3,9,A01
202000008668,1,1,,0,2,1,1,D01
202000008668,1,1,,0,2,1,2,F01
202000008669,2,32,,13,0,1,0,A01
202000008670,3,7,,0,2,6,15,A01
202000008670,2,33,,0,2,1,21,B01
202000008670,2,33,,0,0,1,21,C01
202000008670,2,33,,0,2,1,21,D01
202000008671,2,33,,4,0,0,0,A01
202000008672,1,7,,0,2,1,1,B01
202000008672,2,33,,0,2,1,13,A01
202000008673,1,7,,0,2,2,1,A01
202000008673,1,1,,0,2,4,0,B01
202000008674,2,33,,0,0,0,1,A01
202000008675,0,33,,0,2,8,1,A01
202000008675,0,31,,0,2,8,1,B01
202000008676,1,7,,6,0,3,1,A01
202000008677,2,7,,6,0,2,1,A01
202000008678,2,2,,0,2,1,13,B01
202000008678,1,7,,3,2,3,1,A01
202000008679,1,36,,6,0,1,1,A01
202000008680,2,2,,5,0,7,1,A01
202000008681,2,80,,0,0,7,15,A01
202000008682,2,33,,13,0,1,0,A01
202000008683,3,7,,0,2,2,11,A01
202000008683,3,1,,0,2,1,1,B01
202000008684,2,33,,0,2,1,1,A01
202000008684,2,7,,0,2,6,15,B01
202000008685,2,7,,0,2,3,9,B01
202000008685,1,1,,0,2,2,1,A01
202000008686,2,7,,0,2,3,1,B01
202000008686,2,30,,0,2,6,26,A01
202000008687,3,7,,0,2,3,1,B01
202000008687,3,7,,0,2,3,13,A01
202000008688,1,7,,16,0,2,1,A01
202000008689,2,7,,0,2,8,11,A01
202000008689,2,2,,0,2,7,1,B01
202000008689,2,2,,0,2,7,1,C01
202000008689,2,2,,16,0,0,1,D01
202000008690,1,33,,0,0,3,1,A01
202000008691,2,33,,5,0,8,1,A01
202000008692,1,7,,0,0,1,2,B01
202000008692,1,7,,0,0,4,23,A01
202000008693,2,7,,0,2,1,1,B01
202000008693,2,7,,8,2,3,19,A01
202000008694,1,7,,0,0,5,15,A01
202000008694,2,33,,0,2,1,1,B01
202000008695,2,33,,0,0,2,26,A01
202000008696,1,7,,0,0,0,1,A01
202000008697,2,7,,0,2,3,1,A01
202000008697,0,1,,0,2,8,1,B01
202000008698,1,7,,0,2,1,13,B01
202000008698,2,7,,0,2,1,1,A01
202000008699,3,7,,13,0,1,1,A01
202000008700,2,33,,0,2,1,17,A01
202000008700,2,36,,0,0,8,15,B01
202000008701,1,33,,0,2,1,1,B01
202000008701,2,3,,0,2,3,13,A01
202000008702,1,7,,5,2,4,1,A01
202000008702,1,7,,3,2,1,1,B01
202000008703,2,7,,4,2,5,4,A01
202000008703,2,7,,0,2,3,21,B01
202000008704,2,10,,0,2,6,9,A01
202000008704,2,10,,3,2,1,2,C01
202000008704,2,10,,0,2,2,2,B01
202000008705,2,10,,0,2,2,1,B01
202000008705,2,10,,0,2,3,11,A01
202000008706,1,7,,4,0,2,21,A01
202000008707,2,7,,0,2,5,1,B01
202000008707,2,33,,0,2,1,21,A01
202000008708,1,7,,3,2,6,1,C01
202000008708,1,7,,0,2,2,1,D01
202000008708,1,33,,0,2,2,21,B01
202000008709,1,10,,4,2,0,1,B01
202000008709,1,17,,0,2,0,0,Z01
202000008709,1,10,,0,2,2,1,C01
202000008710,3,7,,0,2,1,13,A01
202000008710,3,7,,0,2,8,1,B01
202000008711,3,7,,0,2,7,0,B01
202000008711,3,7,,0,2,1,0,A01
202000008712,1,1,,0,2,1,23,B01
202000008712,2,7,,0,9,8,15,A01
202000008713,1,7,,0,2,7,16,B01
202000008713,2,0,,0,2,0,17,A01
202000008714,2,7,,0,2,2,15,B01
202000008714,2,7,,0,2,7,1,A01
202000008715,1,33,,0,0,7,16,A01
202000008716,1,7,,0,1,5,26,A01
202000008717,1,33,,14,0,0,21,A01
202000008717,1,7,,0,9,3,23,B01
202000008718,1,33,,0,2,7,1,B01
202000008718,1,7,,4,2,3,21,A01
202000008719,1,7,,0,2,3,1,B01
202000008719,2,30,,0,2,1,1,A01
202000008720,0,30,,0,0,7,1,A01
202000008721,2,7,,0,2,4,2,C01
202000008721,2,7,,0,2,1,2,A01
202000008721,2,7,,0,2,4,2,B01
202000008722,0,10,,0,1,1,26,A01
202000008723,1,33,,1,0,1,14,B01
202000008724,1,7,,0,2,1,1,A01
202000008724,1,7,,0,2,4,20,B01
202000008725,2,7,,1,0,2,13,A01
202000008726,0,7,,0,2,0,0,B01
202000008726,0,7,,0,2,1,15,A01
202000008727,0,7,,15,0,7,14,A01
202000008728,2,15,,0,0,0,0,C01
202000008728,2,7,,0,2,8,1,B01
202000008728,1,7,,0,2,1,13,A01
202000008729,1,7,,0,2,3,15,B01
202000008729,2,2,,0,2,1,1,A01
202000008730,2,7,,0,1,1,15,A01
202000008731,1,30,,14,1,3,25,A01
202000008732,1,30,,5,0,3,11,A01
202000008733,1,7,,9,0,3,13,A01
202000008734,1,7,,0,1,2,26,A01
202000008735,1,33,,0,2,3,13,B01
202000008735,2,7,,0,2,3,13,A01
202000008736,2,7,,0,2,8,1,B01
202000008736,1,7,,0,2,0,0,A01
202000008737,1,7,,8,0,1,21,A01
202000008738,1,7,,0,2,2,15,A01
202000008738,2,33,,0,2,1,1,B01
202000008739,1,7,,0,2,1,1,A01
202000008739,1,7,,0,2,4,1,B01
202000008740,1,7,,0,1,1,0,A01
202000008741,1,7,,0,2,1,0,A01
202000008741,1,7,,0,2,0,0,B01
202000008742,1,1,,0,0,0,0,A01
202000008743,1,7,,0,2,8,0,A01
202000008743,1,1,,0,2,1,0,B01
202000008744,0,7,,0,2,4,23,B01
202000008744,0,33,,0,2,1,0,A01
202000008745,1,7,,0,2,1,2,A01
202000008745,1,7,,0,2,4,2,B01
202000008746,1,7,,0,1,2,1,A01
202000008747,1,7,,0,1,8,1,A01
202000008748,3,7,,0,2,7,1,B01
202000008748,3,33,,0,2,8,15,A01
202000008749,3,31,,12,0,1,1,A01
202000008750,3,7,,0,2,3,0,B01
202000008750,1,7,,0,2,7,26,A01
202000008751,0,33,,14,0,2,21,A01
202000008751,1,7,,0,2,6,2,B01
202000008752,2,1,,0,2,2,1,B01
202000008752,2,7,,0,9,3,9,A01
202000008753,2,10,,14,0,1,1,A01
202000008754,1,10,,0,2,3,1,B01
202000008754,1,31,,0,2,1,1,A01
202000008755,2,7,,0,2,1,1,C01
202000008755,2,7,,0,2,1,1,B01
202000008755,2,37,1.0,0,2,0,26,A01
202000008756,0,7,,0,1,1,1,A01
202000008757,2,10,,0,2,1,1,A01
202000008757,2,7,,0,2,4,23,C01
202000008757,2,7,,0,2,4,23,B01
202000008758,2,7,,0,2,4,2,C01
202000008758,2,7,,0,2,1,2,B01
202000008758,2,7,,0,2,1,26,A01
202000008759,1,7,,0,1,2,1,A01
202000008760,2,34,,0,2,3,17,A01
202000008760,1,7,,0,2,3,1,B01
202000008761,2,50,,1,0,7,1,A01
202000008762,1,7,,0,2,1,15,B01
202000008762,2,30,,0,2,8,8,A01
202000008763,1,30,,0,1,1,1,Z01
202000008764,2,50,,0,2,8,1,A01
202000008764,1,7,,0,2,2,15,B01
202000008765,1,1,,0,2,3,1,B01
202000008765,1,7,,0,2,2,16,A01
202000008766,1,30,,0,1,3,17,A01
202000008767,1,1,,0,2,4,1,A01
202000008767,1,7,,0,2,1,1,Z01
202000008768,3,7,,8,0,3,1,A01
202000008769,1,7,,0,2,6,2,B01
202000008769,1,30,,0,2,1,2,A01
202000008770,1,7,,0,1,3,1,A01
202000008771,1,7,,0,9,3,10,A01
202000008771,1,2,,0,2,1,1,B01
202000008772,1,30,,0,2,2,1,B01
202000008772,1,99,,0,2,0,13,A01
202000008773,2,60,,0,2,1,1,B01
202000008773,1,10,,0,2,0,15,A01
202000008774,1,34,,0,2,7,13,B01
202000008774,1,7,,0,2,0,15,A01
202000008775,1,7,,0,2,2,15,A01
202000008775,2,43,,0,2,1,1,B01
202000008776,1,7,,0,2,4,15,A01
202000008776,1,30,,0,2,1,1,B01
202000008777,1,31,,0,2,1,17,A01
202000008777,0,7,,0,0,0,0,B01
202000008778,1,30,,0,2,4,2,B01
202000008778,1,32,,0,2,1,2,A01
202000008779,0,0,,0,2,0,0,B01
202000008779,0,7,,0,2,4,20,A01
202000008780,3,10,,0,2,5,1,B01
202000008780,3,34,,0,2,1,1,A01
202000008781,1,7,,15,2,3,11,B01
202000008781,1,33,,15,0,2,2,A01
202000008782,1,7,,0,2,3,1,B01
202000008782,1,7,,0,2,1,9,A01
202000008783,0,13,,0,2,3,0,D01
202000008783,0,7,,0,2,3,0,C01
202000008783,0,7,,0,2,3,0,B01
202000008783,0,7,,0,2,1,1,A01
202000008784,1,7,,0,1,2,26,A01
202000008785,1,7,,0,2,4,20,A01
202000008785,1,50,,0,2,1,1,B01
202000008786,1,7,,0,2,1,23,A01
202000008786,1,7,,0,2,4,23,B01
202000008787,2,50,,0,2,7,1,B01
202000008787,2,7,,0,2,1,19,A01
202000008788,0,33,,0,2,1,17,A01
202000008788,0,7,,0,2,3,15,B01
202000008789,1,7,,0,2,3,22,A01
202000008789,1,2,,0,2,1,17,B01
202000008790,0,7,,13,0,3,1,A01
202000008791,3,7,,0,2,8,1,A01
202000008791,3,2,,0,2,1,19,B01
202000008792,1,7,,0,9,1,9,A01
202000008792,1,1,,0,2,7,12,B01
202000008793,1,15,,0,2,1,21,B01
202000008793,2,7,,0,2,3,13,A01
202000008794,2,33,,0,0,1,1,A01
202000008795,2,7,,0,0,3,1,A01
202000008795,1,7,,0,2,3,1,B01
202000008796,0,33,,0,0,8,1,B01
202000008796,0,7,,0,2,7,17,A01
202000008797,0,7,,3,0,9,1,A01
202000008798,3,7,,0,2,8,1,B01
202000008798,3,31,,0,2,8,13,A01
202000008799,1,7,,0,0,1,15,A01
202000008799,2,33,,0,2,1,1,B01
202000008800,2,1,,12,2,1,1,B01
202000008800,1,7,,12,2,2,15,A01
202000008801,2,7,,2,2,2,17,B01
202000008801,2,7,,0,2,3,15,A01
202000008802,1,7,,0,1,5,26,A01
202000008803,1,33,,0,0,1,1,A01
202000008803,2,10,,0,2,5,15,B01
202000008804,2,7,,0,2,2,15,A01
202000008804,1,1,,0,2,1,1,B01
202000008805,2,7,,13,0,1,14,A01
202000008806,1,7,,0,0,7,15,A01
202000008806,2,2,,0,2,1,1,B01
202000008807,1,7,,0,2,1,1,A01
202000008807,1,1,,0,2,8,19,B01
202000008808,1,7,,0,2,2,1,B01
202000008808,3,1,,0,2,3,15,A01
202000008809,1,33,,0,0,8,1,A01
202000008810,1,2,,6,0,1,1,A01
202000008811,3,1,,0,0,1,1,A01
202000008812,3,2,,0,0,1,1,A01
202000008813,1,33,,2,0,0,1,A01
202000008814,2,2,,0,2,8,1,B01
202000008814,1,7,,0,2,3,15,A01
202000008815,2,7,,0,2,3,19,A01
202000008815,2,33,,0,2,1,21,B01
202000008816,1,7,,8,0,3,1,A01
202000008817,3,33,,16,0,1,0,A01
202000008818,2,33,,17,0,1,2,A01
202000008819,2,33,,12,0,7,26,A01
202000008820,1,10,,2,0,1,1,A01
202000008821,2,7,,0,2,1,16,B01
202000008821,1,31,,0,2,1,17,A01
202000008822,1,10,,0,0,4,15,B01
202000008822,1,7,,0,2,1,1,A01
202000008823,0,1,,0,0,0,1,A01
202000008824,0,14,,0,0,0,0,B01
202000008824,0,7,,13,0,2,1,A01
202000008825,1,33,,3,0,7,1,A01
202000008826,1,7,,0,0,6,2,B01
202000008826,1,33,,0,2,1,2,A01
202000008827,1,7,,0,2,1,0,A01
202000008827,2,10,,0,2,3,0,B01
202000008828,0,7,,0,0,4,2,B01
202000008828,0,37,1.0,0,2,1,2,A01
202000008829,2,7,,15,0,8,0,A01
202000008830,1,7,,7,0,9,1,A01
202000008831,1,31,,16,0,0,0,A01
202000008832,0,2,,0,0,0,0,A01
202000008833,3,36,,13,0,1,14,A01
202000008834,1,7,,0,2,2,1,B01
202000008834,3,33,,0,0,1,15,A01
202000008835,3,2,,0,0,8,23,A01
202000008836,1,2,,0,2,2,13,B01
202000008836,2,7,,0,2,3,9,A01
202000008837,0,7,,0,2,1,15,A01
202000008837,3,33,,0,2,8,1,B01
202000008838,2,7,,12,2,8,16,B01
202000008838,2,7,,0,2,7,16,A01
202000008839,2,7,,0,2,2,6,B01
202000008839,2,7,,0,0,8,1,A01
202000008840,0,33,,0,6,1,1,A01
202000008841,2,7,,0,2,6,15,B01
202000008841,2,33,,0,2,1,17,A01
202000008842,1,7,,14,0,5,21,A01
202000008842,1,7,,4,0,2,0,B01
202000008843,2,7,,4,0,2,1,A01
202000008844,2,0,,0,2,4,2,Z01
202000008844,2,10,,0,2,1,2,A01
202000008845,1,7,,0,2,1,2,A01
202000008845,1,17,,0,2,4,2,B01
202000008846,2,34,,0,2,3,2,B01
202000008846,2,10,,0,2,5,2,A01
202000008847,2,10,,0,2,2,2,A01
202000008847,2,30,,0,2,6,2,B01
202000008848,3,7,,0,1,2,15,A01
202000008849,1,7,,0,2,2,15,A01
202000008849,1,14,,0,2,3,1,B01
202000008850,2,7,,0,2,1,1,A01
202000008850,1,7,,0,2,3,1,B01
202000008851,2,10,,0,2,8,1,B01
202000008851,1,33,,0,2,3,13,A01
202000008852,1,7,,0,1,1,15,A01
202000008853,1,40,,0,1,2,19,A01
202000008854,2,7,,0,1,1,15,A01
202000008855,1,7,,0,2,7,12,A01
202000008855,1,34,,0,2,8,2,B01
202000008856,2,33,,0,0,7,1,A01
202000008857,3,7,,0,2,1,1,B01
202000008857,3,30,,0,2,1,13,A01
202000008858,1,7,,4,0,7,14,A01
202000008859,1,7,,0,2,2,15,A01
202000008859,2,33,,0,2,1,1,B01
202000008860,1,31,,0,2,0,1,A01
202000008860,1,7,,0,2,0,0,B01
202000008861,2,7,,0,2,3,1,C01
202000008861,1,7,,0,2,3,13,A01
202000008862,1,7,,0,1,1,15,A01
202000008863,1,7,,0,2,2,15,A01
202000008863,1,33,,0,2,1,1,B01
202000008864,3,7,,0,1,1,16,A01
202000008865,3,7,,0,2,6,1,B01
202000008865,3,7,,4,2,2,1,A01
202000008866,3,7,,0,2,1,1,B01
202000008866,3,7,,0,2,8,13,A01
202000008866,3,7,,0,2,1,1,C01
202000008867,0,7,,0,2,8,9,A01
202000008867,0,7,,0,2,1,1,B01
202000008868,2,7,,14,1,5,9,A01
202000008869,2,30,,0,2,1,2,A01
202000008869,2,7,,0,2,4,2,B01
202000008870,2,7,,0,2,4,2,B01
202000008870,2,7,,0,2,4,2,A01
202000008871,1,7,,0,1,8,0,A01
202000008872,1,7,,0,2,2,0,A01
202000008872,1,7,,0,2,6,0,B01
202000008873,1,7,,0,1,1,1,A01
202000008874,2,30,,0,2,1,1,B01
202000008874,1,7,,0,2,2,15,A01
202000008875,2,7,,0,0,0,21,C01
202000008875,2,7,,15,2,3,1,B01
202000008875,2,7,,0,2,6,17,A01
202000008876,3,7,,2,0,2,14,A01
202000008877,2,32,,0,2,7,1,B01
202000008877,2,7,,0,2,6,9,A01
202000008878,1,7,,0,2,4,1,B01
202000008878,1,7,,0,2,1,1,A01
202000008879,1,31,,4,2,7,1,A01
202000008880,2,33,,4,0,1,14,A01
202000008881,1,30,,2,0,1,1,A01
202000008882,1,37,1.0,0,1,1,1,A01
202000008883,1,33,,0,2,2,1,B01
202000008883,2,7,,0,2,1,15,A01
202000008884,1,99,,0,2,3,17,A01
202000008884,2,32,,0,2,1,9,B01
202000008885,1,7,,0,2,0,0,Z01
202000008885,1,1,,0,2,4,19,B01
202000008886,2,7,,0,1,3,16,B01
202000008887,2,7,,0,2,1,1,A01
202000008887,1,0,,0,2,0,15,B01
202000008888,1,1,,0,2,8,1,B01
202000008888,2,7,,0,2,1,15,A01
202000008889,2,7,,0,1,1,1,A01
202000008890,0,7,,0,1,1,1,A01
202000008891,1,80,,0,2,3,16,B01
202000008891,0,7,,0,2,3,1,A01
202000008892,2,32,,0,1,1,1,A01
202000008893,2,7,,0,2,6,17,A01
202000008893,1,31,,0,2,1,1,B01
202000008894,2,10,,0,2,6,2,B01
202000008894,2,30,,0,2,1,2,A01
202000008895,2,7,,0,1,1,15,A01
202000008896,1,34,,0,2,1,1,B01
202000008896,1,7,,0,2,8,15,A01
202000008897,1,30,,0,1,2,1,A01
202000008898,1,1,,0,2,4,1,B01
202000008898,1,7,,0,2,3,1,A01
202000008899,1,50,,0,2,1,8,A01
202000008899,2,7,,0,2,8,20,B01
202000008900,1,7,,0,1,4,26,A01
202000008901,2,7,,0,2,1,1,A01
202000008901,2,7,,0,2,4,1,B01
202000008902,0,7,,1,0,1,14,A01
202000008903,2,7,,1,0,2,14,A01
202000008904,0,40,,0,1,2,1,A01
202000008905,1,7,,0,2,1,1,A01
202000008905,2,7,,0,2,3,1,B01
202000008906,0,7,,0,2,5,1,A01
202000008906,0,1,,0,2,1,1,B01
202000008907,2,7,,0,1,1,1,A01
202000008908,2,1,,0,2,8,1,B01
202000008908,2,7,,0,2,7,1,A01
202000008908,2,1,,0,2,4,1,C01
202000008909,0,1,,0,2,1,1,B01
202000008909,0,7,,0,2,3,1,A01
202000008910,3,7,,0,2,5,23,B01
202000008910,3,7,,0,2,3,2,A01
202000008911,2,7,,0,2,3,1,A01