Num_Acc,senc,catv,occutc,obs,obsm,choc,manv,num_veh
202000008911,2,7,,0,2,2,1,B01
202000008912,2,2,,12,0,1,1,A01
202000008913,1,7,,0,2,3,1,B01
202000008913,1,7,,0,2,3,19,A01
202000008914,2,1,,0,2,5,1,B01
202000008914,1,7,,0,2,1,9,A01
202000008915,1,30,,0,2,1,1,B01
202000008915,1,7,,0,2,2,19,A01
202000008916,1,10,,0,2,3,1,B01
202000008916,1,1,,0,2,1,9,A01
202000008917,2,7,,0,2,1,13,A01
202000008917,1,7,,0,2,1,1,B01
202000008918,1,7,,0,2,1,1,B01
202000008918,1,7,,0,2,6,9,A01
202000008919,3,7,,0,1,1,1,A01
202000008920,3,14,,0,1,4,4,A01
202000008921,1,2,,0,2,1,16,A01
202000008921,2,7,,0,2,6,13,B01
202000008922,1,7,,0,2,2,16,A01
202000008922,0,1,,0,2,7,19,B01
202000008923,0,7,,15,0,1,2,A01
202000008924,2,7,,0,2,3,1,B01
202000008924,1,30,,0,2,1,13,A01
202000008925,1,7,,0,2,1,9,Z01
202000008925,1,33,,0,2,3,1,B01
202000008926,2,7,,0,2,3,15,A01
202000008926,2,7,,7,2,1,17,B01
202000008927,2,7,,12,0,3,16,A01
202000008928,1,30,,0,0,8,1,A01
202000008929,1,7,,10,0,9,26,A01
202000008930,3,7,,0,1,1,1,A01
202000008931,2,31,,15,0,0,14,A01
202000008932,1,7,,2,0,1,1,A01
202000008933,1,7,,8,0,1,1,A01
202000008934,1,7,,0,2,3,1,B01
202000008934,1,7,,0,2,6,9,G01
202000008935,1,7,,6,0,1,1,A01
202000008936,1,7,,0,2,1,1,B01
202000008936,2,17,,0,2,8,19,A01
202000008937,1,7,,0,1,1,15,A01
202000008938,1,43,,0,2,1,1,B01
202000008938,2,7,,0,2,2,15,A01
202000008939,3,32,,0,2,1,1,B01
202000008940,2,31,,0,2,1,1,B01
202000008941,1,33,,0,1,1,1,A01
202000008942,3,7,,0,2,3,1,B01
202000008942,3,7,,0,2,3,1,A01
202000008943,1,7,,0,1,2,2,A01
202000008944,2,7,,0,1,1,1,Z01
202000008945,1,30,,0,2,1,3,B01
202000008945,2,7,,0,2,8,15,A01
202000008946,0,7,,0,2,1,1,B01
202000008946,0,7,,0,2,8,15,A01
202000008947,2,2,,0,2,1,1,B01
202000008947,2,7,,0,2,8,9,A01
202000008948,1,7,,0,2,1,5,B01
202000008948,2,10,,0,2,1,1,A01
202000008949,1,32,,0,2,7,17,A01
202000008949,1,7,,0,2,3,15,B01
202000008950,2,10,,0,1,2,2,Z01
202000008951,1,99,,0,2,7,17,A01
202000008951,1,7,,0,2,3,2,B01
202000008952,1,10,,6,2,1,15,A01
202000008952,2,10,,0,2,1,1,B01
202000008953,0,7,,0,2,6,1,B01
202000008953,0,7,,0,2,1,13,A01
202000008954,1,7,,0,2,6,1,A01
202000008954,1,7,,0,2,2,2,B01
202000008955,1,7,,0,2,8,1,B01
202000008955,1,14,,0,2,8,1,A01
202000008956,2,2,,0,2,1,13,B01
202000008956,1,7,,0,2,3,1,A01
202000008957,3,7,,0,2,0,0,A01
202000008957,2,2,,0,2,1,1,B01
202000008958,3,1,,0,2,1,1,B01
202000008958,3,10,,0,9,1,15,A01
202000008959,1,7,,14,0,4,26,B01
202000008959,1,7,,0,2,1,2,A01
202000008960,2,33,,0,1,1,1,A01
202000008961,1,7,,0,2,3,0,B01
202000008961,1,30,,0,2,2,17,A01
202000008962,1,34,,8,2,2,17,A01
202000008962,1,7,,0,2,3,15,B01
202000008963,0,7,,0,2,-1,0,A01
202000008963,-1,2,,-1,2,-1,-1,B01
202000008964,3,10,,0,1,1,26,A01
202000008965,2,7,,0,2,8,1,B01
202000008965,1,7,,0,2,7,1,A01
202000008966,2,7,,0,2,4,15,B01
202000008966,2,7,,0,2,1,1,A01
202000008967,1,1,,0,2,5,1,B01
202000008967,2,7,,0,2,2,15,A01
202000008968,1,7,,0,2,7,2,A01
202000008968,1,31,,3,2,8,2,B01
202000008969,1,31,,0,2,1,1,A01
202000008969,1,7,,0,0,4,15,B01
202000008970,2,7,,0,2,3,12,A01
202000008970,2,10,,0,2,5,1,B01
202000008971,2,7,,0,2,4,2,B01
202000008971,2,7,,0,2,1,2,A01
202000008972,1,7,,0,2,4,23,B01
202000008972,1,10,,0,2,4,23,C01
202000008972,1,7,,0,2,1,2,A01
202000008973,1,7,,0,2,1,2,A01
202000008973,1,7,,0,2,4,2,B01
202000008974,1,7,,0,2,7,12,A01
202000008974,1,43,,0,2,1,3,D01
202000008974,1,7,,0,2,8,1,C01
202000008974,1,31,,0,2,4,3,B01
202000008975,1,33,,0,2,8,11,B01
202000008975,1,7,,0,2,7,1,A01
202000008976,2,7,,0,2,8,1,C01
202000008976,2,33,,0,2,3,3,B01
202000008976,2,10,,0,2,2,12,A01
202000008977,2,33,,0,2,4,3,B01
202000008977,2,7,,0,2,4,1,C01
202000008977,2,43,,0,2,1,3,A01
202000008978,2,32,,14,0,1,3,A01
202000008979,2,33,,0,2,1,3,A01
202000008979,2,7,,0,2,6,1,C01
202000008979,2,7,,0,2,7,13,B01
202000008980,2,33,,0,0,0,1,A01
202000008981,1,32,,0,2,7,3,B01
202000008981,1,7,,0,2,3,11,A01
202000008981,1,7,,0,2,4,1,C01
202000008982,2,33,,0,2,3,2,A01
202000008982,2,7,,0,2,5,2,B01
202000008982,2,10,,0,2,3,1,C01
202000008983,1,32,,0,2,1,2,A01
202000008983,1,7,,0,2,6,2,B01
202000008984,2,7,,0,2,1,1,A01
202000008984,1,7,,0,2,4,1,B01
202000008985,1,37,1.0,0,1,1,1,A01
202000008986,1,7,,2,1,1,1,A01
202000008987,2,32,,0,2,1,1,A01
202000008987,1,7,,0,2,7,15,Z01
202000008988,1,7,,0,1,3,16,A01
202000008989,1,1,,0,2,4,11,A01
202000008989,1,7,,0,2,2,1,B01
202000008990,1,7,,6,2,2,1,Z01
202000008990,1,10,,0,1,3,1,A01
202000008991,1,7,,0,2,1,15,A01
202000008991,2,33,,0,2,1,3,B01
202000008992,2,1,,0,1,1,1,A01
202000008993,1,7,,0,1,8,1,A01
202000008994,1,7,,0,2,6,13,B01
202000008994,1,33,,0,2,2,17,A01
202000008995,1,2,,0,1,1,1,A01
202000008996,1,7,,0,1,3,1,A01
202000008997,1,30,,1,2,9,17,B01
202000008997,1,7,,0,2,3,13,A01
202000008998,1,7,,0,2,8,16,A01
202000008998,1,60,,0,2,1,19,B01
202000008999,2,7,,0,2,2,16,A01
202000008999,2,1,,0,2,1,1,B01
202000009000,2,1,,0,2,1,1,B01
202000009000,2,7,,0,2,3,15,A01
202000009001,2,1,,0,2,6,5,A01
202000009001,2,7,,0,2,3,2,B01
202000009002,3,2,,0,1,0,1,Z01
202000009003,1,30,,1,0,0,21,A01
202000009004,2,7,,0,1,3,20,A01
202000009005,1,1,,0,1,7,1,A01
202000009006,2,7,,0,2,3,9,B01
202000009006,1,30,,0,2,2,17,A01
202000009007,1,7,,0,2,0,1,Z01
202000009007,1,33,,0,2,8,1,A01
202000009008,3,7,,0,2,2,1,Z01
202000009008,1,30,,0,2,1,1,A01
202000009009,3,7,,0,2,1,9,A01
202000009009,3,50,,0,2,0,1,B01
202000009010,2,37,1.0,0,2,3,9,A01
202000009010,1,43,,1,2,9,5,Z01
202000009010,1,33,,0,2,1,5,B01
202000009011,2,43,,0,1,1,18,A01
202000009012,3,7,,0,1,4,4,A01
202000009013,3,10,,0,2,4,23,B01
202000009013,3,7,,0,2,1,1,A01
202000009014,2,7,,0,2,1,1,A01
202000009014,2,7,,0,2,5,23,B01
202000009015,1,33,,0,1,1,1,A01
202000009016,2,31,,11,0,1,1,A01
202000009017,1,33,,0,2,1,1,A01
202000009017,1,7,,0,2,7,1,B01
202000009018,1,7,,0,2,2,1,A01
202000009018,1,7,,0,2,3,1,B01
202000009019,1,1,,0,1,1,5,A01
202000009020,1,7,,0,2,6,15,A01
202000009020,1,33,,0,2,2,17,B01
202000009021,3,31,,0,1,1,1,A01
202000009022,2,7,,0,1,1,15,A01
202000009023,1,7,,0,2,3,15,A01
202000009023,1,32,,0,2,3,1,B01
202000009024,1,7,,0,2,4,23,B01
202000009024,1,37,2.0,0,2,2,13,A01
202000009025,1,7,,0,2,3,15,B01
202000009025,1,43,,0,2,2,17,A01
202000009026,2,7,,0,1,4,20,A01
202000009027,2,7,,0,2,6,11,A01
202000009027,2,33,,0,2,1,17,B01
202000009028,3,10,,0,1,0,1,Z01
202000009029,2,1,,0,2,2,1,B01
202000009029,2,7,,0,2,3,22,A01
202000009029,1,7,,0,2,1,1,C01
202000009030,2,10,,0,1,3,15,A01
202000009031,1,7,,0,1,3,1,A01
202000009032,2,7,,0,2,4,23,B01
202000009032,2,7,,0,2,4,23,C01
202000009032,2,7,,0,2,1,2,A01
202000009033,2,32,,0,1,2,1,A01
202000009034,1,10,,0,2,1,2,A01
202000009034,1,7,,0,2,4,23,C01
202000009034,1,7,,0,2,9,23,B01
202000009035,2,30,,0,1,8,1,A01
202000009036,1,1,,0,2,6,15,B01
202000009036,1,7,,0,2,2,17,A01
202000009037,2,1,,0,0,1,1,A01
202000009038,1,32,,1,2,3,1,B01
202000009038,1,7,,0,2,2,9,A01
202000009039,1,50,,0,2,0,1,B01
202000009039,1,37,1.0,0,2,6,7,A01
202000009040,2,1,,0,2,7,1,B01
202000009040,2,7,,0,2,7,16,A01
202000009041,1,7,,0,2,1,17,B01
202000009041,1,34,,0,2,8,15,A01
202000009042,1,10,,0,1,1,16,A01
202000009043,2,2,,1,0,3,13,A01
202000009044,2,7,,0,2,4,23,B01
202000009044,2,30,,0,2,1,2,A01
202000009045,1,1,,0,2,1,1,B01
202000009045,2,7,,0,2,3,15,A01
202000009046,1,32,,0,1,1,1,Z01
202000009047,1,30,,0,2,2,17,B01
202000009047,1,7,,0,2,3,13,A01
202000009048,1,1,,0,2,4,1,B01
202000009048,1,7,,0,2,2,1,A01
202000009048,1,7,,0,2,2,1,C01
202000009049,1,7,,0,2,3,13,B01
202000009049,2,43,,0,2,1,17,A01
202000009050,0,7,,0,2,0,16,Z01
202000009050,1,33,,0,2,0,1,A01
202000009051,2,31,,0,2,1,1,A01
202000009051,1,2,,0,2,1,1,Z01
202000009052,1,33,,0,1,8,7,A01
202000009053,2,2,,0,2,2,17,B01
202000009053,2,10,,0,2,6,13,A01
202000009054,1,33,,0,1,2,1,A01
202000009055,2,32,,0,2,1,13,A01
202000009055,2,7,,0,2,5,1,B01
202000009056,2,33,,0,2,1,21,A01
202000009056,2,7,,0,2,5,2,B01
202000009057,2,7,,0,2,3,11,B01
202000009057,2,33,,0,2,2,3,A01
202000009058,2,7,,0,2,1,1,A01
202000009058,2,7,,0,2,4,2,B01
202000009059,2,7,,0,2,4,1,C01
202000009059,2,7,,0,2,3,13,A01
202000009059,2,7,,0,2,2,3,B01
202000009060,2,33,,0,2,8,3,A01
202000009060,2,33,,0,2,8,11,B01
202000009061,2,7,,0,2,1,1,C01
202000009061,2,15,,0,2,7,12,A01
202000009061,2,7,,3,2,8,1,B01
202000009062,1,7,,0,2,4,23,B01
202000009062,1,14,,0,2,1,1,A01
202000009063,1,43,,0,2,1,1,B01
202000009063,2,7,,0,2,5,15,A01
202000009064,1,30,,0,0,0,21,A01
202000009065,1,7,,0,2,1,26,A01
202000009066,1,7,,0,1,2,1,A01
202000009067,1,7,,8,0,2,1,A01
202000009068,1,7,,0,2,5,16,B01
202000009068,1,7,,0,2,0,18,A01
202000009069,3,7,,0,9,3,1,A01
202000009069,1,1,,0,2,1,15,B01
202000009070,1,7,,0,0,3,1,A01
202000009070,2,33,,0,2,1,1,B01
202000009071,2,32,,0,2,1,1,A01
202000009071,0,7,,0,0,5,1,B01
202000009072,3,10,,0,1,2,1,A01
202000009073,3,7,,0,0,0,15,A01
202000009074,1,2,,0,2,1,9,B01
202000009074,1,7,,0,2,2,1,A01
202000009075,1,37,1.0,14,0,2,1,A01
202000009076,1,31,,0,2,1,1,B01
202000009076,1,7,,0,2,2,15,A01
202000009077,1,10,,12,0,2,14,A01
202000009078,3,7,,0,1,2,1,A01
202000009079,2,7,,0,1,7,1,A01
202000009080,1,10,,0,2,4,0,B01
202000009080,1,37,3.0,0,2,2,26,A01
202000009081,0,7,,8,0,4,15,A01
202000009082,1,7,,0,1,3,1,A01
202000009083,1,7,,7,0,1,15,A01
202000009084,1,10,,0,2,1,2,A01
202000009084,1,7,,0,2,4,23,B01
202000009084,1,10,,0,2,4,23,C01
202000009085,1,7,,14,0,1,2,A01
202000009085,1,7,,14,2,4,23,B01
202000009085,1,7,,0,2,4,23,C01
202000009086,1,7,,0,2,5,15,A01
202000009086,2,33,,0,2,1,1,B01
202000009087,3,7,,0,2,2,19,A01
202000009087,3,31,,0,2,8,1,B01
202000009088,3,7,,0,2,1,1,A01
202000009088,3,10,,0,0,4,1,B01
202000009089,1,7,,0,2,3,15,Z01
202000009089,2,30,,0,2,1,1,A01
202000009090,2,7,,0,2,3,15,A01
202000009090,2,7,,0,2,1,17,B01
202000009090,2,7,,0,9,8,2,C01
202000009091,1,7,,0,2,7,10,A01
202000009091,2,33,,0,2,1,1,B01
202000009092,0,10,,0,2,3,11,A01
202000009092,0,33,,0,2,7,1,B01
202000009093,1,10,,0,2,3,5,A01
202000009093,2,7,,0,2,3,2,B01
202000009094,1,1,,0,0,0,0,A01
202000009095,3,7,,0,2,1,0,B01
202000009095,3,30,,0,2,1,5,A01
202000009096,1,39,,0,1,1,1,A01
202000009097,2,31,,0,2,1,1,B01
202000009097,1,7,,0,2,2,15,A01
202000009098,2,50,,0,2,0,0,B01
202000009098,1,7,,0,2,1,9,A01
202000009099,0,7,,0,2,1,9,A01
202000009099,0,50,,0,2,8,1,B01
202000009100,1,7,,1,0,5,2,A01
202000009101,1,30,,16,0,7,1,A01
202000009102,1,7,,0,2,1,2,A01
202000009102,1,7,,0,2,4,23,B01
202000009102,1,7,,0,2,4,23,C01
202000009103,2,10,,0,2,3,23,D01
202000009103,2,10,,0,2,3,0,C01
202000009103,1,7,,0,2,6,1,B01
202000009103,1,7,,0,2,2,1,A01
202000009104,1,7,,0,2,1,15,A01
202000009104,2,30,,0,2,6,1,B01
202000009105,1,30,,0,2,1,2,A01
202000009105,1,7,,0,2,4,23,B01
202000009106,2,7,,2,2,2,2,A01
202000009106,2,7,,0,2,6,2,B01
202000009107,0,32,,0,0,1,26,B01
202000009107,0,7,,0,0,1,26,A01
202000009108,1,7,,0,1,1,20,A01
202000009109,2,7,,0,2,7,15,A01
202000009109,1,1,,0,2,1,1,B01
202000009110,3,43,,0,2,7,2,B01
202000009110,3,43,,0,2,8,2,A01
202000009111,3,7,,0,1,1,23,A01
202000009112,3,7,,0,1,1,14,A01
202000009113,2,7,,0,2,2,1,A01
202000009113,2,10,,0,2,3,15,B01
202000009114,3,7,,0,2,1,1,A01
202000009114,3,33,,0,2,7,1,B01
202000009115,0,7,,0,2,2,14,A01
202000009115,1,80,,0,2,4,23,B01
202000009116,1,7,,0,2,0,1,A01
202000009116,1,33,,0,2,1,1,B01
202000009117,1,7,,0,1,2,1,A01
202000009118,1,7,,0,2,7,1,A01
202000009118,1,7,,0,2,1,1,B01
202000009119,1,7,,0,2,4,1,B01
202000009119,1,7,,0,2,1,2,A01
202000009120,1,7,,0,2,1,26,A01
202000009120,1,7,,0,2,4,26,B01
202000009121,1,2,,0,2,8,1,B01
202000009121,2,7,,0,2,3,15,A01
202000009122,3,7,,0,2,1,15,A01
202000009122,3,7,,0,2,1,1,B01
202000009123,2,7,,0,2,3,11,A01
202000009123,2,7,,0,2,2,1,B01
202000009124,2,20,,16,2,5,1,B01
202000009124,2,20,,0,2,1,2,A01
202000009125,1,7,,0,2,1,0,B01
202000009125,1,7,,0,2,4,26,A01
202000009126,2,10,,0,2,1,2,A01
202000009126,2,10,,0,2,4,23,B01
202000009126,2,7,,0,2,4,23,C01
202000009127,2,1,,0,2,7,1,B01
202000009127,1,7,,0,2,1,15,A01
202000009128,0,3,,0,2,4,1,A01
202000009128,0,7,,0,2,0,1,Z01
202000009128,0,38,1.0,0,2,4,1,B01
202000009129,1,7,,0,2,1,1,C01
202000009129,1,7,,0,2,9,1,B01
202000009129,1,10,,0,2,4,1,A01
202000009130,2,7,,14,2,1,16,A01
202000009130,2,7,,0,1,4,1,B01
202000009131,2,7,,0,2,3,15,B01
202000009131,1,33,,0,2,1,1,A01
202000009132,2,7,,0,2,3,15,A01
202000009132,1,30,,0,2,1,1,B01
202000009133,1,7,,0,1,1,1,A01
202000009134,0,2,,0,2,1,1,A01
202000009134,0,7,,0,2,4,10,B01
202000009135,3,7,,0,2,1,1,Z01
202000009135,3,32,,0,2,7,1,A01
202000009136,1,7,,0,9,4,26,C01
202000009136,1,7,,0,0,4,26,B01
202000009136,1,7,,0,2,1,26,A01
202000009137,1,7,,0,2,4,1,B01
202000009137,1,7,,0,2,1,1,A01
202000009138,1,60,,1,1,1,9,A01
202000009139,1,7,,0,2,1,1,B01
202000009139,1,1,,0,2,1,1,A01
202000009140,1,7,,0,2,7,17,A01
202000009140,1,7,,0,2,8,1,B01
202000009141,1,7,,0,2,1,1,B01
202000009141,1,7,,0,2,3,19,A01
202000009142,0,7,,0,2,1,23,B01
202000009142,0,7,,0,2,1,5,A01
202000009143,2,7,,0,2,4,23,B01
202000009143,0,7,,0,2,1,2,A01
202000009144,2,7,,0,2,4,2,B01
202000009144,2,7,,0,2,1,1,A01
202000009145,1,33,,0,2,8,1,A01
202000009145,1,33,,0,2,1,1,B01
202000009146,3,7,,6,0,1,15,A01
202000009147,1,7,,0,1,0,0,A01
202000009148,2,7,,0,2,1,1,A01
202000009148,2,7,,0,2,4,1,B01
202000009148,2,7,,0,2,4,1,C01
202000009149,1,7,,0,2,3,1,B01
202000009149,2,7,,0,2,1,13,A01
202000009150,3,1,,0,2,7,1,B01
202000009150,3,7,,0,9,1,1,A01
202000009151,3,7,,0,2,1,1,A01
202000009151,3,33,,0,2,0,16,B01
202000009152,2,7,,0,0,2,15,A01
202000009152,1,7,,1,0,1,21,B01
202000009153,3,33,,0,2,4,9,B01
202000009153,3,7,,0,2,1,9,A01
202000009154,2,7,,0,2,8,15,B01
202000009154,2,33,,0,2,1,21,A01
202000009155,1,34,,0,1,1,1,A01
202000009156,3,7,,0,1,7,1,A01
202000009157,1,32,,0,2,1,3,B01
202000009157,1,7,,0,2,2,12,A01
202000009158,2,7,,4,0,1,13,A01
202000009159,1,33,,0,2,2,21,A01
202000009159,1,33,,0,2,6,3,B01
202000009159,1,7,,0,2,5,1,C01
202000009159,1,7,,0,2,8,1,D01
202000009160,3,50,,0,2,0,19,Z01
202000009160,2,1,,0,2,7,1,A01
202000009161,1,32,,0,1,1,1,A01
202000009162,2,30,,0,1,1,1,Z01
202000009163,2,30,,0,2,0,1,A01
202000009163,2,10,,0,2,0,22,Z01
202000009164,1,37,1.0,0,2,2,1,A01
202000009164,2,37,3.0,0,2,6,1,B01
202000009165,2,50,,0,2,2,1,B01
202000009165,2,10,,0,2,8,1,A01
202000009166,2,7,,0,2,0,2,B01
202000009166,2,7,,0,2,4,2,A01
202000009167,1,7,,0,2,2,16,B01
202000009167,1,60,,0,2,1,5,A01
202000009168,1,50,,0,2,0,19,B01
202000009168,1,10,,0,2,3,1,A01
202000009169,1,1,,0,2,0,15,A01
202000009169,2,7,,0,2,1,1,Z01
202000009170,2,7,,0,2,2,1,B01
202000009170,2,30,,0,2,8,9,A01
202000009171,1,7,,0,2,4,23,B01
202000009171,1,10,,0,2,1,1,A01
202000009172,2,7,,0,2,2,14,A01
202000009172,2,7,,1,1,6,23,B01
202000009173,1,7,,0,2,0,10,A01
202000009173,2,33,,0,2,0,1,B01
202000009174,2,32,,0,1,1,1,A01
202000009175,1,7,,0,2,4,23,B01
202000009175,1,30,,0,2,5,2,A01
202000009176,1,1,,0,2,8,9,B01
202000009176,1,50,,0,2,1,1,A01
202000009177,2,7,,0,2,3,13,A01
202000009177,2,32,,0,2,2,17,B01
202000009178,3,1,,0,2,7,1,A01
202000009178,3,32,,0,2,1,1,B01
202000009179,2,50,,0,2,0,5,Z01
202000009179,1,1,,0,2,0,1,A01
202000009180,2,7,,0,2,1,15,A01
202000009180,1,33,,0,2,8,1,B01
202000009181,3,10,,0,2,6,11,B01
202000009181,3,10,,0,2,2,21,A01
202000009182,1,30,,12,0,0,11,A01
202000009183,2,7,,0,1,1,2,A01
202000009184,1,31,,0,2,2,17,B01
202000009184,1,7,,0,2,3,15,A01
202000009185,3,7,,0,1,2,1,A01
202000009186,0,99,,0,2,8,26,B01
202000009186,1,7,,0,2,1,1,A01
202000009187,2,7,,0,2,8,1,C01
202000009187,1,33,,0,2,7,1,B01
202000009187,1,10,,0,2,3,11,A01
202000009188,1,1,,0,2,4,2,B01
202000009188,1,32,,9,2,1,2,A01
202000009189,2,7,,0,2,4,26,B01
202000009189,2,50,,0,2,1,1,A01
202000009190,2,7,,0,1,2,16,A01
202000009191,1,33,,0,2,0,0,B01
202000009191,1,7,,0,2,0,0,A01
202000009192,2,1,,0,2,1,26,A01
202000009192,1,7,,0,9,1,9,B01
202000009193,1,7,,0,2,3,9,A01
202000009193,1,2,,0,2,0,0,B01
202000009194,0,30,,0,2,1,25,A01
202000009194,1,7,,0,2,2,2,B01
202000009195,1,33,,0,2,4,1,B01
202000009195,1,7,,0,2,2,1,A01
202000009196,2,7,,0,2,1,2,B01
202000009196,1,7,,0,2,7,15,A01
202000009197,1,10,,0,2,1,1,A01
202000009197,0,1,,0,2,1,19,B01
202000009198,3,7,,0,2,3,15,B01
202000009198,3,33,,0,2,1,17,A01
202000009199,3,1,,0,2,1,11,B01
202000009199,3,10,,0,2,2,1,A01
202000009200,1,7,,0,1,1,1,A01
202000009201,1,7,,0,1,1,26,A01
202000009202,1,7,,0,2,1,26,A01
202000009202,1,33,,0,0,4,0,B01
202000009203,3,30,,0,2,7,10,A01
202000009203,3,32,,0,2,1,1,B01
202000009204,2,15,,0,2,1,2,A01
202000009204,2,2,,0,2,4,23,B01
202000009205,3,31,,0,2,1,19,A01
202000009205,3,7,,0,2,8,2,B01
202000009206,1,7,,0,2,2,13,A01
202000009206,2,7,,0,2,1,1,B01
202000009207,2,7,,0,2,2,1,A01
202000009207,1,2,,0,2,1,15,B01
202000009208,2,7,,0,2,1,1,C01
202000009208,0,7,,0,2,3,19,A01
202000009208,1,7,,0,2,1,1,B01
202000009209,1,7,,0,2,4,12,A01
202000009209,1,1,,0,2,1,1,B01
202000009210,2,7,,0,2,3,13,A01
202000009210,1,7,,0,2,3,1,B01
202000009211,2,33,,0,2,1,21,B01
202000009211,1,7,,0,2,3,15,A01
202000009212,1,7,,0,2,8,19,A01
202000009212,1,14,,0,2,2,1,B01
202000009213,0,31,,0,2,1,1,B01
202000009213,3,7,,0,0,5,23,A01
202000009214,1,7,,0,0,0,1,A01
202000009215,1,7,,0,2,3,16,A01
202000009215,1,15,,0,2,3,1,B01
202000009216,2,7,,3,0,3,1,A01
202000009217,1,13,,7,0,2,2,A01
202000009218,1,33,,0,2,1,0,B01
202000009218,2,7,,0,2,3,0,A01
202000009219,1,7,,0,1,3,1,A01
202000009220,2,33,,0,2,1,1,B01
202000009220,1,7,,0,2,3,15,A01
202000009221,2,33,,0,2,1,1,B01
202000009221,1,7,,0,2,2,15,A01
202000009222,0,7,,0,2,1,19,A01
202000009222,0,7,,0,2,3,1,B01
202000009223,1,7,,0,2,2,17,A01
202000009223,2,7,,0,2,2,1,B01
202000009224,2,33,,0,2,4,26,A01
202000009224,1,7,,0,2,8,1,B01
202000009224,2,33,,0,2,1,1,C01
202000009225,3,1,,0,0,7,1,A01
202000009226,2,7,,0,2,3,5,A01
202000009226,1,7,,0,2,1,1,B01
202000009227,2,2,,0,2,1,2,A01
202000009227,2,7,,0,0,4,15,B01
202000009228,2,7,,15,0,1,1,A01
202000009229,2,7,,0,0,0,1,A01
202000009230,1,10,,0,0,8,15,B01
202000009230,1,10,,7,2,2,2,A01
202000009231,2,10,,16,0,1,1,A01
202000009232,1,7,,0,2,1,1,A01
202000009232,3,2,,0,2,7,1,B01
202000009232,3,2,,0,2,1,1,C01
202000009233,2,7,,0,2,3,1,A01
202000009233,1,10,,0,2,2,1,B01
202000009234,1,33,,0,0,0,1,A01
202000009235,2,15,,0,0,0,17,B01
202000009235,2,1,,0,0,0,2,A01
202000009236,2,21,,6,0,3,1,A01
202000009237,2,7,,2,0,2,1,A01
202000009238,1,7,,0,0,9,21,A01
202000009239,1,7,,0,1,1,1,A01
202000009240,3,32,,0,2,4,1,A01
202000009240,3,10,,0,2,3,9,B01
202000009241,1,7,,3,0,6,24,B01
202000009241,1,14,,1,0,2,14,A01
202000009242,1,7,,17,0,0,14,A01
202000009243,3,7,,1,9,1,1,A01
202000009243,3,2,,0,2,8,0,B01
202000009244,0,7,,0,2,3,5,A01
202000009244,0,33,,0,2,1,5,B01
202000009245,2,33,,0,2,1,5,A01
202000009245,1,10,,0,2,1,1,B01
202000009246,3,7,,0,1,3,1,A01
202000009247,2,7,,0,0,4,23,A01
202000009247,2,10,,0,2,1,2,B01
202000009248,0,7,,0,0,4,26,A01
202000009248,1,7,,0,2,1,26,B01
202000009249,3,7,,0,1,3,1,A01
202000009250,1,7,,0,2,3,15,A01
202000009250,1,31,,0,2,1,1,B01
202000009251,2,7,,0,1,1,1,A01
202000009252,0,7,,0,2,3,23,B01
202000009252,0,7,,0,1,2,1,A01
202000009253,1,1,,0,2,5,1,A01
202000009254,1,10,,0,1,1,26,A01
202000009255,2,7,,0,2,3,1,B01
202000009255,1,7,,0,2,3,13,A01
202000009256,0,7,,0,1,3,1,A01
202000009257,3,7,,0,2,8,15,A01
202000009257,3,31,,0,2,8,1,B01
202000009258,3,7,,0,1,1,1,A01
202000009259,1,7,,0,2,4,0,B01
202000009259,1,7,,0,2,1,1,A01
202000009260,2,10,,13,0,0,1,A01
202000009261,1,31,,0,2,1,26,A01
202000009261,2,7,,0,2,5,15,B01
202000009262,2,32,,0,2,2,1,A01
202000009262,3,7,,0,2,3,1,B01
202000009263,2,7,,0,2,2,15,A01
202000009263,1,7,,0,2,3,1,B01
202000009264,2,7,,0,1,1,17,A01
202000009265,2,7,,0,1,2,16,A01
202000009266,1,7,,0,2,3,2,A01
202000009266,1,7,,0,2,4,2,B01
202000009267,1,7,,0,1,1,1,A01
202000009268,2,34,,0,2,1,1,A01
202000009268,2,10,,0,2,7,16,B01
202000009269,1,14,,0,1,1,9,A01
202000009270,1,7,,0,2,1,9,A01
202000009270,0,7,,0,2,4,9,B01
202000009270,0,7,,0,0,4,23,C01
202000009271,1,7,,0,2,3,10,A01
202000009271,1,33,,0,2,1,17,B01
202000009272,0,7,,0,2,1,1,A01
202000009272,0,7,,0,2,4,23,B01
202000009273,2,7,,0,1,1,1,A01
202000009274,2,7,,0,1,3,1,A01
202000009275,1,7,,0,1,2,1,A01
202000009276,3,15,,0,1,1,1,B01
202000009277,2,7,,0,2,3,19,B01
202000009277,3,31,,0,2,2,2,A01
202000009278,1,7,,0,1,3,26,A01
202000009279,2,7,,0,2,4,23,B01
202000009279,2,14,,0,2,1,2,A01
202000009280,1,10,,1,0,1,14,A01
202000009281,1,31,,0,2,2,2,B01
202000009281,1,10,,0,2,3,13,A01
202000009282,2,32,,0,2,1,1,A01
202000009282,1,7,,0,2,3,15,B01
202000009283,2,7,,14,2,1,1,A01
202000009283,1,7,,0,2,1,1,B01
202000009284,2,2,,0,2,1,1,A01
202000009284,2,7,,0,2,7,1,B01