Num_Acc,senc,catv,occutc,obs,obsm,choc,manv,num_veh
202000009285,1,1,,0,1,1,1,A01
202000009286,0,7,,1,2,3,1,B01
202000009286,1,7,,0,2,3,9,A01
202000009287,2,10,,0,2,4,23,B01
202000009287,2,7,,0,2,4,2,A01
202000009288,1,7,,0,2,5,2,A01
202000009288,1,1,,0,2,1,2,B01
202000009289,2,33,,0,1,1,1,A01
202000009290,2,1,,0,0,0,1,A01
202000009291,1,50,,0,2,1,1,B01
202000009291,2,7,,0,2,3,16,A01
202000009292,1,1,,0,0,3,1,B01
202000009292,1,10,,0,2,1,0,A01
202000009293,0,1,,0,2,1,5,B01
202000009293,0,10,,0,2,3,2,A01
202000009294,2,7,,0,2,4,2,B01
202000009294,2,17,,0,2,1,1,A01
202000009295,2,7,,1,2,8,15,A01
202000009295,2,7,,1,2,1,1,B01
202000009296,-1,50,,0,2,5,15,B01
202000009296,-1,7,,0,9,3,9,A01
202000009297,2,10,,0,2,3,11,A01
202000009297,2,31,,0,0,2,1,WB01
202000009298,1,10,,0,1,2,1,A01
202000009299,1,10,,0,2,5,19,A01
202000009299,2,10,,7,2,3,2,B01
202000009300,3,7,,9,0,1,20,A01
202000009301,-1,7,,0,2,4,2,B01
202000009301,-1,7,,0,2,1,9,A01
202000009302,1,7,,0,1,4,26,A01
202000009303,1,10,,7,0,4,2,B01
202000009303,1,10,,1,2,1,21,A01
202000009304,3,7,,0,2,1,15,A01
202000009304,3,2,,0,2,1,2,B01
202000009305,3,7,,0,2,3,9,B01
202000009305,1,7,,0,2,7,1,A01
202000009306,-1,99,,0,1,2,26,A01
202000009307,0,7,,0,2,2,15,A01
202000009307,3,2,,0,2,1,26,B01
202000009308,3,1,,1,2,5,2,A01
202000009308,3,60,,0,2,2,0,Y01
202000009309,1,3,,0,1,7,14,A01
202000009310,2,7,,0,1,1,1,A01
202000009311,1,30,,3,0,2,15,A01
202000009312,2,32,,0,2,1,0,B01
202000009312,0,7,,0,2,3,15,A01
202000009313,1,33,,0,1,2,13,A01
202000009314,1,7,,0,2,2,1,A01
202000009314,3,7,,0,2,3,9,B01
202000009315,2,15,,0,2,2,1,A01
202000009315,1,10,,0,2,8,16,B01
202000009316,1,7,,0,2,1,1,A01
202000009316,1,7,,0,2,1,1,B01
202000009317,3,7,,2,0,2,1,A01
202000009318,1,2,,13,0,1,1,A01
202000009319,1,7,,2,0,1,1,A01
202000009320,2,7,,13,0,1,13,A01
202000009321,2,7,,0,2,5,21,C01
202000009321,1,33,,0,2,4,13,B01
202000009321,1,7,,0,2,3,2,A01
202000009322,2,30,,0,0,0,1,A01
202000009323,2,10,,13,0,1,1,A01
202000009324,2,7,,15,0,1,1,A01
202000009325,1,15,,0,2,6,1,B01
202000009325,2,7,,13,2,3,13,A01
202000009326,1,21,,0,1,1,1,A01
202000009327,0,80,,0,2,5,1,A01
202000009327,0,7,,0,2,2,1,B01
202000009328,3,7,,2,0,1,1,A01
202000009329,2,7,,0,2,1,13,A01
202000009329,1,10,,0,2,8,1,B01
202000009330,1,7,,0,0,7,26,B01
202000009330,1,7,,0,2,3,1,A01
202000009331,2,7,,0,2,1,1,B01
202000009331,1,7,,0,2,1,13,A01
202000009332,3,33,,13,0,1,1,A01
202000009333,1,7,,13,1,3,1,A01
202000009334,2,2,,3,0,1,13,A01
202000009335,2,1,,16,0,1,15,A01
202000009336,2,7,,3,0,1,1,A01
202000009337,1,7,,15,0,1,1,A01
202000009338,2,17,,13,0,2,6,A01
202000009339,1,33,,8,0,7,0,A01
202000009340,1,10,,0,1,7,0,A01
202000009341,2,7,,12,0,1,1,A01
202000009342,1,7,,0,0,4,13,A01
202000009343,1,7,,0,2,1,1,B01
202000009343,2,7,,0,2,1,13,A01
202000009344,3,7,,0,1,2,1,A01
202000009345,0,7,,0,9,3,5,A01
202000009345,2,33,,0,2,8,1,B01
202000009346,1,10,,0,2,1,1,B01
202000009346,1,7,,8,2,2,1,A01
202000009347,2,2,,0,2,3,1,B01
202000009347,2,7,,0,2,2,17,A01
202000009348,1,7,,0,2,1,19,A01
202000009348,1,7,,0,2,8,1,B01
202000009349,0,2,,13,0,2,1,A01
202000009350,3,7,,13,0,8,13,A01
202000009351,1,7,,0,0,4,1,B01
202000009351,1,10,,0,2,1,2,A01
202000009352,2,7,,0,0,0,2,A01
202000009353,1,34,,0,2,7,26,A01
202000009353,1,7,,0,2,8,26,B01
202000009354,2,7,,0,2,1,1,A01
202000009354,2,7,,0,2,4,1,B01
202000009355,2,7,,0,2,4,23,B01
202000009355,2,7,,1,0,1,2,A01
202000009356,1,7,,0,2,4,2,E01
202000009356,1,17,,0,2,8,21,D01
202000009356,1,13,,1,0,1,1,A01
202000009356,1,10,,1,2,4,23,B01
202000009356,1,7,,0,2,4,23,C01
202000009356,1,10,,0,2,7,2,F01
202000009356,1,7,,0,2,1,2,G01
202000009357,1,7,,0,2,4,0,B01
202000009357,1,17,,0,2,1,0,A01
202000009358,2,33,,0,2,2,3,B01
202000009358,2,7,,0,2,6,11,A01
202000009359,1,7,,0,2,6,1,C01
202000009359,1,33,,0,2,8,3,B01
202000009359,1,10,,0,2,2,12,A01
202000009360,1,10,,0,2,8,11,A01
202000009360,1,7,,0,2,1,1,B01
202000009361,1,7,,0,2,4,1,B01
202000009361,1,7,,0,2,1,1,A01
202000009362,2,7,,0,2,3,1,B01
202000009362,2,7,,14,2,3,17,A01
202000009363,2,10,,0,1,1,1,A01
202000009364,1,7,,0,2,8,15,A01
202000009364,2,7,,0,2,3,1,B01
202000009365,1,30,,0,2,1,1,B01
202000009365,2,7,,0,2,7,26,A01
202000009366,3,7,,12,0,9,0,A01
202000009367,1,7,,0,2,1,1,B01
202000009367,1,7,,0,2,3,1,A01
202000009368,1,7,,0,2,1,1,B01
202000009368,1,7,,0,2,3,1,A01
202000009369,2,7,,0,1,1,15,A01
202000009370,2,7,,0,2,2,26,B01
202000009370,2,1,,0,2,1,19,A01
202000009371,2,7,,0,2,1,1,A01
202000009371,2,7,,0,2,6,1,B01
202000009372,1,7,,0,1,1,1,A01
202000009373,1,7,,0,2,1,26,A01
202000009373,1,7,,0,2,1,1,B01
202000009374,0,7,,0,1,2,14,A01
202000009375,3,7,,0,2,1,9,A01
202000009375,3,7,,0,2,4,2,B01
202000009376,3,7,,0,1,1,1,A01
202000009377,1,7,,0,2,1,1,B01
202000009377,2,7,,3,2,1,1,A01
202000009378,2,1,,0,2,1,1,B01
202000009378,1,31,,0,1,1,17,A01
202000009379,2,7,,0,2,3,15,A01
202000009379,1,30,,0,2,1,1,B01
202000009380,0,7,,0,2,1,9,B01
202000009380,0,7,,0,2,1,15,A01
202000009381,2,7,,0,2,7,17,A01
202000009381,2,1,,0,2,8,13,B01
202000009382,0,7,,0,1,1,1,A01
202000009383,3,7,,6,0,1,1,A01
202000009384,0,7,,0,0,0,21,A01
202000009385,2,7,,0,1,7,17,A01
202000009386,1,7,,0,2,0,16,A01
202000009386,2,1,,0,2,1,16,B01
202000009387,1,7,,0,1,2,16,A01
202000009388,1,30,,0,0,8,26,A01
202000009389,3,7,,0,2,0,0,Z01
202000009389,0,30,,0,2,9,1,B01
202000009390,2,7,,4,0,3,9,A01
202000009391,1,7,,0,1,1,1,A01
202000009392,1,7,,0,2,3,1,B01
202000009392,2,7,,0,2,2,19,A01
202000009393,1,7,,0,2,1,1,A01
202000009393,1,7,,0,2,7,1,B01
202000009394,3,7,,0,2,5,15,B01
202000009394,1,30,,0,2,1,1,A01
202000009395,1,7,,0,1,0,0,A01
202000009396,3,10,,0,2,1,2,A01
202000009396,3,7,,0,2,4,2,B01
202000009397,2,7,,0,1,1,19,A01
202000009398,1,7,,0,2,1,1,A01
202000009398,1,7,,0,0,4,1,B01
202000009399,2,7,,0,2,7,1,A01
202000009399,2,7,,0,2,3,23,C01
202000009399,2,7,,0,2,1,1,B01
202000009400,2,7,,0,1,1,16,A01
202000009401,1,17,,0,1,3,26,A01
202000009402,0,1,,0,2,0,26,A01
202000009402,0,7,,0,2,1,1,B01
202000009403,3,10,,0,2,3,13,A01
202000009403,2,10,,0,2,3,1,B01
202000009404,0,7,,0,1,1,1,A01
202000009405,2,7,,0,1,1,1,A01
202000009406,1,7,,0,2,7,1,B01
202000009406,1,7,,0,2,1,9,A01
202000009407,1,7,,0,2,3,0,B01
202000009407,3,7,,0,2,8,23,A01
202000009408,3,7,,0,2,4,1,C01
202000009408,3,7,,0,2,1,1,A01
202000009408,3,7,,0,2,5,1,B01
202000009409,0,30,,12,0,0,1,A01
202000009410,0,1,,0,2,1,1,B01
202000009410,0,7,,0,2,3,9,A01
202000009411,3,7,,0,1,1,1,A01
202000009412,1,7,,4,0,1,1,A01
202000009413,3,7,,0,0,8,1,B01
202000009413,3,7,,0,2,1,15,A01
202000009414,2,32,,0,2,1,0,B01
202000009414,0,7,,0,2,7,0,A01
202000009415,1,33,,0,2,1,1,B01
202000009415,1,7,,0,2,1,0,A01
202000009415,1,7,,0,2,3,1,C01
202000009416,1,7,,0,2,3,1,A01
202000009416,1,1,,0,2,2,1,C01
202000009417,1,99,,0,2,3,23,A01
202000009417,2,31,,0,2,1,1,C01
202000009417,2,7,,14,0,3,1,B01
202000009418,1,10,,0,2,4,1,C01
202000009418,1,10,,0,2,1,1,A01
202000009418,1,7,,0,2,4,1,B01
202000009419,1,7,,0,2,1,19,A01
202000009419,2,7,,0,2,7,1,B01
202000009420,2,7,,4,0,0,13,A01
202000009421,1,7,,14,1,1,26,A01
202000009422,3,7,,0,1,2,1,A01
202000009423,2,7,,0,2,2,1,A01
202000009423,3,60,,0,2,5,19,B01
202000009424,2,7,,0,2,4,2,B01
202000009424,2,32,,0,2,1,2,A01
202000009425,1,7,,0,2,4,2,B01
202000009425,1,7,,0,2,4,1,C01
202000009425,1,7,,0,2,1,2,A01
202000009426,1,33,,0,2,6,1,B01
202000009426,1,7,,0,2,2,12,A01
202000009427,2,7,,0,2,6,1,A01
202000009427,1,32,,0,2,1,1,B01
202000009428,2,30,,0,2,0,23,B01
202000009428,2,7,,0,2,0,17,A01
202000009429,1,33,,8,2,1,1,A01
202000009429,1,1,,0,2,7,12,B01
202000009430,2,30,,0,1,8,17,Z01
202000009431,1,30,,0,1,1,1,A01
202000009432,2,7,,0,2,3,15,B01
202000009432,2,2,,0,2,1,17,A01
202000009433,3,50,,0,2,7,19,B01
202000009433,3,7,,0,2,2,1,A01
202000009434,1,30,,0,1,1,1,A01
202000009435,1,7,,7,2,1,9,A01
202000009435,2,37,1.0,0,2,0,8,B01
202000009436,1,30,,0,2,1,1,B01
202000009436,2,50,,0,2,1,15,A01
202000009437,1,7,,0,1,3,15,Z01
202000009438,2,7,,0,1,1,1,A01
202000009439,3,7,,0,2,1,1,B01
202000009439,2,7,,0,2,8,5,A01
202000009440,2,50,,0,2,1,15,A01
202000009440,2,32,,0,0,7,1,B01
202000009441,1,33,,0,2,3,1,B01
202000009441,1,7,,0,2,2,12,A01
202000009442,2,1,,0,0,0,0,A01
202000009443,1,99,,0,2,1,13,A01
202000009443,2,1,,0,2,1,1,B01
202000009444,2,31,,0,0,1,1,A01
202000009445,1,33,,0,2,1,1,B01
202000009445,2,7,,0,2,2,15,A01
202000009446,2,7,,0,9,6,15,A01
202000009446,2,1,,0,2,1,17,B01
202000009447,2,1,,0,2,0,2,C01
202000009447,2,1,,0,2,0,2,B01
202000009447,2,1,,0,2,0,2,D01
202000009447,2,1,,0,2,0,2,A01
202000009448,1,7,,0,2,4,23,D01
202000009448,1,7,,0,2,1,16,A01
202000009448,1,7,,0,0,4,23,C01
202000009448,1,7,,0,2,4,23,B01
202000009449,0,36,,0,0,1,0,A01
202000009450,3,21,,0,2,1,15,A01
202000009450,1,7,,3,2,2,1,B01
202000009451,2,10,,8,0,1,1,A01
202000009452,2,7,,0,1,1,1,A01
202000009453,3,1,,0,2,3,15,B01
202000009453,3,7,,0,2,5,1,A01
202000009454,1,32,,0,6,1,1,A01
202000009455,1,7,,13,0,1,1,A01
202000009456,1,33,,13,0,2,14,A01
202000009457,1,15,,0,2,1,1,B01
202000009457,2,7,,0,2,1,13,A01
202000009458,2,33,,3,0,3,13,A01
202000009459,2,7,,13,0,3,1,A01
202000009460,2,21,,0,2,6,15,A01
202000009460,1,31,,0,2,9,1,B01
202000009461,1,7,,0,1,1,1,A01
202000009462,3,31,,0,0,0,1,A01
202000009463,1,33,,0,0,0,1,A01
202000009464,2,33,,0,0,7,1,A01
202000009465,0,33,,0,2,1,1,A01
202000009465,0,33,,0,2,4,1,B01
202000009466,2,31,,0,2,7,1,B01
202000009466,1,7,,0,2,1,1,A01
202000009467,1,1,,0,2,1,1,B01
202000009467,2,7,,0,9,2,15,A01
202000009468,1,17,,0,2,6,15,A01
202000009468,2,30,,0,2,1,1,B01
202000009469,1,80,,0,0,0,0,A01
202000009470,2,7,,8,0,1,1,A01
202000009471,2,7,,0,2,7,13,A01
202000009471,1,7,,0,2,1,1,B01
202000009472,0,2,,6,0,7,1,A01
202000009473,0,10,,13,0,1,13,A01
202000009474,3,1,,0,0,7,2,B01
202000009474,3,1,,0,0,8,26,A01
202000009475,1,1,,1,0,1,1,A01
202000009475,2,14,,0,1,6,23,B01
202000009476,3,7,,0,9,1,1,B01
202000009476,3,1,,0,2,1,16,A01
202000009477,2,1,,0,2,4,15,B01
202000009477,2,33,,0,9,1,17,A01
202000009478,3,1,,0,0,1,0,A01
202000009479,0,33,,6,0,1,1,A01
202000009480,2,7,,0,2,6,0,A01
202000009480,1,7,,0,2,3,0,B01
202000009481,2,1,,0,2,2,17,B01
202000009481,2,7,,0,9,8,15,A01
202000009482,1,7,,0,0,0,0,A01
202000009483,2,7,,13,0,2,1,A01
202000009484,1,33,,0,0,0,1,A01
202000009485,2,2,,6,0,1,14,A01
202000009486,2,1,,0,1,8,1,A01
202000009486,2,1,,0,5,8,1,B01
202000009487,1,10,,0,2,7,17,A01
202000009487,1,1,,0,2,8,13,B01
202000009488,0,33,,0,0,2,1,A01
202000009489,1,7,,1,1,2,1,A01
202000009490,2,7,,0,2,5,15,A01
202000009490,1,33,,0,2,1,1,B01
202000009491,1,33,,0,2,3,1,B01
202000009491,1,7,,0,2,2,15,A01
202000009492,2,7,,0,2,1,2,A01
202000009492,2,7,,0,0,6,2,B01
202000009493,2,7,,3,2,6,13,A01
202000009493,2,7,,3,2,2,1,B01
202000009494,2,7,,0,2,8,13,B01
202000009494,2,7,,0,2,7,1,A01
202000009495,1,7,,0,2,4,23,C01
202000009495,1,7,,4,2,7,14,A01
202000009495,1,7,,0,2,8,1,B01
202000009496,1,7,,0,2,1,3,Z01
202000009496,1,7,,6,2,5,0,B01
202000009497,2,7,,0,2,2,1,A01
202000009497,2,7,,0,2,0,1,B01
202000009498,2,7,,4,0,2,1,A01
202000009499,2,7,,0,0,3,13,A01
202000009500,2,33,,0,0,9,1,A01
202000009501,2,33,,16,0,7,15,A01
202000009502,1,7,,0,2,6,2,A01
202000009502,1,7,,0,2,2,2,B01
202000009503,2,7,,0,2,1,2,D01
202000009503,2,7,,0,2,4,1,B01
202000009503,2,7,,0,2,4,2,C01
202000009503,2,7,,0,2,1,1,A01
202000009504,1,10,,3,0,2,1,A01
202000009505,3,7,,0,1,3,15,A01
202000009506,3,7,,0,1,3,17,A01
202000009507,1,10,,0,2,6,23,B01
202000009507,1,31,,0,2,2,2,A01
202000009508,1,10,,15,0,1,14,A01
202000009509,2,7,,0,2,8,15,B01
202000009509,2,34,,0,2,2,17,A01
202000009510,2,7,,0,0,9,1,A01
202000009511,3,7,,0,9,3,9,A01
202000009511,3,80,,0,2,1,1,B01
202000009512,1,2,,0,2,7,0,B01
202000009512,1,7,,0,9,1,16,A01
202000009513,1,7,,0,2,3,2,A01
202000009513,1,7,,0,0,5,2,B01
202000009514,3,0,,0,2,0,0,A01
202000009514,0,7,,0,2,5,17,B01
202000009515,1,7,,0,2,2,11,B01
202000009515,1,7,,0,2,8,12,A01
202000009516,2,50,,0,2,4,1,Y01
202000009517,1,2,,14,2,1,5,B01
202000009517,1,7,,0,2,1,1,A01
202000009518,3,7,,0,1,2,26,A01
202000009519,1,7,,0,2,1,2,C01
202000009519,1,7,,0,2,9,2,B01
202000009519,1,7,,0,0,5,23,A01
202000009520,1,7,,0,1,1,1,A01
202000009521,1,31,,1,0,1,15,Z01
202000009522,1,7,,0,2,0,15,B01
202000009522,1,7,,0,2,8,15,C01
202000009522,2,7,,0,1,3,26,A01
202000009523,1,32,,4,0,1,26,A01
202000009524,3,7,,0,2,8,15,A01
202000009524,3,2,,0,2,1,1,B01
202000009525,2,30,,0,2,7,1,A01
202000009525,2,7,,0,2,1,1,B01
202000009526,2,7,,0,2,5,0,B01
202000009526,2,7,,15,2,1,26,A01
202000009527,1,7,,0,2,1,1,B01
202000009527,2,7,,0,2,1,1,A01
202000009528,2,1,,0,2,3,1,B01
202000009528,1,7,,0,2,3,15,A01
202000009529,3,7,,0,2,8,15,A01
202000009529,3,31,,0,2,1,17,B01
202000009530,3,7,,0,1,4,4,A01
202000009531,0,7,,0,2,8,24,A01
202000009531,2,1,,1,0,1,1,B01
202000009532,3,7,,0,2,2,10,A01
202000009532,3,33,,0,2,8,2,B01
202000009533,2,7,,14,2,1,26,A01
202000009533,3,7,,0,2,4,23,B01
202000009533,3,7,,0,2,4,23,C01
202000009534,0,7,,0,1,0,0,X01
202000009535,1,7,,0,2,4,23,B01
202000009535,1,15,,0,2,1,15,A01
202000009536,2,32,,0,2,1,1,B01
202000009536,1,7,,0,2,1,15,A01
202000009537,1,7,,0,2,1,1,B01
202000009537,2,7,,0,2,1,1,A01
202000009538,1,31,,0,2,1,7,A01
202000009538,1,7,,0,2,7,16,B01
202000009539,0,7,,0,1,1,1,A01
202000009540,1,34,,0,2,4,2,B01
202000009540,0,7,,0,2,1,9,Z01
202000009541,2,7,,0,1,1,16,A01
202000009542,1,10,,13,2,1,21,A01
202000009542,2,33,,0,2,1,13,B01
202000009543,3,7,,0,2,7,15,B01
202000009543,3,7,,0,2,1,1,A01
202000009544,2,2,,0,2,1,1,B01
202000009544,1,7,,0,2,3,13,A01
202000009545,1,7,,1,0,3,1,A01
202000009546,3,7,,2,0,8,1,A01
202000009547,0,10,,0,2,1,2,A01
202000009547,0,7,,0,2,4,0,B01
202000009548,2,7,,0,2,3,2,B01
202000009548,2,32,,0,2,4,21,A01
202000009549,2,31,,0,2,5,1,C01
202000009549,2,7,,0,2,6,1,B01
202000009549,2,7,,0,2,2,3,A01
202000009550,2,7,,4,2,2,12,A01
202000009550,2,7,,0,2,1,1,B01
202000009551,0,7,,0,2,2,1,B01
202000009551,1,2,,0,2,8,11,A01
202000009552,1,7,,0,2,2,2,A01
202000009552,1,31,,0,2,4,23,B01
202000009553,1,34,,0,1,1,1,Z01
202000009554,1,7,,0,2,4,2,A01
202000009554,1,33,,0,2,1,2,B01
202000009555,1,7,,0,2,2,1,A01
202000009555,1,7,,0,2,2,1,B01
202000009556,2,30,,12,0,8,1,A01
202000009557,1,1,,1,0,5,1,A01
202000009558,2,30,,0,0,7,1,A01
202000009559,0,7,,0,2,3,15,Z01
202000009559,3,2,,12,2,8,1,A01
202000009560,1,7,,0,2,4,2,C01
202000009560,1,7,,0,2,4,2,B01
202000009560,1,7,,0,2,1,2,A01
202000009561,1,30,,12,0,8,21,A01
202000009562,1,50,,12,0,9,26,A01
202000009563,0,30,,0,1,0,25,A01
202000009564,3,7,,0,1,1,9,A01
202000009565,2,30,,0,1,1,1,A01
202000009566,3,7,,0,9,0,0,B01
202000009566,3,30,,0,2,1,15,A01
202000009567,2,32,,0,1,1,21,A01
202000009568,1,10,,0,2,2,16,A01
202000009568,1,2,,0,2,3,2,B01
202000009569,2,7,,0,2,1,11,B01
202000009569,1,2,,0,2,1,17,A01
202000009570,-1,10,,0,0,5,0,A01
202000009570,-1,7,,0,2,3,0,B01
202000009571,3,7,,0,2,3,15,B01
202000009571,3,1,,0,2,1,1,A01
202000009572,1,33,,0,0,7,1,A01
202000009573,3,2,,14,0,1,1,B01
202000009573,3,7,,0,0,4,23,A01
202000009574,1,7,,0,1,1,26,A01
202000009575,1,7,,13,0,6,1,B01
202000009575,1,7,,4,2,2,17,A01
202000009576,1,7,,0,2,2,15,A01
202000009576,2,1,,0,2,1,1,B01
202000009577,2,33,,0,0,0,1,A01
202000009578,2,7,,0,0,3,9,A01
202000009578,2,7,,0,2,1,1,B01
202000009579,3,7,,13,0,0,0,A01
202000009580,3,7,,6,2,1,19,A01
202000009580,1,7,,6,2,2,1,B01
202000009581,2,7,,0,0,5,0,A01
202000009581,2,1,,0,2,8,1,C01
202000009581,2,1,,0,2,8,1,D01
202000009582,1,33,,0,0,2,1,A01
202000009583,2,7,,0,0,9,11,A01
202000009584,2,7,,0,2,2,1,B01
202000009584,1,7,,0,2,1,15,A01
202000009585,2,7,,0,9,1,13,A01
202000009585,2,80,,0,2,8,13,B01
202000009586,3,36,,13,0,2,0,A01
202000009587,1,33,,0,0,8,1,A01
202000009588,2,7,,13,0,2,1,A01
202000009589,2,21,,0,0,6,15,B01
202000009589,2,33,,0,2,1,17,A01
202000009590,2,33,,3,0,7,21,A01
202000009591,2,33,,3,0,0,1,A01
202000009592,1,33,,0,0,1,1,A01
202000009593,2,7,,0,1,2,2,A01
202000009594,0,7,,0,1,1,1,A01
202000009595,3,1,,0,2,1,26,B01
202000009595,3,7,,0,2,2,13,A01
202000009596,0,2,,0,0,0,0,A01
202000009597,2,7,,0,2,2,19,B01
202000009597,2,7,,13,0,1,1,A01
202000009598,1,7,,15,0,0,1,A01
202000009599,2,10,,0,9,3,0,A01
202000009599,1,1,,0,2,7,0,B01
202000009600,3,7,,0,2,3,1,B01
202000009600,3,31,,0,2,3,1,A01
202000009601,1,7,,2,0,1,14,A01
202000009602,1,7,,0,2,3,17,A01
202000009602,1,33,,0,2,4,1,C01
202000009602,1,33,,0,2,1,1,B01
202000009603,2,7,,10,0,1,11,A01
202000009604,1,33,,0,2,1,13,A01
202000009604,2,7,,0,2,1,1,B01
202000009605,1,7,,2,0,9,16,A01
202000009606,1,33,,0,0,1,1,A01
202000009607,2,7,,0,2,1,13,A01
202000009607,1,7,,0,2,1,1,B01
202000009608,2,33,,0,2,8,15,B01
202000009608,1,7,,0,2,3,15,A01
202000009609,1,7,,0,0,6,1,B01
202000009609,1,33,,0,2,1,17,A01
202000009609,2,7,,0,0,8,1,C01
202000009610,2,7,,0,2,1,13,A01
202000009610,1,7,,0,2,1,23,B01
202000009611,0,33,,6,0,3,1,A01
202000009612,0,7,,2,0,1,0,A01
202000009613,2,7,,0,2,8,1,B01
202000009613,3,7,,0,2,1,1,A01
202000009614,1,10,,0,0,8,15,B01
202000009614,1,2,,0,2,2,17,A01
202000009615,1,7,,0,2,1,1,A01
202000009615,2,33,,0,2,1,2,B01
202000009616,2,33,,13,0,0,17,A01
202000009617,1,7,,16,0,9,14,A01
202000009618,2,7,,0,2,2,2,B01
202000009618,2,21,,13,0,4,1,A01
202000009619,1,7,,0,2,4,2,B01
202000009619,1,7,,0,0,4,2,C01
202000009619,1,7,,0,2,1,2,A01
202000009620,2,7,,0,2,1,2,E01
202000009620,2,7,,0,0,3,1,D01
202000009620,2,7,,0,2,3,1,C01
202000009620,2,7,,0,2,2,2,B01
202000009620,2,7,,0,0,3,1,A01
202000009621,1,10,,8,0,2,14,A01
202000009622,2,7,,2,0,1,1,A01
202000009623,2,34,,0,2,1,1,B01
202000009623,1,7,,0,2,8,9,A01
202000009624,2,2,,0,2,3,1,A01
202000009624,1,7,,0,2,3,1,B01
202000009625,1,7,,13,0,2,1,A01
202000009626,3,31,,16,0,1,0,A01
202000009627,2,7,,13,2,1,1,B01
202000009627,3,10,,13,2,2,1,A01
202000009628,2,1,,0,2,7,19,B01
202000009628,2,7,,0,9,1,1,A01
202000009629,1,33,,0,2,1,1,A01
202000009629,3,21,,0,2,4,19,B01
202000009630,1,7,,0,2,1,1,A01
202000009630,2,7,,0,2,8,1,C01
202000009630,2,7,,0,2,1,1,B01
202000009631,2,10,,0,0,9,1,A01
202000009632,1,7,,13,0,1,0,A01
202000009633,0,31,,0,2,7,1,B01
202000009633,0,7,,0,2,1,1,A01
202000009634,1,7,,0,2,3,11,A01
202000009634,1,34,,0,2,1,1,B01
202000009635,2,34,,0,1,1,19,Z01
202000009636,0,31,,0,2,1,2,A01
202000009636,0,10,,0,9,4,23,B01
202000009637,2,7,,0,2,1,1,A01
202000009637,2,7,,0,2,4,23,B01
202000009637,2,15,,0,2,4,23,C01
202000009638,2,7,,0,2,3,13,B01
202000009638,2,30,,0,2,2,1,A01
202000009638,1,7,,0,2,3,1,C01
202000009639,0,7,,0,1,8,9,A01
202000009640,1,32,,0,2,2,15,A01
202000009640,2,99,,0,2,3,1,B01
202000009641,1,33,,0,0,0,15,A01
202000009642,2,1,,0,2,0,18,A01
202000009642,2,7,,0,2,2,14,B01
202000009643,1,7,,15,1,0,26,Z01
202000009644,3,7,,0,2,5,16,B01
202000009644,3,30,,0,2,3,16,A01
202000009645,2,7,,0,1,3,13,Z01
202000009646,2,7,,0,2,3,0,B01
202000009646,1,7,,0,2,3,13,A01
202000009647,3,7,,0,2,1,1,B01
202000009647,3,7,,0,2,1,15,A01
202000009648,2,7,,0,2,3,9,A01
202000009648,2,1,,0,2,7,1,B01
202000009649,1,10,,0,1,7,1,A01
202000009650,2,10,,0,2,1,5,A01
202000009650,2,7,,0,2,4,2,C01
202000009650,1,7,,0,2,1,1,B01
202000009651,2,7,,0,2,5,12,A01
202000009651,2,32,,0,2,1,3,B01
202000009651,2,7,,0,2,3,1,C01
202000009652,2,7,,0,2,7,12,A01
202000009652,2,32,,0,2,3,3,B01
202000009653,1,10,,0,2,6,2,B01
202000009653,1,43,,0,2,1,3,A01
202000009654,2,10,,0,2,4,2,B01
202000009654,2,10,,0,2,1,2,A01
202000009655,1,1,,0,2,7,15,A01
202000009655,1,33,,0,2,1,1,B01
202000009656,1,2,,0,2,1,1,A01
202000009656,3,7,,0,2,5,1,B01
202000009657,2,1,,0,2,5,1,A01
202000009657,1,1,,0,2,5,1,B01
202000009658,2,32,,0,1,5,17,A01
202000009659,1,30,,0,0,0,1,A01
202000009660,1,7,,0,1,2,1,A01
202000009661,1,10,,0,2,7,1,A01
202000009661,1,10,,0,2,1,1,B01
202000009662,2,7,,0,2,2,1,A01
202000009662,2,1,,0,2,0,1,B01
202000009663,3,7,,0,2,3,1,A01
202000009663,3,33,,0,2,5,1,B01
202000009664,2,33,,0,2,7,1,B01
202000009664,2,7,,0,2,1,15,A01
202000009665,1,30,,14,0,7,14,A01
202000009666,2,1,,0,2,1,1,B01
202000009666,2,7,,0,2,3,9,A01
202000009667,1,10,,0,2,3,22,A01
202000009667,1,1,,0,2,2,1,B01
202000009668,1,30,,0,2,7,15,A01
202000009668,1,30,,0,2,1,1,B01
202000009669,2,33,,0,2,6,1,A01
202000009669,2,1,,0,2,1,19,Z01
202000009670,1,1,,0,2,1,1,B01
202000009670,1,7,,0,2,7,22,A01
202000009671,2,43,,0,1,1,1,A01
202000009672,1,32,,0,2,1,1,B01
202000009672,1,7,,0,2,6,1,A01
202000009673,1,1,,0,2,1,5,A01
202000009673,1,7,,0,2,6,1,B01
202000009674,1,7,,0,2,2,1,A01
202000009674,1,33,,0,2,4,17,B01
202000009675,1,2,,0,0,0,1,A01
202000009676,1,7,,0,2,0,0,A01
202000009676,1,7,,0,0,0,0,B01
202000009677,2,7,,14,0,3,2,A01
202000009677,2,7,,0,0,5,0,B01