Num_Acc,senc,catv,occutc,obs,obsm,choc,manv,num_veh
202000009678,1,30,,0,1,1,18,A01
202000009679,1,10,,0,2,4,16,A01
202000009679,1,10,,0,2,0,0,B01
202000009680,1,7,,0,2,1,2,A01
202000009680,1,7,,0,2,4,2,B01
202000009681,1,37,3.0,0,0,0,1,A01
202000009682,1,7,,0,2,3,26,A01
202000009682,1,30,,0,2,1,1,B01
202000009683,2,7,,0,2,1,15,A01
202000009683,1,34,,0,2,7,1,B01
202000009684,1,32,,0,2,4,1,A01
202000009684,1,0,,0,2,1,17,Z01
202000009685,1,7,,0,2,2,10,A01
202000009685,1,32,,0,2,1,1,B01
202000009686,2,31,,12,0,1,13,A01
202000009687,0,1,,0,2,8,5,B01
202000009687,1,7,,0,2,1,1,A01
202000009688,1,7,,11,0,1,16,A01
202000009688,1,7,,3,2,4,16,B01
202000009688,1,17,,0,2,1,0,C01
202000009689,1,14,,0,2,3,11,A01
202000009689,1,10,,0,2,7,21,B01
202000009690,2,7,,0,2,1,1,A01
202000009690,1,7,,0,2,3,16,B01
202000009691,3,7,,0,2,3,26,A01
202000009691,3,7,,0,2,1,1,B01
202000009692,1,7,,6,2,7,2,A01
202000009692,1,1,,0,2,8,15,B01
202000009693,0,7,,0,2,1,1,B01
202000009693,0,7,,0,2,3,2,C01
202000009693,0,7,,0,2,1,13,A01
202000009694,1,7,,0,0,5,17,A01
202000009694,1,2,,0,2,3,2,B01
202000009695,2,7,,1,1,3,5,A01
202000009695,2,7,,0,1,6,26,B01
202000009696,2,1,,0,2,4,1,B01
202000009696,2,7,,0,2,2,1,A01
202000009697,2,7,,0,2,1,1,A01
202000009697,2,31,,0,0,5,1,B01
202000009698,1,7,,2,0,1,13,A01
202000009699,0,1,,0,2,7,13,A01
202000009699,0,7,,0,2,3,18,B01
202000009700,1,7,,0,2,7,19,A01
202000009700,2,33,,0,2,1,1,B01
202000009701,2,33,,9,0,1,1,A01
202000009702,2,7,,15,0,3,1,A01
202000009703,1,7,,13,0,3,1,A01
202000009704,3,1,,1,2,1,2,A01
202000009704,3,7,,0,0,4,2,B01
202000009705,3,10,,0,2,3,3,A01
202000009705,0,2,,0,2,1,1,B01
202000009706,1,7,,0,2,8,15,B01
202000009706,1,33,,0,2,1,2,A01
202000009707,2,14,,0,0,0,0,B01
202000009707,1,36,,16,0,1,21,A01
202000009708,1,7,,0,0,0,1,A01
202000009709,1,7,,0,2,1,15,A01
202000009709,2,1,,0,2,1,0,B01
202000009710,0,32,,0,0,1,2,A01
202000009711,2,3,,0,0,0,1,A01
202000009712,0,7,,0,1,4,4,A01
202000009713,3,2,,1,0,1,2,B01
202000009713,3,7,,1,0,0,2,A01
202000009714,2,7,,0,2,3,10,A01
202000009714,2,13,,0,2,2,1,B01
202000009715,3,7,,0,2,3,1,B01
202000009715,3,1,,0,2,0,1,A01
202000009716,2,10,,0,1,1,1,A01
202000009717,2,7,,0,2,3,15,B01
202000009717,1,33,,0,2,1,1,A01
202000009718,2,7,,0,0,9,2,A01
202000009719,0,3,,6,1,1,1,A01
202000009720,3,7,,0,2,8,15,A01
202000009720,3,31,,0,2,1,26,B01
202000009721,2,7,,3,2,3,1,B01
202000009721,1,7,,0,2,3,13,A01
202000009722,2,17,,0,2,1,1,C01
202000009722,1,10,,0,0,0,1,A01
202000009723,1,14,,0,0,4,1,B01
202000009723,1,7,,0,2,3,2,A01
202000009724,2,33,,0,1,3,26,A01
202000009725,2,7,,3,0,3,1,A01
202000009726,1,17,,0,0,5,2,C01
202000009726,1,17,,0,0,4,2,B01
202000009726,1,7,,0,2,1,9,A01
202000009727,0,7,,6,0,3,1,A01
202000009728,2,7,,0,2,2,21,B01
202000009728,1,7,,0,2,3,17,A01
202000009729,0,7,,0,1,2,1,A01
202000009730,1,10,,0,0,8,15,A01
202000009730,1,34,,0,2,1,17,B01
202000009731,3,2,,0,1,1,1,A01
202000009732,2,33,,8,0,1,1,A01
202000009733,2,7,,0,2,3,1,A01
202000009733,1,7,,0,2,5,26,B01
202000009734,2,7,,0,2,3,26,A01
202000009734,2,33,,0,2,2,1,B01
202000009735,2,7,,0,2,3,15,A01
202000009735,1,33,,0,2,1,2,B01
202000009736,3,33,,0,2,1,1,A01
202000009736,3,7,,0,0,6,10,B01
202000009737,1,10,,0,1,1,11,A01
202000009738,2,7,,1,2,2,1,A01
202000009738,2,7,,1,0,6,24,B01
202000009738,1,7,,0,2,8,1,D01
202000009739,1,31,,0,2,4,1,B01
202000009739,1,7,,0,2,3,14,A01
202000009740,1,7,,0,2,1,1,B01
202000009740,1,7,,0,2,0,0,A01
202000009741,1,33,,0,0,0,26,A01
202000009742,1,10,,0,2,1,1,B01
202000009742,1,10,,0,2,4,1,A01
202000009743,1,10,,0,2,1,2,B01
202000009743,1,10,,0,2,4,1,A01
202000009744,2,7,,3,0,1,14,A01
202000009745,1,7,,0,2,5,1,B01
202000009745,1,33,,0,2,3,3,A01
202000009746,2,33,,0,2,1,13,A01
202000009746,2,7,,0,2,4,1,B01
202000009747,1,33,,0,2,1,26,A01
202000009748,1,7,,0,2,4,2,B01
202000009748,1,7,,0,2,1,2,A01
202000009749,1,7,,0,2,2,1,B01
202000009749,1,32,,0,2,3,11,A01
202000009750,2,7,,0,2,4,2,B01
202000009750,2,7,,0,2,1,2,A01
202000009751,1,33,,0,2,8,1,B01
202000009751,1,7,,0,2,2,12,A01
202000009752,2,34,,0,2,3,1,B01
202000009752,2,32,,0,2,7,12,A01
202000009753,2,7,,4,2,5,14,A01
202000009754,2,33,,0,2,1,3,A01
202000009754,2,7,,0,2,6,11,B01
202000009755,2,7,,0,2,5,1,C01
202000009755,2,7,,0,2,2,1,B01
202000009755,2,7,,0,2,3,13,A01
202000009756,2,7,,0,2,4,2,C01
202000009756,2,7,,0,2,4,2,B01
202000009756,2,10,,0,2,1,2,A01
202000009757,2,33,,0,2,1,1,A01
202000009757,2,7,,0,2,4,1,B01
202000009758,1,7,,0,1,1,16,A01
202000009759,3,7,,0,1,2,1,A01
202000009760,1,2,,0,2,4,26,C01
202000009760,1,2,,0,2,4,26,B01
202000009760,1,2,,0,2,4,26,A01
202000009761,3,7,,14,0,0,0,C01
202000009761,3,7,,14,0,0,0,B01
202000009761,3,7,,14,0,4,26,A01
202000009762,3,7,,0,2,7,12,A01
202000009762,3,33,,0,2,6,3,B01
202000009762,3,7,,0,2,6,1,C01
202000009763,1,7,,0,2,6,19,B01
202000009763,2,30,,0,2,1,1,A01
202000009764,2,7,,14,0,1,1,A01
202000009764,2,7,,0,2,4,23,B01
202000009765,1,7,,0,2,1,2,A01
202000009765,1,7,,0,9,4,2,B01
202000009766,1,1,,0,2,0,1,B01
202000009766,1,3,,0,2,7,14,A01
202000009767,2,7,,0,2,3,20,A01
202000009767,2,50,,0,2,3,17,B01
202000009768,3,33,,0,2,3,9,B01
202000009768,3,7,,0,2,3,9,A01
202000009769,1,7,,0,1,2,1,A01
202000009770,1,33,,15,2,1,18,B01
202000009770,1,7,,0,2,2,16,A01
202000009771,2,7,,0,1,1,1,A01
202000009772,2,10,,2,0,7,14,A01
202000009773,3,37,1.0,0,1,7,26,A01
202000009774,2,7,,0,2,4,1,B01
202000009774,2,7,,0,2,1,1,A01
202000009775,1,2,,0,2,2,1,B01
202000009775,2,7,,0,2,1,15,A01
202000009776,1,1,,0,2,0,1,B01
202000009776,1,7,,0,2,1,2,A01
202000009777,1,10,,0,1,3,1,A01
202000009778,1,33,,0,2,1,17,A01
202000009778,1,7,,0,2,3,15,B01
202000009779,1,7,,0,2,8,11,A01
202000009779,1,7,,0,2,1,2,B01
202000009780,1,1,,0,2,8,2,B01
202000009780,1,14,,0,9,0,0,A01
202000009781,1,33,,0,2,1,1,B01
202000009781,2,10,,0,2,1,15,A01
202000009782,1,7,,8,0,1,1,A01
202000009783,3,7,,0,2,4,4,A01
202000009783,3,33,,0,2,1,23,B01
202000009784,2,1,,0,1,1,1,A01
202000009785,1,7,,0,2,0,0,A01
202000009785,1,7,,0,2,0,0,B01
202000009786,3,99,,13,0,1,16,A01
202000009787,1,7,,0,1,2,19,A01
202000009788,1,7,,0,2,0,0,A01
202000009788,1,2,,0,2,1,0,B01
202000009789,1,7,,0,2,1,0,A01
202000009789,1,7,,0,2,3,0,B01
202000009790,3,33,,0,2,7,1,B01
202000009790,1,7,,0,2,8,13,A01
202000009791,2,7,,0,2,4,23,C01
202000009791,2,7,,0,2,4,23,B01
202000009791,2,10,,0,2,1,1,A01
202000009792,1,7,,0,1,3,1,A01
202000009793,1,7,,0,2,4,15,A01
202000009793,1,2,,0,2,1,1,B01
202000009794,3,32,,0,1,3,1,A01
202000009795,1,30,,0,2,8,18,A01
202000009795,1,7,,0,2,7,16,B01
202000009796,1,7,,0,2,4,1,C01
202000009796,1,7,,0,2,3,1,A01
202000009796,2,7,,0,2,3,1,B01
202000009797,2,7,,0,1,1,1,A01
202000009798,1,7,,0,2,6,15,A01
202000009798,1,33,,0,2,1,17,B01
202000009799,0,1,,0,1,1,1,A01
202000009800,1,7,,0,2,2,1,A01
202000009800,2,7,,0,2,3,1,B01
202000009801,3,7,,0,1,1,15,A01
202000009802,0,7,,0,1,4,4,A01
202000009803,2,7,,6,0,1,1,A01
202000009804,1,33,,0,2,2,17,B01
202000009804,1,7,,0,2,3,10,A01
202000009805,3,2,,0,2,2,3,B01
202000009805,0,7,,0,2,6,15,A01
202000009806,0,7,,0,2,2,26,B01
202000009806,3,7,,0,2,2,26,A01
202000009807,0,2,,0,1,1,1,A01
202000009808,1,7,,0,1,3,9,A01
202000009809,1,7,,0,2,8,15,A01
202000009809,1,7,,0,2,1,1,B01
202000009810,2,7,,0,2,1,1,A01
202000009810,2,7,,0,2,4,1,B01
202000009811,2,7,,10,2,1,1,B01
202000009811,1,7,,10,2,1,17,A01
202000009812,1,7,,0,2,1,1,A01
202000009812,3,7,,0,2,8,9,B01
202000009813,2,32,,0,2,8,3,A01
202000009813,2,10,,0,2,7,1,B01
202000009814,1,7,,0,2,1,14,A01
202000009814,1,15,,0,2,6,23,B01
202000009815,0,10,,0,1,1,20,A01
202000009816,1,30,,0,2,1,1,A01
202000009816,1,7,,0,2,5,1,B01
202000009817,1,50,,0,2,8,1,B01
202000009817,1,10,,0,2,7,16,A01
202000009818,1,30,,0,1,1,1,A01
202000009819,2,1,,0,2,3,13,B01
202000009819,2,7,,0,2,5,1,A01
202000009820,2,7,,0,2,1,1,A01
202000009820,2,7,,0,2,4,23,B01
202000009821,3,7,,0,2,2,16,A01
202000009821,2,1,,0,2,1,1,B01
202000009822,2,7,,0,2,2,16,B01
202000009822,2,32,,0,2,3,7,A01
202000009823,1,7,,0,2,3,1,B01
202000009823,1,32,,0,2,2,17,A01
202000009824,2,7,,0,2,8,22,A01
202000009824,2,1,,0,2,2,1,B01
202000009825,3,50,,0,2,7,17,A01
202000009825,3,7,,0,2,8,13,Z01
202000009826,0,10,,0,2,0,0,B01
202000009826,1,7,,0,2,0,0,A01
202000009827,0,2,,13,0,1,0,A01
202000009828,1,33,,0,2,1,1,A01
202000009828,1,7,,0,2,6,1,B01
202000009829,1,10,,0,2,2,1,A01
202000009829,1,30,,0,2,1,1,B01
202000009830,0,7,,0,2,1,1,B01
202000009830,0,7,,0,2,7,1,A01
202000009831,2,7,,0,2,1,2,A01
202000009831,2,7,,0,2,0,0,B01
202000009832,1,7,,0,1,2,1,A01
202000009833,3,7,,0,2,2,13,A01
202000009833,3,7,,0,2,3,14,B01
202000009834,1,33,,0,0,3,13,A01
202000009835,1,17,,0,2,5,23,C01
202000009835,1,14,,0,2,1,2,B01
202000009835,1,7,,0,0,0,20,A01
202000009836,3,10,,0,1,0,1,Z01
202000009837,2,30,,0,2,1,15,A01
202000009837,2,7,,0,9,2,1,C01
202000009837,2,7,,0,2,8,1,B01
202000009838,1,7,,0,2,3,13,B01
202000009838,2,2,,0,2,3,13,A01
202000009839,2,7,,0,1,3,15,A01
202000009840,3,7,,0,2,1,21,A01
202000009841,1,7,,0,2,1,2,A01
202000009841,2,7,,0,2,4,23,B01
202000009841,1,7,,0,2,4,23,C01
202000009842,3,7,,0,2,7,15,A01
202000009842,3,7,,0,2,1,1,B01
202000009843,2,7,,0,1,2,1,A01
202000009844,3,7,,0,0,0,1,A01
202000009845,2,7,,0,2,6,13,A01
202000009845,1,7,,0,2,3,1,B01
202000009846,3,15,,0,1,7,1,A01
202000009847,0,7,,0,1,3,17,A01
202000009848,3,30,,0,2,1,16,A01
202000009848,3,1,,0,2,4,1,B01
202000009849,2,7,,0,2,3,1,B01
202000009849,1,30,,0,2,1,15,A01
202000009850,3,7,,0,2,2,1,B01
202000009850,3,7,,0,2,7,20,A01
202000009851,1,7,,0,2,3,19,A01
202000009851,1,7,,0,2,2,1,B01
202000009852,1,1,,0,2,1,1,A01
202000009852,2,7,,0,2,8,16,Z01
202000009853,1,1,,0,2,7,26,B01
202000009853,1,7,,0,2,1,1,Z01
202000009854,3,30,,0,0,7,1,A01
202000009855,1,10,,0,1,7,2,A01
202000009856,0,7,,0,2,1,2,A01
202000009856,2,7,,0,2,5,2,B01
202000009857,1,7,,0,2,3,15,A01
202000009857,2,33,,0,2,1,1,B01
202000009857,2,7,,0,9,1,23,C01
202000009858,1,1,,0,2,1,1,B01
202000009858,1,7,,0,2,3,9,A01
202000009859,1,7,,0,1,0,0,A01
202000009860,1,10,,0,9,7,17,A01
202000009860,1,1,,0,2,3,15,B01
202000009861,2,7,,0,2,4,1,A01
202000009861,2,7,,0,2,1,1,B01
202000009862,3,1,,0,2,7,19,B01
202000009862,3,7,,0,2,2,19,A01
202000009863,3,7,,0,2,5,1,B01
202000009863,3,7,,0,2,1,2,A01
202000009864,2,7,,0,1,1,1,A01
202000009865,1,7,,0,2,4,23,B01
202000009865,1,7,,0,2,1,1,Z01
202000009866,2,7,,0,1,1,1,A01
202000009867,2,7,,6,0,8,1,A01
202000009868,3,1,,0,2,1,25,B01
202000009868,3,7,,0,2,2,16,A01
202000009869,0,7,,0,1,2,1,A01
202000009870,0,7,,0,2,1,13,A01
202000009870,0,7,,0,2,1,1,B01
202000009871,2,34,,0,2,1,7,A01
202000009871,1,7,,0,2,2,15,B01
202000009872,3,7,,0,1,1,1,A01
202000009873,2,7,,0,2,8,9,B01
202000009873,1,80,,0,2,1,1,A01
202000009874,0,1,,0,2,1,1,B01
202000009874,0,7,,0,2,8,1,A01
202000009875,2,7,,0,1,2,1,A01
202000009876,1,7,,0,1,8,1,A01
202000009877,1,10,,0,2,1,26,A01
202000009877,1,7,,0,0,4,23,B01
202000009877,1,7,,0,2,4,0,C01
202000009877,1,7,,0,2,4,0,D01
202000009878,1,1,,0,2,8,1,A01
202000009878,1,7,,0,2,1,1,B01
202000009879,3,7,,0,1,2,16,A01
202000009880,2,2,,0,2,1,13,A01
202000009880,1,7,,0,0,6,1,B01
202000009881,2,7,,0,2,1,26,A01
202000009881,2,13,,1,0,4,23,B01
202000009882,1,2,,0,2,7,13,B01
202000009882,1,10,,0,2,3,15,A01
202000009883,3,7,,0,1,1,26,A01
202000009884,2,30,,6,0,1,2,A01
202000009885,1,7,,0,2,8,2,C01
202000009885,2,7,,0,2,4,2,B01
202000009885,2,10,,0,2,1,2,A01
202000009886,1,7,,0,0,4,1,B01
202000009886,1,7,,0,2,1,1,A01
202000009887,2,33,,0,2,1,1,A01
202000009887,1,99,,0,2,7,19,B01
202000009888,1,7,,4,0,3,13,A01
202000009889,1,1,,0,0,0,0,A01
202000009890,3,7,,9,0,1,20,A01
202000009891,2,7,,2,0,0,1,A01
202000009892,3,7,,0,2,2,15,A01
202000009892,3,7,,0,2,2,1,B01
202000009893,1,43,,0,2,1,1,A01
202000009893,1,7,,0,2,6,11,B01
202000009894,1,7,,0,2,8,11,A01
202000009894,1,43,,0,2,2,1,B01
202000009894,1,7,,0,2,8,9,C01
202000009895,2,1,,0,1,1,1,A01
202000009896,2,31,,0,2,1,1,B01
202000009896,2,1,,0,2,8,11,A01
202000009897,1,7,,0,2,2,9,A01
202000009897,1,43,,0,2,3,1,B01
202000009898,2,7,,0,2,3,9,A01
202000009898,1,50,,0,2,2,1,B01
202000009899,1,30,,0,2,1,1,A01
202000009899,1,7,,0,2,2,1,B01
202000009900,1,7,,0,2,4,23,B01
202000009900,1,7,,0,2,1,1,A01
202000009901,1,7,,0,2,3,1,A01
202000009901,1,7,,0,2,1,1,Z01
202000009902,2,1,,0,2,1,1,A01
202000009902,2,7,,0,2,4,23,B01
202000009903,1,7,,0,2,3,1,A01
202000009903,2,1,,0,2,1,1,B01
202000009904,2,7,,0,2,7,22,A01
202000009904,2,50,,0,2,1,1,B01
202000009905,1,7,,0,1,3,15,A01
202000009906,1,30,,0,2,5,13,A01
202000009906,1,7,,0,2,2,1,B01
202000009907,1,7,,0,2,3,10,A01
202000009907,2,32,,0,2,2,1,B01
202000009908,2,1,,0,1,1,1,A01
202000009909,1,1,,0,1,0,1,Z01
202000009910,2,50,,0,2,6,1,A01
202000009910,1,10,,0,2,3,15,B01
202000009911,2,32,,1,0,1,26,A01
202000009912,1,7,,0,1,1,16,A01
202000009913,3,7,,0,9,0,0,A01
202000009913,2,50,,0,2,0,16,B01
202000009914,3,7,,0,1,3,16,A01
202000009915,2,7,,0,2,7,15,A01
202000009915,1,33,,0,2,1,1,B01
202000009916,2,7,,14,0,4,23,B01
202000009916,2,7,,0,2,1,2,A01
202000009917,0,10,,0,1,3,1,A01
202000009918,2,10,,1,1,2,2,A01
202000009919,1,7,,0,1,3,15,A01
202000009920,0,7,,0,2,1,26,Z01
202000009920,0,7,,0,2,6,19,A01
202000009921,0,7,,0,2,1,15,A01
202000009921,0,32,,0,2,1,1,B01
202000009922,1,10,,0,1,0,9,A01
202000009923,3,1,,0,0,0,1,A01
202000009924,1,7,,0,1,2,1,A01
202000009925,0,10,,0,1,2,16,A01
202000009926,3,7,,0,2,2,14,A01
202000009926,3,7,,0,2,6,1,B01
202000009927,2,7,,0,2,1,15,A01
202000009927,2,50,,0,2,1,1,B01
202000009928,1,50,,0,1,1,1,A01
202000009929,1,7,,0,1,3,15,A01
202000009930,3,7,,0,0,7,19,A01
202000009930,3,2,,0,2,1,1,B01
202000009931,2,7,,0,2,3,14,B01
202000009931,1,7,,0,2,3,13,A01
202000009932,2,7,,0,1,6,20,A01
202000009933,2,7,,3,2,3,1,B01
202000009933,1,34,,0,2,1,0,A01
202000009934,1,7,,0,1,1,16,A01
202000009935,3,33,,0,0,7,26,B01
202000009935,3,7,,0,0,0,19,A01
202000009936,2,7,,0,2,1,1,B01
202000009936,1,7,,0,2,1,13,A01
202000009937,2,7,,0,2,7,13,A01
202000009937,1,38,1.0,0,2,2,1,B01
202000009938,3,7,,0,2,5,17,A01
202000009938,3,2,,0,2,6,2,B01
202000009939,2,7,,0,0,1,15,C01
202000009939,1,7,,0,0,2,1,B01
202000009939,1,7,,0,0,3,9,A01
202000009940,1,7,,2,0,1,1,A01
202000009941,1,7,,0,2,3,13,A01
202000009941,2,7,,0,2,3,1,B01
202000009942,1,7,,0,2,8,9,A01
202000009942,1,14,,0,2,2,1,B01
202000009943,2,7,,0,0,0,1,B01
202000009943,1,7,,0,0,0,1,A01
202000009944,1,7,,6,0,3,1,A01
202000009945,1,7,,0,2,6,9,A01
202000009945,1,7,,0,2,2,1,B01
202000009946,1,7,,0,2,4,2,B01
202000009946,1,7,,0,2,1,2,A01
202000009947,2,7,,0,2,8,1,B01
202000009947,1,7,,4,2,1,1,A01
202000009948,2,7,,0,1,4,4,A01
202000009949,2,2,,0,2,8,13,A01
202000009949,1,7,,0,2,2,1,B01
202000009950,1,7,,13,0,2,1,A01
202000009951,3,7,,0,1,2,1,A01
202000009952,2,7,,13,0,3,1,A01
202000009953,2,33,,0,0,3,1,A01
202000009954,0,7,,0,1,0,0,A01
202000009955,2,7,,0,2,1,2,B01
202000009955,2,7,,0,0,4,1,A01
202000009956,2,33,,0,2,1,2,C01
202000009956,2,7,,0,0,4,2,B01
202000009956,2,7,,0,0,4,2,A01
202000009957,1,7,,0,9,2,15,A01
202000009957,1,1,,0,2,3,1,B01
202000009958,1,7,,0,2,3,0,B01
202000009958,1,10,,0,2,1,1,A01
202000009959,2,7,,0,1,2,1,A01
202000009960,3,7,,1,0,2,2,A01
202000009961,1,30,,8,0,1,26,A01
202000009962,3,7,,0,1,8,15,A01
202000009963,1,7,,0,0,2,15,A01
202000009963,2,7,,0,2,1,1,B01
202000009964,3,7,,0,1,1,26,A01
202000009965,0,7,,15,0,2,1,A01
202000009966,1,2,,0,2,1,1,B01
202000009966,1,7,,0,2,2,19,A01
202000009967,3,7,,0,1,3,26,A01
202000009968,1,7,,4,0,3,0,A01
202000009969,1,7,,0,2,1,26,A01
202000009969,1,7,,0,2,4,0,B01
202000009970,2,7,,0,0,8,12,A01
202000009971,2,7,,0,2,1,13,Z01
202000009971,2,7,,0,2,6,0,B01
202000009972,2,7,,0,2,4,0,D01
202000009972,2,7,,0,2,4,1,E01
202000009972,2,10,,0,2,4,1,F01
202000009972,2,17,,0,2,1,1,A01
202000009972,2,7,,0,2,4,1,B01
202000009972,2,7,,0,2,6,1,C01
202000009973,1,10,,0,2,4,2,D01
202000009973,1,10,,0,2,4,1,C01
202000009973,1,7,,0,2,4,1,B01
202000009973,1,7,,0,2,1,2,A01
202000009974,2,7,,0,2,6,11,A01
202000009974,2,33,,0,2,7,3,B01
202000009975,3,7,,0,2,4,2,B01
202000009975,3,7,,0,2,1,2,A01
202000009976,2,7,,0,2,1,2,A01
202000009976,2,7,,0,2,4,2,B01
202000009977,1,7,,3,0,9,2,A01
202000009978,2,7,,0,2,9,2,A01
202000009979,2,32,,0,2,8,1,B01
202000009979,2,7,,0,2,2,14,A01
202000009980,1,7,,0,2,5,1,A01
202000009980,1,7,,0,2,3,0,Z01
202000009981,1,7,,4,0,1,17,A01
202000009982,2,7,,0,2,4,1,C01
202000009982,2,7,,0,2,1,0,B01
202000009982,2,10,,0,2,1,1,A01
202000009983,2,13,,0,2,2,2,C01
202000009983,2,42,,0,2,1,1,B01
202000009983,2,10,,0,2,3,11,A01
202000009984,1,7,,0,2,1,1,C01
202000009984,1,10,,0,2,1,1,B01
202000009984,1,7,,4,2,1,21,A01
202000009985,1,10,,0,0,4,2,B01
202000009985,1,33,,0,2,1,2,A01
202000009986,2,7,,0,2,4,0,B01
202000009986,2,33,,0,2,1,26,A01
202000009987,2,15,,0,2,1,1,B01
202000009987,2,7,,0,2,4,1,A01
202000009988,2,13,,0,2,1,2,A01
202000009988,1,7,,0,2,6,2,C01
202000009988,1,10,,0,2,6,0,B01
202000009989,1,7,,0,2,5,12,B01
202000009989,1,33,,0,2,1,18,A01
202000009990,1,7,,0,2,4,2,C01
202000009990,1,7,,0,2,4,2,B01
202000009990,1,7,,0,2,1,2,A01
202000009991,2,33,,0,2,1,3,A01
202000009991,1,7,,0,2,6,11,B01
202000009992,2,7,,0,2,6,11,B01
202000009992,2,31,,0,2,1,3,A01
202000009993,2,7,,5,0,1,1,A01
202000009994,2,15,,0,2,4,1,B01
202000009994,2,10,,0,2,1,1,A01
202000009995,1,33,,0,2,1,2,A01
202000009996,2,15,,0,2,3,1,B01
202000009996,2,7,,0,2,2,12,A01
202000009997,1,17,,0,2,2,14,A01
202000009997,1,7,,4,0,6,1,B01
202000009998,1,7,,4,0,1,1,A01
202000009999,1,10,,0,2,4,1,B01
202000009999,1,7,,0,2,1,1,A01
202000010000,3,3,,0,1,1,26,A01
202000010001,1,50,,0,1,1,17,A01
202000010002,1,7,,0,2,1,5,A01
202000010002,2,17,,0,2,1,9,B01
202000010003,0,7,,0,2,1,1,B01
202000010003,0,7,,0,2,7,15,A01
202000010004,2,7,,0,1,1,0,A01
202000010005,3,7,,0,2,7,1,B01
202000010005,3,10,,0,2,1,16,A01
202000010006,3,33,,0,2,1,2,A01
202000010006,3,7,,0,2,4,2,B01
202000010007,1,7,,0,2,1,2,B01
202000010007,1,7,,0,2,4,2,A01
202000010008,1,30,,0,2,1,1,B01
202000010008,1,7,,0,2,7,16,A01
202000010009,1,2,,0,2,7,17,B01
202000010009,2,7,,0,2,1,19,A01
202000010010,2,40,,0,2,1,1,B01
202000010010,2,7,,0,2,8,15,A01
202000010011,2,7,,0,2,4,12,A01
202000010011,2,15,,0,2,1,1,B01
202000010012,1,34,,0,2,1,13,A01
202000010012,2,7,,0,2,8,1,B01
202000010013,1,10,,0,2,5,1,B01
202000010013,1,7,,0,2,3,1,A01
202000010014,3,7,,0,2,1,1,B01
202000010014,3,13,,0,2,8,19,A01
202000010015,2,7,,0,2,1,15,A01
202000010015,1,7,,0,2,6,1,B01
202000010016,3,32,,16,2,8,15,A01
202000010016,3,10,,16,2,3,1,B01
202000010017,1,34,,0,2,1,26,A01
202000010017,1,7,,0,2,6,9,B01
202000010018,1,7,,0,9,0,14,C01
202000010018,2,33,,0,2,1,1,B01
202000010018,1,37,1.0,0,2,5,15,A01
202000010019,1,7,,13,0,9,2,A01
202000010020,1,33,,2,0,7,1,A01
202000010021,2,7,,13,0,1,21,A01
202000010022,0,1,,0,2,0,25,B01
202000010022,0,7,,0,9,1,1,A01
202000010023,1,7,,0,2,1,1,A01
202000010023,2,34,,0,2,1,13,B01
202000010024,2,7,,0,2,3,1,B01
202000010024,1,2,,0,2,1,13,A01
202000010025,3,10,,0,1,2,1,A01
202000010026,3,10,,7,2,3,23,B01
202000010026,1,7,,0,2,1,14,A01
202000010027,1,33,,8,0,1,1,A01
202000010028,3,7,,0,2,2,1,A01
202000010028,0,7,,0,2,3,15,B01
202000010029,1,7,,0,2,3,26,A01
202000010029,2,7,,0,2,1,1,B01
202000010030,0,7,,6,0,1,1,A01
202000010031,1,7,,0,1,2,1,A01
202000010032,1,7,,0,1,1,1,A01
202000010033,1,7,,2,0,1,14,A01
202000010034,0,32,,13,0,0,1,A01
202000010035,1,38,1.0,0,2,3,1,B01
202000010035,2,2,,0,2,1,13,A01
202000010036,1,7,,0,2,3,1,D01
202000010036,1,7,,0,2,6,1,E01
202000010036,2,33,,0,2,2,17,A01
202000010036,2,33,,0,2,6,1,B01
202000010036,2,7,,0,2,6,1,C01
202000010037,1,7,,0,1,2,1,A01
202000010038,1,7,,0,0,3,1,B01
202000010038,2,7,,0,0,1,15,A01
202000010039,2,1,,0,2,8,13,A01
202000010039,2,7,,0,9,7,17,B01
202000010040,2,7,,0,9,1,16,B01
202000010040,2,1,,0,2,8,19,A01
202000010041,1,7,,0,2,2,6,A01
202000010041,1,2,,0,2,6,1,B01
202000010042,1,7,,0,1,2,2,A01
202000010043,3,7,,0,9,2,17,B01
202000010043,3,1,,0,2,3,15,A01
202000010044,1,7,,0,9,8,22,A01
202000010044,1,80,,1,0,1,1,B01
202000010045,2,7,,0,9,3,15,A01
202000010045,1,80,,0,2,3,13,B01
202000010046,1,7,,0,1,1,1,A01
202000010047,2,7,,13,0,1,1,A01
202000010048,1,33,,0,2,1,1,B01
202000010048,1,7,,0,2,2,19,A01
202000010049,1,7,,13,0,1,1,A01
202000010050,1,21,,0,9,7,17,A01
202000010050,1,1,,0,2,8,1,B01
202000010051,1,7,,0,2,1,1,A01
202000010051,2,7,,0,2,3,19,B01
202000010052,3,7,,0,1,2,1,A01
202000010053,1,10,,2,0,3,1,A01
202000010054,1,7,,6,0,0,1,A01
202000010055,2,32,,13,0,7,1,A01
202000010056,1,10,,0,2,1,2,A01
202000010056,1,7,,0,2,4,2,B01
202000010056,1,7,,0,2,4,2,D01
202000010056,1,7,,0,2,4,2,C01