Num_Acc,senc,catv,occutc,obs,obsm,choc,manv,num_veh
202000010056,1,7,,0,2,4,2,E01
202000010057,0,7,,13,0,1,1,A01
202000010058,2,7,,0,2,4,26,A01
202000010058,1,7,,0,2,1,11,B01
202000010059,1,30,,12,0,1,1,A01
202000010060,1,7,,0,2,4,1,B01
202000010060,1,7,,0,2,1,2,A01
202000010061,1,7,,0,2,4,2,B01
202000010061,2,32,,0,2,1,2,A01
202000010062,2,7,,0,2,1,1,Z01
202000010062,2,7,,0,2,4,1,B01
202000010063,2,13,,0,2,2,0,B01
202000010063,2,7,,0,2,6,0,A01
202000010064,2,33,,0,2,1,18,A01
202000010065,1,50,,0,1,1,1,A01
202000010066,1,7,,0,2,4,0,C01
202000010066,1,7,,0,2,4,0,B01
202000010066,1,7,,0,2,1,1,A01
202000010067,1,31,,0,0,3,1,A01
202000010068,2,60,,0,2,1,1,B01
202000010068,1,7,,0,2,3,15,A01
202000010069,0,1,,0,0,0,0,A01
202000010070,1,7,,16,0,3,26,A01
202000010071,3,1,,0,2,0,8,A01
202000010071,1,7,,0,2,3,15,B01
202000010072,3,7,,0,2,8,26,A01
202000010072,3,2,,0,2,1,19,B01
202000010073,3,37,1.0,0,2,3,9,A01
202000010073,3,30,,0,2,1,26,B01
202000010074,0,7,,0,2,1,16,B01
202000010074,1,7,,0,2,1,16,A01
202000010075,2,3,,2,0,1,14,A01
202000010076,3,38,1.0,0,2,3,15,A01
202000010076,3,2,,0,2,7,1,B01
202000010077,2,7,,0,2,8,15,A01
202000010077,2,33,,0,2,7,17,B01
202000010078,0,7,,0,2,1,1,Z01
202000010078,3,10,,0,0,0,0,B01
202000010079,1,33,,0,2,0,0,B01
202000010079,1,7,,0,2,8,1,A01
202000010080,1,7,,0,2,8,24,A01
202000010080,1,1,,1,2,1,2,B01
202000010081,1,7,,0,2,2,1,B01
202000010081,1,7,,0,2,4,4,A01
202000010082,2,2,,0,2,1,1,B01
202000010082,1,7,,0,2,7,15,A01
202000010083,3,2,,0,2,1,13,A01
202000010083,2,7,,0,2,3,1,B01
202000010084,1,1,,0,2,7,3,B01
202000010084,1,7,,0,2,3,9,A01
202000010085,2,30,,0,0,8,1,A01
202000010086,2,7,,0,2,3,15,A01
202000010086,2,32,,0,2,8,17,B01
202000010087,3,7,,14,1,1,9,A01
202000010088,2,7,,0,2,2,1,B01
202000010088,2,7,,0,2,8,26,A01
202000010089,3,10,,0,1,2,1,A01
202000010090,3,7,,2,0,1,19,A01
202000010091,2,10,,0,2,3,26,B01
202000010091,2,7,,1,2,1,14,A01
202000010092,1,1,,0,2,8,11,A01
202000010092,1,7,,0,2,2,1,B01
202000010093,1,1,,0,0,0,1,A01
202000010094,1,10,,0,1,7,1,A01
202000010095,2,7,,0,2,4,23,B01
202000010095,2,7,,0,2,4,23,A01
202000010095,2,7,,0,2,1,2,C01
202000010096,1,1,,0,2,8,1,B01
202000010096,1,7,,0,2,0,0,Z01
202000010097,3,7,,0,2,8,9,A01
202000010097,3,7,,0,2,1,21,B01
202000010098,3,7,,0,2,6,1,B01
202000010098,3,36,,8,2,1,26,A01
202000010099,2,7,,0,2,4,1,B01
202000010099,1,7,,0,2,1,1,A01
202000010100,1,7,,0,2,1,1,B01
202000010100,0,7,,0,2,3,15,A01
202000010101,0,34,,0,2,1,0,A01
202000010101,0,34,,0,2,0,0,B01
202000010102,2,7,,0,2,7,17,Z01
202000010102,2,2,,0,2,8,1,A01
202000010103,2,1,,0,2,8,1,B01
202000010103,1,30,,0,2,2,10,A01
202000010104,0,7,,0,2,5,1,B01
202000010104,1,7,,0,2,3,1,A01
202000010105,2,33,,0,2,5,1,B01
202000010105,2,7,,0,2,3,9,A01
202000010106,3,30,,0,2,1,13,A01
202000010106,3,30,,0,2,1,1,B01
202000010107,1,34,,0,2,7,19,A01
202000010107,2,37,1.0,0,2,1,1,B01
202000010108,1,33,,0,2,1,1,B01
202000010108,1,10,,0,2,5,15,A01
202000010109,1,30,,0,0,7,1,A01
202000010110,2,33,,0,0,0,1,A01
202000010111,3,33,,0,0,0,1,A01
202000010112,1,7,,0,2,4,23,C01
202000010112,1,7,,0,2,4,23,B01
202000010112,2,7,,0,2,1,2,A01
202000010113,1,7,,5,0,2,1,A01
202000010114,2,7,,0,2,1,9,A01
202000010114,1,7,,0,2,7,1,B01
202000010115,2,1,,0,0,0,25,A01
202000010116,2,7,,0,2,1,1,A01
202000010116,2,7,,0,2,4,23,B01
202000010117,1,33,,0,0,1,1,A01
202000010118,2,7,,0,0,1,17,A01
202000010119,1,7,,0,2,1,15,A01
202000010119,1,2,,0,2,1,17,B01
202000010120,2,7,,0,2,6,1,B01
202000010120,2,7,,0,2,1,17,A01
202000010121,2,7,,2,0,1,14,A01
202000010122,3,99,,0,2,3,9,B01
202000010122,3,7,,0,2,1,0,A01
202000010123,2,7,,0,2,3,13,B01
202000010123,1,30,,0,2,1,21,A01
202000010123,1,7,,0,2,8,1,C01
202000010124,2,1,,0,2,1,16,A01
202000010124,1,7,,0,2,3,23,D01
202000010124,1,34,,0,2,1,1,B01
202000010124,1,7,,0,2,6,23,C01
202000010125,2,10,,0,2,2,21,A01
202000010125,2,1,,0,2,6,1,B01
202000010126,1,50,,0,2,3,1,B01
202000010126,1,7,,0,2,2,16,A01
202000010127,1,1,,0,0,0,25,A01
202000010128,1,10,,0,2,3,1,B01
202000010128,1,1,,0,2,2,19,A01
202000010129,1,1,,0,2,1,1,A01
202000010129,1,7,,0,2,8,1,B01
202000010130,2,60,,0,0,0,25,A01
202000010131,1,32,,0,1,1,1,A01
202000010132,2,30,,0,2,1,17,A01
202000010132,2,7,,0,2,3,15,B01
202000010133,2,1,,0,2,8,1,B01
202000010133,1,7,,0,2,2,1,A01
202000010134,2,60,,7,1,1,25,A01
202000010135,1,7,,0,2,2,16,A01
202000010135,2,1,,0,2,1,1,B01
202000010136,3,10,,0,2,1,1,A01
202000010136,3,7,,0,2,5,1,B01
202000010136,3,7,,0,2,4,1,C01
202000010137,1,33,,0,2,3,1,B01
202000010137,2,10,,0,2,3,15,A01
202000010138,3,7,,0,2,2,16,A01
202000010138,3,2,,0,2,3,18,B01
202000010139,1,7,,0,1,1,9,A01
202000010140,2,10,,0,2,2,15,A01
202000010140,1,33,,0,2,8,1,B01
202000010141,2,2,,0,2,1,17,B01
202000010141,2,7,,0,2,3,13,A01
202000010142,3,7,,0,2,3,1,B01
202000010142,3,2,,0,2,1,1,A01
202000010143,1,7,,0,2,6,23,B01
202000010143,1,32,,0,2,2,17,A01
202000010144,2,7,,0,2,4,23,B01
202000010144,2,7,,0,2,4,9,A01
202000010145,0,33,,0,2,8,23,A01
202000010145,0,7,,0,2,2,2,B01
202000010146,3,34,,1,1,3,26,A01
202000010147,2,7,,0,2,4,2,A01
202000010147,2,7,,0,2,1,2,B01
202000010148,2,17,,0,2,2,12,A01
202000010148,2,7,,0,2,6,1,B01
202000010149,1,7,,0,2,6,1,A01
202000010149,1,10,,0,2,2,12,B01
202000010150,2,7,,0,2,4,1,C01
202000010150,2,7,,0,2,5,1,B01
202000010150,2,7,,0,2,3,18,A01
202000010151,1,7,,0,2,1,17,A01
202000010151,1,7,,0,2,1,17,Z01
202000010151,1,7,,0,2,4,17,B01
202000010152,1,7,,4,0,1,26,A01
202000010153,1,10,,0,2,4,2,B01
202000010153,1,7,,0,2,1,2,A01
202000010154,2,7,,0,2,4,1,B01
202000010154,2,33,,0,2,2,1,A01
202000010155,1,7,,0,2,1,1,B01
202000010155,2,7,,0,0,0,1,C01
202000010155,1,7,,0,0,0,1,A01
202000010156,2,33,,0,2,1,26,A01
202000010156,2,7,,0,2,4,0,B01
202000010157,1,10,,0,2,1,2,F01
202000010157,1,10,,0,2,4,2,E01
202000010157,1,7,,0,2,4,2,D01
202000010157,1,7,,0,2,4,2,C01
202000010157,1,7,,0,2,4,2,B01
202000010157,1,10,,0,2,4,2,A01
202000010158,2,10,,0,2,6,23,B01
202000010158,2,34,,1,0,1,9,A01
202000010159,1,7,,0,2,1,2,C01
202000010159,1,10,,0,2,1,2,B01
202000010159,1,7,,0,2,2,2,A01
202000010160,2,7,,4,0,1,12,A01
202000010161,1,7,,0,2,1,1,A01
202000010161,1,7,,0,2,4,2,C01
202000010161,1,7,,0,2,4,2,B01
202000010162,1,7,,4,0,1,14,A01
202000010163,1,7,,0,2,4,2,A01
202000010164,2,7,,0,2,1,2,A01
202000010164,2,7,,0,2,4,2,B01
202000010165,2,7,,0,2,7,1,A01
202000010165,0,7,,0,2,1,1,B01
202000010166,2,7,,0,2,9,1,B01
202000010166,1,7,,0,2,1,1,A01
202000010167,3,32,,0,2,2,17,A01
202000010167,3,7,,0,2,3,15,B01
202000010168,3,1,,0,2,0,0,B01
202000010168,0,10,,0,2,0,16,A01
202000010169,0,33,,0,2,2,1,B01
202000010169,0,7,,0,2,1,9,A01
202000010170,-1,7,,-1,-1,-1,-1,B01
202000010170,1,7,,-1,9,-1,-1,A01
202000010171,3,30,,0,0,2,26,A01
202000010172,2,10,,0,2,5,1,A01
202000010172,1,2,,0,2,1,19,B01
202000010173,2,33,,0,2,1,1,B01
202000010173,1,1,,0,2,1,15,A01
202000010174,2,7,,0,2,4,2,A01
202000010174,2,7,,0,2,1,2,B01
202000010175,3,14,,0,1,1,15,A01
202000010176,3,7,,0,2,3,26,B01
202000010176,3,7,,0,2,3,9,A01
202000010177,1,7,,3,0,1,14,A01
202000010178,1,7,,6,0,1,1,A01
202000010179,1,7,,15,0,6,21,A01
202000010180,1,7,,0,2,4,14,Z01
202000010180,1,1,,0,2,1,1,A01
202000010181,-1,7,,0,2,5,19,C01
202000010181,1,7,,0,2,3,1,B01
202000010182,2,7,,0,1,1,1,A01
202000010183,1,7,,0,2,1,1,B01
202000010183,2,7,,0,2,1,15,A01
202000010184,1,1,,0,2,8,1,A01
202000010184,1,10,,0,2,1,1,B01
202000010185,1,32,,0,2,7,2,B01
202000010185,1,7,,0,2,8,15,A01
202000010186,2,30,,0,2,1,26,B01
202000010186,1,80,,0,2,1,19,A01
202000010187,1,10,,13,0,1,0,A01
202000010188,2,7,,0,1,1,1,A01
202000010189,1,33,,8,0,7,1,A01
202000010190,1,34,,0,2,1,1,B01
202000010190,2,14,,0,2,5,15,A01
202000010191,2,30,,0,0,8,1,A01
202000010192,0,7,,0,1,1,9,A01
202000010193,1,31,,0,2,1,5,A01
202000010193,2,7,,0,2,3,1,B01
202000010194,1,7,,0,2,3,15,B01
202000010194,1,2,,0,2,1,17,A01
202000010195,1,7,,0,2,1,2,A01
202000010195,1,7,,0,2,4,2,B01
202000010196,1,7,,0,2,4,15,B01
202000010196,1,7,,0,2,1,1,A01
202000010197,3,7,,1,0,1,26,A01
202000010198,1,7,,0,2,3,15,B01
202000010198,2,33,,0,2,7,17,A01
202000010199,1,7,,9,0,1,26,A01
202000010200,1,7,,0,2,2,1,A01
202000010200,1,7,,0,2,3,1,B01
202000010201,2,7,,0,2,6,15,B01
202000010201,2,30,,0,2,1,1,A01
202000010202,1,17,,0,0,6,24,B01
202000010202,2,7,,1,0,8,14,A01
202000010203,1,30,,8,0,1,26,A01
202000010204,1,30,,16,0,0,0,A01
202000010205,2,7,,0,2,1,1,B01
202000010205,1,7,,0,2,1,15,A01
202000010206,1,7,,0,2,5,15,A01
202000010206,2,7,,0,2,1,1,B01
202000010207,0,7,,0,2,3,1,A01
202000010207,0,7,,0,0,0,0,B01
202000010208,1,30,,0,0,7,1,A01
202000010209,1,7,,4,0,1,1,A01
202000010210,1,7,,6,0,5,10,A01
202000010211,1,7,,13,0,1,1,A01
202000010212,1,31,,0,2,1,1,C01
202000010212,1,7,,0,2,3,1,B01
202000010212,2,7,,0,2,3,1,A01
202000010213,0,7,,6,0,1,13,A01
202000010214,0,50,,0,2,1,1,B01
202000010214,1,7,,0,0,0,0,Z01
202000010215,3,7,,12,0,1,1,A01
202000010216,1,33,,0,0,3,0,A01
202000010216,1,7,,0,2,5,1,B01
202000010217,1,2,,0,0,4,26,B01
202000010217,1,2,,0,2,1,2,A01
202000010218,2,7,,0,2,1,13,A01
202000010218,1,7,,0,2,3,1,B01
202000010219,2,31,,0,2,7,1,B01
202000010219,1,7,,0,2,1,9,A01
202000010220,1,15,,0,0,7,16,A01
202000010221,1,7,,0,2,1,0,A01
202000010221,1,16,,0,0,6,1,B01
202000010222,1,7,,4,0,9,1,A01
202000010223,1,7,,0,2,6,1,B01
202000010223,1,7,,0,2,1,1,Z01
202000010223,1,7,,6,0,4,1,A01
202000010224,1,7,,4,0,1,13,A01
202000010225,3,7,,4,0,1,14,A01
202000010226,2,7,,0,2,1,26,A01
202000010226,2,7,,0,2,4,0,B01
202000010227,1,7,,4,0,1,26,A01
202000010228,2,7,,1,1,3,2,A01
202000010229,1,7,,4,2,1,0,A01
202000010229,1,7,,0,2,5,0,B01
202000010230,2,7,,3,0,0,2,A01
202000010231,2,10,,4,0,9,14,A01
202000010232,1,7,,4,0,1,1,A01
202000010233,2,7,,4,0,2,14,A01
202000010234,0,7,,6,0,1,1,A01
202000010235,1,10,,0,2,1,2,A01
202000010235,1,7,,0,2,4,23,B01
202000010236,1,7,,0,2,1,1,A01
202000010236,2,7,,0,2,7,9,B01
202000010237,1,2,,0,1,0,0,A01
202000010238,1,34,,0,2,1,0,B01
202000010238,2,7,,0,2,1,15,A01
202000010239,3,7,,1,0,3,5,A01
202000010240,1,7,,0,2,5,15,A01
202000010240,2,2,,0,2,1,1,B01
202000010241,1,7,,2,0,1,1,A01
202000010242,2,14,,6,0,1,19,A01
202000010243,1,7,,0,2,2,19,B01
202000010243,2,30,,0,2,2,13,A01
202000010244,2,7,,0,1,0,15,Z01
202000010245,3,7,,0,2,3,15,B01
202000010245,3,7,,0,2,3,1,A01
202000010246,1,3,,0,0,1,1,A01
202000010247,2,7,,0,1,1,1,A01
202000010248,2,7,,0,2,4,2,B01
202000010248,2,13,,0,2,1,2,A01
202000010249,1,2,,0,2,1,0,B01
202000010249,1,10,,0,2,3,0,A01
202000010250,2,7,,0,2,1,26,A01
202000010250,2,50,,0,2,1,19,B01
202000010251,2,7,,0,1,7,1,A01
202000010252,1,7,,0,1,1,1,A01
202000010253,1,31,,0,2,7,1,B01
202000010253,3,7,,0,2,3,9,A01
202000010254,1,7,,0,2,1,1,B01
202000010254,1,1,,0,2,1,1,A01
202000010255,2,7,,0,1,3,1,A01
202000010256,1,7,,0,2,7,1,B01
202000010256,1,10,,0,2,1,19,A01
202000010257,2,30,,0,2,7,26,B01
202000010257,2,7,,0,2,7,26,A01
202000010258,3,7,,0,2,2,15,A01
202000010258,3,7,,0,2,1,1,B01
202000010259,3,7,,0,2,4,26,B01
202000010259,3,7,,0,2,1,2,A01
202000010260,3,7,,0,0,9,16,A01
202000010261,2,7,,0,2,3,1,A01
202000010261,1,7,,0,2,6,1,B01
202000010262,1,31,,0,2,2,1,B01
202000010262,1,7,,0,2,3,9,A01
202000010263,2,7,,0,2,7,21,A01
202000010264,2,1,,0,2,4,1,B01
202000010264,2,7,,0,2,1,7,A01
202000010265,3,37,1.0,0,1,1,1,A01
202000010266,1,3,,0,1,1,1,A01
202000010267,2,10,,0,1,5,26,A01
202000010268,0,7,,0,2,3,1,B01
202000010268,0,32,,0,2,1,5,A01
202000010269,3,7,,0,9,8,9,A01
202000010269,3,1,,0,0,0,0,B01
202000010270,1,7,,0,2,5,12,A01
202000010270,1,32,,0,2,3,3,B01
202000010271,2,7,,0,2,1,15,B01
202000010271,1,1,,0,2,1,1,A01
202000010272,2,7,,0,1,8,1,A01
202000010273,2,7,,11,0,1,1,A01
202000010274,1,1,,8,0,0,13,A01
202000010275,1,1,,0,2,3,1,B01
202000010275,1,7,,0,9,2,17,A01
202000010276,0,17,,0,2,1,1,A01
202000010276,0,32,,0,2,8,1,B01
202000010277,1,7,,0,1,1,1,A01
202000010278,1,2,,0,2,4,4,A01
202000010278,1,37,1.0,0,2,7,1,B01
202000010279,1,7,,0,2,1,2,A01
202000010279,2,7,,0,2,3,15,B01
202000010280,3,7,,0,1,3,16,A01
202000010281,3,1,,0,2,0,0,B01
202000010281,1,7,,0,9,0,0,A01
202000010282,2,10,,0,1,0,15,A01
202000010283,1,7,,0,2,1,1,B01
202000010283,-1,7,,0,2,4,1,A01
202000010284,1,13,,0,1,1,1,Z01
202000010285,3,7,,0,2,1,5,A01
202000010285,3,7,,0,2,7,1,B01
202000010285,3,7,,14,0,4,24,C01
202000010286,2,7,,0,2,2,15,A01
202000010286,1,32,,0,2,1,1,B01
202000010287,2,7,,0,2,1,21,A01
202000010287,1,7,,0,2,4,11,Z01
202000010288,2,7,,0,1,1,1,A01
202000010289,1,1,,0,2,1,1,B01
202000010289,1,7,,0,9,1,1,A01
202000010290,1,7,,0,1,7,1,A01
202000010291,1,33,,14,0,1,1,A01
202000010292,3,7,,0,1,7,1,A01
202000010293,2,7,,0,2,1,0,A01
202000010293,2,7,,0,0,4,2,B01
202000010294,1,2,,0,2,1,13,A01
202000010294,2,7,,0,2,2,1,B01
202000010295,3,21,,0,0,6,1,A01
202000010296,1,7,,0,9,8,10,A01
202000010296,1,1,,0,2,1,1,B01
202000010297,1,7,,0,1,2,1,A01
202000010298,2,15,,0,2,1,1,A01
202000010298,1,7,,0,2,1,1,B01
202000010299,1,7,,17,0,8,1,A01
202000010300,3,7,,0,0,9,0,A01
202000010301,2,7,,0,2,1,1,A01
202000010301,3,2,,0,2,8,1,B01
202000010302,3,7,,0,2,9,1,B01
202000010302,3,7,,0,2,1,19,A01
202000010303,2,7,,3,0,1,1,F01
202000010303,2,7,,0,2,8,21,E01
202000010303,2,17,,0,2,4,20,D01
202000010303,2,7,,3,0,1,1,C01
202000010303,2,7,,0,2,1,1,B01
202000010303,2,15,,0,2,5,2,A01
202000010304,1,1,,0,0,0,1,A01
202000010305,1,7,,0,0,4,23,A01
202000010305,1,7,,0,2,4,23,B01
202000010305,1,7,,0,2,4,23,C01
202000010305,1,7,,0,2,1,2,D01
202000010306,2,7,,2,0,8,1,A01
202000010307,1,1,,0,9,2,17,A01
202000010307,1,1,,0,9,3,1,B01
202000010308,3,21,,13,0,8,16,A01
202000010309,1,7,,0,1,2,1,A01
202000010310,1,10,,10,0,2,1,A01
202000010311,1,7,,0,2,1,1,A01
202000010311,2,7,,0,2,1,1,B01
202000010312,1,7,,0,2,1,1,B01
202000010312,1,7,,5,0,1,1,A01
202000010313,1,7,,16,0,2,1,A01
202000010314,2,7,,4,0,1,1,A01
202000010315,2,7,,5,0,1,1,A01
202000010316,2,17,,0,2,8,1,A01
202000010316,2,7,,0,2,7,12,B01
202000010317,1,10,,0,2,3,0,B01
202000010317,1,7,,3,2,9,0,A01
202000010318,1,7,,0,2,2,1,C01
202000010318,1,13,,0,0,6,1,B01
202000010318,1,7,,0,2,2,17,A01
202000010319,1,33,,0,0,7,1,A01
202000010320,1,7,,13,0,2,1,A01
202000010321,0,7,,0,2,1,2,A01
202000010321,0,7,,0,2,4,2,B01
202000010321,0,7,,0,0,4,2,C01
202000010322,3,7,,6,0,1,1,A01
202000010323,1,7,,13,0,9,1,A01
202000010324,2,7,,5,0,1,0,A01
202000010325,2,7,,0,2,0,5,A01
202000010325,1,7,,0,2,2,2,B01
202000010326,2,7,,4,0,2,2,A01
202000010327,1,7,,4,0,1,2,A01
202000010328,1,15,,0,2,4,24,A01
202000010328,1,7,,1,0,8,9,B01
202000010329,2,7,,3,0,2,2,A01
202000010330,2,10,,0,2,1,1,A01
202000010330,2,10,,0,2,4,1,B01
202000010331,2,7,,3,0,2,26,A01
202000010332,2,7,,0,2,8,2,B01
202000010332,2,7,,0,2,2,12,A01
202000010333,1,7,,4,0,1,16,A01
202000010334,2,7,,0,2,1,1,A01
202000010334,2,7,,0,2,5,2,B01
202000010335,2,10,,0,2,3,1,A01
202000010336,2,17,,0,2,5,2,B01
202000010336,2,7,,0,2,2,13,A01
202000010337,1,7,,0,2,8,23,C01
202000010337,1,10,,0,2,4,9,B01
202000010337,1,7,,0,2,1,1,A01
202000010337,1,7,,0,2,3,23,E01
202000010337,1,14,,0,2,3,23,D01
202000010338,2,10,,3,0,1,0,A01
202000010339,2,7,,0,2,4,1,A01
202000010339,2,13,,0,2,1,0,B01
202000010340,1,10,,3,0,2,26,A01
202000010341,2,7,,0,2,1,1,A01
202000010341,2,7,,0,2,4,2,D01
202000010341,2,7,,0,2,4,2,C01
202000010341,2,7,,0,2,4,2,B01
202000010342,1,10,,11,0,1,1,A01
202000010343,2,7,,9,0,3,1,A01
202000010344,1,7,,1,0,3,13,A01
202000010345,3,7,,1,0,1,14,A01
202000010346,0,33,,0,2,7,17,B01
202000010346,1,7,,0,2,8,15,A01
202000010347,0,7,,0,2,1,9,A01
202000010347,0,7,,0,2,8,1,B01
202000010348,2,7,,11,2,2,1,B01
202000010348,1,7,,11,2,1,15,A01
202000010349,1,7,,0,2,4,2,B01
202000010349,1,14,,0,2,2,2,A01
202000010350,2,2,,0,2,4,23,D01
202000010350,2,7,,0,2,1,26,A01
202000010350,2,2,,0,2,4,1,B01
202000010350,2,2,,0,2,4,1,C01
202000010351,3,7,,0,2,7,1,A01
202000010351,3,7,,0,2,3,1,B01
202000010352,3,1,,0,2,7,19,A01
202000010352,3,7,,0,2,1,15,B01
202000010353,3,7,,0,1,1,1,A01
202000010354,1,33,,0,2,1,3,B01
202000010354,1,10,,0,2,8,15,A01
202000010355,3,7,,9,0,1,16,A01
202000010356,0,7,,0,1,3,16,A01
202000010357,1,1,,0,0,0,1,A01
202000010358,2,1,,0,2,1,1,A01
202000010358,1,7,,0,2,2,15,B01
202000010359,1,7,,0,1,1,1,A01
202000010360,1,7,,3,0,0,1,A01
202000010361,2,7,,0,2,3,26,A01
202000010361,1,7,,0,2,3,26,B01
202000010362,1,7,,0,1,1,15,A01
202000010363,1,7,,0,1,0,9,A01
202000010364,3,10,,0,1,4,4,A01
202000010365,2,7,,0,1,1,15,A01
202000010366,1,7,,0,1,1,1,A01
202000010367,2,13,,0,1,5,2,A01
202000010368,1,7,,0,1,1,14,A01
202000010369,2,7,,0,1,1,1,A01
202000010370,1,10,,0,1,3,1,A01
202000010371,1,7,,0,1,2,1,A01
202000010372,1,7,,0,2,3,9,A01
202000010372,1,7,,0,2,1,1,B01
202000010373,2,10,,0,2,2,1,A01
202000010373,2,7,,0,2,6,1,B01
202000010374,1,7,,0,2,1,2,A01
202000010374,1,7,,0,2,4,2,B01
202000010375,1,7,,0,2,4,1,B01
202000010375,1,7,,0,2,1,26,A01
202000010376,3,7,,0,2,1,1,B01
202000010376,2,7,,6,2,1,1,A01
202000010377,2,10,,0,2,1,1,C01
202000010377,2,7,,0,2,0,1,B01
202000010377,2,7,,4,0,8,1,A01
202000010378,1,7,,0,0,1,1,B01
202000010378,2,50,,0,2,1,19,A01
202000010379,1,7,,0,2,1,1,A01
202000010379,2,7,,0,2,2,1,B01
202000010380,1,7,,0,2,2,1,A01
202000010380,1,7,,0,2,1,15,B01
202000010381,1,7,,0,2,4,1,B01
202000010381,1,31,,0,2,1,1,A01
202000010382,3,7,,0,0,5,0,A01
202000010383,1,7,,0,2,1,1,Z01
202000010383,1,7,,0,2,4,1,B01
202000010384,1,7,,0,1,1,1,A01
202000010385,3,7,,0,1,1,9,A01
202000010386,3,10,,0,2,1,11,A01
202000010386,3,2,,0,2,4,1,B01
202000010387,3,7,,0,1,1,1,A01
202000010388,3,10,,0,1,1,26,A01
202000010389,3,7,,0,2,1,1,A01
202000010389,3,7,,0,2,4,1,B01
202000010390,3,7,,2,0,8,13,A01
202000010391,1,2,,0,2,8,1,B01
202000010391,2,7,,0,2,3,15,A01
202000010392,1,7,,0,2,3,9,B01
202000010392,1,32,,0,2,1,1,A01
202000010393,1,14,,0,1,1,1,A01
202000010394,3,7,,0,1,1,1,A01
202000010395,3,14,,0,2,0,1,B01
202000010395,3,7,,0,2,1,13,A01
202000010396,1,1,,0,0,0,1,A01
202000010397,1,30,,0,2,7,1,B01
202000010397,1,7,,0,2,3,9,A01
202000010398,2,7,,0,2,4,23,B01
202000010398,2,10,,0,2,1,1,Z01
202000010399,2,1,,0,0,0,21,A01
202000010400,2,10,,0,1,1,15,A01
202000010401,2,7,,0,1,1,15,A01
202000010402,1,30,,11,0,2,1,A01
202000010403,2,7,,0,1,2,1,A01
202000010404,2,7,,0,2,4,26,B01
202000010404,2,7,,0,2,1,0,A01
202000010405,1,1,,1,0,0,2,B01
202000010405,1,10,,0,2,8,22,A01
202000010406,1,10,,0,1,4,4,A01
202000010407,2,2,,0,0,8,13,A01
202000010407,2,2,,0,0,7,17,B01
202000010408,1,33,,0,2,4,23,A01
202000010408,1,7,,0,2,1,1,B01
202000010409,1,7,,3,0,7,1,A01
202000010410,3,14,,0,1,4,4,A01
202000010411,1,7,,0,1,3,1,A01
202000010412,3,7,,0,2,3,15,B01
202000010412,3,1,,0,2,3,1,A01
202000010413,0,33,,0,2,1,2,B01
202000010413,0,7,,0,2,4,4,A01
202000010414,3,17,,0,2,2,1,A01
202000010414,3,2,,0,2,1,0,B01
202000010415,1,7,,0,2,1,1,B01
202000010415,2,7,,0,2,2,1,A01
202000010416,2,10,,0,2,3,16,B01
202000010416,1,32,,0,2,1,1,A01
202000010417,2,7,,0,0,1,1,B01
202000010417,2,10,,7,2,2,15,A01
202000010418,2,10,,0,1,7,20,A01
202000010419,2,34,,0,2,1,17,B01
202000010419,2,7,,0,2,6,15,A01
202000010420,1,17,,13,0,2,0,A01
202000010421,2,38,1.0,0,2,1,1,B01
202000010421,1,7,,0,2,1,5,A01
202000010422,3,10,,0,1,2,9,A01
202000010423,0,7,,0,1,4,0,A01
202000010424,1,7,,8,0,1,0,A01
202000010425,1,7,,0,1,2,1,A01
202000010426,1,7,,6,0,1,1,A01
202000010427,3,7,,0,1,2,1,A01
202000010428,0,7,,0,2,1,1,A01
202000010428,0,7,,0,2,6,1,B01
202000010429,1,7,,0,2,7,17,A01
202000010429,1,1,,0,2,3,13,B01
202000010430,3,7,,0,1,1,9,A01
202000010431,1,33,,16,0,9,1,A01
202000010432,2,7,,0,2,2,1,B01
202000010432,3,7,,0,2,2,15,A01
202000010433,2,7,,3,0,3,1,B01
202000010433,1,7,,0,2,0,26,A01
202000010434,0,7,,0,1,2,16,A01
202000010435,1,7,,0,2,6,21,B01
202000010435,1,7,,0,2,2,21,A01
202000010436,1,7,,0,2,9,2,A01
202000010437,1,7,,0,1,1,2,A01
202000010438,1,7,,3,0,1,1,A01
202000010439,1,7,,0,2,4,2,D01
202000010439,1,10,,0,2,4,0,E01
202000010439,1,7,,0,2,4,2,F01
202000010439,1,10,,0,2,1,1,A01
202000010439,1,10,,0,2,4,2,B01
202000010439,1,7,,0,2,4,1,C01
202000010440,1,7,,0,2,1,1,A01
202000010440,2,7,,0,2,4,2,B01
202000010441,1,33,,0,2,2,17,B01
202000010441,1,10,,0,2,3,13,A01
202000010442,1,7,,8,0,2,16,A01
202000010443,1,7,,0,2,8,1,A01
202000010443,2,7,,0,2,1,1,B01
202000010444,1,7,,0,9,1,2,B01
202000010444,1,32,,0,2,4,2,A01
202000010445,1,7,,0,2,8,1,B01
202000010445,2,7,,0,2,1,17,A01
202000010446,3,7,,0,1,1,1,A01
202000010447,2,7,,0,2,1,1,B01
202000010447,1,7,,0,2,1,16,A01
202000010448,3,7,,0,1,1,15,Z01
202000010449,3,7,,0,2,1,1,A01
202000010449,3,7,,0,2,8,1,B01
202000010450,2,7,,0,2,1,15,A01
202000010450,2,32,,0,2,1,23,B01
202000010451,1,7,,0,2,7,15,A01
202000010451,2,7,,0,2,2,1,B01