Num_Acc,senc,catv,occutc,obs,obsm,choc,manv,num_veh
202000010452,2,7,,0,2,4,1,B01
202000010452,2,7,,0,2,1,2,A01
202000010453,3,7,,0,2,3,9,A01
202000010453,1,34,,0,2,7,1,B01
202000010454,3,1,,0,2,1,5,A01
202000010454,3,7,,0,2,1,1,B01
202000010455,2,33,,1,2,2,17,B01
202000010455,2,7,,0,2,3,15,A01
202000010456,1,32,,0,1,1,1,A01
202000010457,1,31,,0,2,4,23,B01
202000010457,1,30,,0,2,1,2,A01
202000010458,1,32,,0,2,1,1,B01
202000010458,2,7,,0,2,7,15,A01
202000010459,1,7,,0,2,2,15,A01
202000010459,2,30,,0,2,1,1,B01
202000010460,2,1,,0,2,1,16,Z01
202000010460,2,1,,0,2,1,1,A01
202000010461,2,32,,0,0,7,1,A01
202000010462,1,1,,0,2,0,16,B01
202000010462,2,7,,0,2,3,15,A01
202000010463,3,37,1.0,0,1,2,1,A01
202000010464,1,34,,0,2,1,13,A01
202000010464,1,7,,0,2,3,15,B01
202000010465,0,7,,0,1,0,0,A01
202000010466,0,3,,0,2,3,24,A01
202000010466,2,7,,1,2,5,9,B01
202000010467,2,7,,0,1,3,1,A01
202000010468,1,2,,0,2,3,13,A01
202000010468,2,2,,0,2,3,13,B01
202000010469,2,7,,0,2,1,1,B01
202000010469,1,7,,0,2,1,13,A01
202000010470,2,7,,2,0,1,1,A01
202000010471,3,15,,0,2,3,1,A01
202000010471,3,7,,0,2,2,1,B01
202000010472,1,7,,6,2,7,17,B01
202000010472,1,7,,0,2,3,15,A01
202000010473,1,2,,11,0,8,17,A01
202000010474,1,7,,8,0,1,13,A01
202000010475,2,10,,0,1,1,21,A01
202000010476,-1,7,,2,0,1,19,A01
202000010477,1,14,,0,2,2,17,B01
202000010477,1,7,,6,0,8,15,A01
202000010478,2,7,,6,0,3,1,A01
202000010479,1,7,,0,2,1,1,A01
202000010479,2,7,,0,2,1,1,B01
202000010480,1,7,,0,2,3,1,B01
202000010480,2,10,,0,2,3,13,A01
202000010481,1,7,,0,2,2,19,A01
202000010481,1,31,,0,2,1,1,B01
202000010482,2,7,,8,0,1,1,A01
202000010483,2,14,,3,0,1,6,A01
202000010484,1,33,,0,0,8,1,A01
202000010485,1,7,,0,2,2,15,B01
202000010485,1,7,,0,2,1,1,A01
202000010486,0,2,,0,0,0,0,B01
202000010486,0,2,,0,2,0,0,A01
202000010487,1,7,,0,2,2,1,A01
202000010487,1,37,1.0,0,0,6,1,B01
202000010488,2,10,,0,2,1,1,C01
202000010488,1,10,,0,2,1,13,A01
202000010488,2,37,1.0,0,2,3,1,B01
202000010489,1,7,,3,2,2,18,A01
202000010490,2,7,,0,9,1,1,B01
202000010490,2,17,,0,9,2,1,A01
202000010491,1,2,,12,0,7,2,A01
202000010492,1,31,,11,0,3,1,A01
202000010493,2,2,,13,0,0,1,A01
202000010494,2,7,,0,0,9,1,A01
202000010495,2,7,,0,0,2,15,A01
202000010495,1,33,,0,2,1,1,B01
202000010496,2,7,,1,0,2,26,B01
202000010497,2,7,,0,2,5,1,B01
202000010497,2,7,,0,2,1,11,A01
202000010498,2,7,,13,0,2,2,A01
202000010499,0,7,,0,0,2,16,B01
202000010499,0,2,,7,0,8,18,A01
202000010500,2,30,,14,2,3,0,B01
202000010500,1,7,,0,2,3,14,A01
202000010501,2,7,,0,2,3,15,A01
202000010501,1,7,,0,2,3,1,B01
202000010502,1,38,1.0,0,2,1,1,A01
202000010502,2,7,,0,2,8,10,B01
202000010503,2,7,,0,2,1,2,A01
202000010503,2,21,,0,2,4,1,B01
202000010504,1,7,,13,0,1,13,A01
202000010505,1,7,,0,2,2,1,B01
202000010505,1,7,,0,2,8,11,A01
202000010506,2,7,,13,0,8,26,A01
202000010507,1,7,,1,0,4,23,B01
202000010507,1,7,,1,0,1,1,A01
202000010508,1,7,,0,2,4,4,A01
202000010508,1,7,,0,2,1,2,B01
202000010509,1,7,,14,0,1,13,A01
202000010510,2,33,,4,0,0,18,A01
202000010511,2,14,,0,2,7,12,A01
202000010511,2,7,,0,2,8,1,B01
202000010512,2,7,,0,2,2,1,A01
202000010512,2,7,,0,2,2,1,B01
202000010512,2,0,,0,2,8,0,Z01
202000010513,2,7,,0,1,3,1,A01
202000010514,1,33,,0,2,1,1,A01
202000010514,1,7,,0,0,6,9,B01
202000010515,2,30,,6,0,1,15,A01
202000010516,3,7,,0,2,1,1,B01
202000010516,1,7,,0,2,3,1,A01
202000010517,1,20,,0,2,5,19,A01
202000010517,3,30,,0,2,1,1,B01
202000010518,0,30,,0,2,1,0,B01
202000010518,3,7,,1,2,4,23,C01
202000010518,0,7,,0,2,0,0,A01
202000010519,3,7,,0,1,1,9,A01
202000010520,2,10,,0,9,1,2,A01
202000010521,1,10,,0,9,1,19,A01
202000010521,2,1,,0,2,8,2,B01
202000010522,1,7,,0,2,2,9,A01
202000010522,1,7,,0,2,1,1,B01
202000010523,1,7,,9,0,2,1,A01
202000010524,2,30,,0,2,1,1,A01
202000010524,1,7,,0,2,7,1,B01
202000010525,1,7,,0,2,2,15,A01
202000010525,2,2,,0,2,1,1,B01
202000010526,3,7,,0,2,1,26,B01
202000010526,3,7,,0,2,1,26,A01
202000010527,0,7,,0,1,1,13,A01
202000010528,2,30,,0,1,1,1,A01
202000010529,1,7,,0,2,3,15,A01
202000010529,1,32,,0,2,2,17,B01
202000010530,2,33,,0,0,0,1,A01
202000010531,3,1,,0,2,4,14,B01
202000010531,3,7,,0,9,3,26,A01
202000010532,1,7,,0,9,0,1,Z01
202000010532,1,50,,0,2,0,1,B01
202000010533,2,7,,0,2,1,2,A01
202000010533,2,7,,0,2,4,2,B01
202000010534,3,7,,0,2,3,16,A01
202000010534,1,7,,0,2,2,1,B01
202000010535,3,7,,0,1,5,4,A01
202000010536,2,7,,0,2,3,1,A01
202000010536,1,7,,0,2,1,15,B01
202000010537,3,7,,0,2,1,17,A01
202000010537,3,80,,0,2,1,1,B01
202000010538,2,1,,0,2,1,1,B01
202000010538,2,7,,0,2,6,26,A01
202000010539,3,7,,0,2,3,15,A01
202000010539,3,7,,0,2,3,1,B01
202000010540,3,7,,0,2,1,0,B01
202000010540,3,7,,0,2,1,26,A01
202000010541,2,7,,0,2,7,1,B01
202000010541,1,7,,0,2,1,19,A01
202000010542,3,7,,0,2,3,1,B01
202000010542,1,2,,0,2,1,1,A01
202000010543,2,31,,0,2,1,1,B01
202000010543,1,7,,0,2,1,9,A01
202000010544,1,33,,0,2,1,1,B01
202000010544,1,7,,0,2,8,19,A01
202000010545,1,3,,0,2,2,12,A01
202000010545,1,32,,0,2,8,1,B01
202000010546,1,7,,0,2,4,1,B01
202000010546,1,33,,0,2,1,1,A01
202000010547,1,31,,0,2,1,2,A01
202000010547,1,7,,0,2,4,2,B01
202000010548,1,7,,0,2,1,1,A01
202000010548,1,1,,0,2,7,1,B01
202000010549,2,1,,0,1,1,1,A01
202000010550,1,7,,0,2,6,15,B01
202000010550,1,32,,0,2,3,1,A01
202000010551,1,30,,0,2,2,7,A01
202000010551,1,1,,0,2,8,23,B01
202000010552,2,1,,0,1,1,1,A01
202000010553,1,7,,0,1,0,1,A01
202000010554,2,33,,0,1,1,7,Z01
202000010555,2,30,,0,1,7,7,A01
202000010556,3,32,,0,2,2,17,B01
202000010556,3,7,,0,2,3,13,A01
202000010557,1,1,,12,0,3,15,A01
202000010558,2,1,,0,0,0,1,A01
202000010559,2,7,,0,2,6,2,B01
202000010559,2,31,,0,2,1,2,A01
202000010560,0,7,,8,2,7,17,A01
202000010560,0,7,,0,2,5,15,B01
202000010561,3,1,,0,2,1,9,B01
202000010561,2,34,,0,2,1,1,A01
202000010562,1,99,,0,2,4,2,B01
202000010562,1,30,,0,2,1,1,A01
202000010563,0,37,1.0,0,2,1,1,A01
202000010563,0,30,,0,2,8,8,B01
202000010564,1,33,,0,2,1,1,B01
202000010564,1,7,,0,2,3,15,A01
202000010565,0,50,,0,9,8,1,A01
202000010565,0,50,,13,0,0,1,B01
202000010566,1,7,,0,2,2,9,A01
202000010566,2,2,,0,2,3,2,B01
202000010567,1,30,,0,2,7,21,B01
202000010567,1,99,,0,2,3,1,A01
202000010568,3,7,,0,1,1,1,A01
202000010569,0,31,,0,0,8,10,A01
202000010570,1,7,,0,1,3,1,A01
202000010571,2,7,,0,2,1,2,A01
202000010571,2,16,,0,2,6,1,B01
202000010571,2,7,,1,0,1,2,C01
202000010572,2,2,,8,2,1,1,A01
202000010572,1,7,,0,2,1,1,B01
202000010573,2,10,,0,2,1,1,B01
202000010573,1,30,,0,2,1,15,A01
202000010574,3,36,,13,0,0,21,A01
202000010575,2,33,,3,0,8,1,A01
202000010576,3,60,,0,0,8,19,B01
202000010576,1,7,,0,2,2,1,A01
202000010577,1,7,,0,2,1,2,A01
202000010577,1,7,,0,0,4,1,B01
202000010578,1,33,,0,2,8,1,B01
202000010578,2,7,,0,2,1,15,A01
202000010579,2,7,,13,0,1,0,A01
202000010580,0,7,,0,1,4,4,A01
202000010581,1,13,,0,2,8,13,A01
202000010581,2,13,,0,2,8,1,B01
202000010582,3,36,,2,0,0,0,A01
202000010583,3,36,,13,0,2,0,A01
202000010584,1,2,,0,2,1,1,A01
202000010584,2,7,,0,0,8,1,B01
202000010585,3,2,,0,0,0,1,A01
202000010586,2,7,,3,0,3,21,A01
202000010587,2,7,,2,0,1,2,A01
202000010588,2,7,,13,0,3,1,A01
202000010589,3,7,,0,2,2,15,B01
202000010589,1,7,,0,0,3,1,A01
202000010590,2,7,,0,1,2,1,A01
202000010591,2,21,,0,0,6,1,B01
202000010591,2,7,,0,2,3,1,A01
202000010592,2,7,,0,2,1,1,B01
202000010592,2,7,,0,2,8,19,A01
202000010593,1,10,,0,2,2,0,A01
202000010593,1,7,,0,2,4,1,B01
202000010594,2,15,,0,2,3,1,A01
202000010594,2,7,,0,2,4,1,B01
202000010595,2,99,,0,0,0,0,Z01
202000010595,2,7,,0,2,2,18,A01
202000010596,2,10,,1,0,2,26,B01
202000010596,2,7,,0,2,6,26,A01
202000010596,2,7,,3,2,0,26,C01
202000010597,1,7,,14,0,1,13,A01
202000010598,1,7,,0,2,5,12,B01
202000010598,1,7,,0,2,1,11,A01
202000010599,3,7,,0,2,4,2,B01
202000010599,3,7,,0,2,1,2,A01
202000010600,1,7,,15,0,7,15,A01
202000010601,1,1,,0,1,1,0,A01
202000010602,1,2,,14,0,1,14,A01
202000010603,1,7,,2,0,2,14,A01
202000010604,1,7,,0,2,4,2,B01
202000010604,1,10,,0,2,1,2,A01
202000010605,2,7,,0,2,1,1,B01
202000010605,2,7,,0,2,2,1,A01
202000010606,3,7,,0,1,4,20,A01
202000010607,2,7,,0,2,4,23,B01
202000010607,2,7,,0,2,1,1,A01
202000010608,1,7,,0,1,1,1,A01
202000010609,1,7,,0,2,1,2,A01
202000010609,1,7,,0,2,4,23,B01
202000010610,2,7,,0,0,1,2,B01
202000010610,1,33,,0,2,1,2,A01
202000010611,2,33,,0,2,8,1,B01
202000010611,1,10,,0,2,1,15,A01
202000010612,2,7,,0,1,2,15,A01
202000010613,1,7,,0,2,1,1,A01
202000010613,1,7,,0,2,4,15,B01
202000010614,2,30,,0,2,1,1,B01
202000010614,2,7,,0,2,3,16,A01
202000010615,1,50,,0,1,1,1,A01
202000010616,2,17,,0,2,2,21,A01
202000010616,2,7,,0,2,8,1,B01
202000010617,1,7,,0,2,8,9,A01
202000010617,1,1,,0,2,7,1,B01
202000010618,1,10,,0,2,5,16,B01
202000010618,1,31,,0,2,8,1,A01
202000010619,1,15,,0,2,5,4,A01
202000010619,1,7,,0,2,2,1,B01
202000010620,2,32,,0,0,7,26,A01
202000010621,1,1,,0,2,1,5,B01
202000010621,2,7,,0,2,3,1,A01
202000010622,2,10,,0,2,7,1,B01
202000010622,2,7,,0,2,1,16,A01
202000010623,2,2,,0,2,6,17,B01
202000010623,2,7,,0,2,3,15,A01
202000010624,2,7,,0,1,2,1,A01
202000010625,1,34,,0,2,1,1,B01
202000010625,2,7,,0,0,0,19,A01
202000010626,0,7,,0,2,5,20,A01
202000010626,0,33,,0,2,1,0,B01
202000010627,1,33,,0,2,1,13,A01
202000010627,2,7,,0,2,1,1,B01
202000010628,2,2,,0,0,0,1,A01
202000010629,3,10,,0,1,4,4,A01
202000010630,1,7,,0,2,4,2,B01
202000010630,1,33,,0,2,1,2,A01
202000010631,1,33,,0,2,2,13,A01
202000010631,1,7,,0,2,6,23,B01
202000010632,1,1,,0,1,8,16,A01
202000010633,1,33,,0,2,1,1,A01
202000010633,1,7,,0,2,8,10,Z01
202000010634,2,7,,0,2,0,15,B01
202000010634,1,7,,1,2,2,1,A01
202000010635,2,7,,0,2,2,1,A01
202000010635,1,7,,0,1,8,1,B01
202000010636,1,43,,0,2,3,1,B01
202000010636,3,7,,0,2,1,10,A01
202000010637,2,43,,0,2,1,1,B01
202000010637,1,7,,0,2,5,15,A01
202000010638,1,7,,0,2,1,2,A01
202000010638,1,30,,0,2,4,2,B01
202000010639,2,1,,0,2,1,1,B01
202000010639,1,7,,0,2,5,15,A01
202000010640,1,7,,0,2,3,15,A01
202000010640,1,2,,0,2,2,15,B01
202000010641,2,7,,0,1,3,1,A01
202000010642,1,30,,0,2,0,17,A01
202000010642,1,7,,0,2,3,26,B01
202000010643,1,10,,0,2,1,1,A01
202000010643,1,10,,0,2,0,2,B01
202000010644,1,2,,6,0,2,17,A01
202000010644,1,7,,0,2,3,15,B01
202000010645,1,3,,0,2,8,15,A01
202000010645,1,32,,0,2,0,0,B01
202000010646,1,7,,0,2,7,15,A01
202000010647,1,14,,0,2,4,23,A01
202000010647,1,14,,1,0,1,1,B01
202000010648,3,32,,0,1,1,25,A01
202000010649,1,7,,1,1,8,23,B01
202000010649,1,10,,1,1,2,1,A01
202000010650,1,7,,0,2,2,16,B01
202000010650,2,32,,0,2,9,0,A01
202000010651,3,7,,0,2,3,1,B01
202000010651,3,50,,0,2,3,19,A01
202000010652,1,2,,0,2,2,0,B01
202000010652,2,10,,0,2,0,0,A01
202000010653,2,2,,0,2,8,13,B01
202000010653,1,7,,0,2,8,1,A01
202000010654,2,7,,0,2,1,1,A01
202000010654,1,17,,0,2,1,1,B01
202000010655,3,33,,0,0,3,0,A01
202000010656,1,7,,0,2,3,16,B01
202000010656,1,7,,0,2,2,1,A01
202000010657,1,7,,0,1,3,1,A01
202000010658,1,14,,0,0,6,0,A01
202000010658,1,33,,13,2,2,21,B01
202000010659,2,7,,0,2,2,15,B01
202000010659,1,7,,0,2,1,1,A01
202000010660,1,33,,0,0,0,1,A01
202000010661,1,33,,0,2,1,1,B01
202000010661,2,21,,0,2,1,15,A01
202000010662,2,7,,0,2,1,1,B01
202000010662,1,7,,0,2,1,1,A01
202000010663,1,7,,0,2,1,1,B01
202000010663,2,7,,0,2,3,16,A01
202000010664,2,7,,6,0,3,17,A01
202000010665,3,1,,0,0,0,1,A01
202000010666,3,2,,0,2,1,13,A01
202000010666,3,7,,0,2,2,1,B01
202000010667,0,7,,0,1,2,1,A01
202000010668,1,7,,6,0,1,0,A01
202000010669,2,7,,2,0,9,1,A01
202000010670,3,7,,0,0,1,19,A01
202000010670,0,7,,0,0,1,19,B01
202000010671,1,1,,0,2,8,19,A01
202000010671,2,7,,0,2,1,1,B01
202000010672,1,7,,0,2,7,1,A01
202000010672,2,2,,0,2,1,1,B01
202000010673,2,7,,0,2,1,21,B01
202000010673,1,7,,0,2,2,13,A01
202000010674,3,7,,0,1,2,1,A01
202000010675,3,10,,2,0,1,21,A01
202000010676,2,7,,0,0,1,1,A01
202000010676,1,7,,0,0,2,13,B01
202000010677,1,7,,4,0,2,0,A01
202000010678,2,7,,0,2,3,15,A01
202000010678,1,33,,0,2,1,1,B01
202000010679,2,7,,0,2,8,1,C01
202000010679,2,10,,0,2,3,1,B01
202000010679,1,7,,0,2,1,13,A01
202000010680,2,7,,0,2,2,16,A01
202000010680,2,1,,0,2,1,1,B01
202000010681,1,7,,0,0,8,15,B01
202000010681,1,33,,0,2,1,1,A01
202000010682,0,7,,0,2,1,9,A01
202000010682,1,32,,1,2,9,1,B01
202000010683,1,7,,0,2,6,15,A01
202000010683,2,2,,0,2,1,1,B01
202000010684,1,33,,16,0,7,1,B01
202000010684,1,2,,16,0,0,1,A01
202000010685,3,33,,0,2,1,2,A01
202000010685,3,7,,0,0,4,15,B01
202000010686,1,10,,0,2,4,1,A01
202000010686,1,7,,0,2,6,1,B01
202000010686,1,7,,0,2,1,17,C01
202000010686,1,7,,0,2,1,1,D01
202000010687,2,7,,3,0,1,1,A01
202000010688,1,7,,0,2,4,1,B01
202000010688,1,7,,0,2,1,26,A01
202000010689,3,7,,0,1,4,20,A01
202000010690,1,7,,1,2,7,15,A01
202000010690,2,0,,1,2,1,1,B01
202000010691,1,7,,0,2,1,14,A01
202000010692,2,7,,0,2,4,2,B01
202000010692,2,7,,0,2,1,2,A01
202000010693,1,7,,0,2,6,15,B01
202000010693,1,32,,0,2,1,1,A01
202000010694,2,7,,7,2,1,9,A01
202000010695,2,7,,0,2,8,22,A01
202000010695,2,1,,0,0,0,0,B01
202000010696,0,7,,0,1,1,1,A01
202000010697,2,7,,8,0,1,1,A01
202000010698,2,80,,0,0,1,1,A01
202000010699,1,30,,0,0,0,13,A01
202000010700,0,1,,0,2,7,9,B01
202000010700,0,2,,0,2,1,9,A01
202000010701,1,7,,15,0,1,14,A01
202000010702,2,7,,1,0,3,26,A01
202000010703,3,7,,0,1,2,20,A01
202000010704,0,7,,0,2,8,15,A01
202000010704,1,7,,0,2,1,1,B01
202000010705,1,7,,0,1,2,1,A01
202000010706,1,7,,1,0,1,14,A01
202000010707,2,7,,0,2,3,1,B01
202000010707,1,30,,0,2,1,15,A01
202000010708,1,7,,0,2,1,2,A01
202000010708,1,10,,0,2,4,23,B01
202000010709,2,7,,8,0,1,1,A01
202000010710,1,30,,0,2,1,17,B01
202000010710,1,21,,0,2,3,15,A01
202000010711,3,7,,0,2,1,26,A01
202000010711,3,1,,0,2,3,1,B01
202000010712,2,30,,16,0,8,14,A01
202000010713,2,7,,1,0,3,13,A01
202000010714,1,7,,1,0,1,20,A01
202000010714,1,33,,0,2,4,24,B01
202000010715,1,1,,0,0,0,0,A01
202000010716,1,7,,0,2,3,0,A01
202000010716,1,2,,0,2,1,0,B01
202000010717,2,80,,0,2,2,19,B01
202000010717,3,7,,0,2,2,1,A01
202000010718,0,7,,0,2,4,2,B01
202000010718,0,7,,0,2,1,2,A01
202000010719,3,1,,0,2,7,19,A01
202000010719,3,10,,0,2,1,16,B01
202000010720,3,7,,0,2,3,0,B01
202000010720,3,7,,0,2,2,15,A01
202000010721,1,33,,0,0,1,1,A01
202000010722,1,7,,0,2,5,15,A01
202000010722,2,2,,0,2,1,1,B01
202000010723,1,7,,0,1,1,0,A01
202000010724,1,7,,0,1,1,1,A01
202000010725,2,7,,0,2,4,1,B01
202000010725,2,7,,0,2,1,1,A01
202000010726,3,7,,3,0,3,13,A01
202000010727,1,32,,0,2,1,1,B01
202000010727,1,1,,0,2,8,15,A01
202000010728,2,10,,1,0,3,26,A01
202000010729,1,7,,0,1,6,4,A01
202000010730,2,31,,0,2,1,1,B01
202000010730,2,30,,0,2,7,16,A01
202000010731,2,7,,0,2,3,10,A01
202000010731,2,1,,0,2,1,1,B01
202000010732,1,10,,0,2,3,13,A01
202000010732,1,30,,0,2,2,17,B01
202000010733,2,30,,0,2,1,1,A01
202000010733,2,7,,0,2,5,23,B01
202000010734,1,7,,1,0,3,15,B01
202000010734,1,7,,1,0,2,17,A01
202000010735,2,7,,0,1,3,15,A01
202000010736,3,1,,0,2,1,1,B01
202000010736,3,7,,14,0,2,26,A01
202000010737,-1,7,,0,2,3,1,A01
202000010737,0,7,,0,2,8,1,B01
202000010738,3,7,,0,1,1,10,A01
202000010739,2,7,,0,2,3,15,B01
202000010739,2,2,,0,2,2,1,A01
202000010740,2,7,,0,2,0,0,A01
202000010740,2,7,,0,2,0,0,B01
202000010741,0,7,,0,0,0,18,B01
202000010741,3,7,,4,0,0,21,A01
202000010742,3,33,,13,0,1,1,A01
202000010743,2,33,,13,0,8,1,A01
202000010744,3,7,,13,0,1,9,A01
202000010745,2,33,,0,2,1,1,A01
202000010745,3,7,,0,2,8,15,B01
202000010746,1,33,,0,2,1,18,A01
202000010746,1,21,,0,0,5,16,B01
202000010747,1,7,,13,0,1,1,A01
202000010748,2,7,,0,2,1,0,A01
202000010748,1,7,,0,2,4,1,B01
202000010749,0,7,,13,0,3,13,A01
202000010750,2,7,,0,0,1,1,A01
202000010750,2,1,,0,2,1,9,B01
202000010751,2,33,,0,0,9,2,A01
202000010752,1,17,,13,2,2,21,B01
202000010752,2,7,,13,2,2,5,A01
202000010753,2,7,,0,2,3,1,B01
202000010753,1,7,,0,2,3,13,A01
202000010754,0,36,,12,0,1,19,A01
202000010755,0,7,,13,0,0,1,A01
202000010756,1,7,,16,0,9,1,A01
202000010757,1,7,,4,0,1,2,A01
202000010758,1,7,,0,2,3,14,B01
202000010758,2,2,,0,2,1,13,A01
202000010759,3,36,,13,0,4,4,A01
202000010760,1,7,,8,0,3,1,A01
202000010761,2,7,,4,2,1,5,A01
202000010761,1,7,,0,2,1,2,B01
202000010762,1,7,,0,1,1,1,A01
202000010763,1,31,,13,0,6,1,A01
202000010764,0,7,,0,2,1,13,A01
202000010764,0,10,,0,2,1,23,B01
202000010765,1,32,,13,0,2,1,A01
202000010766,3,7,,0,2,3,1,B01
202000010766,3,2,,0,2,1,13,A01
202000010767,0,7,,0,0,3,0,B01
202000010767,0,30,,1,0,1,0,A01
202000010768,1,7,,0,2,8,1,B01
202000010768,2,7,,8,2,8,1,A01
202000010769,2,7,,0,2,3,1,B01
202000010769,1,7,,0,2,3,13,A01
202000010770,1,7,,0,2,1,19,A01
202000010770,1,33,,0,2,8,1,B01
202000010771,1,10,,0,2,2,17,A01
202000010771,1,10,,17,2,6,1,B01
202000010772,1,7,,0,2,1,1,B01
202000010772,1,10,,0,2,1,1,C01
202000010772,1,7,,0,0,4,1,A01
202000010773,0,7,,0,1,1,1,A01
202000010774,1,7,,0,1,7,16,A01
202000010775,1,7,,0,2,2,26,C01
202000010775,3,7,,0,2,2,26,A01
202000010775,1,7,,0,2,2,1,B01
202000010776,1,10,,3,2,2,1,B01
202000010776,1,10,,0,2,3,11,A01
202000010777,1,1,,12,0,1,1,A01
202000010778,3,7,,0,2,3,1,B01
202000010778,3,7,,0,1,3,6,A01
202000010779,1,1,,0,2,1,14,A01
202000010779,2,7,,0,9,7,1,B01
202000010780,1,7,,0,2,4,2,B01
202000010780,1,30,,0,2,1,2,A01
202000010781,2,50,,0,2,0,0,B01
202000010781,1,7,,0,2,2,15,A01
202000010782,2,7,,0,2,3,1,A01
202000010782,1,7,,0,2,2,1,Z01
202000010783,2,7,,0,2,1,1,B01
202000010783,2,34,,0,2,1,1,A01
202000010784,2,33,,15,0,1,13,A01
202000010784,2,37,1.0,0,2,1,1,B01
202000010785,1,7,,0,2,3,15,A01
202000010785,1,7,,0,2,2,1,B01
202000010786,1,7,,0,2,3,1,A01
202000010786,2,32,,0,2,7,1,B01
202000010787,1,7,,0,1,4,4,A01
202000010788,1,32,,0,2,2,1,B01
202000010788,2,30,,0,2,3,15,A01
202000010789,1,7,,0,2,7,1,A01
202000010789,1,7,,0,2,3,1,B01
202000010790,1,10,,0,1,1,15,A01
202000010791,3,7,,0,2,8,1,B01
202000010791,3,7,,0,2,1,13,A01
202000010791,3,32,,0,2,1,1,C01
202000010792,1,7,,0,1,1,16,A01
202000010793,1,33,,0,2,8,2,B01
202000010793,1,7,,0,2,7,12,A01
202000010794,1,7,,0,1,1,15,A01
202000010795,1,7,,0,1,1,2,Z01
202000010796,1,7,,0,2,5,23,B01
202000010796,1,32,,0,2,1,3,A01
202000010797,2,7,,0,2,5,1,B01
202000010797,2,7,,0,2,3,18,A01
202000010798,2,50,,0,0,1,1,A01
202000010799,2,7,,0,2,1,2,Z01
202000010799,2,7,,0,2,4,23,A01
202000010800,1,50,,12,0,1,19,A01
202000010801,1,50,,0,0,0,1,A01
202000010802,1,7,,0,2,3,23,B01
202000010802,1,34,,0,2,1,17,A01
202000010803,1,1,,0,0,0,1,A01
202000010804,2,10,,0,2,1,1,B01
202000010804,1,33,,0,2,1,13,A01
202000010805,2,7,,0,1,1,1,A01
202000010806,2,7,,0,2,8,13,A01
202000010806,2,30,,0,2,7,2,B01
202000010807,2,33,,0,2,4,23,B01
202000010807,2,7,,0,2,1,2,A01
202000010808,2,10,,0,2,8,11,Z01
202000010808,2,33,,0,2,7,26,B01
202000010809,3,34,,0,0,1,26,A01
202000010810,2,7,,9,0,1,14,A01
202000010811,3,7,,0,2,3,11,A01
202000010811,3,33,,0,2,7,1,B01
202000010812,1,7,,0,2,3,15,B01
202000010812,1,30,,0,2,1,2,A01
202000010813,2,7,,0,2,3,15,B01
202000010813,2,31,,0,2,2,1,A01
202000010814,1,30,,0,0,0,1,A01
202000010815,1,7,,12,0,1,9,A01
202000010816,1,30,,0,0,8,21,A01
202000010817,3,37,1.0,0,1,1,26,A01
202000010818,1,7,,0,2,1,2,C01
202000010818,2,7,,0,2,4,2,B01
202000010818,2,7,,0,2,4,26,A01
202000010819,1,7,,1,0,1,1,A01
202000010820,2,31,,0,2,2,1,B01
202000010820,1,7,,0,2,0,0,A01
202000010821,1,10,,0,0,1,24,C01
202000010821,1,7,,0,2,1,9,B01
202000010821,2,30,,1,2,1,1,A01
202000010822,1,32,,0,2,1,1,B01
202000010822,2,7,,0,2,3,15,A01
202000010823,2,10,,0,1,3,16,A01
202000010824,1,10,,0,2,3,9,A01
202000010824,1,50,,0,2,5,0,B01
202000010825,1,7,,4,0,2,2,A01
202000010826,1,13,,0,2,5,9,A01
202000010826,1,7,,0,2,1,1,B01
202000010827,1,7,,0,1,0,1,A01
202000010828,2,7,,0,2,7,1,C01
202000010828,2,43,,0,2,7,12,B01
202000010828,2,33,,0,2,1,3,A01
202000010829,1,7,,0,2,3,26,B01
202000010829,1,7,,0,2,2,15,A01
202000010830,1,1,,0,2,8,1,B01
202000010830,2,7,,0,2,1,15,A01
202000010831,1,14,,0,2,1,2,A01
202000010831,1,7,,15,0,4,2,B01
202000010832,1,2,,0,2,0,0,B01
202000010832,1,7,,0,2,4,0,A01
202000010833,1,7,,0,1,4,4,A01
202000010834,3,7,,0,1,2,1,A01
202000010835,1,37,1.0,0,1,2,21,A01
202000010836,3,10,,0,2,1,19,A01
202000010836,3,10,,0,2,4,2,B01
202000010837,1,7,,0,2,1,2,A01
202000010837,1,37,1.0,12,0,4,23,B01
202000010838,1,7,,0,1,3,17,A01
202000010839,3,7,,0,2,4,2,B01
202000010839,3,7,,0,2,4,2,C01
202000010839,3,7,,0,2,1,2,A01
202000010840,3,7,,0,2,3,1,B01
202000010840,3,7,,0,2,1,5,A01
202000010841,0,7,,0,1,1,26,A01
202000010842,2,7,,0,1,1,2,A01
202000010843,1,7,,0,0,0,0,Z01
202000010843,1,34,,0,2,8,15,B01
202000010844,1,1,,0,2,1,5,A01
202000010844,1,7,,0,9,3,1,B01
202000010845,1,31,,0,2,4,1,B01
202000010845,1,7,,0,2,2,1,A01
202000010846,1,7,,0,1,0,2,A01
202000010847,1,10,,0,2,1,2,A01
202000010847,1,10,,0,2,0,0,B01
202000010848,1,31,,0,1,7,1,Z01
202000010849,2,30,,0,2,1,2,A01
202000010849,1,7,,0,2,4,2,B01