Num_Acc,senc,catv,occutc,obs,obsm,choc,manv,num_veh
202000010850,1,7,,0,2,1,5,A01
202000010850,1,7,,0,2,1,1,B01
202000010851,2,7,,0,1,2,2,A01
202000010852,1,7,,0,2,1,2,C01
202000010852,1,7,,0,2,1,2,B01
202000010852,1,7,,0,2,4,26,A01
202000010853,0,7,,2,0,2,14,A01
202000010854,2,99,,0,2,1,1,B01
202000010854,3,99,,0,2,2,19,A01
202000010855,3,33,,0,2,8,1,B01
202000010855,3,7,,0,2,7,12,A01
202000010856,1,7,,0,2,1,1,A01
202000010856,1,7,,0,2,4,23,B01
202000010856,1,7,,0,2,4,0,C01
202000010857,1,7,,7,0,4,23,A01
202000010857,1,7,,7,0,9,2,B01
202000010857,1,7,,14,2,1,1,MC01
202000010858,0,7,,0,1,3,0,A01
202000010859,3,7,,0,1,2,1,A01
202000010860,1,7,,0,1,1,1,A01
202000010861,1,30,,0,1,0,19,A01
202000010862,2,99,,0,1,3,9,A01
202000010863,0,3,,0,2,3,1,A01
202000010863,0,10,,0,2,7,19,B01
202000010864,2,7,,12,0,1,1,A01
202000010865,1,99,,0,1,1,1,A01
202000010866,3,7,,3,0,1,9,A01
202000010867,1,33,,0,2,1,1,B01
202000010867,2,7,,0,2,1,15,A01
202000010868,1,7,,0,2,7,15,A01
202000010868,1,1,,0,2,1,1,Y01
202000010869,-1,0,,0,2,6,1,A01
202000010869,3,7,,0,2,2,15,B01
202000010870,1,33,,0,0,0,0,A01
202000010870,1,7,,0,0,0,0,B01
202000010871,0,7,,0,2,8,24,C01
202000010871,0,7,,0,2,8,24,B01
202000010871,0,7,,1,0,2,2,A01
202000010872,2,10,,0,2,6,23,C01
202000010872,2,10,,0,2,4,23,B01
202000010872,2,13,,0,2,1,2,A01
202000010873,2,7,,0,2,8,15,A01
202000010873,2,34,,0,2,2,17,B01
202000010874,1,7,,0,1,3,1,A01
202000010875,3,7,,1,2,2,1,A01
202000010875,0,7,,0,2,5,16,B01
202000010876,1,10,,0,2,3,15,A01
202000010876,1,31,,0,2,1,17,B01
202000010877,2,7,,0,2,8,10,A01
202000010877,2,32,,0,2,2,1,B01
202000010878,1,7,,0,1,1,1,A01
202000010879,1,34,,0,1,2,17,A01
202000010880,2,7,,0,1,1,1,A01
202000010881,2,7,,1,2,8,2,A01
202000010881,3,7,,0,2,1,2,B01
202000010882,1,10,,0,1,1,15,A01
202000010883,2,7,,0,2,4,23,B01
202000010883,2,7,,0,2,1,2,A01
202000010884,1,7,,1,0,1,1,B01
202000010884,1,7,,0,2,4,23,A01
202000010885,1,10,,0,1,1,1,A01
202000010886,0,7,,0,2,3,15,A01
202000010886,0,7,,0,2,1,19,B01
202000010887,0,37,1.0,0,1,2,1,A01
202000010888,1,20,,0,2,4,1,B01
202000010888,1,7,,0,2,1,2,A01
202000010889,1,32,,0,1,1,3,A01
202000010890,3,7,,0,2,4,23,B01
202000010890,3,7,,14,0,1,2,A01
202000010891,2,7,,0,1,2,16,A01
202000010892,0,34,,0,2,3,1,B01
202000010892,0,7,,0,2,5,16,A01
202000010893,1,7,,0,0,0,0,B01
202000010893,1,2,,0,0,0,0,A01
202000010894,3,7,,0,1,1,2,A01
202000010895,3,33,,0,2,1,26,A01
202000010895,3,7,,0,2,2,15,B01
202000010896,3,32,,0,2,1,1,B01
202000010896,2,7,,0,2,3,20,A01
202000010897,3,15,,0,2,6,11,A01
202000010897,3,31,,0,2,7,1,B01
202000010898,1,7,,1,0,2,1,A01
202000010899,1,7,,0,1,1,1,A01
202000010900,2,7,,0,2,8,15,A01
202000010900,2,30,,0,2,7,17,B01
202000010901,1,7,,15,0,1,1,A01
202000010902,1,30,,0,2,8,3,B01
202000010902,2,7,,0,2,6,9,A01
202000010903,1,37,1.0,0,0,7,1,A01
202000010903,1,1,,0,0,8,1,B01
202000010904,1,7,,0,1,1,16,A01
202000010905,1,30,,0,1,1,25,A01
202000010906,1,7,,0,2,3,16,A01
202000010906,1,32,,0,2,2,3,B01
202000010907,1,13,,0,2,3,22,A01
202000010907,0,7,,0,2,5,2,B01
202000010908,1,7,,0,9,2,2,A01
202000010908,0,50,,0,0,1,16,B01
202000010909,2,7,,0,2,3,1,B01
202000010909,2,32,,0,2,1,1,A01
202000010910,1,7,,0,1,7,15,A01
202000010911,1,7,,0,2,1,9,A01
202000010911,2,3,,0,2,6,1,B01
202000010912,2,37,2.0,0,2,2,1,B01
202000010912,2,7,,0,2,3,20,A01
202000010913,2,32,,0,2,1,3,B01
202000010913,3,7,,0,2,2,15,A01
202000010914,1,7,,9,1,1,1,A01
202000010915,2,2,,0,2,8,16,B01
202000010915,2,10,,0,2,7,16,A01
202000010916,2,7,,0,2,5,15,A01
202000010916,1,50,,0,2,1,1,B01
202000010917,1,7,,0,2,6,16,B01
202000010917,1,7,,0,2,6,16,C01
202000010917,1,37,1.0,0,2,2,1,A01
202000010918,1,7,,0,2,1,9,B01
202000010918,1,33,,0,2,2,1,A01
202000010919,1,32,,0,1,1,17,A01
202000010920,2,7,,0,2,8,1,B01
202000010920,1,7,,0,2,2,15,A01
202000010921,1,7,,0,2,2,15,A01
202000010921,1,33,,0,2,8,16,B01
202000010922,2,7,,0,1,3,15,A01
202000010923,1,34,,0,1,2,21,A01
202000010924,2,15,,0,2,5,16,A01
202000010924,2,1,,0,2,1,2,B01
202000010925,1,30,,0,2,2,26,A01
202000010925,0,7,,0,2,7,26,Z01
202000010926,1,33,,0,1,3,1,A01
202000010927,1,7,,0,2,3,15,A01
202000010927,0,10,,0,2,0,0,D01
202000010927,1,33,,1,2,1,17,B01
202000010928,2,32,,0,2,7,1,A01
202000010929,3,7,,0,1,2,17,A01
202000010930,2,2,,0,2,1,1,B01
202000010930,1,7,,0,2,2,15,A01
202000010931,3,7,,0,1,0,0,A01
202000010932,0,2,,0,2,1,2,A01
202000010932,0,20,,0,2,8,15,B01
202000010933,1,7,,0,0,1,1,B01
202000010933,2,7,,0,2,1,13,A01
202000010934,1,33,,0,2,1,13,B01
202000010934,2,7,,0,2,1,15,A01
202000010935,2,2,,0,0,1,2,B01
202000010935,2,7,,0,0,4,0,A01
202000010936,2,7,,2,9,2,1,A01
202000010937,2,7,,0,1,2,1,A01
202000010938,1,7,,13,0,1,14,A01
202000010939,3,7,,0,2,8,15,A01
202000010939,0,7,,0,2,1,1,B01
202000010940,3,7,,0,1,5,4,A01
202000010941,1,7,,0,2,1,2,B01
202000010941,1,7,,0,2,4,1,A01
202000010942,1,7,,8,0,1,1,A01
202000010943,2,2,,0,0,4,1,A01
202000010943,2,7,,0,2,2,2,B01
202000010944,1,7,,2,0,2,14,A01
202000010945,2,7,,0,2,3,13,B01
202000010945,1,33,,0,2,1,1,A01
202000010946,1,7,,15,0,1,1,A01
202000010947,2,10,,8,2,2,9,A01
202000010947,2,7,,0,2,3,2,B01
202000010948,2,7,,0,2,3,13,A01
202000010948,1,7,,0,2,3,1,B01
202000010949,2,7,,0,2,3,13,A01
202000010949,1,7,,0,2,3,1,B01
202000010950,1,7,,1,0,1,1,A01
202000010951,2,7,,1,0,2,0,A01
202000010952,1,10,,0,1,2,1,A01
202000010953,0,7,,0,1,0,2,A01
202000010954,1,7,,0,2,1,1,B01
202000010954,2,7,,0,2,2,19,A01
202000010955,2,7,,0,0,4,1,C01
202000010955,2,7,,0,2,4,2,B01
202000010955,2,7,,0,2,1,2,A01
202000010956,3,7,,0,1,4,4,A01
202000010957,3,7,,0,2,1,2,A01
202000010957,3,33,,0,2,5,16,B01
202000010958,2,10,,0,2,0,0,C01
202000010958,2,10,,0,2,0,0,B01
202000010958,2,10,,3,2,0,0,A01
202000010958,2,10,,0,2,0,0,E01
202000010958,2,10,,0,2,0,0,D01
202000010959,1,7,,0,0,2,1,A01
202000010960,2,15,,0,2,3,1,B01
202000010960,1,7,,0,2,3,17,A01
202000010961,2,1,,0,0,4,2,B01
202000010961,2,7,,0,2,2,2,A01
202000010962,1,7,,0,2,1,13,A01
202000010962,2,7,,0,2,1,1,B01
202000010963,3,2,,0,2,1,16,B01
202000010963,1,7,,0,2,1,9,A01
202000010964,1,10,,10,2,2,17,B01
202000010964,1,7,,0,2,3,15,A01
202000010965,1,7,,0,0,8,26,A01
202000010965,1,33,,0,2,1,1,B01
202000010966,3,7,,0,1,1,15,A01
202000010967,2,7,,13,0,9,1,A01
202000010968,1,7,,2,0,1,1,A01
202000010969,1,7,,0,0,9,2,A01
202000010970,1,7,,2,0,8,1,A01
202000010971,2,7,,0,2,3,1,B01
202000010971,1,7,,0,2,1,13,A01
202000010972,1,7,,0,0,4,2,C01
202000010972,1,7,,0,2,4,2,B01
202000010972,1,10,,0,2,1,2,A01
202000010973,1,7,,0,0,9,13,A01
202000010974,2,2,,0,2,1,13,B01
202000010974,1,7,,0,2,3,1,A01
202000010975,1,7,,0,2,1,1,B01
202000010975,2,7,,3,2,1,13,A01
202000010976,2,80,,0,0,9,0,A01
202000010977,2,7,,0,2,3,1,A01
202000010977,1,7,,0,2,8,17,B01
202000010978,0,2,,0,2,1,1,B01
202000010978,1,7,,0,2,7,1,A01
202000010979,1,2,,0,0,0,0,A01
202000010980,1,7,,0,1,7,1,A01
202000010981,2,1,,0,2,7,1,B01
202000010981,2,30,,0,2,7,18,A01
202000010982,1,7,,0,1,3,1,A01
202000010983,3,7,,0,2,1,1,A01
202000010983,3,1,,0,2,2,9,B01
202000010984,2,1,,0,2,1,1,B01
202000010984,1,7,,0,2,2,15,A01
202000010985,2,30,,0,1,1,1,A01
202000010986,1,50,,0,2,1,9,A01
202000010986,1,1,,0,2,8,1,B01
202000010987,1,7,,0,2,8,15,A01
202000010987,1,1,,0,2,1,1,B01
202000010988,1,34,,0,1,1,1,A01
202000010989,2,1,,0,2,1,11,B01
202000010989,1,1,,0,2,1,1,A01
202000010990,1,7,,0,1,1,16,Z01
202000010991,2,7,,0,2,1,17,A01
202000010991,1,7,,0,0,1,1,B01
202000010992,1,31,,0,2,1,1,A01
202000010992,1,7,,0,2,4,1,B01
202000010993,1,7,,0,2,3,1,A01
202000010993,1,7,,0,2,2,1,B01
202000010994,2,7,,0,2,7,9,B01
202000010994,1,7,,0,2,1,1,A01
202000010995,0,7,,0,2,4,4,A01
202000010995,0,32,,0,2,8,2,B01
202000010996,2,20,,0,1,1,14,A01
202000010997,2,33,,0,1,8,21,A01
202000010998,1,10,,0,2,3,2,B01
202000010998,1,7,,0,2,3,21,A01
202000010999,2,7,,15,1,1,26,A01
202000011000,1,7,,0,1,2,0,A01
202000011001,3,7,,0,1,2,15,A01
202000011002,2,30,,0,0,0,16,A01
202000011003,1,7,,0,9,4,9,A01
202000011003,3,1,,0,0,4,0,B01
202000011004,1,32,,0,2,3,0,B01
202000011004,1,7,,0,2,3,26,A01
202000011005,1,7,,0,1,1,15,A01
202000011006,1,1,,0,2,8,16,B01
202000011006,1,10,,0,2,7,16,A01
202000011007,2,50,,0,1,1,5,A01
202000011008,0,10,,0,1,6,20,A01
202000011009,1,7,,0,2,3,1,A01
202000011009,1,33,,0,2,7,1,B01
202000011010,2,60,,0,1,1,5,A01
202000011011,1,10,,0,1,2,16,A01
202000011012,2,7,,0,1,1,26,A01
202000011013,2,10,,0,2,3,23,B01
202000011013,1,30,,0,2,1,21,A01
202000011014,2,33,,0,2,3,1,B01
202000011014,1,7,,0,2,3,15,A01
202000011015,1,7,,0,0,6,20,B01
202000011015,1,33,,1,0,1,1,A01
202000011016,2,7,,0,1,3,1,A01
202000011017,1,2,,13,0,7,1,A01
202000011018,2,7,,0,1,1,16,A01
202000011019,2,13,,0,0,4,2,B01
202000011019,2,7,,0,2,1,1,A01
202000011020,2,7,,0,2,1,1,B01
202000011020,1,7,,0,2,1,13,A01
202000011021,2,7,,16,0,9,1,A01
202000011022,1,7,,0,2,2,1,B01
202000011022,2,7,,0,2,5,1,A01
202000011023,1,7,,3,2,1,1,A01
202000011023,2,7,,0,2,1,1,B01
202000011024,1,7,,0,2,1,13,B01
202000011024,2,7,,0,2,1,1,A01
202000011025,2,7,,0,2,3,1,A01
202000011025,1,7,,0,2,2,1,B01
202000011026,1,7,,0,2,6,15,B01
202000011026,1,7,,0,2,3,1,A01
202000011026,2,15,,0,2,1,1,C01
202000011027,2,7,,2,0,4,1,A01
202000011028,1,7,,6,0,1,1,A01
202000011029,2,7,,0,2,2,2,A01
202000011029,2,1,,0,0,4,2,B01
202000011029,2,1,,0,0,4,2,C01
202000011030,2,7,,0,2,2,2,A01
202000011030,2,1,,0,2,0,2,B01
202000011031,1,7,,0,2,3,13,A01
202000011031,2,7,,0,2,3,1,B01
202000011032,1,7,,0,2,8,1,B01
202000011032,2,7,,0,2,3,13,A01
202000011033,1,1,,0,0,0,1,A01
202000011034,2,7,,0,2,3,9,A01
202000011034,2,33,,0,2,5,1,B01
202000011035,3,7,,0,1,2,1,A01
202000011036,2,7,,0,2,1,1,B01
202000011036,1,7,,0,2,1,1,A01
202000011037,2,7,,0,2,1,2,A01
202000011037,2,7,,0,0,4,2,B01
202000011038,3,7,,0,1,7,20,A01
202000011039,3,32,,0,2,1,21,A01
202000011039,0,1,,0,2,1,21,B01
202000011040,2,7,,0,2,6,0,B01
202000011040,2,7,,0,2,1,0,A01
202000011041,1,7,,0,2,7,0,B01
202000011041,1,17,,0,2,6,1,A01
202000011042,2,7,,0,2,3,2,B01
202000011042,2,7,,0,0,3,1,A01
202000011042,2,7,,0,2,1,2,C01
202000011042,2,17,,0,2,3,2,F01
202000011042,2,7,,0,2,1,2,E01
202000011042,2,7,,0,0,4,2,D01
202000011043,1,7,,0,2,1,5,A01
202000011043,2,17,,0,2,2,1,B01
202000011044,3,32,,0,2,1,2,B01
202000011044,0,7,,0,2,5,26,A01
202000011045,1,32,,0,2,1,1,A01
202000011045,2,38,1.0,0,2,8,15,B01
202000011046,1,7,,0,2,3,13,A01
202000011046,1,15,,0,2,8,2,C01
202000011046,2,21,,0,2,3,1,B01
202000011047,2,7,,0,2,1,1,B01
202000011047,1,7,,0,2,3,15,A01
202000011048,1,7,,0,2,1,5,A01
202000011048,2,7,,0,2,1,1,B01
202000011049,2,7,,2,0,1,14,A01
202000011050,1,7,,0,0,9,1,A01
202000011051,1,7,,0,2,1,5,A01
202000011051,2,7,,0,2,1,1,B01
202000011052,1,3,,7,0,4,1,A01
202000011052,1,7,,0,2,1,2,B01
202000011053,0,7,,0,1,3,1,A01
202000011054,1,7,,0,1,8,1,A01
202000011055,1,7,,1,0,1,1,A01
202000011056,1,1,,0,2,4,2,B01
202000011056,1,1,,0,2,4,2,D01
202000011056,1,1,,0,2,4,2,C01
202000011056,1,7,,0,9,2,2,A01
202000011057,1,10,,0,0,4,2,B01
202000011057,1,10,,1,0,1,2,C01
202000011057,1,10,,0,0,0,2,A01
202000011058,1,10,,0,2,6,26,A01
202000011058,1,7,,0,2,2,1,B01
202000011058,1,10,,0,2,3,1,D01
202000011058,1,7,,0,2,1,1,C01
202000011059,2,7,,3,2,1,2,B01
202000011059,2,7,,3,2,4,2,A01
202000011060,2,10,,0,2,6,1,B01
202000011060,2,17,,0,2,0,0,Z01
202000011061,1,10,,0,2,1,2,Z01
202000011061,1,7,,0,2,4,2,C01
202000011061,1,7,,0,2,4,2,B01
202000011061,1,7,,0,2,4,2,A01
202000011062,2,17,,0,2,4,23,B01
202000011062,2,17,,0,2,1,1,A01
202000011063,1,17,,0,2,2,12,A01
202000011063,1,7,,0,2,8,1,B01
202000011064,2,7,,0,2,3,11,B01
202000011064,2,33,,0,2,2,0,A01
202000011065,2,7,,0,2,3,3,B01
202000011065,2,7,,0,2,6,12,A01
202000011066,2,7,,8,0,9,9,A01
202000011066,2,7,,0,2,3,9,B01
202000011067,1,31,,0,0,7,1,A01
202000011068,1,7,,0,2,4,2,B01
202000011068,1,7,,0,2,1,2,A01
202000011069,1,10,,0,2,4,2,B01
202000011069,1,7,,0,2,1,2,A01
202000011070,1,7,,0,2,5,2,B01
202000011070,1,10,,0,2,1,2,A01
202000011071,2,7,,1,0,1,2,A01
202000011071,2,7,,0,2,4,23,B01
202000011071,2,7,,0,2,4,23,C01
202000011072,1,43,,0,0,9,1,A01
202000011073,2,7,,4,2,3,17,A01
202000011073,2,7,,0,2,8,1,B01
202000011074,2,33,,0,0,9,3,A01
202000011075,1,7,,3,0,2,14,A01
202000011076,1,33,,0,2,1,1,A01
202000011076,1,7,,0,2,4,1,C01
202000011076,1,7,,0,2,4,1,B01
202000011077,2,10,,0,2,7,12,A01
202000011077,2,33,,0,2,8,3,B01
202000011078,3,30,,0,2,1,26,A01
202000011078,3,7,,0,2,2,1,B01
202000011079,3,7,,6,0,1,1,A01
202000011080,1,7,,0,2,1,1,A01
202000011080,1,7,,0,2,4,0,B01
202000011080,1,7,,0,2,0,0,C01
202000011081,2,2,,0,2,2,2,B01
202000011081,2,7,,0,2,3,20,A01
202000011082,3,7,,0,1,1,1,A01
202000011083,1,7,,0,1,1,26,A01
202000011084,1,7,,0,2,2,26,A01
202000011084,2,7,,0,2,1,15,B01
202000011085,2,7,,0,2,2,15,B01
202000011085,1,2,,0,2,1,1,A01
202000011086,3,32,,0,2,9,19,A01
202000011086,3,7,,0,2,3,19,B01
202000011087,3,7,,0,1,4,4,A01
202000011088,3,1,,0,2,2,19,B01
202000011088,3,7,,0,9,1,1,A01
202000011089,3,7,,0,2,8,9,A01
202000011089,3,1,,0,2,1,21,B01
202000011090,0,99,,0,1,1,15,A01
202000011091,2,7,,0,2,1,2,A01
202000011091,2,7,,0,2,4,2,B01
202000011092,2,7,,0,1,8,15,A01
202000011093,2,33,,3,0,7,1,A01
202000011094,2,7,,0,1,2,16,A01
202000011095,2,1,,0,2,1,16,A01
202000011095,2,7,,0,9,1,15,B01
202000011096,2,7,,0,2,1,1,B01
202000011096,2,7,,0,2,4,4,A01
202000011097,1,7,,0,2,8,0,B01
202000011097,2,7,,0,2,3,13,A01
202000011098,1,7,,0,1,1,1,A01
202000011099,0,7,,0,1,1,0,A01
202000011100,1,7,,0,2,1,2,A01
202000011100,1,31,,0,2,8,26,B01
202000011101,1,7,,0,2,1,1,B01
202000011101,1,7,,0,2,5,1,A01
202000011102,1,7,,15,0,1,26,A01
202000011103,1,33,,0,2,1,1,B01
202000011103,1,7,,0,2,8,13,A01
202000011104,2,7,,0,2,3,1,B01
202000011104,1,7,,0,2,2,15,A01
202000011105,2,7,,0,1,2,1,A01
202000011106,2,2,,0,2,1,1,B01
202000011106,1,7,,0,2,2,15,A01
202000011107,3,7,,0,2,2,15,A01
202000011107,3,7,,0,2,2,1,B01
202000011108,2,7,,15,0,1,1,A01
202000011109,1,7,,0,1,8,15,A01
202000011110,1,7,,0,2,1,1,B01
202000011110,1,7,,0,2,2,19,A01
202000011111,1,7,,3,0,9,0,A01
202000011112,1,7,,0,1,1,16,B01
202000011112,1,7,,0,2,1,1,A01
202000011113,2,7,,0,2,3,15,A01
202000011113,1,7,,0,2,3,1,B01
202000011114,2,7,,13,0,1,14,A01
202000011115,1,7,,0,1,2,1,A01
202000011116,0,7,,0,1,3,1,A01
202000011117,2,7,,0,0,6,15,B01
202000011117,0,31,,0,2,7,15,A01
202000011118,2,7,,13,0,3,9,A01
202000011119,1,2,,0,1,1,1,A01
202000011120,1,7,,8,0,1,1,A01
202000011121,2,1,,0,2,1,1,B01
202000011121,1,7,,0,2,3,1,A01
202000011122,1,30,,0,4,8,1,B01
202000011122,0,40,,0,2,2,1,A01
202000011123,0,7,,0,1,1,1,A01
202000011124,2,7,,0,2,1,9,A01
202000011124,2,7,,0,2,1,1,B01
202000011125,1,7,,0,2,1,9,A01
202000011125,2,50,,0,2,1,1,B01
202000011126,1,7,,0,2,8,1,B01
202000011126,1,7,,0,2,8,9,A01
202000011127,1,33,,0,2,1,2,A01
202000011127,1,7,,0,2,4,23,B01
202000011128,1,7,,0,2,7,15,A01
202000011128,1,33,,0,2,1,17,B01
202000011129,2,7,,6,0,1,15,A01
202000011130,1,7,,0,2,2,1,B01
202000011130,1,7,,0,2,1,15,A01
202000011131,2,7,,0,1,3,26,A01
202000011132,2,7,,0,1,1,1,A01
202000011133,2,33,,0,1,1,1,A01
202000011134,1,1,,0,2,0,0,B01
202000011134,1,10,,0,2,7,2,A01
202000011135,3,7,,0,1,1,4,A01
202000011136,2,15,,0,2,7,1,B01
202000011136,2,7,,0,2,3,9,A01
202000011137,3,7,,0,2,2,1,A01
202000011137,3,7,,0,2,6,10,B01
202000011138,1,30,,0,1,1,1,A01
202000011139,2,10,,0,2,1,1,B01
202000011139,1,50,,0,2,1,5,A01
202000011140,1,7,,0,2,2,15,A01
202000011140,2,42,,0,2,1,2,B01
202000011141,1,30,,0,2,2,1,B01
202000011141,1,7,,0,2,3,9,A01
202000011142,3,7,,0,2,7,19,B01
202000011142,3,7,,0,2,1,19,A01
202000011143,1,7,,0,1,7,26,A01
202000011144,2,7,,0,2,1,2,A01
202000011144,2,15,,0,2,4,2,B01
202000011145,2,7,,0,2,1,1,B01
202000011145,2,7,,0,2,8,1,A01
202000011145,2,15,,0,2,0,12,Z01
202000011146,3,7,,2,0,1,14,A01
202000011147,2,7,,0,2,3,15,A01
202000011147,1,33,,0,2,1,17,B01
202000011148,1,7,,0,1,8,1,Z01
202000011149,1,30,,0,2,0,1,A01
202000011150,1,33,,0,1,1,1,A01
202000011151,2,7,,0,1,2,1,A01
202000011152,1,7,,0,2,2,1,B01
202000011152,1,7,,0,2,3,16,A01
202000011153,2,1,,0,2,1,1,B01
202000011153,1,7,,0,2,5,16,A01
202000011154,2,3,,0,2,1,1,A01
202000011154,3,7,,0,2,8,16,B01
202000011155,1,7,,0,2,2,1,B01
202000011155,1,32,,0,2,3,15,A01
202000011156,3,7,,0,1,6,4,Z01
202000011157,2,30,,0,1,1,1,A01
202000011158,1,30,,0,2,1,1,B01
202000011158,1,33,,0,2,4,23,A01
202000011159,2,7,,1,0,1,1,A01
202000011160,1,32,,0,0,8,1,A01
202000011161,2,50,,0,1,1,17,A01
202000011162,1,7,,0,2,1,13,A01
202000011162,2,7,,0,2,1,1,B01
202000011163,2,7,,0,1,1,1,A01
202000011164,2,7,,0,1,1,1,A01
202000011165,1,7,,0,2,4,2,B01
202000011165,1,7,,0,2,1,2,A01
202000011166,1,7,,0,2,4,16,A01
202000011166,1,7,,0,2,1,2,B01
202000011167,1,2,,0,2,0,1,B01
202000011167,1,7,,0,2,3,10,A01
202000011168,1,7,,0,2,1,2,B01
202000011168,1,7,,0,2,4,1,A01
202000011169,1,99,,0,1,1,16,A01
202000011170,0,7,,0,2,1,26,A01
202000011170,0,7,,0,2,4,26,B01
202000011171,1,7,,0,2,8,1,A01
202000011171,2,2,,0,2,1,1,B01
202000011172,1,7,,0,0,3,1,C01
202000011172,1,2,,0,2,8,19,B01
202000011172,1,7,,0,2,1,21,A01
202000011173,1,7,,0,2,1,19,A01
202000011173,2,14,,0,0,1,23,C01
202000011173,2,7,,0,2,8,1,B01
202000011174,0,7,,0,0,5,9,B01
202000011174,0,80,,0,0,5,1,A01
202000011175,3,7,,0,2,1,13,A01
202000011175,3,7,,0,2,1,1,B01
202000011176,1,7,,0,2,3,13,A01
202000011176,2,33,,0,0,1,1,B01
202000011177,2,7,,0,2,3,9,A01
202000011177,2,2,,0,0,7,1,B01
202000011178,1,2,,0,0,0,1,A01
202000011179,1,7,,0,2,4,2,A01
202000011179,1,7,,0,2,1,2,B01
202000011180,1,10,,0,2,8,1,C01
202000011180,1,7,,0,2,5,1,B01
202000011180,1,7,,0,2,8,11,A01
202000011181,2,7,,0,2,4,1,A01
202000011181,2,7,,0,2,1,2,B01
202000011182,2,7,,0,2,4,2,A01
202000011182,2,7,,0,2,2,2,B01
202000011183,1,34,,0,0,5,1,A01
202000011184,1,10,,0,2,1,1,B01
202000011184,1,33,,0,2,4,23,A01
202000011185,2,13,,0,2,1,1,A01
202000011185,2,7,,0,2,8,12,B01
202000011186,1,7,,0,2,8,18,A01
202000011186,1,37,1.0,0,2,2,9,B01
202000011186,1,7,,0,2,1,1,C01
202000011187,1,17,,0,2,2,12,B01
202000011187,1,7,,3,0,8,1,A01
202000011188,1,33,,0,2,1,2,A01
202000011188,1,33,,0,2,4,2,B01
202000011189,2,33,,0,2,7,2,B01
202000011189,2,7,,0,2,8,11,A01
202000011190,2,15,,0,2,2,2,A01
202000011190,2,15,,0,2,6,2,B01
202000011191,2,32,,0,2,2,3,B01
202000011191,2,10,,0,2,3,11,A01
202000011192,2,33,,0,0,4,1,B01
202000011192,2,43,,3,0,2,18,A01
202000011193,2,10,,0,0,0,26,A01
202000011193,2,34,,0,0,0,0,B01
202000011194,1,7,,0,2,4,2,D01
202000011194,1,13,,0,2,1,2,A01
202000011194,1,7,,0,2,4,23,B01
202000011194,1,7,,0,2,4,2,C01
202000011194,1,7,,0,0,4,2,E01
202000011195,2,7,,0,2,7,1,C01
202000011195,2,7,,0,2,6,1,B01
202000011195,2,33,,0,2,7,3,A01
202000011196,2,17,,0,2,1,23,B01
202000011196,2,17,,0,2,4,4,A01
202000011197,2,10,,0,2,4,1,C01
202000011197,2,7,,0,2,3,11,B01
202000011197,2,33,,0,2,2,3,A01
202000011198,2,10,,0,2,4,2,B01
202000011198,2,10,,0,2,1,2,C01
202000011198,1,7,,0,2,4,23,A01
202000011199,1,33,,0,2,1,3,B01
202000011199,1,10,,0,2,8,11,A01
202000011200,1,33,,0,2,3,3,A01
202000011200,1,7,,0,2,5,2,B01
202000011200,1,7,,0,2,1,1,C01
202000011200,1,7,,0,2,1,1,D01
202000011201,1,7,,0,2,1,1,C01
202000011201,1,13,,0,2,2,1,B01
202000011201,1,7,,0,2,8,1,A01
202000011202,2,7,,0,2,2,12,Z01
202000011202,2,7,,0,2,6,1,B01
202000011202,2,33,,0,2,1,1,A01
202000011203,2,15,,0,2,4,2,B01
202000011203,2,14,,0,2,1,2,A01
202000011204,2,33,,0,2,3,3,A01
202000011204,2,7,,0,2,7,14,B01
202000011205,1,7,,0,2,2,16,A01
202000011205,1,2,,0,2,1,9,B01
202000011206,3,7,,0,2,3,15,B01
202000011206,1,31,,0,2,1,1,A01
202000011207,3,7,,0,2,8,1,B01
202000011207,3,7,,0,2,2,15,A01
202000011208,1,2,,0,2,8,1,B01
202000011208,2,7,,0,2,1,15,A01
202000011209,3,7,,0,2,2,26,B01
202000011209,3,7,,0,2,3,9,A01
202000011210,2,15,,0,1,1,1,A01
202000011211,1,7,,0,2,1,0,B01
202000011211,1,7,,0,2,6,1,C01
202000011211,1,7,,0,2,2,9,A01
202000011212,2,7,,0,2,4,2,C01
202000011212,2,7,,0,2,4,2,B01
202000011212,2,7,,0,2,1,2,A01
202000011213,1,1,,0,2,6,19,Y01
202000011213,1,7,,0,2,1,1,A01
202000011214,1,7,,0,1,1,13,A01
202000011215,2,7,,0,1,3,15,A01
202000011216,1,10,,0,2,1,1,A01
202000011216,1,7,,0,2,4,1,B01
202000011217,1,7,,0,2,4,2,D01
202000011217,1,7,,0,2,4,2,C01
202000011217,1,7,,0,2,4,2,B01
202000011217,1,7,,0,2,1,2,A01
202000011218,2,30,,0,0,7,21,A01
202000011219,2,80,,0,0,0,1,A01
202000011220,1,7,,0,2,1,9,A01
202000011220,1,7,,0,2,8,1,B01
202000011221,3,7,,0,2,7,9,A01
202000011221,3,1,,0,2,7,1,B01
202000011222,2,34,,0,1,1,1,A01
202000011223,0,1,,0,2,1,1,B01
202000011223,0,7,,0,2,7,15,A01
202000011224,0,7,,0,0,0,1,A01
202000011225,0,7,,0,1,1,1,A01
202000011226,0,7,,9,0,1,1,A01
202000011227,0,7,,16,0,1,1,A01
202000011228,1,1,,0,2,1,5,A01