Num_Acc,senc,catv,occutc,obs,obsm,choc,manv,num_veh
202000011228,1,7,,0,2,3,1,B01
202000011229,2,1,,0,0,4,14,B01
202000011229,1,7,,0,0,0,0,A01
202000011230,2,2,,0,2,8,15,B01
202000011230,2,32,,0,2,8,15,A01
202000011231,2,7,,1,2,5,22,A01
202000011231,2,10,,1,0,5,0,B01
202000011232,3,7,,12,0,5,18,A01
202000011233,3,7,,0,2,8,1,B01
202000011233,3,7,,0,2,3,1,C01
202000011234,1,30,,0,2,6,1,B01
202000011234,1,7,,0,2,3,1,A01
202000011235,0,1,,0,2,1,3,A01
202000011235,2,7,,0,2,3,1,B01
202000011236,2,7,,0,1,1,1,A01
202000011237,1,7,,0,2,8,10,A01
202000011237,1,33,,0,2,1,1,B01
202000011238,2,1,,0,2,1,1,B01
202000011238,1,7,,0,2,2,9,A01
202000011239,2,7,,0,2,1,2,A01
202000011239,2,7,,3,2,3,1,B01
202000011240,0,1,,0,2,2,1,B01
202000011240,0,7,,0,2,1,9,A01
202000011241,3,7,,0,0,0,0,A01
202000011242,0,7,,0,2,5,9,A01
202000011242,0,7,,0,2,1,1,B01
202000011243,1,33,,0,2,4,1,A01
202000011243,1,33,,0,2,2,1,B01
202000011244,1,31,,0,0,1,1,A01
202000011245,2,7,,1,0,8,14,A01
202000011246,2,10,,0,2,4,2,A01
202000011246,2,10,,0,2,1,2,B01
202000011247,2,32,,12,0,2,14,A01
202000011248,1,32,,0,0,1,26,A01
202000011249,2,13,,0,2,4,2,A01
202000011249,2,33,,0,2,1,2,B01
202000011250,2,33,,0,2,2,3,B01
202000011250,2,7,,0,2,3,11,A01
202000011251,2,2,,0,2,0,0,B01
202000011251,2,10,,0,9,0,13,A01
202000011252,1,33,,0,2,5,1,A01
202000011252,1,7,,0,2,0,0,Z01
202000011253,2,7,,3,0,1,14,A01
202000011254,2,7,,0,1,1,15,A01
202000011255,1,33,,0,2,1,2,A01
202000011255,1,7,,0,2,6,2,B01
202000011256,1,31,,0,2,9,1,B01
202000011256,1,31,,0,2,7,1,C01
202000011256,3,10,,0,2,1,15,A01
202000011257,2,20,,0,1,2,1,B01
202000011258,2,7,,0,2,8,11,B01
202000011258,2,33,,0,2,7,3,A01
202000011259,3,1,,0,2,1,13,A01
202000011259,3,7,,0,2,1,1,B01
202000011260,1,7,,0,2,4,1,A01
202000011260,1,7,,0,2,1,1,B01
202000011261,2,7,,1,0,2,14,A01
202000011262,2,7,,0,0,4,2,B01
202000011262,2,7,,0,2,4,2,A01
202000011263,1,7,,0,2,1,1,A01
202000011263,1,30,,0,2,1,1,B01
202000011264,1,1,,0,2,1,1,B01
202000011264,1,7,,0,2,1,1,A01
202000011265,3,40,,0,1,3,1,A01
202000011266,1,17,,0,2,5,1,C01
202000011266,1,10,,0,2,2,12,B01
202000011266,1,10,,0,2,3,1,A01
202000011267,2,7,,12,0,1,1,A01
202000011268,1,7,,0,1,2,1,A01
202000011269,2,80,,0,2,4,2,B01
202000011269,2,7,,0,2,2,2,A01
202000011270,2,7,,0,2,2,19,B01
202000011270,1,33,,0,2,7,19,MA01
202000011271,3,1,,0,9,1,1,B01
202000011272,0,1,,0,2,7,0,B01
202000011272,0,7,,0,2,1,1,A01
202000011273,2,0,,0,1,1,1,A01
202000011274,2,7,,0,1,2,1,A01
202000011275,1,40,,0,1,3,1,A01
202000011276,0,7,,0,2,1,1,A01
202000011276,0,7,,0,2,1,1,B01
202000011277,1,2,,0,2,1,1,B01
202000011277,1,7,,0,2,2,16,A01
202000011278,1,7,,0,2,7,1,B01
202000011278,1,7,,0,2,1,19,A01
202000011279,2,30,,0,2,1,5,A01
202000011279,1,7,,0,2,2,1,B01
202000011280,2,30,,1,0,8,0,A01
202000011281,0,1,,0,2,1,19,A01
202000011281,0,31,,0,2,1,1,B01
202000011282,0,7,,1,0,1,1,A01
202000011283,1,7,,0,2,5,12,A01
202000011283,1,31,,0,2,6,1,B01
202000011284,2,7,,0,2,8,1,B01
202000011284,1,7,,0,2,3,13,A01
202000011285,1,7,,0,2,1,2,B01
202000011285,1,7,,0,2,4,2,A01
202000011286,0,1,,0,0,0,0,Y01
202000011286,0,7,,0,0,3,1,A01
202000011287,3,7,,0,9,2,15,A01
202000011287,3,1,,0,2,1,19,B01
202000011288,0,3,,0,1,2,1,A01
202000011289,2,7,,3,0,0,1,A01
202000011290,0,10,,0,2,2,1,A01
202000011290,0,10,,0,2,3,15,B01
202000011291,1,7,,0,2,5,4,A01
202000011291,1,1,,0,2,2,1,B01
202000011292,2,31,,0,2,4,12,A01
202000011292,2,7,,0,2,3,19,B01
202000011293,2,10,,0,2,6,10,B01
202000011293,2,32,,0,2,3,17,A01
202000011294,2,7,,0,2,1,2,A01
202000011294,2,7,,1,2,4,20,B01
202000011294,1,7,,1,2,6,0,C01
202000011295,1,41,,0,2,8,10,A01
202000011295,2,7,,0,2,8,1,B01
202000011296,3,7,,0,1,1,1,A01
202000011297,3,1,,0,2,2,19,B01
202000011297,1,7,,0,2,2,9,A01
202000011298,3,7,,0,1,2,1,A01
202000011299,1,7,,0,2,8,15,A01
202000011299,1,33,,0,2,1,1,B01
202000011300,0,7,,0,2,1,9,A01
202000011300,3,7,,0,2,2,1,B01
202000011300,0,7,,0,2,3,1,C01
202000011301,3,32,,0,2,2,3,B01
202000011301,3,7,,0,2,3,15,A01
202000011302,1,7,,0,2,4,4,A01
202000011302,1,7,,0,2,1,1,B01
202000011303,1,7,,0,2,6,2,C01
202000011303,1,7,,0,2,6,2,B01
202000011303,1,33,,0,2,1,2,A01
202000011304,1,7,,2,0,1,1,A01
202000011305,3,7,,0,2,2,15,A01
202000011305,3,33,,0,2,1,1,B01
202000011306,2,7,,0,1,2,1,A01
202000011307,3,1,,0,2,3,1,B01
202000011307,1,7,,0,2,2,1,A01
202000011308,1,33,,4,0,2,14,A01
202000011309,1,7,,0,2,2,9,A01
202000011309,1,33,,0,2,1,1,B01
202000011310,1,7,,0,1,4,1,A01
202000011310,1,7,,0,2,1,1,B01
202000011310,1,7,,0,2,1,1,C01
202000011311,1,7,,0,2,3,19,A01
202000011311,1,34,,0,2,1,1,B01
202000011312,1,7,,0,1,7,1,A01
202000011313,1,31,,12,0,1,1,A01
202000011314,1,7,,0,1,1,1,A01
202000011315,2,7,,0,2,4,2,B01
202000011315,2,7,,0,2,1,19,A01
202000011316,3,31,,0,0,0,26,A01
202000011317,3,32,,0,0,0,26,A01
202000011318,3,10,,0,2,3,1,B01
202000011318,3,2,,0,2,1,1,A01
202000011319,3,7,,1,2,7,1,B01
202000011319,3,7,,0,2,1,1,A01
202000011320,3,60,,0,2,1,19,B01
202000011320,3,7,,0,2,8,1,A01
202000011321,2,33,,0,2,3,1,B01
202000011321,1,7,,0,2,1,15,A01
202000011322,1,10,,0,2,0,26,Z01
202000011322,2,31,,0,2,7,26,B01
202000011323,1,1,,14,0,1,1,A01
202000011323,1,7,,14,0,4,2,B01
202000011324,1,2,,0,2,3,1,B01
202000011324,1,2,,0,2,7,18,A01
202000011325,2,7,,0,9,8,22,A01
202000011325,2,80,,1,0,2,1,B01
202000011326,2,32,,0,0,0,1,A01
202000011327,2,10,,0,1,4,0,A01
202000011328,2,1,,0,2,1,13,B01
202000011328,1,10,,0,2,3,1,A01
202000011329,2,1,,14,2,0,18,A01
202000011329,1,7,,0,2,0,1,B01
202000011330,3,1,,0,2,7,19,A01
202000011330,1,50,,0,2,1,1,Z01
202000011331,3,7,,15,0,8,2,A01
202000011332,1,43,,0,2,1,2,A01
202000011332,1,7,,0,2,5,2,B01
202000011333,2,10,,0,2,1,1,A01
202000011334,2,10,,0,2,7,12,B01
202000011334,2,32,,0,2,1,7,A01
202000011335,2,32,,0,2,8,1,B01
202000011335,1,7,,0,2,3,15,A01
202000011336,0,10,,0,2,1,1,Z01
202000011336,3,37,1.0,0,2,5,23,B01
202000011336,3,7,,0,2,6,23,C01
202000011336,3,7,,0,2,4,23,D01
202000011337,1,7,,14,0,1,2,A01
202000011338,1,32,,0,2,4,23,B01
202000011338,2,10,,0,2,1,2,A01
202000011339,2,30,,0,2,1,1,A01
202000011339,2,1,,0,2,8,19,B01
202000011340,1,30,,0,2,1,9,A01
202000011340,1,7,,0,2,4,1,B01
202000011341,2,7,,0,2,5,24,C01
202000011341,2,7,,0,2,1,13,A01
202000011341,2,7,,0,2,6,24,B01
202000011342,3,7,,0,2,1,15,A01
202000011342,1,33,,0,2,1,19,B01
202000011343,1,30,,0,2,1,1,B01
202000011343,2,7,,0,2,2,15,A01
202000011344,1,7,,0,2,0,0,B01
202000011344,2,33,,0,2,0,26,A01
202000011345,3,32,,0,2,1,1,A01
202000011345,1,33,,0,2,7,1,B01
202000011346,1,1,,0,2,8,2,B01
202000011346,1,7,,0,2,2,16,A01
202000011347,1,10,,0,1,7,1,A01
202000011348,1,32,,0,2,5,1,B01
202000011348,1,7,,0,9,1,15,A01
202000011349,1,7,,0,1,2,16,A01
202000011350,2,10,,8,0,3,20,A01
202000011351,1,1,,0,2,1,2,A01
202000011351,1,7,,0,2,4,15,B01
202000011352,0,7,,0,2,1,15,A01
202000011352,0,7,,0,2,3,2,B01
202000011353,1,7,,1,0,2,1,A01
202000011354,1,7,,0,0,4,23,C01
202000011354,1,7,,0,2,1,17,B01
202000011354,1,7,,0,2,4,17,A01
202000011355,3,7,,0,1,1,15,A01
202000011356,3,1,,0,2,2,1,B01
202000011356,3,7,,0,2,1,1,A01
202000011357,1,31,,0,2,4,2,B01
202000011357,1,7,,0,2,1,0,D01
202000011358,1,1,,0,1,1,1,A01
202000011359,2,10,,8,0,1,25,A01
202000011360,2,7,,0,2,4,2,Z01
202000011360,2,7,,0,2,4,23,A01
202000011361,2,7,,0,2,3,10,A01
202000011361,1,7,,0,2,2,17,B01
202000011362,2,7,,0,1,1,1,A01
202000011363,1,33,,0,2,1,1,B01
202000011363,2,7,,0,2,3,26,A01
202000011364,2,3,,0,2,3,26,C01
202000011364,2,7,,0,2,9,26,B01
202000011365,1,7,,0,2,1,6,A01
202000011365,2,7,,0,0,0,0,B01
202000011366,2,7,,0,1,3,16,A01
202000011367,1,7,,0,1,2,1,A01
202000011368,3,99,,0,2,0,19,B01
202000011368,1,7,,0,2,2,1,A01
202000011369,2,33,,14,0,0,1,C01
202000011369,1,33,,0,2,0,1,B01
202000011369,1,33,,0,2,1,1,A01
202000011370,0,33,,12,0,1,1,A01
202000011371,2,34,,12,0,1,1,A01
202000011372,1,7,,0,2,0,9,A01
202000011372,1,30,,0,0,4,1,B01
202000011373,1,7,,8,0,1,14,A01
202000011374,3,7,,6,0,1,13,A01
202000011375,1,1,,0,2,1,2,B01
202000011375,1,7,,0,2,8,15,A01
202000011376,1,7,,1,0,1,14,A01
202000011377,1,30,,0,2,7,15,B01
202000011377,1,34,,0,2,1,1,A01
202000011378,1,7,,0,2,6,16,B01
202000011378,1,32,,0,2,6,18,A01
202000011379,2,7,,0,2,5,15,A01
202000011379,1,1,,0,2,1,1,B01
202000011380,2,33,,0,0,0,26,A01
202000011381,1,10,,0,2,8,13,A01
202000011381,2,7,,0,2,7,1,C01
202000011381,1,7,,0,2,7,1,B01
202000011382,1,7,,0,1,1,1,A01
202000011383,2,7,,0,2,7,19,A01
202000011383,1,60,,0,2,7,19,B01
202000011384,1,33,,0,2,0,13,A01
202000011384,1,7,,0,2,0,0,Z01
202000011385,1,7,,0,2,4,2,B01
202000011385,1,7,,0,2,1,2,A01
202000011386,1,7,,0,2,5,15,B01
202000011386,2,33,,0,2,1,1,A01
202000011387,1,7,,13,0,0,14,A01
202000011388,1,32,,0,2,1,1,B01
202000011388,2,7,,0,2,8,15,A01
202000011389,2,1,,0,2,0,0,B01
202000011389,2,1,,0,2,0,2,A01
202000011390,1,30,,0,2,8,18,A01
202000011390,1,0,,0,2,0,-1,C01
202000011391,0,7,,0,0,0,15,A01
202000011391,2,33,,0,0,3,1,B01
202000011392,2,7,,0,2,0,9,A01
202000011392,2,2,,1,2,2,0,B01
202000011393,1,33,,0,0,9,1,A01
202000011394,2,7,,1,9,3,1,A01
202000011394,2,1,,1,2,7,19,B01
202000011395,3,7,,0,0,8,15,B01
202000011395,3,2,,0,2,2,17,A01
202000011396,1,7,,0,2,3,13,A01
202000011396,1,7,,0,2,8,1,B01
202000011397,3,3,,0,2,2,1,B01
202000011397,0,7,,0,2,3,9,A01
202000011398,1,7,,0,2,2,1,A01
202000011398,1,1,,0,2,5,2,B01
202000011399,3,7,,0,2,3,1,B01
202000011399,3,7,,0,2,3,13,A01
202000011400,2,7,,0,2,0,1,A01
202000011400,1,7,,0,2,8,1,B01
202000011400,1,33,,0,2,6,1,C01
202000011401,0,33,,0,0,9,1,A01
202000011402,1,7,,0,1,1,1,A01
202000011403,1,7,,0,1,2,1,A01
202000011404,3,7,,0,0,0,26,B01
202000011404,3,80,,0,0,1,26,A01
202000011405,3,2,,1,0,1,15,A01
202000011405,0,7,,0,2,1,23,B01
202000011406,2,7,,0,0,4,2,B01
202000011406,2,10,,0,2,1,2,A01
202000011407,1,10,,0,2,2,1,B01
202000011407,2,7,,0,2,1,19,A01
202000011408,2,7,,0,0,0,1,A01
202000011409,2,7,,0,2,3,16,B01
202000011409,1,10,,0,2,3,15,A01
202000011410,2,7,,0,2,4,2,B01
202000011410,2,7,,0,2,1,2,A01
202000011411,1,33,,3,0,2,1,A01
202000011412,2,7,,0,2,1,1,Z01
202000011412,2,7,,0,2,4,1,B01
202000011412,2,7,,0,2,9,1,A01
202000011413,1,32,,0,2,3,3,A01
202000011413,1,7,,0,2,2,12,B01
202000011414,0,30,,14,0,1,14,A01
202000011415,2,10,,14,0,1,1,A01
202000011415,2,7,,14,0,4,23,B01
202000011415,2,7,,14,0,4,23,C01
202000011415,2,7,,14,0,4,23,D01
202000011416,2,10,,0,1,0,4,Z01
202000011417,3,7,,0,1,3,1,A01
202000011418,1,43,,0,2,8,18,B01
202000011418,1,10,,0,2,7,20,A01
202000011419,2,7,,0,2,3,13,B01
202000011419,1,15,,3,2,1,1,A01
202000011420,2,1,,0,2,1,2,A01
202000011420,2,7,,0,2,4,2,Z01
202000011421,2,7,,0,1,1,1,A01
202000011422,2,7,,0,9,0,2,C01
202000011422,2,36,,0,2,4,2,B01
202000011422,2,36,,0,2,1,2,A01
202000011423,1,7,,0,2,1,1,A01
202000011423,1,1,,0,2,1,1,B01
202000011424,1,15,,0,1,1,1,A01
202000011425,1,30,,0,2,7,16,A01
202000011425,1,50,,0,2,8,1,B01
202000011426,3,2,,0,2,1,1,A01
202000011426,3,7,,0,2,3,15,B01
202000011427,3,33,,0,0,9,1,A01
202000011428,2,7,,0,2,1,1,B01
202000011428,1,7,,0,2,3,23,C01
202000011428,1,33,,0,2,0,15,Z01
202000011429,2,7,,0,0,3,9,A01
202000011429,2,2,,0,2,1,1,B01
202000011430,2,7,,14,2,2,14,A01
202000011430,2,30,,0,2,4,23,B01
202000011431,2,7,,0,2,3,1,B01
202000011431,1,31,,0,2,1,1,A01
202000011432,3,50,,0,2,1,19,A01
202000011432,2,7,,0,2,3,1,B01
202000011433,1,7,,0,2,8,15,A01
202000011433,1,33,,0,2,1,11,B01
202000011434,1,33,,7,0,1,1,A01
202000011435,1,7,,0,2,0,1,Z01
202000011435,1,7,,0,2,6,1,A01
202000011436,1,33,,16,0,0,2,A01
202000011437,1,7,,0,2,3,16,A01
202000011437,2,33,,0,2,5,15,B01
202000011438,3,3,,0,0,2,19,A01
202000011438,1,7,,0,0,1,1,B01
202000011439,2,50,,0,2,3,1,B01
202000011439,2,7,,0,2,3,9,A01
202000011440,2,2,,7,0,1,1,A01
202000011441,1,50,,0,2,8,1,A01
202000011441,1,7,,0,2,0,15,Z01
202000011442,2,7,,0,2,3,1,B01
202000011442,1,7,,0,2,3,13,A01
202000011443,2,42,,0,2,3,13,A01
202000011443,1,7,,5,2,3,1,B01
202000011444,1,3,,0,2,2,15,A01
202000011444,1,32,,8,2,1,1,B01
202000011445,1,33,,8,0,1,1,A01
202000011446,1,33,,14,0,1,13,A01
202000011447,1,1,,0,2,1,1,B01
202000011447,2,50,,0,2,1,14,A01
202000011448,1,33,,0,0,1,1,B01
202000011448,2,7,,0,0,3,15,A01
202000011449,1,50,,0,0,0,1,A01
202000011450,1,33,,0,0,8,26,A01
202000011451,1,30,,0,2,2,2,B01
202000011451,2,1,,0,2,6,1,A01
202000011452,2,33,,0,2,1,1,B01
202000011452,2,7,,0,2,1,16,A01
202000011453,2,32,,0,2,5,17,B01
202000011453,2,7,,0,2,3,15,A01
202000011454,1,7,,0,1,1,1,A01
202000011455,2,7,,12,0,1,14,Z01
202000011456,0,33,,0,0,7,17,A01
202000011456,0,10,,0,0,0,17,B01
202000011457,1,1,,9,0,3,15,A01
202000011458,0,1,,0,0,1,1,A01
202000011459,0,7,,0,1,0,1,A01
202000011460,1,32,,0,2,1,1,A01
202000011460,1,1,,0,2,8,1,B01
202000011461,3,13,,0,0,0,1,A01
202000011462,3,10,,0,2,1,1,B01
202000011462,1,10,,0,2,8,1,A01
202000011463,1,7,,0,2,1,1,A01
202000011463,1,7,,0,2,4,1,B01
202000011464,2,7,,0,0,4,23,A01
202000011464,2,31,,0,2,1,1,B01
202000011465,1,7,,0,2,1,2,A01
202000011465,2,7,,0,2,7,21,B01
202000011466,2,7,,2,0,7,14,A01
202000011467,2,7,,0,2,1,1,A01
202000011467,1,7,,0,2,1,1,B01
202000011468,1,7,,0,2,8,1,C01
202000011468,1,7,,0,2,5,23,B01
202000011468,1,7,,0,2,1,11,A01
202000011469,2,7,,0,9,6,17,A01
202000011469,1,1,,0,2,8,1,B01
202000011470,2,7,,0,2,8,0,B01
202000011470,2,7,,0,2,1,15,A01
202000011471,2,1,,0,2,1,1,B01
202000011471,1,3,,0,2,7,9,A01
202000011472,3,33,,0,2,1,2,A01
202000011472,3,7,,0,2,7,9,B01
202000011473,1,7,,6,0,3,13,A01
202000011474,1,3,,0,0,9,1,A01
202000011475,2,33,,17,0,0,1,A01
202000011476,1,7,,0,1,2,14,A01
202000011477,1,7,,0,1,7,9,A01
202000011478,3,7,,0,2,3,16,A01
202000011478,2,1,,0,2,2,1,B01
202000011479,-1,7,,0,2,9,16,A01
202000011479,1,32,,0,2,3,16,B01
202000011480,1,7,,0,0,2,15,A01
202000011480,2,2,,0,0,1,1,B01
202000011481,1,33,,3,0,1,1,A01
202000011482,3,33,,0,2,1,14,B01
202000011482,3,7,,1,0,6,20,A01
202000011483,2,33,,0,2,7,0,B01
202000011483,2,7,,0,2,3,15,A01
202000011484,3,32,,0,2,3,1,B01
202000011484,3,7,,0,2,2,14,A01
202000011485,2,7,,0,2,1,2,A01
202000011485,2,7,,0,2,4,2,B01
202000011485,2,7,,0,2,4,2,C01
202000011486,1,34,,0,2,1,17,A01
202000011486,1,7,,0,2,3,9,B01
202000011487,1,7,,12,1,3,13,A01
202000011488,1,1,,0,2,1,1,A01
202000011488,1,1,,0,9,4,1,B01
202000011489,2,37,1.0,0,2,3,1,B01
202000011489,1,10,,0,2,3,13,A01
202000011490,2,31,,0,5,0,21,A01
202000011491,1,31,,0,2,3,1,B01
202000011491,1,7,,0,2,2,19,A01
202000011492,3,31,,13,2,3,1,A01
202000011492,3,7,,0,9,3,16,B01
202000011493,2,3,,2,0,1,1,A01
202000011494,2,7,,1,0,2,16,A01
202000011495,2,7,,0,2,3,19,A01
202000011495,2,33,,0,2,1,1,B01
202000011496,2,7,,1,0,2,16,A01
202000011496,2,30,,1,0,1,1,B01
202000011497,1,10,,0,2,6,1,D01
202000011497,1,7,,0,2,6,1,C01
202000011497,1,10,,0,2,1,1,B01
202000011497,2,37,1.0,16,2,1,26,A01
202000011498,1,7,,6,2,3,15,A01
202000011498,1,2,,6,2,2,17,B01
202000011499,3,2,,0,2,1,1,A01
202000011499,1,7,,0,2,1,1,B01
202000011500,2,1,,1,0,1,1,B01
202000011500,2,7,,0,9,8,22,A01
202000011501,2,10,,0,1,2,1,A01
202000011502,2,7,,13,2,6,17,B01
202000011502,2,13,,0,2,2,17,A01
202000011503,2,7,,0,2,3,1,B01
202000011503,1,7,,0,2,3,1,A01
202000011504,1,7,,0,2,4,2,B01
202000011504,1,7,,3,2,1,2,A01
202000011505,2,7,,0,2,8,18,A01
202000011505,1,15,,0,9,1,1,E01
202000011505,1,7,,0,9,1,1,D01
202000011505,2,7,,0,2,7,17,C01
202000011505,2,15,,0,2,7,16,B01
202000011506,2,7,,13,0,3,1,A01
202000011507,1,7,,0,1,3,1,A01
202000011508,3,1,,0,2,8,9,A01
202000011508,3,7,,0,2,3,1,B01
202000011509,2,31,,2,0,1,21,A01
202000011510,2,21,,3,0,3,1,A01
202000011511,2,1,,0,2,1,1,B01
202000011511,1,7,,0,2,7,15,A01
202000011512,2,31,,0,2,1,17,B01
202000011512,2,7,,0,2,3,15,A01
202000011513,1,2,,0,2,1,15,A01
202000011513,1,2,,0,0,4,15,B01
202000011514,1,33,,0,0,3,1,A01
202000011515,1,31,,13,0,1,1,A01
202000011516,1,2,,7,0,1,14,A01
202000011517,3,7,,0,2,3,13,A01
202000011517,3,33,,0,2,2,1,B01
202000011518,3,36,,16,0,0,16,A01
202000011519,2,33,,15,0,1,13,A01
202000011520,2,33,,0,0,8,1,A01
202000011521,3,7,,0,2,1,1,A01
202000011521,3,7,,0,2,1,1,B01
202000011522,2,7,,0,2,8,1,B01
202000011522,1,10,,0,2,3,1,A01
202000011523,1,2,,0,0,9,15,A01
202000011524,2,33,,0,2,1,1,B01
202000011524,3,7,,0,2,3,19,A01
202000011525,0,33,,13,0,2,1,A01
202000011526,0,7,,0,2,1,2,B01
202000011526,0,7,,0,2,1,2,C01
202000011526,0,7,,0,2,4,2,A01
202000011527,1,33,,0,2,1,1,A01
202000011527,3,7,,0,2,2,20,B01
202000011528,1,7,,0,2,3,1,A01
202000011528,2,1,,0,2,2,1,B01
202000011529,3,7,,0,2,3,16,B01
202000011529,1,2,,0,2,7,1,A01
202000011530,0,7,,0,2,2,9,A01
202000011530,0,33,,0,2,1,26,B01
202000011531,1,7,,0,2,1,2,A01
202000011531,1,17,,0,0,4,2,B01
202000011532,2,7,,3,0,3,2,A01
202000011533,1,7,,0,2,8,11,A01
202000011533,1,7,,4,0,9,1,B01
202000011533,1,7,,0,2,1,1,C01
202000011534,0,7,,0,0,1,1,A01
202000011535,2,33,,7,0,1,12,A01
202000011536,3,7,,0,2,3,1,A01
202000011536,3,7,,0,2,3,1,B01
202000011537,1,33,,0,0,1,0,A01
202000011538,0,7,,0,2,1,1,A01
202000011538,0,7,,0,2,7,15,B01
202000011539,0,7,,0,2,1,1,A01
202000011539,0,7,,0,2,1,1,B01
202000011540,1,7,,16,2,1,1,A01
202000011540,2,2,,0,2,1,1,B01
202000011541,1,7,,0,2,1,6,A01
202000011541,2,7,,0,2,1,1,B01
202000011542,2,33,,2,0,9,1,A01
202000011543,1,99,,0,2,1,1,B01
202000011543,2,33,,0,2,2,19,A01
202000011544,1,34,,0,2,2,16,B01
202000011544,1,7,,0,0,3,0,A01
202000011545,1,7,,0,0,2,0,A01
202000011546,2,7,,0,2,2,1,B01
202000011546,1,33,,0,2,2,6,A01
202000011547,3,7,,0,1,1,1,A01
202000011548,0,16,,0,0,0,0,A01
202000011549,2,33,,3,0,3,1,A01
202000011550,0,1,,0,2,8,23,C01
202000011550,1,7,,0,2,3,1,A01
202000011550,2,7,,0,2,3,1,B01
202000011551,2,10,,1,2,2,0,A01
202000011552,2,33,,0,6,7,1,A01
202000011553,3,7,,0,1,4,4,A01
202000011554,1,7,,0,2,3,1,B01
202000011554,2,7,,0,2,3,13,A01
202000011555,1,7,,0,2,2,1,C01
202000011555,1,10,,0,2,4,0,B01
202000011555,1,7,,4,2,0,1,A01
202000011556,1,7,,0,2,2,2,B01
202000011556,1,7,,0,2,4,2,A01
202000011556,1,7,,0,2,4,2,C01
202000011556,1,7,,0,2,3,0,D01
202000011557,1,7,,0,0,0,0,B01
202000011557,1,7,,0,0,0,0,A01
202000011558,1,7,,0,2,5,2,A01
202000011559,1,7,,0,2,1,2,A01
202000011559,1,7,,0,2,4,2,B01
202000011560,1,7,,0,2,1,2,A01
202000011560,1,7,,0,2,4,2,B01
202000011561,1,33,,0,2,4,2,B01
202000011561,1,33,,0,2,1,2,A01
202000011562,2,7,,0,2,5,1,E01
202000011562,2,7,,0,2,1,21,A01
202000011562,2,7,,0,2,8,1,D01
202000011562,2,7,,0,2,6,1,C01
202000011562,2,7,,0,2,5,1,B01
202000011563,2,7,,0,2,4,2,B01
202000011563,2,33,,0,2,1,2,A01
202000011564,2,10,,0,2,7,12,A01
202000011564,2,50,,0,2,3,1,B01
202000011565,1,7,,12,0,1,1,A01
202000011566,1,7,,0,2,1,23,B01
202000011566,2,10,,0,2,4,4,A01
202000011567,1,1,,0,2,6,15,B01
202000011567,1,7,,0,2,2,1,A01
202000011568,1,1,,0,2,1,21,A01
202000011569,2,1,,0,2,1,2,A01
202000011569,2,7,,0,2,5,23,B01
202000011570,2,7,,0,1,7,1,A01
202000011571,0,33,,0,0,8,26,A01
202000011572,3,7,,0,2,1,15,A01
202000011572,1,33,,15,2,3,1,B01
202000011573,2,34,,1,0,7,13,A01
202000011573,1,7,,0,2,3,17,B01
202000011574,3,7,,0,0,1,1,B01
202000011574,3,7,,0,0,0,0,A01
202000011575,1,2,,0,2,3,2,B01
202000011575,1,10,,0,2,7,23,A01
202000011576,1,33,,0,2,1,1,A01
202000011576,1,7,,0,2,4,16,B01
202000011577,0,10,,1,0,1,15,B01
202000011577,1,10,,0,2,2,26,A01
202000011578,0,7,,0,0,4,0,B01
202000011578,0,37,1.0,0,2,1,0,A01
202000011579,1,99,,0,2,0,1,B01
202000011579,1,0,,0,2,0,13,A01
202000011580,1,32,,0,1,1,1,A01
202000011581,2,2,,16,2,3,2,B01
202000011581,3,2,,0,2,1,19,A01
202000011582,1,17,,0,2,4,1,B01
202000011582,1,2,,0,2,1,2,A01
202000011583,2,1,,0,2,1,1,B01
202000011583,1,32,,0,2,8,16,A01
202000011584,2,30,,0,1,1,25,A01
202000011585,1,7,,0,2,3,0,C01
202000011585,2,7,,0,2,3,17,A01
202000011585,2,33,,0,2,0,17,B01
202000011586,1,32,,0,2,8,20,A01
202000011586,1,7,,0,2,1,1,B01
202000011587,3,31,,0,0,0,1,A01
202000011588,1,7,,7,2,1,1,B01
202000011588,2,7,,7,0,7,19,A01
202000011589,2,7,,0,2,3,1,B01
202000011589,1,34,,0,2,8,1,A01
202000011590,1,7,,13,0,9,17,A01
202000011590,1,7,,0,0,0,17,B01
202000011590,1,1,,0,0,0,2,C01
202000011591,1,7,,0,2,3,1,B01
202000011591,1,7,,7,2,2,19,A01
202000011592,1,38,1.0,13,0,7,1,A01
202000011593,2,7,,0,2,1,1,B01
202000011593,1,7,,0,0,2,15,A01
202000011594,2,7,,13,0,0,2,A01
202000011595,1,7,,0,2,6,9,A01
202000011595,1,33,,0,2,1,1,B01
202000011596,1,7,,0,1,8,1,A01
202000011597,2,7,,0,2,1,1,A01
202000011597,2,7,,0,0,4,2,B01
202000011598,1,2,,8,0,0,1,A01
202000011599,1,33,,0,0,0,17,A01
202000011600,1,7,,0,2,1,15,A01
202000011600,2,7,,0,2,1,1,B01
202000011601,2,7,,2,0,1,1,A01
202000011602,3,35,,8,0,1,1,A01
202000011603,2,7,,0,2,3,1,B01
202000011603,1,7,,0,2,3,9,A01
202000011604,2,7,,0,0,5,2,B01
202000011604,2,7,,0,2,3,2,A01