Num_Acc,senc,catv,occutc,obs,obsm,choc,manv,num_veh
202000011605,2,7,,0,2,3,1,A01
202000011605,3,2,,0,2,1,15,B01
202000011606,2,7,,0,0,6,2,A01
202000011606,2,7,,0,2,6,2,B01
202000011607,2,7,,13,0,1,26,A01
202000011608,0,7,,0,2,1,16,A01
202000011608,0,1,,0,2,4,16,B01
202000011609,2,7,,2,0,1,14,A01
202000011610,0,1,,0,0,4,1,D01
202000011610,0,1,,0,0,4,1,C01
202000011610,0,1,,0,0,4,1,B01
202000011610,0,7,,0,2,2,1,A01
202000011611,1,7,,3,0,4,1,A01
202000011611,1,7,,0,2,1,2,B01
202000011612,2,33,,0,2,1,11,A01
202000011612,1,10,,0,2,2,13,B01
202000011613,2,7,,0,0,7,15,A01
202000011613,1,33,,0,2,1,1,B01
202000011614,-1,7,,6,0,8,1,A01
202000011615,2,34,,0,2,1,1,A01
202000011615,1,13,,0,2,5,15,B01
202000011616,2,7,,0,2,3,1,B01
202000011616,1,32,,0,2,3,1,A01
202000011617,1,7,,0,0,3,0,B01
202000011617,2,33,,0,0,3,13,A01
202000011618,1,7,,3,0,0,1,A01
202000011619,2,33,,13,0,7,1,A01
202000011620,2,7,,0,2,1,13,A01
202000011620,1,7,,0,2,1,1,B01
202000011621,1,33,,0,0,8,0,A01
202000011622,1,10,,2,0,1,1,A01
202000011623,3,33,,8,0,3,1,A01
202000011624,2,33,,0,2,1,21,A01
202000011624,1,10,,0,2,3,19,B01
202000011625,2,7,,0,2,1,1,B01
202000011625,1,7,,0,2,5,13,A01
202000011626,1,7,,0,2,2,1,A01
202000011626,1,7,,0,0,6,11,B01
202000011627,1,31,,0,2,0,0,B01
202000011627,1,7,,0,2,1,1,A01
202000011628,2,32,,0,2,7,12,A01
202000011628,2,34,,3,2,0,1,B01
202000011629,1,13,,0,2,3,0,B01
202000011629,1,7,,0,2,1,1,C01
202000011629,1,10,,0,2,0,0,A01
202000011630,2,7,,0,2,9,2,A01
202000011630,2,7,,0,2,7,1,B01
202000011630,2,7,,0,2,3,1,C01
202000011631,1,33,,0,2,6,0,A01
202000011631,1,7,,0,2,1,15,B01
202000011632,1,30,,0,2,1,26,A01
202000011632,2,7,,0,2,2,15,B01
202000011633,1,7,,0,2,1,1,A01
202000011633,2,7,,0,2,4,23,B01
202000011634,3,33,,0,1,1,1,A01
202000011635,1,7,,0,2,1,26,A01
202000011635,1,1,,0,2,4,0,B01
202000011636,0,2,,0,1,1,1,A01
202000011637,2,33,,0,2,7,17,A01
202000011637,2,7,,0,2,8,9,B01
202000011638,1,7,,0,1,4,26,A01
202000011639,1,7,,0,0,4,2,B01
202000011639,1,37,1.0,0,2,1,2,A01
202000011640,1,7,,1,0,1,0,A01
202000011641,2,33,,0,2,7,17,A01
202000011641,2,7,,0,2,6,17,B01
202000011642,2,7,,0,2,8,26,C01
202000011642,2,7,,14,0,5,26,B01
202000011642,2,31,,0,2,5,18,A01
202000011643,1,7,,6,0,1,15,A01
202000011644,3,7,,0,2,8,15,B01
202000011644,3,34,,0,2,1,17,A01
202000011645,1,7,,4,0,2,1,A01
202000011646,2,10,,0,2,7,1,A01
202000011646,2,10,,0,2,2,9,B01
202000011647,2,10,,0,2,8,1,B01
202000011647,2,10,,0,2,1,9,A01
202000011648,2,7,,0,1,2,26,A01
202000011649,3,7,,0,1,3,19,A01
202000011650,1,7,,0,1,1,26,A01
202000011651,3,7,,0,2,3,15,A01
202000011651,3,7,,0,2,7,1,B01
202000011652,1,37,15.0,6,0,1,1,A01
202000011653,1,7,,4,0,3,13,A01
202000011654,2,7,,0,2,7,17,A01
202000011654,2,3,,0,2,8,1,B01
202000011655,2,7,,0,1,8,15,A01
202000011656,1,7,,0,2,2,1,B01
202000011656,1,30,,0,2,8,3,A01
202000011657,2,1,,12,0,1,14,A01
202000011658,1,2,,0,2,1,21,B01
202000011658,1,30,,0,2,4,26,A01
202000011659,1,1,,0,2,0,0,B01
202000011659,1,7,,0,2,1,0,A01
202000011660,1,1,,0,2,1,1,A01
202000011660,1,7,,0,2,4,1,B01
202000011661,2,2,,0,2,1,1,B01
202000011661,2,7,,0,2,2,15,A01
202000011662,0,7,,0,9,3,15,B01
202000011662,0,1,,0,2,8,5,A01
202000011663,2,7,,0,2,7,17,A01
202000011663,2,1,,0,2,8,13,B01
202000011664,3,1,,0,2,1,15,B01
202000011664,3,7,,0,2,2,16,A01
202000011665,1,7,,0,0,3,1,B01
202000011665,1,7,,0,2,2,9,A01
202000011666,2,33,,0,2,1,1,B01
202000011666,1,7,,0,2,1,1,A01
202000011667,2,33,,0,1,1,21,A01
202000011668,2,7,,0,1,7,1,A01
202000011669,1,7,,0,2,3,15,B01
202000011669,1,7,,0,2,2,1,A01
202000011670,0,7,,0,2,7,17,B01
202000011670,0,1,,0,0,0,1,A01
202000011671,1,7,,0,2,3,0,A01
202000011671,1,7,,0,2,4,0,B01
202000011672,1,7,,0,2,2,0,A01
202000011672,1,2,,0,2,3,0,B01
202000011673,1,7,,15,0,0,0,A01
202000011674,2,34,,3,0,7,15,A01
202000011675,2,7,,0,2,2,1,B01
202000011675,0,7,,0,2,1,15,A01
202000011676,1,7,,0,2,1,2,A01
202000011676,1,7,,0,2,4,2,B01
202000011676,1,7,,0,2,4,2,C01
202000011677,3,10,,0,2,3,13,A01
202000011677,3,15,,0,2,3,1,B01
202000011678,1,33,,0,2,1,2,B01
202000011678,1,7,,0,2,2,0,A01
202000011679,3,7,,0,0,9,1,A01
202000011680,2,7,,0,2,3,1,B01
202000011680,1,7,,0,2,1,13,A01
202000011681,2,30,,0,2,4,16,A01
202000011681,0,10,,0,2,3,26,Z01
202000011682,1,32,,0,1,0,0,A01
202000011683,3,31,,0,0,0,0,A01
202000011684,2,10,,0,1,3,15,A01
202000011685,0,7,,1,1,4,20,A01
202000011686,3,30,,0,2,1,19,B01
202000011686,3,7,,0,2,7,19,A01
202000011687,2,10,,0,2,3,15,A01
202000011687,2,33,,0,2,1,17,B01
202000011688,1,32,,0,2,1,1,B01
202000011688,1,7,,0,2,2,15,A01
202000011689,0,10,,0,2,3,1,B01
202000011689,2,30,,0,2,1,13,A01
202000011690,2,1,,0,2,0,14,B01
202000011690,2,7,,0,2,1,2,A01
202000011691,1,7,,6,0,1,1,A01
202000011692,1,7,,0,0,1,1,A01
202000011693,1,10,,0,2,5,12,B01
202000011693,1,33,,0,2,1,1,A01
202000011694,1,33,,0,2,1,1,B01
202000011694,2,7,,0,2,7,10,A01
202000011695,1,7,,14,0,3,13,A01
202000011696,1,7,,0,2,3,1,A01
202000011696,2,2,,0,2,3,15,B01
202000011697,1,32,,0,2,1,18,B01
202000011697,1,15,,0,2,7,16,A01
202000011698,1,10,,0,1,4,4,A01
202000011699,1,1,,0,2,1,1,B01
202000011699,1,43,,0,2,8,1,A01
202000011700,2,1,,0,0,0,1,A01
202000011701,1,7,,0,1,3,15,A01
202000011702,1,1,,0,2,1,7,B01
202000011702,1,10,,0,2,7,16,A01
202000011703,1,10,,0,1,6,1,A01
202000011704,1,1,,0,1,1,1,A01
202000011705,1,10,,0,2,7,16,B01
202000011705,1,1,,0,2,1,7,A01
202000011706,2,10,,0,2,4,23,B01
202000011706,2,7,,0,2,4,23,C01
202000011706,2,10,,0,2,1,1,A01
202000011707,3,1,,0,1,1,1,A01
202000011708,1,10,,0,2,4,24,B01
202000011708,1,30,,0,2,1,13,A01
202000011709,1,1,,12,0,7,14,A01
202000011710,1,37,2.0,1,0,3,1,B01
202000011710,1,7,,0,2,2,22,A01
202000011711,1,2,,0,2,1,1,A01
202000011711,2,7,,0,2,3,15,B01
202000011712,1,7,,0,2,3,15,A01
202000011712,1,1,,0,2,1,1,B01
202000011713,2,30,,0,2,1,13,A01
202000011713,1,7,,0,2,1,1,B01
202000011714,2,7,,0,2,4,2,B01
202000011714,2,7,,0,2,1,2,A01
202000011714,2,7,,0,2,4,2,C01
202000011715,2,7,,0,2,2,26,A01
202000011715,-1,0,,0,2,8,19,Y01
202000011716,2,10,,0,2,2,1,A01
202000011716,1,0,,0,2,0,0,B01
202000011717,2,20,,15,1,1,9,A01
202000011718,2,7,,0,1,6,1,A01
202000011719,2,7,,0,1,2,1,A01
202000011720,2,33,,0,2,4,1,A01
202000011720,2,7,,0,2,4,1,B01
202000011721,1,31,,14,0,2,14,A01
202000011722,1,7,,0,2,1,19,A01
202000011722,0,7,,0,0,3,19,B01
202000011723,1,7,,0,1,2,1,A01
202000011724,1,1,,0,2,1,16,A01
202000011724,3,7,,0,2,1,23,B01
202000011725,2,7,,0,2,1,15,A01
202000011725,1,43,,0,2,8,0,B01
202000011726,1,7,,9,1,2,14,A01
202000011727,3,31,,0,2,8,1,B01
202000011727,1,7,,8,2,2,19,A01
202000011728,1,15,,2,0,8,13,A01
202000011729,1,7,,6,0,1,13,A01
202000011730,1,7,,0,2,6,15,A01
202000011730,2,2,,0,2,1,1,B01
202000011731,0,7,,5,0,9,0,A01
202000011732,2,7,,0,2,3,1,B01
202000011732,1,7,,0,2,3,0,A01
202000011733,1,7,,8,0,9,1,A01
202000011734,3,33,,0,0,0,1,A01
202000011735,2,7,,0,9,8,9,B01
202000011735,2,80,,0,2,1,1,A01
202000011736,1,7,,2,0,1,1,A01
202000011737,2,10,,0,9,3,13,A01
202000011737,2,1,,0,2,1,1,B01
202000011738,2,7,,13,9,3,1,B01
202000011738,1,14,,13,0,1,1,A01
202000011739,1,33,,16,0,0,14,A01
202000011740,2,15,,8,0,1,1,A01
202000011741,3,2,,0,2,1,5,A01
202000011741,3,7,,0,2,3,1,B01
202000011742,2,7,,2,0,1,1,A01
202000011743,2,7,,0,2,1,14,A01
202000011743,1,7,,0,2,3,1,B01
202000011744,3,10,,0,1,6,20,A01
202000011745,1,33,,13,0,1,17,A01
202000011746,2,7,,10,2,3,17,A01
202000011746,2,7,,0,2,3,1,B01
202000011747,1,15,,3,0,1,1,A01
202000011748,1,7,,0,2,9,1,B01
202000011748,0,7,,0,2,2,19,A01
202000011749,1,31,,8,2,8,1,C01
202000011749,1,7,,0,2,2,9,B01
202000011750,0,2,,0,0,0,0,A01
202000011751,3,7,,0,1,2,1,A01
202000011752,0,7,,0,2,1,26,B01
202000011752,0,7,,0,0,8,1,A01
202000011753,2,7,,0,2,2,1,B01
202000011753,1,10,,0,2,1,13,A01
202000011754,1,7,,2,0,9,13,A01
202000011755,2,7,,13,0,1,16,A01
202000011756,2,33,,0,1,2,13,A01
202000011757,2,7,,0,2,4,23,B01
202000011757,2,7,,0,2,1,2,A01
202000011758,1,7,,0,2,1,5,A01
202000011758,2,7,,0,2,1,1,B01
202000011759,-1,50,,0,2,3,15,B01
202000011759,-1,7,,0,2,3,1,A01
202000011760,3,1,,0,2,7,1,B01
202000011760,2,10,,0,2,1,9,A01
202000011761,3,7,,0,2,7,1,B01
202000011761,3,1,,0,2,8,9,A01
202000011762,2,2,,0,2,1,1,B01
202000011762,3,7,,0,2,3,9,A01
202000011763,3,32,,0,1,7,21,A01
202000011764,0,3,,0,2,1,16,B01
202000011764,0,7,,0,2,1,1,A01
202000011765,0,7,,0,2,4,1,B01
202000011765,0,7,,0,2,1,1,A01
202000011766,0,50,,0,1,1,25,A01
202000011767,0,7,,0,2,7,4,A01
202000011767,1,2,,0,2,1,17,B01
202000011768,2,7,,0,2,4,1,C01
202000011768,2,7,,0,2,5,1,B01
202000011768,2,7,,0,2,3,1,A01
202000011769,1,7,,0,2,8,16,B01
202000011769,1,14,,0,2,5,15,A01
202000011770,1,30,,0,2,1,0,A01
202000011770,2,7,,0,2,6,1,B01
202000011771,3,7,,0,4,7,15,A01
202000011771,3,40,,0,2,1,1,B01
202000011772,2,10,,0,2,1,1,A01
202000011772,1,1,,0,2,7,19,B01
202000011773,1,10,,1,0,1,13,A01
202000011774,1,7,,0,2,2,4,A01
202000011774,2,1,,0,2,3,1,B01
202000011775,1,32,,0,2,2,1,B01
202000011775,1,7,,0,2,3,9,A01
202000011776,1,7,,0,1,2,1,A01
202000011777,1,7,,14,0,1,1,A01
202000011778,1,7,,0,2,1,19,A01
202000011778,2,7,,0,2,3,1,B01
202000011779,1,30,,0,0,0,1,A01
202000011779,1,7,,0,0,0,23,B01
202000011780,1,10,,0,2,1,2,A01
202000011780,1,7,,0,2,4,2,B01
202000011781,2,10,,0,2,8,10,A01
202000011781,2,31,,0,2,6,2,B01
202000011782,1,7,,3,0,1,14,A01
202000011783,2,7,,0,1,2,0,A01
202000011784,1,7,,2,0,1,26,A01
202000011785,1,7,,0,2,6,15,B01
202000011785,1,33,,0,2,1,17,A01
202000011786,1,7,,0,2,7,1,B01
202000011786,2,7,,0,2,1,9,A01
202000011787,1,1,,0,2,4,1,B01
202000011787,2,7,,0,2,1,9,A01
202000011788,2,7,,4,0,2,14,A01
202000011789,2,7,,0,2,3,9,A01
202000011789,1,31,,0,2,7,1,B01
202000011790,1,7,,13,0,2,14,A01
202000011791,1,7,,0,1,2,1,A01
202000011792,1,7,,0,1,1,1,A01
202000011793,2,7,,1,0,0,1,A01
202000011794,1,7,,4,2,0,0,B01
202000011794,3,7,,0,2,0,0,A01
202000011795,3,7,,0,2,0,0,B01
202000011795,3,50,,0,2,0,1,A01
202000011796,3,1,,0,2,0,0,B01
202000011796,3,10,,0,9,0,0,A01
202000011797,-1,1,,0,2,0,0,B01
202000011797,3,10,,0,2,0,1,A01
202000011798,3,33,,0,2,0,0,B01
202000011798,3,7,,0,2,0,15,A01
202000011799,3,30,,0,0,0,1,A01
202000011800,2,7,,0,2,7,16,A01
202000011800,2,30,,0,2,1,18,B01
202000011801,2,31,,0,1,1,1,A01
202000011802,1,7,,0,1,2,1,A01
202000011803,2,7,,0,1,1,1,A01
202000011804,2,38,1.0,0,2,5,17,A01
202000011804,0,80,,0,2,3,13,B01
202000011805,0,7,,1,0,2,1,A01
202000011806,2,7,,0,2,3,1,A01
202000011806,1,7,,0,2,7,9,B01
202000011807,3,7,,0,1,3,15,A01
202000011808,0,10,,0,2,1,1,A01
202000011808,0,7,,0,2,8,1,B01
202000011809,1,2,,0,2,1,17,B01
202000011809,1,7,,0,2,3,15,A01
202000011810,3,7,,0,2,2,1,A01
202000011810,3,1,,0,2,4,1,B01
202000011811,2,40,,0,2,3,1,B01
202000011811,1,1,,0,4,3,15,A01
202000011812,2,7,,6,1,2,1,A01
202000011813,2,7,,0,2,3,13,A01
202000011813,1,99,,0,2,1,21,B01
202000011813,2,7,,0,2,3,1,C01
202000011814,1,7,,0,1,0,26,Z01
202000011815,1,2,,0,0,8,1,A01
202000011816,0,7,,0,1,2,1,A01
202000011817,2,30,,0,1,1,1,A01
202000011818,1,7,,0,2,3,1,A01
202000011818,1,2,,0,2,1,1,B01
202000011819,1,7,,0,1,2,1,A01
202000011820,1,7,,0,1,1,1,A01
202000011821,1,7,,0,2,4,1,A01
202000011821,1,7,,0,2,1,1,B01
202000011822,1,1,,0,2,8,1,B01
202000011822,1,10,,0,2,7,1,A01
202000011823,0,33,,0,2,1,26,A01
202000011823,0,7,,0,2,3,1,B01
202000011824,0,7,,14,0,1,1,A01
202000011825,0,7,,8,0,1,1,A01
202000011826,2,10,,0,2,8,15,B01
202000011826,2,7,,6,2,2,2,A01
202000011827,2,31,,0,1,1,1,A01
202000011828,2,33,,0,1,1,13,A01
202000011829,2,7,,0,2,3,13,A01
202000011829,1,10,,0,2,1,1,B01
202000011830,2,2,,0,2,1,1,B01
202000011830,1,7,,0,2,1,0,Z01
202000011831,3,31,,0,2,1,9,B01
202000011831,3,7,,0,2,3,9,A01
202000011832,1,7,,0,2,4,1,B01
202000011832,1,7,,0,2,4,1,C01
202000011832,1,7,,0,2,1,1,A01
202000011833,2,7,,0,1,1,1,A01
202000011834,1,7,,0,1,1,2,A01
202000011835,1,10,,0,2,8,9,A01
202000011835,3,31,,0,2,1,1,B01
202000011836,1,32,,0,2,1,1,B01
202000011836,1,7,,0,2,6,1,A01
202000011837,-1,3,,0,2,1,15,A01
202000011837,3,31,,0,2,1,1,B01
202000011838,3,7,,9,0,2,26,A01
202000011839,1,7,,0,2,8,11,A01
202000011839,1,7,,0,2,4,1,C01
202000011839,1,32,,0,2,2,3,B01
202000011840,1,33,,0,2,1,1,B01
202000011840,1,10,,0,2,2,1,A01
202000011841,1,32,,0,2,1,2,A01
202000011841,1,7,,0,2,5,14,B01
202000011842,1,7,,0,9,9,21,A01
202000011843,1,7,,0,2,2,17,A01
202000011843,1,50,,0,2,3,1,B01
202000011844,1,1,,1,1,1,1,A01
202000011845,2,33,,0,1,1,1,A01
202000011846,0,7,,0,2,8,22,Z01
202000011846,3,32,,0,2,2,17,A01
202000011847,1,1,,0,1,0,1,Z01
202000011848,2,7,,0,1,3,1,A01
202000011849,1,1,,0,1,8,1,A01
202000011850,2,1,,0,2,1,1,A01
202000011850,2,7,,0,2,4,15,B01
202000011851,1,30,,0,2,7,1,B01
202000011851,1,10,,0,2,8,10,A01
202000011852,2,7,,0,2,8,9,A01
202000011852,2,1,,0,2,1,1,B01
202000011853,2,1,,0,2,1,1,B01
202000011853,2,7,,0,2,2,16,A01
202000011854,3,7,,0,2,2,15,B01
202000011854,3,7,,0,2,3,1,A01
202000011855,2,1,,0,2,8,1,B01
202000011855,2,1,,0,2,7,13,A01
202000011856,1,10,,0,1,4,4,A01
202000011857,1,1,,0,2,1,1,B01
202000011857,2,1,,0,2,1,13,A01
202000011858,1,32,,0,2,2,2,B01
202000011858,1,7,,0,2,3,10,A01
202000011859,3,1,,0,1,2,13,A01
202000011860,1,30,,0,2,1,1,B01
202000011860,1,1,,0,2,2,15,A01
202000011861,1,1,,0,1,1,1,A01
202000011862,1,31,,0,2,2,1,B01
202000011862,1,10,,0,2,6,15,A01
202000011863,2,10,,0,2,3,15,A01
202000011863,2,33,,0,2,2,1,B01
202000011864,2,80,,12,0,1,13,A01
202000011865,1,7,,0,2,8,22,A01
202000011865,1,1,,0,2,1,2,B01
202000011866,2,10,,0,2,5,10,A01
202000011866,1,43,,0,2,1,2,B01
202000011867,2,32,,1,0,1,14,A01
202000011868,1,1,,0,2,1,1,A01
202000011868,2,1,,0,2,1,13,Z01
202000011869,1,7,,0,2,7,22,A01
202000011869,1,1,,0,2,1,18,B01
202000011870,1,1,,0,2,1,1,A01
202000011870,2,30,,0,2,1,13,Z01
202000011871,2,33,,0,2,7,1,A01
202000011871,3,7,,0,2,1,15,B01
202000011872,1,7,,0,1,7,26,A01
202000011873,1,10,,0,2,1,2,A01
202000011873,1,7,,0,2,4,2,B01
202000011874,1,10,,0,2,6,13,A01
202000011874,1,31,,0,2,3,17,B01
202000011875,1,7,,0,2,1,1,A01
202000011875,1,50,,0,2,8,19,B01
202000011876,2,7,,0,1,1,21,A01
202000011877,1,7,,12,0,0,13,A01
202000011878,3,7,,0,2,1,1,A01
202000011878,3,0,,0,2,8,9,B01
202000011879,-1,7,,0,2,1,19,B01
202000011879,3,7,,0,2,7,19,A01
202000011880,1,7,,0,2,2,19,A01
202000011880,2,7,,0,2,3,1,B01
202000011881,1,34,,1,2,1,2,B01
202000011881,1,10,,0,2,3,15,A01
202000011882,2,7,,0,0,1,19,A01
202000011882,2,14,,0,0,4,1,B01
202000011883,1,2,,0,2,1,2,RA01
202000011883,1,7,,0,2,4,2,B01
202000011884,1,7,,1,0,9,26,A01
202000011885,1,7,,0,1,5,4,A01
202000011886,0,1,,0,2,1,1,MV01
202000011886,0,7,,0,2,1,9,A01
202000011887,1,32,,0,0,0,0,B01
202000011887,1,7,,0,2,6,16,A01
202000011888,3,10,,0,2,1,21,A01
202000011888,-1,1,,0,2,6,1,B01
202000011889,1,37,3.0,0,2,2,1,B01
202000011889,1,10,,0,2,3,16,A01
202000011890,2,33,,0,2,6,15,A01
202000011890,2,30,,0,2,1,14,B01
202000011891,1,2,,0,2,1,1,B01
202000011891,2,7,,0,2,2,15,A01
202000011892,3,7,,0,2,3,9,A01
202000011892,3,1,,0,2,1,1,B01
202000011893,1,30,,1,0,1,26,A01
202000011894,1,7,,0,2,3,1,B01
202000011894,3,1,,0,2,3,1,A01
202000011895,1,7,,0,2,5,1,A01
202000011895,1,2,,0,0,0,0,B01
202000011896,3,99,,0,0,0,26,A01
202000011897,2,7,,0,2,4,2,B01
202000011897,2,33,,0,2,1,2,A01
202000011898,-1,7,,0,2,0,0,C01
202000011898,-1,7,,0,2,0,0,B01
202000011898,-1,30,,0,2,1,13,A01
202000011899,2,31,,0,0,0,0,A01
202000011899,2,7,,0,0,0,0,B01
202000011900,2,60,,0,2,0,19,Y01
202000011900,2,10,,0,2,3,1,A01
202000011901,1,7,,0,2,4,2,B01
202000011901,1,7,,0,2,2,17,A01
202000011902,3,7,,9,2,2,1,B01
202000011902,3,7,,9,2,3,1,A01
202000011903,2,2,,0,2,1,1,B01
202000011903,1,7,,0,2,3,17,A01
202000011903,2,7,,0,2,8,1,C01
202000011904,3,2,,0,0,4,24,B01
202000011904,2,13,,1,2,2,14,A01
202000011905,1,7,,1,0,3,1,A01
202000011905,1,7,,14,2,4,23,B01
202000011905,1,7,,1,2,4,23,C01
202000011905,1,7,,0,2,4,23,D01
202000011906,3,7,,0,2,5,4,B01
202000011906,3,2,,0,2,1,1,A01
202000011907,1,34,,0,0,2,14,A01
202000011908,2,7,,6,0,3,1,A01
202000011909,1,7,,0,2,4,0,A01
202000011909,1,7,,0,2,1,0,B01
202000011910,3,7,,0,2,6,15,A01
202000011910,2,2,,0,2,1,1,B01
202000011911,3,33,,14,0,1,1,A01
202000011912,1,7,,0,2,4,9,B01
202000011912,1,7,,0,2,1,9,A01
202000011913,1,7,,0,2,6,9,B01
202000011913,1,15,,0,2,2,12,A01
202000011914,1,7,,7,2,2,1,A01
202000011914,1,7,,0,2,1,1,B01
202000011915,1,7,,0,2,2,1,A01
202000011915,1,7,,0,2,4,2,B01
202000011916,1,2,,2,0,1,1,A01
202000011917,0,2,,0,0,0,1,A01
202000011918,2,7,,0,2,8,1,B01
202000011918,2,15,,0,2,7,12,A01
202000011919,2,7,,0,1,2,1,A01
202000011920,1,7,,0,0,3,2,A01
202000011921,2,7,,0,0,4,23,B01
202000011921,2,7,,0,2,1,1,A01
202000011922,1,15,,0,2,3,1,B01
202000011922,0,7,,0,0,6,15,A01
202000011923,1,7,,0,2,7,0,B01
202000011923,1,15,,0,2,8,1,A01
202000011924,1,7,,6,0,3,2,A01
202000011925,1,7,,4,2,1,14,A01
202000011925,1,7,,0,2,3,1,B01
202000011926,2,7,,5,0,1,0,A01
202000011927,1,15,,0,2,3,5,B01
202000011927,2,7,,0,2,3,5,A01
202000011928,3,30,,0,2,8,16,B01
202000011928,3,7,,0,2,3,15,A01
202000011929,0,1,,0,2,2,1,B01
202000011929,0,7,,0,2,2,15,A01
202000011930,1,10,,0,2,3,1,B01
202000011930,1,10,,4,2,0,13,A01
202000011931,1,2,,0,2,8,15,A01
202000011931,1,2,,0,2,1,17,B01
202000011932,2,1,,0,0,8,1,A01
202000011933,2,7,,0,2,4,2,B01
202000011933,2,10,,0,2,1,2,A01
202000011933,2,7,,0,2,4,2,C01
202000011933,2,7,,0,2,4,2,D01
202000011934,1,33,,0,2,1,1,B01
202000011934,1,33,,3,0,1,1,A01
202000011935,2,7,,0,2,2,1,A01
202000011935,2,2,,0,2,1,1,B01
202000011936,2,1,,0,0,0,1,A01
202000011936,2,21,,0,0,0,1,B01
202000011937,1,7,,2,0,3,13,A01
202000011938,1,2,,0,0,0,1,A01
202000011939,2,7,,0,2,1,0,B01
202000011939,1,7,,14,2,1,16,A01
202000011940,1,33,,0,2,2,17,A01
202000011940,1,14,,0,2,8,15,B01
202000011941,3,7,,0,2,1,1,B01
202000011941,3,7,,0,2,2,1,A01
202000011942,2,33,,13,0,0,1,A01
202000011943,1,7,,0,2,0,0,B01
202000011943,1,2,,0,2,3,1,A01
202000011944,1,7,,0,0,1,0,A01
202000011945,1,7,,3,0,1,17,A01
202000011946,1,7,,0,1,2,11,A01
202000011947,1,33,,0,2,1,2,A01
202000011947,1,7,,0,2,5,2,B01
202000011948,1,7,,14,0,3,13,A01
202000011949,3,1,,0,2,7,1,B01
202000011949,3,7,,0,9,1,9,A01
202000011950,2,2,,0,0,8,1,A01
202000011951,2,7,,4,0,3,13,A01
202000011952,1,33,,4,0,7,14,A01
202000011953,2,32,,0,2,1,21,A01
202000011953,1,1,,0,2,1,21,B01
202000011954,1,10,,0,0,2,26,A01
202000011954,1,7,,0,2,5,2,B01
202000011955,3,1,,0,1,1,21,A01
202000011956,2,7,,0,0,5,1,B01
202000011956,2,7,,0,2,3,1,A01
202000011957,1,33,,0,2,1,16,A01
202000011957,1,7,,0,2,1,21,B01
202000011958,3,7,,13,2,3,1,B01
202000011958,3,7,,0,2,3,13,A01
202000011959,3,7,,0,2,7,1,A01
202000011959,3,7,,0,2,1,1,B01
202000011960,1,7,,0,1,3,2,A01
202000011961,2,2,,0,2,8,1,B01
202000011961,2,10,,0,2,3,15,A01
202000011962,2,1,,0,0,9,1,A01
202000011963,1,7,,0,1,1,15,A01
202000011964,1,7,,9,1,1,13,A01
202000011965,2,7,,13,0,1,14,A01
202000011966,0,7,,0,1,4,4,A01
202000011967,1,7,,0,2,1,15,A01
202000011967,1,50,,0,2,8,0,B01
202000011968,2,31,,0,1,1,17,A01
202000011969,1,7,,0,1,3,1,A01
202000011970,1,34,,0,1,4,23,B01
202000011970,2,10,,0,2,1,2,A01
202000011971,0,32,,0,2,8,1,B01
202000011971,0,7,,0,2,2,26,A01
202000011972,3,7,,0,2,1,1,B01
202000011972,3,1,,0,2,3,19,A01
202000011973,1,7,,8,2,1,6,B01
202000011973,1,7,,0,2,4,1,A01
202000011974,2,33,,0,2,1,1,B01
202000011974,2,7,,0,2,8,10,A01
202000011975,3,33,,7,0,3,1,A01
202000011976,0,7,,0,2,1,1,B01
202000011976,0,7,,0,2,1,13,A01
202000011977,2,7,,6,0,1,16,A01
202000011978,3,7,,0,2,1,1,B01
202000011978,3,7,,0,2,1,13,A01
202000011979,2,3,,0,2,3,13,A01
202000011979,1,7,,0,2,3,21,B01
202000011980,0,80,,0,2,1,19,C01
202000011980,0,7,,0,9,7,1,B01
202000011981,3,7,,2,0,1,1,A01
202000011982,3,31,,8,0,1,1,A01
202000011983,1,7,,0,1,7,1,A01
202000011984,3,7,,0,1,2,1,A01
202000011985,1,7,,9,2,1,5,A01
202000011985,2,7,,0,2,1,1,B01
202000011986,1,32,,0,2,1,1,B01
202000011986,1,30,,0,2,8,15,A01
202000011987,2,7,,4,0,1,1,A01
202000011988,2,7,,0,2,6,1,C01
202000011988,1,7,,0,2,8,1,B01
202000011988,1,7,,0,2,2,17,A01
202000011989,2,33,,0,2,1,3,D01
202000011989,2,7,,0,2,1,2,C01
202000011989,2,7,,0,2,1,2,B01
202000011989,2,7,,0,2,4,2,A01
202000011990,1,7,,0,2,1,11,A01
202000011990,2,99,,0,2,3,15,B01
202000011991,2,7,,0,1,2,0,Z01
202000011992,1,7,,0,2,1,2,A01
202000011992,1,7,,0,2,4,1,B01
202000011992,1,7,,0,2,4,1,C01
202000011993,1,7,,13,0,0,0,A01
202000011994,2,7,,0,2,4,1,B01
202000011994,2,7,,0,2,1,1,A01
202000011994,2,7,,0,2,6,1,C01
202000011995,1,2,,0,2,1,17,B01
202000011995,2,7,,0,2,3,19,A01
202000011996,2,7,,0,2,0,2,B01
202000011996,2,7,,0,2,3,21,A01
202000011996,2,7,,0,2,4,1,C01
202000011997,1,7,,0,1,1,15,A01
202000011998,2,7,,0,2,1,1,A01