Num_Acc,senc,catv,occutc,obs,obsm,choc,manv,num_veh
202000011998,2,7,,0,2,4,23,B01
202000011999,1,7,,0,2,1,1,B01
202000011999,2,7,,0,2,7,13,A01
202000012000,2,7,,0,2,8,1,C01
202000012000,1,7,,0,2,3,1,B01
202000012000,2,7,,0,2,3,17,A01
202000012001,1,33,,9,4,1,1,A01
202000012002,1,7,,0,2,8,13,A01
202000012002,2,7,,0,2,8,1,B01
202000012003,1,40,,0,1,3,1,A01
202000012004,2,7,,0,2,4,23,C01
202000012004,2,7,,0,2,1,2,A01
202000012004,2,7,,0,2,4,23,B01
202000012005,3,7,,0,2,8,1,A01
202000012005,3,7,,0,2,1,15,C01
202000012005,3,7,,0,2,3,1,B01
202000012006,2,2,,0,0,7,1,A01
202000012007,0,7,,0,2,3,1,B01
202000012007,0,7,,14,2,2,14,A01
202000012008,2,7,,0,2,1,9,A01
202000012008,1,2,,0,2,7,1,B01
202000012009,2,7,,0,2,7,1,B01
202000012009,2,30,,0,2,1,19,A01
202000012010,1,7,,0,1,2,1,A01
202000012011,2,34,,9,1,0,18,A01
202000012012,2,7,,0,2,7,1,B01
202000012012,2,43,,0,2,8,3,A01
202000012013,3,7,,0,2,4,1,B01
202000012013,3,7,,0,2,1,26,A01
202000012014,2,7,,9,0,1,26,A01
202000012015,2,1,,0,9,1,21,A01
202000012016,1,34,,0,2,7,1,A01
202000012016,2,7,,0,2,1,1,B01
202000012017,2,2,,0,2,2,13,B01
202000012017,1,7,,0,2,3,15,A01
202000012018,1,7,,0,2,0,15,Z01
202000012018,2,31,,0,2,0,1,A01
202000012019,2,7,,0,2,7,1,A01
202000012019,1,7,,0,2,1,1,B01
202000012020,3,7,,0,2,3,1,A01
202000012020,3,7,,0,2,5,23,C01
202000012020,3,1,,0,2,4,23,B01
202000012021,1,7,,0,2,5,13,A01
202000012021,2,31,,0,2,1,1,B01
202000012022,2,7,,0,1,2,1,A01
202000012023,2,7,,0,2,3,1,A01
202000012023,1,7,,0,2,1,1,B01
202000012024,1,7,,0,1,2,1,A01
202000012025,1,50,,12,0,1,14,A01
202000012026,3,7,,0,2,5,23,A01
202000012026,3,7,,0,2,0,0,B01
202000012027,1,34,,8,0,3,17,A01
202000012028,0,7,,0,2,3,1,B01
202000012028,0,2,,0,2,1,9,A01
202000012029,1,10,,0,2,0,16,B01
202000012029,2,50,,0,2,1,8,A01
202000012030,1,2,,0,2,1,1,B01
202000012030,0,7,,0,2,0,0,A01
202000012031,1,7,,0,2,0,15,A01
202000012031,1,1,,0,2,0,1,B01
202000012032,0,7,,0,1,2,19,A01
202000012033,0,31,,0,2,1,26,A01
202000012033,2,7,,0,2,6,15,B01
202000012034,0,50,,0,2,1,5,A01
202000012034,0,7,,0,2,2,1,B01
202000012035,2,7,,0,1,3,15,A01
202000012036,2,7,,0,2,1,13,B01
202000012036,1,7,,0,2,1,1,A01
202000012037,0,7,,6,0,1,26,A01
202000012038,3,7,,0,2,1,1,A01
202000012038,3,7,,0,2,8,1,B01
202000012039,0,7,,0,2,2,16,A01
202000012039,0,30,,0,2,2,1,B01
202000012040,1,7,,0,0,4,1,B01
202000012040,1,7,,0,2,1,1,A01
202000012041,2,1,,0,2,4,23,B01
202000012041,2,7,,0,2,1,26,A01
202000012042,2,7,,14,0,1,1,A01
202000012042,3,7,,1,0,0,0,B01
202000012043,1,7,,6,0,9,26,A01
202000012044,1,7,,0,2,1,1,A01
202000012044,1,7,,0,2,4,23,B01
202000012044,2,7,,0,2,8,19,C01
202000012045,1,7,,3,0,1,13,A01
202000012046,2,7,,0,2,1,0,A01
202000012046,2,7,,0,0,4,23,B01
202000012047,2,7,,0,2,3,1,B01
202000012047,1,34,,0,2,3,5,A01
202000012048,0,7,,0,2,3,15,A01
202000012048,0,7,,15,2,8,1,B01
202000012049,3,7,,0,2,2,19,A01
202000012049,1,7,,0,2,3,1,B01
202000012050,1,7,,0,2,1,1,B01
202000012050,2,7,,0,2,2,1,A01
202000012051,1,7,,13,0,9,15,A01
202000012052,1,7,,0,2,7,1,A01
202000012052,1,2,,0,2,1,0,B01
202000012053,1,7,,0,2,2,10,A01
202000012053,1,1,,0,2,1,7,B01
202000012054,2,7,,0,2,3,13,A01
202000012054,1,7,,0,2,1,16,B01
202000012055,1,7,,0,1,2,15,A01
202000012056,2,7,,0,1,4,4,A01
202000012057,2,7,,4,0,6,1,B01
202000012057,2,7,,0,2,2,14,A01
202000012058,3,33,,6,0,1,1,A01
202000012059,2,7,,0,2,7,17,B01
202000012059,2,31,,0,2,3,1,A01
202000012060,3,7,,0,2,6,5,A01
202000012060,3,10,,0,2,6,1,B01
202000012060,3,7,,0,9,1,1,C01
202000012061,2,7,,0,2,2,17,A01
202000012061,2,2,,0,2,4,2,B01
202000012062,1,7,,0,0,0,1,A01
202000012063,3,35,,13,0,9,26,A01
202000012064,1,7,,6,0,1,1,A01
202000012065,2,7,,0,2,3,0,A01
202000012065,1,7,,0,2,3,0,B01
202000012066,2,1,,0,0,9,0,A01
202000012067,1,32,,0,2,7,17,B01
202000012067,1,10,,0,2,8,15,A01
202000012068,2,15,,0,2,5,1,B01
202000012068,1,1,,0,2,2,14,A01
202000012069,1,36,,13,0,1,15,A01
202000012070,2,2,,0,2,4,1,B01
202000012070,2,7,,0,2,1,1,A01
202000012071,2,7,,0,1,3,15,A01
202000012072,1,31,,0,0,8,1,A01
202000012073,2,7,,0,2,3,0,B01
202000012073,1,7,,0,2,3,0,A01
202000012074,2,33,,0,0,8,1,A01
202000012075,2,7,,10,0,1,14,A01
202000012076,1,7,,2,0,2,1,A01
202000012077,1,7,,14,0,0,1,A01
202000012078,1,7,,0,2,7,17,B01
202000012078,1,30,,0,2,8,2,A01
202000012079,1,33,,0,2,2,3,B01
202000012079,1,7,,0,2,3,15,A01
202000012080,2,7,,2,0,3,1,A01
202000012081,1,17,,0,2,2,1,B01
202000012081,2,7,,0,2,1,13,A01
202000012082,1,2,,0,0,8,1,A01
202000012083,1,7,,0,0,0,0,A01
202000012084,3,2,,13,0,7,1,A01
202000012084,3,7,,0,0,0,13,B01
202000012085,1,7,,6,0,1,1,A01
202000012086,2,7,,2,0,2,1,A01
202000012087,1,7,,6,0,1,1,A01
202000012088,1,33,,2,0,0,14,A01
202000012089,1,33,,4,0,2,15,A01
202000012090,1,7,,2,0,3,13,A01
202000012091,1,33,,6,0,3,16,A01
202000012092,1,33,,16,0,0,1,A01
202000012093,1,7,,0,2,1,2,C01
202000012093,1,7,,0,2,9,2,B01
202000012093,1,7,,0,0,4,2,A01
202000012094,1,7,,7,0,1,6,A01
202000012095,1,7,,7,0,1,1,A01
202000012096,2,33,,8,0,1,1,A01
202000012097,2,33,,0,0,7,17,B01
202000012097,2,7,,0,2,0,13,A01
202000012098,1,7,,0,2,3,1,B01
202000012098,2,7,,0,2,3,13,A01
202000012099,2,2,,6,0,1,1,A01
202000012100,1,7,,15,0,9,1,A01
202000012101,0,7,,0,2,3,1,B01
202000012101,0,7,,0,2,3,13,A01
202000012102,1,7,,0,2,2,11,A01
202000012102,1,15,,0,0,6,1,B01
202000012103,2,7,,0,2,7,17,A01
202000012103,1,7,,0,2,1,5,B01
202000012104,2,7,,0,0,4,1,A01
202000012104,2,1,,0,2,1,1,B01
202000012105,1,7,,0,2,1,2,A01
202000012105,1,7,,4,0,4,2,B01
202000012106,1,7,,0,2,4,1,D01
202000012106,1,7,,0,2,1,2,C01
202000012106,1,7,,0,0,5,1,B01
202000012106,1,7,,0,2,1,0,A01
202000012107,2,7,,0,2,2,21,B01
202000012107,1,7,,0,0,4,11,A01
202000012108,1,7,,0,2,5,1,A01
202000012108,1,7,,0,2,3,12,B01
202000012109,2,30,,0,0,8,14,A01
202000012110,1,33,,0,2,1,17,B01
202000012110,1,20,,0,0,8,15,A01
202000012111,0,7,,0,2,1,1,A01
202000012111,0,7,,0,0,8,9,B01
202000012112,2,7,,0,2,1,1,A01
202000012112,1,33,,0,2,1,13,B01
202000012113,0,7,,0,1,1,1,A01
202000012114,2,33,,0,0,8,24,A01
202000012115,2,7,,13,0,4,2,B01
202000012115,2,10,,0,2,2,2,A01
202000012116,1,7,,0,0,3,15,A01
202000012116,2,33,,0,2,1,1,B01
202000012117,3,7,,9,9,2,1,A01
202000012118,1,7,,0,2,3,11,B01
202000012118,2,7,,0,2,8,1,A01
202000012119,2,7,,13,0,9,1,A01
202000012120,2,31,,0,0,1,1,A01
202000012121,2,7,,0,2,1,5,A01
202000012121,1,7,,0,0,1,1,B01
202000012122,3,7,,0,2,3,19,A01
202000012122,1,33,,0,2,2,1,B01
202000012123,2,7,,13,0,1,17,A01
202000012124,1,33,,0,1,7,1,A01
202000012125,1,7,,3,0,2,2,A01
202000012126,2,33,,0,0,3,17,A01
202000012127,1,7,,0,2,1,2,C01
202000012127,1,7,,0,2,4,2,B01
202000012127,1,7,,0,2,4,2,A01
202000012128,1,10,,0,2,2,11,A01
202000012129,1,33,,0,2,7,0,A01
202000012129,1,7,,0,2,6,1,B01
202000012130,2,7,,0,2,1,2,A01
202000012130,2,7,,0,2,4,2,B01
202000012130,2,7,,0,2,4,2,C01
202000012131,2,7,,0,2,4,2,B01
202000012131,2,7,,0,2,1,2,A01
202000012132,2,7,,3,0,2,14,A01
202000012133,1,7,,4,0,3,11,A01
202000012134,1,7,,0,2,1,1,A01
202000012134,1,7,,0,2,4,2,B01
202000012135,1,7,,3,0,2,14,A01
202000012136,2,7,,0,0,9,14,A01
202000012137,1,7,,4,0,2,1,A01
202000012138,2,31,,4,0,0,13,A01
202000012139,1,7,,4,0,3,1,A01
202000012140,1,7,,4,0,2,14,A01
202000012141,1,7,,13,0,1,26,A01
202000012142,3,10,,0,1,4,4,A01
202000012143,3,20,,0,2,8,0,B01
202000012143,3,7,,15,0,7,0,A01
202000012144,0,7,,0,2,1,0,D01
202000012144,0,7,,0,2,1,0,C01
202000012144,0,7,,0,0,4,0,B01
202000012144,0,7,,0,0,4,1,A01
202000012145,1,37,1.0,0,1,8,15,A01
202000012146,2,31,,0,2,1,1,B01
202000012146,1,7,,0,2,2,15,A01
202000012147,1,7,,0,1,1,19,A01
202000012148,1,7,,1,1,1,14,A01
202000012149,1,1,,0,2,6,1,B01
202000012149,1,7,,0,9,2,1,A01
202000012150,2,7,,0,2,1,15,A01
202000012150,1,7,,0,2,1,1,B01
202000012151,2,14,,0,2,3,16,A01
202000012151,1,2,,0,2,1,1,B01
202000012152,2,7,,0,0,1,23,B01
202000012152,1,7,,1,1,4,26,A01
202000012153,1,7,,1,1,2,2,A01
202000012154,1,7,,0,2,3,13,A01
202000012154,1,7,,0,0,3,1,B01
202000012154,1,7,,0,0,6,16,C01
202000012155,3,7,,0,2,7,1,A01
202000012155,3,7,,0,2,1,1,B01
202000012156,1,7,,0,2,3,1,A01
202000012156,1,15,,10,0,8,23,B01
202000012157,2,7,,0,2,1,1,A01
202000012157,2,7,,0,0,4,15,B01
202000012158,2,7,,16,0,9,14,A01
202000012159,3,20,,0,1,5,1,A01
202000012160,0,7,,13,0,1,1,A01
202000012161,1,7,,0,1,7,1,A01
202000012162,2,7,,0,2,1,1,A01
202000012162,1,7,,3,2,0,1,B01
202000012163,1,2,,15,2,1,1,B01
202000012163,1,7,,0,2,3,1,A01
202000012164,3,7,,0,1,1,1,A01
202000012165,2,7,,8,0,1,1,A01
202000012166,2,7,,6,0,1,1,A01
202000012167,2,7,,13,0,2,1,A01
202000012168,1,7,,0,2,1,1,B01
202000012168,2,7,,0,2,1,0,A01
202000012169,1,7,,0,1,4,4,A01
202000012170,2,2,,0,0,8,1,A01
202000012171,3,7,,0,1,2,1,A01
202000012172,3,7,,0,1,4,26,A01
202000012173,1,7,,9,0,3,1,A01
202000012174,2,34,,0,2,1,1,A01
202000012175,2,7,,0,1,1,1,A01
202000012176,1,7,,0,2,2,1,B01
202000012176,3,7,,0,2,3,19,A01
202000012177,2,10,,0,2,8,21,A01
202000012177,2,7,,0,2,0,9,B01
202000012177,2,99,,0,2,7,2,C01
202000012178,1,7,,4,0,9,2,A01
202000012179,1,7,,16,0,9,1,A01
202000012180,1,7,,0,2,3,1,C01
202000012180,1,7,,0,2,7,1,B01
202000012180,1,7,,0,2,8,13,Z01
202000012181,1,7,,0,9,1,0,A01
202000012182,2,30,,0,2,1,1,A01
202000012182,2,7,,0,2,4,23,B01
202000012183,1,31,,0,2,2,1,B01
202000012183,2,7,,0,2,8,1,A01
202000012184,2,7,,0,2,4,23,B01
202000012184,2,7,,1,0,1,1,A01
202000012185,1,7,,0,2,1,1,A01
202000012185,3,7,,0,2,1,0,D01
202000012185,1,7,,0,2,1,1,C01
202000012185,3,7,,0,2,4,0,B01
202000012186,2,31,,1,2,1,21,B01
202000012186,3,1,,0,2,2,21,A01
202000012187,3,99,,0,1,2,15,A01
202000012188,3,10,,0,2,3,16,A01
202000012188,3,2,,0,2,1,1,B01
202000012189,1,10,,0,2,1,15,A01
202000012189,2,34,,0,2,1,1,B01
202000012190,1,10,,0,2,4,23,C01
202000012190,1,10,,0,2,1,1,A01
202000012190,1,7,,0,2,4,1,B01
202000012191,1,7,,13,0,1,1,A01
202000012192,-1,37,1.0,0,2,1,15,B01
202000012192,-1,7,,0,2,1,1,A01
202000012193,1,2,,0,2,3,1,B01
202000012193,1,7,,0,2,2,1,A01
202000012194,1,30,,0,1,1,1,A01
202000012195,1,7,,2,0,3,1,A01
202000012196,2,7,,0,1,3,1,A01
202000012197,1,10,,0,2,4,23,B01
202000012197,1,10,,1,0,1,1,A01
202000012198,0,13,,0,1,6,16,A01
202000012199,2,7,,0,2,1,15,A01
202000012199,1,33,,0,2,1,2,B01
202000012200,2,7,,4,0,1,14,A01
202000012201,3,10,,0,2,1,1,A01
202000012201,0,7,,0,2,1,1,B01
202000012202,1,7,,9,0,2,1,A01
202000012203,2,7,,13,0,1,1,A01
202000012204,2,99,,0,2,8,1,B01
202000012204,1,7,,8,0,3,1,A01
202000012205,1,2,,0,2,1,1,B01
202000012205,1,7,,0,2,2,9,A01
202000012206,1,34,,14,0,1,14,A01
202000012207,3,7,,12,0,1,9,A01
202000012208,1,10,,8,0,1,13,A01
202000012209,2,32,,0,2,1,1,B01
202000012209,2,7,,0,2,8,9,A01
202000012210,1,7,,2,0,2,0,A01
202000012211,2,7,,2,0,3,13,A01
202000012212,1,7,,0,1,5,24,B01
202000012212,1,7,,0,2,2,2,A01
202000012213,2,7,,0,2,1,13,A01
202000012213,1,7,,0,2,1,1,B01
202000012214,2,36,,0,2,1,1,B01
202000012214,1,7,,0,2,1,1,A01
202000012215,1,7,,0,1,7,2,A01
202000012216,1,2,,0,0,0,1,A01
202000012217,2,7,,2,0,1,0,A01
202000012218,3,3,,0,2,3,13,A01
202000012218,3,7,,0,2,3,1,B01
202000012219,2,2,,0,0,1,1,A01
202000012220,1,7,,13,9,1,1,A01
202000012221,3,7,,6,1,1,20,A01
202000012222,2,7,,7,0,0,1,A01
202000012223,1,7,,13,0,3,13,A01
202000012224,0,7,,14,0,3,13,A01
202000012225,1,7,,0,1,7,1,A01
202000012226,2,7,,0,0,0,2,A01
202000012226,2,7,,0,0,4,23,C01
202000012226,2,7,,0,2,7,2,B01
202000012227,1,7,,0,2,2,14,A01
202000012227,1,7,,0,2,6,1,B01
202000012228,1,7,,0,2,1,2,D01
202000012228,1,7,,0,0,4,2,C01
202000012228,1,7,,0,2,1,2,B01
202000012228,1,7,,0,2,1,2,A01
202000012229,1,7,,3,0,2,1,E01
202000012229,1,7,,0,0,6,1,C01
202000012229,1,7,,0,2,2,1,D01
202000012229,1,7,,0,2,1,1,B01
202000012229,1,7,,3,2,1,1,A01
202000012230,1,7,,0,1,3,1,A01
202000012231,1,7,,8,0,8,0,A01
202000012232,2,7,,8,0,7,15,A01
202000012232,2,7,,14,0,1,1,B01
202000012233,3,7,,0,1,1,1,A01
202000012234,2,7,,3,0,1,26,A01
202000012235,3,7,,2,0,1,1,A01
202000012236,2,7,,0,2,3,15,A01
202000012236,1,7,,0,0,1,1,B01
202000012237,1,7,,17,0,0,1,A01
202000012238,1,7,,6,0,2,2,A01
202000012239,2,7,,4,0,1,14,A01
202000012240,1,7,,0,2,1,1,A01
202000012240,1,7,,0,2,4,2,B01
202000012240,1,7,,0,2,4,2,C01
202000012241,2,7,,0,2,4,2,D01
202000012241,2,7,,0,2,4,1,C01
202000012241,2,7,,0,2,4,2,B01
202000012241,2,7,,0,2,1,2,A01
202000012242,1,7,,4,0,1,2,A01
202000012243,2,7,,0,1,0,26,A01
202000012244,2,7,,0,2,4,2,B01
202000012244,2,7,,0,2,1,2,A01
202000012245,2,10,,0,0,9,17,A01
202000012246,1,7,,0,2,2,2,A01
202000012246,1,7,,0,2,3,2,B01
202000012247,2,15,,0,2,7,17,A01
202000012247,2,7,,0,2,8,1,B01
202000012248,2,10,,0,2,1,2,A01
202000012248,2,7,,0,2,8,2,C01
202000012248,2,7,,0,2,4,2,D01
202000012248,2,7,,0,2,4,0,B01
202000012249,1,7,,0,2,3,1,A01
202000012250,2,7,,8,0,1,14,A01
202000012251,1,30,,7,0,1,1,A01
202000012252,1,32,,6,0,1,13,A01
202000012253,1,31,,0,9,8,9,A01
202000012253,1,2,,0,9,7,1,B01
202000012254,1,3,,0,2,1,15,A01
202000012254,3,2,,0,2,1,19,B01
202000012255,3,7,,9,0,0,15,A01
202000012256,2,7,,0,2,3,23,D01
202000012256,1,7,,0,2,1,1,A01
202000012256,1,7,,0,2,4,1,B01
202000012256,1,7,,0,2,6,1,C01
202000012257,1,7,,0,2,4,1,B01
202000012257,1,37,1.0,0,2,1,19,A01
202000012258,1,7,,8,2,2,15,A01
202000012258,1,7,,8,2,6,15,B01
202000012258,1,7,,0,2,0,1,C01
202000012259,1,7,,0,1,2,1,A01
202000012260,3,7,,0,2,1,2,A01
202000012260,3,7,,0,2,4,2,B01
202000012261,2,33,,0,2,1,1,B01
202000012261,1,7,,0,2,8,15,A01
202000012262,3,7,,0,9,2,1,B01
202000012262,3,1,,0,2,2,26,A01
202000012263,2,33,,0,2,2,26,B01
202000012263,1,7,,1,2,1,13,A01
202000012264,2,7,,0,2,2,1,B01
202000012264,0,7,,0,2,3,5,A01
202000012265,1,7,,0,1,1,1,A01
202000012266,1,7,,0,2,1,13,A01
202000012266,2,7,,0,2,2,1,B01
202000012267,2,7,,0,1,2,1,A01
202000012268,2,7,,0,2,2,15,A01
202000012268,1,10,,0,2,5,1,B01
202000012269,1,7,,0,2,4,2,D01
202000012269,1,7,,0,2,4,2,C01
202000012269,1,7,,0,2,4,2,B01
202000012269,1,7,,0,2,1,2,A01
202000012270,0,7,,0,1,4,26,A01
202000012271,3,33,,6,0,1,0,A01
202000012272,1,30,,0,2,7,1,A01
202000012272,1,0,,0,2,0,0,Z01
202000012273,1,7,,0,2,8,26,A01
202000012273,1,30,,0,2,1,1,B01
202000012274,1,7,,0,2,6,11,A01
202000012274,1,33,,0,2,1,3,B01
202000012275,2,3,,11,0,3,13,A01
202000012276,1,7,,0,2,5,23,B01
202000012276,1,30,,0,2,1,1,A01
202000012277,1,7,,0,1,1,1,A01
202000012278,2,7,,0,2,4,4,A01
202000012278,2,1,,0,2,1,23,B01
202000012279,1,7,,0,2,6,24,A01
202000012279,1,1,,0,2,1,1,B01
202000012280,1,2,,0,2,1,17,B01
202000012280,1,7,,0,2,3,23,A01
202000012281,2,33,,0,0,8,1,A01
202000012282,1,7,,0,1,4,20,A01
202000012283,0,30,,0,0,0,1,A01
202000012284,2,10,,4,0,1,1,A01
202000012285,2,30,,0,0,3,26,A01
202000012286,3,7,,0,1,5,4,A01
202000012287,1,7,,0,2,3,19,A01
202000012287,1,7,,0,0,5,1,B01
202000012288,1,33,,0,0,4,26,A01
202000012288,1,7,,0,2,1,26,B01
202000012289,1,7,,0,1,1,15,A01
202000012290,1,7,,0,2,1,1,B01
202000012290,2,7,,0,2,1,13,A01
202000012291,1,7,,0,2,1,0,A01
202000012291,2,7,,0,2,1,0,B01
202000012292,1,7,,0,2,1,2,A01
202000012292,1,7,,0,2,4,2,B01
202000012293,1,7,,2,0,3,0,A01
202000012294,3,7,,0,1,2,1,A01
202000012295,1,7,,0,2,2,1,B01
202000012295,0,2,,0,2,1,15,A01
202000012296,1,7,,2,0,1,14,A01
202000012297,1,7,,0,2,1,1,B01
202000012297,2,7,,0,2,2,15,A01
202000012298,0,7,,0,2,2,9,A01
202000012298,0,7,,1,2,3,1,B01
202000012298,-1,7,,0,0,-1,23,D01
202000012299,2,7,,0,1,1,19,A01
202000012300,2,7,,0,2,2,1,B01
202000012300,2,7,,0,2,1,26,A01
202000012301,1,7,,0,1,1,1,A01
202000012302,1,7,,0,2,3,13,A01
202000012302,2,7,,0,0,3,1,B01
202000012303,2,7,,1,0,1,1,C01
202000012303,2,7,,0,2,1,2,A01
202000012303,2,7,,0,0,4,2,B01
202000012304,1,17,,0,0,4,1,B01
202000012304,1,7,,3,2,1,2,A01
202000012305,2,2,,0,0,0,13,A01
202000012306,0,7,,0,0,0,0,A01
202000012307,1,7,,13,0,4,1,B01
202000012307,1,7,,0,2,2,14,A01
202000012308,2,7,,15,0,2,1,A01
202000012309,1,7,,0,2,2,26,A01
202000012309,2,7,,0,2,1,1,B01
202000012310,3,31,,0,0,0,0,A01
202000012311,2,80,,6,1,1,1,A01
202000012312,1,7,,8,0,1,14,A01
202000012313,2,7,,0,1,3,15,A01
202000012314,2,7,,0,2,3,17,A01
202000012314,2,7,,0,2,3,1,B01
202000012314,1,7,,0,2,3,1,C01
202000012315,3,50,,0,2,4,2,B01
202000012315,3,13,,0,9,2,2,A01
202000012316,2,10,,0,1,2,0,A01
202000012317,2,7,,0,2,3,1,B01
202000012317,1,7,,7,2,2,13,A01
202000012318,0,7,,0,1,1,15,A01
202000012319,3,7,,6,0,3,1,A01
202000012320,2,7,,0,2,6,19,A01
202000012320,2,2,,0,2,1,1,B01
202000012321,1,7,,6,0,2,14,A01
202000012322,1,7,,0,2,2,2,B01
202000012322,1,7,,1,0,3,2,C01
202000012322,1,7,,0,2,4,1,A01
202000012323,2,7,,0,5,1,1,A01
202000012324,2,33,,0,2,1,1,A01
202000012324,0,7,,0,2,6,1,B01
202000012325,2,7,,4,0,1,1,A01
202000012326,2,7,,3,2,6,2,B01
202000012326,2,7,,4,2,3,1,A01
202000012327,1,7,,16,0,0,21,A01
202000012328,0,1,,0,1,0,0,B01
202000012328,0,50,,0,1,1,21,A01
202000012329,1,7,,0,0,0,1,A01
202000012330,3,7,,0,1,4,4,A01
202000012331,0,7,,4,0,2,15,A01
202000012332,1,7,,0,0,0,0,Z01
202000012332,1,2,,3,2,0,1,B01
202000012333,1,7,,1,0,1,14,A01
202000012333,1,7,,0,2,8,23,B01
202000012334,1,7,,8,0,1,0,A01
202000012335,1,7,,0,2,1,1,B01
202000012335,2,7,,0,2,1,26,A01
202000012336,1,30,,0,2,1,17,A01
202000012336,1,7,,0,2,6,1,B01
202000012337,2,2,,0,2,8,17,A01
202000012337,2,7,,0,2,8,1,B01
202000012338,1,30,,0,2,1,1,B01
202000012338,1,7,,0,2,1,26,A01
202000012339,2,7,,1,1,1,1,A01
202000012340,2,7,,0,2,3,1,C01
202000012340,1,7,,0,2,6,2,B01
202000012340,1,31,,0,2,1,2,A01
202000012341,3,34,,0,2,1,1,A01
202000012341,3,7,,0,2,6,11,B01
202000012342,3,7,,0,2,7,2,A01
202000012342,3,7,,0,2,1,2,B01
202000012343,2,7,,0,2,1,1,A01
202000012343,2,7,,0,2,4,1,B01
202000012343,2,7,,0,2,4,1,C01
202000012344,1,7,,0,2,1,1,B01
202000012344,1,33,,0,2,1,1,A01
202000012345,1,7,,0,2,1,1,B01
202000012345,3,7,,0,2,1,15,A01
202000012346,2,2,,0,2,7,1,B01
202000012346,1,7,,0,2,1,16,A01
202000012347,1,10,,0,2,7,16,B01
202000012347,1,30,,0,2,1,16,A01
202000012348,2,30,,0,2,7,21,A01
202000012349,3,7,,14,0,0,0,B01
202000012349,1,50,,1,0,4,25,A01
202000012350,2,7,,0,2,1,1,A01
202000012350,2,7,,0,2,2,1,B01
202000012350,2,7,,0,2,1,1,C01
202000012351,1,7,,0,2,1,2,A01
202000012351,1,7,,0,2,4,2,B01
202000012351,1,7,,16,0,4,2,C01
202000012352,2,0,,0,2,1,1,A01
202000012352,1,2,,0,2,7,1,B01
202000012353,1,7,,0,1,2,1,A01
202000012354,2,7,,0,2,3,1,A01
202000012354,1,10,,0,2,3,15,B01
202000012355,2,7,,0,2,3,1,A01
202000012355,1,7,,0,2,3,15,B01
202000012356,1,7,,1,2,1,2,B01
202000012356,1,7,,2,2,1,26,A01
202000012357,1,7,,0,1,3,1,A01
202000012358,1,10,,0,9,0,15,A01
202000012358,2,1,,0,2,2,1,B01
202000012359,2,80,,0,0,0,1,A01
202000012360,0,10,,0,2,6,24,B01
202000012360,1,3,,1,0,1,1,A01
202000012361,1,10,,0,1,1,1,A01
202000012362,3,7,,0,2,1,13,B01
202000012362,3,7,,0,2,3,21,A01
202000012363,1,10,,0,2,3,1,B01
202000012363,2,32,,0,2,1,1,A01
202000012364,2,10,,0,1,2,21,A01
202000012365,2,7,,0,2,4,23,A01
202000012365,2,10,,14,0,1,2,B01
202000012366,2,7,,0,1,2,1,A01
202000012367,2,10,,0,1,2,1,A01
202000012368,1,30,,0,2,1,2,A01
202000012368,2,7,,0,2,4,2,B01
202000012369,1,7,,0,1,3,1,A01
202000012370,3,10,,0,1,2,1,A01
202000012371,0,7,,0,2,1,1,A01
202000012371,0,7,,0,2,9,23,B01
202000012371,0,7,,0,2,4,23,C01
202000012372,3,33,,13,0,1,1,A01
202000012373,1,7,,2,0,1,26,A01
202000012374,1,30,,0,2,1,17,A01
202000012374,1,7,,0,2,5,0,B01
202000012375,3,7,,0,2,1,19,B01
202000012375,3,32,,0,2,1,1,A01
202000012376,1,7,,0,2,1,1,B01
202000012376,1,7,,0,2,2,1,A01
202000012377,2,1,,0,2,2,1,B01
202000012377,1,32,,0,2,1,5,A01
202000012378,0,7,,0,2,6,1,B01
202000012378,0,7,,0,2,1,0,A01
202000012379,0,7,,0,2,6,15,B01
202000012379,0,2,,0,2,1,17,A01
202000012380,1,7,,0,2,3,15,A01
202000012380,2,30,,0,2,1,1,B01
202000012381,1,7,,0,2,3,9,A01
202000012381,1,1,,0,2,7,1,B01
202000012382,3,7,,4,0,4,1,B01
202000012382,3,7,,0,2,3,2,A01
202000012383,1,30,,0,0,0,1,A01
202000012384,2,16,,0,2,3,0,C01
202000012384,2,7,,0,2,3,13,A01
202000012384,1,7,,0,2,1,0,B01
202000012385,3,31,,0,0,0,0,A01
202000012386,0,7,,0,1,4,20,A01
202000012387,2,7,,0,2,4,2,B01
202000012387,2,7,,0,2,1,2,A01
202000012387,2,7,,0,2,4,2,C01
202000012388,3,30,,0,2,8,11,A01
202000012388,3,7,,0,2,7,1,B01
202000012389,2,7,,0,1,0,16,A01
202000012390,2,7,,0,2,1,26,A01
202000012390,2,33,,0,2,4,1,B01
202000012391,1,7,,0,2,3,13,A01
202000012391,2,37,1.0,0,2,3,1,B01
202000012392,2,7,,1,0,2,1,A01
202000012393,3,31,,0,2,8,1,B01
202000012393,3,7,,0,2,3,13,A01
202000012394,2,7,,0,2,2,15,A01
202000012394,1,7,,0,2,1,1,B01
202000012395,1,33,,0,2,2,12,A01
202000012395,1,7,,0,2,6,1,B01
202000012396,3,1,,0,2,1,25,A01
202000012396,3,1,,0,2,2,1,B01
202000012397,2,7,,1,0,1,15,A01
202000012397,2,7,,0,2,8,24,B01
202000012398,2,7,,0,2,1,2,A01