Num_Acc,senc,catv,occutc,obs,obsm,choc,manv,num_veh
202000012398,2,7,,0,2,4,1,B01
202000012399,3,7,,0,2,1,0,B01
202000012399,3,10,,0,1,7,9,A01
202000012400,2,10,,0,2,1,26,A01
202000012400,2,7,,0,2,4,0,B01
202000012400,2,7,,0,0,4,0,C01
202000012400,2,7,,0,0,4,0,D01
202000012401,1,7,,8,0,3,13,A01
202000012402,2,2,,0,2,1,1,B01
202000012402,2,7,,0,2,3,20,A01
202000012403,3,7,,0,2,2,16,A01
202000012403,3,60,,0,2,8,2,B01
202000012404,3,1,,0,2,4,0,Z01
202000012404,3,7,,0,9,1,0,A01
202000012405,1,14,,1,0,1,1,A01
202000012405,1,7,,0,2,4,23,B01
202000012406,0,7,,0,2,5,15,A01
202000012406,0,33,,0,2,1,1,B01
202000012407,2,7,,0,2,3,26,A01
202000012407,2,7,,0,2,3,13,Z01
202000012408,1,7,,0,2,2,15,A01
202000012408,2,32,,0,2,1,1,B01
202000012409,2,7,,9,2,1,2,B01
202000012409,1,7,,0,2,2,15,Z01
202000012410,1,7,,0,2,3,26,B01
202000012410,2,7,,0,2,1,19,A01
202000012411,1,7,,0,2,1,1,A01
202000012411,1,7,,0,2,4,23,B01
202000012412,2,34,,0,2,1,1,A01
202000012412,2,10,,0,1,1,1,B01
202000012413,2,2,,12,0,1,1,A01
202000012414,1,7,,13,0,2,0,A01
202000012415,2,30,,0,2,1,26,A01
202000012415,1,7,,0,2,3,1,B01
202000012416,3,31,,0,1,3,1,A01
202000012417,1,10,,0,2,8,1,B01
202000012417,2,43,,0,2,1,1,A01
202000012418,1,31,,0,0,0,1,A01
202000012419,1,30,,1,0,3,13,A01
202000012420,1,33,,0,1,1,21,A01
202000012421,1,33,,0,2,1,1,B01
202000012421,2,7,,0,2,6,15,A01
202000012422,1,30,,0,2,3,1,B01
202000012422,1,30,,0,2,3,16,A01
202000012423,1,7,,0,2,2,16,B01
202000012423,1,31,,0,2,3,18,A01
202000012424,1,32,,0,2,1,17,A01
202000012424,1,7,,0,2,3,1,B01
202000012425,3,31,,0,0,0,1,A01
202000012426,2,32,,0,2,7,2,A01
202000012426,2,10,,0,2,6,23,B01
202000012427,1,31,,0,2,8,1,A01
202000012427,1,7,,0,2,2,17,B01
202000012428,2,1,,0,2,2,16,A01
202000012428,2,33,,0,2,3,1,B01
202000012429,1,32,,0,1,1,1,A01
202000012430,2,7,,0,2,1,2,Z01
202000012430,2,33,,0,2,4,23,A01
202000012431,3,32,,12,0,1,13,A01
202000012432,1,10,,0,2,4,2,B01
202000012432,1,7,,0,2,1,2,A01
202000012433,3,10,,0,1,1,1,A01
202000012434,1,34,,0,2,1,2,B01
202000012434,1,10,,0,2,6,11,A01
202000012435,1,33,,12,0,2,1,A01
202000012436,1,7,,0,2,3,20,A01
202000012436,1,7,,0,2,2,1,B01
202000012437,2,50,,0,2,1,5,B01
202000012437,2,1,,0,2,1,1,A01
202000012438,0,7,,0,1,2,26,A01
202000012439,0,1,,0,2,0,26,A01
202000012440,1,7,,0,2,5,15,A01
202000012440,2,2,,0,2,1,16,B01
202000012441,3,7,,0,2,6,15,A01
202000012441,1,1,,0,2,1,2,B01
202000012442,1,7,,0,1,2,1,A01
202000012443,1,7,,0,1,1,2,A01
202000012444,2,34,,1,0,0,1,A01
202000012445,2,33,,0,2,1,1,A01
202000012445,0,60,,0,2,3,1,B01
202000012446,3,32,,0,2,1,1,A01
202000012446,3,7,,0,2,2,15,B01
202000012447,3,10,,0,2,4,24,A01
202000012447,3,10,,0,2,2,1,B01
202000012447,3,50,,0,2,1,2,C01
202000012448,2,2,,0,2,1,1,B01
202000012448,1,7,,0,2,1,5,A01
202000012449,1,80,,0,2,4,17,B01
202000012449,1,7,,0,2,3,16,A01
202000012450,2,7,,0,1,1,2,A01
202000012451,2,7,,0,2,3,9,A01
202000012451,3,33,,0,2,1,1,B01
202000012452,2,1,,0,2,0,0,A01
202000012452,2,2,,0,9,0,17,B01
202000012453,2,7,,0,1,1,17,A01
202000012454,1,7,,3,0,5,1,A01
202000012455,2,33,,0,2,1,1,A01
202000012455,1,7,,0,2,2,15,B01
202000012456,1,7,,0,1,4,20,A01
202000012457,2,10,,0,2,1,1,B01
202000012457,3,7,,0,0,3,15,A01
202000012458,3,15,,0,2,1,1,A01
202000012458,3,2,,0,2,7,15,B01
202000012459,3,7,,17,0,1,1,A01
202000012460,1,7,,0,2,1,15,A01
202000012460,1,33,,0,2,7,1,B01
202000012461,1,7,,0,9,1,1,A01
202000012461,2,1,,0,2,1,5,B01
202000012462,1,7,,8,0,1,21,A01
202000012463,1,7,,0,1,1,1,A01
202000012464,1,7,,17,0,1,1,A01
202000012465,1,15,,0,2,3,1,B01
202000012465,2,7,,0,2,8,1,A01
202000012466,2,7,,2,0,7,1,A01
202000012467,2,7,,0,2,1,13,A01
202000012467,1,7,,0,2,1,1,B01
202000012468,3,7,,8,0,1,1,A01
202000012469,2,7,,0,2,3,1,B01
202000012469,3,38,1.0,0,0,7,26,A01
202000012470,1,7,,0,1,7,1,A01
202000012471,1,7,,0,2,3,1,A01
202000012471,2,1,,0,2,7,1,B01
202000012472,3,10,,0,2,8,19,B01
202000012472,1,31,,0,2,2,1,A01
202000012473,1,2,,0,2,1,15,A01
202000012473,2,7,,0,2,2,1,B01
202000012474,1,17,,0,0,6,2,B01
202000012474,1,7,,0,2,1,2,A01
202000012475,1,7,,0,0,1,1,A01
202000012476,0,33,,0,0,0,0,A01
202000012477,1,10,,0,1,1,1,A01
202000012478,1,7,,0,2,2,1,B01
202000012478,1,7,,0,2,8,19,A01
202000012479,2,7,,0,1,4,26,A01
202000012480,1,7,,0,2,5,15,A01
202000012480,2,30,,0,2,1,1,B01
202000012481,1,7,,0,2,1,13,A01
202000012481,2,21,,0,2,3,1,B01
202000012482,1,7,,6,2,8,1,A01
202000012482,2,7,,13,2,2,9,B01
202000012483,0,7,,9,0,1,0,A01
202000012484,2,34,,0,2,1,3,A01
202000012484,2,7,,0,2,6,1,B01
202000012485,2,7,,4,0,9,13,A01
202000012486,1,10,,0,2,1,1,A01
202000012486,1,10,,0,2,5,1,B01
202000012487,2,7,,14,0,1,14,A01
202000012488,1,7,,0,2,6,2,A01
202000012488,1,33,,0,2,1,1,B01
202000012489,1,33,,0,2,7,1,A01
202000012489,1,7,,0,2,8,1,B01
202000012490,3,7,,0,2,2,1,A01
202000012490,2,7,,0,2,3,1,B01
202000012491,1,2,,0,1,2,14,A01
202000012492,1,32,,0,2,7,17,B01
202000012492,2,7,,0,2,3,15,A01
202000012493,1,50,,0,1,2,1,A01
202000012494,1,7,,0,2,1,2,A01
202000012494,1,7,,0,2,5,2,B01
202000012495,2,1,,0,2,1,13,A01
202000012495,1,7,,0,2,1,1,B01
202000012496,3,7,,1,2,4,20,B01
202000012496,3,38,1.0,0,2,1,1,A01
202000012497,2,3,,0,1,3,1,A01
202000012498,3,7,,0,1,2,26,A01
202000012499,1,7,,0,1,1,15,A01
202000012500,3,7,,0,1,3,1,A01
202000012501,1,7,,0,2,6,15,B01
202000012501,1,31,,0,2,8,17,A01
202000012502,2,10,,0,1,1,1,A01
202000012503,3,10,,0,2,3,1,A01
202000012503,1,32,,0,2,1,1,B01
202000012504,3,7,,0,2,6,24,C01
202000012504,3,7,,0,2,3,20,B01
202000012504,3,7,,0,2,2,1,A01
202000012505,3,7,,8,0,1,13,A01
202000012506,3,7,,0,0,6,1,D01
202000012506,3,7,,0,2,1,1,C01
202000012506,3,7,,0,2,1,1,B01
202000012506,3,7,,0,2,1,1,A01
202000012507,1,35,,0,1,1,14,A01
202000012508,1,7,,0,2,1,2,A01
202000012508,2,7,,0,2,4,2,B01
202000012509,1,50,,0,0,1,14,A01
202000012510,1,7,,0,2,3,9,A01
202000012510,2,1,,0,2,7,1,B01
202000012511,2,2,,0,2,1,1,A01
202000012511,2,7,,0,2,3,15,B01
202000012512,2,7,,0,1,3,1,A01
202000012513,1,7,,0,1,2,1,A01
202000012514,2,33,,0,1,1,2,A01
202000012515,1,7,,0,9,2,2,A01
202000012515,2,1,,0,2,4,19,B01
202000012516,1,7,,0,2,6,1,A01
202000012516,1,2,,0,2,1,1,B01
202000012517,2,7,,8,0,3,26,A01
202000012518,2,1,,0,2,2,1,A01
202000012518,1,37,1.0,0,2,3,15,B01
202000012519,1,7,,0,2,4,2,B01
202000012519,1,7,,0,2,1,2,A01
202000012520,3,7,,0,2,0,9,A01
202000012520,1,33,,0,2,0,21,B01
202000012521,1,7,,0,2,1,1,B01
202000012521,1,7,,0,2,7,19,A01
202000012522,2,7,,0,2,3,10,A01
202000012522,2,33,,0,2,1,2,B01
202000012523,2,7,,12,0,7,9,A01
202000012524,2,7,,0,2,4,1,C01
202000012524,2,7,,0,2,4,1,B01
202000012524,2,10,,0,2,1,1,A01
202000012525,1,30,,0,2,1,1,B01
202000012525,2,7,,0,2,3,9,A01
202000012526,3,10,,0,1,3,15,A01
202000012527,1,7,,1,0,2,14,A01
202000012528,0,10,,0,2,1,1,B01
202000012528,0,7,,0,2,7,1,A01
202000012529,0,7,,0,2,2,1,B01
202000012529,0,7,,0,2,6,9,A01
202000012530,3,7,,1,0,1,1,A01
202000012531,3,30,,9,0,2,1,A01
202000012532,3,7,,0,1,1,1,A01
202000012533,0,7,,0,2,8,1,B01
202000012533,2,7,,0,2,1,19,A01
202000012534,3,7,,12,0,3,11,A01
202000012534,3,7,,0,2,3,1,B01
202000012535,3,10,,0,1,1,26,A01
202000012536,2,30,,0,2,1,2,A01
202000012536,2,7,,0,2,5,2,B01
202000012537,3,7,,0,1,2,1,A01
202000012538,2,1,,0,0,1,1,A01
202000012539,2,33,,1,0,0,1,A01
202000012540,2,99,,6,1,4,4,A01
202000012541,1,30,,0,2,2,18,A01
202000012541,1,10,,0,2,5,16,B01
202000012542,2,10,,0,2,3,15,A01
202000012542,2,50,,0,2,7,1,B01
202000012543,1,30,,0,2,1,1,A01
202000012543,1,7,,0,2,3,1,B01
202000012544,2,7,,0,1,2,10,A01
202000012545,1,7,,0,2,6,2,B01
202000012545,1,33,,0,2,2,17,A01
202000012546,1,33,,0,2,2,14,A01
202000012546,1,10,,0,2,6,23,B01
202000012547,1,1,,0,2,8,1,B01
202000012547,1,7,,0,2,4,4,A01
202000012548,1,30,,11,0,1,1,A01
202000012549,2,33,,0,2,1,18,A01
202000012549,2,7,,0,2,5,16,B01
202000012550,1,7,,0,1,0,0,A01
202000012551,1,33,,12,0,1,1,A01
202000012552,2,7,,1,0,1,19,A01
202000012553,1,30,,0,2,3,3,A01
202000012553,1,7,,0,2,2,1,B01
202000012553,1,10,,0,2,3,23,C01
202000012554,3,7,,0,2,6,19,A01
202000012554,3,10,,0,2,1,0,B01
202000012555,2,7,,0,0,3,20,A01
202000012555,2,34,,0,2,2,17,B01
202000012556,0,34,,0,2,1,0,A01
202000012556,0,1,,0,2,3,19,B01
202000012557,1,7,,0,1,1,1,A01
202000012558,3,0,,0,0,0,26,A01
202000012559,1,32,,0,2,7,1,A01
202000012559,1,7,,0,2,1,9,Z01
202000012560,1,34,,0,1,1,9,A01
202000012561,1,7,,0,2,1,17,A01
202000012561,1,2,,0,2,7,26,B01
202000012562,0,7,,0,0,3,15,A01
202000012562,3,32,,0,2,1,1,B01
202000012563,2,30,,0,2,1,2,A01
202000012563,2,33,,0,2,4,23,B01
202000012564,1,43,,0,2,1,1,B01
202000012564,0,7,,0,2,7,9,A01
202000012565,0,7,,0,2,1,26,A01
202000012565,0,7,,0,2,4,0,B01
202000012566,3,7,,0,2,2,15,A01
202000012566,3,2,,0,2,0,2,B01
202000012567,1,7,,6,2,2,11,A01
202000012567,1,7,,0,2,3,11,C01
202000012568,1,7,,0,2,5,17,A01
202000012568,1,1,,0,0,8,1,B01
202000012569,1,15,,0,2,4,2,B01
202000012569,1,10,,0,2,1,2,A01
202000012570,2,7,,16,0,9,1,A01
202000012571,2,2,,0,0,0,1,A01
202000012572,2,33,,8,0,3,1,A01
202000012573,1,7,,3,0,3,17,A01
202000012574,2,15,,0,2,3,1,B01
202000012574,1,7,,0,2,3,13,A01
202000012575,2,7,,0,2,8,17,A01
202000012575,2,33,,0,2,7,17,B01
202000012576,2,7,,0,2,2,1,B01
202000012576,2,7,,0,2,1,9,A01
202000012577,1,1,,0,2,1,1,B01
202000012577,2,7,,0,9,1,15,A01
202000012578,2,7,,6,0,1,1,A01
202000012579,0,7,,0,0,6,1,B01
202000012579,1,33,,0,2,1,1,A01
202000012580,0,7,,0,1,1,1,A01
202000012581,1,7,,3,2,1,1,A01
202000012581,2,7,,0,2,1,1,B01
202000012582,1,7,,0,2,1,1,A01
202000012582,1,21,,0,2,3,15,B01
202000012583,1,33,,0,6,1,1,A01
202000012584,2,7,,0,1,3,1,A01
202000012585,1,1,,0,0,0,1,A01
202000012586,3,16,,0,2,1,1,B01
202000012586,3,2,,0,2,1,1,A01
202000012587,1,7,,0,2,4,1,D01
202000012587,1,7,,0,2,1,1,A01
202000012587,1,7,,0,2,1,1,B01
202000012587,1,7,,0,2,1,1,C01
202000012588,2,7,,0,2,2,9,A01
202000012588,2,7,,0,2,3,1,B01
202000012589,2,7,,11,0,2,1,A01
202000012590,1,7,,0,2,3,1,B01
202000012590,2,10,,0,2,1,13,A01
202000012591,2,7,,0,2,3,1,A01
202000012591,2,10,,0,0,5,1,B01
202000012592,2,38,2.0,0,2,2,1,B01
202000012592,2,7,,0,2,3,19,A01
202000012593,2,7,,2,0,5,1,A01
202000012594,1,7,,0,0,6,15,B01
202000012594,1,30,,0,2,1,17,A01
202000012595,0,7,,0,2,1,1,A01
202000012595,0,7,,0,2,3,15,B01
202000012596,1,7,,13,0,3,17,A01
202000012597,3,7,,0,2,7,26,A01
202000012597,3,7,,0,2,3,1,B01
202000012598,3,2,,0,2,1,13,A01
202000012598,3,7,,0,2,2,1,B01
202000012599,1,7,,0,1,2,1,A01
202000012600,2,33,,0,2,1,21,B01
202000012600,1,7,,0,2,3,19,A01
202000012601,2,10,,0,1,1,1,A01
202000012602,2,7,,4,0,1,14,A01
202000012603,1,32,,0,2,1,1,A01
202000012603,1,7,,0,2,6,12,B01
202000012604,1,10,,0,1,2,1,A01
202000012605,1,7,,0,9,7,2,Z01
202000012605,1,1,,0,2,8,1,B01
202000012606,3,33,,0,0,0,1,A01
202000012607,3,7,,0,1,4,4,A01
202000012608,3,14,,0,2,2,1,B01
202000012608,3,10,,0,2,5,26,A01
202000012609,1,33,,0,2,8,14,A01
202000012609,1,7,,0,2,1,1,B01
202000012610,1,34,,0,1,1,26,A01
202000012611,1,7,,0,2,4,21,B01
202000012611,1,7,,0,2,4,1,A01
202000012611,1,7,,0,2,4,1,C01
202000012612,2,7,,0,2,8,1,A01
202000012612,3,33,,0,2,1,1,B01
202000012613,3,7,,0,2,2,9,A01
202000012613,3,7,,0,2,3,23,C01
202000012613,3,7,,0,2,6,9,B01
202000012614,1,1,,0,2,1,13,B01
202000012614,1,7,,0,2,3,1,A01
202000012615,2,7,,13,0,1,14,A01
202000012616,1,7,,2,0,1,1,A01
202000012617,1,7,,0,1,2,1,A01
202000012618,0,7,,12,0,3,13,A01
202000012619,1,7,,9,0,2,26,A01
202000012620,1,7,,0,2,1,2,A01
202000012620,1,10,,0,2,4,2,B01
202000012621,2,10,,0,1,2,1,A01
202000012622,2,31,,0,2,3,21,A01
202000012622,1,7,,0,2,2,2,B01
202000012623,0,2,,0,2,1,1,B01
202000012623,0,7,,0,2,3,9,A01
202000012624,1,7,,10,0,1,0,A01
202000012625,1,7,,0,2,7,15,A01
202000012625,1,7,,0,2,1,1,B01
202000012626,1,30,,0,2,8,1,A01
202000012626,1,7,,0,2,7,1,Z01
202000012627,1,1,,0,2,8,19,B01
202000012627,1,10,,0,2,1,1,A01
202000012628,0,33,,0,1,1,1,Z01
202000012629,1,7,,0,2,1,1,C01
202000012629,1,7,,0,2,3,1,B01
202000012629,2,7,,0,2,3,13,A01
202000012630,1,7,,0,2,4,23,B01
202000012630,1,30,,0,2,1,1,A01
202000012631,1,7,,13,0,0,14,A01
202000012632,1,14,,0,2,6,9,B01
202000012632,1,7,,0,2,1,1,A01
202000012633,2,7,,0,1,3,1,A01
202000012634,1,1,,0,2,8,1,B01
202000012634,1,10,,0,2,1,1,A01
202000012635,2,33,,1,1,8,5,A01
202000012635,2,33,,1,2,1,5,B01
202000012636,2,30,,0,2,4,2,A01
202000012636,2,7,,0,2,4,23,B01
202000012637,1,10,,11,0,1,1,A01
202000012638,2,43,,0,2,2,17,B01
202000012638,2,7,,0,2,3,15,A01
202000012639,2,1,,0,0,8,1,A01
202000012640,1,7,,15,2,3,17,A01
202000012640,0,33,,15,2,3,15,B01
202000012641,1,7,,0,1,2,1,A01
202000012642,1,33,,0,2,7,13,A01
202000012642,2,7,,0,2,1,15,B01
202000012643,3,7,,0,2,3,1,B01
202000012643,3,7,,0,2,3,1,A01
202000012644,3,7,,0,2,2,15,A01
202000012644,3,33,,0,2,8,1,B01
202000012645,1,30,,0,2,2,15,B01
202000012645,2,33,,0,2,1,1,A01
202000012646,2,7,,0,2,2,14,A01
202000012646,2,34,,0,2,8,1,B01
202000012647,1,30,,0,1,1,21,A01
202000012648,1,7,,0,2,2,15,A01
202000012648,2,7,,0,2,3,1,B01
202000012649,3,7,,1,0,1,13,A01
202000012650,2,7,,13,0,1,1,A01
202000012651,3,7,,0,2,5,9,B01
202000012651,2,7,,13,0,3,1,A01
202000012652,1,7,,0,2,1,5,A01
202000012652,2,7,,0,2,7,21,B01
202000012652,2,7,,0,2,1,1,C01
202000012653,1,2,,0,2,4,2,B01
202000012653,1,10,,0,2,2,12,A01
202000012654,1,7,,0,2,2,1,B01
202000012654,2,33,,0,2,1,13,A01
202000012655,2,7,,6,0,8,1,A01
202000012656,2,7,,0,2,3,15,A01
202000012656,1,2,,0,2,1,1,B01
202000012657,1,2,,0,0,8,1,A01
202000012658,1,7,,15,0,0,14,A01
202000012659,1,2,,0,2,1,1,A01
202000012659,1,7,,0,0,5,23,B01
202000012660,2,17,,8,0,7,14,A01
202000012661,1,2,,0,2,7,26,B01
202000012661,2,7,,0,9,2,15,A01
202000012662,2,7,,6,0,2,14,A01
202000012663,2,7,,0,2,3,15,A01
202000012663,1,7,,0,2,2,1,B01
202000012664,2,33,,0,2,7,1,B01
202000012664,2,7,,0,2,3,9,A01
202000012665,3,99,,16,0,1,1,A01
202000012666,3,7,,13,0,3,1,A01
202000012667,1,7,,2,0,3,1,A01
202000012668,1,33,,8,0,7,1,A01
202000012669,1,10,,0,0,4,1,B01
202000012669,1,7,,0,2,1,17,A01
202000012670,2,33,,4,0,2,17,A01
202000012671,2,7,,3,0,3,0,A01
202000012672,1,2,,0,2,1,2,A01
202000012672,1,7,,0,0,6,2,B01
202000012673,3,33,,0,0,0,1,A01
202000012674,2,33,,0,2,3,13,A01
202000012674,1,7,,0,2,6,1,B01
202000012675,1,10,,15,0,7,1,A01
202000012675,3,10,,0,2,1,16,B01
202000012676,2,10,,0,2,6,1,B01
202000012676,2,33,,0,2,1,2,A01
202000012677,2,7,,0,2,1,13,A01
202000012677,1,7,,0,2,1,1,B01
202000012678,2,14,,0,2,3,1,B01
202000012678,1,2,,0,2,1,16,A01
202000012679,2,1,,0,0,2,0,A01
202000012680,0,10,,0,2,1,1,C01
202000012680,0,1,,0,2,1,15,B01
202000012680,0,1,,0,2,1,14,A01
202000012681,1,7,,0,2,6,9,B01
202000012681,1,33,,0,2,2,9,A01
202000012682,3,7,,9,0,3,1,A01
202000012683,2,7,,4,0,7,14,A01
202000012684,1,7,,0,2,0,1,C01
202000012684,1,33,,0,2,1,17,B01
202000012684,1,7,,0,2,8,0,A01
202000012685,1,0,,0,2,0,2,Z01
202000012685,1,7,,0,2,4,2,A01
202000012686,1,7,,4,0,5,1,A01
202000012687,2,10,,3,0,1,13,A01
202000012688,1,7,,0,0,9,2,A01
202000012689,1,7,,0,2,3,13,A01
202000012689,2,7,,0,2,3,13,B01
202000012690,1,30,,0,0,7,1,A01
202000012691,2,10,,0,1,0,26,A01
202000012692,0,7,,0,2,2,15,A01
202000012692,0,7,,0,2,1,1,B01
202000012693,1,33,,0,1,0,26,A01
202000012694,1,2,,0,2,1,1,B01
202000012694,2,7,,0,2,1,13,A01
202000012695,3,7,,0,2,2,1,B01
202000012695,3,7,,0,2,1,15,A01
202000012696,2,7,,0,2,1,2,A01
202000012696,2,7,,0,2,4,23,B01
202000012697,1,7,,0,2,7,1,A01
202000012697,1,1,,0,2,4,1,B01
202000012698,1,7,,13,5,1,21,A01
202000012699,0,2,,0,2,1,9,B01
202000012699,0,7,,0,2,1,9,A01
202000012700,1,7,,0,1,1,1,Z01
202000012701,1,7,,0,2,3,1,B01
202000012701,2,7,,0,2,6,13,A01
202000012702,1,43,,8,0,1,13,A01
202000012703,1,1,,0,2,3,1,B01
202000012703,1,10,,0,2,2,23,A01
202000012704,1,30,,14,0,1,13,A01
202000012705,1,33,,3,0,2,13,A01
202000012706,3,7,,6,9,1,0,A01
202000012707,3,7,,0,2,1,1,A01
202000012707,3,1,,0,2,1,13,B01
202000012708,1,33,,0,2,8,1,B01
202000012708,2,7,,0,2,3,1,A01
202000012709,1,7,,4,9,1,1,A01
202000012710,1,7,,0,2,5,26,A01
202000012710,2,7,,0,2,1,1,B01
202000012711,1,10,,0,2,3,0,A01
202000012711,1,10,,0,2,2,1,B01
202000012712,1,7,,10,0,1,1,A01
202000012713,2,33,,0,0,3,1,A01
202000012714,3,7,,0,2,2,1,B01
202000012714,3,2,,0,2,1,19,A01
202000012715,2,7,,13,0,2,0,A01
202000012716,3,1,,0,2,7,1,B01
202000012716,3,3,,0,2,1,19,A01
202000012717,0,31,,13,0,0,21,A01
202000012718,1,7,,0,1,1,1,A01
202000012719,0,7,,8,2,3,19,A01
202000012719,0,7,,0,2,5,1,B01
202000012720,1,7,,0,2,0,1,B01
202000012720,1,2,,0,2,0,14,A01
202000012721,2,7,,2,0,1,13,A01
202000012722,2,7,,0,2,3,1,B01
202000012722,1,7,,0,2,3,5,A01
202000012723,1,10,,2,0,1,1,A01
202000012724,1,7,,0,2,3,1,B01
202000012724,2,43,,0,2,3,1,A01
202000012725,0,7,,6,0,1,16,A01
202000012726,2,7,,2,0,1,1,A01
202000012727,0,7,,0,2,1,2,A01
202000012727,1,7,,0,2,4,2,B01
202000012727,1,7,,0,2,4,2,C01
202000012727,1,7,,0,0,4,2,D01
202000012728,0,7,,0,1,5,4,A01
202000012729,1,7,,0,2,7,19,A01
202000012729,2,7,,0,2,1,1,B01
202000012730,2,17,,0,0,0,24,B01
202000012730,2,7,,1,0,1,1,A01
202000012731,1,7,,6,0,3,1,A01
202000012732,2,7,,13,0,2,0,A01
202000012733,1,7,,0,2,7,26,A01
202000012733,2,7,,0,2,1,14,B01
202000012734,1,7,,0,1,1,21,C01
202000012735,1,7,,0,5,2,1,A01
202000012736,1,7,,1,0,2,1,A01
202000012737,1,7,,0,2,8,10,A01
202000012737,2,33,,0,2,1,1,B01
202000012738,3,7,,0,2,1,9,A01
202000012738,3,31,,0,2,0,0,B01
202000012739,-1,7,,0,1,7,15,A01
202000012740,3,7,,0,2,3,1,A01
202000012740,3,2,,0,2,1,19,B01
202000012741,1,7,,0,1,1,1,A01
202000012741,1,7,,0,1,1,1,B01
202000012742,1,30,,0,1,1,1,A01
202000012743,2,7,,0,2,2,15,A01
202000012743,2,7,,0,2,3,0,B01
202000012744,1,7,,2,0,1,13,A01
202000012745,3,7,,0,2,3,1,B01
202000012745,3,7,,0,2,3,1,A01
202000012746,3,7,,16,0,0,1,A01
202000012747,3,2,,9,0,1,13,A01
202000012748,2,7,,0,2,1,1,B01
202000012748,1,7,,0,2,3,1,A01
202000012749,2,7,,2,0,1,1,A01
202000012750,2,33,,0,0,9,1,A01
202000012751,2,31,,0,2,8,1,A01
202000012751,1,7,,0,2,3,15,B01
202000012752,1,33,,0,2,1,1,B01
202000012752,3,7,,0,0,2,15,A01
202000012753,1,7,,0,2,1,19,A01
202000012753,1,7,,7,2,8,1,B01
202000012754,3,7,,13,0,1,1,A01
202000012755,2,10,,0,2,3,12,B01
202000012755,2,15,,0,0,5,1,A01
202000012756,1,7,,0,2,3,0,A01
202000012756,2,7,,0,2,3,0,B01
202000012757,2,7,,3,0,2,14,A01
202000012758,1,7,,0,2,1,1,B01
202000012758,1,7,,0,0,4,1,A01
202000012759,2,7,,15,0,0,1,A01
202000012760,2,7,,0,2,3,13,A01
202000012760,1,7,,0,2,3,1,B01
202000012760,1,7,,0,2,1,0,C01
202000012761,1,7,,0,0,0,0,A01
202000012762,1,7,,0,2,1,1,C01
202000012762,2,7,,0,2,7,1,B01
202000012762,1,7,,0,2,2,9,A01
202000012763,1,7,,0,2,7,15,A01
202000012763,2,7,,0,2,2,1,B01
202000012764,3,7,,0,2,1,1,B01
202000012764,3,7,,0,2,2,19,A01
202000012765,1,7,,9,2,5,16,A01
202000012765,1,7,,15,2,2,15,B01
202000012766,1,7,,0,2,3,1,B01
202000012766,2,7,,0,2,3,5,A01
202000012767,0,10,,0,4,6,23,A01
202000012767,1,39,,0,4,1,19,B01
202000012768,3,7,,8,0,1,1,A01
202000012769,1,7,,2,0,2,1,A01
202000012770,1,2,,0,0,0,1,A01
202000012771,2,7,,0,2,1,1,B01
202000012771,1,7,,0,2,1,17,A01
202000012772,1,7,,0,2,1,17,B01
202000012772,2,7,,0,2,1,1,A01
202000012773,1,7,,2,0,1,13,A01
202000012774,1,7,,0,2,1,1,B01
202000012774,2,7,,0,2,1,13,A01
202000012775,2,38,18.0,15,0,2,14,A01
202000012776,0,2,,0,0,0,0,A01
202000012777,1,7,,0,2,2,21,B01
202000012777,2,7,,0,2,3,0,A01
202000012778,1,7,,0,2,1,0,B01
202000012778,1,7,,0,0,4,23,A01
202000012779,3,7,,2,0,1,1,A01
202000012780,2,14,,0,2,3,1,A01
202000012780,1,7,,0,2,1,1,B01
202000012781,3,7,,8,0,1,14,A01
202000012782,2,7,,3,0,4,2,B01
202000012782,2,10,,0,2,2,2,A01
202000012783,1,10,,3,0,1,1,A01
202000012784,1,7,,0,0,3,17,A01
202000012784,1,3,,0,0,7,15,B01
202000012785,1,7,,3,2,3,2,A01
202000012785,1,7,,0,0,3,1,B01
202000012786,0,7,,0,1,2,1,A01
202000012787,1,7,,0,0,2,1,C01
202000012787,1,10,,0,0,5,1,B01
202000012787,1,7,,0,2,3,1,A01
202000012788,1,7,,0,2,7,13,A01
202000012788,2,7,,0,2,3,1,B01
202000012789,2,7,,3,2,1,2,B01
202000012789,2,7,,3,2,7,2,D01
202000012789,2,7,,3,2,8,2,C01
202000012789,2,7,,1,2,1,2,A01
202000012789,2,10,,0,0,3,2,E01
202000012789,2,10,,0,1,0,2,F01
202000012790,2,7,,0,2,7,12,A01
202000012790,2,7,,0,2,8,18,B01
202000012791,1,7,,13,2,8,1,B01
202000012791,2,7,,2,2,3,13,A01
202000012792,3,7,,5,0,1,0,A01
202000012793,1,7,,0,2,1,5,A01
202000012793,1,7,,0,2,1,5,B01
202000012794,2,7,,15,0,0,1,A01
202000012795,1,7,,0,1,1,1,A01
202000012796,2,7,,0,1,3,1,A01
202000012797,1,7,,0,2,7,17,A01
202000012797,1,1,,0,2,4,1,B01
202000012798,1,7,,0,2,1,1,B01
202000012798,2,7,,9,2,1,1,A01
202000012799,2,7,,0,9,8,26,A01
202000012799,0,1,,0,2,7,26,B01
202000012800,1,7,,2,0,1,1,A01
202000012801,1,7,,0,2,6,15,A01