Num_Acc,senc,catv,occutc,obs,obsm,choc,manv,num_veh
202000012801,1,33,,0,2,1,17,B01
202000012802,1,7,,0,0,9,17,A01
202000012803,2,7,,0,1,2,1,A01
202000012804,1,7,,9,2,1,15,A01
202000012804,2,1,,0,2,8,1,B01
202000012805,2,7,,6,0,3,1,A01
202000012806,1,10,,0,0,1,1,A01
202000012806,1,15,,0,0,6,1,B01
202000012807,1,7,,0,2,1,0,B01
202000012807,1,7,,0,2,4,1,A01
202000012808,1,7,,0,0,9,1,A01
202000012809,1,7,,0,2,4,23,A01
202000012809,1,10,,0,2,1,12,B01
202000012810,2,7,,0,0,4,23,B01
202000012810,2,7,,0,2,1,1,A01
202000012811,2,7,,0,2,2,1,B01
202000012811,1,2,,0,2,3,1,A01
202000012812,2,7,,2,0,3,16,A01
202000012813,1,7,,0,1,1,2,B01
202000012814,1,7,,0,2,3,1,A01
202000012814,2,7,,0,2,3,1,B01
202000012815,2,7,,0,2,6,11,B01
202000012815,2,31,,0,2,1,3,A01
202000012816,3,7,,0,9,2,13,A01
202000012816,3,1,,0,0,1,13,B01
202000012817,2,7,,0,2,2,1,A01
202000012817,2,33,,0,2,8,3,B01
202000012818,1,7,,0,0,2,1,B01
202000012818,2,3,,0,0,2,15,A01
202000012819,2,7,,0,2,3,11,A01
202000012819,2,7,,0,2,5,1,B01
202000012820,1,7,,0,2,1,1,B01
202000012820,2,7,,0,2,1,5,A01
202000012821,2,10,,0,2,4,2,B01
202000012821,2,10,,0,2,1,2,A01
202000012822,1,7,,0,2,2,12,A01
202000012822,1,7,,0,2,6,1,B01
202000012823,1,7,,0,2,1,1,B01
202000012823,2,7,,0,2,7,13,A01
202000012824,3,3,,0,2,2,16,A01
202000012824,1,2,,0,2,0,1,B01
202000012825,1,7,,0,2,4,2,B01
202000012825,1,7,,0,2,1,2,A01
202000012826,0,2,,1,0,1,1,A01
202000012827,1,7,,3,0,1,1,A01
202000012828,2,7,,0,2,2,1,B01
202000012828,3,7,,0,2,1,1,A01
202000012829,1,7,,3,2,3,2,B01
202000012829,1,7,,0,2,8,2,A01
202000012830,1,7,,0,1,2,14,A01
202000012831,1,7,,0,2,1,15,B01
202000012831,2,7,,0,2,1,1,A01
202000012832,1,2,,0,2,1,1,B01
202000012833,0,7,,0,1,1,1,A01
202000012834,2,7,,0,2,4,23,B01
202000012834,2,7,,0,2,1,2,A01
202000012835,2,7,,16,0,1,1,A01
202000012836,3,10,,0,2,6,15,B01
202000012836,0,7,,0,2,3,1,A01
202000012837,2,7,,15,0,2,2,A01
202000012838,1,7,,2,0,1,1,A01
202000012839,1,7,,2,0,1,1,A01
202000012840,2,7,,8,0,1,14,A01
202000012841,2,7,,2,0,1,13,A01
202000012842,1,33,,13,0,0,1,A01
202000012843,3,7,,0,2,3,15,A01
202000012843,1,7,,0,2,2,1,B01
202000012844,1,7,,13,0,1,6,A01
202000012845,1,7,,6,0,2,26,A01
202000012846,2,7,,0,2,1,1,B01
202000012846,3,7,,8,2,7,19,A01
202000012847,2,33,,0,2,1,1,A01
202000012848,1,7,,13,0,1,1,A01
202000012849,3,10,,0,9,1,15,A01
202000012849,3,2,,0,2,1,1,B01
202000012850,2,33,,4,0,1,17,A01
202000012851,2,2,,0,2,1,16,B01
202000012851,1,7,,0,2,1,13,A01
202000012852,1,7,,2,2,1,1,A01
202000012852,1,7,,0,2,3,1,B01
202000012853,2,7,,0,2,1,15,B01
202000012853,1,7,,0,2,3,1,A01
202000012854,1,7,,0,1,2,15,A01
202000012855,3,7,,0,2,2,1,A01
202000012855,3,7,,0,2,3,16,B01
202000012856,0,7,,0,2,1,2,A01
202000012856,3,7,,0,2,4,23,B01
202000012857,3,7,,2,0,1,14,A01
202000012858,1,7,,9,0,9,1,A01
202000012859,1,7,,1,0,8,1,A01
202000012859,1,17,,0,0,4,24,B01
202000012860,0,7,,0,1,2,15,A01
202000012861,1,1,,0,0,8,1,B01
202000012861,1,3,,0,2,7,17,A01
202000012862,3,7,,0,2,1,5,A01
202000012862,1,7,,0,2,1,1,B01
202000012863,2,7,,0,0,9,2,A01
202000012864,2,7,,0,0,4,2,B01
202000012864,2,7,,0,2,1,2,A01
202000012865,1,7,,0,2,1,1,B01
202000012865,2,7,,0,2,1,13,A01
202000012866,1,1,,0,2,4,1,B01
202000012866,1,1,,0,2,1,17,A01
202000012867,1,7,,13,0,0,1,A01
202000012868,2,7,,2,0,1,13,A01
202000012869,2,7,,0,2,1,15,B01
202000012869,1,7,,0,2,1,1,A01
202000012869,2,7,,0,2,3,23,C01
202000012870,2,7,,3,0,3,1,A01
202000012871,2,99,,0,2,2,1,B01
202000012871,2,7,,0,2,3,10,A01
202000012872,1,7,,2,0,0,1,A01
202000012873,1,3,,0,1,0,16,A01
202000012874,1,7,,0,2,1,15,B01
202000012874,3,7,,1,2,1,1,A01
202000012875,1,7,,0,9,2,15,A01
202000012875,1,1,,0,2,1,1,B01
202000012876,1,7,,0,0,0,1,A01
202000012877,1,7,,0,2,6,15,A01
202000012877,1,7,,0,2,1,1,B01
202000012878,0,7,,0,2,2,1,B01
202000012878,3,7,,0,2,2,1,A01
202000012879,1,2,,0,2,1,1,B01
202000012879,2,7,,0,2,5,15,A01
202000012880,1,2,,0,2,1,1,B01
202000012880,2,7,,0,2,5,15,A01
202000012881,1,2,,0,2,5,1,A01
202000012881,2,7,,0,2,3,1,B01
202000012882,1,7,,0,2,6,1,B01
202000012882,2,7,,0,2,1,1,A01
202000012883,0,7,,4,0,0,26,A01
202000012884,2,7,,0,2,1,1,B01
202000012884,1,7,,0,1,1,1,A01
202000012885,3,7,,0,2,1,0,A01
202000012885,3,7,,8,0,4,0,B01
202000012886,1,10,,0,2,7,15,A01
202000012886,2,33,,0,2,1,2,B01
202000012887,1,7,,15,0,1,1,A01
202000012888,1,7,,9,0,2,1,A01
202000012889,2,2,,1,0,1,2,A01
202000012890,2,7,,0,2,1,2,A01
202000012890,2,7,,0,2,4,2,B01
202000012891,1,7,,0,2,3,23,B01
202000012891,2,7,,0,2,3,13,A01
202000012892,1,31,,12,0,1,14,A01
202000012893,2,7,,0,1,3,1,Z01
202000012894,3,7,,0,0,4,1,A01
202000012894,3,7,,0,2,1,2,B01
202000012895,1,7,,1,9,8,1,A01
202000012896,1,30,,0,2,7,17,B01
202000012896,1,7,,0,2,8,1,A01
202000012897,2,7,,0,2,1,13,A01
202000012897,1,7,,0,2,3,1,B01
202000012898,1,7,,10,0,9,1,A01
202000012899,2,7,,0,2,3,9,A01
202000012899,2,7,,0,2,2,1,B01
202000012900,3,7,,0,0,4,1,B01
202000012900,3,10,,0,2,1,1,A01
202000012901,2,7,,0,1,1,15,A01
202000012902,2,7,,6,0,2,1,A01
202000012903,2,15,,0,2,2,15,B01
202000012903,1,7,,0,2,1,16,A01
202000012904,3,7,,0,2,3,1,B01
202000012904,3,7,,0,2,1,6,A01
202000012905,2,10,,0,2,3,1,C01
202000012905,1,7,,0,2,1,2,B01
202000012905,1,34,,0,2,4,17,A01
202000012906,1,2,,7,2,8,14,B01
202000012906,1,7,,0,0,7,9,A01
202000012907,1,30,,0,1,2,18,A01
202000012908,2,7,,0,9,1,1,B01
202000012908,2,1,,0,0,8,15,A01
202000012909,0,36,,6,0,1,1,A01
202000012910,3,30,,0,0,1,15,A01
202000012911,0,7,,17,0,1,1,A01
202000012912,1,31,,0,0,7,1,A01
202000012913,1,7,,0,2,1,5,B01
202000012913,1,7,,0,2,1,1,A01
202000012914,3,1,,12,0,0,1,A01
202000012915,0,33,,8,0,1,0,A01
202000012916,1,30,,0,2,8,1,B01
202000012916,1,7,,0,2,3,1,C01
202000012916,1,7,,0,2,8,22,A01
202000012917,3,7,,13,0,2,1,A01
202000012918,3,50,,0,0,0,1,A01
202000012919,2,30,,0,2,8,1,B01
202000012919,1,7,,0,2,3,15,A01
202000012920,3,15,,0,2,1,2,B01
202000012920,3,7,,0,0,4,2,A01
202000012921,0,7,,0,2,3,1,A01
202000012921,-1,7,,0,2,1,1,B01
202000012922,1,7,,0,0,4,16,B01
202000012922,1,7,,0,2,1,2,A01
202000012923,0,7,,0,1,2,1,A01
202000012924,2,99,,0,1,5,10,A01
202000012925,2,7,,6,0,5,1,A01
202000012926,1,33,,0,1,3,21,A01
202000012927,1,7,,15,0,3,1,A01
202000012928,2,7,,0,2,1,2,A01
202000012928,2,7,,0,5,4,1,B01
202000012929,1,50,,0,2,5,1,B01
202000012929,1,7,,0,9,1,18,A01
202000012930,1,7,,0,2,2,10,A01
202000012930,1,7,,0,1,8,26,C01
202000012930,1,7,,1,0,8,26,B01
202000012931,3,7,,0,1,2,15,A01
202000012932,1,7,,0,2,3,26,B01
202000012932,1,2,,0,2,1,17,A01
202000012933,0,31,,15,0,1,1,A01
202000012934,2,14,,0,0,1,1,B01
202000012934,2,7,,0,2,8,19,A01
202000012935,3,7,,0,1,1,16,A01
202000012936,1,7,,2,0,1,2,A01
202000012937,1,33,,0,0,8,15,A01
202000012938,2,7,,0,2,1,19,A01
202000012938,1,7,,0,2,7,1,B01
202000012939,1,7,,2,0,2,1,A01
202000012940,2,7,,0,2,4,15,B01
202000012940,2,2,,0,2,1,2,A01
202000012941,1,2,,0,0,6,1,B01
202000012941,2,7,,0,2,3,15,A01
202000012942,1,7,,8,0,1,14,A01
202000012943,2,7,,4,2,3,5,A01
202000012943,1,7,,0,2,1,1,B01
202000012944,2,7,,0,2,1,1,B01
202000012944,1,7,,0,2,1,15,A01
202000012945,1,7,,15,0,3,1,A01
202000012946,3,31,,15,0,2,15,A01
202000012947,2,7,,0,2,3,15,B01
202000012947,1,7,,0,2,1,1,A01
202000012948,1,7,,3,0,3,13,A01
202000012949,1,7,,2,0,7,1,A01
202000012950,1,7,,0,0,8,1,B01
202000012950,1,7,,0,2,1,26,A01
202000012951,2,7,,0,2,1,17,A01
202000012951,1,7,,0,2,1,1,B01
202000012952,1,2,,3,0,0,1,A01
202000012953,1,2,,6,0,1,1,A01
202000012954,1,7,,8,0,7,13,A01
202000012955,1,2,,3,0,8,5,A01
202000012956,1,2,,13,0,7,1,A01
202000012957,1,7,,0,2,3,15,A01
202000012957,3,7,,0,2,3,15,B01
202000012958,2,7,,15,0,3,1,A01
202000012959,0,7,,0,2,1,2,A01
202000012959,0,7,,0,0,4,2,B01
202000012960,3,14,,13,0,0,1,A01
202000012961,2,7,,0,2,1,1,B01
202000012961,1,7,,0,2,1,13,A01
202000012962,3,7,,0,1,1,1,A01
202000012963,2,7,,0,2,3,1,D01
202000012963,2,7,,0,2,1,1,B01
202000012963,2,7,,0,2,3,1,C01
202000012963,1,7,,0,2,1,1,A01
202000012964,0,7,,8,0,1,2,A01
202000012965,1,10,,0,2,1,15,A01
202000012965,2,15,,8,2,1,1,B01
202000012965,1,7,,0,2,1,1,C01
202000012966,2,1,,0,2,1,25,A01
202000012966,1,7,,0,2,1,1,B01
202000012967,3,7,,6,0,4,10,A01
202000012968,2,7,,0,2,1,5,A01
202000012968,1,7,,0,2,1,1,B01
202000012969,2,7,,0,0,7,5,A01
202000012969,1,7,,13,0,1,1,C01
202000012969,1,7,,0,0,1,1,B01
202000012970,2,7,,0,1,2,1,A01
202000012971,0,33,,0,2,3,1,B01
202000012971,0,7,,0,2,2,1,A01
202000012972,1,7,,0,0,9,1,A01
202000012973,1,7,,0,0,4,15,B01
202000012973,3,7,,0,0,1,2,A01
202000012974,1,7,,2,0,1,14,A01
202000012975,1,7,,0,2,3,19,A01
202000012975,2,7,,0,2,2,1,B01
202000012976,2,7,,0,2,2,19,A01
202000012976,1,7,,0,2,3,1,B01
202000012977,1,7,,0,2,1,11,B01
202000012977,1,7,,4,0,1,1,A01
202000012978,2,7,,0,0,2,1,A01
202000012979,1,7,,0,2,1,26,B01
202000012979,1,7,,0,2,1,26,A01
202000012980,2,7,,0,0,8,15,B01
202000012980,2,2,,0,2,8,17,A01
202000012981,2,7,,0,2,1,1,A01
202000012981,1,7,,0,2,1,1,B01
202000012982,3,2,,0,0,0,1,A01
202000012983,2,7,,0,2,3,1,B01
202000012983,1,7,,0,2,3,1,A01
202000012984,1,7,,0,9,3,1,B01
202000012984,2,1,,0,2,3,16,A01
202000012985,3,10,,0,2,3,1,A01
202000012985,3,7,,0,2,3,1,B01
202000012986,1,7,,2,0,1,1,A01
202000012987,1,7,,15,0,1,1,A01
202000012988,1,10,,0,2,2,1,A01
202000012988,1,1,,0,2,4,1,B01
202000012989,3,31,,13,0,1,1,A01
202000012990,0,2,,0,0,2,0,A01
202000012991,3,7,,0,2,1,20,A01
202000012991,0,1,,0,2,6,20,B01
202000012992,2,7,,0,2,1,15,A01
202000012992,1,7,,0,2,1,1,B01
202000012993,2,34,,0,2,3,1,B01
202000012993,1,7,,0,2,7,15,A01
202000012994,1,7,,0,2,1,1,B01
202000012994,2,7,,7,2,1,13,A01
202000012994,1,7,,0,2,1,1,C01
202000012995,1,7,,0,2,3,15,B01
202000012995,1,2,,0,2,2,1,A01
202000012996,0,31,,0,1,1,1,A01
202000012997,1,34,,0,2,2,1,B01
202000012997,2,7,,0,2,1,15,A01
202000012998,3,33,,0,2,1,21,B01
202000012998,3,7,,0,2,3,15,A01
202000012999,1,7,,0,0,8,19,A01
202000012999,2,7,,0,2,1,1,B01
202000013000,2,7,,5,0,4,1,B01
202000013000,2,7,,0,2,1,1,A01
202000013001,2,7,,0,2,1,1,B01
202000013001,1,7,,0,2,1,1,A01
202000013002,1,7,,0,2,8,0,A01
202000013002,1,7,,0,2,2,0,B01
202000013003,2,7,,0,2,1,1,A01
202000013003,2,7,,5,0,4,1,B01
202000013004,3,20,,0,1,4,4,A01
202000013005,2,7,,13,0,1,2,A01
202000013006,1,7,,2,0,1,1,A01
202000013007,1,7,,4,2,7,12,A01
202000013007,1,10,,0,2,2,11,B01
202000013007,1,7,,4,2,8,1,C01
202000013008,1,7,,0,2,1,17,A01
202000013008,2,32,,0,2,1,0,B01
202000013009,1,7,,0,2,4,2,A01
202000013009,1,7,,0,2,4,2,B01
202000013010,2,7,,4,0,0,1,A01
202000013011,2,2,,0,2,1,1,B01
202000013011,1,7,,0,2,3,9,A01
202000013012,1,7,,13,0,1,17,A01
202000013013,1,2,,0,0,1,1,A01
202000013014,1,17,,0,2,8,1,C01
202000013014,1,7,,0,2,1,1,B01
202000013014,1,3,,0,2,1,13,A01
202000013015,1,7,,17,0,7,1,A01
202000013016,2,7,,0,2,5,2,A01
202000013016,2,7,,0,2,3,2,B01
202000013017,2,7,,0,2,3,0,A01
202000013017,1,7,,0,2,3,13,B01
202000013018,2,7,,6,0,2,1,A01
202000013019,1,7,,4,0,1,0,A01
202000013020,1,7,,0,2,3,5,A01
202000013020,2,7,,0,2,3,17,B01
202000013021,1,32,,6,0,8,17,A01
202000013022,2,7,,0,1,1,26,A01
202000013023,2,7,,0,0,2,1,A01
202000013024,1,7,,10,0,7,1,A01
202000013025,2,7,,2,0,1,13,A01
202000013026,2,7,,0,1,1,17,A01
202000013027,3,7,,2,0,3,14,A01
202000013028,1,7,,0,2,1,13,A01
202000013028,2,7,,0,2,3,1,B01
202000013029,3,7,,0,2,3,13,A01
202000013029,0,7,,0,2,3,1,B01
202000013030,3,7,,0,0,3,19,A01
202000013030,3,32,,0,2,1,21,B01
202000013031,0,7,,0,2,5,15,A01
202000013031,3,1,,0,2,7,1,B01
202000013032,2,10,,0,0,9,14,A01
202000013033,0,32,,13,0,7,1,A01
202000013034,3,2,,0,1,1,0,A01
202000013035,2,7,,0,2,4,1,C01
202000013035,2,7,,0,2,4,1,B01
202000013035,2,10,,0,2,1,1,A01
202000013036,2,33,,0,2,1,17,B01
202000013036,1,7,,0,2,7,15,A01
202000013037,3,2,,6,0,1,13,A01
202000013038,1,10,,2,0,1,0,A01
202000013039,2,33,,0,0,0,11,A01
202000013039,2,7,,4,0,1,1,B01
202000013040,2,7,,0,2,2,1,A01
202000013040,1,7,,0,2,2,13,B01
202000013041,1,7,,0,2,1,11,B01
202000013041,1,33,,0,2,4,1,A01
202000013042,1,10,,0,2,3,15,A01
202000013042,2,32,,0,2,1,1,B01
202000013043,1,30,,6,0,1,0,A01
202000013044,1,7,,0,2,6,9,B01
202000013044,2,15,,0,2,3,1,A01
202000013045,2,7,,0,1,3,1,A01
202000013046,1,7,,2,0,7,1,A01
202000013047,2,7,,0,1,1,15,A01
202000013048,1,7,,6,2,3,5,A01
202000013048,2,7,,0,2,2,1,B01
202000013049,2,33,,0,2,2,17,B01
202000013049,2,7,,0,0,8,15,A01
202000013050,1,7,,0,2,7,1,A01
202000013050,1,33,,0,2,8,9,B01
202000013051,1,10,,4,0,1,26,A01
202000013052,2,7,,2,0,1,13,A01
202000013053,1,7,,3,0,3,13,A01
202000013054,2,10,,3,0,8,13,A01
202000013055,1,7,,4,0,1,14,A01
202000013056,1,10,,7,0,1,6,A01
202000013057,2,7,,0,2,1,5,A01
202000013057,1,10,,0,2,1,1,B01
202000013058,1,7,,16,0,1,1,A01
202000013059,0,10,,0,9,2,2,A01
202000013060,0,7,,0,2,3,9,A01
202000013060,0,7,,0,2,2,1,B01
202000013061,1,7,,0,2,1,1,B01
202000013061,1,10,,11,0,3,1,A01
202000013062,1,2,,13,0,0,1,A01
202000013063,1,7,,0,2,3,1,B01
202000013063,1,7,,0,2,3,13,A01
202000013064,1,7,,0,2,4,1,B01
202000013064,1,7,,0,2,1,2,A01
202000013065,1,10,,4,0,2,9,A01
202000013066,1,7,,0,1,1,1,A01
202000013067,1,7,,0,1,2,1,A01
202000013068,1,7,,0,2,4,1,B01
202000013068,1,33,,0,2,1,1,A01
202000013069,1,7,,4,0,1,13,A01
202000013070,2,7,,0,2,8,13,A01
202000013070,1,7,,0,2,8,1,B01
202000013071,2,7,,0,2,1,2,B01
202000013071,2,7,,0,2,4,11,A01
202000013072,1,1,,0,2,4,1,B01
202000013072,1,7,,0,9,4,1,A01
202000013073,1,7,,0,2,3,13,B01
202000013073,2,7,,0,2,2,16,A01
202000013074,3,7,,0,0,4,1,B01
202000013074,3,7,,0,2,1,2,A01
202000013075,1,7,,0,2,3,1,B01
202000013075,2,7,,0,2,3,1,A01
202000013076,2,7,,0,2,5,1,B01
202000013076,2,33,,0,2,1,2,A01
202000013077,1,34,,0,2,3,1,B01
202000013077,2,7,,0,2,3,15,A01
202000013078,1,31,,0,2,4,1,B01
202000013078,1,7,,0,2,1,1,A01
202000013079,1,7,,0,1,1,15,A01
202000013080,3,99,,0,2,1,2,A01
202000013080,3,10,,0,2,4,15,B01
202000013081,2,7,,0,2,4,2,B01
202000013081,2,7,,0,2,1,2,A01
202000013082,1,10,,0,2,1,9,A01
202000013082,1,1,,0,2,8,2,B01
202000013083,1,7,,0,1,0,1,Z01
202000013084,1,7,,4,0,3,13,A01
202000013085,3,7,,0,1,3,20,A01
202000013086,3,3,,0,2,4,0,B01
202000013086,3,7,,0,2,1,2,A01
202000013087,2,7,,0,1,1,1,A01
202000013088,1,7,,0,1,1,15,A01
202000013089,1,7,,0,1,1,1,A01
202000013090,2,10,,0,2,4,2,C01
202000013090,2,7,,0,2,4,2,B01
202000013090,2,7,,0,2,1,1,A01
202000013091,1,7,,8,0,2,14,A01
202000013092,2,14,,0,2,1,2,C01
202000013092,1,14,,0,2,1,2,B01
202000013092,1,10,,0,2,1,1,A01
202000013092,2,33,,0,2,3,1,D01
202000013093,1,7,,1,0,2,1,B01
202000013093,1,7,,0,2,6,23,A01
202000013094,-1,3,,0,2,2,1,B01
202000013094,-1,34,,0,2,6,2,A01
202000013095,3,7,,0,2,6,15,B01
202000013095,3,31,,0,2,1,13,A01
202000013096,3,14,,0,2,7,14,A01
202000013096,3,1,,0,2,8,26,B01
202000013097,1,7,,0,1,3,25,A01
202000013098,1,7,,0,2,3,9,B01
202000013098,2,7,,0,2,1,1,A01
202000013099,1,7,,0,1,1,15,A01
202000013100,1,7,,0,2,2,1,B01
202000013100,1,7,,0,2,6,13,A01
202000013101,3,7,,0,2,7,1,B01
202000013101,3,7,,0,2,8,11,A01
202000013102,1,7,,0,2,1,1,B01
202000013102,2,14,,0,2,2,15,A01
202000013103,2,10,,0,2,6,1,A01
202000013103,2,33,,0,2,0,17,B01
202000013104,3,7,,0,2,2,1,B01
202000013104,3,7,,0,2,3,15,A01
202000013105,0,7,,0,2,1,15,A01
202000013105,0,33,,0,2,1,1,B01
202000013106,0,7,,0,2,4,1,B01
202000013106,0,7,,0,2,1,1,A01
202000013107,0,7,,0,2,4,15,B01
202000013107,0,7,,0,2,1,1,A01
202000013108,0,7,,0,2,3,15,A01
202000013108,0,1,,0,2,1,1,B01
202000013109,1,7,,0,2,2,1,B01
202000013109,2,32,,0,2,1,1,A01
202000013110,3,14,,0,1,4,26,A01
202000013111,2,34,,0,0,0,1,A01
202000013112,2,7,,0,2,6,15,B01
202000013112,2,7,,0,2,1,26,A01
202000013112,2,7,,0,2,5,15,C01
202000013113,1,7,,0,2,1,2,C01
202000013113,1,7,,0,2,4,2,A01
202000013113,1,7,,0,2,4,2,B01
202000013114,1,7,,0,2,2,15,A01
202000013114,2,7,,0,2,1,1,B01
202000013114,2,7,,0,2,4,23,C01
202000013115,2,30,,0,2,2,1,B01
202000013115,2,7,,0,2,6,4,A01
202000013116,1,32,,0,2,1,2,A01
202000013116,1,7,,0,2,4,23,B01
202000013117,2,7,,0,2,0,0,C01
202000013117,2,7,,0,0,0,0,B01
202000013117,2,7,,0,2,4,26,A01
202000013118,1,7,,13,0,9,9,A01
202000013119,1,7,,0,2,3,1,D01
202000013119,1,10,,0,2,8,1,C01
202000013119,1,15,,0,2,6,1,B01
202000013119,2,7,,0,2,8,13,A01
202000013120,3,7,,0,2,4,23,B01
202000013120,3,10,,0,2,1,2,A01
202000013121,0,7,,0,1,0,17,Z01
202000013122,1,1,,0,1,1,1,A01
202000013123,3,7,,0,1,4,26,A01
202000013124,1,7,,9,0,1,14,A01
202000013125,1,7,,0,2,4,1,C01
202000013125,1,7,,0,2,4,1,B01
202000013125,1,7,,0,2,1,1,A01
202000013126,2,7,,0,2,4,2,B01
202000013126,2,7,,0,2,1,2,A01
202000013126,2,7,,0,2,4,2,C01
202000013127,1,7,,13,0,9,13,A01
202000013128,1,33,,0,2,1,1,B01
202000013128,2,7,,0,2,2,15,A01
202000013129,2,30,,0,1,1,1,Z01
202000013130,0,7,,9,0,1,1,A01
202000013131,0,10,,0,2,4,0,B01
202000013131,0,7,,0,2,4,0,C01
202000013131,0,10,,0,2,1,26,A01
202000013132,2,7,,0,2,3,13,A01
202000013132,1,7,,0,2,8,1,B01
202000013133,0,7,,0,1,5,26,A01
202000013134,2,7,,0,2,4,1,A01
202000013134,2,7,,0,2,1,0,Z01
202000013135,3,30,,0,2,1,1,A01
202000013135,3,7,,0,2,2,15,B01
202000013136,3,7,,0,1,3,26,A01
202000013137,1,7,,0,0,4,23,C01
202000013137,1,7,,0,2,1,26,A01
202000013137,1,7,,0,2,4,23,B01
202000013138,1,7,,9,0,3,15,A01
202000013139,2,7,,0,1,5,4,A01
202000013140,1,33,,15,0,1,26,A01
202000013141,1,7,,0,2,2,9,A01
202000013141,1,30,,0,2,7,1,B01
202000013142,1,7,,6,0,1,0,A01
202000013143,3,7,,0,2,2,9,A01
202000013143,1,32,,0,2,3,1,B01
202000013144,1,33,,0,1,2,1,A01
202000013145,1,3,,9,2,7,1,A01
202000013145,0,10,,0,2,1,19,B01
202000013146,1,10,,0,1,8,23,B01
202000013147,1,20,,0,1,2,26,A01
202000013148,2,2,,0,2,1,1,B01
202000013148,2,7,,0,2,8,15,A01
202000013149,2,32,,0,2,1,1,B01
202000013149,1,7,,0,2,2,15,A01
202000013150,1,10,,0,2,6,23,B01
202000013150,1,33,,0,2,1,2,A01
202000013151,0,7,,0,2,5,16,B01
202000013151,1,31,,0,2,1,18,A01
202000013152,1,7,,0,2,1,15,A01
202000013152,2,33,,0,2,6,1,B01
202000013153,2,1,,0,2,1,1,B01
202000013153,2,7,,0,2,7,16,A01
202000013154,0,38,2.0,0,0,0,1,A01
202000013155,2,10,,0,1,3,1,A01
202000013156,1,1,,0,1,1,1,A01
202000013157,2,30,,0,2,1,2,A01
202000013157,2,7,,0,2,5,2,B01
202000013158,2,32,,14,0,1,17,A01
202000013159,2,80,,0,0,0,7,A01
202000013160,2,7,,0,9,1,2,A01
202000013160,3,1,,0,2,3,1,B01
202000013161,2,1,,12,2,0,12,B01
202000013161,2,7,,0,9,7,16,A01
202000013162,1,34,,0,2,4,23,B01
202000013162,1,7,,0,2,1,1,A01
202000013163,1,0,,0,2,8,9,B01
202000013163,1,10,,0,2,7,1,A01
202000013164,1,7,,0,0,6,23,B01
202000013164,1,7,,0,0,2,26,A01
202000013164,2,7,,0,0,4,23,C01
202000013165,2,33,,14,0,1,1,A01
202000013165,1,7,,0,2,2,1,B01
202000013166,3,7,,0,2,7,15,B01
202000013166,3,30,,0,2,3,21,A01
202000013167,-1,7,,0,2,2,15,A01
202000013167,-1,7,,0,2,1,1,B01
202000013168,2,31,,0,2,0,1,B01
202000013168,1,7,,0,2,1,9,A01
202000013169,1,50,,0,0,8,2,A01
202000013170,-1,7,,0,2,1,1,B01
202000013170,-1,7,,0,2,5,16,A01
202000013171,1,7,,0,2,1,16,A01
202000013171,1,3,,0,2,4,16,B01
202000013172,1,32,,0,2,1,1,B01
202000013172,2,7,,0,2,3,1,A01
202000013173,1,7,,0,2,2,26,A01
202000013173,1,43,,0,2,1,1,B01
202000013174,1,10,,0,2,8,26,C01
202000013174,2,10,,0,2,4,2,A01
202000013174,1,10,,0,2,0,0,B01
202000013174,1,10,,0,2,1,23,D01
202000013175,2,7,,0,2,3,23,B01
202000013175,1,7,,0,2,3,13,A01
202000013176,3,7,,0,1,3,1,A01
202000013177,3,33,,0,2,3,1,B01
202000013177,3,7,,0,2,8,10,A01
202000013178,2,7,,0,2,4,2,B01
202000013178,2,7,,0,2,1,17,A01
202000013179,2,7,,0,1,2,1,A01
202000013180,1,7,,0,2,1,2,A01
202000013180,1,7,,0,2,4,2,B01
202000013181,1,17,,3,0,3,1,A01
202000013182,2,7,,0,0,4,2,C01
202000013182,2,7,,0,0,5,2,D01
202000013182,2,17,,0,2,1,2,A01
202000013183,1,7,,0,0,6,23,B01
202000013183,1,2,,14,2,1,2,A01
202000013184,1,7,,0,2,1,1,A01
202000013184,2,7,,0,2,1,1,B01
202000013185,1,7,,0,2,1,1,B01
202000013185,3,7,,0,2,2,1,A01
202000013186,3,15,,0,1,7,17,A01
202000013187,3,31,,0,2,3,1,B01
202000013187,3,7,,0,2,2,1,A01
202000013188,1,2,,0,2,1,1,B01
202000013188,3,7,,0,0,5,19,A01
202000013189,1,33,,17,0,1,0,A01
202000013190,1,7,,0,1,3,1,A01
202000013190,1,7,,0,1,3,1,B01
202000013191,2,7,,0,2,1,1,C01
202000013191,1,7,,0,2,4,15,B01
202000013191,1,7,,0,2,1,2,A01
202000013192,2,7,,15,0,0,13,A01
202000013193,2,7,,13,0,1,1,A01
202000013194,1,31,,6,0,1,1,A01
202000013195,1,7,,0,2,2,15,A01
202000013195,2,1,,0,2,1,1,B01
202000013196,1,7,,2,0,1,1,A01
202000013197,3,7,,0,2,0,1,A01
202000013197,3,1,,0,2,6,9,B01
202000013198,1,7,,13,0,1,14,A01
202000013199,1,7,,0,2,2,1,B01
202000013199,3,7,,0,2,2,15,A01
202000013200,3,1,,6,0,3,1,A01
202000013201,1,33,,0,0,0,15,A01
202000013202,2,33,,0,5,1,1,A01
202000013203,2,1,,0,2,1,15,B01
202000013203,1,7,,0,2,7,19,A01
202000013204,1,32,,0,0,0,0,A01