Num_Acc,senc,catv,occutc,obs,obsm,choc,manv,num_veh
202000013205,1,33,,0,0,8,1,A01
202000013206,1,33,,0,6,1,19,A01
202000013207,1,7,,13,0,3,1,A01
202000013208,3,2,,1,0,1,0,A01
202000013209,2,3,,0,1,2,1,A01
202000013210,3,7,,0,2,1,15,A01
202000013210,3,33,,0,2,1,1,B01
202000013211,1,7,,0,0,5,15,B01
202000013211,1,33,,0,2,1,1,A01
202000013212,1,7,,0,9,2,2,A01
202000013212,1,1,,0,0,4,2,B01
202000013213,1,7,,0,2,3,13,A01
202000013213,2,21,,0,2,3,1,B01
202000013214,2,10,,0,0,8,1,B01
202000013214,1,36,,0,2,1,13,A01
202000013215,1,7,,6,0,1,14,A01
202000013216,1,7,,0,2,1,1,B01
202000013216,1,7,,0,2,8,19,A01
202000013217,2,33,,0,2,3,1,B01
202000013217,1,33,,0,2,3,1,A01
202000013218,1,7,,1,2,1,2,A01
202000013218,1,7,,0,0,4,0,B01
202000013219,2,7,,0,0,4,2,C01
202000013219,1,7,,0,2,4,2,B01
202000013219,2,10,,0,2,2,2,A01
202000013220,3,99,,0,2,1,1,A01
202000013220,3,7,,0,2,4,4,B01
202000013221,2,7,,16,0,3,1,A01
202000013222,1,7,,13,0,1,1,A01
202000013223,1,7,,0,2,3,1,B01
202000013223,2,7,,0,2,3,13,A01
202000013224,3,7,,0,2,3,1,A01
202000013224,3,10,,0,2,3,1,B01
202000013225,2,15,,0,2,1,15,B01
202000013225,1,31,,0,2,8,1,A01
202000013226,2,31,,0,2,1,0,B01
202000013226,2,7,,0,0,8,1,C01
202000013226,1,7,,0,2,3,13,A01
202000013227,3,7,,0,1,1,1,A01
202000013228,2,33,,0,2,1,1,B01
202000013228,2,7,,0,2,4,15,A01
202000013229,2,7,,0,0,2,1,A01
202000013229,2,1,,0,0,4,1,B01
202000013230,2,7,,0,2,8,1,C01
202000013230,1,33,,0,2,3,17,A01
202000013230,1,7,,0,2,6,1,B01
202000013231,2,1,,0,0,0,26,A01
202000013232,2,1,,0,0,9,1,A01
202000013233,3,2,,0,2,1,2,B01
202000013233,3,2,,0,2,4,2,A01
202000013234,0,1,,0,2,0,1,A01
202000013234,0,7,,0,9,2,2,B01
202000013235,2,33,,0,6,1,19,A01
202000013236,0,7,,0,0,0,1,A01
202000013237,3,2,,13,0,1,1,A01
202000013238,2,15,,0,2,1,2,A01
202000013238,2,7,,0,0,4,2,B01
202000013239,2,7,,0,2,3,19,B01
202000013239,1,1,,0,2,1,1,A01
202000013240,1,3,,0,1,1,1,A01
202000013241,1,7,,0,2,7,2,B01
202000013241,1,7,,0,2,8,2,C01
202000013241,1,15,,0,2,8,2,A01
202000013242,1,1,,0,0,4,1,B01
202000013242,1,7,,0,0,2,1,A01
202000013243,1,17,,0,2,4,2,B01
202000013243,1,33,,0,2,1,2,A01
202000013244,1,7,,0,2,1,1,B01
202000013244,1,7,,0,2,4,23,A01
202000013245,2,7,,0,2,4,2,C01
202000013245,2,7,,0,2,4,0,B01
202000013245,2,10,,0,2,1,1,A01
202000013246,2,7,,0,2,3,11,A01
202000013246,2,33,,0,2,2,3,B01
202000013246,2,10,,0,2,4,1,C01
202000013247,1,2,,0,2,7,15,A01
202000013247,2,33,,0,2,1,1,B01
202000013248,1,33,,0,2,8,3,B01
202000013248,1,7,,0,2,7,21,A01
202000013249,2,33,,0,2,1,17,A01
202000013249,2,20,,0,2,3,15,B01
202000013250,1,7,,0,2,6,1,B01
202000013250,1,33,,0,2,2,3,A01
202000013251,2,7,,0,0,0,1,A01
202000013252,3,7,,0,2,8,19,A01
202000013252,3,33,,0,2,1,1,B01
202000013253,2,7,,0,2,1,2,A01
202000013253,2,7,,0,2,4,2,B01
202000013254,2,1,,0,2,4,2,B01
202000013254,2,7,,0,2,2,2,A01
202000013255,1,7,,1,0,1,14,A01
202000013256,1,7,,0,2,4,1,A01
202000013256,1,7,,0,2,1,1,B01
202000013257,2,7,,0,2,1,21,B01
202000013257,2,7,,0,2,7,1,A01
202000013258,1,7,,0,2,6,1,A01
202000013258,1,10,,0,2,2,12,B01
202000013259,1,7,,0,2,4,2,B01
202000013259,1,7,,0,2,4,1,C01
202000013259,1,7,,0,2,1,1,Z01
202000013260,0,7,,0,0,0,0,Z01
202000013260,2,7,,0,2,4,2,A01
202000013261,1,10,,0,2,1,1,B01
202000013261,2,7,,12,2,2,1,A01
202000013262,1,7,,0,2,1,1,B01
202000013262,1,10,,0,2,4,1,A01
202000013263,1,33,,0,2,1,1,B01
202000013263,2,7,,0,2,5,15,A01
202000013264,0,2,,1,2,8,24,B01
202000013264,2,15,,1,0,9,1,A01
202000013265,2,2,,0,2,1,1,B01
202000013265,2,7,,0,2,5,15,A01
202000013266,1,7,,0,2,8,24,A01
202000013266,1,1,,1,0,1,1,B01
202000013267,2,7,,0,1,1,2,B01
202000013267,2,7,,0,2,1,2,C01
202000013268,1,33,,0,0,9,2,A01
202000013269,2,32,,0,2,7,2,A01
202000013269,2,7,,0,2,0,10,B01
202000013270,1,7,,0,2,4,2,A01
202000013270,1,33,,0,2,4,2,B01
202000013271,2,7,,0,2,3,24,B01
202000013271,2,7,,1,0,2,14,A01
202000013272,2,7,,0,2,1,19,A01
202000013272,1,7,,0,2,5,1,B01
202000013273,1,7,,0,2,1,1,B01
202000013273,1,7,,0,2,6,19,A01
202000013274,2,0,,0,2,0,1,Z01
202000013274,2,7,,0,2,7,1,C01
202000013274,2,10,,0,2,4,1,B01
202000013275,1,7,,0,0,1,13,A01
202000013276,2,7,,0,0,0,0,B01
202000013276,1,42,,0,0,0,26,A01
202000013277,1,7,,0,2,7,12,B01
202000013277,1,32,,0,2,8,3,A01
202000013278,3,7,,0,2,6,15,B01
202000013278,3,2,,0,2,1,2,A01
202000013279,1,31,,0,0,9,1,A01
202000013280,1,7,,0,1,0,1,A01
202000013281,1,14,,0,2,1,13,A01
202000013282,3,30,,0,2,1,26,A01
202000013282,1,7,,0,2,6,1,B01
202000013283,1,7,,1,0,2,1,B01
202000013283,2,7,,0,2,6,23,A01
202000013284,1,7,,0,2,6,15,A01
202000013284,1,33,,0,0,7,1,B01
202000013285,1,33,,0,2,1,18,A01
202000013285,1,10,,0,2,6,23,B01
202000013286,3,7,,0,2,0,16,Z01
202000013286,2,30,,0,2,4,11,A01
202000013287,2,7,,6,0,1,2,A01
202000013288,2,33,,0,2,7,1,B01
202000013288,2,7,,0,2,8,11,A01
202000013288,2,7,,0,2,4,2,C01
202000013289,1,7,,0,1,1,1,A01
202000013290,1,7,,0,0,0,2,A01
202000013290,2,1,,0,0,0,0,B01
202000013291,2,7,,0,2,8,10,A01
202000013291,2,2,,0,2,1,17,B01
202000013292,3,7,,6,0,1,26,A01
202000013293,2,7,,0,1,3,1,A01
202000013294,1,7,,0,2,3,15,A01
202000013294,1,34,,0,2,1,11,B01
202000013295,0,7,,0,2,1,9,A01
202000013295,0,7,,1,2,9,1,B01
202000013296,1,7,,0,2,1,15,B01
202000013296,2,30,,0,2,1,1,A01
202000013297,2,7,,0,2,5,1,B01
202000013297,2,2,,0,2,3,18,A01
202000013298,2,30,,0,2,3,13,A01
202000013298,2,7,,0,2,3,1,B01
202000013299,1,34,,0,0,0,0,A01
202000013300,1,7,,0,2,1,2,B01
202000013300,1,1,,0,2,4,1,A01
202000013301,2,7,,0,2,1,1,A01
202000013301,2,7,,0,2,4,1,B01
202000013301,2,7,,0,2,4,1,C01
202000013302,2,7,,0,2,1,2,A01
202000013302,2,7,,0,2,4,2,B01
202000013303,3,10,,0,2,8,15,A01
202000013303,3,34,,0,2,1,2,B01
202000013304,0,7,,0,2,7,1,B01
202000013304,2,30,,0,2,1,1,A01
202000013305,2,1,,0,2,4,1,B01
202000013305,2,7,,0,9,2,7,Z01
202000013306,2,7,,8,0,1,1,A01
202000013307,2,7,,0,2,3,15,A01
202000013307,2,2,,0,2,1,1,B01
202000013308,3,2,,0,0,8,13,A01
202000013309,2,33,,13,0,0,1,A01
202000013310,2,33,,0,2,1,13,B01
202000013310,2,7,,0,2,8,10,A01
202000013311,2,7,,0,0,2,1,A01
202000013312,3,30,,0,0,0,0,B01
202000013312,3,7,,0,2,8,26,A01
202000013313,1,1,,12,0,1,21,A01
202000013314,3,32,,0,2,0,0,B01
202000013314,3,7,,0,2,1,9,A01
202000013315,1,7,,0,2,8,1,A01
202000013315,1,7,,0,2,1,1,B01
202000013316,3,1,,0,0,4,2,B01
202000013316,2,7,,0,2,2,2,A01
202000013317,3,7,,0,2,1,9,A01
202000013317,3,7,,0,2,7,1,B01
202000013318,3,30,,0,0,0,1,A01
202000013319,2,10,,0,2,3,15,A01
202000013319,2,1,,0,2,1,1,B01
202000013320,2,31,,0,0,1,1,A01
202000013321,1,33,,0,1,1,25,A01
202000013322,1,31,,0,2,7,1,B01
202000013322,2,7,,0,2,1,1,A01
202000013323,2,99,,0,1,8,25,A01
202000013324,1,34,,0,1,1,17,A01
202000013325,1,7,,0,2,6,1,A01
202000013325,2,33,,0,2,1,2,B01
202000013326,1,33,,0,2,2,21,A01
202000013326,1,7,,0,2,5,1,B01
202000013327,3,33,,8,2,1,17,A01
202000013327,3,7,,0,2,8,15,B01
202000013328,1,33,,13,2,8,2,B01
202000013328,1,7,,0,2,7,17,A01
202000013329,2,10,,8,2,8,1,A01
202000013329,2,10,,0,2,1,1,B01
202000013330,3,33,,12,0,1,26,A01
202000013331,2,7,,0,2,3,15,A01
202000013331,1,33,,0,2,1,17,B01
202000013332,1,7,,0,2,7,1,A01
202000013332,1,7,,0,2,1,1,B01
202000013333,1,33,,0,2,1,1,B01
202000013333,2,7,,0,2,2,15,A01
202000013334,1,7,,0,1,1,1,A01
202000013335,2,7,,0,2,1,1,A01
202000013335,2,7,,0,2,4,1,B01
202000013336,1,7,,0,1,1,1,A01
202000013337,3,34,,1,0,1,1,A01
202000013338,2,7,,14,0,1,1,A01
202000013339,3,2,,0,2,7,9,B01
202000013339,3,14,,0,2,1,9,A01
202000013340,1,7,,0,2,3,5,A01
202000013340,2,43,,0,2,3,1,B01
202000013341,2,7,,9,2,7,1,B01
202000013341,1,7,,0,2,1,1,A01
202000013342,2,34,,0,2,1,1,B01
202000013342,2,7,,0,2,3,9,A01
202000013343,3,1,,0,2,0,0,A01
202000013343,3,7,,0,2,3,26,B01
202000013344,2,7,,0,2,1,15,A01
202000013344,1,33,,0,2,1,1,B01
202000013345,1,7,,0,2,7,16,B01
202000013345,2,30,,0,2,1,15,A01
202000013346,1,1,,0,1,1,1,A01
202000013347,1,7,,0,1,1,1,A01
202000013348,1,7,,0,2,6,2,A01
202000013348,1,1,,0,2,1,2,B01
202000013349,3,1,,0,1,1,1,A01
202000013350,1,1,,0,2,0,11,B01
202000013350,1,7,,0,2,5,1,A01
202000013351,1,7,,0,2,3,15,A01
202000013351,1,30,,0,2,1,1,B01
202000013352,1,1,,0,2,1,18,B01
202000013352,1,1,,0,2,4,14,A01
202000013353,2,7,,0,2,1,22,A01
202000013353,1,1,,0,2,2,25,B01
202000013354,2,7,,1,0,2,13,A01
202000013355,2,50,,0,0,0,1,A01
202000013356,1,1,,0,2,1,1,B01
202000013356,1,7,,0,2,3,15,A01
202000013357,3,80,,0,0,1,1,A01
202000013358,2,37,1.0,0,2,3,16,A01
202000013358,1,1,,0,2,1,1,B01
202000013359,1,7,,0,2,4,13,A01
202000013359,1,34,,0,2,1,1,B01
202000013360,1,7,,0,2,3,15,B01
202000013360,1,33,,0,2,1,2,A01
202000013361,3,7,,0,2,1,1,A01
202000013361,-1,1,,0,2,1,-1,B01
202000013362,2,7,,1,2,2,16,A01
202000013362,2,7,,1,2,1,1,B01
202000013363,2,30,,0,2,1,23,B01
202000013363,1,7,,0,2,1,16,Z01
202000013364,-1,7,,9,0,1,9,A01
202000013365,2,7,,0,2,4,1,B01
202000013365,2,7,,0,2,1,2,A01
202000013366,3,30,,12,0,2,16,A01
202000013367,2,7,,0,1,3,1,A01
202000013368,1,7,,0,0,4,1,A01
202000013368,1,2,,0,2,1,1,B01
202000013369,2,7,,0,1,0,0,Z01
202000013370,2,33,,0,2,1,1,A01
202000013370,0,7,,0,2,3,15,B01
202000013371,1,7,,8,0,1,14,A01
202000013372,1,33,,0,0,3,1,A01
202000013372,2,7,,0,0,0,15,B01
202000013373,1,33,,6,0,3,1,A01
202000013374,2,7,,0,2,2,1,A01
202000013374,1,7,,0,2,2,1,B01
202000013375,0,7,,0,2,1,1,B01
202000013375,0,7,,0,2,3,5,A01
202000013376,0,33,,16,0,0,0,A01
202000013377,2,7,,13,0,2,17,A01
202000013378,3,2,,8,0,1,1,A01
202000013378,1,7,,0,2,4,2,B01
202000013379,2,1,,0,0,6,1,B01
202000013379,2,10,,0,2,2,1,A01
202000013380,3,7,,0,2,1,1,A01
202000013380,3,7,,0,2,1,1,B01
202000013381,1,7,,0,2,5,17,B01
202000013381,1,2,,0,2,8,13,A01
202000013382,1,7,,0,2,1,2,B01
202000013382,1,31,,0,0,4,1,A01
202000013383,1,32,,0,2,7,17,A01
202000013383,1,13,,0,2,8,16,B01
202000013384,2,7,,0,0,6,26,A01
202000013384,1,33,,0,2,1,1,B01
202000013385,3,33,,0,0,0,1,A01
202000013386,3,7,,0,2,5,16,A01
202000013386,3,1,,0,2,3,1,B01
202000013387,2,7,,14,0,2,2,A01
202000013388,2,21,,17,0,2,1,A01
202000013389,1,7,,0,2,8,9,B01
202000013389,1,32,,0,0,7,1,A01
202000013390,2,21,,0,0,0,15,A01
202000013391,3,30,,16,0,0,14,A01
202000013392,1,33,,0,0,0,2,A01
202000013393,2,60,,0,2,1,1,B01
202000013393,1,7,,0,2,3,15,A01
202000013394,1,80,,0,0,1,1,A01
202000013395,2,7,,0,1,0,0,A01
202000013396,1,33,,0,2,1,1,B01
202000013396,2,7,,0,2,2,15,A01
202000013397,0,10,,0,0,0,0,A01
202000013398,1,7,,0,2,2,23,C01
202000013398,2,7,,0,2,3,1,B01
202000013398,1,7,,0,2,3,15,A01
202000013399,1,7,,2,0,8,26,A01
202000013400,1,7,,2,0,1,14,A01
202000013401,1,7,,0,2,5,26,A01
202000013401,2,7,,0,2,1,26,B01
202000013402,1,33,,0,2,1,3,B01
202000013402,2,7,,0,2,3,1,A01
202000013403,0,33,,16,0,1,14,A01
202000013404,2,7,,0,2,3,1,B01
202000013404,1,7,,0,2,3,13,A01
202000013405,1,7,,6,0,2,1,A01
202000013406,2,33,,1,0,1,1,A01
202000013407,1,33,,0,0,0,1,A01
202000013408,2,7,,13,0,1,13,A01
202000013409,2,7,,0,2,2,17,A01
202000013409,2,1,,0,2,4,2,B01
202000013410,2,7,,0,1,1,1,A01
202000013411,1,7,,0,2,2,1,A01
202000013411,1,7,,0,2,1,1,B01
202000013412,2,7,,2,0,9,1,A01
202000013413,1,7,,0,2,1,15,A01
202000013413,2,1,,0,2,8,1,B01
202000013414,1,7,,5,0,0,1,A01
202000013415,1,7,,0,2,7,1,B01
202000013415,1,1,,0,2,1,1,A01
202000013416,2,1,,0,2,1,1,B01
202000013416,1,7,,0,2,6,15,A01
202000013417,1,7,,0,0,9,1,A01
202000013418,2,7,,13,0,1,2,A01
202000013419,3,7,,16,9,0,26,A01
202000013420,3,2,,0,0,0,2,A01
202000013421,2,33,,17,0,1,1,A01
202000013422,1,7,,2,0,1,2,A01
202000013423,1,7,,0,1,0,1,A01
202000013424,2,32,,0,2,1,17,A01
202000013424,2,33,,0,2,1,1,B01
202000013425,2,7,,0,2,1,0,B01
202000013425,2,1,,0,2,4,1,A01
202000013426,3,7,,0,2,1,16,A01
202000013426,3,7,,0,2,3,23,B01
202000013427,2,33,,13,0,9,1,A01
202000013428,2,33,,0,2,1,1,B01
202000013428,3,31,,0,2,3,19,A01
202000013429,3,7,,13,0,1,17,B01
202000013429,3,7,,0,0,1,1,A01
202000013430,1,99,,13,0,1,26,A01
202000013431,1,7,,0,2,3,13,A01
202000013431,2,7,,0,2,3,1,B01
202000013432,0,7,,13,0,1,0,A01
202000013433,2,1,,14,9,1,1,A01
202000013434,2,7,,0,2,1,1,B01
202000013434,1,7,,0,2,1,6,A01
202000013435,3,7,,2,0,2,0,A01
202000013436,3,33,,0,2,8,1,B01
202000013436,3,7,,0,2,3,15,A01
202000013437,1,7,,0,2,7,10,A01
202000013437,2,33,,0,2,1,1,B01
202000013438,2,33,,8,0,1,1,A01
202000013439,1,15,,0,0,5,2,B01
202000013439,1,15,,0,2,3,2,A01
202000013440,1,16,,0,0,0,2,B01
202000013440,1,7,,4,2,2,2,A01
202000013441,1,33,,0,2,7,1,A01
202000013441,1,7,,0,2,8,11,B01
202000013442,1,7,,3,2,4,2,A01
202000013442,1,7,,3,2,1,2,B01
202000013443,1,38,1.0,0,2,7,12,B01
202000013443,1,7,,0,2,8,1,A01
202000013444,1,7,,4,0,2,21,A01
202000013445,1,7,,3,2,1,2,B01
202000013445,1,7,,3,2,4,2,A01
202000013446,2,7,,0,2,8,11,A01
202000013446,2,33,,0,2,7,3,B01
202000013446,2,7,,0,2,4,1,C01
202000013447,2,7,,0,2,1,2,A01
202000013447,2,7,,0,2,4,2,B01
202000013448,1,7,,0,0,4,1,B01
202000013448,1,7,,0,2,1,1,A01
202000013449,2,7,,4,0,1,21,A01
202000013450,1,7,,0,2,1,1,B01
202000013450,1,7,,0,2,4,9,A01
202000013451,2,0,,0,2,0,0,Z01
202000013451,2,32,,0,2,2,1,A01
202000013452,1,33,,0,2,1,3,A01
202000013452,2,7,,0,2,5,1,B01
202000013453,1,7,,0,2,1,2,A01
202000013453,1,7,,0,2,4,2,B01
202000013453,1,7,,0,2,4,2,C01
202000013454,2,33,,0,2,1,2,A01
202000013454,2,7,,0,2,4,2,B01
202000013455,1,7,,4,0,1,14,A01
202000013456,2,7,,0,2,2,14,A01
202000013456,2,7,,4,2,4,1,B01
202000013457,1,10,,0,0,6,21,A01
202000013457,1,33,,0,2,2,3,B01
202000013457,1,7,,0,2,2,1,C01
202000013458,1,33,,4,0,1,15,A01
202000013459,1,7,,0,2,4,12,A01
202000013459,1,32,,0,2,1,1,B01
202000013460,2,7,,0,2,4,23,A01
202000013460,2,7,,0,2,1,0,B01
202000013461,2,7,,0,2,6,12,A01
202000013461,2,33,,0,2,1,3,B01
202000013462,1,7,,0,2,4,1,C01
202000013462,1,33,,0,2,7,3,A01
202000013462,1,7,,0,2,8,11,B01
202000013463,3,0,,0,1,0,26,A01
202000013464,2,30,,0,2,1,26,A01
202000013464,2,7,,0,2,4,1,B01
202000013465,2,33,,9,0,1,2,A01
202000013466,1,7,,0,2,7,1,B01
202000013466,1,2,,0,2,1,10,A01
202000013467,3,7,,0,2,8,1,B01
202000013467,2,7,,0,2,1,1,A01
202000013468,1,7,,0,2,1,16,A01
202000013468,1,1,,0,2,7,1,B01
202000013469,1,2,,0,1,1,1,A01
202000013470,3,7,,0,2,1,9,A01
202000013470,0,7,,0,2,7,1,B01
202000013471,1,33,,10,0,1,1,A01
202000013472,1,7,,0,2,2,1,A01
202000013472,1,1,,0,2,8,19,B01
202000013473,1,7,,0,1,0,16,A01
202000013474,1,33,,0,2,0,1,A01
202000013475,1,33,,0,2,8,1,B01
202000013475,2,10,,0,2,7,16,A01
202000013476,2,7,,13,0,9,14,A01
202000013477,2,7,,0,0,6,0,B01
202000013477,2,10,,0,2,2,1,A01
202000013478,1,7,,3,0,1,2,A01
202000013479,1,34,,4,2,2,17,B01
202000013479,1,7,,0,2,6,2,A01
202000013479,1,7,,0,2,1,1,C01
202000013480,2,33,,1,0,1,14,A01
202000013480,0,15,,0,0,4,24,B01
202000013481,2,33,,0,0,4,23,B01
202000013481,2,33,,0,2,1,21,A01
202000013482,1,7,,0,0,0,15,C01
202000013482,2,7,,0,2,1,14,A01
202000013482,3,7,,0,0,8,23,B01
202000013483,1,1,,0,2,6,10,A01
202000013483,1,7,,0,2,2,17,B01
202000013484,3,7,,0,2,3,9,A01
202000013484,3,31,,0,2,7,26,B01
202000013485,1,7,,13,2,3,1,B01
202000013485,2,7,,3,2,3,13,A01
202000013486,0,7,,1,2,4,1,B01
202000013486,0,37,1.0,0,2,2,1,A01
202000013487,1,7,,0,2,4,1,B01
202000013487,1,7,,0,2,1,1,C01
202000013487,2,10,,0,2,4,1,A01
202000013488,2,7,,0,2,1,2,C01
202000013488,2,7,,0,2,1,2,B01
202000013488,2,10,,0,2,4,1,A01
202000013489,2,7,,0,2,6,11,B01
202000013489,2,7,,0,2,2,1,A01
202000013490,2,7,,0,2,6,1,B01
202000013490,2,15,,0,2,2,12,A01
202000013491,2,7,,0,2,6,1,B01
202000013491,2,17,,0,2,0,14,A01
202000013492,1,7,,0,2,6,1,A01
202000013492,1,7,,0,2,4,1,B01
202000013492,1,7,,0,2,1,1,C01
202000013493,2,7,,0,2,5,2,B01
202000013493,2,7,,3,2,3,18,A01
202000013494,2,34,,3,0,7,1,A01
202000013495,1,7,,0,2,4,1,B01
202000013495,1,7,,0,2,2,2,A01
202000013496,2,7,,4,2,1,1,A01
202000013496,2,7,,3,2,4,2,B01
202000013497,2,15,,0,2,1,1,A01
202000013497,2,15,,0,2,4,1,B01
202000013497,2,15,,0,2,1,1,C01
202000013498,2,32,,0,2,8,9,A01
202000013498,2,17,,0,2,7,1,B01
202000013499,1,10,,8,2,2,16,A01
202000013499,1,7,,0,2,5,2,B01
202000013500,1,7,,0,1,2,1,A01
202000013501,2,7,,0,1,2,1,A01
202000013502,1,7,,0,2,1,26,A01
202000013502,1,99,,0,2,4,2,B01
202000013503,3,7,,15,2,1,1,A01
202000013503,3,7,,0,2,7,1,B01
202000013504,2,7,,0,2,1,15,A01
202000013504,1,7,,0,2,3,1,B01
202000013504,2,2,,0,2,1,1,C01
202000013505,1,40,,0,1,1,19,A01
202000013506,1,7,,8,0,9,1,A01
202000013507,3,1,,0,2,1,16,B01
202000013507,3,7,,1,2,3,1,A01
202000013508,2,7,,0,2,7,14,A01
202000013508,2,2,,0,2,8,1,B01
202000013509,1,32,,0,1,1,1,A01
202000013510,0,3,,16,2,8,26,A01
202000013510,0,37,1.0,0,2,1,1,B01
202000013511,1,10,,0,2,3,26,A01
202000013511,1,7,,0,2,3,1,B01
202000013512,3,32,,14,0,2,26,A01
202000013513,1,7,,0,2,2,9,A01
202000013513,2,2,,0,2,1,1,B01
202000013514,2,30,,0,2,0,0,B01
202000013514,2,7,,0,9,8,15,A01
202000013515,2,7,,0,2,8,1,B01
202000013515,1,10,,0,2,3,16,A01
202000013516,1,7,,0,2,1,13,A01
202000013516,2,7,,0,2,1,1,B01
202000013517,1,30,,0,2,2,1,B01
202000013517,1,2,,0,2,3,19,A01
202000013518,1,7,,0,2,2,14,A01
202000013518,1,10,,0,0,6,23,B01
202000013519,1,33,,6,0,0,26,A01
202000013520,3,30,,0,2,1,15,A01
202000013520,1,7,,0,2,3,2,B01
202000013521,0,30,,0,2,1,1,B01
202000013521,0,7,,0,2,7,15,A01
202000013522,2,1,,1,0,2,1,B01
202000013522,2,7,,0,2,0,23,A01
202000013523,1,7,,5,0,1,1,A01
202000013524,1,7,,0,2,1,1,C01
202000013524,1,7,,0,2,4,1,B01
202000013524,1,7,,0,2,1,1,A01
202000013525,3,7,,0,1,3,18,A01
202000013526,1,7,,0,9,7,1,A01
202000013526,1,1,,0,2,1,19,B01
202000013527,2,1,,0,2,7,15,B01
202000013527,1,10,,0,9,2,15,A01
202000013528,1,1,,0,2,8,13,B01
202000013528,1,7,,0,2,1,17,A01
202000013529,1,7,,0,2,2,15,A01
202000013529,2,1,,0,2,1,19,B01
202000013530,1,7,,0,2,3,1,B01
202000013530,1,7,,0,2,1,1,A01
202000013531,1,7,,0,2,2,1,B01
202000013531,2,7,,0,2,2,13,A01
202000013532,1,1,,0,2,1,1,A01
202000013532,1,10,,0,2,1,1,B01
202000013533,1,7,,2,0,1,1,A01
202000013534,3,7,,1,1,3,17,A01
202000013535,0,7,,8,1,1,0,A01
202000013536,2,3,,8,0,1,0,A01
202000013537,2,7,,0,2,1,13,A01
202000013537,1,7,,0,2,1,1,B01
202000013538,1,50,,0,2,1,25,A01
202000013538,1,7,,0,2,0,0,B01
202000013539,1,7,,0,2,4,17,B01
202000013539,1,7,,0,2,4,17,A01
202000013540,1,1,,0,2,7,0,B01
202000013540,1,7,,0,2,3,9,A01
202000013541,1,7,,0,2,6,0,D01
202000013541,1,7,,0,2,6,0,B01
202000013541,1,36,,0,2,1,2,A01
202000013541,1,7,,0,2,6,0,C01
202000013542,1,33,,0,0,0,0,B01
202000013542,2,7,,0,0,0,15,A01
202000013543,0,7,,0,1,3,1,A01
202000013544,2,33,,2,0,0,1,A01
202000013545,0,7,,0,2,2,15,A01
202000013545,0,33,,0,2,1,1,B01
202000013546,1,99,,0,2,8,15,A01
202000013546,1,30,,0,2,1,1,B01
202000013547,3,31,,0,2,1,1,B01
202000013547,3,7,,0,2,1,15,A01
202000013548,3,7,,0,2,1,1,A01
202000013548,3,7,,0,2,4,1,B01
202000013548,3,7,,0,2,5,1,C01
202000013549,3,7,,12,0,1,1,A01
202000013550,2,7,,0,2,2,2,B01
202000013550,2,7,,0,2,6,23,A01
202000013551,1,7,,0,2,6,2,B01
202000013551,1,7,,0,2,1,2,A01
202000013552,2,7,,0,2,4,1,C01
202000013552,2,7,,0,2,1,1,A01
202000013552,2,7,,0,2,4,1,B01
202000013553,2,30,,12,0,1,14,A01
202000013554,2,7,,2,0,1,14,A01
202000013555,2,7,,0,2,2,1,A01
202000013555,2,1,,0,2,8,19,B01
202000013556,0,7,,0,2,3,15,B01
202000013556,0,2,,0,2,1,1,A01
202000013557,3,7,,1,1,2,1,A01
202000013557,3,7,,0,0,7,24,B01
202000013558,1,7,,0,2,1,2,B01
202000013558,2,10,,0,2,3,13,A01
202000013559,1,7,,0,2,0,0,B01
202000013559,1,7,,0,2,8,15,A01
202000013560,1,7,,1,2,7,24,B01
202000013560,1,7,,1,0,2,19,A01
202000013561,1,7,,0,1,2,0,A01
202000013562,1,7,,0,2,1,1,B01
202000013562,1,30,,0,1,0,26,A01
202000013563,1,7,,0,2,8,15,B01
202000013563,1,33,,0,2,2,17,A01
202000013564,0,7,,0,1,0,17,A01
202000013565,1,10,,0,2,2,1,A01
202000013565,1,32,,0,0,4,1,B01
202000013566,3,31,,0,2,1,2,A01
202000013566,3,10,,0,2,4,15,B01
202000013567,0,30,,0,0,7,0,A01
202000013568,1,7,,0,1,1,1,A01
202000013569,3,30,,0,2,1,1,A01
202000013569,3,7,,0,2,0,15,B01
202000013570,1,10,,0,1,2,1,A01
202000013571,2,1,,0,2,0,18,B01
202000013571,2,7,,0,2,2,12,A01
202000013572,2,7,,0,2,8,11,B01
202000013572,2,32,,0,2,2,17,A01
202000013573,2,32,,1,0,8,15,A01
202000013574,2,1,,0,2,1,1,B01
202000013574,2,7,,0,2,3,22,A01
202000013575,1,7,,0,2,6,1,B01
202000013575,1,33,,0,2,1,3,A01
202000013576,1,37,1.0,0,1,2,7,A01
202000013577,1,1,,14,0,0,11,A01
202000013578,1,50,,0,0,0,1,A01
202000013579,1,2,,0,2,1,1,B01
202000013579,2,7,,0,2,8,1,A01
202000013580,2,7,,0,2,6,1,C01
202000013580,1,7,,0,2,1,1,B01
202000013580,2,7,,0,2,1,17,A01
202000013581,2,7,,0,2,8,1,A01
202000013581,1,7,,0,2,3,23,B01
202000013582,2,7,,0,1,7,1,A01
202000013583,1,1,,0,2,7,19,A01
202000013583,2,31,,0,2,1,1,B01
202000013584,1,7,,0,9,1,1,B01
202000013584,1,31,,0,9,1,26,A01