Num_Acc,senc,catv,occutc,obs,obsm,choc,manv,num_veh
202000013585,1,33,,0,2,2,2,B01
202000013585,1,7,,11,2,3,15,A01
202000013586,3,7,,0,2,1,15,A01
202000013586,3,10,,0,2,3,1,B01
202000013587,1,7,,0,9,1,1,A01
202000013587,1,34,,0,2,7,1,B01
202000013588,1,30,,0,2,3,0,C01
202000013588,2,7,,0,2,3,1,B01
202000013588,1,30,,0,2,1,13,A01
202000013589,3,7,,0,2,3,10,A01
202000013589,3,34,,0,2,2,17,B01
202000013590,2,7,,0,1,5,20,A01
202000013591,1,7,,0,1,3,26,A01
202000013592,1,7,,0,1,1,2,A01
202000013593,1,7,,0,2,1,15,B01
202000013593,2,7,,0,2,3,23,A01
202000013594,1,7,,0,2,4,23,C01
202000013594,1,7,,0,2,4,2,B01
202000013594,1,7,,0,2,1,2,A01
202000013595,1,7,,0,2,2,9,A01
202000013595,1,34,,0,2,1,1,B01
202000013596,1,10,,0,2,8,10,A01
202000013596,1,2,,0,2,1,1,B01
202000013597,2,30,,8,0,2,14,A01
202000013598,1,7,,0,2,3,1,B01
202000013598,1,34,,0,2,2,1,C01
202000013598,1,7,,0,2,6,0,A01
202000013599,2,7,,4,0,8,1,A01
202000013600,2,7,,2,0,1,17,A01
202000013601,2,7,,0,2,5,17,B01
202000013601,2,1,,0,2,3,13,A01
202000013602,1,7,,0,2,4,23,D01
202000013602,1,7,,0,2,4,23,C01
202000013602,1,7,,0,2,4,23,B01
202000013602,1,7,,0,2,1,1,A01
202000013603,2,2,,0,2,1,5,A01
202000013603,1,7,,0,2,3,1,B01
202000013604,2,33,,0,0,3,26,A01
202000013605,1,80,,0,2,0,5,A01
202000013605,2,7,,0,2,0,1,B01
202000013606,0,7,,13,0,1,1,A01
202000013607,2,33,,6,6,1,1,A01
202000013608,1,14,,0,2,3,1,B01
202000013608,2,7,,0,2,3,13,A01
202000013609,0,32,,12,0,7,1,A01
202000013610,2,7,,2,0,3,14,A01
202000013611,1,10,,0,2,3,13,A01
202000013611,2,31,,0,2,8,21,B01
202000013612,2,33,,13,0,2,14,A01
202000013613,1,7,,0,0,4,23,B01
202000013613,1,7,,0,2,1,1,A01
202000013614,3,2,,0,2,1,1,B01
202000013614,3,7,,0,2,1,11,A01
202000013615,1,7,,0,9,1,1,A01
202000013615,1,1,,0,2,7,19,B01
202000013616,2,21,,0,2,3,13,B01
202000013616,1,7,,0,2,3,13,A01
202000013617,1,1,,0,2,1,1,A01
202000013617,1,1,,0,2,4,1,B01
202000013618,2,33,,8,0,1,1,A01
202000013619,2,2,,0,0,8,1,B01
202000013619,1,7,,0,0,8,1,A01
202000013620,2,33,,0,0,3,26,A01
202000013621,0,7,,13,0,7,1,A01
202000013622,0,7,,0,2,3,15,A01
202000013622,0,7,,6,2,3,1,B01
202000013623,2,33,,0,0,8,1,A01
202000013624,2,15,,0,1,1,15,A01
202000013625,3,7,,0,2,2,15,A01
202000013625,3,7,,0,0,3,1,B01
202000013626,1,7,,0,2,3,15,A01
202000013626,2,7,,6,2,2,17,B01
202000013627,1,7,,15,0,1,21,A01
202000013628,2,7,,8,0,8,13,A01
202000013629,3,7,,0,0,0,0,A01
202000013630,2,7,,0,2,8,0,B01
202000013630,1,99,,0,2,1,1,A01
202000013631,1,7,,0,2,5,17,B01
202000013631,1,7,,0,0,6,2,A01
202000013632,0,1,,0,2,1,1,B01
202000013632,3,7,,0,9,3,1,A01
202000013633,2,7,,0,9,2,17,A01
202000013633,2,1,,0,2,4,1,B01
202000013634,2,33,,0,2,1,5,A01
202000013634,1,7,,0,2,1,21,B01
202000013635,1,7,,0,2,4,23,A01
202000013635,1,7,,0,2,1,1,B01
202000013636,1,7,,0,1,7,1,A01
202000013637,1,7,,0,2,1,0,B01
202000013637,2,7,,0,2,1,0,A01
202000013638,2,7,,0,2,3,1,B01
202000013638,1,7,,0,2,2,19,A01
202000013639,1,7,,2,0,1,1,A01
202000013640,3,7,,13,0,1,0,A01
202000013641,1,7,,0,2,1,1,B01
202000013641,2,7,,0,2,1,1,A01
202000013642,1,10,,0,0,3,0,A01
202000013643,2,7,,0,2,4,2,C01
202000013643,2,7,,0,2,4,2,D01
202000013643,2,33,,0,2,4,2,B01
202000013643,2,7,,0,2,1,2,A01
202000013644,1,33,,0,2,1,1,A01
202000013645,1,33,,14,0,7,1,A01
202000013646,2,7,,0,2,6,1,B01
202000013646,2,7,,0,2,3,1,A01
202000013647,2,7,,0,2,4,23,B01
202000013647,2,7,,1,0,1,2,A01
202000013648,2,7,,0,2,3,2,A01
202000013648,2,10,,4,2,4,2,B01
202000013649,2,7,,1,0,2,1,B01
202000013649,2,7,,0,2,6,23,A01
202000013650,2,7,,3,2,6,2,B01
202000013650,2,7,,0,2,1,1,A01
202000013651,2,33,,0,2,3,3,B01
202000013651,2,7,,0,2,6,1,A01
202000013652,2,7,,0,2,4,2,C01
202000013652,2,7,,0,2,3,1,B01
202000013652,2,33,,0,2,1,12,A01
202000013653,2,7,,0,2,4,1,B01
202000013653,2,10,,0,2,1,2,A01
202000013654,2,7,,0,2,1,1,B01
202000013654,2,7,,0,2,6,17,A01
202000013655,1,7,,2,0,1,0,A01
202000013656,1,10,,0,1,2,15,A01
202000013657,2,50,,0,1,1,1,A01
202000013658,1,7,,0,2,2,23,B01
202000013658,2,7,,0,2,1,5,A01
202000013659,3,7,,0,2,1,1,C01
202000013659,3,7,,0,2,2,1,B01
202000013659,3,7,,0,2,8,16,A01
202000013660,1,7,,15,2,3,1,A01
202000013660,2,7,,0,2,1,1,B01
202000013661,2,34,,0,2,1,1,B01
202000013661,2,7,,0,2,3,15,A01
202000013662,1,7,,0,2,4,1,A01
202000013662,1,7,,0,2,1,2,B01
202000013663,1,7,,1,0,1,2,C01
202000013663,1,7,,1,0,1,2,B01
202000013663,1,7,,0,0,0,0,A01
202000013664,1,7,,6,0,1,16,A01
202000013665,2,34,,12,0,1,1,A01
202000013666,1,7,,0,1,7,1,A01
202000013667,1,7,,0,2,4,1,B01
202000013667,1,7,,0,2,1,1,A01
202000013668,1,7,,8,0,1,1,A01
202000013669,1,7,,0,2,4,2,B01
202000013669,2,7,,0,2,1,2,A01
202000013670,1,7,,0,2,3,26,B01
202000013670,2,31,,0,2,3,1,A01
202000013671,1,10,,1,0,2,1,A01
202000013672,3,7,,1,1,2,13,A01
202000013673,3,7,,0,2,0,0,B01
202000013673,3,7,,0,2,0,0,A01
202000013674,1,33,,0,2,2,11,B01
202000013674,2,2,,1,2,1,26,A01
202000013675,2,2,,0,0,8,1,A01
202000013676,2,33,,15,0,1,17,A01
202000013676,2,7,,0,2,3,15,B01
202000013677,2,7,,0,1,3,1,A01
202000013678,3,1,,0,2,0,1,B01
202000013678,3,7,,0,2,0,9,A01
202000013679,1,33,,12,0,1,1,A01
202000013680,1,33,,0,2,2,2,A01
202000013680,1,10,,0,2,8,15,B01
202000013681,3,7,,0,2,3,9,A01
202000013681,2,33,,0,2,3,1,B01
202000013682,3,7,,0,2,6,15,B01
202000013682,1,30,,0,2,2,21,A01
202000013683,3,7,,0,1,2,1,A01
202000013684,1,7,,12,0,1,1,A01
202000013685,1,7,,0,2,4,1,B01
202000013685,1,7,,0,2,1,2,A01
202000013686,2,7,,3,0,2,1,A01
202000013687,1,7,,14,0,0,0,A01
202000013688,1,33,,0,2,0,1,A01
202000013688,1,7,,0,2,3,10,B01
202000013689,1,7,,8,2,5,16,B01
202000013689,1,7,,0,2,3,1,A01
202000013690,2,7,,0,2,1,1,B01
202000013690,2,20,,0,2,8,11,A01
202000013691,1,7,,0,9,0,16,A01
202000013691,3,60,,0,2,8,1,B01
202000013692,2,10,,0,2,2,19,A01
202000013692,3,10,,0,2,1,1,B01
202000013693,1,7,,2,0,1,14,A01
202000013694,1,7,,0,2,4,2,B01
202000013694,1,7,,0,2,1,2,A01
202000013694,1,7,,0,2,4,2,C01
202000013695,1,34,,1,0,6,14,A01
202000013696,1,99,,0,2,0,23,B01
202000013696,1,37,1.0,0,2,3,2,A01
202000013697,1,7,,0,2,3,15,A01
202000013697,2,30,,0,2,1,1,B01
202000013698,1,37,1.0,0,9,7,1,A01
202000013698,1,1,,0,2,3,13,B01
202000013699,0,3,,0,1,0,26,A01
202000013700,2,7,,0,2,2,9,A01
202000013700,2,31,,16,2,1,1,B01
202000013701,1,7,,0,1,2,19,A01
202000013702,1,32,,0,2,1,1,B01
202000013702,2,7,,0,2,2,15,A01
202000013703,3,3,,0,2,1,9,A01
202000013703,3,7,,0,2,3,16,B01
202000013704,3,7,,0,1,2,26,A01
202000013705,-1,7,,0,0,4,1,B01
202000013705,-1,37,1.0,0,2,1,1,A01
202000013706,1,7,,0,1,3,26,A01
202000013707,1,10,,0,2,1,1,B01
202000013707,1,10,,0,2,1,1,A01
202000013708,2,31,,0,2,2,1,A01
202000013709,2,7,,0,0,1,0,A01
202000013710,3,10,,0,2,2,3,A01
202000013710,3,10,,0,2,6,1,B01
202000013711,2,7,,0,2,1,1,B01
202000013711,2,7,,0,2,4,2,A01
202000013712,2,7,,0,2,3,1,B01
202000013712,2,7,,0,2,2,12,A01
202000013713,1,7,,4,0,3,13,A01
202000013714,1,10,,0,2,2,15,A01
202000013714,2,2,,0,2,1,1,B01
202000013715,0,7,,0,2,1,1,A01
202000013715,3,7,,0,2,9,1,B01
202000013716,3,33,,0,0,1,15,A01
202000013717,3,2,,14,0,1,1,A01
202000013718,2,33,,0,2,8,1,A01
202000013718,2,7,,0,2,7,16,B01
202000013719,1,33,,0,2,1,2,A01
202000013719,1,7,,14,0,4,0,B01
202000013720,1,34,,0,0,8,26,A01
202000013721,2,7,,0,2,4,14,B01
202000013721,2,7,,0,2,3,1,A01
202000013722,1,32,,0,2,1,15,A01
202000013722,1,33,,0,2,1,1,B01
202000013723,1,2,,0,2,4,1,B01
202000013723,1,7,,0,2,1,1,A01
202000013724,1,33,,0,2,1,9,A01
202000013724,1,7,,0,2,2,1,B01
202000013725,2,30,,0,1,1,1,A01
202000013726,2,33,,0,2,1,1,B01
202000013726,2,7,,0,2,8,15,A01
202000013727,1,7,,0,2,3,1,B01
202000013727,1,30,,0,2,1,15,A01
202000013728,2,2,,0,2,1,17,B01
202000013728,3,7,,0,2,1,1,A01
202000013729,2,37,1.0,0,1,5,1,A01
202000013730,1,33,,0,2,1,1,B01
202000013730,2,7,,0,2,7,15,A01
202000013731,0,1,,0,2,1,26,Y01
202000013731,0,7,,0,9,7,15,A01
202000013732,3,7,,0,1,1,1,A01
202000013733,3,36,,2,0,1,26,A01
202000013734,2,33,,0,2,7,9,B01
202000013734,2,7,,1,2,3,9,A01
202000013735,2,40,,0,2,7,1,B01
202000013735,1,1,,0,4,1,19,A01
202000013736,2,7,,0,2,1,1,Z01
202000013736,1,7,,0,2,1,1,B01
202000013737,1,15,,0,2,1,1,A01
202000013737,1,15,,0,2,4,2,B01
202000013738,1,7,,0,2,3,15,A01
202000013738,1,33,,0,2,1,1,B01
202000013739,2,7,,0,2,7,16,B01
202000013739,2,2,,0,2,8,18,A01
202000013740,1,30,,11,0,1,16,A01
202000013741,2,33,,0,2,7,17,B01
202000013741,2,30,,0,2,8,11,A01
202000013742,3,32,,0,0,7,16,A01
202000013743,1,2,,0,2,3,21,B01
202000013743,1,7,,0,2,3,9,A01
202000013744,1,30,,12,0,8,13,A01
202000013745,2,7,,0,2,1,15,A01
202000013745,3,33,,0,2,1,1,B01
202000013746,1,14,,0,2,3,15,B01
202000013746,1,34,,0,2,1,17,A01
202000013747,1,32,,0,0,0,17,A01
202000013747,1,10,,0,0,0,0,Z01
202000013748,1,1,,0,2,8,15,B01
202000013748,1,7,,0,9,1,16,A01
202000013749,0,80,,0,2,1,1,A01
202000013749,0,7,,0,2,3,15,B01
202000013750,2,7,,0,2,5,17,B01
202000013750,2,33,,0,2,3,11,A01
202000013751,1,2,,0,2,1,18,A01
202000013751,1,7,,0,2,5,1,B01
202000013752,2,1,,0,2,7,1,A01
202000013752,3,7,,0,2,7,23,B01
202000013753,3,2,,0,0,7,1,A01
202000013754,3,7,,0,-1,1,1,A01
202000013754,3,1,,0,-1,1,1,B01
202000013755,3,1,,0,2,1,13,B01
202000013755,3,50,,0,2,1,14,A01
202000013756,3,7,,0,2,3,1,B01
202000013756,2,7,,10,2,1,2,A01
202000013757,2,31,,0,1,2,1,A01
202000013758,2,7,,0,2,3,1,C01
202000013758,2,7,,1,2,6,11,A01
202000013758,2,7,,0,2,2,1,B01
202000013759,3,7,,0,1,4,20,A01
202000013760,0,2,,0,2,1,11,Z01
202000013760,3,1,,0,0,4,2,A01
202000013761,2,7,,0,2,1,9,A01
202000013761,1,32,,0,2,4,1,B01
202000013762,2,7,,0,2,4,2,B01
202000013762,2,7,,0,2,1,2,A01
202000013763,2,1,,0,0,1,1,A01
202000013764,1,1,,0,2,1,1,B01
202000013764,2,10,,0,2,3,15,A01
202000013765,1,7,,0,2,3,23,B01
202000013765,1,7,,0,2,3,1,A01
202000013766,1,7,,0,0,0,0,Z01
202000013766,1,7,,0,2,8,1,B01
202000013767,2,7,,0,2,1,2,A01
202000013767,2,7,,0,2,4,0,B01
202000013768,2,7,,0,2,9,16,A01
202000013768,2,14,,0,2,3,1,B01
202000013769,1,7,,8,0,1,4,A01
202000013770,1,7,,0,2,1,0,B01
202000013770,1,7,,0,2,0,0,A01
202000013771,1,7,,0,2,6,15,A01
202000013771,1,7,,0,2,2,1,B01
202000013772,3,60,,0,2,1,2,A01
202000013772,3,1,,0,2,1,2,B01
202000013773,2,7,,0,1,3,1,A01
202000013774,2,3,,0,2,6,9,A01
202000013774,1,32,,0,2,1,1,B01
202000013775,2,10,,0,2,3,15,A01
202000013775,3,33,,0,2,1,1,B01
202000013776,2,7,,0,2,1,2,A01
202000013776,2,34,,0,2,4,2,B01
202000013777,3,7,,0,2,1,1,A01
202000013777,3,3,,0,0,1,13,B01
202000013778,1,32,,0,1,2,1,A01
202000013779,3,2,,0,2,4,15,A01
202000013779,3,7,,0,2,2,1,B01
202000013780,3,7,,0,2,4,1,C01
202000013780,3,7,,0,2,9,1,B01
202000013780,0,7,,0,2,1,1,A01
202000013781,3,50,,0,2,3,26,A01
202000013781,3,2,,0,2,3,15,B01
202000013782,1,2,,0,2,8,1,A01
202000013782,1,7,,0,2,3,15,B01
202000013783,3,10,,0,1,4,4,A01
202000013784,3,2,,0,2,4,15,B01
202000013784,3,7,,0,2,1,1,A01
202000013785,2,7,,0,1,1,1,A01
202000013786,2,7,,0,2,7,15,A01
202000013786,1,32,,0,2,1,1,B01
202000013787,2,30,,0,2,4,23,C01
202000013787,2,7,,0,2,4,23,B01
202000013787,2,7,,0,2,1,2,A01
202000013788,2,10,,0,2,3,9,B01
202000013788,2,1,,0,2,7,1,A01
202000013789,2,10,,0,2,2,2,B01
202000013789,2,7,,0,2,6,23,A01
202000013790,2,7,,0,2,2,1,B01
202000013790,2,10,,0,2,2,9,A01
202000013791,1,32,,0,0,7,21,A01
202000013792,2,7,,0,2,1,2,A01
202000013792,2,7,,0,2,6,2,B01
202000013793,2,7,,0,2,4,2,A01
202000013793,2,30,,0,2,4,23,B01
202000013794,1,7,,0,2,2,15,A01
202000013794,2,30,,0,2,1,1,B01
202000013795,1,7,,0,2,4,2,C01
202000013795,1,14,,0,2,1,2,A01
202000013795,1,7,,0,2,4,2,B01
202000013796,2,7,,0,2,2,23,A01
202000013796,2,50,,0,2,2,16,B01
202000013797,2,1,,0,2,3,1,B01
202000013797,2,37,1.0,0,2,2,12,A01
202000013798,2,7,,0,2,7,1,A01
202000013798,1,30,,0,2,1,1,B01
202000013799,1,1,,0,0,0,15,A01
202000013800,1,7,,0,0,4,0,B01
202000013800,1,30,,0,0,1,0,A01
202000013801,1,7,,0,2,8,23,B01
202000013801,2,2,,0,2,1,26,A01
202000013802,1,30,,1,2,1,1,A01
202000013803,1,7,,0,2,3,15,A01
202000013803,1,32,,0,2,2,1,B01
202000013804,1,2,,0,2,4,1,A01
202000013804,1,7,,0,2,1,1,B01
202000013805,1,7,,0,2,1,26,A01
202000013805,1,7,,0,2,5,15,B01
202000013806,1,2,,0,2,1,0,B01
202000013806,1,7,,0,0,4,26,A01
202000013807,-1,7,,0,2,2,2,B01
202000013807,-1,30,,0,2,6,17,A01
202000013808,-1,7,,0,2,1,15,A01
202000013808,-1,7,,8,2,7,0,B01
202000013809,2,7,,0,1,2,1,A01
202000013810,0,10,,0,1,4,4,A01
202000013811,0,10,,0,2,1,2,A01
202000013811,0,32,,0,2,4,2,B01
202000013812,0,30,,0,2,1,21,A01
202000013813,1,30,,0,2,1,2,A01
202000013813,1,7,,0,2,4,2,B01
202000013814,1,50,,0,2,1,19,B01
202000013814,1,7,,0,2,7,1,A01
202000013815,1,50,,0,0,2,1,A01
202000013816,1,7,,0,2,1,2,A01
202000013816,1,10,,0,2,4,2,B01
202000013816,1,7,,0,9,4,2,C01
202000013817,2,7,,0,2,1,1,B01
202000013817,1,7,,16,2,5,5,A01
202000013818,1,31,,12,0,1,1,A01
202000013819,1,7,,0,1,1,1,A01
202000013820,1,10,,13,0,1,1,A01
202000013821,1,2,,6,0,3,13,A01
202000013822,1,10,,2,0,1,19,A01
202000013823,1,7,,0,2,2,2,A01
202000013823,1,30,,0,0,4,2,B01
202000013824,1,7,,3,0,3,1,A01
202000013825,1,33,,0,2,8,1,B01
202000013825,2,7,,0,2,1,17,A01
202000013826,2,7,,0,2,3,1,A01
202000013826,1,7,,0,2,3,1,B01
202000013827,1,33,,13,0,1,1,A01
202000013828,1,7,,6,0,2,1,A01
202000013829,3,3,,0,0,0,1,A01
202000013830,1,7,,0,2,8,26,A01
202000013830,1,33,,0,2,8,1,B01
202000013831,3,1,,0,0,9,1,A01
202000013832,2,7,,0,2,3,1,B01
202000013832,1,7,,0,2,3,13,A01
202000013833,1,7,,6,0,3,1,A01
202000013834,2,7,,0,2,1,0,B01
202000013834,1,7,,0,2,1,0,A01
202000013835,2,33,,0,2,7,1,A01
202000013835,2,7,,0,2,3,9,B01
202000013836,2,2,,0,2,6,15,B01
202000013836,2,10,,0,2,2,2,A01
202000013837,1,7,,6,0,1,6,A01
202000013838,2,7,,0,2,8,1,B01
202000013838,1,7,,0,2,1,19,A01
202000013839,1,1,,12,0,0,1,A01
202000013840,1,7,,0,2,8,15,A01
202000013840,1,30,,0,2,1,13,B01
202000013841,1,31,,2,0,1,0,A01
202000013842,1,33,,7,0,1,0,A01
202000013843,2,7,,13,0,1,1,A01
202000013844,1,33,,0,2,1,9,B01
202000013844,2,7,,0,2,6,1,A01
202000013845,2,2,,0,2,1,1,A01
202000013845,1,7,,0,2,7,1,B01
202000013846,1,7,,5,0,1,14,A01
202000013847,1,33,,2,0,0,1,A01
202000013848,2,7,,15,0,2,1,A01
202000013849,1,2,,1,0,1,1,A01
202000013850,2,10,,0,2,3,1,B01
202000013850,1,17,,0,2,6,1,A01
202000013851,1,7,,13,0,0,0,A01
202000013852,0,7,,0,2,1,1,A01
202000013852,0,1,,0,0,4,1,B01
202000013853,1,7,,0,2,2,2,A01
202000013853,1,7,,0,0,6,2,B01
202000013854,1,43,,0,2,1,1,B01
202000013854,2,1,,0,2,8,9,A01
202000013855,2,32,,0,2,2,17,A01
202000013855,2,7,,0,0,8,15,B01
202000013856,3,7,,2,1,2,20,A01
202000013857,1,33,,13,0,1,1,A01
202000013858,2,33,,0,0,0,1,A01
202000013859,2,7,,13,0,1,13,A01
202000013860,1,7,,0,2,1,15,B01
202000013860,1,1,,0,2,1,1,A01
202000013861,1,7,,1,0,2,14,A01
202000013862,3,7,,0,2,8,23,B01
202000013862,3,30,,0,2,0,14,A01
202000013863,1,33,,12,2,3,14,A01
202000013863,2,1,,0,2,2,1,C01
202000013863,1,1,,0,2,3,1,B01
202000013864,1,32,,0,2,1,1,A01
202000013864,1,7,,0,2,1,9,Z01
202000013865,1,7,,0,2,3,1,B01
202000013865,1,1,,0,2,1,1,A01
202000013866,1,7,,0,2,3,15,A01
202000013866,1,43,,0,2,1,1,B01
202000013867,2,7,,0,1,1,1,A01
202000013868,1,30,,1,0,5,14,A01
202000013869,1,33,,0,2,1,17,B01
202000013869,1,7,,0,2,6,13,A01
202000013870,2,1,,0,0,1,7,A01
202000013871,1,30,,12,0,1,14,A01
202000013872,2,7,,0,2,3,10,A01
202000013872,2,80,,0,2,3,15,B01
202000013873,0,7,,0,2,1,2,B01
202000013873,0,7,,0,2,1,11,A01
202000013874,3,7,,0,1,1,1,A01
202000013875,2,7,,0,2,2,2,B01
202000013875,2,7,,0,2,8,20,A01
202000013876,2,1,,0,9,2,25,B01
202000013876,1,50,,0,9,1,25,A01
202000013877,1,10,,0,1,2,1,A01
202000013878,1,7,,0,1,3,15,A01
202000013878,2,31,,0,0,0,0,B01
202000013879,2,10,,0,1,5,26,A01
202000013880,-1,20,,7,0,5,4,A01
202000013881,1,10,,0,1,2,1,A01
202000013882,0,30,,14,9,1,1,A01
202000013883,2,7,,1,0,8,3,F01
202000013883,2,7,,3,0,7,21,E01
202000013883,2,7,,1,0,3,2,D01
202000013883,2,7,,1,0,3,2,C01
202000013883,2,7,,1,0,2,2,B01
202000013883,2,7,,3,6,3,21,A01
202000013884,1,7,,0,2,1,1,B01
202000013884,2,7,,0,2,1,5,A01
202000013885,1,10,,0,2,6,15,B01
202000013885,2,32,,0,2,1,1,A01
202000013886,2,15,,0,2,8,1,B01
202000013886,2,7,,0,2,5,15,A01
202000013887,0,39,,0,2,2,1,B01
202000013887,3,7,,0,4,5,26,A01
202000013888,1,7,,0,2,8,1,B01
202000013888,2,7,,0,2,8,13,A01
202000013889,0,7,,0,1,1,15,A01
202000013890,1,7,,0,0,1,1,A01
202000013891,2,2,,0,6,3,0,A01
202000013892,2,33,,0,2,2,1,A01
202000013892,2,7,,0,2,8,26,B01
202000013893,1,7,,0,1,1,0,A01
202000013894,1,7,,0,2,3,15,A01
202000013894,2,33,,0,2,1,1,B01
202000013895,1,7,,13,0,1,19,A01
202000013896,1,33,,16,0,0,1,A01
202000013897,2,33,,0,0,1,1,A01
202000013898,1,7,,0,2,3,1,B01
202000013898,2,7,,0,2,3,13,A01
202000013899,3,7,,13,0,7,1,A01
202000013900,1,2,,0,0,7,15,A01
202000013901,1,33,,0,2,1,1,B01
202000013901,1,10,,0,2,8,9,A01
202000013902,3,7,,0,1,2,2,A01
202000013903,1,7,,0,0,4,2,C01
202000013903,1,7,,0,0,4,2,B01
202000013903,1,7,,0,2,1,2,A01
202000013904,1,15,,0,0,4,2,B01
202000013904,1,7,,0,2,1,2,A01
202000013905,3,7,,0,2,3,13,A01
202000013905,0,7,,0,2,3,1,B01
202000013906,2,7,,0,0,9,0,A01
202000013907,1,17,,0,2,5,19,A01
202000013907,1,10,,0,2,1,1,B01
202000013908,2,33,,16,0,1,17,A01
202000013909,1,33,,0,2,1,17,B01
202000013909,2,7,,0,2,3,15,A01
202000013910,1,33,,0,0,1,0,A01
202000013911,2,7,,0,2,3,13,B01
202000013911,1,7,,0,2,3,1,A01
202000013912,1,7,,2,0,1,13,A01
202000013913,1,7,,6,0,8,1,B01
202000013913,3,7,,0,2,2,9,A01
202000013914,0,7,,0,2,3,13,A01
202000013914,0,7,,0,2,3,1,B01
202000013915,2,33,,0,2,1,1,B01
202000013915,1,7,,0,2,2,15,A01
202000013916,2,7,,8,0,1,13,A01
202000013917,2,7,,14,0,1,1,A01
202000013918,1,7,,2,0,3,13,A01
202000013919,1,7,,0,2,1,1,B01
202000013919,1,7,,0,2,1,17,A01
202000013920,1,17,,0,2,1,2,B01
202000013920,1,7,,0,2,4,1,A01
202000013921,1,7,,0,2,6,1,A01
202000013921,2,7,,0,2,2,14,B01
202000013922,1,7,,0,2,1,2,D01
202000013922,1,7,,0,2,4,2,C01
202000013922,1,7,,0,2,4,2,B01
202000013922,1,7,,0,2,4,2,A01
202000013923,1,7,,4,0,1,1,A01
202000013924,1,7,,4,0,1,1,A01
202000013925,1,7,,3,2,3,2,A01
202000013926,2,7,,4,0,1,26,A01
202000013927,1,7,,0,2,7,9,A01
202000013927,1,33,,4,2,5,2,B01
202000013928,1,7,,4,0,1,1,A01
202000013929,2,7,,0,2,1,2,C01
202000013929,2,7,,0,2,4,2,B01
202000013929,2,7,,0,2,4,1,A01
202000013930,1,33,,0,0,7,1,A01
202000013931,1,7,,4,0,0,0,A01
202000013932,1,7,,0,2,2,2,A01
202000013932,1,7,,0,2,4,2,B01
202000013933,2,33,,3,0,9,17,A01
202000013934,3,10,,0,2,3,1,B01
202000013934,3,30,,0,2,1,2,A01
202000013935,1,7,,0,1,2,1,A01
202000013936,0,7,,0,0,8,15,A01
202000013936,0,2,,0,0,1,3,B01
202000013937,-1,7,,0,1,2,1,A01
202000013938,0,10,,0,1,4,4,A01
202000013939,2,7,,0,2,2,19,A01
202000013939,1,7,,0,2,7,15,B01
202000013940,1,7,,0,0,4,1,A01
202000013940,1,7,,0,2,1,2,B01
202000013941,1,7,,0,2,1,9,A01
202000013941,1,2,,0,2,2,1,B01
202000013942,1,10,,0,2,1,1,B01
202000013942,1,7,,0,2,1,15,A01
202000013943,2,7,,10,0,9,2,A01
202000013944,1,7,,0,0,0,26,A01
202000013945,1,30,,0,2,1,1,A01
202000013945,1,7,,0,2,7,1,B01
202000013946,3,1,,0,2,1,0,B01
202000013946,3,7,,0,2,2,13,A01
202000013947,2,1,,0,2,0,0,B01
202000013947,3,7,,0,2,7,12,A01
202000013948,1,7,,0,2,8,1,A01
202000013948,1,7,,0,2,1,1,B01
202000013949,2,31,,12,0,1,1,A01
202000013950,1,7,,0,1,1,26,A01
202000013951,0,2,,0,2,1,1,A01
202000013951,0,7,,0,2,2,15,B01
202000013952,1,33,,0,2,1,1,B01
202000013952,1,7,,0,2,8,19,A01
202000013953,1,7,,0,1,2,17,A01
202000013954,1,31,,1,0,0,14,A01
202000013955,1,7,,0,2,1,16,B01
202000013955,2,7,,0,2,1,15,A01
202000013956,1,7,,0,2,2,15,B01
202000013956,1,7,,0,2,3,13,A01
202000013957,3,1,,0,2,8,2,A01
202000013957,3,7,,0,2,7,17,B01
202000013958,1,33,,0,2,1,2,A01
202000013958,1,7,,0,2,4,2,B01
202000013959,3,7,,0,2,1,16,A01
202000013959,2,7,,0,2,1,1,B01
202000013960,3,7,,0,2,4,1,B01
202000013960,3,33,,0,2,1,1,A01
202000013961,3,7,,12,0,1,2,A01
202000013962,1,37,1.0,0,2,2,1,B01
202000013962,1,7,,0,2,1,19,A01
202000013963,2,7,,14,0,1,13,A01
202000013964,1,2,,0,2,3,2,B01
202000013964,1,7,,0,2,5,17,A01
202000013965,2,7,,0,1,3,15,A01
202000013966,0,7,,0,2,1,1,A01
202000013966,3,7,,0,2,4,1,B01
202000013967,1,7,,0,0,0,0,B01
202000013967,1,33,,3,2,2,9,A01
202000013968,3,30,,0,2,1,1,A01
202000013968,3,7,,0,9,1,1,B01
202000013969,2,7,,0,2,4,2,A01
202000013969,2,3,,0,2,1,1,B01
202000013969,1,7,,0,2,1,1,C01
202000013970,1,7,,0,2,2,2,A01
202000013970,1,7,,0,2,4,2,B01
202000013971,1,7,,0,2,4,1,C01
202000013971,1,7,,0,2,1,2,B01
202000013971,1,7,,0,2,1,2,A01
202000013972,1,43,,8,0,2,0,A01
202000013973,2,20,,0,2,1,1,B01
202000013973,1,7,,0,2,3,19,A01
202000013974,1,7,,0,2,3,0,A01
202000013974,1,7,,0,2,4,0,B01
202000013975,3,32,,0,2,7,2,B01
202000013975,3,7,,0,2,8,17,A01
202000013976,1,7,,0,1,0,26,A01