Num_Acc,senc,catv,occutc,obs,obsm,choc,manv,num_veh
202000013977,1,7,,0,2,2,1,B01
202000013977,2,30,,0,2,1,15,A01
202000013978,2,7,,0,2,1,2,A01
202000013978,2,7,,0,2,4,2,B01
202000013978,2,7,,0,2,4,2,C01
202000013979,3,1,,0,0,0,0,B01
202000013979,3,7,,0,0,0,0,A01
202000013980,1,10,,0,2,5,1,Z01
202000013980,1,33,,0,2,3,13,A01
202000013980,1,7,,0,2,3,1,B01
202000013981,2,10,,0,2,5,1,B01
202000013981,2,31,,0,2,3,12,A01
202000013982,1,7,,0,2,4,1,B01
202000013982,1,7,,0,2,1,1,A01
202000013983,1,7,,0,2,5,12,B01
202000013983,1,43,,0,2,1,3,A01
202000013984,1,30,,0,2,3,18,A01
202000013984,1,7,,0,2,5,22,B01
202000013985,2,30,,0,2,3,17,A01
202000013985,2,1,,0,2,0,15,B01
202000013986,1,7,,0,2,1,5,Z01
202000013986,2,1,,0,2,1,1,A01
202000013987,1,33,,0,2,1,1,B01
202000013987,1,7,,0,2,8,1,A01
202000013988,3,32,,0,0,2,16,A01
202000013989,1,30,,0,2,8,18,A01
202000013989,1,7,,0,2,2,1,B01
202000013990,1,7,,0,2,8,22,A01
202000013990,1,1,,0,2,1,1,B01
202000013991,2,30,,0,2,2,1,A01
202000013991,2,7,,0,2,6,9,B01
202000013992,1,32,,1,0,1,14,A01
202000013993,1,7,,7,2,0,1,A01
202000013993,3,30,,0,2,0,1,Z01
202000013994,1,7,,0,2,2,15,A01
202000013994,2,1,,0,2,1,1,B01
202000013995,2,10,,0,2,1,15,A01
202000013995,1,7,,0,2,1,1,B01
202000013995,2,7,,0,2,3,15,C01
202000013996,2,30,,0,2,1,1,B01
202000013996,2,7,,0,2,3,9,A01
202000013997,2,32,,1,0,1,1,A01
202000013998,1,7,,0,2,0,16,A01
202000013998,2,1,,0,2,0,1,B01
202000013999,1,1,,14,0,1,13,A01
202000014000,1,7,,0,2,4,1,A01
202000014000,1,7,,0,2,1,1,B01
202000014000,1,7,,0,2,1,1,C01
202000014001,1,7,,0,2,7,16,B01
202000014001,1,31,,0,2,1,18,A01
202000014002,1,7,,0,2,0,0,A01
202000014002,1,10,,0,2,0,0,B01
202000014003,1,34,,0,1,1,1,A01
202000014004,-1,33,,0,2,1,1,B01
202000014004,-1,7,,0,2,8,10,A01
202000014005,1,10,,0,2,2,17,A01
202000014005,1,37,1.0,0,2,3,15,B01
202000014006,1,7,,0,2,2,1,A01
202000014006,3,7,,0,2,1,15,B01
202000014007,1,7,,0,0,4,23,A01
202000014007,1,7,,0,2,1,2,B01
202000014008,1,7,,0,2,2,1,B01
202000014008,3,7,,0,2,3,9,A01
202000014009,1,7,,0,2,1,26,A01
202000014009,1,7,,1,0,4,2,B01
202000014009,1,7,,0,2,4,23,C01
202000014010,2,7,,4,0,9,12,A01
202000014011,1,7,,0,2,1,26,A01
202000014011,1,7,,0,2,8,1,B01
202000014012,1,7,,0,2,2,24,A01
202000014012,1,2,,0,2,8,18,B01
202000014013,1,7,,0,1,2,1,A01
202000014014,2,7,,17,0,1,0,A01
202000014015,2,7,,0,0,8,15,B01
202000014015,2,7,,0,2,1,17,A01
202000014016,2,99,,0,1,3,1,A01
202000014017,0,7,,17,0,1,1,A01
202000014018,1,31,,7,9,3,13,A01
202000014019,1,2,,12,0,1,26,A01
202000014020,2,7,,3,0,0,0,A01
202000014020,2,7,,3,1,0,0,B01
202000014021,2,17,,3,0,7,1,A01
202000014022,3,2,,12,0,9,1,A01
202000014023,1,2,,0,2,1,13,B01
202000014023,2,7,,0,2,2,1,A01
202000014024,2,7,,13,0,2,0,A01
202000014025,2,7,,7,0,1,1,A01
202000014026,1,7,,0,0,1,2,B01
202000014026,1,7,,0,2,2,2,A01
202000014026,1,7,,0,0,6,2,C01
202000014027,3,7,,13,0,3,1,A01
202000014028,1,33,,0,2,7,1,A01
202000014028,1,7,,0,2,3,13,B01
202000014029,1,7,,15,0,2,14,A01
202000014030,1,7,,0,2,7,17,B01
202000014030,1,31,,0,2,8,1,A01
202000014031,1,7,,0,2,3,13,B01
202000014031,2,7,,0,2,3,13,A01
202000014032,1,7,,0,2,1,13,A01
202000014032,2,7,,0,2,1,1,B01
202000014033,1,7,,0,2,8,1,C01
202000014033,1,33,,0,2,7,17,A01
202000014033,2,7,,0,2,3,1,B01
202000014034,1,7,,0,0,0,1,A01
202000014035,1,7,,0,2,1,13,A01
202000014035,2,7,,0,2,1,1,B01
202000014036,2,10,,0,1,2,1,A01
202000014037,1,7,,0,0,0,1,A01
202000014038,1,7,,6,0,1,1,A01
202000014039,0,1,,0,2,1,1,B01
202000014039,2,7,,0,2,3,1,A01
202000014040,2,7,,0,2,3,2,A01
202000014040,2,7,,0,0,4,2,B01
202000014041,1,33,,12,0,1,14,A01
202000014042,2,10,,0,2,8,17,A01
202000014042,2,33,,0,2,7,17,B01
202000014043,1,10,,0,2,2,1,A01
202000014043,1,50,,0,2,4,1,B01
202000014044,1,7,,0,0,4,23,A01
202000014044,1,7,,0,2,1,1,B01
202000014045,2,7,,0,2,1,13,A01
202000014045,1,7,,0,2,1,1,B01
202000014046,3,31,,0,2,0,5,A01
202000014046,1,7,,0,2,3,15,C01
202000014047,1,7,,8,2,1,17,A01
202000014047,1,2,,0,2,4,15,B01
202000014048,1,33,,0,2,1,17,A01
202000014048,1,7,,0,2,8,15,B01
202000014049,1,7,,13,0,1,0,A01
202000014050,2,1,,0,2,6,1,B01
202000014050,1,7,,0,2,1,10,A01
202000014051,1,33,,0,0,7,16,A01
202000014052,2,7,,2,0,3,13,A01
202000014053,2,7,,0,2,1,13,A01
202000014053,1,7,,0,2,1,1,B01
202000014053,1,7,,0,2,1,1,C01
202000014054,1,33,,3,0,8,26,A01
202000014055,2,7,,4,0,1,1,A01
202000014056,3,7,,1,1,6,14,A01
202000014056,1,7,,1,1,6,20,B01
202000014057,1,7,,0,1,0,21,A01
202000014058,1,7,,0,2,3,1,B01
202000014058,1,7,,0,2,2,1,A01
202000014059,0,7,,6,2,9,21,A01
202000014060,1,7,,0,1,1,1,A01
202000014061,1,7,,8,0,1,20,A01
202000014062,1,7,,7,2,2,1,A01
202000014062,2,7,,7,2,1,0,B01
202000014063,2,7,,0,1,1,1,Z01
202000014064,1,7,,0,1,2,1,A01
202000014065,2,7,,6,0,1,17,A01
202000014066,3,7,,0,1,3,26,A01
202000014067,2,7,,13,0,1,1,A01
202000014068,0,7,,2,0,1,1,A01
202000014069,2,10,,0,2,3,15,A01
202000014069,2,7,,0,2,1,1,B01
202000014070,0,7,,4,0,1,1,A01
202000014071,0,7,,0,2,3,1,B01
202000014071,0,7,,0,2,1,13,A01
202000014072,2,10,,8,0,8,12,A01
202000014073,2,1,,0,0,1,14,A01
202000014074,1,7,,0,1,3,1,A01
202000014075,2,7,,0,1,4,20,A01
202000014076,2,33,,0,2,6,1,B01
202000014076,2,30,,0,2,6,1,A01
202000014077,-1,7,,0,2,7,1,B01
202000014077,-1,7,,14,2,1,19,A01
202000014078,2,7,,0,2,7,1,A01
202000014078,2,2,,0,2,6,13,B01
202000014079,0,7,,14,0,0,9,A01
202000014080,0,32,,0,2,1,1,B01
202000014080,0,1,,0,2,3,15,A01
202000014081,1,7,,0,2,4,1,A01
202000014081,1,30,,0,2,1,1,B01
202000014082,1,7,,0,2,8,19,B01
202000014082,1,7,,0,2,1,19,A01
202000014083,2,7,,15,0,1,1,A01
202000014084,0,7,,0,0,0,14,A01
202000014085,1,7,,13,0,0,1,A01
202000014086,0,2,,12,0,1,2,A01
202000014087,1,7,,0,1,2,0,A01
202000014088,0,7,,0,2,2,0,A01
202000014088,0,7,,0,0,6,1,B01
202000014088,0,7,,0,2,1,1,C01
202000014088,0,7,,0,2,8,0,D01
202000014089,2,7,,0,2,3,1,B01
202000014089,1,7,,0,2,1,13,A01
202000014090,1,2,,0,2,8,2,B01
202000014090,1,2,,6,2,2,2,A01
202000014091,1,7,,0,2,5,17,A01
202000014091,1,7,,13,0,3,1,B01
202000014092,1,7,,13,0,2,1,A01
202000014093,1,33,,0,0,9,1,A01
202000014094,2,7,,0,2,3,17,A01
202000014094,2,1,,0,2,4,1,B01
202000014095,0,7,,0,2,8,14,B01
202000014095,0,10,,0,2,3,19,A01
202000014096,1,33,,0,2,3,0,A01
202000014096,2,7,,0,2,3,1,B01
202000014097,0,10,,0,1,4,4,A01
202000014098,3,2,,0,2,8,9,B01
202000014098,1,7,,0,2,2,1,A01
202000014099,1,7,,0,2,3,17,A01
202000014099,1,7,,0,2,8,2,C01
202000014099,2,7,,0,2,3,1,B01
202000014100,1,7,,12,0,1,14,A01
202000014101,1,2,,0,0,1,1,A01
202000014102,1,7,,2,0,9,1,A01
202000014103,2,7,,0,9,1,1,B01
202000014103,1,21,,0,9,6,1,A01
202000014104,2,7,,17,0,1,1,A01
202000014105,2,2,,13,0,1,14,A01
202000014106,1,1,,0,2,1,5,B01
202000014106,2,7,,0,0,3,1,A01
202000014107,1,7,,0,1,2,1,A01
202000014108,1,15,,0,0,7,14,A01
202000014109,1,7,,0,2,0,1,B01
202000014109,1,7,,0,2,0,1,C01
202000014109,1,7,,0,0,4,1,A01
202000014109,1,7,,0,2,1,1,D01
202000014110,1,7,,0,2,4,1,C01
202000014110,1,7,,0,2,4,1,B01
202000014110,1,7,,0,2,1,1,A01
202000014110,1,7,,0,0,4,1,E01
202000014110,1,7,,0,2,4,1,D01
202000014111,1,7,,2,0,2,14,A01
202000014112,1,7,,2,0,1,1,A01
202000014113,3,10,,0,2,9,2,A01
202000014113,3,10,,0,2,7,1,B01
202000014114,1,7,,0,2,1,2,B01
202000014114,1,1,,0,0,4,2,A01
202000014115,3,7,,6,0,1,0,A01
202000014116,1,7,,0,2,1,1,A01
202000014116,2,7,,0,2,1,1,B01
202000014117,0,7,,0,1,1,26,A01
202000014118,2,33,,0,2,1,1,A01
202000014118,1,7,,0,2,1,19,B01
202000014119,2,7,,13,0,1,1,A01
202000014120,2,7,,0,2,0,0,Z01
202000014120,2,7,,0,2,2,1,C01
202000014120,2,7,,0,2,0,1,A01
202000014120,2,7,,14,2,1,1,B01
202000014121,2,7,,4,0,3,2,A01
202000014122,1,7,,0,2,3,13,A01
202000014122,1,7,,0,2,2,2,B01
202000014123,2,7,,0,2,2,21,A01
202000014123,2,10,,0,2,6,1,B01
202000014124,2,2,,0,2,1,1,B01
202000014124,1,7,,0,2,7,15,A01
202000014125,3,7,,0,2,8,15,B01
202000014125,3,30,,0,2,8,1,A01
202000014126,2,7,,0,1,5,20,A01
202000014127,-1,7,,0,2,8,2,B01
202000014127,3,7,,0,2,1,9,A01
202000014128,2,1,,0,2,1,1,A01
202000014128,2,10,,0,2,6,1,B01
202000014129,1,7,,0,2,3,26,A01
202000014129,2,60,,0,2,0,0,B01
202000014130,3,50,,0,1,1,0,A01
202000014131,1,10,,0,1,3,1,A01
202000014132,2,7,,0,2,1,1,B01
202000014132,1,7,,0,2,1,13,A01
202000014133,1,7,,0,2,8,1,B01
202000014133,1,3,,0,2,1,9,A01
202000014134,0,1,,0,2,0,0,B01
202000014134,0,10,,0,2,3,0,A01
202000014135,2,7,,0,1,4,25,A01
202000014136,2,7,,6,0,1,14,A01
202000014137,1,37,1.0,0,1,2,26,A01
202000014138,1,7,,0,1,3,1,A01
202000014139,0,7,,0,1,2,1,A01
202000014140,0,10,,0,2,3,11,A01
202000014140,0,7,,0,2,5,1,B01
202000014140,0,7,,0,2,8,23,C01
202000014140,0,15,,0,2,3,23,D01
202000014141,2,7,,0,2,3,13,A01
202000014141,1,7,,0,2,3,1,B01
202000014142,2,7,,0,2,1,15,B01
202000014142,2,7,,0,2,7,1,A01
202000014143,1,7,,0,2,2,15,A01
202000014143,2,7,,0,2,3,1,B01
202000014144,1,33,,0,2,1,1,B01
202000014144,2,7,,0,2,2,15,A01
202000014145,2,7,,0,2,0,0,B01
202000014145,2,33,,0,2,0,17,A01
202000014146,2,7,,0,1,2,19,B01
202000014147,1,30,,0,1,1,17,A01
202000014148,1,7,,0,1,3,1,A01
202000014149,1,7,,0,2,2,1,A01
202000014149,1,7,,0,2,6,1,C01
202000014149,1,2,,0,2,1,1,B01
202000014150,0,10,,0,1,6,15,A01
202000014151,1,50,,0,2,1,1,B01
202000014151,1,7,,0,9,1,15,A01
202000014152,1,37,1.0,0,2,3,1,B01
202000014152,1,7,,0,2,0,7,A01
202000014153,1,7,,0,2,1,2,A01
202000014153,1,7,,0,2,4,2,B01
202000014154,1,7,,0,1,8,1,A01
202000014155,1,7,,0,2,4,23,C01
202000014155,1,7,,0,2,4,23,B01
202000014155,1,7,,0,2,1,2,A01
202000014156,1,1,,13,0,0,1,A01
202000014157,1,1,,0,2,1,1,A01
202000014157,1,7,,0,2,1,1,B01
202000014158,2,7,,0,2,1,13,A01
202000014158,1,30,,0,2,1,1,B01
202000014159,3,7,,0,2,2,16,A01
202000014159,3,30,,0,2,1,1,B01
202000014160,3,7,,0,2,2,2,A01
202000014160,3,2,,0,0,4,1,B01
202000014161,3,7,,0,1,7,1,A01
202000014162,2,2,,0,1,7,19,Z01
202000014163,2,7,,13,0,0,1,A01
202000014164,3,7,,0,1,1,15,A01
202000014165,2,7,,0,2,1,1,B01
202000014165,1,7,,0,2,3,1,A01
202000014166,3,31,,0,2,7,19,A01
202000014166,3,33,,0,2,1,1,B01
202000014167,1,7,,0,2,8,1,B01
202000014167,1,7,,0,2,1,15,A01
202000014168,0,1,,0,2,1,1,B01
202000014168,0,7,,0,2,3,9,A01
202000014169,1,37,1.0,0,1,2,1,A01
202000014170,3,7,,0,1,3,26,A01
202000014171,2,7,,0,2,2,16,A01
202000014171,2,2,,0,2,1,1,B01
202000014172,0,7,,0,2,1,23,A01
202000014172,0,14,,0,0,0,0,B01
202000014173,3,2,,0,2,2,17,B01
202000014173,3,7,,0,2,3,15,A01
202000014174,1,7,,0,1,1,26,A01
202000014175,2,7,,0,1,1,1,A01
202000014176,2,30,,0,2,1,1,B01
202000014176,2,7,,0,2,7,9,A01
202000014177,1,7,,4,0,1,14,A01
202000014178,3,7,,0,2,1,2,A01
202000014178,3,7,,0,2,4,2,B01
202000014179,2,7,,0,2,3,26,B01
202000014179,1,30,,0,2,1,15,A01
202000014180,1,7,,0,2,1,13,A01
202000014180,2,30,,0,2,1,1,B01
202000014181,3,7,,0,1,1,26,A01
202000014182,2,43,,0,1,1,1,A01
202000014183,1,10,,0,2,1,26,A01
202000014183,1,7,,0,9,4,23,B01
202000014183,1,15,,0,2,4,23,C01
202000014184,2,7,,7,0,1,21,A01
202000014185,1,10,,0,2,8,1,B01
202000014185,2,7,,0,2,1,13,A01
202000014186,1,37,1.0,0,2,2,1,B01
202000014186,2,7,,0,2,3,1,A01
202000014187,3,37,1.0,9,0,3,14,A01
202000014188,2,7,,0,2,8,22,A01
202000014188,2,50,,0,2,1,1,B01
202000014189,1,32,,0,2,1,1,A01
202000014189,1,7,,0,2,6,12,B01
202000014190,1,7,,0,1,2,24,A01
202000014191,1,2,,0,1,0,18,A01
202000014192,2,10,,0,2,3,10,A01
202000014192,2,43,,0,2,2,1,B01
202000014193,-1,30,,0,1,0,1,Z01
202000014194,2,30,,0,2,1,1,A01
202000014194,2,7,,0,2,4,1,B01
202000014195,3,10,,0,2,3,9,B01
202000014195,2,30,,0,2,1,17,A01
202000014196,1,7,,0,2,0,15,A01
202000014196,2,7,,0,2,0,16,B01
202000014197,1,10,,0,0,1,1,A01
202000014198,3,10,,0,1,4,4,A01
202000014199,2,32,,0,0,7,1,A01
202000014200,1,34,,8,0,1,1,A01
202000014201,1,80,,1,0,1,25,A01
202000014201,2,7,,0,9,8,24,B01
202000014202,3,31,,0,1,1,1,B01
202000014202,3,7,,1,0,6,20,A01
202000014203,1,38,1.0,0,1,3,1,A01
202000014204,2,1,,14,0,0,9,A01
202000014205,1,7,,0,1,1,1,A01
202000014206,-1,2,,0,2,1,1,A01
202000014206,-1,7,,0,2,1,11,B01
202000014207,0,7,,0,2,3,15,A01
202000014207,3,7,,0,2,3,2,B01
202000014208,0,7,,0,2,1,1,B01
202000014208,0,3,,0,2,1,1,A01
202000014209,0,32,,0,2,3,0,B01
202000014209,0,7,,0,2,1,15,A01
202000014210,1,60,,14,0,0,17,A01
202000014211,2,34,,12,0,3,21,A01
202000014212,0,7,,1,0,1,14,A01
202000014213,1,32,,0,2,1,3,B01
202000014213,1,7,,0,2,8,1,A01
202000014214,1,33,,1,2,1,1,B01
202000014214,1,7,,1,2,7,15,A01
202000014215,1,7,,0,2,1,1,B01
202000014215,1,7,,15,2,4,1,A01
202000014215,1,15,,0,2,1,1,C01
202000014216,2,7,,0,2,7,1,B01
202000014216,1,7,,0,2,3,1,A01
202000014217,2,7,,0,1,3,1,A01
202000014218,0,2,,0,6,8,1,A01
202000014219,2,7,,3,0,4,2,B01
202000014219,2,7,,0,2,1,2,A01
202000014220,1,7,,13,0,2,1,A01
202000014221,1,7,,0,2,3,13,A01
202000014221,2,7,,0,2,3,1,B01
202000014222,1,7,,0,2,1,17,A01
202000014222,2,2,,0,2,1,1,B01
202000014223,3,7,,0,1,1,26,A01
202000014224,1,1,,14,0,1,11,A01
202000014225,1,7,,3,0,1,1,A01
202000014226,2,7,,0,2,3,17,A01
202000014226,1,7,,3,2,3,0,B01
202000014227,3,10,,0,9,7,2,B01
202000014227,3,1,,0,2,8,2,A01
202000014228,1,7,,0,2,1,1,B01
202000014228,2,7,,0,2,7,26,A01
202000014229,0,7,,0,2,5,15,A01
202000014229,0,7,,0,2,2,1,B01
202000014230,2,7,,0,2,3,13,A01
202000014230,2,7,,0,2,3,1,B01
202000014231,1,7,,2,0,1,1,A01
202000014232,3,10,,0,2,1,25,A01
202000014232,3,1,,0,2,7,19,B01
202000014233,1,33,,3,0,1,1,A01
202000014234,3,7,,8,0,3,1,A01
202000014235,2,33,,0,0,0,0,A01
202000014236,2,33,,0,0,7,0,A01
202000014237,2,7,,13,0,9,1,A01
202000014238,1,7,,0,1,3,1,A01
202000014239,2,7,,0,2,3,1,B01
202000014239,1,7,,0,2,6,2,C01
202000014239,1,7,,0,2,1,5,A01
202000014240,1,7,,0,1,2,1,A01
202000014241,3,33,,0,0,0,1,A01
202000014242,2,7,,0,0,4,1,A01
202000014242,2,7,,0,2,1,2,B01
202000014243,2,7,,1,0,1,15,A01
202000014244,1,2,,0,0,0,1,A01
202000014245,2,7,,2,0,2,0,A01
202000014246,1,7,,6,0,1,13,A01
202000014247,1,7,,13,0,2,21,A01
202000014248,1,7,,0,2,2,12,C01
202000014248,1,7,,0,2,4,1,B01
202000014248,1,7,,0,2,5,1,A01
202000014249,1,7,,0,2,3,13,B01
202000014249,1,7,,0,2,2,1,A01
202000014250,2,32,,14,0,1,21,A01
202000014251,0,7,,0,2,0,0,Z01
202000014251,0,1,,0,2,4,1,A01
202000014252,1,33,,0,2,1,1,B01
202000014252,1,7,,0,2,7,15,A01
202000014253,1,7,,0,1,2,1,A01
202000014254,1,7,,0,1,1,1,Z01
202000014255,1,7,,0,2,4,26,A01
202000014255,1,7,,0,2,1,2,B01
202000014256,3,1,,0,2,8,19,B01
202000014256,3,2,,0,2,1,2,A01
202000014257,1,7,,4,0,2,1,A01
202000014258,1,7,,1,1,1,1,A01
202000014259,0,7,,0,1,1,15,A01
202000014260,1,7,,0,1,3,1,A01
202000014261,3,7,,0,2,1,2,A01
202000014261,1,1,,0,2,4,2,B01
202000014262,1,30,,0,2,1,13,B01
202000014262,2,7,,0,2,1,1,A01
202000014263,1,33,,0,2,7,15,A01
202000014263,1,30,,0,2,3,1,B01
202000014264,3,7,,0,1,4,20,A01
202000014265,2,7,,0,2,3,15,A01
202000014265,1,32,,0,2,9,1,B01
202000014266,3,7,,0,2,8,1,A01
202000014266,3,14,,0,2,2,12,Z01
202000014267,1,7,,0,2,8,13,A01
202000014267,1,31,,0,2,5,1,B01
202000014268,1,10,,0,1,7,1,A01
202000014269,1,33,,0,2,1,15,A01
202000014269,1,30,,0,2,8,1,B01
202000014270,1,30,,0,0,8,11,A01
202000014271,3,7,,0,2,0,1,Z01
202000014271,3,1,,0,2,6,15,A01
202000014272,2,7,,0,2,3,1,B01
202000014272,1,50,,0,2,1,15,A01
202000014273,3,33,,0,2,7,15,A01
202000014273,3,7,,0,2,2,1,B01
202000014274,2,7,,0,2,2,8,A01
202000014274,1,1,,0,2,1,8,B01
202000014275,2,7,,0,2,7,17,A01
202000014275,2,32,,0,2,8,1,B01
202000014276,2,13,,0,2,1,1,B01
202000014276,1,7,,0,2,7,1,A01
202000014277,1,10,,0,2,0,16,A01
202000014277,1,1,,0,2,6,1,B01
202000014278,2,50,,0,2,2,15,B01
202000014278,2,10,,0,2,1,1,A01
202000014279,1,13,,0,1,3,1,A01
202000014280,1,1,,0,1,1,1,A01
202000014281,1,33,,0,2,4,1,B01
202000014281,2,7,,0,2,1,1,Z01
202000014282,3,7,,12,0,8,1,A01
202000014282,3,32,,12,0,7,1,B01
202000014283,3,14,,0,2,2,15,A01
202000014283,1,7,,0,2,8,1,B01
202000014284,2,13,,0,2,4,1,B01
202000014284,2,37,2.0,0,2,1,1,A01
202000014285,3,7,,0,1,1,1,A01
202000014286,3,10,,13,0,0,14,A01
202000014287,0,33,,0,2,7,17,A01
202000014287,1,10,,0,2,3,15,B01
202000014287,0,37,0.0,0,2,1,0,T01
202000014288,-1,7,,0,1,1,15,A01
202000014289,1,20,,8,5,2,26,A01
202000014290,3,7,,0,1,2,1,A01
202000014291,1,30,,8,0,1,13,A01
202000014292,2,7,,0,2,6,23,B01
202000014292,2,30,,0,2,1,2,A01
202000014293,2,7,,0,1,1,1,A01
202000014294,2,2,,0,0,0,1,A01
202000014295,2,2,,0,2,7,1,B01
202000014295,1,10,,0,2,3,15,A01
202000014296,1,2,,0,2,2,17,B01
202000014296,1,7,,0,2,3,15,A01
202000014297,3,1,,0,1,1,1,A01
202000014298,1,7,,0,1,1,15,A01
202000014299,2,2,,0,2,0,2,B01
202000014299,2,7,,0,2,0,13,Z01
202000014299,2,7,,0,2,4,23,T01
202000014300,1,30,,0,1,1,17,Z01
202000014301,1,33,,0,2,8,13,A01
202000014301,2,37,1.0,0,2,3,1,B01
202000014301,2,7,,0,2,3,1,C01
202000014302,1,7,,0,0,5,15,A01
202000014302,2,33,,0,2,1,1,B01
202000014303,2,7,,0,2,3,1,B01
202000014303,1,10,,0,2,1,13,A01
202000014304,2,15,,13,0,1,1,A01
202000014305,0,7,,0,0,9,1,A01
202000014306,1,7,,0,1,1,1,A01
202000014307,1,10,,0,2,1,21,A01
202000014307,1,2,,0,2,4,1,B01
202000014308,1,7,,0,2,1,2,A01
202000014308,1,15,,0,0,4,2,B01
202000014309,2,30,,0,2,1,1,A01
202000014309,2,7,,0,0,4,15,B01
202000014309,2,2,,16,0,0,1,C01
202000014310,2,7,,2,0,3,14,A01
202000014311,2,10,,0,0,1,2,A01
202000014312,1,7,,0,0,1,1,B01
202000014312,1,7,,15,0,7,19,A01
202000014313,1,2,,0,2,1,1,B01
202000014313,2,7,,0,2,3,15,A01
202000014314,3,10,,0,1,3,1,A01
202000014315,3,2,,0,0,0,26,A01
202000014316,2,30,,0,2,3,1,B01
202000014316,0,7,,0,2,3,19,A01
202000014317,1,7,,6,0,1,2,A01
202000014318,1,7,,0,2,1,13,B01
202000014318,2,7,,0,2,1,1,A01
202000014319,1,7,,0,1,3,0,A01
202000014320,2,7,,0,2,7,1,A01
202000014320,1,60,,0,2,0,5,B01
202000014321,2,7,,0,1,8,1,A01
202000014322,1,2,,15,0,7,1,A01
202000014323,2,7,,13,0,3,2,A01
202000014324,1,7,,6,0,1,1,A01
202000014325,1,7,,0,0,4,2,B01
202000014325,1,2,,0,0,1,2,A01
202000014326,1,10,,0,1,1,15,A01
202000014327,3,7,,0,1,2,26,A01
202000014328,3,50,,0,0,0,0,A01
202000014329,2,7,,0,2,1,1,B01
202000014329,1,7,,0,2,1,13,A01
202000014330,1,7,,0,2,1,2,A01
202000014330,1,7,,0,0,4,1,B01
202000014331,1,7,,0,2,1,5,B01
202000014331,2,17,,3,2,1,1,A01
202000014332,1,7,,0,2,3,17,A01
202000014332,0,1,,0,2,4,19,B01
202000014333,3,7,,0,1,2,1,A01
202000014334,2,2,,0,0,7,11,A01
202000014335,1,7,,7,0,1,1,A01
202000014336,0,7,,0,1,2,16,A01
202000014337,2,2,,0,2,1,17,A01
202000014337,2,7,,0,2,3,15,B01
202000014338,3,7,,0,1,2,1,A01
202000014339,1,7,,0,2,1,0,A01
202000014339,2,7,,0,2,1,0,B01
202000014339,2,7,,0,2,3,0,C01
202000014340,1,33,,0,2,7,0,A01
202000014340,2,7,,0,2,3,9,B01
202000014341,1,33,,0,0,0,1,A01
202000014342,1,7,,15,0,3,1,A01
202000014343,1,7,,6,0,1,1,A01
202000014344,1,10,,0,2,1,14,C01
202000014344,1,10,,0,2,4,1,B01
202000014344,1,10,,0,2,1,2,A01
202000014345,1,7,,0,2,6,2,B01
202000014345,1,15,,0,2,1,12,A01
202000014346,1,7,,0,2,1,2,A01
202000014346,1,7,,0,2,6,23,B01
202000014347,2,17,,0,9,1,1,B01
202000014347,2,7,,0,2,1,0,Z01
202000014347,2,7,,0,2,4,1,A01
202000014348,1,7,,0,2,1,1,C01
202000014348,1,7,,0,2,8,1,B01
202000014348,1,17,,0,2,2,12,A01
202000014349,1,10,,0,2,4,2,C01
202000014349,1,10,,0,2,1,2,B01
202000014349,1,10,,0,2,1,2,A01
202000014350,1,14,,0,2,2,12,C01
202000014350,1,7,,0,2,6,11,B01
202000014350,1,15,,0,2,2,1,A01
202000014351,2,33,,0,2,1,3,A01
202000014351,2,10,,0,2,7,12,B01
202000014352,1,33,,0,2,1,2,A01
202000014353,1,15,,0,2,3,2,A01
202000014353,1,7,,0,2,4,2,B01
202000014353,1,7,,0,2,3,14,C01
202000014354,3,7,,0,2,1,9,A01
202000014354,3,7,,0,2,2,0,B01
202000014355,2,7,,0,2,1,1,B01
202000014355,1,7,,0,2,2,15,A01
202000014356,1,33,,4,0,8,2,A01
202000014357,0,7,,0,1,2,1,A01
202000014358,1,2,,0,2,8,1,B01
202000014358,1,7,,0,2,7,1,A01
202000014359,2,34,,0,2,6,10,A01
202000014359,1,30,,0,2,1,1,B01
202000014360,1,7,,0,1,7,16,A01
202000014361,1,2,,0,2,8,2,B01
202000014361,1,17,,0,2,7,9,A01
202000014362,3,7,,0,2,1,13,A01
202000014362,3,7,,0,2,3,1,C01
202000014362,3,7,,0,2,3,1,B01
202000014363,1,10,,0,2,1,16,A01
202000014363,1,50,,0,2,1,1,B01
202000014364,3,7,,1,1,3,16,A01
202000014365,1,32,,0,2,1,1,B01
202000014365,2,7,,0,2,3,15,A01
202000014366,3,32,,13,0,9,26,A01
202000014367,3,10,,0,2,1,10,A01
202000014367,0,10,,0,2,5,13,B01
202000014367,3,37,1.0,0,2,4,24,C01
202000014368,3,7,,0,2,3,18,B01
202000014368,3,33,,0,2,7,12,A01
202000014369,2,7,,0,2,4,1,B01
202000014369,2,15,,0,2,1,1,A01
202000014370,1,7,,0,2,2,15,A01
202000014370,0,31,,0,2,1,1,B01
202000014370,0,7,,0,2,1,1,C01
202000014371,1,10,,0,2,2,1,B01
202000014371,2,10,,0,2,3,15,A01
202000014372,2,38,1.0,0,1,2,11,A01
202000014373,2,30,,0,0,2,1,A01
202000014374,1,7,,14,0,1,1,A01
202000014374,1,32,,0,2,0,0,B01
202000014375,1,7,,0,1,2,15,A01