Num_Acc,senc,catv,occutc,obs,obsm,choc,manv,num_veh
202000014376,2,10,,8,0,4,26,A01
202000014377,1,1,,0,2,3,1,A01
202000014377,3,7,,0,2,1,15,Z01
202000014378,1,7,,0,2,2,1,B01
202000014378,1,1,,0,2,3,15,A01
202000014379,1,60,,0,2,8,19,B01
202000014379,3,3,,0,9,1,11,Z01
202000014380,2,33,,0,2,8,1,B01
202000014380,1,7,,0,2,1,16,A01
202000014381,2,7,,0,1,1,1,A01
202000014382,2,2,,0,2,1,18,A01
202000014382,2,7,,0,2,7,16,B01
202000014383,3,33,,0,2,1,1,A01
202000014383,3,7,,0,2,3,1,B01
202000014384,0,7,,8,1,1,1,A01
202000014385,0,7,,0,2,3,1,B01
202000014385,0,7,,0,2,3,13,A01
202000014386,3,7,,0,1,1,9,A01
202000014387,2,7,,0,2,7,1,A01
202000014387,3,7,,0,2,1,15,B01
202000014388,2,7,,15,0,2,1,A01
202000014389,1,10,,0,1,3,16,A01
202000014390,1,7,,0,1,2,1,A01
202000014391,3,7,,0,2,8,1,A01
202000014391,2,7,,0,2,1,1,B01
202000014392,3,7,,0,1,2,1,A01
202000014393,3,1,,0,0,0,26,A01
202000014394,2,7,,0,5,1,26,V01
202000014395,1,7,,0,1,1,16,A01
202000014396,3,10,,0,1,2,1,A01
202000014397,2,14,,0,2,6,1,B01
202000014397,1,7,,8,2,3,13,A01
202000014398,2,7,,0,2,1,0,A01
202000014398,1,2,,0,2,1,0,B01
202000014398,2,7,,0,2,0,0,Z01
202000014399,1,7,,0,2,7,15,A01
202000014399,1,33,,0,2,3,1,B01
202000014400,1,14,,0,2,6,24,B01
202000014400,2,7,,0,2,1,1,C01
202000014400,1,7,,1,1,1,17,A01
202000014401,0,33,,0,2,1,1,A01
202000014401,0,7,,0,2,1,17,Z01
202000014402,1,7,,0,2,3,16,B01
202000014402,1,34,,0,2,2,1,A01
202000014403,2,7,,0,0,3,10,A01
202000014403,2,33,,0,2,1,3,B01
202000014404,1,7,,0,2,1,1,A01
202000014404,1,10,,0,2,5,1,B01
202000014405,1,7,,0,1,3,1,A01
202000014406,1,7,,0,2,3,9,A01
202000014406,2,34,,0,2,2,1,B01
202000014407,2,7,,0,2,1,21,B01
202000014407,1,7,,0,2,1,5,A01
202000014408,1,1,,0,1,1,1,A01
202000014409,2,7,,0,1,1,1,Z01
202000014410,3,32,,0,2,2,15,B01
202000014410,3,7,,0,2,3,13,A01
202000014411,2,7,,0,2,5,23,A01
202000014411,2,7,,0,2,3,2,B01
202000014412,1,1,,0,2,1,2,A01
202000014412,1,7,,0,2,4,23,Z01
202000014413,2,1,,0,2,1,2,B01
202000014413,2,7,,0,2,8,22,A01
202000014414,1,33,,0,2,1,1,B01
202000014414,1,7,,0,2,3,4,A01
202000014415,1,30,,0,2,2,15,B01
202000014415,2,32,,0,2,1,1,A01
202000014416,2,7,,0,2,7,17,Z01
202000014416,2,1,,0,2,8,15,A01
202000014417,2,10,,0,1,4,4,A01
202000014418,2,7,,0,1,5,4,A01
202000014419,1,7,,0,1,0,1,A01
202000014420,3,30,,0,1,1,1,A01
202000014421,1,2,,0,2,1,17,B01
202000014421,1,7,,0,2,3,15,A01
202000014422,-1,7,,0,2,8,22,B01
202000014422,-1,10,,14,0,3,1,C01
202000014422,-1,33,,14,0,1,2,A01
202000014423,1,99,,0,2,2,15,B01
202000014423,1,33,,0,2,1,9,A01
202000014424,1,33,,0,1,1,9,A01
202000014425,1,10,,0,2,3,15,B01
202000014425,0,10,,0,2,1,1,A01
202000014426,2,7,,0,2,1,18,A01
202000014426,2,7,,0,0,0,0,B01
202000014427,3,7,,0,1,3,15,A01
202000014428,3,33,,0,1,0,21,A01
202000014429,3,7,,0,2,3,10,A01
202000014429,3,33,,0,2,0,1,B01
202000014430,3,15,,0,2,2,1,A01
202000014430,3,33,,0,2,8,15,B01
202000014431,1,7,,0,2,8,1,B01
202000014431,1,0,,0,2,1,1,A01
202000014432,1,7,,0,2,5,2,B01
202000014432,1,30,,0,2,1,2,A01
202000014433,3,7,,0,2,3,15,A01
202000014433,3,31,,0,2,2,1,B01
202000014434,2,15,,0,2,2,1,A01
202000014434,1,2,,0,2,1,13,B01
202000014435,2,33,,0,2,1,11,D01
202000014435,1,10,,0,2,5,1,F01
202000014435,2,7,,0,2,8,1,E01
202000014435,2,33,,0,2,1,5,C01
202000014435,1,15,,9,2,2,11,B01
202000014435,2,7,,3,2,2,5,A01
202000014436,1,7,,0,2,1,5,A01
202000014436,2,7,,0,2,1,0,B01
202000014437,1,2,,0,2,8,15,A01
202000014437,1,7,,0,2,3,1,B01
202000014438,1,17,,6,2,3,21,B01
202000014438,2,20,,0,2,3,13,A01
202000014439,1,7,,0,0,9,1,A01
202000014440,2,7,,0,2,3,13,A01
202000014440,1,7,,0,2,3,1,B01
202000014441,2,7,,3,0,9,1,A01
202000014442,1,15,,0,2,1,1,C01
202000014442,2,7,,0,0,6,23,B01
202000014442,2,7,,0,2,2,2,A01
202000014443,1,7,,0,2,1,1,B01
202000014443,1,17,,0,2,2,15,A01
202000014444,2,7,,0,2,1,13,A01
202000014444,1,7,,0,2,3,1,B01
202000014445,2,7,,3,0,3,17,A01
202000014446,2,7,,3,0,2,1,A01
202000014447,1,7,,3,0,1,13,A01
202000014448,2,7,,9,2,8,1,B01
202000014448,1,7,,0,2,1,1,A01
202000014449,2,7,,0,2,1,1,B01
202000014449,1,7,,0,2,8,15,A01
202000014450,0,7,,0,1,2,26,A01
202000014451,3,99,,0,0,4,2,B01
202000014451,0,33,,0,2,1,2,A01
202000014452,1,33,,15,0,1,0,A01
202000014453,2,7,,0,2,1,17,A01
202000014453,2,17,,0,0,8,1,B01
202000014454,2,1,,0,2,1,15,A01
202000014454,1,7,,0,2,2,1,B01
202000014455,1,7,,15,0,1,1,A01
202000014456,1,7,,0,1,2,1,A01
202000014457,0,7,,0,9,3,16,A01
202000014457,0,1,,0,2,7,12,B01
202000014458,2,7,,7,2,1,1,B01
202000014458,1,7,,0,2,7,13,A01
202000014459,1,7,,4,0,2,1,A01
202000014460,1,10,,0,0,6,0,B01
202000014460,1,7,,0,2,2,0,A01
202000014461,2,7,,0,2,1,1,A01
202000014461,2,7,,0,0,4,1,B01
202000014461,2,7,,0,2,4,1,C01
202000014462,1,33,,0,0,0,1,A01
202000014463,1,7,,0,1,1,1,A01
202000014464,2,7,,0,1,7,1,A01
202000014465,1,30,,0,2,1,17,A01
202000014465,1,7,,0,2,8,15,B01
202000014466,1,7,,0,0,9,14,A01
202000014467,3,7,,0,2,3,10,B01
202000014467,2,7,,0,2,2,2,A01
202000014468,0,7,,0,2,2,13,A01
202000014468,0,7,,0,2,3,1,B01
202000014469,1,33,,9,0,1,13,A01
202000014470,3,7,,0,9,7,0,A01
202000014470,3,60,,0,9,3,19,B01
202000014471,1,7,,0,2,2,1,A01
202000014471,1,7,,0,2,3,18,Z01
202000014472,1,7,,0,2,5,23,B01
202000014472,1,33,,0,2,1,12,A01
202000014473,3,32,,0,0,1,1,A01
202000014474,1,1,,0,2,7,1,A01
202000014474,1,7,,0,2,6,1,B01
202000014475,3,33,,0,2,7,1,A01
202000014475,3,7,,0,2,7,1,B01
202000014476,1,31,,0,0,0,1,A01
202000014477,1,7,,0,2,3,16,B01
202000014477,3,34,,6,2,1,15,A01
202000014478,1,7,,0,1,1,15,A01
202000014479,1,7,,0,2,1,0,C01
202000014479,2,30,,0,0,4,23,A01
202000014480,2,1,,0,2,7,15,B01
202000014480,1,7,,14,2,1,13,A01
202000014481,1,30,,0,0,8,1,A01
202000014482,1,7,,2,0,1,21,A01
202000014483,1,7,,0,1,1,1,A01
202000014484,1,7,,2,0,3,1,A01
202000014485,3,1,,0,2,1,5,B01
202000014485,3,7,,0,2,3,1,A01
202000014486,2,7,,0,0,9,1,A01
202000014487,0,7,,0,9,8,26,A01
202000014487,0,1,,0,2,8,2,B01
202000014488,1,33,,13,0,1,1,A01
202000014489,3,7,,0,2,2,1,A01
202000014489,3,1,,0,2,8,16,B01
202000014490,2,1,,0,0,9,1,A01
202000014491,1,7,,13,0,3,1,A01
202000014492,1,7,,6,0,1,1,A01
202000014493,3,7,,9,0,1,0,A01
202000014494,1,36,,13,0,4,1,A01
202000014495,1,7,,0,2,3,15,A01
202000014495,2,1,,0,2,1,26,B01
202000014496,1,7,,0,0,0,13,A01
202000014497,0,7,,2,0,1,13,A01
202000014498,2,2,,0,0,0,1,A01
202000014499,2,2,,0,1,1,1,A01
202000014500,2,7,,0,2,6,1,A01
202000014500,2,7,,0,2,8,12,B01
202000014501,1,7,,6,0,2,21,A01
202000014502,2,7,,3,0,1,1,A01
202000014503,3,10,,0,2,6,1,B01
202000014503,3,7,,0,2,3,13,A01
202000014504,0,30,,0,1,0,1,Z01
202000014505,1,31,,0,0,0,19,A01
202000014506,1,7,,0,2,1,26,A01
202000014507,1,3,,4,0,1,26,A01
202000014508,2,7,,0,0,5,1,B01
202000014508,2,7,,4,2,9,2,A01
202000014509,1,7,,0,2,1,2,C01
202000014509,1,7,,0,2,1,1,B01
202000014509,1,10,,0,2,4,2,A01
202000014510,2,33,,12,0,3,0,A01
202000014511,0,30,,0,0,1,1,A01
202000014512,1,31,,0,2,1,21,B01
202000014512,1,7,,0,2,4,1,A01
202000014513,1,7,,0,2,2,2,A01
202000014513,1,7,,0,2,6,23,B01
202000014514,1,1,,12,0,1,25,A01
202000014515,0,7,,7,0,1,14,B01
202000014516,2,1,,0,1,1,1,A01
202000014517,1,7,,2,0,1,14,A01
202000014518,0,7,,0,1,7,1,A01
202000014519,1,33,,4,0,8,13,A01
202000014520,1,1,,0,0,1,1,A01
202000014521,1,80,,2,0,2,14,A01
202000014522,2,1,,0,2,4,21,A01
202000014522,2,1,,0,2,1,1,Z01
202000014523,1,7,,14,0,3,1,A01
202000014524,2,1,,0,0,0,1,A01
202000014525,0,30,,0,1,1,1,Z01
202000014526,1,7,,0,1,4,4,A01
202000014527,2,7,,0,1,2,21,A01
202000014528,3,7,,0,2,3,15,B01
202000014528,3,2,,0,2,1,1,A01
202000014529,1,10,,0,2,1,1,A01
202000014529,2,7,,0,2,8,19,B01
202000014530,2,50,,0,2,2,1,A01
202000014530,1,7,,0,2,3,9,B01
202000014531,3,1,,9,0,1,15,A01
202000014532,1,35,,0,0,1,0,A01
202000014533,1,7,,0,2,1,2,A01
202000014533,1,34,,0,2,4,2,B01
202000014534,1,7,,0,2,2,1,B01
202000014534,1,7,,0,2,1,15,A01
202000014535,1,33,,0,0,1,1,A01
202000014536,1,50,,0,0,0,1,A01
202000014537,3,7,,0,2,1,1,B01
202000014537,3,7,,0,2,1,1,A01
202000014538,1,7,,2,0,2,0,A01
202000014539,3,34,,0,0,8,1,A01
202000014540,1,7,,13,2,5,15,A01
202000014540,2,7,,13,2,1,1,B01
202000014541,0,2,,5,0,0,0,A01
202000014542,1,7,,0,0,3,0,A01
202000014543,2,7,,7,0,5,2,A01
202000014544,3,33,,0,0,9,1,A01
202000014545,1,7,,0,1,2,1,A01
202000014546,2,7,,0,2,1,13,C01
202000014546,1,7,,0,2,8,1,A01
202000014546,1,7,,0,2,1,1,B01
202000014547,2,7,,2,0,3,17,A01
202000014548,1,7,,3,0,3,13,A01
202000014548,2,17,,0,0,1,1,B01
202000014549,1,33,,0,2,1,1,B01
202000014549,1,7,,0,0,6,9,A01
202000014550,3,2,,0,0,0,0,A01
202000014551,1,33,,0,2,1,17,A01
202000014551,1,17,,0,2,6,17,B01
202000014552,1,33,,0,0,0,21,A01
202000014553,1,7,,2,0,0,13,A01
202000014554,2,7,,0,2,4,0,B01
202000014554,2,17,,0,2,1,2,A01
202000014555,3,33,,0,2,8,9,B01
202000014555,3,7,,0,2,2,9,A01
202000014556,1,10,,0,2,4,1,B01
202000014556,1,10,,0,2,3,2,A01
202000014557,3,2,,0,2,1,1,A01
202000014557,3,2,,0,2,1,1,B01
202000014558,3,1,,0,2,1,1,B01
202000014558,3,7,,0,2,1,9,A01
202000014559,3,7,,10,0,1,0,A01
202000014560,1,7,,0,1,2,21,A01
202000014561,2,7,,0,2,1,15,A01
202000014561,2,33,,0,2,1,15,B01
202000014562,1,7,,0,2,3,1,A01
202000014562,2,1,,0,2,1,1,B01
202000014563,3,33,,0,1,7,14,A01
202000014564,3,13,,6,0,1,1,A01
202000014565,3,10,,1,0,1,1,B01
202000014566,2,33,,0,2,1,1,B01
202000014566,1,7,,0,2,1,15,A01
202000014567,3,33,,0,2,1,1,B01
202000014567,3,10,,0,2,2,15,A01
202000014568,3,7,,0,1,1,1,A01
202000014569,2,7,,0,2,2,15,A01
202000014569,1,33,,0,2,3,0,B01
202000014570,1,7,,0,2,0,10,A01
202000014570,1,32,,0,2,1,1,B01
202000014571,1,80,,11,0,1,1,A01
202000014572,1,7,,0,1,1,15,A01
202000014573,1,7,,0,2,8,15,A01
202000014573,0,1,,0,2,5,0,B01
202000014574,3,33,,14,0,1,1,A01
202000014575,1,30,,0,0,1,1,A01
202000014576,2,33,,0,2,0,0,A01
202000014576,2,7,,0,2,8,22,Z01
202000014577,0,33,,0,2,0,0,A01
202000014577,0,10,,0,0,0,0,Z01
202000014578,1,10,,0,1,1,15,A01
202000014579,1,7,,0,1,1,1,A01
202000014580,2,7,,0,2,3,13,A01
202000014580,2,7,,0,2,2,23,B01
202000014581,1,7,,14,2,3,26,A01
202000014581,1,7,,9,2,6,0,B01
202000014582,0,2,,0,2,2,1,B01
202000014582,0,7,,0,2,6,10,A01
202000014583,1,7,,0,2,3,13,A01
202000014583,2,7,,0,2,3,1,B01
202000014584,1,7,,0,2,1,12,A01
202000014584,1,7,,0,2,6,1,B01
202000014585,1,10,,0,1,4,4,Z01
202000014586,1,33,,0,2,4,1,B01
202000014586,1,7,,0,2,2,14,A01
202000014587,3,1,,0,2,7,16,A01
202000014587,2,7,,0,2,8,1,B01
202000014588,1,1,,0,0,3,21,A01
202000014589,1,7,,0,2,1,2,A01
202000014589,1,7,,0,2,0,0,B01
202000014590,1,7,,0,2,1,26,B01
202000014590,2,1,,0,2,7,1,A01
202000014591,2,30,,0,2,6,1,A01
202000014591,2,7,,0,2,2,10,B01
202000014592,2,33,,0,1,9,23,B01
202000014592,2,10,,0,2,1,2,A01
202000014593,2,7,,0,2,0,4,A01
202000014593,2,1,,0,2,1,1,B01
202000014594,1,1,,0,2,8,1,B01
202000014594,1,7,,0,2,1,16,A01
202000014595,-1,10,,0,2,2,1,A01
202000014595,0,7,,0,2,3,1,B01
202000014596,0,7,,9,1,1,1,A01
202000014597,3,7,,2,0,7,15,A01
202000014598,1,7,,0,2,4,2,C01
202000014598,1,7,,0,2,1,1,A01
202000014598,1,7,,0,2,4,1,B01
202000014599,2,7,,0,2,8,1,B01
202000014599,1,7,,0,2,1,1,A01
202000014600,1,7,,0,6,2,0,A01
202000014601,1,7,,13,0,9,1,A01
202000014602,3,7,,0,1,0,1,A01
202000014603,1,7,,0,2,2,12,A01
202000014603,1,3,,3,0,4,1,B01
202000014604,2,10,,13,2,1,2,B01
202000014604,2,17,,0,0,5,2,A01
202000014605,2,7,,6,0,9,1,A01
202000014606,1,7,,0,2,1,1,B01
202000014606,2,7,,0,2,1,17,A01
202000014607,2,33,,0,0,3,1,A01
202000014608,2,14,,0,2,6,2,B01
202000014608,2,7,,0,2,1,2,A01
202000014609,2,7,,0,0,4,23,B01
202000014609,2,7,,0,2,1,2,A01
202000014610,1,10,,0,2,1,2,A01
202000014610,1,7,,0,0,4,2,B01
202000014611,3,50,,0,0,0,0,A01
202000014612,3,7,,0,1,4,20,A01
202000014613,1,33,,0,0,1,1,A01
202000014614,1,15,,0,0,0,1,A01
202000014615,2,7,,13,0,2,14,A01
202000014616,2,33,,13,0,8,1,A01
202000014617,1,7,,13,0,9,13,A01
202000014618,0,7,,8,0,1,1,A01
202000014619,1,7,,0,0,0,1,A01
202000014620,3,7,,6,0,1,1,A01
202000014621,2,7,,8,0,1,1,A01
202000014622,2,34,,0,0,1,12,A01
202000014623,2,34,,0,2,1,2,A01
202000014624,2,32,,0,2,3,2,B01
202000014624,2,7,,0,2,7,2,A01
202000014625,1,17,,0,2,4,2,B01
202000014625,1,7,,0,2,1,2,A01
202000014626,2,7,,0,2,1,1,B01
202000014626,1,32,,0,2,1,1,A01
202000014627,1,7,,0,2,2,21,A01
202000014627,1,7,,0,2,6,23,B01
202000014627,1,7,,0,2,3,23,C01
202000014628,1,7,,14,1,1,13,A01
202000014629,1,33,,0,2,1,1,B01
202000014629,2,7,,0,2,1,15,A01
202000014630,2,7,,0,1,1,1,A01
202000014631,1,7,,0,2,4,1,B01
202000014631,1,17,,0,2,1,1,A01
202000014632,3,10,,0,2,1,1,B01
202000014632,3,7,,0,2,2,15,A01
202000014633,2,1,,0,2,1,8,B01
202000014633,2,7,,0,2,0,19,A01
202000014634,1,10,,0,1,2,1,A01
202000014635,2,30,,0,2,8,9,A01
202000014635,2,7,,0,2,2,26,B01
202000014636,1,32,,0,2,1,9,A01
202000014636,1,7,,0,2,0,9,Z01
202000014637,2,7,,0,1,1,15,A01
202000014638,3,7,,0,1,1,1,A01
202000014639,1,7,,0,1,1,1,A01
202000014640,3,7,,12,0,2,1,A01
202000014641,1,7,,0,2,1,2,A01
202000014641,1,34,,0,2,4,1,B01
202000014642,1,7,,0,2,3,1,B01
202000014642,3,7,,0,2,2,1,A01
202000014643,1,33,,0,2,1,1,B01
202000014643,2,7,,0,2,1,15,A01
202000014644,0,31,,0,1,1,1,A01
202000014645,1,7,,0,1,2,1,A01
202000014646,3,30,,0,2,4,23,B01
202000014646,3,7,,0,2,1,1,A01
202000014647,1,10,,0,2,1,1,Z01
202000014647,2,32,,0,2,3,1,B01
202000014648,3,7,,0,2,5,16,B01
202000014648,3,33,,0,2,1,7,A01
202000014649,3,10,,0,2,3,19,A01
202000014649,1,34,,0,2,1,1,B01
202000014650,2,10,,0,2,7,26,A01
202000014650,1,10,,0,2,1,1,B01
202000014651,1,7,,0,2,6,1,C01
202000014651,1,33,,0,2,2,3,B01
202000014651,1,7,,0,2,0,12,A01
202000014652,1,32,,0,2,4,1,A01
202000014652,1,7,,0,2,1,11,Z01
202000014653,1,7,,4,0,3,13,A01
202000014654,1,30,,1,0,1,14,A01
202000014655,2,37,1.0,0,2,8,15,B01
202000014655,1,31,,0,2,3,1,A01
202000014656,2,7,,0,1,7,16,A01
202000014657,2,7,,0,1,8,1,A01
202000014657,1,7,,0,2,3,1,Z01
202000014658,2,1,,0,2,3,15,B01
202000014658,1,7,,0,2,3,15,A01
202000014659,2,32,,0,2,1,17,A01
202000014659,1,32,,0,2,1,1,B01
202000014660,1,1,,0,2,0,1,A01
202000014660,2,7,,0,1,1,1,B01
202000014661,1,3,,1,2,1,13,A01
202000014662,1,7,,0,2,1,1,Z01
202000014662,2,43,,0,2,8,1,A01
202000014663,2,34,,0,0,0,9,A01
202000014664,1,33,,0,2,2,1,B01
202000014664,2,7,,0,2,7,15,A01
202000014665,3,33,,0,0,3,1,A01
202000014666,1,7,,0,2,3,9,A01
202000014666,1,7,,0,2,1,1,B01
202000014667,1,50,,12,0,2,15,A01
202000014668,3,14,,0,2,1,1,B01
202000014668,3,7,,0,2,4,26,A01
202000014669,3,37,1.0,0,2,2,1,B01
202000014669,3,30,,0,2,3,15,A01
202000014670,2,7,,12,0,1,1,A01
202000014671,1,7,,0,1,1,1,A01
202000014672,3,10,,0,2,1,1,B01
202000014672,3,10,,0,0,4,23,A01
202000014673,0,2,,0,2,1,1,B01
202000014673,0,7,,0,2,7,1,A01
202000014674,2,3,,9,0,8,1,A01
202000014675,3,0,,0,1,0,0,A01
202000014676,3,7,,0,2,1,1,B01
202000014676,1,7,,0,2,5,26,A01
202000014677,1,7,,0,2,3,5,A01
202000014677,2,7,,0,2,3,1,B01
202000014678,2,7,,2,0,8,1,A01
202000014679,1,7,,0,1,2,9,A01
202000014680,2,7,,0,2,1,17,A01
202000014680,1,32,,0,2,1,1,B01
202000014681,2,7,,13,0,1,1,A01
202000014682,1,7,,0,0,0,23,B01
202000014682,1,7,,0,1,1,1,A01
202000014683,2,2,,0,0,0,14,A01
202000014684,2,7,,0,2,1,2,A01
202000014684,2,17,,0,0,6,2,B01
202000014685,1,2,,12,0,1,0,A01
202000014686,2,2,,0,0,0,0,A01
202000014687,3,7,,12,0,1,6,A01
202000014688,2,7,,0,2,1,13,A01
202000014688,1,21,,0,2,3,23,B01
202000014689,2,7,,13,0,1,1,A01
202000014690,2,7,,8,0,3,1,A01
202000014691,3,7,,0,1,2,1,A01
202000014692,1,1,,0,0,4,2,B01
202000014692,1,0,,0,2,2,2,A01
202000014693,2,7,,16,0,9,1,A01
202000014694,2,7,,0,0,1,1,A01
202000014694,1,7,,0,0,3,1,B01
202000014695,1,7,,0,2,2,17,A01
202000014695,1,7,,0,2,6,1,B01
202000014695,1,7,,0,9,2,1,C01
202000014695,2,7,,0,2,8,1,D01
202000014696,1,7,,3,6,1,1,A01
202000014697,2,7,,13,0,3,1,A01
202000014698,3,7,,0,2,2,9,A01
202000014698,3,31,,0,2,1,1,B01
202000014699,0,3,,13,0,1,0,A01
202000014700,2,7,,0,1,1,1,A01
202000014701,2,7,,1,0,4,0,A01
202000014702,1,7,,0,2,0,1,B01
202000014702,2,31,,0,0,0,1,A01
202000014703,0,7,,0,0,2,15,A01
202000014703,0,1,,0,2,1,1,B01
202000014704,3,30,,0,2,1,1,B01
202000014704,3,7,,0,9,8,9,A01
202000014705,1,7,,13,0,2,1,A01
202000014706,2,34,,0,0,4,1,B01
202000014706,2,7,,0,2,3,2,A01
202000014707,1,7,,2,0,3,0,A01
202000014708,2,10,,3,0,6,1,B01
202000014708,2,10,,0,2,2,14,A01
202000014709,2,7,,0,2,5,26,A01
202000014709,2,7,,0,2,3,2,B01
202000014710,1,7,,6,2,1,9,A01
202000014710,1,7,,0,2,4,1,B01
202000014711,1,7,,0,2,4,1,C01
202000014711,1,7,,0,2,1,1,A01
202000014711,1,7,,0,2,4,1,B01
202000014712,1,33,,0,2,6,2,B01
202000014712,1,7,,0,2,2,2,A01
202000014713,1,7,,3,2,4,18,A01
202000014713,1,14,,0,2,1,1,B01
202000014714,2,34,,0,2,1,3,A01
202000014714,2,10,,0,2,5,1,B01
202000014715,2,7,,0,2,1,1,C01
202000014715,2,15,,0,2,7,12,A01
202000014715,2,7,,0,2,8,1,B01
202000014716,2,10,,0,2,5,14,A01
202000014716,2,7,,0,2,8,1,C01
202000014716,2,33,,0,2,1,3,B01
202000014717,1,30,,0,2,1,1,A01
202000014717,2,7,,0,2,5,1,B01
202000014718,2,32,,0,2,1,26,A01
202000014718,1,7,,0,2,5,26,B01
202000014719,3,33,,0,2,8,1,B01
202000014719,3,10,,0,2,3,15,A01
202000014720,2,10,,0,2,1,1,B01
202000014720,2,7,,0,2,7,19,A01
202000014721,1,7,,0,2,1,15,A01
202000014721,1,30,,0,2,1,23,B01
202000014722,1,7,,0,2,3,1,A01
202000014722,1,33,,0,2,1,1,B01
202000014723,1,7,,0,2,4,1,B01
202000014723,3,7,,0,0,1,1,A01
202000014724,2,10,,0,2,2,1,B01
202000014724,1,10,,0,2,8,11,A01
202000014725,1,1,,0,2,1,13,B01
202000014725,2,13,,0,2,5,1,A01
202000014726,3,7,,1,0,1,0,A01
202000014727,2,32,,0,0,0,1,A01
202000014728,1,7,,0,1,2,1,A01
202000014729,1,7,,5,0,1,16,A01
202000014730,3,10,,0,2,1,9,B01
202000014730,3,2,,0,2,3,1,A01
202000014731,3,7,,0,1,3,1,A01
202000014732,3,7,,0,1,3,15,A01
202000014733,1,7,,0,0,4,1,B01
202000014733,1,7,,0,2,1,2,A01
202000014734,3,7,,4,0,1,2,A01
202000014735,1,1,,0,2,7,9,B01
202000014735,1,7,,0,2,1,9,A01
202000014736,3,33,,0,0,7,1,A01
202000014737,1,7,,0,2,3,19,A01
202000014737,1,2,,0,2,1,1,B01
202000014738,1,10,,0,2,1,2,C01
202000014738,1,7,,0,2,1,2,B01
202000014738,1,7,,0,2,4,1,D01
202000014738,1,7,,0,2,1,2,A01
202000014739,2,7,,0,2,3,16,A01
202000014739,2,1,,0,2,7,1,B01
202000014740,1,7,,0,1,3,1,A01
202000014741,1,7,,0,2,2,1,B01
202000014741,1,7,,0,2,8,24,C01
202000014741,1,7,,0,2,8,20,A01
202000014742,1,7,,0,1,8,1,A01
202000014743,2,33,,0,1,1,5,Z01
202000014744,2,7,,0,2,3,1,B01
202000014744,1,7,,0,2,2,1,A01
202000014745,1,7,,0,1,1,16,A01
202000014746,1,7,,0,2,1,15,A01
202000014746,2,1,,0,2,1,19,B01
202000014747,1,7,,0,2,2,1,A01
202000014747,2,1,,0,2,3,19,B01
202000014748,1,7,,0,1,1,1,A01
202000014749,1,31,,0,2,1,2,A01
202000014749,1,7,,0,2,4,23,B01
202000014750,0,2,,0,2,1,1,B01
202000014750,0,7,,0,2,8,15,A01
202000014751,2,7,,0,2,8,15,A01
202000014751,2,2,,0,2,7,17,B01
202000014752,2,36,,0,2,3,1,B01
202000014752,1,7,,1,2,3,13,A01
202000014753,2,7,,0,2,8,0,B01
202000014753,3,7,,0,2,1,15,A01
202000014754,2,7,,0,2,3,15,A01
202000014754,2,34,,0,2,1,2,B01
202000014755,2,20,,0,2,2,15,A01
202000014755,1,30,,0,2,1,1,B01
202000014756,1,7,,0,1,2,1,A01
202000014757,1,7,,0,2,8,13,B01
202000014757,1,2,,0,2,1,17,A01
202000014758,1,7,,0,2,7,17,A01
202000014758,1,2,,1,2,8,1,B01
202000014759,2,7,,0,1,2,1,A01
202000014760,1,7,,0,1,1,1,A01
202000014761,1,7,,0,2,4,1,Z01
202000014761,1,30,,0,2,1,1,A01
202000014762,0,7,,0,1,1,16,A01
202000014763,2,7,,0,2,1,2,A01
202000014763,2,7,,0,2,4,2,B01
202000014764,1,7,,0,2,9,0,A01
202000014765,1,14,,0,1,0,0,A01
202000014766,0,32,,0,2,1,1,B01
202000014766,3,7,,0,2,2,15,A01
202000014767,1,7,,0,2,3,15,B01
202000014767,2,31,,0,2,1,17,A01
202000014768,3,7,,0,2,1,5,A01
202000014768,3,7,,0,2,1,1,B01
202000014769,3,7,,0,2,2,1,B01
202000014769,3,7,,0,2,2,0,A01
202000014770,3,1,,0,2,8,15,B01
202000014770,3,7,,0,2,1,1,A01
202000014771,3,7,,13,0,2,1,A01
202000014772,1,1,,0,2,0,2,B01
202000014772,1,7,,0,2,2,16,Z01
202000014773,2,1,,0,2,1,1,B01
202000014773,1,7,,0,2,3,15,A01
202000014774,0,2,,0,2,1,1,B01
202000014774,0,7,,0,2,1,5,A01
202000014775,0,7,,0,1,3,1,A01
202000014776,0,33,,1,2,2,1,B01
202000014776,0,10,,1,2,3,1,A01
202000014777,2,7,,0,1,3,1,A01
202000014778,3,0,,0,1,2,1,A01
202000014779,3,7,,0,2,1,1,A01
202000014779,3,7,,0,2,4,23,B01
202000014780,2,10,,0,2,1,1,A01
202000014780,2,7,,0,2,4,1,B01
202000014780,2,7,,0,2,4,1,C01
202000014781,0,7,,0,2,3,2,B01
202000014781,3,30,,0,2,1,17,A01
202000014782,1,7,,0,1,8,1,A01
202000014783,2,32,,0,2,1,0,B01
202000014783,1,7,,0,2,0,0,A01
202000014784,1,7,,0,2,7,1,A01
202000014784,1,7,,0,2,1,1,B01
202000014785,2,14,,0,2,4,15,B01
202000014785,2,7,,0,2,1,15,A01
202000014786,2,1,,0,2,1,16,A01
202000014786,1,7,,0,2,3,1,B01
202000014787,3,7,,0,2,1,1,A01
202000014787,3,7,,0,2,4,1,B01