Num_Acc,senc,catv,occutc,obs,obsm,choc,manv,num_veh
202000014788,1,10,,0,1,3,1,A01
202000014789,3,2,,0,2,1,2,B01
202000014789,3,7,,0,2,1,13,A01
202000014790,1,7,,0,2,1,1,A01
202000014790,1,33,,0,2,4,1,B01
202000014791,1,7,,0,1,2,1,A01
202000014792,2,7,,0,2,4,2,B01
202000014792,2,7,,0,2,1,2,A01
202000014793,1,33,,0,2,6,1,B01
202000014793,1,7,,0,2,5,12,A01
202000014794,1,32,,0,2,8,3,B01
202000014794,1,7,,0,2,2,12,A01
202000014795,2,34,,0,2,3,3,B01
202000014795,2,10,,0,2,7,12,A01
202000014796,2,7,,0,2,1,2,A01
202000014796,2,32,,0,2,4,23,B01
202000014797,1,7,,0,1,7,1,A01
202000014798,2,30,,0,2,8,2,A01
202000014798,2,34,,0,2,0,2,Z01
202000014798,2,10,,0,2,6,23,B01
202000014799,1,31,,0,2,7,1,B01
202000014799,1,50,,0,2,3,19,A01
202000014800,2,33,,0,2,1,17,A01
202000014800,1,7,,0,2,3,1,B01
202000014801,1,32,,0,2,8,11,A01
202000014801,1,32,,0,2,7,1,B01
202000014802,1,7,,0,2,1,2,A01
202000014802,1,7,,0,2,4,23,B01
202000014802,1,10,,0,2,4,23,C01
202000014803,1,37,1.0,0,1,0,7,A01
202000014804,2,30,,14,0,3,15,A01
202000014805,2,7,,0,2,2,9,A01
202000014805,1,30,,0,2,1,1,B01
202000014806,1,30,,11,0,1,17,A01
202000014807,2,33,,0,2,2,17,B01
202000014807,2,10,,0,2,8,15,A01
202000014808,1,7,,0,2,7,1,A01
202000014808,1,7,,0,2,2,1,B01
202000014809,1,32,,12,0,8,13,A01
202000014810,2,1,,0,2,3,1,B01
202000014810,1,10,,0,2,2,15,A01
202000014811,1,32,,0,2,1,1,B01
202000014811,2,1,,0,2,1,15,A01
202000014812,1,1,,0,2,1,1,B01
202000014812,1,14,,0,2,3,9,A01
202000014813,2,32,,0,2,7,1,B01
202000014813,1,7,,0,2,1,1,A01
202000014814,1,7,,0,2,7,0,C01
202000014814,1,7,,0,2,7,0,B01
202000014814,1,33,,0,2,3,26,A01
202000014815,2,7,,0,1,1,1,A01
202000014816,3,7,,0,2,1,1,B01
202000014816,3,7,,0,2,7,1,A01
202000014817,1,7,,0,2,1,15,A01
202000014817,1,2,,0,2,0,0,B01
202000014818,2,33,,0,1,1,1,A01
202000014819,2,7,,0,1,3,1,A01
202000014820,2,7,,0,2,2,15,A01
202000014820,1,1,,0,2,1,1,B01
202000014821,1,7,,0,1,3,1,A01
202000014822,2,20,,0,1,2,15,A01
202000014823,2,7,,0,2,3,1,A01
202000014823,2,7,,0,2,2,1,B01
202000014824,2,32,,0,2,1,1,B01
202000014824,2,7,,0,2,3,26,A01
202000014825,2,7,,0,2,1,15,B01
202000014825,1,32,,0,2,1,17,A01
202000014826,1,99,,0,1,1,1,A01
202000014827,-1,7,,0,1,1,9,A01
202000014828,3,32,,0,0,5,0,B01
202000014828,3,31,,0,2,3,21,A01
202000014829,1,1,,0,2,1,2,B01
202000014829,1,7,,0,9,4,4,A01
202000014830,1,7,,0,2,1,2,C01
202000014830,1,7,,0,2,8,1,E01
202000014830,1,7,,0,2,8,1,D01
202000014830,1,7,,0,2,1,1,B01
202000014830,2,7,,0,2,1,5,A01
202000014831,1,7,,0,2,7,13,A01
202000014831,2,7,,0,2,3,1,B01
202000014832,1,7,,1,2,3,1,B01
202000014832,2,7,,0,0,3,13,A01
202000014833,1,13,,0,2,1,21,B01
202000014833,2,7,,0,2,1,1,C01
202000014833,1,7,,0,2,6,2,A01
202000014834,1,7,,8,0,2,1,A01
202000014835,2,7,,8,2,3,1,C01
202000014835,1,7,,0,2,1,1,A01
202000014835,1,7,,0,2,4,15,B01
202000014836,2,7,,2,0,8,0,A01
202000014837,1,41,,0,2,3,13,A01
202000014837,2,7,,0,2,3,14,B01
202000014838,2,7,,0,1,3,1,A01
202000014839,1,7,,0,2,3,1,B01
202000014839,1,7,,0,2,3,1,A01
202000014840,1,7,,0,0,2,1,A01
202000014841,3,10,,0,2,3,1,A01
202000014841,3,7,,0,0,4,1,B01
202000014842,2,15,,0,2,1,2,A01
202000014842,2,7,,3,2,4,2,B01
202000014843,3,2,,0,0,7,23,A01
202000014844,3,1,,0,2,7,0,B01
202000014844,0,7,,0,2,0,16,Z01
202000014845,2,7,,0,2,2,15,A01
202000014845,1,32,,0,2,1,21,B01
202000014846,2,7,,0,0,6,2,A01
202000014846,2,7,,0,2,2,2,B01
202000014847,2,7,,0,2,1,9,A01
202000014847,2,32,,0,2,1,1,B01
202000014848,1,7,,13,0,9,1,A01
202000014849,2,7,,0,2,4,1,C01
202000014849,1,7,,0,2,4,23,B01
202000014849,1,10,,0,2,1,1,A01
202000014850,3,7,,0,2,3,1,A01
202000014850,3,7,,0,2,3,1,B01
202000014851,2,1,,0,2,8,1,B01
202000014851,2,7,,0,2,2,17,A01
202000014852,1,7,,0,2,1,1,B01
202000014852,1,7,,0,2,1,13,A01
202000014853,2,7,,2,0,2,1,A01
202000014854,1,7,,0,2,1,2,A01
202000014854,1,7,,0,2,4,23,B01
202000014854,2,33,,0,2,9,1,C01
202000014855,2,33,,0,9,8,1,A01
202000014856,3,33,,14,0,0,1,A01
202000014857,1,7,,0,2,1,1,B01
202000014857,2,1,,0,2,1,13,A01
202000014858,2,7,,0,0,5,1,C01
202000014858,2,7,,0,2,8,17,A01
202000014858,1,7,,0,2,1,1,B01
202000014859,2,7,,0,1,1,1,A01
202000014860,2,10,,0,0,1,0,B01
202000014860,1,7,,0,0,1,0,A01
202000014861,0,2,,0,2,1,1,A01
202000014861,0,7,,0,2,2,15,B01
202000014862,0,2,,0,2,0,1,A01
202000014862,0,7,,0,2,1,15,B01
202000014863,1,7,,0,0,7,15,A01
202000014863,2,1,,0,2,1,1,B01
202000014864,1,7,,0,2,7,1,B01
202000014864,1,14,,0,2,3,15,A01
202000014865,1,7,,0,2,3,9,B01
202000014865,2,2,,0,2,0,1,A01
202000014866,1,7,,6,0,1,2,A01
202000014867,3,7,,0,9,2,19,A01
202000014867,0,1,,0,0,0,0,B01
202000014868,1,7,,0,0,4,1,B01
202000014868,1,3,,0,2,1,1,A01
202000014869,3,38,1.0,0,2,0,1,B01
202000014869,3,7,,7,2,5,16,A01
202000014870,3,7,,0,2,1,1,A01
202000014870,3,7,,0,2,2,15,B01
202000014871,2,7,,0,2,1,19,A01
202000014871,1,7,,0,2,1,1,B01
202000014872,0,10,,0,2,8,1,B01
202000014872,0,2,,0,2,1,9,A01
202000014873,1,7,,0,2,3,10,A01
202000014873,1,33,,0,2,1,1,B01
202000014874,1,7,,5,0,1,1,A01
202000014875,2,7,,0,2,8,15,B01
202000014875,2,32,,0,2,7,17,A01
202000014876,1,7,,16,0,1,0,A01
202000014877,2,7,,0,2,6,24,B01
202000014877,2,7,,1,0,2,14,A01
202000014878,1,20,,0,2,1,17,B01
202000014878,1,7,,0,0,8,10,A01
202000014879,2,7,,0,1,2,1,A01
202000014880,2,7,,0,2,2,26,A01
202000014880,2,7,,0,2,6,1,B01
202000014881,1,7,,0,0,2,15,B01
202000014881,2,33,,0,0,3,1,A01
202000014882,1,33,,0,2,8,13,A01
202000014882,1,10,,0,2,6,13,B01
202000014883,2,31,,0,2,1,1,B01
202000014883,1,7,,0,0,7,15,A01
202000014884,1,2,,0,0,0,0,A01
202000014885,1,34,,8,1,8,18,A01
202000014885,1,7,,0,0,8,16,B01
202000014885,3,7,,0,0,5,24,C01
202000014886,3,7,,8,0,8,1,A01
202000014887,2,7,,11,0,1,1,A01
202000014888,2,7,,0,2,1,13,A01
202000014888,1,14,,0,2,3,1,B01
202000014888,2,7,,0,2,3,1,C01
202000014889,2,7,,0,2,3,15,B01
202000014889,2,32,,0,2,1,17,A01
202000014890,2,10,,0,2,3,2,A01
202000014890,2,31,,0,2,4,2,B01
202000014891,1,33,,0,2,1,17,A01
202000014891,1,7,,0,2,6,17,B01
202000014892,1,7,,0,2,2,16,A01
202000014892,1,1,,0,2,6,1,B01
202000014893,2,2,,0,2,1,2,A01
202000014893,2,7,,0,2,4,1,B01
202000014894,2,7,,0,2,3,22,A01
202000014894,2,80,,0,2,1,1,B01
202000014895,2,7,,0,2,1,15,A01
202000014895,1,2,,0,2,1,1,B01
202000014896,2,7,,2,0,2,16,A01
202000014897,1,7,,2,0,1,14,A01
202000014898,2,30,,0,1,8,7,A01
202000014899,1,31,,0,0,9,1,A01
202000014900,3,7,,0,2,2,1,A01
202000014900,3,1,,0,2,1,5,B01
202000014901,1,32,,0,2,8,7,B01
202000014901,2,10,,0,2,3,15,A01
202000014902,2,7,,0,1,5,4,A01
202000014903,2,7,,0,2,2,1,A01
202000014903,2,7,,0,2,4,16,B01
202000014904,2,30,,0,1,3,18,A01
202000014905,2,33,,0,2,1,1,B01
202000014905,1,7,,0,2,2,15,A01
202000014906,1,10,,0,1,1,1,A01
202000014907,3,32,,0,2,4,2,A01
202000014907,1,7,,0,2,4,23,B01
202000014908,2,7,,0,2,1,1,B01
202000014908,1,1,,0,2,1,13,A01
202000014909,2,17,,0,2,3,1,B01
202000014909,1,7,,0,2,3,5,A01
202000014910,1,32,,8,2,3,1,A01
202000014910,1,10,,0,2,2,16,B01
202000014911,3,7,,0,2,6,1,B01
202000014911,0,7,,0,2,2,17,A01
202000014912,3,33,,0,2,2,17,B01
202000014912,3,10,,0,2,3,10,A01
202000014913,1,7,,0,2,2,2,B01
202000014913,1,7,,0,2,6,13,A01
202000014914,3,7,,0,2,2,1,A01
202000014914,3,34,,0,2,6,1,B01
202000014915,2,7,,0,2,3,1,C01
202000014915,1,7,,0,2,1,5,A01
202000014915,2,7,,0,2,8,1,B01
202000014915,2,7,,0,2,1,17,D01
202000014916,0,50,,0,2,0,9,B01
202000014916,1,32,,0,2,1,1,A01
202000014917,1,7,,0,2,0,23,Z01
202000014917,1,32,,0,2,1,2,A01
202000014918,2,17,,0,2,5,1,B01
202000014918,2,10,,0,2,1,1,A01
202000014919,2,7,,3,0,9,1,A01
202000014920,1,7,,2,0,2,6,A01
202000014921,1,1,,0,2,5,11,A01
202000014921,1,7,,0,2,7,1,Z01
202000014922,1,31,,0,0,7,21,A01
202000014923,1,7,,0,0,4,2,A01
202000014923,1,7,,0,2,1,2,B01
202000014924,2,33,,0,2,1,1,B01
202000014924,2,7,,0,2,6,10,A01
202000014925,1,32,,1,2,1,18,A01
202000014925,1,7,,0,2,5,16,B01
202000014925,1,7,,0,2,8,26,C01
202000014926,1,33,,6,0,1,1,A01
202000014927,1,7,,1,2,2,17,A01
202000014928,1,33,,0,0,7,1,A01
202000014928,1,7,,0,0,0,11,B01
202000014929,2,1,,1,0,0,0,A01
202000014929,2,7,,0,2,0,22,B01
202000014930,2,7,,0,2,1,1,B01
202000014930,2,15,,0,0,4,23,A01
202000014931,2,7,,0,2,3,15,A01
202000014931,2,7,,0,2,1,17,B01
202000014932,3,7,,0,1,0,4,A01
202000014933,1,7,,0,1,6,1,A01
202000014934,3,7,,2,0,7,1,A01
202000014935,2,32,,0,0,0,9,A01
202000014936,1,30,,0,0,1,2,A01
202000014936,1,7,,0,0,7,1,B01
202000014937,1,7,,0,2,4,26,A01
202000014937,1,10,,0,2,0,0,C01
202000014937,1,10,,0,2,0,0,B01
202000014938,2,7,,0,2,2,0,A01
202000014938,2,13,,0,2,3,21,B01
202000014939,2,7,,0,2,4,2,A01
202000014939,2,7,,0,2,1,0,B01
202000014940,1,7,,4,0,3,26,A01
202000014941,2,2,,0,2,1,1,B01
202000014941,1,10,,0,2,5,4,A01
202000014942,2,10,,4,0,2,1,A01
202000014943,3,32,,0,2,1,26,A01
202000014943,3,7,,0,2,1,15,B01
202000014944,1,7,,6,0,3,1,A01
202000014945,2,1,,0,2,7,2,B01
202000014945,2,7,,0,2,4,2,A01
202000014946,1,7,,0,2,3,11,A01
202000014946,1,7,,0,2,9,1,B01
202000014946,1,7,,0,2,1,21,C01
202000014947,1,30,,0,0,0,0,A01
202000014947,1,7,,0,2,2,2,B01
202000014948,1,7,,6,0,3,26,A01
202000014949,2,7,,0,2,5,1,A01
202000014950,1,7,,0,2,3,9,A01
202000014950,1,32,,0,2,1,9,B01
202000014951,1,7,,0,2,1,1,Z01
202000014951,1,7,,0,2,4,12,A01
202000014952,1,7,,0,2,1,19,B01
202000014952,1,7,,0,2,7,19,A01
202000014953,1,33,,0,2,1,2,A01
202000014953,1,10,,0,2,4,2,B01
202000014954,2,7,,0,2,9,0,B01
202000014954,2,7,,0,2,6,10,A01
202000014955,2,10,,0,2,7,2,A01
202000014955,2,33,,0,2,1,2,B01
202000014956,3,60,,0,2,1,14,A01
202000014956,1,7,,0,9,1,23,B01
202000014957,1,7,,0,2,1,1,D01
202000014957,1,10,,0,2,8,9,A01
202000014957,1,7,,0,2,2,14,B01
202000014957,1,7,,0,2,1,1,C01
202000014958,1,7,,0,2,3,15,A01
202000014958,2,31,,0,2,1,1,B01
202000014959,2,2,,2,0,1,0,A01
202000014960,2,7,,13,0,2,14,A01
202000014961,2,33,,0,0,7,15,B01
202000014961,2,7,,0,9,1,9,A01
202000014962,2,33,,0,2,8,17,A01
202000014962,2,10,,0,2,8,15,B01
202000014963,1,20,,0,2,4,1,A01
202000014963,1,20,,0,2,1,11,B01
202000014964,2,7,,0,2,6,1,A01
202000014964,2,10,,0,2,2,12,Z01
202000014965,2,34,,0,2,1,1,A01
202000014965,2,7,,0,2,3,10,B01
202000014966,2,7,,0,2,2,14,A01
202000014966,2,7,,0,2,6,23,B01
202000014967,2,33,,0,2,1,1,B01
202000014967,1,7,,0,2,8,15,A01
202000014968,1,7,,0,1,2,9,A01
202000014969,2,33,,0,2,8,1,A01
202000014969,1,7,,0,2,8,1,B01
202000014970,3,30,,0,2,1,1,B01
202000014970,3,7,,0,2,3,1,A01
202000014971,1,7,,1,0,1,1,B01
202000014971,1,7,,4,0,2,13,A01
202000014972,1,7,,0,2,8,15,A01
202000014972,2,31,,0,2,1,1,B01
202000014973,2,7,,0,2,1,26,A01
202000014973,2,7,,0,2,4,1,B01
202000014974,2,10,,0,2,4,2,B01
202000014974,2,7,,0,2,1,1,Z01
202000014975,0,7,,0,2,1,1,B01
202000014975,0,7,,0,2,7,1,A01
202000014976,1,7,,16,0,1,1,A01
202000014977,3,7,,0,1,1,1,A01
202000014978,1,10,,0,2,1,2,E01
202000014978,1,7,,0,2,4,2,H01
202000014978,1,7,,0,2,4,2,F01
202000014978,1,7,,0,2,4,2,D01
202000014978,1,10,,0,2,3,2,C01
202000014978,1,7,,0,2,4,1,G01
202000014978,1,7,,0,2,1,2,B01
202000014978,1,10,,0,2,1,2,A01
202000014979,1,7,,8,0,1,0,A01
202000014980,2,7,,3,2,4,26,A01
202000014980,2,17,,0,2,8,2,C01
202000014980,2,10,,0,2,1,17,B01
202000014981,1,7,,2,0,2,14,A01
202000014982,3,2,,1,0,1,0,A01
202000014983,1,7,,0,2,2,2,B01
202000014983,1,10,,0,2,6,3,A01
202000014984,3,7,,2,0,2,13,A01
202000014985,1,10,,0,2,4,2,B01
202000014985,1,10,,0,2,1,2,A01
202000014986,2,7,,0,2,1,0,Z01
202000014986,2,7,,0,2,5,23,A01
202000014987,2,31,,0,2,7,17,B01
202000014987,2,7,,0,2,8,15,A01
202000014988,1,7,,4,0,1,1,A01
202000014989,2,7,,0,2,1,2,A01
202000014989,2,7,,0,2,8,15,B01
202000014990,2,7,,0,2,1,1,A01
202000014990,2,7,,0,2,4,1,B01
202000014990,2,7,,0,2,4,1,C01
202000014991,2,7,,0,2,2,5,A01
202000014991,1,7,,0,2,2,5,B01
202000014992,1,10,,0,1,1,1,A01
202000014993,2,7,,0,2,6,1,C01
202000014993,2,7,,0,2,7,1,B01
202000014993,2,7,,0,2,1,1,A01
202000014993,2,7,,0,2,8,1,G01
202000014993,2,7,,0,2,6,1,F01
202000014993,2,7,,0,2,7,1,E01
202000014993,2,7,,0,2,5,1,D01
202000014994,2,7,,6,0,3,1,A01
202000014995,2,7,,0,2,3,1,A01
202000014995,2,7,,0,2,4,2,B01
202000014996,1,33,,0,0,7,1,A01
202000014997,2,7,,0,2,4,26,A01
202000014997,2,0,,0,2,1,0,B01
202000014998,2,7,,0,2,1,2,A01
202000014998,2,1,,0,2,4,2,B01
202000014999,1,7,,4,0,1,13,A01
202000015000,2,7,,0,1,1,1,A01
202000015001,2,7,,0,2,2,12,A01
202000015001,2,7,,0,2,3,1,B01
202000015001,2,17,,0,2,1,1,C01
202000015002,0,7,,1,0,1,1,A01
202000015003,1,7,,4,0,0,0,A01
202000015004,1,7,,0,2,3,11,A01
202000015004,1,33,,0,2,1,1,B01
202000015005,3,2,,0,1,0,1,A01
202000015006,0,31,,0,2,7,1,B01
202000015006,0,7,,0,2,1,15,A01
202000015007,2,7,,0,2,8,2,A01
202000015007,2,33,,0,2,7,2,B01
202000015008,1,10,,0,2,2,2,A01
202000015008,1,7,,0,2,6,2,B01
202000015009,1,15,,0,0,6,1,B01
202000015009,1,10,,3,2,2,14,A01
202000015010,1,7,,3,0,0,0,A01
202000015011,3,33,,0,0,2,0,A01
202000015012,1,7,,0,2,1,5,A01
202000015012,2,7,,0,2,1,1,B01
202000015013,1,15,,0,2,1,2,A01
202000015013,1,7,,0,2,4,2,B01
202000015013,1,7,,0,2,4,2,C01
202000015013,1,7,,0,2,4,2,D01
202000015014,2,7,,0,9,1,2,A01
202000015014,2,80,,0,0,4,2,B01
202000015015,1,99,,0,2,0,0,B01
202000015015,1,33,,0,2,3,1,A01
202000015016,2,10,,13,0,3,1,A01
202000015017,1,7,,16,0,1,19,A01
202000015018,1,10,,0,2,8,15,A01
202000015018,1,31,,6,2,1,17,B01
202000015019,1,7,,4,2,2,2,A01
202000015019,1,7,,0,2,1,2,B01
202000015020,1,32,,0,0,1,1,A01
202000015021,2,7,,0,2,1,1,A01
202000015021,2,7,,0,2,4,1,B01
202000015021,2,7,,0,2,4,1,C01
202000015022,3,7,,0,1,1,1,A01
202000015023,1,7,,0,2,3,0,A01
202000015023,2,7,,0,2,1,1,B01
202000015024,2,7,,0,2,4,2,B01
202000015024,2,7,,0,2,1,2,A01
202000015025,1,7,,0,2,1,1,B01
202000015025,2,7,,3,2,1,13,A01
202000015026,1,7,,4,0,7,1,A01
202000015027,2,7,,0,1,3,0,B01
202000015027,2,7,,0,1,0,0,A01
202000015028,2,7,,0,2,1,2,A01
202000015028,2,10,,14,2,1,2,D01
202000015028,2,7,,0,2,4,2,C01
202000015028,2,7,,0,0,6,24,B01
202000015029,1,1,,13,0,1,1,A01
202000015030,2,10,,0,2,1,1,B01
202000015030,2,10,,0,2,7,15,A01
202000015031,1,34,,0,2,1,3,A01
202000015031,1,33,,0,2,4,3,B01
202000015032,2,7,,4,0,1,0,A01
202000015033,2,33,,0,2,1,9,B01
202000015033,2,17,,0,2,4,1,A01
202000015034,1,33,,13,0,1,13,A01
202000015035,1,10,,0,2,4,1,C01
202000015035,1,10,,0,2,4,1,A01
202000015035,1,10,,0,2,1,1,B01
202000015036,1,17,,3,0,7,14,A01
202000015037,1,7,,0,2,3,2,A01
202000015037,1,10,,0,2,3,2,B01
202000015038,2,7,,0,2,3,13,A01
202000015038,1,7,,0,2,3,0,B01
202000015039,1,15,,0,2,4,1,F01
202000015039,1,14,,0,2,4,2,E01
202000015039,1,15,,0,2,4,2,D01
202000015039,1,15,,0,2,4,1,C01
202000015039,1,15,,0,2,1,1,A01
202000015039,1,14,,0,2,4,1,B01
202000015040,2,7,,0,2,4,2,C01
202000015040,2,7,,0,2,1,2,B01
202000015040,2,7,,0,2,1,2,A01
202000015041,2,7,,0,2,7,1,A01
202000015041,2,7,,0,2,3,11,B01
202000015041,2,7,,0,2,8,1,C01
202000015041,2,7,,0,2,6,1,D01
202000015041,2,7,,0,2,6,1,E01
202000015042,1,7,,0,2,6,1,B01
202000015042,1,99,,0,2,1,2,A01
202000015043,2,7,,0,2,3,1,C01
202000015043,2,7,,0,2,7,1,B01
202000015043,2,31,,0,2,3,3,A01
202000015044,1,7,,0,9,1,6,A01
202000015045,2,33,,4,0,2,26,A01
202000015046,2,7,,3,0,2,13,A01
202000015047,2,10,,0,2,0,0,F01
202000015047,2,10,,0,2,0,0,E01
202000015047,2,33,,0,2,8,21,D01
202000015047,2,10,,0,2,4,1,C01
202000015047,2,7,,0,2,6,1,B01
202000015047,2,7,,0,2,1,19,A01
202000015048,2,7,,0,0,4,1,D01
202000015048,2,7,,0,2,1,2,A01
202000015048,2,7,,0,2,4,2,B01
202000015048,2,10,,0,2,1,2,C01
202000015049,1,30,,0,2,4,1,A01
202000015049,1,7,,0,2,1,0,Z01
202000015050,1,7,,0,2,1,2,A01
202000015050,1,7,,0,2,1,2,B01
202000015050,1,7,,0,2,1,2,C01
202000015050,1,33,,0,2,0,2,D01
202000015051,2,33,,0,2,1,1,B01
202000015051,2,7,,0,2,5,12,A01
202000015052,2,10,,0,1,1,14,A01
202000015053,2,99,,0,2,2,3,D01
202000015053,2,33,,0,2,3,11,C01
202000015053,2,7,,0,2,2,1,B01
202000015053,2,7,,0,2,8,1,A01
202000015054,2,10,,1,0,2,1,A01
202000015054,3,7,,0,1,0,0,C01
202000015054,2,7,,16,0,0,0,D01
202000015055,1,33,,0,2,1,1,A01
202000015055,1,7,,0,2,4,1,B01
202000015056,1,7,,3,0,2,14,A01
202000015057,2,7,,16,2,4,1,B01
202000015057,2,10,,0,2,1,1,A01
202000015058,1,7,,0,2,0,0,Z01
202000015058,1,33,,0,2,1,3,B01
202000015059,2,1,,13,0,2,26,A01
202000015060,1,7,,4,0,0,1,A01
202000015061,1,10,,0,1,4,26,A01
202000015062,1,7,,3,0,1,1,A01
202000015063,3,7,,0,0,0,17,Z01
202000015063,3,1,,0,0,3,2,A01
202000015064,1,7,,0,2,6,14,A01
202000015064,1,7,,0,2,6,1,B01
202000015065,2,1,,0,2,4,2,B01
202000015065,2,7,,0,2,1,2,A01
202000015066,2,7,,0,2,3,11,A01
202000015066,2,31,,0,2,7,2,B01
202000015067,1,43,,2,0,1,13,A01
202000015068,2,10,,0,1,2,1,A01
202000015069,1,10,,0,2,4,0,C01
202000015069,1,10,,0,2,4,0,B01
202000015069,1,7,,0,2,1,0,A01
202000015070,3,10,,0,2,0,21,B01
202000015070,3,32,,0,2,0,21,A01
202000015071,1,7,,0,2,1,2,A01
202000015071,1,7,,0,2,4,2,B01
202000015072,3,7,,0,1,3,15,A01
202000015073,1,7,,0,2,1,0,A01
202000015073,1,7,,0,2,4,0,B01
202000015074,3,7,,0,2,2,19,A01
202000015074,3,31,,0,2,1,1,B01
202000015075,1,7,,0,1,3,21,A01
202000015076,1,7,,0,2,1,1,B01
202000015076,1,7,,0,2,1,14,A01
202000015076,1,7,,0,2,4,1,D01
202000015076,1,7,,0,2,5,1,E01
202000015076,1,7,,0,2,1,1,C01
202000015077,0,7,,0,2,3,19,B01
202000015077,0,7,,0,2,1,1,A01
202000015078,1,10,,0,2,1,19,A01
202000015078,1,1,,0,2,0,19,B01
202000015079,1,7,,0,2,5,12,B01
202000015079,1,34,,0,2,8,3,A01
202000015080,1,7,,0,2,4,2,B01
202000015080,0,7,,0,2,4,2,A01
202000015081,1,7,,0,1,1,1,A01
202000015082,1,15,,0,2,4,1,B01
202000015082,1,14,,0,2,1,1,A01
202000015083,3,7,,0,2,2,1,A01
202000015083,3,1,,0,2,8,1,B01
202000015084,2,10,,0,2,1,2,A01
202000015084,2,7,,0,2,4,2,B01
202000015085,1,7,,0,0,1,13,A01
202000015086,1,7,,0,0,2,1,A01
202000015087,2,7,,0,2,1,2,A01
202000015087,2,7,,0,2,4,2,C01
202000015087,2,7,,0,2,4,2,B01
202000015088,2,33,,0,0,8,14,A01
202000015089,1,7,,0,1,2,1,A01
202000015090,3,7,,0,2,1,1,B01
202000015090,3,7,,0,2,1,19,A01
202000015091,1,7,,0,2,4,26,G01
202000015091,1,7,,0,2,5,26,E01
202000015091,1,7,,0,2,4,26,D01
202000015091,1,15,,0,2,1,12,A01
202000015091,1,7,,0,2,4,26,B01
202000015091,1,7,,0,2,3,26,C01
202000015092,3,2,,0,2,2,15,A01
202000015092,3,7,,0,2,1,1,B01
202000015093,1,7,,0,2,5,11,B01
202000015093,1,32,,0,2,3,3,A01
202000015094,3,7,,9,0,1,14,A01
202000015095,2,7,,0,2,1,1,B01
202000015095,2,7,,4,2,7,14,A01
202000015096,2,7,,0,1,3,1,A01
202000015097,2,32,,0,2,2,1,B01
202000015097,2,7,,0,2,8,11,A01
202000015098,1,7,,0,2,3,18,Z01
202000015098,1,7,,0,2,4,1,C01
202000015098,1,7,,4,2,7,1,B01
202000015099,1,32,,8,0,1,0,A01
202000015100,2,7,,0,2,1,2,D01
202000015100,2,7,,0,2,1,2,C01
202000015100,2,10,,0,2,1,2,B01
202000015100,2,7,,0,2,4,2,A01
202000015101,2,7,,0,2,4,23,C01
202000015101,2,7,,0,2,4,23,B01
202000015101,2,7,,0,2,1,2,A01
202000015102,2,7,,3,0,3,13,A01
202000015103,2,7,,4,0,1,1,A01
202000015104,3,10,,0,2,2,5,A01
202000015104,3,7,,0,2,1,1,B01
202000015105,1,7,,0,2,1,1,B01
202000015105,2,33,,8,2,8,1,A01
202000015106,1,7,,0,2,4,2,B01
202000015106,1,14,,0,2,1,2,A01
202000015107,2,10,,0,2,4,1,B01
202000015107,2,7,,0,2,1,1,A01
202000015108,1,7,,0,2,4,2,B01
202000015108,1,7,,0,2,1,2,A01
202000015109,2,7,,4,0,1,13,A01
202000015110,2,7,,0,2,1,1,A01
202000015110,2,10,,0,2,4,2,B01
202000015111,3,7,,0,1,5,15,A01
202000015112,1,7,,0,2,0,0,Z01
202000015112,1,7,,4,2,8,1,B01
202000015113,1,32,,0,1,8,21,A01
202000015114,2,50,,0,0,1,1,A01
202000015115,2,10,,0,2,4,2,C01
202000015115,2,33,,0,2,4,2,B01
202000015115,2,7,,0,2,1,2,A01
202000015116,3,1,,0,2,0,19,B01
202000015116,3,7,,0,2,0,15,A01
202000015117,2,7,,0,2,4,2,B01
202000015117,2,7,,0,2,1,2,A01
202000015118,2,7,,0,2,3,2,A01
202000015118,2,31,,0,2,5,2,B01
202000015119,1,7,,4,0,1,2,A01
202000015120,0,10,,0,1,2,1,A01
202000015121,1,7,,4,0,1,17,A01
202000015122,0,3,,1,0,1,14,A01
202000015123,2,7,,4,0,1,1,A01
202000015124,2,7,,0,2,7,0,Z01
202000015124,2,31,,0,2,8,3,B01
202000015125,2,34,,0,2,0,0,B01
202000015125,2,7,,0,2,0,0,A01
202000015126,1,10,,0,2,4,2,C01
202000015126,1,7,,0,2,1,2,Z01
202000015126,1,7,,0,2,4,2,B01
202000015127,3,7,,0,2,2,15,B01
202000015127,1,30,,0,2,1,1,A01
202000015128,2,7,,0,2,2,13,A01
202000015128,2,7,,0,2,1,2,B01
202000015128,2,10,,0,2,3,2,C01
202000015128,2,33,,0,2,8,2,E01
202000015128,2,7,,0,2,1,2,D01
202000015129,3,7,,0,2,1,1,A01
202000015129,3,1,,0,2,8,19,B01
202000015130,2,7,,0,2,1,1,A01
202000015130,2,7,,0,2,4,2,C01
202000015130,2,10,,0,2,4,2,B01
202000015131,3,7,,1,1,3,19,A01
202000015132,1,33,,0,2,2,3,B01
202000015132,1,7,,0,2,3,11,A01
202000015133,1,7,,0,2,4,1,B01
202000015133,1,7,,0,2,1,26,A01
202000015134,2,7,,0,2,8,24,B01
202000015134,2,32,,0,2,2,1,A01
202000015135,2,1,,1,0,1,1,A01