Num_Acc,senc,catv,occutc,obs,obsm,choc,manv,num_veh
202000015136,1,7,,0,2,1,1,A01
202000015136,1,7,,0,2,9,23,B01
202000015136,1,7,,0,2,4,23,C01
202000015137,1,7,,0,2,2,1,C01
202000015137,1,7,,0,2,6,1,B01
202000015137,1,7,,0,2,2,14,A01
202000015138,1,7,,0,2,4,2,B01
202000015138,1,7,,0,2,1,2,A01
202000015139,3,7,,0,2,3,19,A01
202000015139,1,33,,0,2,1,1,B01
202000015140,1,7,,0,2,1,2,A01
202000015140,1,7,,0,2,1,2,B01
202000015140,1,10,,0,2,4,2,C01
202000015141,1,7,,0,2,1,13,B01
202000015141,2,7,,0,2,1,1,A01
202000015142,1,10,,0,2,3,11,B01
202000015142,1,33,,0,2,2,3,A01
202000015143,2,7,,3,0,8,13,A01
202000015144,1,7,,4,0,3,1,A01
202000015145,1,2,,0,2,3,13,A01
202000015145,2,7,,0,2,8,1,B01
202000015146,2,7,,0,2,6,1,B01
202000015146,2,14,,0,2,2,12,A01
202000015147,3,31,,6,0,1,15,A01
202000015148,1,7,,0,2,4,23,B01
202000015148,1,7,,1,0,1,2,Z01
202000015149,0,33,,0,2,8,1,B01
202000015149,0,7,,0,2,3,13,A01
202000015150,2,7,,0,2,4,2,B01
202000015150,2,10,,0,2,4,2,A01
202000015150,2,7,,0,2,1,2,Z01
202000015151,1,32,,0,1,1,0,A01
202000015152,2,7,,0,0,9,14,A01
202000015153,1,1,,0,0,3,1,A01
202000015154,1,1,,0,0,0,1,A01
202000015155,1,7,,0,2,2,12,B01
202000015155,1,10,,0,2,8,1,A01
202000015156,2,7,,16,0,9,1,A01
202000015157,2,21,,3,0,1,13,A01
202000015158,2,7,,0,2,5,2,A01
202000015158,2,31,,0,2,1,2,B01
202000015159,1,7,,4,0,1,13,A01
202000015160,2,7,,0,2,8,15,B01
202000015160,2,33,,0,2,1,17,A01
202000015161,1,7,,0,2,9,1,A01
202000015162,3,7,,0,2,1,26,B01
202000015162,3,7,,0,2,3,9,A01
202000015163,1,31,,8,0,3,2,A01
202000015164,2,7,,13,0,9,18,A01
202000015165,3,7,,2,0,3,0,A01
202000015166,1,7,,0,2,1,15,A01
202000015166,3,7,,0,2,1,1,B01
202000015167,1,10,,0,2,4,2,B01
202000015167,1,32,,0,2,1,2,A01
202000015168,2,31,,0,0,9,1,A01
202000015169,2,7,,6,0,1,16,A01
202000015170,1,7,,13,0,3,13,A01
202000015171,2,7,,0,2,4,1,B01
202000015171,2,7,,3,2,4,1,A01
202000015171,2,14,,0,2,0,0,Z01
202000015172,1,7,,0,2,3,19,A01
202000015172,2,7,,0,2,1,1,B01
202000015173,1,7,,0,2,6,11,B01
202000015173,1,33,,0,2,1,1,A01
202000015174,3,31,,16,0,0,0,A01
202000015175,1,43,,0,2,3,3,B01
202000015175,1,7,,0,2,5,14,A01
202000015176,3,7,,0,2,2,1,A01
202000015176,3,1,,0,2,1,19,B01
202000015177,1,7,,4,2,6,2,B01
202000015177,1,7,,0,2,1,2,Z01
202000015178,1,7,,0,2,8,1,B01
202000015178,2,10,,0,2,1,19,A01
202000015179,0,31,,0,6,1,1,A01
202000015180,1,7,,0,2,4,2,B01
202000015180,1,7,,0,2,1,2,A01
202000015181,3,7,,0,4,2,16,A01
202000015181,1,39,,0,4,3,0,B01
202000015182,1,7,,4,0,8,13,A01
202000015183,1,1,,0,0,3,1,B01
202000015183,1,7,,0,9,2,1,A01
202000015184,2,33,,0,0,1,3,B01
202000015184,2,10,,0,2,6,11,A01
202000015185,1,31,,12,0,1,1,A01
202000015186,1,32,,0,2,7,3,B01
202000015186,1,7,,0,2,8,11,A01
202000015187,1,7,,0,2,3,1,C01
202000015187,2,2,,0,2,3,1,B01
202000015187,1,7,,0,2,2,17,A01
202000015188,1,33,,0,6,3,21,A01
202000015189,2,10,,0,2,5,0,A01
202000015189,2,33,,0,2,1,0,B01
202000015190,1,32,,0,0,9,1,A01
202000015191,1,33,,13,0,1,1,A01
202000015192,1,7,,0,2,1,1,A01
202000015192,1,7,,0,2,4,1,B01
202000015193,2,10,,6,0,1,1,A01
202000015194,2,10,,0,9,2,2,B01
202000015194,2,15,,0,2,0,2,A01
202000015195,1,32,,0,2,1,1,B01
202000015195,2,7,,0,2,5,15,A01
202000015196,2,10,,0,2,1,1,A01
202000015196,2,10,,0,2,4,1,B01
202000015197,2,7,,0,2,1,1,B01
202000015197,1,7,,6,2,3,13,A01
202000015197,2,7,,0,2,3,1,C01
202000015198,2,7,,0,2,1,2,A01
202000015198,2,7,,0,2,5,2,B01
202000015199,2,7,,3,2,1,1,A01
202000015200,2,31,,0,2,1,2,B01
202000015200,2,7,,0,2,5,12,A01
202000015201,2,7,,0,2,7,9,A01
202000015201,1,17,,0,2,1,1,B01
202000015202,2,7,,0,2,1,2,A01
202000015202,2,15,,0,2,4,2,B01
202000015203,2,7,,0,2,4,1,B01
202000015203,2,34,,0,2,1,13,A01
202000015204,1,31,,4,2,2,3,A01
202000015204,1,7,,0,2,6,1,B01
202000015205,1,7,,0,2,1,18,A01
202000015205,1,7,,0,2,4,1,B01
202000015206,2,17,,0,2,2,1,B01
202000015206,2,7,,0,2,6,1,A01
202000015207,2,31,,0,2,1,3,B01
202000015207,2,7,,0,2,5,1,A01
202000015208,2,7,,0,2,3,11,A01
202000015208,2,33,,0,2,5,3,B01
202000015209,2,7,,0,2,3,2,B01
202000015209,1,7,,0,2,3,13,A01
202000015210,1,2,,0,2,1,15,B01
202000015210,1,7,,0,2,1,16,A01
202000015211,2,10,,0,2,2,17,A01
202000015211,2,1,,0,2,8,15,B01
202000015212,2,7,,0,2,1,2,B01
202000015212,2,7,,0,2,4,23,A01
202000015213,1,7,,2,0,1,14,A01
202000015214,2,7,,0,2,0,0,A01
202000015214,2,7,,0,2,0,0,C01
202000015214,2,7,,0,2,0,0,B01
202000015215,1,33,,0,2,4,17,A01
202000015215,2,7,,0,2,3,13,B01
202000015216,3,1,,0,2,5,15,B01
202000015216,3,7,,0,9,3,9,A01
202000015217,1,7,,0,9,3,15,A01
202000015217,2,2,,0,2,0,0,B01
202000015218,2,7,,0,2,1,1,B01
202000015218,2,7,,0,2,7,1,A01
202000015219,1,7,,0,2,1,15,A01
202000015219,2,7,,0,2,1,1,B01
202000015220,1,7,,0,1,1,1,A01
202000015221,3,7,,0,2,1,1,B01
202000015221,3,7,,0,2,8,19,A01
202000015222,1,1,,0,2,1,1,B01
202000015222,1,7,,0,2,8,22,A01
202000015223,3,7,,0,2,1,15,A01
202000015223,3,1,,0,2,1,1,B01
202000015224,3,30,,8,0,0,0,A01
202000015225,2,7,,0,1,2,1,A01
202000015226,2,30,,0,2,2,17,B01
202000015226,2,7,,0,0,3,15,A01
202000015227,2,33,,3,0,2,1,A01
202000015228,3,7,,8,0,8,1,A01
202000015229,1,7,,0,2,7,16,B01
202000015229,1,7,,6,1,1,1,A01
202000015230,2,7,,0,2,2,16,B01
202000015230,2,33,,0,2,1,1,A01
202000015231,1,7,,0,1,3,1,A01
202000015232,1,7,,0,2,5,23,B01
202000015232,1,33,,0,2,1,2,A01
202000015233,0,7,,0,2,3,1,A01
202000015233,0,33,,0,2,0,17,B01
202000015234,2,7,,0,2,4,1,B01
202000015234,2,7,,0,2,1,1,A01
202000015235,2,7,,0,2,3,15,A01
202000015235,2,33,,0,2,1,17,B01
202000015236,1,17,,0,1,1,1,A01
202000015237,1,10,,0,2,3,9,B01
202000015237,2,31,,0,2,1,9,A01
202000015238,1,7,,0,2,2,15,A01
202000015238,2,2,,0,2,1,26,B01
202000015239,1,7,,0,2,4,1,B01
202000015239,1,7,,0,2,1,2,A01
202000015240,1,7,,0,2,1,1,B01
202000015240,2,7,,0,2,3,9,A01
202000015241,1,31,,0,2,1,1,A01
202000015241,1,7,,0,2,2,1,B01
202000015242,3,30,,0,2,4,2,A01
202000015242,0,7,,0,2,4,15,B01
202000015243,2,10,,2,0,2,14,A01
202000015244,3,7,,0,1,2,20,A01
202000015245,1,31,,0,2,7,1,B01
202000015245,1,7,,0,2,3,11,A01
202000015246,1,33,,0,2,4,0,B01
202000015246,1,7,,0,1,1,2,A01
202000015247,1,2,,0,2,2,1,B01
202000015247,2,7,,0,2,3,15,A01
202000015248,1,1,,13,0,2,21,A01
202000015249,3,7,,0,2,1,15,B01
202000015249,3,7,,0,2,2,1,A01
202000015250,1,7,,0,2,7,1,B01
202000015250,2,7,,0,2,1,1,A01
202000015251,2,34,,4,0,1,14,A01
202000015252,2,30,,0,2,1,1,A01
202000015252,1,7,,0,2,1,5,Z01
202000015253,2,7,,0,1,8,1,Z01
202000015254,2,7,,0,2,4,23,B01
202000015254,2,10,,0,2,1,2,A01
202000015255,2,7,,0,1,1,10,Z01
202000015256,2,7,,0,2,2,9,A01
202000015256,2,1,,0,2,1,1,B01
202000015257,2,7,,0,2,7,16,A01
202000015257,2,1,,0,2,1,1,B01
202000015258,2,1,,0,1,1,1,A01
202000015259,2,34,,0,2,2,17,A01
202000015259,2,7,,0,2,3,13,B01
202000015259,1,1,,0,2,3,1,C01
202000015260,3,30,,0,2,1,18,A01
202000015260,3,7,,0,2,4,1,B01
202000015261,1,2,,0,2,2,1,A01
202000015261,2,33,,0,2,1,1,B01
202000015262,1,32,,0,2,2,21,A01
202000015263,1,32,,0,2,1,1,A01
202000015263,2,50,,0,2,1,5,B01
202000015264,2,1,,0,1,1,1,A01
202000015265,3,50,,0,2,1,19,A01
202000015265,3,7,,0,2,2,1,B01
202000015266,1,10,,0,1,2,1,A01
202000015267,1,7,,0,1,1,5,Z01
202000015268,3,34,,0,1,1,25,A01
202000015269,3,1,,15,1,1,25,A01
202000015270,2,7,,0,2,1,1,A01
202000015270,3,33,,0,2,4,23,B01
202000015271,0,7,,0,2,1,15,B01
202000015271,2,30,,0,2,8,1,A01
202000015272,3,7,,0,2,3,1,B01
202000015272,3,41,,0,2,1,15,A01
202000015273,3,7,,0,2,3,9,B01
202000015273,1,33,,0,2,7,1,A01
202000015274,0,7,,0,2,2,14,B01
202000015274,1,33,,0,2,1,1,A01
202000015275,1,30,,1,0,2,21,A01
202000015276,2,10,,1,0,2,26,A01
202000015277,1,7,,0,2,1,1,A01
202000015277,0,1,,0,0,7,19,B01
202000015278,1,7,,0,2,1,2,A01
202000015278,1,14,,0,2,4,23,B01
202000015279,1,3,,0,2,3,26,A01
202000015279,1,2,,0,2,1,2,B01
202000015280,1,7,,0,2,3,0,A01
202000015280,1,34,,0,2,2,1,B01
202000015281,2,7,,0,2,2,15,A01
202000015281,1,30,,0,2,1,16,B01
202000015282,2,7,,0,2,1,1,C01
202000015282,2,7,,0,2,1,1,B01
202000015282,2,7,,4,0,2,1,A01
202000015283,3,33,,0,0,9,26,A01
202000015284,1,7,,5,0,1,5,A01
202000015284,2,7,,5,0,1,26,B01
202000015285,1,7,,0,1,2,1,A01
202000015286,2,7,,1,0,0,13,A01
202000015287,2,7,,0,2,1,1,B01
202000015287,1,7,,0,2,1,1,A01
202000015288,2,7,,0,2,8,19,B01
202000015288,2,7,,0,2,2,17,A01
202000015289,1,7,,10,0,1,1,A01
202000015290,2,7,,0,2,5,15,A01
202000015290,1,33,,0,2,1,1,B01
202000015291,1,7,,0,2,3,1,A01
202000015291,2,15,,0,2,8,1,B01
202000015292,0,2,,0,2,3,1,A01
202000015292,0,7,,0,2,3,1,B01
202000015293,2,7,,0,2,2,21,B01
202000015293,1,1,,0,2,0,25,A01
202000015294,1,7,,0,2,3,1,B01
202000015294,1,7,,0,2,2,17,A01
202000015294,1,7,,0,2,7,21,C01
202000015295,1,7,,3,0,8,1,A01
202000015296,1,7,,4,0,1,1,A01
202000015297,0,7,,15,0,0,1,A01
202000015298,2,33,,2,0,1,1,A01
202000015299,1,7,,0,2,3,1,B01
202000015299,2,33,,0,2,3,13,A01
202000015300,1,31,,0,2,1,1,A01
202000015300,1,7,,0,2,6,1,B01
202000015301,0,7,,0,2,3,1,A01
202000015301,0,1,,0,2,1,1,B01
202000015302,1,33,,0,2,3,1,B01
202000015302,2,33,,0,2,3,13,A01
202000015303,2,10,,0,2,3,16,A01
202000015303,0,1,,0,2,7,1,B01
202000015304,1,7,,0,2,2,2,B01
202000015304,1,1,,0,2,4,1,A01
202000015305,3,7,,1,0,6,20,A01
202000015305,3,7,,0,1,5,24,B01
202000015306,1,33,,0,2,1,1,B01
202000015306,0,7,,0,2,3,10,A01
202000015307,2,33,,13,0,0,21,A01
202000015308,1,30,,0,2,4,2,B01
202000015308,1,33,,0,2,1,2,A01
202000015309,0,33,,0,0,0,1,A01
202000015310,2,7,,2,0,0,19,A01
202000015311,1,7,,13,0,3,13,A01
202000015312,2,33,,0,2,1,1,A01
202000015312,3,7,,0,2,7,19,B01
202000015313,2,7,,0,0,2,1,A01
202000015314,1,7,,11,2,1,17,A01
202000015314,1,7,,0,2,3,15,B01
202000015315,2,1,,0,2,7,1,B01
202000015315,2,7,,0,2,8,26,A01
202000015316,1,7,,12,0,2,14,A01
202000015316,2,10,,0,2,1,1,B01
202000015317,1,2,,9,0,5,20,A01
202000015318,0,1,,0,0,3,1,A01
202000015319,3,1,,0,0,7,1,A01
202000015320,1,7,,0,0,0,1,B01
202000015320,1,33,,13,0,0,17,A01
202000015321,1,33,,0,0,0,1,A01
202000015322,1,7,,0,1,3,1,A01
202000015323,1,33,,4,6,8,1,A01
202000015324,1,2,,6,0,8,16,A01
202000015325,2,7,,0,0,1,1,B01
202000015325,1,7,,0,0,1,13,A01
202000015326,1,7,,6,0,1,13,A01
202000015327,0,7,,0,0,1,6,A01
202000015327,0,7,,0,0,1,15,B01
202000015328,1,33,,0,2,4,0,B01
202000015328,2,34,,0,2,1,13,A01
202000015329,3,2,,0,2,1,13,A01
202000015329,3,7,,0,2,3,1,B01
202000015330,1,33,,0,0,0,1,A01
202000015331,-1,7,,10,0,1,13,A01
202000015332,3,33,,0,2,3,1,B01
202000015332,3,7,,0,2,2,15,A01
202000015333,1,33,,0,2,7,12,B01
202000015333,1,7,,0,2,3,18,A01
202000015334,1,2,,11,0,1,1,A01
202000015335,1,7,,0,0,2,1,A01
202000015336,2,32,,7,0,2,1,A01
202000015337,2,33,,0,2,1,21,B01
202000015337,1,7,,0,0,8,15,A01
202000015338,2,7,,0,9,0,1,C01
202000015338,2,33,,0,2,1,26,B01
202000015338,1,2,,0,2,1,17,A01
202000015339,1,7,,0,0,4,1,B01
202000015339,1,7,,0,2,1,2,A01
202000015340,1,7,,0,2,8,10,B01
202000015340,1,7,,0,2,2,11,A01
202000015341,1,7,,0,1,2,1,A01
202000015342,2,33,,0,2,8,17,A01
202000015342,1,7,,0,2,8,21,B01
202000015343,2,7,,1,0,3,1,A01
202000015344,2,10,,0,2,3,1,B01
202000015344,1,7,,0,2,3,13,A01
202000015345,0,2,,0,0,0,0,A01
202000015346,0,7,,6,0,1,0,A01
202000015347,1,33,,0,0,7,14,A01
202000015348,1,7,,17,0,2,1,A01
202000015349,1,7,,0,0,1,21,A01
202000015350,0,7,,0,1,3,1,A01
202000015351,1,1,,0,0,3,1,A01
202000015351,2,7,,0,9,3,1,B01
202000015352,0,7,,0,2,3,1,B01
202000015352,0,7,,0,2,3,1,A01
202000015353,2,33,,0,2,1,1,A01
202000015353,2,1,,0,0,4,1,B01
202000015354,1,31,,3,0,1,1,A01
202000015355,1,32,,0,0,4,3,B01
202000015355,1,7,,0,2,3,2,A01
202000015356,2,7,,6,0,1,17,A01
202000015357,1,7,,6,0,1,0,A01
202000015358,1,7,,13,0,7,17,A01
202000015359,2,7,,0,2,3,1,B01
202000015359,1,7,,0,2,3,13,A01
202000015360,3,7,,13,0,9,1,A01
202000015361,1,7,,8,0,1,14,A01
202000015362,2,7,,9,0,1,19,A01
202000015363,3,33,,0,2,3,1,C01
202000015363,1,7,,0,2,3,1,A01
202000015364,3,7,,0,2,3,15,B01
202000015364,2,2,,0,2,1,1,A01
202000015365,2,17,,0,2,6,1,B01
202000015365,2,7,,0,2,2,21,A01
202000015366,2,10,,0,2,6,23,A01
202000015366,2,10,,0,2,2,1,B01
202000015367,1,31,,0,2,1,2,A01
202000015367,1,7,,0,2,4,2,B01
202000015368,2,7,,0,2,6,23,A01
202000015368,2,7,,0,2,3,21,B01
202000015368,2,7,,0,2,4,2,C01
202000015368,2,7,,3,2,1,21,D01
202000015368,2,7,,0,2,1,2,E01
202000015368,2,7,,0,2,2,2,F01
202000015368,2,7,,0,2,1,2,G01
202000015369,2,7,,4,0,0,13,A01
202000015370,2,7,,0,2,7,12,A01
202000015370,2,33,,0,2,3,3,B01
202000015371,1,7,,3,2,6,1,B01
202000015371,1,7,,0,2,1,2,A01
202000015372,1,7,,1,0,1,14,A01
202000015372,1,7,,0,0,4,23,B01
202000015372,1,7,,1,0,1,2,C01
202000015373,1,7,,0,2,1,1,A01
202000015373,1,7,,0,2,4,1,B01
202000015374,2,7,,0,2,2,11,A01
202000015374,2,7,,0,2,6,1,B01
202000015375,1,7,,0,2,3,1,A01
202000015375,1,7,,0,2,2,17,B01
202000015376,1,7,,4,0,3,15,A01
202000015377,1,10,,0,1,1,1,Z01
202000015378,1,7,,0,2,2,15,B01
202000015378,2,1,,0,2,2,1,A01
202000015379,2,33,,0,2,1,5,B01
202000015379,1,10,,0,2,1,15,A01
202000015380,2,30,,0,1,1,1,A01
202000015381,2,10,,0,2,5,1,A01
202000015381,2,7,,0,2,1,1,B01
202000015382,3,7,,0,2,1,1,B01
202000015382,3,7,,0,2,3,13,A01
202000015383,1,7,,0,2,8,1,A01
202000015383,1,7,,0,2,2,0,B01
202000015383,1,7,,0,2,8,13,Z01
202000015384,0,7,,0,2,7,16,B01
202000015384,0,30,,0,2,8,1,A01
202000015385,1,7,,0,1,3,1,B01
202000015386,2,32,,0,0,8,1,A01
202000015387,3,7,,0,1,3,1,A01
202000015388,3,50,,0,2,7,2,B01
202000015388,3,7,,0,9,8,15,A01
202000015389,2,7,,8,0,3,13,A01
202000015390,2,7,,0,2,8,15,B01
202000015390,2,33,,0,2,1,17,A01
202000015391,1,37,2.0,0,2,3,23,A01
202000015391,2,7,,0,2,4,26,Z01
202000015392,1,7,,0,1,1,15,A01
202000015393,1,7,,0,1,8,21,A01
202000015394,1,7,,0,1,7,15,A01
202000015395,1,7,,0,2,2,1,B01
202000015395,3,7,,0,2,1,16,A01
202000015396,0,7,,0,1,1,2,A01
202000015397,2,7,,0,1,1,1,A01
202000015398,2,7,,0,1,1,1,A01
202000015399,3,7,,0,2,1,1,B01
202000015399,3,7,,0,2,1,13,A01
202000015400,1,32,,0,2,0,1,B01
202000015400,1,7,,0,2,0,15,A01
202000015401,1,7,,0,0,0,23,B01
202000015401,1,32,,0,2,7,21,A01
202000015402,3,30,,0,2,0,1,A01
202000015402,3,7,,0,2,0,0,B01
202000015403,1,1,,0,2,4,1,B01
202000015403,1,7,,0,2,1,9,A01
202000015404,0,7,,0,1,3,1,A01
202000015405,0,7,,1,2,1,2,A01
202000015405,3,7,,0,2,4,0,B01
202000015406,0,7,,6,0,1,1,A01
202000015407,1,10,,0,1,3,1,A01
202000015408,2,10,,13,0,1,14,A01
202000015409,1,7,,0,2,2,2,A01
202000015409,1,2,,0,2,4,2,B01
202000015410,3,10,,0,1,5,4,A01
202000015411,2,7,,0,2,7,23,B01
202000015411,1,50,,14,0,1,5,Y01
202000015412,3,7,,0,2,3,1,A01
202000015412,3,7,,0,2,6,16,B01
202000015413,2,7,,2,0,1,2,A01
202000015414,0,7,,0,2,0,1,A01
202000015414,1,7,,0,2,7,1,B01
202000015415,1,30,,8,0,1,1,A01
202000015416,2,7,,1,0,2,1,A01
202000015417,2,1,,0,2,3,19,A01
202000015417,1,10,,0,9,3,1,B01
202000015418,3,7,,0,2,7,15,A01
202000015418,3,10,,0,2,1,0,B01
202000015419,2,7,,0,2,4,2,B01
202000015419,2,7,,0,2,1,2,A01
202000015420,1,10,,0,1,3,1,A01
202000015421,1,32,,0,2,2,17,B01
202000015421,1,7,,0,2,3,20,A01
202000015422,0,7,,0,2,0,0,Z01
202000015422,0,50,,0,2,8,13,A01
202000015423,1,7,,0,2,2,15,A01
202000015423,2,7,,0,2,3,1,B01
202000015424,2,7,,0,2,-1,1,B01
202000015424,1,7,,0,2,1,1,A01
202000015425,3,10,,0,2,2,17,Z01
202000015425,3,1,,0,2,8,11,B01
202000015426,1,7,,0,2,4,23,C01
202000015426,1,7,,0,2,4,23,B01
202000015426,1,7,,0,2,1,2,A01
202000015427,2,7,,0,2,1,1,C01
202000015427,2,7,,0,2,6,11,A01
202000015427,2,7,,4,2,1,1,B01
202000015428,2,7,,0,2,2,12,A01
202000015428,2,33,,0,2,1,3,B01
202000015428,2,31,,0,2,1,3,C01
202000015428,2,31,,0,2,1,3,D01
202000015428,2,31,,0,2,1,3,E01
202000015428,2,7,,0,2,1,1,F01
202000015429,1,32,,0,2,1,1,A01
202000015429,2,7,,0,2,3,10,Z01
202000015430,2,7,,0,2,1,1,A01
202000015430,3,7,,0,2,7,15,B01
202000015431,2,43,,0,2,3,1,B01
202000015431,2,30,,0,2,2,16,A01
202000015432,1,7,,0,2,8,22,A01
202000015432,1,30,,0,2,1,1,B01
202000015433,1,10,,0,1,3,1,A01
202000015434,1,50,,12,0,1,5,A01
202000015435,2,30,,0,1,1,1,A01
202000015436,1,1,,0,2,3,1,B01
202000015436,1,7,,0,9,2,15,A01
202000015437,3,7,,0,2,2,17,A01
202000015437,1,7,,0,2,6,0,B01
202000015438,1,7,,0,2,3,1,A01
202000015438,2,2,,0,2,1,1,B01
202000015438,2,7,,0,2,3,1,C01
202000015438,1,7,,0,9,0,0,T01
202000015439,1,7,,0,2,1,26,A01
202000015439,1,7,,7,0,4,23,B01
202000015440,3,1,,0,2,2,19,B01
202000015440,1,7,,0,2,2,16,A01
202000015441,2,99,,1,0,2,1,A01
202000015442,1,7,,0,2,8,15,B01
202000015442,2,7,,0,2,1,1,A01
202000015443,2,7,,0,2,2,15,A01
202000015443,1,32,,0,2,1,1,B01
202000015444,1,7,,0,0,6,24,B01
202000015444,1,7,,1,0,2,14,A01
202000015445,1,7,,13,0,9,14,A01
202000015446,1,7,,0,2,3,13,A01
202000015446,2,7,,0,2,6,1,B01
202000015447,0,7,,0,1,2,15,A01
202000015448,2,32,,0,2,1,17,B01
202000015448,2,7,,0,0,3,10,A01
202000015449,2,7,,0,0,6,2,A01
202000015449,2,33,,0,2,1,2,B01
202000015450,3,33,,0,0,0,1,A01
202000015450,3,33,,0,2,1,1,B01
202000015450,3,33,,0,2,1,1,C01
202000015451,0,1,,0,9,0,1,A01
202000015451,0,1,,0,0,0,19,B01
202000015452,2,7,,6,0,1,1,A01
202000015453,2,7,,0,2,1,10,A01
202000015453,2,7,,0,2,8,10,B01
202000015454,1,7,,0,9,2,0,A01
202000015454,1,1,,0,0,5,2,B01
202000015455,1,2,,0,2,1,2,A01
202000015455,1,7,,0,0,8,15,B01
202000015456,3,7,,0,1,2,1,A01
202000015457,2,2,,0,0,0,1,A01
202000015458,1,2,,0,1,2,1,A01
202000015459,2,2,,0,2,1,2,B01
202000015459,2,7,,0,0,4,2,A01
202000015460,3,7,,0,0,9,1,A01
202000015461,3,7,,0,9,3,15,A01
202000015461,3,1,,0,2,1,0,B01
202000015462,3,33,,0,0,0,21,A01
202000015463,3,31,,0,0,0,21,A01
202000015464,2,33,,0,2,2,17,A01
202000015464,2,7,,0,2,8,15,B01
202000015465,2,2,,13,0,7,1,A01
202000015466,2,7,,0,0,0,1,A01
202000015467,3,7,,0,2,2,1,A01
202000015467,3,7,,0,2,1,1,B01
202000015468,1,7,,0,2,6,1,B01
202000015468,2,7,,0,2,3,19,A01
202000015469,2,10,,0,2,2,15,A01
202000015469,1,33,,0,2,1,1,B01
202000015470,2,34,,0,2,1,1,B01
202000015470,3,7,,0,2,2,19,A01
202000015471,1,7,,13,0,2,14,A01
202000015472,1,33,,0,2,3,11,A01
202000015472,1,7,,0,2,5,17,B01
202000015473,2,7,,3,0,2,0,A01
202000015474,2,17,,0,0,9,1,A01
202000015475,2,7,,0,0,5,1,B01
202000015475,2,33,,0,2,1,0,A01
202000015476,3,14,,0,9,7,16,A01
202000015476,1,1,,0,2,1,1,B01
202000015477,0,7,,13,0,9,1,A01
202000015477,0,7,,0,2,1,1,B01
202000015478,1,7,,0,2,1,15,A01
202000015478,2,33,,0,2,3,0,B01
202000015479,1,7,,0,2,1,2,A01
202000015479,1,7,,0,2,4,2,B01
202000015479,1,7,,0,0,4,2,C01
202000015480,3,2,,15,0,1,0,A01
202000015481,2,7,,0,2,7,23,C01
202000015481,2,7,,0,2,8,22,B01
202000015481,2,33,,0,2,7,3,A01
202000015482,1,7,,0,0,3,26,A01
202000015482,1,7,,0,2,1,1,B01
202000015483,2,7,,0,9,7,17,B01
202000015483,2,1,,0,2,8,2,A01
202000015484,1,7,,0,2,1,1,B01
202000015484,2,10,,0,2,1,15,A01
202000015485,2,7,,0,2,3,1,A01
202000015485,1,7,,0,2,3,1,B01
202000015486,2,7,,0,2,7,1,A01
202000015486,2,10,,0,2,3,15,B01
202000015487,3,7,,0,9,2,20,A01
202000015487,3,1,,0,2,8,1,B01
202000015488,1,7,,9,1,1,13,A01
202000015489,3,7,,0,2,3,1,A01
202000015489,3,1,,0,2,1,1,B01
202000015490,1,7,,0,2,1,15,A01
202000015490,1,7,,0,2,2,1,B01
202000015491,1,7,,1,1,1,15,A01
202000015492,2,7,,0,9,2,0,A01
202000015492,2,1,,6,0,4,2,B01
202000015493,1,7,,14,0,2,1,A01
202000015494,1,7,,0,2,3,9,A01
202000015494,2,33,,0,2,1,1,B01
202000015495,2,33,,0,2,7,1,B01
202000015495,1,7,,0,2,1,19,A01
202000015496,1,7,,0,2,1,1,B01
202000015496,1,7,,3,0,1,1,A01
202000015497,2,7,,8,0,9,2,A01
202000015498,2,10,,6,0,3,14,A01
202000015499,1,7,,4,0,0,13,A01
202000015500,2,7,,0,2,4,2,C01
202000015500,2,7,,0,2,1,2,A01
202000015500,2,7,,0,2,4,2,B01
202000015500,2,7,,0,2,4,2,D01
202000015501,1,7,,0,2,4,0,C01
202000015501,1,7,,0,2,9,0,B01
202000015501,1,7,,0,2,1,26,A01
202000015502,1,10,,0,2,8,1,B01
202000015502,1,10,,0,2,4,1,C01
202000015502,1,10,,0,0,7,12,A01
202000015503,2,7,,0,2,1,2,A01
202000015503,2,7,,0,2,4,2,B01
202000015503,2,7,,0,2,4,2,C01
202000015504,2,7,,0,2,3,1,C01
202000015504,2,7,,0,2,4,2,B01
202000015504,2,7,,0,2,1,2,A01
202000015505,2,33,,4,0,3,13,A01
202000015506,1,34,,0,2,1,3,A01
202000015506,1,10,,0,2,3,1,B01
202000015507,2,31,,0,0,0,1,A01
202000015508,2,10,,0,1,1,26,A01
202000015508,1,-1,,0,1,0,0,Z01
202000015509,1,7,,16,0,9,1,A01
202000015510,0,33,,0,2,1,1,B01
202000015510,0,7,,0,2,3,15,A01
202000015511,2,10,,0,1,4,20,A01
202000015512,2,30,,9,0,1,1,A01
202000015513,2,7,,0,2,0,0,A01
202000015513,1,7,,0,2,3,2,B01
202000015514,1,7,,0,2,2,2,A01
202000015514,1,10,,8,2,6,2,B01
202000015515,0,10,,0,2,1,2,A01
202000015515,0,7,,0,2,4,2,B01
202000015516,3,7,,0,0,0,21,A01
202000015517,1,7,,0,1,2,1,A01
202000015518,1,7,,8,0,4,1,A01
202000015519,0,7,,0,2,1,1,B01
202000015519,2,7,,0,2,2,1,A01
202000015520,2,7,,0,2,3,2,A01