Num_Acc,senc,catv,occutc,obs,obsm,choc,manv,num_veh
202000015520,2,2,,0,2,7,2,B01
202000015521,0,7,,0,2,1,1,B01
202000015521,0,2,,0,2,1,5,A01
202000015522,3,7,,0,1,1,1,A01
202000015523,3,32,,0,2,1,17,A01
202000015523,3,7,,0,0,6,15,B01
202000015524,1,7,,0,1,1,1,A01
202000015525,3,7,,0,1,1,15,A01
202000015526,0,7,,0,2,7,15,A01
202000015526,0,33,,0,2,1,1,B01
202000015527,3,7,,0,1,1,15,A01
202000015528,3,30,,0,2,3,15,A01
202000015528,1,7,,0,2,1,1,B01
202000015529,2,1,,0,2,1,1,B01
202000015529,2,7,,0,2,3,16,A01
202000015530,0,7,,0,2,1,1,A01
202000015530,0,32,,0,2,7,1,B01
202000015531,1,3,,0,2,3,1,A01
202000015531,2,7,,0,2,3,1,B01
202000015532,2,10,,0,0,1,13,A01
202000015532,1,7,,0,2,1,1,B01
202000015533,1,33,,0,0,8,1,A01
202000015534,1,30,,0,1,1,16,A01
202000015535,1,1,,0,2,8,2,A01
202000015535,1,50,,0,2,0,2,Z01
202000015536,1,1,,1,0,1,13,A01
202000015537,1,7,,0,2,4,2,D01
202000015537,1,7,,0,2,4,2,C01
202000015537,1,7,,0,2,1,2,B01
202000015537,1,7,,0,2,1,2,A01
202000015538,1,7,,0,2,4,23,B01
202000015538,1,33,,0,2,1,2,A01
202000015539,1,7,,0,1,1,1,A01
202000015540,1,10,,0,1,2,15,A01
202000015541,2,32,,0,0,0,15,A01
202000015542,1,7,,0,2,7,22,A01
202000015542,1,1,,0,2,1,1,B01
202000015543,1,30,,0,2,6,1,B01
202000015543,1,32,,0,2,7,13,A01
202000015544,2,30,,0,2,1,17,A01
202000015544,2,7,,0,2,3,10,B01
202000015545,1,1,,0,2,4,2,A01
202000015545,1,7,,0,2,1,2,Z01
202000015546,2,7,,0,2,5,23,A01
202000015546,2,7,,0,2,1,2,Z01
202000015547,2,30,,0,2,1,1,A01
202000015547,1,7,,0,2,1,1,B01
202000015548,2,7,,0,2,5,16,A01
202000015548,2,37,2.0,0,2,3,7,B01
202000015549,2,30,,0,0,1,1,A01
202000015550,0,1,,0,1,4,1,A01
202000015551,1,7,,0,1,1,15,A01
202000015552,1,1,,0,2,1,26,B01
202000015552,1,7,,0,2,2,16,A01
202000015553,1,30,,1,0,1,26,A01
202000015554,2,7,,0,2,6,2,A01
202000015554,2,7,,0,2,2,21,B01
202000015555,1,7,,0,2,7,15,A01
202000015555,2,2,,0,0,1,1,B01
202000015556,2,7,,0,2,2,9,B01
202000015556,2,33,,0,2,1,13,A01
202000015557,1,7,,1,2,2,17,A01
202000015557,1,7,,1,2,2,17,B01
202000015558,2,2,,0,2,7,17,B01
202000015558,2,7,,0,2,3,15,A01
202000015559,0,31,,0,0,1,12,A01
202000015560,-1,2,,0,2,1,26,A01
202000015560,-1,7,,0,2,3,26,B01
202000015561,3,30,,0,2,4,15,A01
202000015561,3,7,,0,2,3,2,B01
202000015562,1,7,,0,9,7,22,A01
202000015562,1,1,,1,0,2,21,B01
202000015563,1,10,,0,2,2,16,A01
202000015563,1,50,,0,2,8,1,B01
202000015564,2,7,,0,2,1,0,A01
202000015564,2,7,,0,2,4,0,B01
202000015565,1,33,,8,0,1,0,A01
202000015566,0,33,,0,0,1,1,A01
202000015567,1,7,,7,2,1,1,B01
202000015567,3,7,,0,2,2,9,A01
202000015568,2,7,,0,2,1,21,B01
202000015568,1,33,,0,2,1,0,C01
202000015568,2,10,,0,0,6,23,A01
202000015569,2,7,,0,2,1,17,B01
202000015569,1,7,,0,2,1,1,A01
202000015570,1,7,,0,2,1,1,B01
202000015570,2,7,,0,2,3,1,A01
202000015571,1,33,,11,0,1,1,A01
202000015572,3,7,,0,2,3,1,A01
202000015572,3,1,,0,2,8,19,B01
202000015573,1,31,,0,0,0,10,A01
202000015574,1,7,,8,0,1,0,A01
202000015575,2,10,,0,0,8,1,A01
202000015576,2,7,,16,0,0,13,A01
202000015577,0,1,,0,2,8,19,A01
202000015577,3,7,,0,2,2,1,B01
202000015578,1,33,,0,2,1,5,A01
202000015578,1,7,,0,2,7,1,B01
202000015579,2,7,,6,0,0,14,A01
202000015580,2,36,,8,0,1,1,A01
202000015581,1,36,,0,0,0,0,A01
202000015582,2,2,,0,0,0,1,A01
202000015583,1,1,,0,2,1,1,A01
202000015583,3,7,,0,2,8,15,B01
202000015584,1,33,,0,0,1,14,A01
202000015585,3,7,,0,0,8,19,A01
202000015585,1,7,,0,9,1,1,C01
202000015586,2,7,,0,2,1,13,A01
202000015586,1,7,,0,2,3,1,B01
202000015587,1,2,,6,0,3,13,A01
202000015588,2,7,,0,2,3,2,B01
202000015588,2,7,,0,2,5,2,A01
202000015589,1,7,,0,2,2,1,A01
202000015589,1,7,,0,2,1,1,B01
202000015590,1,7,,2,0,1,13,A01
202000015591,1,33,,13,0,2,1,A01
202000015592,1,7,,0,2,7,17,B01
202000015592,1,2,,0,0,8,2,A01
202000015593,3,7,,0,0,8,19,A01
202000015593,1,7,,0,2,1,1,B01
202000015594,2,7,,0,2,3,1,A01
202000015594,1,7,,0,2,7,19,B01
202000015595,1,7,,3,0,2,1,A01
202000015595,1,7,,0,2,3,1,B01
202000015596,1,7,,10,0,2,1,A01
202000015597,1,7,,0,2,3,1,A01
202000015597,2,7,,0,2,3,1,B01
202000015598,0,36,,2,0,1,1,A01
202000015599,1,10,,13,0,1,13,A01
202000015600,1,33,,0,0,7,1,A01
202000015601,0,7,,0,9,8,1,A01
202000015601,3,1,,0,2,1,1,C01
202000015602,2,33,,0,2,9,13,B01
202000015602,1,7,,0,2,1,1,A01
202000015603,1,7,,13,0,3,0,A01
202000015604,3,7,,0,2,8,15,A01
202000015604,2,7,,0,2,3,1,B01
202000015605,1,33,,0,2,7,17,B01
202000015605,1,10,,0,2,8,11,A01
202000015606,3,2,,1,0,1,5,A01
202000015607,1,33,,8,0,7,1,A01
202000015608,2,7,,0,2,1,2,B01
202000015608,2,33,,0,2,4,1,A01
202000015609,1,32,,0,0,0,0,T01
202000015609,1,7,,0,2,6,0,A01
202000015609,1,33,,0,2,2,0,B01
202000015609,1,7,,4,2,1,0,C01
202000015610,2,7,,0,2,4,2,B01
202000015610,2,34,,0,2,1,2,A01
202000015611,2,7,,0,2,3,11,Z01
202000015611,2,7,,0,2,7,21,B01
202000015612,1,7,,0,2,4,2,G01
202000015612,1,10,,0,2,4,2,F01
202000015612,1,7,,0,2,4,2,E01
202000015612,1,7,,0,2,4,2,C01
202000015612,1,7,,0,2,9,2,B01
202000015612,1,10,,0,2,1,2,A01
202000015612,1,7,,0,2,4,2,D01
202000015613,2,10,,0,2,4,2,B01
202000015613,2,14,,0,2,1,26,A01
202000015614,1,7,,0,2,4,1,C01
202000015614,1,7,,0,2,4,1,B01
202000015614,1,7,,0,2,1,1,A01
202000015615,1,7,,0,2,4,1,B01
202000015615,1,7,,0,2,1,2,A01
202000015616,1,7,,0,2,1,2,A01
202000015616,1,15,,0,2,4,2,B01
202000015617,1,10,,4,0,1,13,A01
202000015618,1,7,,15,0,2,14,A01
202000015619,1,13,,0,2,1,2,B01
202000015619,1,7,,0,2,4,1,A01
202000015620,3,80,,0,2,1,19,B01
202000015620,1,10,,0,2,1,19,A01
202000015621,2,1,,0,2,1,1,A01
202000015621,2,7,,0,2,1,15,B01
202000015622,1,7,,0,2,1,2,A01
202000015622,1,10,,0,0,4,2,B01
202000015623,1,7,,0,1,2,1,A01
202000015624,0,7,,0,1,3,9,A01
202000015625,3,7,,0,1,3,1,A01
202000015626,1,30,,0,2,5,21,A01
202000015626,2,7,,0,2,1,9,B01
202000015627,1,7,,0,1,7,1,A01
202000015628,3,7,,0,2,7,9,A01
202000015628,3,7,,0,2,1,1,B01
202000015628,3,15,,0,2,1,1,C01
202000015629,2,7,,0,2,1,26,B01
202000015629,1,7,,16,2,1,13,A01
202000015630,1,1,,0,0,8,1,A01
202000015631,2,7,,0,2,4,2,B01
202000015631,2,10,,0,2,1,2,A01
202000015632,1,7,,0,2,3,26,A01
202000015632,2,7,,0,2,5,26,B01
202000015633,1,34,,0,1,0,26,A01
202000015634,2,30,,0,1,1,17,A01
202000015635,0,0,,0,1,0,0,A01
202000015636,1,7,,0,2,4,2,B01
202000015636,1,7,,0,2,1,16,A01
202000015637,1,7,,0,1,1,19,A01
202000015638,3,7,,0,2,3,11,A01
202000015638,3,7,,0,2,2,17,B01
202000015639,1,1,,0,2,0,0,A01
202000015639,0,7,,0,2,0,0,B01
202000015640,2,7,,0,1,3,1,A01
202000015641,2,7,,0,2,1,1,A01
202000015641,2,7,,0,1,4,1,B01
202000015642,1,7,,0,2,4,1,B01
202000015642,1,33,,0,2,1,2,A01
202000015643,1,7,,0,2,3,1,A01
202000015643,0,1,,0,0,0,0,B01
202000015644,2,10,,0,2,4,23,B01
202000015644,2,17,,0,2,2,1,A01
202000015645,3,7,,0,2,8,15,A01
202000015645,3,50,,0,2,8,19,B01
202000015646,2,7,,0,2,1,19,A01
202000015646,0,1,,0,2,7,1,B01
202000015647,1,7,,0,1,1,26,A01
202000015648,1,33,,0,2,1,17,A01
202000015648,1,21,,0,2,0,0,B01
202000015649,1,7,,0,1,2,16,A01
202000015650,0,7,,0,2,7,15,A01
202000015650,0,33,,0,2,1,1,B01
202000015651,2,2,,0,2,1,1,A01
202000015651,2,7,,0,2,3,1,B01
202000015652,2,33,,15,0,0,1,A01
202000015653,3,7,,0,2,2,15,A01
202000015653,0,7,,0,2,1,26,B01
202000015654,1,7,,11,0,3,1,A01
202000015655,1,30,,16,0,0,0,A01
202000015656,3,7,,16,0,1,1,A01
202000015657,1,7,,16,0,0,26,B01
202000015657,1,30,,16,0,0,26,A01
202000015658,3,7,,0,2,4,23,B01
202000015658,3,7,,0,2,1,2,A01
202000015659,1,7,,0,2,2,9,A01
202000015659,1,7,,0,2,1,1,B01
202000015660,3,7,,0,1,1,0,A01
202000015661,3,7,,0,2,1,1,A01
202000015661,3,1,,0,2,7,19,B01
202000015662,3,7,,0,2,1,1,A01
202000015662,3,32,,0,2,4,1,B01
202000015663,1,7,,0,2,1,0,B01
202000015663,2,7,,0,2,3,16,A01
202000015664,1,7,,0,2,2,1,B01
202000015664,3,30,,0,2,1,5,A01
202000015665,1,7,,0,2,1,1,B01
202000015665,1,1,,0,2,1,1,A01
202000015666,1,1,,0,2,1,1,B01
202000015666,2,7,,0,2,0,13,Z01
202000015667,2,7,,0,2,1,13,A01
202000015667,1,7,,0,2,1,1,B01
202000015668,1,1,,0,2,4,15,A01
202000015668,1,7,,0,2,4,17,Z01
202000015669,2,7,,0,2,3,18,Z01
202000015669,1,7,,0,2,3,1,B01
202000015669,2,7,,0,2,2,1,A01
202000015670,1,7,,0,0,4,1,B01
202000015670,1,7,,0,2,0,0,A01
202000015671,2,7,,1,1,4,4,A01
202000015672,2,31,,0,2,1,13,A01
202000015672,1,7,,0,2,3,1,B01
202000015673,2,7,,0,1,4,23,B01
202000015673,2,10,,0,2,1,2,A01
202000015674,2,32,,0,0,0,11,A01
202000015675,1,1,,0,2,8,19,A01
202000015675,1,7,,1,2,1,1,Z01
202000015676,1,1,,0,2,1,1,B01
202000015676,1,13,,0,2,7,16,A01
202000015677,1,1,,0,1,1,25,A01
202000015678,1,7,,0,2,2,15,B01
202000015678,2,30,,0,2,1,1,A01
202000015679,3,0,,0,2,3,16,Z01
202000015679,3,2,,0,2,0,0,A01
202000015680,1,7,,0,2,7,1,A01
202000015680,1,7,,0,2,1,1,B01
202000015681,2,7,,15,0,8,1,A01
202000015682,1,32,,0,2,1,9,A01
202000015682,1,7,,0,2,1,9,B01
202000015683,1,1,,0,2,0,1,A01
202000015683,1,7,,0,9,2,15,B01
202000015684,2,7,,0,2,6,23,B01
202000015684,2,30,,0,0,3,17,A01
202000015685,1,7,,1,0,6,21,B01
202000015685,2,7,,1,0,3,21,A01
202000015686,-1,7,,0,2,1,1,A01
202000015686,-1,1,,0,2,7,19,B01
202000015687,2,7,,0,2,1,1,A01
202000015687,2,7,,0,2,7,1,C01
202000015687,2,7,,0,2,8,12,B01
202000015688,3,7,,0,1,3,1,A01
202000015689,2,7,,0,1,4,4,A01
202000015690,1,80,,5,1,1,1,A01
202000015691,1,7,,14,2,1,19,B01
202000015691,1,7,,14,2,6,19,A01
202000015692,1,7,,0,2,8,22,A01
202000015692,1,1,,0,2,1,0,B01
202000015693,1,7,,13,0,1,1,A01
202000015694,1,7,,0,2,1,1,B01
202000015694,2,7,,0,2,0,9,A01
202000015695,3,7,,0,2,1,1,A01
202000015695,3,1,,0,2,4,11,B01
202000015696,2,7,,2,0,3,1,A01
202000015697,2,7,,3,0,2,2,A01
202000015698,2,33,,0,2,1,17,A01
202000015698,2,7,,0,2,6,15,B01
202000015699,3,21,,0,9,2,19,A01
202000015699,1,1,,0,2,1,1,B01
202000015700,2,33,,9,0,1,1,A01
202000015701,1,7,,8,0,1,14,A01
202000015702,1,7,,0,1,2,1,A01
202000015703,2,33,,0,0,0,1,A01
202000015704,0,7,,0,2,2,26,A01
202000015704,3,7,,0,2,3,21,B01
202000015705,0,7,,0,0,0,20,B01
202000015705,0,2,,0,0,0,21,A01
202000015706,0,31,,0,0,5,1,A01
202000015707,2,33,,16,0,7,1,A01
202000015708,2,7,,13,0,1,1,A01
202000015709,1,7,,0,2,2,1,A01
202000015709,1,7,,0,2,4,15,B01
202000015710,2,7,,3,2,4,1,C01
202000015710,2,7,,1,2,1,1,A01
202000015710,3,7,,0,2,3,23,B01
202000015711,0,33,,0,9,0,0,A01
202000015711,0,1,,0,9,0,0,B01
202000015712,1,7,,0,2,2,15,A01
202000015712,2,33,,0,2,1,1,B01
202000015713,1,33,,0,2,1,1,B01
202000015713,1,7,,0,0,5,1,A01
202000015714,1,7,,0,2,2,1,B01
202000015714,2,7,,0,2,1,1,A01
202000015715,2,33,,0,0,0,1,A01
202000015715,1,7,,0,0,3,1,B01
202000015716,1,14,,0,1,3,1,A01
202000015717,0,2,,0,2,1,1,B01
202000015717,3,10,,0,2,3,5,A01
202000015718,1,1,,0,0,9,1,B01
202000015719,3,7,,0,2,2,1,A01
202000015719,3,31,,0,2,3,1,B01
202000015720,2,7,,0,0,3,1,C01
202000015720,2,7,,0,0,6,1,B01
202000015720,1,7,,0,2,3,13,A01
202000015721,1,1,,0,0,2,1,A01
202000015722,1,33,,0,0,8,1,A01
202000015723,1,33,,0,2,1,0,B01
202000015723,2,7,,0,9,7,15,A01
202000015724,1,33,,0,0,0,1,A01
202000015725,1,7,,16,0,3,1,A01
202000015726,1,7,,0,2,3,1,A01
202000015726,2,7,,0,2,1,13,B01
202000015727,2,7,,2,1,9,14,A01
202000015728,3,2,,1,0,3,1,A01
202000015729,2,7,,13,0,6,1,B01
202000015729,2,7,,9,2,1,26,A01
202000015730,0,21,,0,0,0,9,A01
202000015730,2,33,,0,0,7,1,B01
202000015731,2,99,,0,2,1,1,B01
202000015731,1,7,,0,2,3,1,A01
202000015732,3,7,,0,0,0,14,A01
202000015733,1,7,,0,2,3,0,A01
202000015733,1,2,,0,2,1,0,B01
202000015734,1,2,,0,0,0,1,A01
202000015735,1,14,,0,2,3,5,A01
202000015735,2,7,,0,2,1,2,B01
202000015735,0,7,,0,2,7,23,C01
202000015736,2,7,,0,2,4,2,B01
202000015736,2,7,,0,2,1,2,A01
202000015737,1,10,,0,2,1,13,A01
202000015737,2,15,,0,2,2,21,B01
202000015738,1,15,,0,0,6,0,B01
202000015738,1,7,,0,2,2,1,A01
202000015739,1,7,,0,2,1,13,A01
202000015739,2,7,,0,2,1,1,B01
202000015740,1,7,,13,2,3,1,B01
202000015740,2,7,,0,2,3,1,A01
202000015741,1,7,,0,9,3,1,A01
202000015741,2,1,,0,2,1,0,B01
202000015742,3,37,1.0,0,2,6,17,B01
202000015742,3,33,,6,2,7,17,A01
202000015743,1,17,,0,0,4,2,A01
202000015743,1,7,,0,2,1,2,C01
202000015743,1,7,,1,0,1,2,B01
202000015744,2,7,,0,0,3,1,B01
202000015744,2,7,,0,2,8,15,A01
202000015745,1,7,,0,2,2,26,A01
202000015745,0,7,,0,2,3,0,B01
202000015746,1,7,,0,2,3,15,A01
202000015746,2,2,,0,2,1,1,B01
202000015747,1,7,,15,0,3,1,A01
202000015748,2,7,,6,0,2,17,A01
202000015749,2,34,,1,0,1,13,A01
202000015750,2,7,,0,2,7,16,B01
202000015750,2,33,,0,2,1,18,A01
202000015751,2,7,,0,1,3,1,A01
202000015752,2,7,,0,0,4,23,B01
202000015752,2,7,,0,2,1,1,A01
202000015753,2,7,,8,0,1,1,A01
202000015754,1,1,,0,2,1,1,B01
202000015754,2,7,,0,9,3,15,A01
202000015755,1,10,,0,2,2,0,A01
202000015755,1,7,,0,2,4,26,D01
202000015755,1,7,,0,2,4,26,C01
202000015755,1,7,,0,2,4,26,B01
202000015756,1,7,,0,2,1,2,A01
202000015756,1,10,,0,2,4,2,B01
202000015757,1,7,,0,2,4,2,B01
202000015757,1,7,,0,2,9,2,A01
202000015758,1,7,,4,0,1,21,A01
202000015759,1,32,,0,2,1,3,A01
202000015759,1,10,,0,2,5,11,Z01
202000015760,1,7,,6,0,1,14,A01
202000015761,2,7,,4,0,7,14,A01
202000015762,2,13,,4,0,1,14,A01
202000015763,2,7,,0,2,4,2,B01
202000015763,2,7,,0,2,1,2,A01
202000015764,2,10,,0,2,1,1,A01
202000015764,2,10,,0,2,4,23,B01
202000015764,2,7,,0,2,4,23,C01
202000015765,1,2,,0,0,0,1,B01
202000015765,1,7,,0,0,0,17,A01
202000015766,0,99,,8,0,1,16,A01
202000015767,2,7,,0,2,8,1,A01
202000015767,1,31,,0,2,0,3,B01
202000015768,1,10,,4,0,3,13,A01
202000015769,2,7,,0,2,4,2,B01
202000015769,2,1,,0,2,1,2,A01
202000015770,1,33,,0,2,1,0,B01
202000015770,2,7,,0,2,0,0,A01
202000015771,1,7,,0,1,1,17,A01
202000015772,1,32,,0,2,1,9,B01
202000015772,2,3,,0,2,3,11,A01
202000015773,3,7,,0,2,8,9,A01
202000015773,1,33,,0,2,1,9,B01
202000015774,3,7,,0,2,1,2,A01
202000015774,3,7,,0,2,4,2,B01
202000015775,2,34,,14,0,0,26,A01
202000015776,3,7,,0,1,3,15,A01
202000015777,3,7,,4,2,1,2,A01
202000015777,3,7,,0,2,4,2,B01
202000015778,2,7,,0,2,8,19,B01
202000015778,1,7,,0,2,1,19,A01
202000015779,1,7,,0,0,0,0,B01
202000015779,1,7,,0,2,1,1,A01
202000015780,1,7,,0,2,1,1,A01
202000015780,1,32,,0,2,8,1,B01
202000015781,1,2,,0,2,1,25,A01
202000015781,2,7,,0,2,3,1,B01
202000015782,2,50,,0,2,1,19,B01
202000015782,1,7,,0,2,2,1,A01
202000015783,1,7,,0,2,7,23,B01
202000015783,1,30,,0,2,8,18,A01
202000015784,1,30,,4,0,1,13,A01
202000015785,1,7,,0,2,3,21,B01
202000015785,2,7,,0,2,3,1,C01
202000015785,1,10,,5,0,1,14,A01
202000015786,2,7,,0,0,9,1,A01
202000015787,0,7,,0,2,2,1,C01
202000015787,0,7,,0,2,3,1,B01
202000015787,0,33,,0,2,1,17,A01
202000015788,2,36,,0,2,1,1,B01
202000015788,1,7,,0,2,2,15,A01
202000015789,1,7,,0,1,1,1,A01
202000015790,0,2,,0,2,3,19,A01
202000015790,3,7,,0,2,2,1,B01
202000015791,0,80,,12,0,2,16,A01
202000015792,1,7,,0,2,2,13,B01
202000015792,2,33,,0,2,1,14,A01
202000015793,1,7,,7,2,7,19,A01
202000015793,1,7,,7,2,1,1,B01
202000015794,1,7,,0,2,1,0,B01
202000015794,1,7,,0,2,4,1,A01
202000015795,2,7,,0,2,8,1,B01
202000015795,2,14,,0,2,7,12,A01
202000015796,1,7,,0,2,4,2,A01
202000015796,1,7,,0,2,6,2,C01
202000015796,1,7,,0,2,4,0,B01
202000015796,1,7,,0,2,1,2,D01
202000015797,2,7,,0,2,6,12,B01
202000015797,2,7,,0,2,2,17,A01
202000015798,2,34,,0,2,4,2,B01
202000015798,2,7,,0,2,1,2,Z01
202000015799,2,7,,0,2,1,2,A01
202000015799,2,7,,0,2,4,2,B01
202000015800,2,0,,0,2,0,0,Z01
202000015800,2,7,,0,2,6,1,B01
202000015801,1,7,,0,2,1,1,A01
202000015802,1,33,,0,2,1,3,B01
202000015802,1,10,,0,2,2,12,A01
202000015803,2,7,,0,2,8,13,A01
202000015803,2,7,,4,0,7,17,B01
202000015803,2,7,,0,2,1,21,C01
202000015804,2,7,,0,2,1,2,A01
202000015804,2,7,,0,2,4,2,B01
202000015805,1,10,,4,0,4,1,B01
202000015805,1,10,,0,2,1,12,A01
202000015806,1,7,,0,2,1,2,A01
202000015806,1,7,,0,2,4,2,B01
202000015806,1,7,,0,2,4,2,C01
202000015806,1,7,,0,2,4,2,D01
202000015807,2,33,,0,2,8,3,A01
202000015807,2,13,,0,2,7,2,B01
202000015808,2,7,,0,0,3,1,A01
202000015809,1,7,,0,2,5,12,B01
202000015809,1,33,,0,2,3,3,A01
202000015810,2,7,,14,0,3,13,A01
202000015811,3,7,,0,1,1,1,A01
202000015812,2,7,,0,0,0,15,B01
202000015812,1,33,,0,0,9,21,A01
202000015813,2,30,,0,2,1,1,B01
202000015813,2,7,,0,2,3,10,A01
202000015814,3,7,,15,0,3,15,B01
202000015814,2,33,,15,2,1,17,A01
202000015815,2,7,,0,2,1,9,A01
202000015815,1,2,,0,2,7,1,B01
202000015816,0,32,,0,2,1,1,A01
202000015816,0,1,,0,2,1,5,B01
202000015817,2,7,,0,1,1,1,A01
202000015818,2,7,,0,2,2,16,A01
202000015818,2,60,,0,0,6,1,B01
202000015819,1,7,,0,2,1,9,A01
202000015819,1,7,,0,2,4,1,B01
202000015820,3,99,,0,1,0,26,A01
202000015821,2,7,,0,2,3,15,B01
202000015821,2,34,,0,2,6,9,A01
202000015822,3,7,,0,0,0,26,A01
202000015823,3,7,,0,1,1,1,A01
202000015824,3,7,,0,1,1,1,A01
202000015825,2,7,,14,1,3,1,A01
202000015826,1,7,,0,1,2,1,A01
202000015827,1,7,,0,2,0,26,B01
202000015827,2,7,,0,2,0,26,C01
202000015827,1,7,,0,2,0,26,A01
202000015828,2,33,,0,2,1,2,A01
202000015828,2,7,,0,2,4,23,B01
202000015829,3,7,,0,2,0,1,A01
202000015829,3,1,,0,2,0,1,B01
202000015830,1,30,,0,0,2,9,A01
202000015831,1,7,,6,0,1,1,A01
202000015832,1,7,,0,2,8,15,B01
202000015832,1,7,,0,2,1,1,A01
202000015833,0,3,,0,2,2,1,A01
202000015833,0,7,,0,2,3,1,B01
202000015834,2,50,,0,2,7,14,B01
202000015834,2,7,,0,9,1,9,A01
202000015835,1,7,,0,2,1,2,B01
202000015835,1,7,,0,2,4,23,A01
202000015836,2,7,,0,2,4,0,C01
202000015836,2,7,,0,2,4,1,B01
202000015836,2,7,,0,2,1,1,A01
202000015837,1,7,,0,2,1,2,A01
202000015837,1,7,,0,2,4,2,B01
202000015837,1,7,,0,2,4,2,C01
202000015837,1,7,,0,2,4,2,D01
202000015838,2,7,,0,2,3,1,C01
202000015838,2,7,,0,2,3,1,B01
202000015838,1,7,,0,2,1,15,A01
202000015839,2,50,,0,2,1,1,C01
202000015839,2,7,,0,2,8,1,B01
202000015839,1,7,,7,2,1,1,A01
202000015840,0,7,,0,2,4,1,C01
202000015840,1,7,,0,2,4,1,B01
202000015840,1,7,,0,2,1,1,A01
202000015841,2,1,,0,2,1,2,B01
202000015841,1,7,,0,2,2,16,A01
202000015842,1,7,,0,1,2,1,A01
202000015843,2,1,,0,2,4,2,B01
202000015843,2,30,,0,2,1,18,A01
202000015844,2,7,,0,2,3,1,B01
202000015844,1,2,,0,2,3,13,A01
202000015845,2,2,,0,2,7,17,B01
202000015845,1,7,,0,2,3,15,Z01
202000015846,2,31,,0,2,1,1,B01
202000015846,3,7,,0,2,3,9,Z01
202000015847,3,2,,0,2,1,17,A01
202000015847,3,7,,0,2,3,15,B01
202000015848,1,7,,0,2,7,20,A01
202000015848,2,2,,0,2,8,7,B01
202000015849,2,7,,0,1,1,1,A01
202000015850,1,7,,7,0,1,14,A01
202000015851,2,7,,0,2,2,15,A01
202000015851,1,50,,0,2,8,1,B01
202000015852,3,13,,0,2,1,14,Z01
202000015852,3,7,,0,2,4,16,B01
202000015853,2,7,,0,2,0,15,A01
202000015853,2,33,,0,2,1,1,B01
202000015854,2,1,,0,2,8,2,B01
202000015854,2,38,1.0,0,2,5,16,A01
202000015855,1,10,,0,0,1,1,A01
202000015856,1,7,,0,2,2,15,A01
202000015856,2,2,,0,2,3,0,B01
202000015857,2,2,,0,1,1,1,A01
202000015858,-1,7,,4,0,1,26,A01
202000015859,1,7,,0,1,2,9,A01
202000015860,2,7,,0,1,2,1,A01
202000015861,3,7,,0,2,1,1,B01
202000015861,3,7,,0,2,1,15,A01
202000015862,2,33,,0,2,2,1,B01
202000015862,2,7,,0,2,8,11,A01
202000015863,1,7,,0,1,7,1,A01
202000015864,3,2,,0,2,7,1,B01
202000015864,0,7,,0,2,5,15,A01
202000015865,3,50,,0,2,7,1,A01
202000015865,3,7,,0,9,3,1,B01
202000015866,2,7,,0,2,4,1,C01
202000015866,2,7,,0,2,1,1,B01
202000015866,2,7,,0,2,1,1,A01
202000015867,3,33,,0,0,0,1,A01
202000015868,2,30,,0,2,1,1,B01
202000015868,1,7,,0,2,1,15,A01
202000015869,2,7,,0,2,1,1,A01
202000015869,1,7,,0,2,2,15,B01
202000015870,0,10,,9,0,3,1,A01
202000015871,1,7,,0,2,2,26,B01
202000015871,1,10,,0,2,6,23,A01
202000015872,0,7,,5,0,1,1,A01
202000015873,0,7,,0,1,3,15,A01
202000015874,1,7,,0,1,0,26,A01
202000015875,2,7,,0,1,3,16,A01
202000015875,2,7,,0,0,0,1,B01
202000015876,1,7,,0,2,2,16,A01
202000015876,1,1,,0,2,8,19,B01
202000015877,0,32,,0,2,1,1,A01
202000015877,0,7,,0,0,4,1,B01
202000015878,3,7,,0,2,2,17,B01
202000015878,3,7,,0,2,2,9,A01
202000015879,2,7,,0,5,7,21,A01
202000015879,1,7,,0,5,8,1,B01
202000015880,1,7,,12,0,3,26,A01
202000015881,1,7,,0,2,8,19,B01
202000015881,2,1,,0,2,1,19,A01
202000015882,2,1,,0,2,8,1,B01
202000015882,1,7,,0,2,1,15,A01
202000015883,2,30,,0,2,1,1,B01
202000015883,1,7,,0,2,5,15,A01
202000015884,0,7,,0,2,2,9,A01
202000015884,1,33,,0,2,3,17,B01
202000015885,2,7,,0,2,0,1,C01
202000015885,1,7,,0,2,3,13,A01
202000015885,2,7,,0,2,6,1,B01
202000015886,1,34,,0,2,8,9,A01
202000015886,1,15,,0,0,4,26,B01
202000015887,1,7,,0,2,2,15,B01
202000015887,2,34,,0,2,1,1,A01
202000015888,2,33,,0,2,8,18,A01
202000015888,2,10,,0,2,2,2,B01
202000015889,1,7,,0,2,8,1,B01
202000015889,1,7,,0,2,1,1,A01
202000015890,2,30,,12,0,1,1,A01
202000015891,1,10,,0,2,5,2,B01
202000015891,1,7,,0,2,0,2,A01
202000015892,-1,7,,13,0,7,0,A01
202000015893,1,30,,0,1,1,26,A01
202000015894,0,32,,0,2,7,1,B01
202000015894,0,10,,0,2,8,11,A01
202000015895,3,33,,0,0,1,1,A01
202000015896,3,7,,6,0,1,15,A01
202000015897,2,7,,0,1,2,1,A01
202000015898,1,7,,0,2,3,13,A01
202000015898,1,10,,0,2,7,0,C01
202000015898,2,7,,0,2,3,0,B01