Num_Acc,senc,catv,occutc,obs,obsm,choc,manv,num_veh
202000015899,1,7,,8,4,5,13,A01
202000015899,2,39,,0,2,1,1,B01
202000015900,1,33,,0,2,1,1,B01
202000015900,1,7,,0,2,2,12,A01
202000015901,1,34,,0,1,1,16,Z01
202000015902,1,33,,0,1,1,17,A01
202000015903,1,7,,1,2,4,9,A01
202000015903,1,7,,0,2,1,1,B01
202000015904,2,32,,0,2,4,1,A01
202000015904,2,7,,0,2,1,2,Z01
202000015905,1,32,,0,2,3,9,A01
202000015905,1,1,,0,2,2,1,B01
202000015906,1,10,,0,1,3,15,A01
202000015907,1,10,,0,2,7,1,B01
202000015907,1,30,,0,2,8,11,A01
202000015908,3,33,,0,0,0,26,A01
202000015909,1,1,,0,2,4,1,A01
202000015909,1,7,,0,2,2,1,B01
202000015910,3,32,,0,2,2,17,A01
202000015910,3,7,,0,2,8,22,B01
202000015911,1,30,,0,1,1,1,A01
202000015912,2,31,,0,2,7,17,A01
202000015912,2,7,,0,2,3,15,B01
202000015913,2,30,,0,2,1,15,A01
202000015913,1,1,,0,2,1,1,B01
202000015914,2,1,,0,4,1,19,A01
202000015914,2,40,,0,2,7,1,B01
202000015915,1,33,,0,2,8,1,A01
202000015915,1,15,,0,2,7,17,B01
202000015916,0,30,,0,2,7,19,A01
202000015916,3,10,,0,2,3,1,B01
202000015917,1,7,,0,1,2,1,A01
202000015918,3,50,,0,2,8,1,B01
202000015918,3,7,,0,2,3,15,A01
202000015919,2,7,,0,2,8,1,A01
202000015919,2,37,4.0,0,2,1,1,B01
202000015920,3,43,,0,2,7,9,B01
202000015920,3,10,,0,2,2,9,A01
202000015921,3,7,,0,1,2,1,A01
202000015922,2,10,,0,2,0,0,B01
202000015922,2,7,,0,2,2,15,A01
202000015923,1,1,,0,2,1,2,A01
202000015923,1,7,,0,2,4,23,B01
202000015924,-1,7,,8,0,1,26,A01
202000015924,-1,7,,1,2,1,2,B01
202000015925,2,10,,0,2,2,1,B01
202000015925,1,7,,0,2,3,9,A01
202000015926,2,33,,0,2,1,17,B01
202000015926,2,7,,0,2,3,15,A01
202000015927,2,7,,0,2,3,7,A01
202000015927,1,50,,0,2,1,8,B01
202000015928,1,7,,0,2,5,15,B01
202000015928,1,7,,0,2,2,0,A01
202000015929,-1,10,,0,1,3,1,A01
202000015930,1,7,,0,1,1,1,A01
202000015931,1,7,,0,2,3,1,C01
202000015931,1,33,,0,2,3,1,B01
202000015931,1,7,,0,2,2,1,A01
202000015932,1,10,,0,2,7,1,A01
202000015932,1,32,,0,2,1,9,B01
202000015933,0,32,,0,2,1,17,B01
202000015933,0,7,,0,2,3,26,A01
202000015934,1,32,,0,2,1,1,A01
202000015934,2,7,,0,2,7,15,B01
202000015935,1,33,,0,2,1,2,A01
202000015935,1,1,,0,2,3,15,B01
202000015936,2,32,,0,2,1,1,B01
202000015936,1,7,,0,2,3,15,A01
202000015937,2,7,,0,2,3,15,A01
202000015937,2,33,,0,2,1,2,B01
202000015938,2,7,,0,2,5,16,B01
202000015938,2,1,,0,2,1,2,A01
202000015939,1,32,,9,2,1,1,B01
202000015939,2,7,,1,2,1,15,A01
202000015940,1,32,,0,2,0,0,A01
202000015940,1,7,,0,2,4,23,B01
202000015941,1,7,,8,0,1,21,A01
202000015942,2,7,,13,0,1,15,A01
202000015943,2,7,,2,0,8,1,A01
202000015944,2,7,,0,2,8,17,A01
202000015944,2,33,,0,2,7,17,B01
202000015945,2,7,,2,0,6,0,A01
202000015946,3,7,,0,2,2,1,B01
202000015946,3,1,,0,2,8,19,A01
202000015947,0,7,,0,2,7,9,A01
202000015947,0,50,,0,2,8,0,B01
202000015948,2,7,,13,2,8,1,C01
202000015948,2,7,,0,2,1,1,B01
202000015948,1,7,,0,2,7,13,A01
202000015949,3,7,,0,0,2,1,A01
202000015950,2,7,,6,0,1,26,A01
202000015951,2,7,,0,1,8,16,A01
202000015952,1,7,,0,2,3,1,B01
202000015952,2,7,,0,2,1,6,A01
202000015953,0,7,,2,0,1,0,A01
202000015954,2,30,,0,0,0,0,A01
202000015955,1,7,,4,0,2,14,A01
202000015956,2,33,,3,0,0,1,A01
202000015957,3,7,,0,2,6,15,A01
202000015957,2,31,,0,2,1,1,B01
202000015958,1,33,,0,9,1,2,A01
202000015958,2,1,,0,2,1,1,C01
202000015958,1,1,,0,2,8,10,B01
202000015959,0,15,,1,1,1,1,A01
202000015960,1,7,,8,0,0,1,A01
202000015961,2,7,,7,0,1,6,A01
202000015962,1,33,,8,0,1,1,A01
202000015963,1,7,,0,2,3,15,A01
202000015963,2,21,,0,2,3,1,B01
202000015964,2,33,,1,0,1,1,A01
202000015964,2,20,,0,2,1,23,B01
202000015965,1,7,,0,2,2,17,A01
202000015965,1,2,,0,2,3,13,B01
202000015966,1,33,,0,2,1,1,B01
202000015966,2,7,,0,2,1,15,A01
202000015967,2,33,,0,2,1,1,B01
202000015967,1,10,,0,2,1,9,A01
202000015968,1,32,,0,2,3,13,A01
202000015968,2,7,,0,0,3,1,B01
202000015969,1,13,,2,0,2,14,A01
202000015970,3,7,,0,1,3,1,A01
202000015971,1,2,,4,0,8,1,A01
202000015972,1,13,,0,2,7,1,A01
202000015972,2,10,,16,0,8,1,B01
202000015973,3,7,,0,2,2,9,A01
202000015973,3,32,,0,2,1,1,B01
202000015974,2,17,,0,0,0,15,A01
202000015974,1,33,,8,0,1,21,B01
202000015975,2,7,,0,2,1,15,A01
202000015975,1,1,,0,2,8,16,B01
202000015976,2,7,,4,2,8,11,A01
202000015976,2,14,,0,2,2,1,B01
202000015976,2,7,,4,2,1,1,C01
202000015977,1,7,,4,2,1,0,B01
202000015977,1,10,,4,0,6,1,A01
202000015978,2,7,,0,2,4,2,C01
202000015978,2,7,,0,2,4,2,B01
202000015978,2,7,,0,2,1,1,A01
202000015979,2,10,,3,2,5,14,B01
202000015979,2,33,,3,2,1,3,A01
202000015980,1,7,,4,0,3,13,A01
202000015981,1,7,,0,0,0,14,A01
202000015982,1,10,,0,2,3,1,A01
202000015982,1,7,,0,2,4,2,B01
202000015982,1,7,,0,0,4,2,C01
202000015983,1,7,,0,2,1,2,A01
202000015983,1,10,,0,2,4,2,B01
202000015984,2,7,,4,0,1,11,A01
202000015985,1,7,,0,2,1,2,A01
202000015985,1,7,,0,2,4,2,B01
202000015985,1,7,,0,2,4,2,C01
202000015985,1,7,,0,2,4,2,D01
202000015986,2,7,,4,0,1,2,A01
202000015987,2,10,,0,2,1,2,A01
202000015987,2,10,,0,2,4,23,B01
202000015988,2,7,,0,2,4,2,B01
202000015988,2,7,,0,2,1,1,A01
202000015989,1,10,,0,2,4,2,E01
202000015989,1,10,,0,2,4,2,D01
202000015989,1,10,,0,2,4,2,C01
202000015989,1,10,,0,2,4,2,B01
202000015989,1,10,,0,2,1,2,A01
202000015990,1,7,,0,2,0,0,Z01
202000015990,1,33,,0,2,2,2,A01
202000015991,2,7,,0,2,1,2,A01
202000015991,2,7,,0,2,4,2,B01
202000015991,2,7,,0,2,4,2,C01
202000015992,1,7,,3,0,1,1,A01
202000015993,2,3,,12,0,3,1,A01
202000015994,2,7,,0,2,0,16,A01
202000015994,2,1,,0,2,1,1,B01
202000015995,3,1,,0,2,1,13,A01
202000015995,3,7,,0,9,2,9,B01
202000015996,1,7,,0,1,3,1,A01
202000015997,2,7,,0,2,2,15,A01
202000015997,1,7,,0,2,1,1,B01
202000015998,1,7,,0,2,8,9,Z01
202000015998,1,7,,0,2,7,1,B01
202000015999,1,10,,8,2,1,1,A01
202000015999,3,10,,0,2,7,15,B01
202000016000,3,20,,9,2,1,21,CA01
202000016001,1,50,,0,2,0,0,B01
202000016001,1,7,,0,2,3,26,A01
202000016002,3,33,,0,2,3,0,B01
202000016002,3,7,,0,2,0,13,A01
202000016003,3,10,,0,2,2,0,B01
202000016003,3,7,,0,2,8,24,A01
202000016004,2,7,,0,2,1,1,A01
202000016004,2,10,,0,2,4,1,B01
202000016004,2,7,,0,2,4,1,C01
202000016004,2,7,,0,2,4,1,D01
202000016005,3,60,,0,2,7,19,B01
202000016005,2,7,,0,2,1,1,A01
202000016006,1,7,,0,2,1,1,A01
202000016006,1,7,,0,2,4,23,B01
202000016007,2,7,,6,0,2,1,A01
202000016008,1,15,,0,1,2,1,A01
202000016009,3,10,,0,2,1,11,B01
202000016009,3,10,,0,2,4,11,A01
202000016010,3,7,,0,1,1,1,A01
202000016011,1,33,,0,0,8,26,A01
202000016012,0,7,,0,2,1,1,B01
202000016012,0,30,,0,2,8,1,A01
202000016013,0,7,,0,2,2,1,C01
202000016013,0,7,,0,2,8,1,B01
202000016013,2,7,,15,2,1,17,A01
202000016014,1,2,,0,2,9,3,B01
202000016014,1,7,,0,2,1,1,A01
202000016015,2,1,,0,2,1,19,B01
202000016015,1,10,,0,2,3,17,A01
202000016016,2,7,,0,1,3,1,A01
202000016017,3,7,,0,1,3,15,A01
202000016018,1,7,,0,1,1,1,A01
202000016019,1,7,,0,9,1,2,A01
202000016019,1,50,,0,2,4,2,B01
202000016020,2,7,,0,1,3,16,A01
202000016021,2,7,,0,1,1,19,A01
202000016022,1,7,,12,0,1,1,A01
202000016023,1,7,,0,1,3,15,A01
202000016024,1,7,,0,1,7,9,A01
202000016025,1,99,,0,2,1,1,B01
202000016025,1,7,,0,9,1,1,A01
202000016026,1,1,,0,2,1,15,B01
202000016026,3,7,,0,2,1,1,A01
202000016027,3,7,,0,2,1,1,B01
202000016027,1,7,,0,2,6,9,A01
202000016028,3,1,,0,2,7,1,A01
202000016028,1,7,,0,2,1,9,Z01
202000016029,3,7,,0,2,4,1,C01
202000016029,3,7,,0,2,4,1,B01
202000016029,3,7,,0,2,1,1,A01
202000016030,3,7,,12,0,1,1,A01
202000016031,1,7,,0,1,0,1,A01
202000016032,1,7,,0,2,2,15,A01
202000016032,2,33,,0,2,1,1,B01
202000016033,3,7,,0,1,2,26,A01
202000016034,1,7,,2,0,1,6,A01
202000016035,1,32,,0,2,7,17,A01
202000016035,1,7,,0,2,8,1,B01
202000016036,1,10,,0,2,1,15,B01
202000016036,2,2,,0,2,1,1,A01
202000016037,0,33,,0,2,7,1,B01
202000016037,0,7,,0,2,3,9,A01
202000016038,0,7,,0,2,6,23,B01
202000016038,0,33,,0,2,1,1,A01
202000016039,1,2,,0,2,1,9,A01
202000016039,1,7,,0,2,5,1,B01
202000016040,1,7,,0,2,1,1,A01
202000016040,1,7,,0,2,9,1,B01
202000016040,1,7,,0,2,4,1,C01
202000016041,2,7,,0,2,7,15,A01
202000016041,1,30,,0,2,1,1,B01
202000016042,2,7,,0,1,3,1,A01
202000016043,2,40,,0,2,1,1,B01
202000016043,2,7,,0,4,2,15,A01
202000016044,1,99,,0,9,4,13,B01
202000016044,1,10,,0,9,2,17,A01
202000016045,3,7,,0,4,1,0,A01
202000016045,3,40,,0,2,0,0,B01
202000016046,1,2,,0,2,8,18,B01
202000016046,1,7,,0,2,7,16,A01
202000016047,1,7,,0,2,1,1,A01
202000016047,1,7,,0,2,4,1,B01
202000016048,3,32,,0,0,0,26,A01
202000016049,3,7,,0,2,2,14,A01
202000016049,3,34,,0,2,8,1,B01
202000016050,3,7,,3,0,2,16,A01
202000016051,1,7,,0,1,1,1,A01
202000016052,0,10,,0,1,2,1,A01
202000016053,1,32,,0,2,3,1,A01
202000016053,2,7,,0,2,6,15,B01
202000016054,1,7,,0,1,1,9,A01
202000016055,0,2,,0,2,1,1,A01
202000016055,0,10,,0,2,1,1,Z01
202000016056,2,7,,0,1,1,16,A01
202000016057,1,33,,0,2,9,1,B01
202000016057,1,50,,0,2,8,18,A01
202000016058,2,34,,0,0,0,21,A01
202000016059,1,10,,0,2,2,15,A01
202000016059,1,43,,0,2,1,1,B01
202000016060,1,7,,0,1,1,1,A01
202000016061,2,7,,0,1,2,1,A01
202000016062,3,7,,0,2,2,16,B01
202000016062,3,50,,0,2,1,1,A01
202000016063,2,10,,0,1,5,16,A01
202000016064,1,50,,12,0,8,13,A01
202000016065,1,7,,0,2,3,1,B01
202000016065,1,7,,0,2,2,1,A01
202000016066,2,7,,0,0,3,20,A01
202000016066,2,99,,0,0,1,1,B01
202000016067,2,30,,0,2,8,18,A01
202000016067,2,10,,0,2,7,16,B01
202000016068,2,7,,0,2,1,2,A01
202000016068,2,7,,0,2,4,2,E01
202000016068,2,7,,0,2,4,2,D01
202000016068,2,7,,0,2,4,2,C01
202000016068,2,7,,0,2,4,2,B01
202000016069,2,7,,0,2,7,16,B01
202000016069,1,0,,0,2,0,0,A01
202000016070,1,10,,0,1,1,26,A01
202000016071,2,50,,0,2,2,19,B01
202000016071,2,7,,0,9,3,1,A01
202000016072,2,7,,0,2,2,19,A01
202000016072,1,30,,0,2,1,5,B01
202000016073,1,37,1.0,6,1,1,16,A01
202000016074,1,10,,0,1,4,20,A01
202000016075,3,37,1.0,0,2,1,1,A01
202000016075,3,7,,0,2,4,15,B01
202000016076,1,10,,0,2,6,11,A01
202000016076,1,32,,0,2,2,2,B01
202000016077,2,30,,0,2,7,26,A01
202000016077,2,7,,0,2,0,0,B01
202000016078,1,32,,0,2,3,2,A01
202000016079,3,2,,0,0,8,1,A01
202000016080,0,2,,0,0,1,0,A01
202000016081,1,33,,13,0,0,17,A01
202000016082,0,2,,0,2,1,1,B01
202000016082,0,7,,0,0,7,1,A01
202000016083,2,7,,0,2,1,13,A01
202000016083,1,7,,0,2,1,1,B01
202000016084,2,7,,3,0,1,0,A01
202000016085,1,7,,0,1,3,16,A01
202000016086,1,7,,6,2,7,1,B01
202000016086,1,7,,0,2,1,19,A01
202000016087,2,7,,0,1,2,1,A01
202000016088,1,7,,2,0,3,1,A01
202000016089,2,7,,0,2,1,15,A01
202000016089,1,7,,0,2,1,1,B01
202000016090,2,7,,6,0,5,1,A01
202000016091,3,1,,0,2,1,9,B01
202000016091,3,7,,0,2,5,26,A01
202000016092,2,7,,7,0,1,1,A01
202000016093,1,7,,0,2,1,1,B01
202000016093,1,7,,0,0,4,1,A01
202000016094,0,7,,0,2,2,9,A01
202000016094,0,2,,0,2,1,1,B01
202000016095,1,10,,15,0,2,1,A01
202000016096,1,3,,0,2,1,1,B01
202000016096,1,7,,0,2,7,19,A01
202000016097,1,7,,0,1,2,1,A01
202000016098,1,10,,2,0,1,14,A01
202000016099,1,1,,0,2,1,1,B01
202000016099,2,7,,0,2,2,15,A01
202000016100,0,10,,0,2,1,0,B01
202000016100,0,1,,0,2,4,1,A01
202000016101,1,7,,0,0,3,2,B01
202000016101,0,33,,0,0,4,2,A01
202000016102,2,7,,0,6,2,1,A01
202000016102,2,7,,0,6,3,1,B01
202000016102,2,7,,0,6,2,1,C01
202000016103,3,7,,0,2,1,1,A01
202000016103,3,2,,0,2,1,13,B01
202000016104,1,7,,3,0,1,12,A01
202000016105,3,33,,0,2,1,1,A01
202000016105,3,7,,0,2,1,1,B01
202000016106,1,1,,0,2,4,2,B01
202000016106,1,7,,0,9,1,2,A01
202000016107,0,7,,7,2,3,1,A01
202000016107,0,7,,0,2,1,0,B01
202000016108,1,7,,0,0,7,2,B01
202000016108,1,7,,0,0,2,5,A01
202000016109,3,7,,9,9,2,14,A01
202000016109,0,1,,0,2,0,0,B01
202000016110,2,7,,0,2,1,1,A01
202000016110,2,7,,0,2,2,9,B01
202000016111,3,7,,0,1,2,26,A01
202000016112,2,7,,0,2,7,17,A01
202000016112,2,7,,0,2,8,1,B01
202000016113,2,7,,0,2,4,2,B01
202000016113,2,7,,0,0,4,1,C01
202000016113,2,7,,0,2,1,1,A01
202000016114,2,7,,0,2,4,1,B01
202000016114,2,7,,0,2,1,1,A01
202000016115,1,10,,0,2,7,0,Z01
202000016115,1,7,,0,0,0,0,B01
202000016115,1,7,,0,0,0,0,C01
202000016116,1,10,,4,0,2,12,A01
202000016117,2,7,,4,0,2,16,A01
202000016118,2,34,,0,2,3,0,C01
202000016118,2,7,,0,2,4,0,A01
202000016118,2,7,,0,2,3,11,B01
202000016119,1,7,,0,2,3,2,B01
202000016119,1,33,,0,2,5,2,A01
202000016120,1,7,,0,2,1,0,C01
202000016120,1,15,,0,2,6,0,B01
202000016120,1,7,,0,2,9,26,A01
202000016121,2,7,,3,0,1,12,A01
202000016122,1,7,,0,1,3,1,A01
202000016123,2,7,,0,1,0,21,A01
202000016124,2,7,,0,1,2,1,A01
202000016125,1,10,,0,2,3,13,A01
202000016125,1,7,,0,2,8,1,B01
202000016125,1,7,,0,2,3,1,C01
202000016126,2,2,,0,2,1,1,B01
202000016126,2,7,,0,2,8,15,A01
202000016127,3,30,,0,0,0,26,A01
202000016128,2,7,,0,2,1,2,A01
202000016128,2,10,,0,2,1,2,B01
202000016128,2,10,,0,2,4,2,C01
202000016129,0,2,,0,2,1,1,B01
202000016129,0,7,,0,2,3,15,A01
202000016130,2,2,,0,2,1,1,B01
202000016130,1,3,,0,2,4,15,A01
202000016131,1,7,,0,2,1,1,A01
202000016131,2,2,,0,2,8,19,B01
202000016132,2,7,,8,0,2,1,A01
202000016133,3,7,,0,2,8,1,A01
202000016133,3,37,1.0,0,2,2,2,B01
202000016134,1,7,,0,2,4,2,C01
202000016134,1,7,,0,2,4,2,B01
202000016134,1,10,,0,2,1,2,A01
202000016135,3,7,,0,2,1,1,B01
202000016135,3,7,,0,2,7,1,A01
202000016136,3,7,,0,2,1,15,A01
202000016136,3,7,,8,2,8,1,B01
202000016137,2,7,,0,2,4,1,B01
202000016137,2,10,,0,2,1,1,A01
202000016138,2,7,,0,1,2,1,B01
202000016139,1,10,,0,1,2,16,A01
202000016140,2,7,,0,2,4,2,B01
202000016140,2,7,,0,2,4,2,A01
202000016141,1,7,,0,1,1,19,A01
202000016142,3,7,,0,2,1,1,B01
202000016142,3,7,,0,2,7,13,A01
202000016143,2,7,,9,0,4,13,A01
202000016144,2,30,,11,0,1,13,A01
202000016145,2,7,,0,1,3,1,A01
202000016146,0,32,,0,2,7,17,A01
202000016146,0,7,,0,2,2,9,B01
202000016147,1,33,,0,2,1,13,A01
202000016147,1,7,,0,2,3,1,B01
202000016148,3,1,,0,2,1,1,B01
202000016148,3,7,,0,2,8,26,A01
202000016149,1,10,,0,1,2,1,A01
202000016150,1,7,,0,2,4,23,B01
202000016150,1,7,,0,2,4,23,C01
202000016150,1,7,,0,2,1,2,A01
202000016151,3,7,,0,2,3,13,A01
202000016151,3,7,,0,2,8,1,B01
202000016152,2,7,,0,2,0,0,B01
202000016152,2,7,,0,2,3,17,A01
202000016153,2,7,,0,2,2,19,A01
202000016153,3,10,,0,2,1,1,B01
202000016154,2,32,,0,2,3,1,B01
202000016154,2,7,,0,2,3,15,A01
202000016155,1,7,,0,2,2,15,A01
202000016155,2,33,,0,2,2,1,B01
202000016156,2,30,,0,1,1,18,A01
202000016157,1,7,,0,1,2,1,A01
202000016158,1,7,,0,2,0,0,A01
202000016158,1,7,,0,2,3,1,B01
202000016159,1,7,,16,9,0,1,A01
202000016160,1,7,,0,1,7,16,Z01
202000016161,1,1,,0,0,4,1,B01
202000016161,1,7,,0,2,2,1,A01
202000016162,0,2,,0,1,1,1,A01
202000016163,1,30,,13,0,0,1,A01
202000016164,1,10,,0,1,1,1,B01
202000016164,1,7,,0,1,3,1,A01
202000016165,1,7,,0,1,1,1,A01
202000016166,1,7,,0,2,0,1,B01
202000016166,1,7,,0,2,1,1,A01
202000016167,3,7,,0,1,3,1,A01
202000016168,2,33,,0,2,1,1,B01
202000016168,1,7,,0,2,1,15,A01
202000016169,2,7,,0,2,2,1,A01
202000016169,2,50,,0,2,1,1,B01
202000016170,1,7,,0,2,8,15,B01
202000016170,1,7,,14,2,7,17,A01
202000016171,2,37,1.0,0,2,3,13,B01
202000016171,1,14,,13,2,3,13,A01
202000016172,1,7,,0,1,1,0,A01
202000016173,3,7,,0,2,1,11,A01
202000016173,3,7,,0,2,1,1,B01
202000016174,1,2,,0,2,1,1,B01
202000016174,1,7,,0,2,2,19,A01
202000016175,2,7,,0,2,2,1,A01
202000016175,3,2,,0,2,9,1,B01
202000016176,2,31,,0,2,1,1,B01
202000016176,1,7,,0,2,1,17,A01
202000016177,2,33,,0,6,1,14,A01
202000016178,2,7,,4,0,7,0,A01
202000016179,2,7,,0,2,3,17,A01
202000016179,1,2,,0,2,1,1,B01
202000016180,1,14,,6,0,2,2,A01
202000016181,3,7,,0,1,3,15,A01
202000016182,1,7,,0,2,2,15,A01
202000016182,2,7,,0,2,3,1,B01
202000016183,1,10,,0,1,3,1,A01
202000016184,2,2,,0,2,1,1,B01
202000016184,1,7,,0,0,1,15,A01
202000016185,1,7,,0,2,3,1,B01
202000016185,2,7,,0,2,3,13,A01
202000016186,3,33,,0,0,0,1,A01
202000016187,0,15,,0,0,2,2,B01
202000016187,0,7,,0,0,6,2,A01
202000016188,0,7,,0,2,1,1,B01
202000016188,3,7,,0,2,1,1,A01
202000016189,1,17,,0,2,2,12,A01
202000016189,1,7,,0,2,8,1,B01
202000016190,1,7,,0,1,1,1,G01
202000016190,1,17,,0,1,1,1,C01
202000016190,1,7,,0,1,1,1,B01
202000016190,1,7,,0,1,3,1,A01
202000016190,1,7,,0,1,1,1,H01
202000016190,1,7,,0,1,1,17,E01
202000016191,1,7,,0,2,8,1,C01
202000016191,1,17,,0,2,3,1,D01
202000016191,1,7,,0,2,3,1,E01
202000016191,1,7,,0,2,5,23,B01
202000016191,2,7,,0,2,1,1,A01
202000016192,2,10,,0,2,6,1,C01
202000016192,2,31,,0,2,2,3,B01
202000016192,2,10,,0,2,2,12,A01
202000016193,2,7,,0,2,4,2,C01
202000016193,2,7,,0,2,4,2,B01
202000016193,2,7,,0,2,1,2,A01
202000016194,1,7,,0,2,8,1,A01
202000016194,1,7,,0,2,3,1,C01
202000016194,1,7,,0,2,7,1,B01
202000016195,0,7,,0,1,3,19,A01
202000016196,3,37,5.0,0,2,1,7,B01
202000016196,3,7,,0,2,6,15,A01
202000016197,3,10,,0,2,3,13,A01
202000016197,1,7,,0,2,3,0,B01
202000016198,1,32,,0,0,0,2,A01
202000016199,3,1,,0,2,1,1,B01
202000016199,3,10,,0,2,5,9,A01
202000016200,2,17,,0,2,5,15,A01
202000016200,1,1,,0,2,2,5,B01
202000016201,2,7,,0,1,1,1,A01
202000016202,2,14,,0,2,1,2,A01
202000016202,2,7,,0,2,4,2,B01
202000016202,2,7,,0,2,4,2,C01
202000016203,0,7,,0,1,1,1,A01
202000016204,1,7,,1,0,3,14,A01
202000016205,1,7,,0,1,2,1,A01
202000016206,2,1,,0,2,1,1,B01
202000016206,1,50,,0,2,1,5,A01
202000016207,1,80,,0,1,1,1,A01
202000016208,2,7,,0,1,2,1,A01
202000016209,1,7,,0,1,1,1,A01
202000016210,-1,10,,0,1,2,9,A01
202000016211,3,7,,0,2,3,26,B01
202000016211,3,60,,1,0,1,25,A01
202000016212,1,7,,0,9,3,15,A01
202000016212,2,60,,0,2,1,1,B01
202000016213,1,7,,0,2,2,1,A01
202000016213,2,7,,0,2,3,16,B01
202000016214,1,30,,0,2,1,2,A01
202000016214,1,7,,0,2,6,2,B01
202000016215,1,10,,0,2,3,15,A01
202000016215,2,1,,0,2,8,15,B01
202000016216,1,7,,0,2,1,1,A01
202000016216,3,3,,0,2,0,23,B01
202000016217,1,7,,0,2,1,1,A01
202000016217,1,32,,0,2,4,23,B01
202000016218,1,7,,0,2,9,1,B01
202000016218,1,31,,0,2,9,18,A01
202000016219,1,7,,0,1,1,1,A01
202000016220,2,7,,0,2,1,1,B01
202000016220,2,1,,0,2,1,21,A01
202000016221,1,7,,0,1,3,1,Z01
202000016222,2,7,,0,1,1,1,A01
202000016223,2,7,,0,2,1,16,A01
202000016223,1,1,,0,2,1,1,B01
202000016224,2,7,,0,2,1,1,A01
202000016224,1,3,,0,2,2,15,B01
202000016225,1,10,,1,0,1,1,A01
202000016225,2,20,,1,0,7,24,C01
202000016226,1,7,,0,2,1,1,A01
202000016226,1,1,,0,2,2,0,B01
202000016227,3,7,,2,0,1,1,A01
202000016228,2,1,,0,0,1,13,A01
202000016229,2,7,,0,2,1,19,A01
202000016229,2,7,,0,2,8,0,B01
202000016230,0,7,,0,2,0,2,Z01
202000016230,0,7,,0,2,4,1,A01
202000016231,2,10,,0,2,3,1,B01
202000016231,1,7,,0,2,3,13,A01
202000016232,2,7,,0,2,2,20,A01
202000016232,1,32,,1,2,7,1,B01
202000016233,1,33,,0,1,1,1,A01
202000016234,1,7,,0,1,7,1,A01
202000016235,2,34,,0,0,8,1,A01
202000016236,2,1,,0,2,5,1,B01
202000016236,2,7,,0,2,3,9,C01
202000016237,3,14,,0,2,4,16,A01
202000016237,3,10,,0,2,3,1,B01
202000016238,3,1,,0,1,1,25,A01
202000016239,2,30,,0,2,7,17,A01
202000016239,2,7,,0,2,0,1,Z01
202000016240,3,2,,0,2,1,1,A01
202000016240,3,1,,0,2,1,1,B01
202000016241,1,7,,0,2,5,23,B01
202000016241,1,10,,0,2,6,23,C01
202000016241,1,10,,0,2,1,2,A01
202000016242,1,7,,0,2,7,19,A01
202000016242,1,2,,0,2,1,19,B01
202000016243,1,10,,0,1,2,1,A01
202000016244,2,13,,0,2,0,0,A01
202000016244,2,34,,0,9,4,23,B01
202000016245,3,33,,0,0,1,26,A01
202000016246,0,50,,1,0,2,25,B01
202000016246,1,7,,0,2,2,25,A01
202000016247,2,0,,0,2,3,17,A01
202000016247,2,3,,0,2,1,0,B01
202000016248,-1,37,3.0,0,1,1,2,A01
202000016249,1,10,,1,0,5,26,A01
202000016249,2,10,,0,0,8,24,B01
202000016250,1,7,,0,2,1,1,A01
202000016250,1,1,,0,2,4,1,Y01
202000016251,0,31,,0,2,1,1,A01
202000016251,0,7,,0,2,2,9,B01
202000016252,0,7,,0,2,3,15,A01
202000016252,1,34,,14,0,2,3,B01
202000016253,1,33,,0,2,1,26,B01
202000016253,1,7,,0,2,0,26,A01
202000016254,1,10,,0,2,2,16,A01
202000016254,1,1,,0,2,0,0,B01
202000016255,1,10,,0,2,4,0,D01
202000016255,1,10,,0,2,1,2,C01
202000016255,1,10,,0,2,1,2,B01
202000016255,1,10,,0,9,1,2,A01
202000016256,0,7,,2,0,2,1,A01
202000016257,1,17,,0,2,1,2,D01
202000016257,1,14,,1,0,7,1,C01
202000016257,1,16,,0,0,0,20,A01
202000016257,1,99,,0,0,0,1,E01
202000016258,2,7,,0,2,3,11,A01
202000016258,1,7,,0,2,3,1,B01
202000016259,1,7,,0,1,1,1,A01
202000016260,1,7,,0,2,1,2,A01
202000016260,1,7,,0,2,4,2,D01
202000016260,1,7,,0,2,4,2,C01
202000016260,1,7,,0,2,4,2,B01
202000016261,1,7,,0,2,4,23,A01
202000016261,1,7,,0,2,1,23,C01
202000016261,1,7,,0,2,4,23,B01
202000016262,2,10,,0,2,7,17,A01
202000016262,2,1,,0,2,8,2,B01
202000016263,2,10,,0,2,1,1,B01
202000016263,1,2,,0,2,1,1,A01
202000016264,2,7,,0,2,3,11,B01
202000016264,1,30,,0,2,7,1,A01
202000016265,2,10,,6,0,1,1,A01
202000016266,1,7,,6,0,1,1,A01
202000016267,1,15,,16,0,7,14,A01
202000016268,2,7,,0,0,4,15,A01
202000016268,2,10,,0,2,1,2,B01
202000016269,1,7,,0,2,1,1,B01
202000016269,2,7,,0,2,1,1,A01
202000016270,0,7,,1,1,3,4,A01
202000016271,2,7,,8,0,1,1,A01
202000016272,2,7,,14,1,2,1,A01
202000016273,0,10,,0,2,3,19,A01
202000016273,3,1,,0,2,3,23,B01
202000016274,1,7,,0,1,1,1,A01
202000016275,3,7,,0,0,6,23,A01