Num_Acc,senc,catv,occutc,obs,obsm,choc,manv,num_veh
202000016275,3,7,,1,2,2,21,B01
202000016276,0,21,,0,9,6,1,A01
202000016276,0,1,,0,2,1,13,B01
202000016277,2,33,,0,2,1,17,B01
202000016277,2,7,,0,2,3,15,A01
202000016278,3,38,4.0,2,0,7,1,A01
202000016279,2,15,,0,2,1,2,C01
202000016279,1,17,,0,2,3,5,B01
202000016279,2,7,,0,2,3,5,A01
202000016280,2,7,,0,0,0,1,A01
202000016281,2,7,,0,2,7,15,B01
202000016281,1,2,,0,2,1,5,A01
202000016282,1,7,,0,2,3,13,A01
202000016282,2,7,,0,2,3,1,B01
202000016283,3,7,,0,1,3,20,A01
202000016284,3,10,,2,2,2,1,A01
202000016284,0,7,,0,2,3,26,B01
202000016285,2,7,,13,0,1,1,A01
202000016286,1,7,,0,2,4,2,B01
202000016286,1,7,,0,2,1,2,A01
202000016287,2,10,,0,2,4,1,B01
202000016287,2,7,,0,2,1,10,A01
202000016287,2,7,,0,2,1,1,C01
202000016287,2,7,,0,2,1,1,D01
202000016288,2,10,,0,2,3,2,A01
202000016288,2,7,,0,2,1,2,B01
202000016289,1,10,,5,0,1,13,A01
202000016290,2,7,,0,2,4,1,B01
202000016290,2,7,,0,2,1,1,A01
202000016291,1,7,,0,2,1,1,D01
202000016291,1,7,,0,2,1,1,E01
202000016291,1,7,,0,2,1,1,B01
202000016291,1,7,,0,2,1,1,C01
202000016291,1,7,,0,2,4,1,A01
202000016292,1,7,,0,2,4,6,A01
202000016292,1,33,,0,2,1,1,B01
202000016293,1,7,,0,1,3,1,A01
202000016294,1,7,,0,1,4,26,A01
202000016295,0,30,,0,1,1,1,A01
202000016296,1,7,,0,2,1,21,B01
202000016296,1,7,,0,2,9,15,A01
202000016297,1,7,,0,2,1,1,A01
202000016297,2,7,,0,2,7,1,B01
202000016298,3,7,,9,0,2,9,A01
202000016299,2,31,,0,0,7,1,A01
202000016300,1,30,,0,2,5,17,A01
202000016300,1,7,,0,2,8,15,B01
202000016301,1,7,,0,2,8,15,B01
202000016301,1,7,,0,2,1,17,A01
202000016302,2,10,,0,1,5,2,A01
202000016303,2,33,,14,0,9,17,A01
202000016304,1,7,,0,9,2,13,A01
202000016305,1,7,,0,2,3,15,A01
202000016305,1,33,,8,2,1,1,B01
202000016306,1,7,,0,2,1,1,D01
202000016306,1,7,,0,2,6,1,C01
202000016306,1,7,,0,2,6,1,B01
202000016306,1,7,,0,2,1,26,A01
202000016307,3,7,,0,2,7,1,B01
202000016307,2,7,,0,2,1,9,A01
202000016308,1,7,,0,2,2,15,A01
202000016308,2,1,,0,2,1,1,B01
202000016309,0,1,,0,2,7,19,B01
202000016309,0,7,,0,2,1,16,A01
202000016310,0,7,,0,1,1,1,A01
202000016311,0,7,,0,0,1,15,A01
202000016312,1,99,,0,2,1,1,A01
202000016312,3,99,,0,2,0,0,B01
202000016313,2,33,,0,5,1,1,A01
202000016314,0,80,,0,2,6,15,B01
202000016314,0,7,,0,2,2,1,A01
202000016315,3,10,,0,1,0,1,A01
202000016316,1,7,,0,2,4,16,A01
202000016316,1,2,,0,2,1,2,B01
202000016317,2,1,,0,2,1,1,B01
202000016317,1,10,,0,2,2,16,A01
202000016318,1,7,,0,2,8,1,C01
202000016318,1,7,,0,2,3,1,B01
202000016318,2,7,,4,2,9,6,A01
202000016319,2,30,,0,2,1,1,B01
202000016319,2,7,,0,2,1,15,A01
202000016320,1,7,,0,2,4,2,B01
202000016320,1,7,,0,2,1,26,A01
202000016321,2,7,,0,9,6,20,A01
202000016321,1,1,,0,2,1,2,B01
202000016322,2,10,,0,2,3,13,A01
202000016322,1,7,,0,2,8,1,B01
202000016323,1,7,,8,0,1,13,A01
202000016324,2,7,,0,1,3,15,A01
202000016325,2,7,,0,2,3,0,B01
202000016325,1,30,,0,2,1,15,A01
202000016326,1,30,,0,2,1,1,B01
202000016326,2,7,,0,2,1,9,A01
202000016327,3,7,,0,1,1,1,A01
202000016328,3,7,,0,1,5,1,A01
202000016329,1,7,,0,2,4,23,B01
202000016329,1,7,,0,2,1,1,A01
202000016330,1,1,,0,9,7,1,A01
202000016330,1,1,,0,9,3,1,B01
202000016331,1,7,,0,1,1,1,A01
202000016332,1,7,,0,2,3,1,A01
202000016332,2,2,,0,2,1,13,B01
202000016333,3,7,,0,2,8,1,B01
202000016333,3,7,,0,2,1,1,A01
202000016334,1,7,,0,2,1,1,A01
202000016334,1,1,,0,2,2,1,B01
202000016335,2,10,,0,1,3,1,A01
202000016336,3,7,,0,2,2,2,A01
202000016336,3,7,,0,2,1,15,B01
202000016337,1,7,,0,1,2,1,A01
202000016338,1,33,,0,2,7,1,B01
202000016338,1,7,,0,2,6,11,A01
202000016339,0,1,,0,2,1,1,B01
202000016339,0,10,,0,2,2,13,A01
202000016340,1,7,,0,2,2,13,A01
202000016340,1,7,,0,2,3,15,B01
202000016341,1,7,,0,0,6,15,B01
202000016341,1,2,,0,2,6,13,A01
202000016342,3,7,,0,2,3,1,B01
202000016342,3,7,,0,2,3,1,A01
202000016343,1,80,,0,0,4,1,B01
202000016343,1,7,,0,2,1,1,A01
202000016344,2,7,,0,2,2,15,B01
202000016344,2,2,,0,2,1,1,A01
202000016345,2,7,,0,2,3,1,B01
202000016345,1,7,,0,1,3,9,A01
202000016346,3,7,,0,1,1,9,A01
202000016347,3,7,,0,1,0,26,A01
202000016348,1,7,,15,0,1,1,A01
202000016349,1,7,,0,2,4,2,A01
202000016349,1,30,,0,2,1,2,B01
202000016350,1,10,,0,2,6,24,C01
202000016350,1,30,,0,2,8,1,B01
202000016350,1,7,,0,2,7,14,A01
202000016351,2,10,,0,2,8,15,B01
202000016351,2,31,,0,2,7,17,A01
202000016352,1,7,,14,2,1,1,A01
202000016352,1,7,,0,2,2,1,B01
202000016353,1,10,,0,2,2,16,A01
202000016353,1,1,,0,2,1,1,B01
202000016354,1,7,,0,2,2,15,A01
202000016354,2,31,,0,2,1,1,B01
202000016355,2,1,,0,2,7,14,A01
202000016356,1,32,,0,0,3,1,A01
202000016357,3,33,,0,2,3,1,A01
202000016357,0,7,,0,2,2,1,B01
202000016358,2,99,,15,2,1,1,A01
202000016358,1,1,,15,2,1,1,B01
202000016359,2,0,,0,1,1,1,A01
202000016360,3,7,,0,2,7,16,A01
202000016360,3,34,,0,2,8,16,B01
202000016361,1,32,,0,0,7,15,A01
202000016362,3,7,,0,2,3,1,B01
202000016362,3,7,,0,2,1,1,A01
202000016363,2,7,,0,2,3,15,A01
202000016363,1,7,,0,2,3,1,B01
202000016364,3,2,,9,0,1,26,A01
202000016365,1,7,,0,1,1,1,A01
202000016366,1,7,,0,2,9,0,A01
202000016366,1,7,,0,2,6,0,B01
202000016366,1,7,,0,2,8,0,C01
202000016367,3,3,,2,0,1,26,A01
202000016368,3,32,,12,0,1,26,A01
202000016369,1,7,,0,1,3,1,A01
202000016370,1,30,,0,1,1,1,A01
202000016371,1,7,,0,2,1,1,A01
202000016371,2,34,,0,2,3,1,B01
202000016372,0,7,,0,1,1,9,A01
202000016373,3,7,,14,0,1,1,A01
202000016374,3,30,,0,2,1,13,A01
202000016374,3,7,,0,2,1,1,B01
202000016375,1,10,,0,2,6,23,B01
202000016375,1,32,,0,2,2,21,A01
202000016376,2,30,,0,2,1,1,B01
202000016376,1,7,,0,2,3,9,A01
202000016377,2,30,,0,2,1,1,A01
202000016377,1,7,,0,2,6,15,B01
202000016378,2,1,,0,2,3,1,A01
202000016378,1,2,,0,2,3,15,Z01
202000016379,3,30,,0,2,7,10,A01
202000016379,2,7,,0,2,1,7,B01
202000016380,1,32,,0,2,3,17,A01
202000016380,1,10,,0,2,5,24,C01
202000016380,1,10,,0,2,4,1,B01
202000016381,1,7,,0,1,1,9,A01
202000016382,1,7,,4,0,4,23,A01
202000016382,1,7,,14,0,1,2,B01
202000016383,3,0,,0,1,0,0,A01
202000016384,1,10,,0,2,1,1,A01
202000016384,2,10,,0,2,7,1,B01
202000016385,2,7,,0,0,5,16,B01
202000016385,2,80,,0,2,3,9,A01
202000016386,1,14,,0,2,3,1,B01
202000016386,2,7,,0,2,3,13,A01
202000016387,2,7,,2,0,1,0,A01
202000016388,1,10,,0,2,1,23,B01
202000016388,1,10,,0,2,3,1,A01
202000016389,1,7,,13,0,2,2,A01
202000016390,1,7,,0,2,1,5,A01
202000016390,1,10,,0,2,1,1,B01
202000016391,1,7,,0,0,2,1,B01
202000016391,2,10,,0,0,2,1,A01
202000016392,1,2,,13,0,1,1,A01
202000016393,1,36,,7,0,7,1,A01
202000016394,1,7,,13,0,2,14,A01
202000016395,2,7,,0,2,2,15,A01
202000016395,1,2,,0,2,1,1,B01
202000016396,1,1,,0,0,0,1,A01
202000016397,3,7,,0,1,2,1,A01
202000016398,1,7,,0,2,5,1,B01
202000016398,2,2,,0,2,2,1,A01
202000016399,2,7,,13,0,0,1,A01
202000016400,3,1,,0,2,1,1,C01
202000016400,3,1,,0,2,1,1,B01
202000016400,3,7,,0,2,3,15,A01
202000016401,1,7,,6,0,1,1,A01
202000016402,1,15,,6,0,1,1,A01
202000016403,2,7,,3,0,1,1,A01
202000016404,1,7,,0,2,8,1,B01
202000016404,3,7,,0,2,1,1,A01
202000016405,1,17,,0,0,0,17,A01
202000016405,1,7,,0,2,1,1,C01
202000016405,2,7,,0,2,7,1,B01
202000016406,0,2,,6,0,7,1,A01
202000016407,2,7,,2,0,1,14,A01
202000016408,3,1,,0,2,2,1,B01
202000016408,3,10,,0,2,1,15,A01
202000016409,1,33,,1,0,0,1,A01
202000016410,2,7,,0,2,1,0,A01
202000016410,1,13,,0,2,3,0,B01
202000016411,1,10,,0,2,5,2,B01
202000016411,1,10,,0,2,6,1,C01
202000016411,1,33,,0,2,1,2,A01
202000016412,3,7,,0,1,1,15,A01
202000016413,1,7,,0,1,3,15,A01
202000016414,2,33,,0,2,7,17,B01
202000016414,2,10,,0,2,8,11,A01
202000016415,1,33,,4,0,0,16,A01
202000016416,3,14,,0,2,1,1,B01
202000016416,3,7,,0,2,1,13,A01
202000016417,1,7,,0,2,1,9,A01
202000016417,3,30,,0,2,4,1,B01
202000016418,2,7,,0,2,3,1,B01
202000016418,1,30,,0,2,1,1,A01
202000016419,1,7,,0,2,3,15,A01
202000016419,2,7,,0,2,3,1,B01
202000016420,1,1,,0,2,7,17,B01
202000016420,1,7,,0,9,3,2,A01
202000016421,0,7,,0,2,8,1,B01
202000016421,0,7,,0,2,1,1,A01
202000016422,1,10,,3,2,1,17,A01
202000016422,1,7,,0,2,8,1,B01
202000016423,0,31,,0,2,0,6,A01
202000016423,0,7,,0,2,3,1,B01
202000016424,2,33,,0,2,1,5,B01
202000016424,1,7,,0,2,2,26,A01
202000016425,2,2,,0,2,3,1,B01
202000016425,1,7,,0,2,2,1,A01
202000016426,3,10,,0,9,1,1,A01
202000016427,1,37,1.0,0,2,1,1,A01
202000016427,2,31,,0,2,1,13,B01
202000016428,3,7,,0,1,4,26,A01
202000016429,1,7,,3,0,0,17,A01
202000016430,2,7,,0,2,1,1,B01
202000016430,2,7,,0,2,3,9,A01
202000016431,3,10,,0,2,6,0,B01
202000016431,3,10,,0,2,3,0,A01
202000016432,1,10,,0,1,4,20,A01
202000016433,1,10,,15,2,1,19,A01
202000016433,1,7,,0,2,2,19,B01
202000016434,2,7,,4,0,3,13,A01
202000016435,3,7,,0,2,3,1,B01
202000016435,2,10,,0,2,2,17,A01
202000016436,1,10,,0,2,1,15,A01
202000016436,2,32,,0,2,3,1,B01
202000016437,1,7,,0,2,2,1,B01
202000016437,1,1,,0,2,1,15,A01
202000016438,3,1,,15,0,7,16,A01
202000016439,2,7,,0,1,1,9,A01
202000016440,1,7,,0,1,0,26,A01
202000016440,3,-1,,0,2,3,25,Y01
202000016441,2,30,,0,2,1,1,A01
202000016441,2,7,,0,0,4,1,B01
202000016442,1,7,,0,2,3,17,B01
202000016442,1,7,,0,2,1,1,A01
202000016442,1,7,,0,2,1,2,C01
202000016443,1,30,,0,2,8,13,A01
202000016443,1,7,,0,2,2,1,B01
202000016444,3,7,,0,9,2,1,B01
202000016444,3,1,,0,2,0,26,A01
202000016445,1,7,,0,2,3,1,B01
202000016445,2,3,,0,2,3,1,A01
202000016446,2,33,,0,9,1,1,A01
202000016446,1,15,,0,2,6,16,B01
202000016447,3,7,,6,0,1,0,A01
202000016448,2,7,,2,0,2,14,A01
202000016449,3,7,,13,0,3,13,A01
202000016450,2,33,,0,0,1,1,A01
202000016451,2,7,,0,2,6,1,B01
202000016451,2,34,,0,2,5,1,A01
202000016452,0,7,,7,0,2,0,A01
202000016453,2,7,,2,0,8,1,A01
202000016454,2,7,,13,0,9,13,A01
202000016455,2,7,,0,2,3,1,B01
202000016455,1,7,,0,2,3,13,A01
202000016456,0,7,,6,0,1,1,A01
202000016457,2,7,,0,1,4,4,A01
202000016458,0,2,,17,0,1,1,A01
202000016459,1,7,,13,0,0,26,C01
202000016459,1,7,,0,2,2,17,B01
202000016459,1,7,,0,0,6,2,A01
202000016460,2,7,,2,0,2,1,A01
202000016461,1,21,,0,2,3,15,A01
202000016461,1,30,,0,2,1,13,B01
202000016462,0,7,,13,0,3,1,A01
202000016463,1,33,,0,2,8,1,B01
202000016463,2,7,,0,2,3,15,A01
202000016464,1,33,,0,6,1,1,A01
202000016465,3,7,,2,0,3,21,A01
202000016466,1,7,,10,2,1,1,B01
202000016466,2,7,,0,2,1,13,A01
202000016467,2,1,,0,2,7,15,B01
202000016467,2,7,,0,2,1,0,A01
202000016468,1,7,,0,0,9,14,A01
202000016469,2,10,,17,0,1,1,A01
202000016470,1,7,,0,9,2,2,A01
202000016470,1,1,,0,0,4,2,B01
202000016471,1,7,,0,0,6,1,A01
202000016471,2,7,,0,2,1,1,B01
202000016472,2,33,,0,2,1,17,A01
202000016472,2,7,,0,2,3,15,B01
202000016473,2,7,,0,0,5,16,B01
202000016473,2,16,,0,2,3,2,A01
202000016474,2,7,,0,2,2,15,A01
202000016474,1,7,,0,2,3,1,B01
202000016475,1,7,,0,2,3,26,A01
202000016475,2,10,,3,2,3,1,B01
202000016476,3,7,,2,0,1,1,A01
202000016477,2,33,,0,0,0,17,A01
202000016478,3,14,,0,0,0,1,A01
202000016478,0,31,,0,0,0,9,B01
202000016479,1,7,,0,5,1,1,A01
202000016479,1,7,,14,0,1,2,B01
202000016479,1,7,,0,2,5,2,C01
202000016480,2,10,,0,2,6,1,B01
202000016480,1,10,,0,2,2,17,A01
202000016480,1,10,,0,0,0,26,C01
202000016481,2,17,,3,0,2,1,A01
202000016482,2,7,,4,0,2,1,A01
202000016483,2,7,,0,0,9,1,A01
202000016484,2,7,,0,2,4,2,B01
202000016484,2,10,,0,2,1,2,A01
202000016485,2,33,,4,0,3,1,A01
202000016486,1,15,,0,2,1,2,C01
202000016486,1,7,,0,0,4,11,A01
202000016486,1,7,,0,0,4,1,B01
202000016486,0,14,,0,2,6,2,D01
202000016487,1,1,,0,2,7,19,B01
202000016487,1,7,,0,2,1,1,A01
202000016488,3,7,,0,1,1,19,A01
202000016489,3,50,,0,0,1,19,A01
202000016490,1,32,,12,0,0,13,A01
202000016491,1,7,,0,1,6,1,Z01
202000016492,3,30,,0,0,0,1,A01
202000016493,2,7,,0,4,2,1,A01
202000016494,2,99,,0,2,4,2,B01
202000016494,2,10,,0,2,1,2,A01
202000016495,2,7,,0,2,6,1,B01
202000016495,1,7,,0,2,1,19,A01
202000016496,3,2,,2,0,0,1,A01
202000016497,2,7,,0,2,3,16,B01
202000016497,2,1,,0,2,1,1,A01
202000016498,2,7,,2,0,1,1,A01
202000016499,2,7,,0,2,1,1,B01
202000016499,2,10,,6,1,8,19,A01
202000016500,1,2,,12,0,1,14,A01
202000016501,1,7,,0,2,3,15,B01
202000016501,1,33,,0,2,1,2,A01
202000016502,1,7,,0,2,1,1,B01
202000016502,1,7,,0,2,2,1,A01
202000016503,2,33,,7,0,1,13,A01
202000016504,1,7,,0,2,7,0,A01
202000016504,1,7,,0,2,1,0,B01
202000016505,0,33,,0,0,9,9,A01
202000016506,0,7,,0,1,1,1,A01
202000016507,3,36,,0,0,1,1,A01
202000016508,3,33,,0,0,1,1,A01
202000016509,2,7,,0,2,1,1,B01
202000016509,1,7,,0,2,2,16,A01
202000016510,3,33,,0,2,1,11,B01
202000016510,3,7,,0,2,1,1,A01
202000016511,2,7,,6,0,1,1,A01
202000016512,2,1,,0,2,7,19,A01
202000016512,1,7,,0,2,3,1,B01
202000016513,2,10,,11,0,2,14,A01
202000016514,2,99,,0,0,0,25,A01
202000016515,1,33,,0,0,8,26,A01
202000016516,3,7,,0,1,2,1,A01
202000016517,3,33,,0,2,0,5,A01
202000016517,3,17,,0,2,2,0,B01
202000016518,2,7,,2,0,4,1,A01
202000016518,2,10,,2,2,1,2,B01
202000016519,3,17,,6,0,3,0,A01
202000016520,2,7,,13,0,1,11,A01
202000016521,1,7,,0,2,3,1,B01
202000016521,2,7,,0,2,1,21,A01
202000016522,2,7,,8,0,1,0,A01
202000016523,0,7,,13,0,2,18,A01
202000016524,1,2,,0,2,3,15,B01
202000016524,2,7,,0,2,1,1,A01
202000016525,3,7,,3,0,1,1,A01
202000016526,1,7,,7,0,0,1,A01
202000016527,3,7,,0,0,8,23,C01
202000016527,1,7,,0,2,8,1,B01
202000016527,2,7,,0,2,1,15,A01
202000016528,1,1,,13,0,0,0,A01
202000016529,3,33,,0,2,0,1,B01
202000016529,0,7,,0,2,2,11,A01
202000016530,2,7,,10,0,2,0,A01
202000016531,2,33,,0,0,1,1,A01
202000016532,1,2,,0,0,9,1,A01
202000016533,3,7,,0,1,1,15,A01
202000016534,0,32,,0,0,7,1,A01
202000016535,0,7,,0,1,0,0,Z01
202000016536,3,17,,0,2,0,0,Z01
202000016536,3,10,,0,2,1,19,A01
202000016537,3,7,,0,0,0,14,A01
202000016538,2,3,,0,1,1,1,A01
202000016539,1,7,,0,2,1,2,Z01
202000016539,1,31,,0,2,4,1,B01
202000016540,3,7,,1,0,7,24,C01
202000016540,1,32,,0,2,3,0,B01
202000016540,2,7,,0,2,0,0,A01
202000016541,1,7,,0,2,7,15,A01
202000016541,2,2,,0,2,1,1,B01
202000016542,1,30,,0,2,1,26,A01
202000016542,2,7,,0,2,2,0,B01
202000016543,2,10,,0,1,1,26,A01
202000016544,1,33,,0,0,8,1,A01
202000016545,2,7,,0,2,1,26,A01
202000016545,1,7,,0,0,0,0,B01
202000016546,3,2,,0,2,8,19,B01
202000016546,3,7,,0,2,1,1,A01
202000016547,1,34,,0,2,1,13,A01
202000016547,2,7,,0,2,1,1,B01
202000016548,1,7,,0,2,7,15,B01
202000016548,2,7,,0,2,1,1,A01
202000016549,1,7,,0,1,6,1,A01
202000016550,3,2,,0,2,1,1,A01
202000016550,3,10,,0,2,1,1,B01
202000016551,1,10,,0,2,1,2,A01
202000016551,1,15,,0,0,6,2,B01
202000016552,1,17,,0,0,6,1,B01
202000016552,1,10,,0,2,2,2,A01
202000016553,2,33,,7,0,1,1,A01
202000016554,1,7,,0,2,3,1,A01
202000016554,2,1,,0,2,1,1,B01
202000016555,1,33,,0,0,7,1,A01
202000016556,2,7,,2,0,7,13,A01
202000016557,1,3,,0,2,3,15,A01
202000016557,1,7,,0,2,1,1,B01
202000016558,2,60,,0,2,1,25,Y01
202000016558,1,7,,0,2,1,25,A01
202000016559,1,32,,0,2,1,3,B01
202000016559,2,7,,0,2,3,15,A01
202000016560,3,30,,0,2,3,5,B01
202000016560,3,7,,0,2,3,15,A01
202000016561,2,7,,0,2,5,16,B01
202000016561,2,7,,0,2,1,9,A01
202000016562,2,34,,12,0,2,14,A01
202000016563,1,7,,0,1,1,0,A01
202000016564,3,2,,0,0,7,1,A01
202000016565,1,7,,0,2,1,1,B01
202000016565,2,7,,0,2,1,15,A01
202000016566,2,7,,6,0,1,0,A01
202000016567,2,7,,0,2,1,19,A01
202000016567,1,30,,0,2,1,17,B01
202000016568,1,7,,13,0,3,26,A01
202000016569,1,10,,0,2,3,2,B01
202000016569,1,7,,0,2,3,5,A01
202000016570,2,7,,0,2,5,9,A01
202000016570,2,31,,0,2,1,3,B01
202000016571,2,7,,2,0,1,1,A01
202000016572,1,10,,13,0,1,1,A01
202000016573,2,7,,0,2,1,1,B01
202000016573,1,7,,0,2,1,1,A01
202000016574,1,7,,0,2,1,1,B01
202000016574,2,7,,0,2,3,13,A01
202000016575,1,7,,1,0,1,1,A01
202000016576,1,7,,0,0,4,2,B01
202000016576,1,10,,0,2,1,2,A01
202000016577,3,7,,2,0,1,1,A01
202000016578,1,7,,0,2,1,1,B01
202000016578,2,7,,0,2,1,13,A01
202000016579,3,7,,13,0,1,1,A01
202000016580,2,7,,0,9,2,19,B01
202000016580,2,1,,0,2,8,1,A01
202000016581,2,1,,0,2,2,12,B01
202000016581,2,7,,0,2,8,1,A01
202000016582,1,7,,13,0,2,1,A01
202000016583,2,33,,8,0,0,1,A01
202000016584,1,2,,0,0,7,0,A01
202000016585,3,31,,0,0,8,21,A01
202000016586,2,33,,3,2,7,17,A01
202000016586,2,7,,0,2,7,1,B01
202000016587,1,7,,15,0,1,2,A01
202000016588,1,7,,0,1,1,1,A01
202000016589,2,7,,13,0,3,1,A01
202000016590,2,33,,0,2,1,2,B01
202000016590,2,7,,0,2,4,23,A01
202000016591,1,7,,0,2,3,13,A01
202000016591,2,7,,0,2,8,1,B01
202000016592,2,32,,0,5,1,1,A01
202000016593,1,17,,0,0,9,0,A01
202000016594,1,10,,0,2,1,1,A01
202000016594,2,7,,0,0,4,2,B01
202000016594,2,10,,0,2,4,2,C01
202000016594,2,7,,0,0,4,2,D01
202000016595,1,7,,0,2,0,0,D01
202000016595,1,7,,0,2,4,2,B01
202000016595,1,7,,0,2,1,2,C01
202000016595,1,7,,0,2,3,2,A01
202000016596,2,2,,0,0,1,1,B01
202000016596,1,7,,0,0,1,15,A01
202000016597,1,10,,8,0,1,1,A01
202000016598,1,33,,0,6,1,1,A01
202000016599,2,7,,0,2,1,15,A01
202000016599,1,2,,0,2,8,1,B01
202000016600,1,7,,0,2,3,0,A01
202000016600,2,7,,0,2,1,0,B01
202000016601,2,7,,2,0,1,1,A01
202000016602,1,2,,0,0,4,1,A01
202000016602,1,7,,0,2,2,1,B01
202000016603,1,7,,0,2,1,5,A01
202000016603,2,7,,0,2,3,1,B01
202000016604,1,7,,0,2,0,1,A01
202000016604,2,7,,0,2,0,1,B01
202000016605,1,7,,2,0,1,2,A01
202000016606,1,7,,0,0,2,1,B01
202000016606,2,7,,0,0,5,15,A01
202000016607,1,7,,13,0,1,1,A01
202000016608,1,7,,0,1,2,1,A01
202000016609,2,0,,0,2,0,1,C01
202000016609,2,17,,0,2,5,1,A01
202000016609,2,33,,0,2,3,3,B01
202000016610,2,37,1.0,0,2,4,23,B01
202000016610,2,7,,0,2,1,14,A01
202000016611,1,7,,0,2,4,23,C01
202000016611,1,7,,0,2,4,23,B01
202000016611,1,7,,0,2,1,2,A01
202000016612,1,17,,0,2,4,2,B01
202000016612,1,17,,0,2,1,2,A01
202000016613,2,33,,0,2,8,1,B01
202000016613,2,7,,0,2,5,12,A01
202000016614,1,34,,0,2,3,3,B01
202000016614,1,7,,0,2,2,12,A01
202000016615,2,14,,0,2,6,2,B01
202000016615,2,7,,4,2,3,13,A01
202000016616,1,38,1.0,0,2,6,12,C01
202000016616,1,7,,0,2,1,1,B01
202000016616,1,7,,0,2,1,23,A01
202000016617,2,7,,0,2,2,12,A01
202000016617,2,33,,0,2,3,3,B01
202000016618,2,32,,0,0,9,1,A01
202000016619,2,7,,0,2,1,1,B01
202000016619,1,60,,0,2,8,1,A01
202000016620,1,7,,0,2,7,16,B01
202000016620,1,2,,0,2,1,18,A01
202000016621,1,2,,0,1,1,1,A01
202000016622,1,7,,0,2,4,15,A01
202000016622,1,7,,0,2,2,15,B01
202000016623,3,7,,0,0,4,2,C01
202000016623,3,7,,0,2,1,2,B01
202000016623,3,7,,0,2,1,2,A01
202000016624,3,1,,0,2,3,2,B01
202000016624,0,7,,0,9,2,2,A01
202000016625,2,7,,0,2,4,23,C01
202000016625,2,7,,0,2,1,1,A01
202000016625,2,7,,0,2,4,23,B01
202000016626,1,7,,0,2,1,2,B01
202000016626,1,1,,0,2,4,15,A01
202000016627,1,7,,0,2,2,15,A01
202000016627,2,7,,0,2,8,1,B01
202000016628,0,7,,0,2,1,1,B01
202000016628,0,7,,6,2,1,11,A01
202000016629,1,7,,0,2,1,15,A01
202000016629,2,7,,0,2,3,1,B01
202000016630,3,2,,0,2,1,26,B01
202000016630,2,7,,0,2,3,26,A01
202000016631,1,7,,2,0,1,1,A01
202000016632,2,2,,0,2,8,1,B01
202000016632,2,7,,0,2,5,16,A01
202000016633,1,7,,0,2,4,23,A01
202000016633,1,7,,1,0,1,2,B01
202000016634,1,20,,0,1,1,9,A01
202000016635,1,7,,2,0,1,17,A01
202000016636,1,7,,0,2,8,1,A01
202000016636,2,10,,0,2,2,1,B01
202000016637,1,3,,0,2,4,2,B01
202000016637,1,7,,0,2,1,2,A01
202000016638,1,7,,0,2,4,1,C01
202000016638,1,7,,0,2,4,1,B01
202000016638,1,7,,0,2,2,1,A01
202000016639,2,30,,0,2,4,1,B01
202000016639,2,7,,0,2,1,26,A01
202000016640,1,2,,0,1,1,3,A01
202000016641,2,7,,0,2,6,10,A01
202000016641,1,2,,0,2,1,1,B01
202000016642,3,7,,0,2,1,2,A01
202000016642,3,7,,0,2,4,1,B01
202000016643,1,7,,0,1,1,17,A01
202000016644,3,7,,0,1,3,1,A01
202000016645,2,10,,0,2,8,19,B01
202000016645,2,7,,0,2,3,1,A01
202000016646,1,7,,0,2,1,0,A01
202000016646,1,1,,0,2,1,0,B01
202000016647,1,37,1.0,0,1,4,0,A01
202000016648,1,7,,8,0,5,14,A01
202000016649,1,7,,0,1,3,17,A01
202000016650,2,7,,0,1,1,1,A01
202000016651,1,33,,0,0,8,1,B01
202000016651,1,10,,0,2,7,14,A01
202000016652,3,1,,0,2,6,16,B01
202000016652,3,7,,0,2,1,19,A01
202000016653,2,7,,0,1,1,1,A01
202000016654,1,40,,0,1,2,1,A01
202000016655,1,31,,0,1,1,1,A01
202000016656,1,7,,0,9,2,16,A01
202000016656,1,1,,0,2,1,1,B01
202000016657,1,7,,0,9,1,1,A01
202000016657,1,1,,0,2,4,1,B01
202000016658,1,7,,2,0,1,14,A01
202000016659,2,13,,0,2,5,9,B01
202000016659,2,7,,0,2,1,9,A01
202000016660,3,7,,0,9,1,9,A01
202000016660,0,1,,0,0,0,0,B01
202000016661,0,7,,0,2,1,1,A01
202000016661,2,7,,0,2,8,15,B01
202000016661,2,33,,0,2,1,2,C01
202000016662,2,7,,0,2,2,16,A01
202000016662,1,7,,0,2,1,1,B01
202000016663,0,7,,0,2,1,15,A01
202000016663,0,7,,0,2,1,1,B01
202000016664,2,10,,0,2,1,1,A01
202000016664,2,7,,0,2,4,1,B01
202000016665,0,7,,8,0,2,1,A01
202000016666,2,7,,0,2,1,15,A01
202000016666,1,7,,0,2,1,1,B01
202000016667,2,32,,0,0,1,1,A01
202000016668,1,33,,0,2,3,26,B01
202000016668,1,7,,0,2,1,15,A01
202000016669,3,30,,0,0,3,1,A01
202000016670,1,31,,0,2,1,1,B01
202000016670,0,7,,0,2,3,15,A01
202000016671,3,30,,0,2,0,1,B01
202000016671,0,13,,0,2,0,1,A01
202000016672,2,10,,0,2,7,1,B01
202000016672,2,10,,14,2,2,13,A01
202000016673,1,7,,1,0,2,14,A01