Num_Acc,senc,catv,occutc,obs,obsm,choc,manv,num_veh
202000016674,1,7,,0,1,1,26,A01
202000016675,3,7,,12,0,6,23,B01
202000016675,3,7,,16,0,2,2,A01
202000016676,1,34,,0,2,7,1,B01
202000016676,1,7,,0,2,1,1,A01
202000016677,2,32,,0,2,1,23,B01
202000016677,2,7,,0,2,3,4,A01
202000016678,1,7,,0,0,1,1,A01
202000016679,1,7,,0,2,2,1,A01
202000016679,1,43,,0,2,3,23,B01
202000016680,2,7,,6,0,2,14,A01
202000016681,2,7,,0,2,4,23,C01
202000016681,2,7,,0,2,1,1,A01
202000016681,2,7,,0,2,4,23,B01
202000016681,2,7,,0,2,4,23,D01
202000016682,2,7,,0,1,2,0,A01
202000016683,3,7,,0,2,3,1,A01
202000016683,3,30,,0,2,2,1,B01
202000016684,1,33,,0,2,1,2,A01
202000016684,1,7,,0,2,5,2,B01
202000016685,2,31,,0,2,5,3,A01
202000016685,2,33,,0,2,0,3,Z01
202000016686,2,7,,0,2,3,15,A01
202000016686,1,33,,0,1,1,1,B01
202000016687,1,32,,0,2,7,17,B01
202000016687,1,7,,0,2,3,15,A01
202000016688,1,30,,14,0,8,13,A01
202000016689,1,1,,0,2,4,2,B01
202000016689,1,7,,0,2,1,2,A01
202000016690,1,7,,0,1,4,4,A01
202000016691,2,30,,0,2,1,2,A01
202000016691,2,7,,0,2,6,23,B01
202000016692,2,30,,0,2,3,18,A01
202000016692,2,10,,0,2,2,1,B01
202000016693,1,34,,0,1,1,17,A01
202000016694,2,7,,0,2,6,23,B01
202000016694,2,1,,0,2,1,2,A01
202000016695,1,7,,0,2,8,11,A01
202000016695,1,30,,0,2,7,1,B01
202000016696,2,7,,0,2,2,1,A01
202000016696,1,50,,0,2,1,19,B01
202000016697,1,7,,0,1,3,20,A01
202000016698,2,1,,0,2,5,1,A01
202000016698,2,7,,0,2,2,1,B01
202000016699,1,1,,0,1,1,1,A01
202000016700,1,7,,0,2,2,1,B01
202000016700,1,10,,0,2,3,9,A01
202000016701,2,1,,0,2,1,1,B01
202000016701,2,10,,0,2,6,4,A01
202000016702,2,43,,0,1,1,7,A01
202000016703,1,1,,0,2,3,13,B01
202000016703,1,31,,0,2,2,1,A01
202000016704,2,1,,0,2,8,1,B01
202000016704,1,7,,0,2,1,19,A01
202000016705,1,7,,0,2,7,15,A01
202000016705,2,2,,0,2,1,2,B01
202000016706,2,2,,0,2,7,17,B01
202000016706,2,7,,15,2,6,13,A01
202000016707,3,1,,0,1,1,1,A01
202000016708,1,7,,0,1,3,1,A01
202000016709,3,10,,0,2,1,1,B01
202000016709,3,7,,0,2,7,21,A01
202000016710,3,7,,0,2,1,2,A01
202000016710,3,7,,0,2,4,2,B01
202000016711,3,7,,0,1,2,1,A01
202000016712,2,7,,0,1,5,26,A01
202000016713,3,7,,0,0,0,0,C01
202000016713,0,7,,0,2,1,0,B01
202000016713,3,7,,0,2,1,1,A01
202000016714,1,7,,0,1,3,1,A01
202000016715,3,2,,0,2,1,1,B01
202000016715,3,7,,0,2,2,10,A01
202000016716,1,7,,0,2,1,1,B01
202000016716,2,7,,0,2,2,15,A01
202000016717,3,7,,8,0,2,1,A01
202000016718,2,30,,1,1,1,1,A01
202000016719,2,7,,0,2,1,1,B01
202000016719,2,30,,0,2,7,2,A01
202000016720,2,32,,0,2,0,0,A01
202000016720,1,7,,0,2,1,1,B01
202000016721,1,7,,9,0,1,15,A01
202000016722,2,7,,0,1,3,1,A01
202000016723,0,7,,0,2,3,13,A01
202000016723,3,7,,0,2,3,1,B01
202000016724,2,7,,0,2,3,19,B01
202000016724,2,7,,0,2,6,1,A01
202000016725,1,10,,0,2,7,1,B01
202000016725,2,7,,0,2,2,13,A01
202000016726,2,7,,0,2,2,1,B01
202000016726,1,7,,0,2,1,1,A01
202000016727,2,2,,0,2,1,1,B01
202000016727,0,7,,0,2,2,19,A01
202000016728,2,15,,0,2,1,1,B01
202000016728,1,7,,0,2,1,13,A01
202000016729,1,10,,0,2,8,23,C01
202000016729,1,7,,0,2,1,1,B01
202000016729,2,7,,0,2,1,15,A01
202000016730,1,7,,0,2,1,1,A01
202000016730,1,7,,0,2,4,16,B01
202000016731,1,7,,16,9,1,13,A01
202000016732,1,7,,0,2,8,9,A01
202000016732,2,30,,0,2,3,21,B01
202000016733,1,7,,0,1,2,1,A01
202000016734,1,7,,2,0,1,1,A01
202000016735,3,7,,0,1,0,1,A01
202000016736,1,2,,13,2,3,21,B01
202000016736,2,7,,0,2,3,17,A01
202000016737,2,7,,2,0,1,1,A01
202000016738,1,33,,0,2,1,1,A01
202000016738,2,7,,0,2,3,1,C01
202000016738,2,7,,0,2,7,15,B01
202000016739,2,7,,15,0,1,13,A01
202000016740,2,7,,0,2,1,13,A01
202000016740,1,7,,0,2,8,1,C01
202000016740,1,7,,0,2,0,1,B01
202000016741,2,17,,0,1,1,23,A01
202000016741,1,7,,7,0,8,23,B01
202000016742,2,7,,0,2,3,1,A01
202000016742,1,10,,0,2,3,1,B01
202000016743,2,7,,0,0,3,15,B01
202000016743,2,7,,0,2,2,17,A01
202000016744,2,7,,1,0,7,15,A01
202000016744,0,7,,0,1,8,24,B01
202000016745,1,7,,3,0,1,1,A01
202000016746,1,2,,0,2,1,1,A01
202000016746,3,7,,0,2,3,19,B01
202000016747,1,7,,0,2,5,23,B01
202000016747,1,10,,0,2,3,2,A01
202000016748,2,7,,0,2,5,1,B01
202000016748,2,7,,0,2,4,2,A01
202000016749,1,15,,1,0,2,1,A01
202000016749,1,7,,0,2,4,2,B01
202000016750,1,17,,0,2,1,1,B01
202000016750,2,7,,0,2,1,1,A01
202000016751,2,15,,0,2,1,1,A01
202000016751,1,10,,0,2,1,13,B01
202000016752,1,7,,0,2,1,1,B01
202000016752,1,7,,0,0,4,1,A01
202000016753,2,7,,0,2,3,1,B01
202000016753,1,7,,0,2,8,11,A01
202000016754,0,7,,0,2,3,17,A01
202000016754,0,7,,0,2,5,9,B01
202000016755,2,7,,0,2,4,2,B01
202000016755,2,33,,0,2,1,2,A01
202000016756,3,7,,2,0,8,1,A01
202000016757,1,7,,0,2,3,15,B01
202000016757,2,33,,0,2,1,1,A01
202000016758,0,7,,0,2,8,19,A01
202000016758,2,2,,0,2,1,1,B01
202000016759,2,10,,13,0,1,0,A01
202000016760,2,33,,0,2,1,21,A01
202000016760,2,1,,0,2,4,11,B01
202000016760,1,1,,0,2,1,11,C01
202000016761,2,33,,0,2,1,1,C01
202000016761,1,7,,0,2,3,13,A01
202000016761,2,7,,0,2,6,1,B01
202000016762,1,7,,2,0,3,13,A01
202000016763,1,7,,0,2,8,1,B01
202000016763,1,7,,0,2,2,17,A01
202000016764,2,34,,0,1,7,1,A01
202000016765,2,7,,13,2,1,5,B01
202000016765,2,7,,0,2,3,1,A01
202000016766,1,7,,2,0,2,1,A01
202000016767,1,7,,14,0,3,1,A01
202000016768,1,32,,0,2,7,2,C01
202000016768,1,7,,0,2,6,0,B01
202000016768,1,7,,0,2,6,9,A01
202000016769,2,37,1.0,3,2,8,2,B01
202000016769,2,7,,3,2,9,17,A01
202000016770,2,7,,3,0,1,14,A01
202000016771,2,7,,4,0,7,14,A01
202000016772,1,7,,4,0,1,14,A01
202000016773,2,7,,4,0,1,2,A01
202000016774,0,7,,0,1,3,0,A01
202000016775,2,7,,0,2,3,1,B01
202000016775,2,7,,0,2,1,15,A01
202000016776,1,1,,0,9,1,26,A01
202000016777,2,99,,13,2,2,1,B01
202000016777,1,7,,16,0,1,15,A01
202000016778,3,7,,0,1,2,25,A01
202000016779,1,7,,0,2,2,15,A01
202000016779,2,31,,0,2,1,1,B01
202000016780,1,7,,3,2,4,2,A01
202000016780,1,7,,3,2,1,2,B01
202000016780,1,7,,3,2,1,2,C01
202000016780,1,7,,3,2,1,2,D01
202000016781,1,7,,4,0,8,1,A01
202000016781,1,7,,16,2,1,1,C01
202000016781,1,7,,16,0,6,1,B01
202000016782,1,7,,0,1,8,1,A01
202000016783,2,33,,0,2,7,17,A01
202000016783,2,10,,0,2,8,15,B01
202000016784,0,7,,9,1,0,26,A01
202000016785,1,10,,0,9,2,16,B01
202000016785,1,50,,0,2,2,5,A01
202000016786,2,7,,0,1,3,15,A01
202000016787,2,7,,0,2,4,26,A01
202000016787,2,10,,0,2,1,2,B01
202000016787,2,7,,0,2,1,2,C01
202000016787,2,7,,0,2,1,2,D01
202000016788,1,30,,0,2,0,1,B01
202000016788,2,7,,0,2,0,1,A01
202000016789,3,7,,0,1,3,15,A01
202000016790,0,1,,0,2,1,9,A01
202000016790,0,7,,0,2,2,1,B01
202000016791,0,7,,0,1,3,1,A01
202000016792,3,7,,0,2,2,13,A01
202000016792,3,7,,0,2,1,1,B01
202000016792,3,7,,0,2,1,1,C01
202000016793,2,7,,0,2,1,1,B01
202000016793,1,7,,0,2,7,15,A01
202000016794,1,7,,0,2,3,1,B01
202000016794,1,1,,0,2,0,1,A01
202000016795,2,30,,11,0,8,21,A01
202000016796,2,7,,0,2,3,1,B01
202000016796,1,7,,0,2,3,15,A01
202000016797,1,10,,0,1,4,4,A01
202000016798,3,7,,0,2,3,1,B01
202000016798,3,34,,0,2,1,1,A01
202000016799,1,7,,0,2,1,19,A01
202000016799,1,7,,0,2,7,1,B01
202000016800,1,7,,0,2,3,13,A01
202000016800,2,2,,0,2,1,1,B01
202000016801,1,14,,0,2,7,19,A01
202000016801,1,7,,0,2,1,1,B01
202000016802,0,7,,0,1,1,1,A01
202000016803,0,7,,9,0,1,1,A01
202000016804,1,7,,0,1,2,16,A01
202000016805,3,7,,2,0,1,15,A01
202000016806,2,7,,0,0,1,13,A01
202000016807,2,7,,0,2,1,2,A01
202000016807,2,7,,0,2,4,2,B01
202000016808,2,33,,15,0,8,1,A01
202000016809,3,7,,1,0,2,1,A01
202000016809,3,7,,0,2,2,24,B01
202000016810,2,30,,0,2,7,14,B01
202000016810,2,33,,0,2,1,1,A01
202000016811,3,7,,0,2,8,19,B01
202000016811,0,7,,0,2,1,1,A01
202000016812,1,10,,0,2,3,5,B01
202000016812,1,7,,0,2,3,9,A01
202000016813,1,7,,0,1,7,1,A01
202000016814,2,7,,0,2,2,15,A01
202000016814,1,99,,8,2,1,1,B01
202000016815,3,7,,0,9,1,1,A01
202000016815,2,1,,0,2,7,1,B01
202000016816,1,1,,0,2,0,1,A01
202000016816,2,7,,0,2,0,15,Z01
202000016817,1,7,,0,2,3,1,B01
202000016817,1,2,,0,2,1,9,A01
202000016818,1,7,,0,0,9,1,A01
202000016819,3,7,,0,2,3,15,A01
202000016819,3,31,,0,2,7,1,B01
202000016820,1,31,,0,2,2,1,B01
202000016820,1,7,,0,2,8,26,A01
202000016821,3,7,,0,0,0,0,B01
202000016821,3,33,,0,0,0,0,A01
202000016822,1,30,,0,1,2,1,A01
202000016823,2,7,,11,2,2,10,A01
202000016823,1,33,,1,2,3,1,B01
202000016824,2,7,,0,1,1,1,A01
202000016825,1,32,,0,0,0,1,A01
202000016826,2,7,,0,2,4,1,B01
202000016826,2,7,,0,2,4,1,C01
202000016826,2,10,,0,2,1,2,A01
202000016827,1,7,,1,0,2,2,A01
202000016828,2,31,,0,2,1,5,A01
202000016828,1,7,,0,2,8,2,B01
202000016829,2,1,,0,2,8,25,B01
202000016829,2,7,,0,2,1,15,A01
202000016830,0,7,,6,0,1,9,A01
202000016831,1,30,,0,0,0,1,A01
202000016832,1,7,,0,2,2,0,A01
202000016832,1,2,,0,2,7,0,B01
202000016833,1,7,,0,2,4,2,C01
202000016833,1,7,,0,2,4,2,B01
202000016833,1,7,,0,2,1,2,A01
202000016834,1,7,,0,2,1,19,A01
202000016834,1,7,,0,2,2,17,B01
202000016835,0,2,,0,0,0,15,A01
202000016836,1,7,,15,0,2,1,B01
202000016836,1,7,,0,2,1,1,A01
202000016837,2,7,,5,2,1,5,A01
202000016837,1,7,,0,2,1,1,C01
202000016837,1,7,,3,2,9,1,B01
202000016838,2,7,,0,2,2,19,A01
202000016838,2,7,,0,2,8,1,C01
202000016838,1,31,,0,2,1,1,B01
202000016839,1,33,,0,2,1,1,B01
202000016839,1,7,,0,2,3,11,A01
202000016840,2,7,,0,2,1,9,A01
202000016840,2,1,,0,2,7,1,B01
202000016841,2,7,,0,2,1,26,A01
202000016841,2,1,,0,2,1,1,B01
202000016842,1,2,,14,0,1,17,A01
202000016843,2,33,,0,1,1,7,A01
202000016844,1,1,,0,2,8,1,B01
202000016844,1,7,,0,2,7,15,A01
202000016845,2,7,,0,1,1,1,A01
202000016846,2,34,,0,2,4,23,B01
202000016846,2,30,,0,2,1,26,A01
202000016847,0,7,,0,1,2,1,Z01
202000016848,1,7,,0,2,8,1,B01
202000016848,1,7,,0,2,1,1,A01
202000016849,2,33,,0,2,1,16,B01
202000016849,1,30,,0,2,1,1,A01
202000016850,3,7,,0,2,1,5,A01
202000016850,3,7,,0,2,1,1,B01
202000016851,0,7,,0,1,2,19,A01
202000016852,1,7,,0,2,1,9,A01
202000016852,1,7,,0,2,2,26,B01
202000016853,2,7,,0,2,8,15,B01
202000016853,2,33,,0,2,2,17,A01
202000016854,1,1,,0,2,3,11,A01
202000016854,1,7,,0,2,1,26,B01
202000016855,3,7,,0,2,2,1,A01
202000016855,3,7,,0,2,3,1,B01
202000016856,0,14,,0,2,2,1,A01
202000016856,0,32,,0,2,4,23,B01
202000016857,1,14,,0,2,0,26,A01
202000016857,1,31,,0,0,0,0,B01
202000016858,0,7,,0,2,1,10,Z01
202000016858,1,2,,0,2,1,1,B01
202000016859,2,30,,0,2,7,1,B01
202000016859,2,32,,0,2,1,15,A01
202000016860,1,33,,0,2,2,17,A01
202000016860,1,33,,0,2,2,17,C01
202000016860,1,7,,0,2,6,23,B01
202000016861,2,1,,0,2,1,1,B01
202000016861,2,10,,0,2,4,23,A01
202000016862,1,37,1.0,1,0,2,14,A01
202000016863,0,31,,0,0,7,1,A01
202000016864,2,1,,0,2,8,1,A01
202000016864,2,7,,0,2,8,9,B01
202000016865,1,30,,0,2,1,2,B01
202000016865,1,10,,0,2,5,23,A01
202000016866,2,7,,0,2,7,14,Z01
202000016866,2,33,,0,2,8,1,A01
202000016867,3,1,,0,2,1,1,A01
202000016867,1,7,,0,2,3,9,B01
202000016868,1,10,,0,2,1,1,A01
202000016868,1,33,,0,2,4,23,B01
202000016869,2,50,,14,0,1,1,A01
202000016870,2,50,,0,0,1,1,A01
202000016871,1,1,,0,2,3,15,B01
202000016871,1,33,,0,2,2,1,A01
202000016872,1,32,,0,2,3,2,A01
202000016872,1,7,,0,2,3,2,B01
202000016873,1,33,,0,2,1,1,B01
202000016873,1,10,,0,2,0,0,A01
202000016874,2,10,,15,0,2,15,A01
202000016874,1,50,,9,0,1,1,B01
202000016875,2,7,,0,2,1,15,A01
202000016875,2,2,,1,2,7,1,B01
202000016876,1,7,,0,2,1,16,B01
202000016876,1,7,,0,2,1,1,A01
202000016877,1,99,,0,2,0,0,B01
202000016877,1,31,,0,2,0,26,A01
202000016878,1,7,,0,2,4,23,B01
202000016878,1,7,,1,0,1,2,A01
202000016879,2,7,,1,0,3,1,A01
202000016880,2,7,,0,2,3,15,A01
202000016880,1,30,,0,2,8,1,B01
202000016881,1,37,4.0,0,2,1,2,A01
202000016881,1,10,,0,2,5,1,B01
202000016882,1,10,,0,2,8,10,A01
202000016882,1,33,,0,2,1,2,B01
202000016883,3,1,,0,2,1,1,A01
202000016883,3,7,,0,9,4,23,B01
202000016884,2,7,,0,1,1,1,A01
202000016885,3,7,,0,1,4,20,A01
202000016886,3,33,,0,2,8,1,B01
202000016886,2,7,,0,2,2,0,A01
202000016887,-1,7,,6,0,3,1,A01
202000016888,2,33,,0,2,1,1,B01
202000016888,2,7,,0,2,3,11,A01
202000016889,0,32,,0,0,1,11,A01
202000016890,2,33,,0,2,1,17,A01
202000016890,2,21,,0,0,6,15,B01
202000016891,1,31,,0,2,1,26,A01
202000016891,1,7,,0,0,6,1,B01
202000016892,2,2,,7,2,7,17,B01
202000016892,2,7,,0,2,3,15,A01
202000016893,2,7,,0,2,2,21,B01
202000016893,1,7,,0,2,7,15,A01
202000016894,1,7,,6,0,1,1,A01
202000016895,1,31,,0,2,7,17,B01
202000016895,1,7,,0,2,8,17,A01
202000016896,2,33,,0,0,7,1,A01
202000016897,1,7,,8,1,4,26,A01
202000016897,1,7,,15,1,4,24,B01
202000016898,2,7,,0,2,1,1,B01
202000016898,2,7,,0,0,7,19,A01
202000016899,2,7,,0,2,1,26,A01
202000016899,1,7,,0,2,1,0,B01
202000016899,2,10,,0,2,8,0,C01
202000016900,2,7,,0,1,3,1,A01
202000016901,1,7,,0,0,7,1,A01
202000016901,1,7,,0,0,1,16,B01
202000016902,1,17,,6,0,7,0,A01
202000016903,1,7,,0,9,2,11,A01
202000016903,1,1,,0,2,3,11,B01
202000016904,1,33,,0,0,9,1,A01
202000016905,1,7,,13,0,0,14,A01
202000016906,3,1,,0,0,7,1,A01
202000016907,2,1,,0,2,2,1,B01
202000016907,2,7,,0,2,3,9,A01
202000016908,1,32,,12,0,2,1,A01
202000016909,3,36,,15,0,0,1,A01
202000016910,1,10,,2,0,2,2,A01
202000016911,2,2,,2,0,1,16,A01
202000016912,2,7,,13,0,9,14,A01
202000016913,2,2,,0,0,8,21,A01
202000016914,2,7,,2,0,3,1,A01
202000016915,1,33,,0,0,0,1,A01
202000016916,2,7,,0,2,7,15,A01
202000016916,1,33,,0,2,1,1,B01
202000016917,2,33,,0,6,1,1,A01
202000016918,1,7,,0,2,1,1,B01
202000016918,1,2,,0,2,4,1,A01
202000016919,1,7,,0,2,2,9,B01
202000016919,1,80,,0,2,7,1,A01
202000016920,2,7,,0,0,8,1,B01
202000016920,1,7,,0,2,1,1,A01
202000016921,3,33,,0,2,7,17,A01
202000016921,3,1,,0,2,8,2,B01
202000016922,1,7,,0,0,6,2,B01
202000016922,1,33,,0,2,1,2,A01
202000016923,1,33,,13,0,9,1,A01
202000016924,3,2,,0,0,8,17,A01
202000016925,1,33,,14,0,1,1,A01
202000016926,2,1,,3,0,3,13,A01
202000016927,3,13,,0,2,8,1,B01
202000016927,3,2,,0,2,8,1,A01
202000016928,1,7,,2,0,8,1,A01
202000016929,1,2,,0,2,7,1,B01
202000016929,1,10,,0,2,1,19,A01
202000016930,1,7,,0,2,1,19,A01
202000016930,1,7,,0,2,3,23,C01
202000016930,1,7,,0,2,8,1,B01
202000016930,1,7,,0,2,3,23,D01
202000016931,3,7,,0,2,2,15,A01
202000016931,3,7,,0,2,1,1,B01
202000016932,3,2,,1,0,1,1,A01
202000016933,2,7,,0,2,6,1,B01
202000016933,1,33,,0,2,1,13,A01
202000016934,0,7,,6,0,3,1,A01
202000016935,-1,33,,7,0,0,14,A01
202000016936,2,33,,0,1,1,2,A01
202000016937,1,10,,0,1,2,16,A01
202000016938,3,7,,0,2,4,1,B01
202000016938,3,7,,0,2,1,1,A01
202000016939,2,7,,0,2,1,0,B01
202000016939,2,34,,0,0,4,16,A01
202000016940,1,1,,0,1,0,9,A01
202000016941,2,7,,0,2,5,1,B01
202000016941,1,37,1.0,0,2,1,1,C01
202000016941,2,7,,0,2,1,1,A01
202000016942,2,33,,4,0,0,13,A01
202000016943,1,7,,6,0,1,14,A01
202000016944,1,10,,0,2,3,15,B01
202000016944,1,7,,0,2,1,1,A01
202000016945,1,7,,0,1,6,26,A01
202000016946,2,30,,0,0,7,1,A01
202000016947,1,7,,0,2,2,15,A01
202000016947,2,30,,0,2,3,1,B01
202000016948,1,7,,0,2,1,20,A01
202000016948,1,7,,0,2,8,2,B01
202000016949,3,7,,0,1,1,15,A01
202000016950,2,10,,0,2,4,2,B01
202000016950,2,7,,0,2,1,2,A01
202000016951,2,33,,0,2,1,2,A01
202000016951,2,7,,0,2,4,2,B01
202000016952,1,7,,0,2,1,9,A01
202000016952,1,33,,0,2,7,1,B01
202000016953,2,7,,0,2,7,15,A01
202000016953,1,7,,0,2,1,1,B01
202000016954,1,7,,0,1,1,16,A01
202000016955,1,33,,0,2,1,1,B01
202000016955,2,7,,0,2,3,15,A01
202000016956,3,10,,0,2,4,23,B01
202000016956,3,7,,0,2,1,2,A01
202000016957,1,7,,0,2,1,2,A01
202000016957,1,7,,0,2,4,1,B01
202000016958,1,80,,0,2,8,11,A01
202000016958,1,14,,0,2,5,2,B01
202000016959,2,7,,0,2,3,9,A01
202000016959,2,33,,0,2,1,1,B01
202000016960,3,41,,0,2,0,0,B01
202000016960,3,33,,0,2,0,0,A01
202000016961,3,7,,6,0,1,14,A01
202000016962,0,7,,15,0,1,15,A01
202000016963,1,99,,14,2,8,15,B01
202000016963,1,32,,0,2,1,17,A01
202000016964,2,7,,0,2,2,16,B01
202000016964,1,34,,0,2,1,18,A01
202000016965,1,10,,0,2,1,2,A01
202000016965,1,7,,0,2,4,2,B01
202000016965,1,7,,0,2,4,2,C01
202000016966,1,7,,0,2,4,1,C01
202000016966,1,7,,0,2,4,1,B01
202000016966,1,7,,0,2,1,1,A01
202000016967,1,7,,0,1,1,1,A01
202000016968,1,34,,0,1,1,1,A01
202000016969,2,7,,0,2,1,1,B01
202000016969,1,7,,0,2,2,17,A01
202000016970,2,7,,0,1,4,4,A01
202000016971,0,7,,0,1,7,1,A01
202000016972,2,10,,0,1,4,20,A01
202000016973,1,7,,0,2,4,2,D01
202000016973,1,7,,0,2,4,2,C01
202000016973,1,7,,0,2,1,2,A01
202000016973,1,7,,0,2,4,2,B01
202000016974,1,7,,0,1,1,1,A01
202000016975,1,7,,0,2,1,1,A01
202000016975,1,7,,0,2,8,1,B01
202000016976,1,1,,0,2,1,1,B01
202000016976,1,7,,0,2,2,16,A01
202000016977,1,7,,0,1,4,4,A01
202000016978,1,7,,0,1,1,16,A01
202000016979,1,7,,0,1,4,1,A01
202000016980,1,7,,0,2,1,1,A01
202000016980,2,7,,0,2,3,23,B01
202000016981,0,7,,1,0,3,24,C01
202000016981,0,7,,0,2,3,10,B01
202000016981,0,2,,1,2,3,17,A01
202000016982,3,7,,16,0,1,10,A01
202000016983,1,15,,0,1,1,1,A01
202000016984,1,7,,0,1,3,15,A01
202000016985,1,7,,0,2,6,9,Z01
202000016985,2,1,,0,2,1,26,A01
202000016986,1,7,,0,2,4,9,B01
202000016986,1,7,,0,2,1,2,A01
202000016987,2,7,,0,2,1,2,A01
202000016987,2,7,,0,2,4,2,C01
202000016987,2,7,,0,2,4,2,B01
202000016988,0,7,,0,2,6,1,A01
202000016988,0,31,,0,2,1,1,B01
202000016989,2,37,1.0,0,2,2,1,A01
202000016989,2,1,,0,2,8,1,B01
202000016990,1,30,,1,0,1,1,A01
202000016991,1,7,,0,1,1,1,A01
202000016992,1,10,,0,2,2,9,A01
202000016992,2,7,,0,2,5,1,B01
202000016993,1,33,,0,2,1,2,A01
202000016993,1,7,,0,2,4,23,B01
202000016994,2,32,,0,2,8,2,B01
202000016994,2,7,,0,2,2,14,A01
202000016995,0,7,,0,1,1,1,A01
202000016996,1,7,,0,2,2,16,A01
202000016996,1,2,,0,2,1,1,B01
202000016997,1,33,,0,0,0,21,A01
202000016998,1,2,,0,2,1,1,B01
202000016998,1,7,,0,2,8,9,A01
202000016999,1,7,,0,2,4,1,C01
202000016999,1,7,,0,2,4,1,B01
202000016999,1,7,,0,2,2,1,A01
202000017000,2,7,,0,2,3,1,B01
202000017000,1,10,,0,2,1,1,A01
202000017001,1,7,,2,0,1,1,A01
202000017002,1,7,,17,0,3,15,A01
202000017003,2,7,,0,2,1,1,A01
202000017003,1,33,,0,2,1,1,B01
202000017004,1,32,,14,0,2,21,A01
202000017005,1,10,,0,2,1,15,A01
202000017005,2,33,,0,2,1,1,B01
202000017006,0,7,,0,2,1,1,B01
202000017006,0,7,,0,2,1,9,A01
202000017007,2,7,,2,0,1,0,A01
202000017008,1,7,,13,0,2,14,A01
202000017009,2,7,,0,2,4,1,B01
202000017009,2,7,,0,2,1,2,A01
202000017010,1,7,,0,2,4,1,B01
202000017010,1,7,,0,2,1,1,A01
202000017011,2,7,,0,2,1,1,A01
202000017011,1,7,,0,2,1,1,B01
202000017012,1,33,,0,0,8,16,A01
202000017013,1,7,,0,2,7,16,A01
202000017013,1,7,,0,2,6,18,B01
202000017014,2,7,,0,2,3,1,B01
202000017014,1,33,,0,2,1,5,A01
202000017015,0,7,,0,2,2,17,A01
202000017015,0,10,,0,2,3,23,B01
202000017016,1,33,,0,1,2,1,A01
202000017017,1,7,,0,2,8,9,A01
202000017017,2,32,,0,2,1,1,B01
202000017018,1,1,,0,2,8,13,A01
202000017018,2,32,,0,2,2,2,B01
202000017019,1,7,,1,0,9,20,A01
202000017020,2,10,,0,1,3,15,A01
202000017021,2,7,,0,2,5,1,B01
202000017021,3,7,,0,2,3,1,A01
202000017022,1,7,,0,2,8,22,A01
202000017022,1,50,,0,2,1,1,B01
202000017023,1,7,,0,1,7,1,A01
202000017024,1,30,,0,1,1,1,A01
202000017025,1,30,,0,2,4,23,A01
202000017025,1,2,,0,2,0,2,Z01
202000017026,1,34,,0,2,1,1,B01
202000017026,2,32,,0,2,3,1,C01
202000017026,2,10,,0,2,2,15,A01
202000017027,1,1,,0,1,0,1,Z01
202000017028,3,33,,0,1,1,21,A01
202000017029,1,7,,0,2,1,2,A01
202000017029,1,7,,0,2,4,2,B01
202000017029,1,7,,0,2,4,0,C01
202000017030,2,7,,8,0,0,26,A01
202000017031,1,7,,4,0,7,16,A01
202000017032,1,7,,1,1,1,1,A01
202000017033,2,10,,0,2,2,1,A01
202000017033,1,10,,1,2,3,15,B01
202000017034,-1,7,,0,0,3,26,A01
202000017035,0,7,,0,0,0,1,A01
202000017036,-1,10,,0,2,3,0,A01
202000017036,-1,1,,0,2,2,0,B01
202000017037,0,7,,0,2,3,1,B01
202000017037,0,10,,0,2,2,1,A01
202000017038,1,50,,0,1,1,25,EA01
202000017039,3,7,,0,2,1,1,B01
202000017039,-1,7,,0,2,-1,-1,A01
202000017040,0,10,,0,2,3,2,A01
202000017040,0,34,,0,2,7,2,B01
202000017041,1,7,,15,0,1,13,A01
202000017042,1,33,,0,2,1,1,B01
202000017042,1,7,,0,2,5,23,A01
202000017043,0,7,,2,0,2,1,A01
202000017044,1,7,,0,2,3,1,A01
202000017044,1,7,,0,2,4,17,B01
202000017045,2,33,,0,0,3,1,A01
202000017046,2,7,,0,2,3,1,A01
202000017046,1,2,,0,0,4,23,B01
202000017047,1,7,,0,2,2,1,A01
202000017047,3,2,,0,0,8,26,B01
202000017048,3,7,,8,2,8,15,A01
202000017048,3,7,,0,2,1,1,B01
202000017049,1,33,,0,0,7,1,B01
202000017049,1,7,,0,2,1,19,A01
202000017050,2,7,,0,1,1,1,A01
202000017051,1,32,,0,2,7,17,B01
202000017051,1,7,,0,0,3,15,A01
202000017052,1,7,,0,0,2,15,A01
202000017052,2,7,,0,2,1,1,B01
202000017053,2,7,,0,1,2,15,A01
202000017054,2,7,,0,2,4,2,B01
202000017054,2,7,,0,2,1,2,A01
202000017055,2,7,,6,0,1,1,A01
202000017056,1,7,,0,1,1,1,A01
202000017057,3,7,,2,0,3,13,A01
202000017058,1,7,,0,0,4,23,A01
202000017058,1,7,,0,0,1,1,B01
202000017059,0,7,,0,9,1,16,B01
202000017059,2,80,,0,0,7,1,A01
202000017060,2,7,,0,2,7,15,A01
202000017060,1,33,,0,2,1,1,C01
202000017060,2,7,,0,2,3,1,B01
202000017061,3,7,,0,1,2,1,A01
202000017062,2,17,,0,0,8,0,A01
202000017063,2,7,,0,2,1,15,B01
202000017063,1,33,,0,2,7,17,A01