Num_Acc,senc,catv,occutc,obs,obsm,choc,manv,num_veh
202000017064,1,7,,0,1,2,1,A01
202000017065,0,7,,0,9,3,15,A01
202000017065,3,32,,0,2,1,1,B01
202000017066,1,7,,0,2,8,15,A01
202000017066,1,2,,0,2,1,17,B01
202000017067,0,7,,13,0,1,0,A01
202000017068,1,2,,0,2,1,2,A01
202000017069,2,1,,0,2,4,1,B01
202000017069,2,7,,0,2,2,1,A01
202000017070,3,10,,2,0,1,26,A01
202000017071,1,7,,0,2,1,13,B01
202000017071,2,7,,0,2,3,1,A01
202000017072,2,2,,0,2,2,17,B01
202000017072,1,7,,0,0,8,19,A01
202000017073,2,7,,0,2,4,2,A01
202000017073,2,7,,0,2,1,2,B01
202000017074,1,33,,0,2,4,2,B01
202000017074,1,7,,0,2,1,2,A01
202000017075,2,31,,0,2,0,1,B01
202000017075,2,7,,0,2,0,1,A01
202000017076,2,7,,0,2,4,1,A01
202000017076,2,14,,0,2,1,1,B01
202000017077,2,7,,0,2,6,1,A01
202000017077,2,31,,0,2,2,1,B01
202000017078,2,7,,0,2,2,15,A01
202000017078,2,7,,0,2,5,1,B01
202000017079,0,30,,0,0,0,0,A01
202000017080,1,1,,0,2,8,1,B01
202000017080,2,7,,0,2,2,15,A01
202000017081,2,99,,0,2,4,2,D01
202000017081,1,7,,0,2,4,9,A01
202000017081,2,7,,0,2,4,2,B01
202000017081,1,7,,0,2,4,2,C01
202000017082,0,7,,0,1,2,1,A01
202000017083,1,7,,0,2,2,10,A01
202000017083,1,33,,0,2,1,1,B01
202000017084,3,7,,0,2,3,11,B01
202000017084,3,7,,0,2,2,2,A01
202000017085,2,7,,0,2,2,9,G01
202000017085,1,7,,0,2,3,2,A01
202000017086,3,7,,0,1,2,1,A01
202000017087,1,7,,0,2,4,2,D01
202000017087,1,7,,0,2,4,2,B01
202000017087,1,7,,0,2,4,2,C01
202000017087,1,7,,0,2,1,2,A01
202000017088,2,7,,0,2,8,10,A01
202000017088,2,33,,0,2,2,17,B01
202000017088,2,33,,0,2,0,2,C01
202000017089,3,7,,0,1,1,26,A01
202000017090,1,7,,0,1,4,20,A01
202000017091,2,1,,0,2,4,1,B01
202000017091,2,10,,0,2,2,15,Z01
202000017092,1,7,,8,1,1,14,Z01
202000017093,2,7,,0,2,1,2,A01
202000017093,2,7,,0,2,4,2,B01
202000017094,2,7,,0,1,2,9,A01
202000017095,1,7,,0,1,7,16,A01
202000017096,2,1,,0,2,7,15,B01
202000017096,1,7,,0,2,1,1,A01
202000017097,1,7,,7,0,1,14,A01
202000017098,1,30,,0,2,1,1,A01
202000017098,1,7,,0,2,7,15,B01
202000017099,1,7,,0,2,1,1,A01
202000017099,1,7,,0,0,4,2,E01
202000017099,1,7,,0,2,4,1,C01
202000017099,1,7,,0,2,4,1,D01
202000017099,1,7,,0,2,4,1,B01
202000017100,2,7,,0,1,3,15,A01
202000017101,2,33,,0,0,1,1,A01
202000017102,1,2,,0,2,1,21,A01
202000017102,1,2,,0,2,4,1,B01
202000017103,2,10,,12,0,9,14,A01
202000017104,3,7,,0,0,0,26,A01
202000017105,2,7,,0,1,2,26,A01
202000017106,3,7,,0,2,4,1,B01
202000017106,3,10,,0,2,1,1,A01
202000017107,1,7,,0,2,9,1,B01
202000017107,2,7,,0,2,1,1,A01
202000017108,1,7,,0,1,3,1,A01
202000017109,3,7,,0,2,1,9,A01
202000017109,3,10,,0,2,7,1,B01
202000017110,3,10,,4,1,1,1,A01
202000017111,1,33,,0,2,7,2,B01
202000017111,1,7,,0,2,6,11,A01
202000017112,1,10,,0,2,1,2,A01
202000017112,1,7,,0,2,4,2,B01
202000017113,1,33,,0,2,2,1,B01
202000017113,1,10,,0,2,3,22,A01
202000017114,1,7,,0,1,1,1,Z01
202000017115,1,7,,0,2,2,22,B01
202000017115,1,30,,0,2,2,18,A01
202000017116,1,1,,0,2,8,13,A01
202000017116,1,7,,0,2,2,7,B01
202000017117,3,7,,0,2,3,13,A01
202000017117,3,7,,0,2,3,1,B01
202000017118,1,1,,1,1,1,21,A01
202000017119,1,10,,0,2,2,1,A01
202000017119,1,1,,0,2,4,23,B01
202000017120,1,1,,0,2,3,18,B01
202000017120,1,7,,0,2,2,23,A01
202000017121,1,1,,0,2,1,19,A01
202000017121,1,50,,0,2,1,1,B01
202000017122,2,99,,0,2,0,0,Z01
202000017122,2,7,,0,2,0,0,B01
202000017122,2,7,,0,0,0,0,A01
202000017123,2,7,,8,0,1,15,A01
202000017124,1,7,,0,2,9,9,A01
202000017124,1,7,,1,0,3,1,B01
202000017125,1,7,,0,2,1,19,A01
202000017125,2,34,,0,2,1,19,B01
202000017126,2,7,,0,2,6,9,B01
202000017126,1,33,,0,2,1,0,A01
202000017127,1,15,,0,2,1,1,C01
202000017127,1,17,,0,2,6,21,B01
202000017127,2,7,,0,2,1,13,A01
202000017128,1,7,,15,0,1,13,A01
202000017129,1,7,,0,2,0,0,B01
202000017129,2,34,,0,2,0,0,A01
202000017130,2,7,,4,0,2,14,A01
202000017131,1,33,,0,2,4,2,B01
202000017131,1,7,,0,2,1,2,A01
202000017132,3,7,,0,2,3,0,B01
202000017132,3,34,,0,2,1,0,A01
202000017133,3,7,,0,0,0,0,B01
202000017133,3,7,,0,2,1,13,A01
202000017134,1,1,,0,2,0,1,B01
202000017134,1,7,,0,2,3,16,A01
202000017135,1,7,,0,2,7,19,B01
202000017135,2,32,,0,2,1,19,A01
202000017136,1,7,,0,1,2,18,A01
202000017137,1,7,,0,1,2,16,A01
202000017138,1,1,,0,2,1,1,A01
202000017138,2,7,,0,2,0,0,Z01
202000017139,2,1,,0,2,1,19,B01
202000017139,1,7,,0,2,2,15,A01
202000017140,0,7,,0,2,8,24,A01
202000017140,1,1,,0,0,0,1,B01
202000017141,2,33,,0,2,4,15,B01
202000017141,2,10,,0,2,3,1,A01
202000017142,1,32,,12,0,8,1,A01
202000017143,2,7,,0,2,1,2,A01
202000017143,2,7,,0,2,4,23,B01
202000017144,2,37,1.0,0,2,6,0,B01
202000017144,2,33,,0,2,2,11,A01
202000017145,3,7,,12,0,1,16,A01
202000017146,3,30,,0,2,7,26,A01
202000017146,3,7,,0,2,0,9,B01
202000017147,2,43,,13,0,8,26,A01
202000017148,1,7,,12,0,5,23,B01
202000017148,2,7,,3,2,3,13,A01
202000017149,2,31,,0,2,1,0,B01
202000017149,2,7,,0,2,2,15,A01
202000017150,2,7,,0,1,7,17,A01
202000017151,1,1,,0,2,7,12,A01
202000017151,1,7,,0,2,3,9,B01
202000017152,3,10,,0,2,7,16,A01
202000017152,3,1,,0,2,8,1,B01
202000017153,3,31,,0,2,1,1,B01
202000017153,3,7,,0,2,4,1,Z01
202000017154,3,7,,0,0,0,20,A01
202000017154,1,2,,0,2,0,21,B01
202000017155,1,2,,0,2,7,1,B01
202000017155,1,7,,0,9,8,13,A01
202000017156,1,7,,0,0,7,15,A01
202000017156,2,33,,0,2,1,1,B01
202000017157,1,7,,0,2,3,15,A01
202000017157,1,17,,0,2,2,1,B01
202000017158,1,7,,0,2,3,5,A01
202000017158,2,10,,0,2,4,1,B01
202000017158,2,7,,0,2,5,1,C01
202000017158,2,10,,0,2,3,1,D01
202000017159,1,7,,0,1,0,1,A01
202000017160,1,1,,0,0,3,19,B01
202000017160,2,40,,0,2,1,1,A01
202000017161,2,32,,0,1,1,1,A01
202000017162,3,7,,0,2,1,26,A01
202000017162,3,7,,0,2,4,1,B01
202000017163,2,30,,0,2,1,1,A01
202000017163,2,7,,0,2,7,15,B01
202000017164,1,7,,0,2,2,15,A01
202000017164,2,30,,0,2,1,1,B01
202000017165,2,7,,0,2,7,15,B01
202000017165,3,7,,0,2,0,26,A01
202000017166,3,7,,0,2,2,1,B01
202000017166,3,33,,0,2,1,18,A01
202000017167,0,7,,0,1,1,1,A01
202000017168,0,7,,0,2,4,1,A01
202000017168,0,2,,0,2,1,0,B01
202000017169,1,7,,0,2,1,1,B01
202000017169,2,30,,0,2,1,15,A01
202000017170,1,1,,0,2,8,17,B01
202000017170,1,7,,0,2,8,22,A01
202000017171,1,7,,0,1,1,19,A01
202000017172,2,2,,0,2,1,1,B01
202000017172,1,7,,0,2,2,15,A01
202000017173,2,7,,0,0,0,15,A01
202000017173,1,7,,0,2,2,1,B01
202000017174,3,7,,0,2,1,1,B01
202000017174,3,7,,0,2,4,1,D01
202000017174,3,7,,0,2,1,1,C01
202000017174,3,7,,0,2,1,1,A01
202000017175,1,7,,0,1,1,15,A01
202000017176,3,7,,0,1,1,26,A01
202000017177,3,30,,0,9,8,0,B01
202000017177,3,37,1.0,0,2,2,16,A01
202000017178,1,10,,0,2,3,1,B01
202000017178,1,10,,0,2,8,10,A01
202000017179,1,10,,0,1,1,1,A01
202000017179,1,10,,0,2,4,0,B01
202000017180,2,7,,0,2,6,23,B01
202000017180,2,7,,0,2,2,21,A01
202000017181,1,31,,0,2,2,14,A01
202000017181,1,7,,0,2,0,1,B01
202000017182,1,10,,0,2,7,1,B01
202000017182,1,31,,0,2,3,11,A01
202000017183,2,30,,0,2,8,1,A01
202000017183,2,7,,0,2,7,12,Z01
202000017184,1,7,,0,2,2,16,B01
202000017184,1,7,,7,2,3,7,A01
202000017185,1,38,1.0,0,2,8,8,A01
202000017185,1,80,,0,2,7,17,B01
202000017186,3,10,,0,2,1,1,B01
202000017186,2,7,,0,2,2,1,A01
202000017187,3,37,1.0,0,2,3,15,B01
202000017187,3,33,,0,2,2,17,A01
202000017188,1,10,,0,1,1,1,A01
202000017189,1,7,,0,2,7,22,B01
202000017189,1,1,,0,2,1,1,A01
202000017190,1,30,,0,2,0,1,A01
202000017190,0,7,,0,2,0,0,Z01
202000017191,2,7,,0,2,6,23,B01
202000017191,2,1,,0,2,6,2,A01
202000017192,2,1,,0,1,1,2,Z01
202000017193,1,32,,0,0,0,1,A01
202000017194,1,1,,0,1,1,1,A01
202000017195,3,80,,12,0,7,14,A01
202000017196,1,7,,0,2,1,1,A01
202000017196,1,7,,0,2,8,1,B01
202000017197,1,50,,12,0,1,14,A01
202000017198,1,50,,0,2,2,1,B01
202000017198,1,7,,0,2,1,1,A01
202000017199,3,33,,0,2,1,1,B01
202000017199,3,7,,0,2,7,15,A01
202000017200,2,7,,0,2,3,21,A01
202000017200,2,32,,0,2,1,1,B01
202000017201,2,7,,0,2,4,1,B01
202000017201,2,34,,0,2,1,1,A01
202000017202,1,33,,0,0,7,1,A01
202000017203,2,33,,0,2,2,17,A01
202000017203,2,10,,0,2,3,15,B01
202000017204,1,7,,0,1,1,1,A01
202000017205,1,7,,0,2,1,26,A01
202000017205,1,20,,0,2,4,26,B01
202000017205,1,7,,0,2,4,1,C01
202000017206,2,7,,0,1,1,1,A01
202000017207,3,50,,0,2,1,5,A01
202000017207,0,7,,0,9,8,15,B01
202000017208,0,34,,0,0,4,2,B01
202000017208,0,7,,0,2,1,2,A01
202000017209,1,99,,0,2,3,1,B01
202000017209,2,7,,0,2,2,19,A01
202000017210,-1,17,,0,2,6,9,A01
202000017210,-1,33,,0,2,2,2,B01
202000017211,2,7,,0,1,8,13,A01
202000017212,1,7,,0,2,1,1,B01
202000017212,3,3,,0,2,1,15,A01
202000017213,-1,10,,0,1,1,15,A01
202000017214,3,7,,0,1,3,1,A01
202000017215,0,1,,0,2,0,0,B01
202000017215,0,7,,0,2,1,13,A01
202000017216,0,7,,0,2,4,16,A01
202000017216,0,1,,0,2,1,1,B01
202000017217,3,33,,0,2,1,17,B01
202000017217,3,7,,0,2,3,15,A01
202000017218,1,7,,6,0,1,9,A01
202000017219,3,34,,0,1,7,5,X01
202000017220,2,2,,0,2,1,1,B01
202000017220,1,7,,0,2,2,10,A01
202000017221,2,50,,0,2,1,1,B01
202000017221,1,7,,0,9,8,15,A01
202000017222,1,1,,0,2,1,25,A01
202000017222,1,14,,0,2,5,16,B01
202000017223,2,34,,0,2,8,9,B01
202000017223,1,7,,0,2,2,9,A01
202000017224,1,33,,0,2,4,1,B01
202000017224,1,7,,0,2,4,15,A01
202000017225,1,7,,0,1,1,15,A01
202000017226,1,7,,0,2,2,19,A01
202000017226,1,32,,0,2,3,0,B01
202000017227,2,7,,0,2,3,15,A01
202000017227,1,33,,0,2,0,0,B01
202000017228,3,33,,3,0,7,1,A01
202000017229,1,31,,8,0,7,1,A01
202000017230,3,2,,11,0,3,1,A01
202000017231,1,7,,8,0,2,1,A01
202000017232,1,7,,0,2,1,2,A01
202000017232,1,31,,0,0,4,2,B01
202000017233,1,33,,0,2,1,1,B01
202000017233,1,7,,0,2,3,9,A01
202000017234,1,7,,7,0,1,26,A01
202000017235,3,34,,0,0,8,1,A01
202000017236,2,7,,0,2,3,15,A01
202000017236,1,1,,0,2,8,1,B01
202000017237,3,33,,6,0,8,1,A01
202000017238,3,7,,13,0,2,1,A01
202000017239,1,33,,0,2,2,16,B01
202000017239,1,7,,0,2,3,16,A01
202000017240,3,7,,0,2,2,17,A01
202000017240,3,7,,0,2,6,1,B01
202000017241,1,7,,0,2,3,13,A01
202000017241,1,10,,0,2,2,17,B01
202000017242,0,2,,0,2,1,1,B01
202000017242,3,7,,0,2,7,15,A01
202000017243,1,7,,13,0,1,13,A01
202000017244,1,7,,0,1,3,1,A01
202000017245,3,7,,6,0,2,0,A01
202000017246,3,7,,0,2,1,15,A01
202000017246,3,2,,0,2,1,1,B01
202000017247,3,7,,0,2,1,1,A01
202000017247,3,7,,15,0,5,1,B01
202000017248,1,33,,0,2,1,1,B01
202000017248,2,10,,0,2,3,15,A01
202000017249,1,33,,0,0,8,0,A01
202000017250,1,21,,0,2,3,15,A01
202000017250,1,10,,0,2,2,17,B01
202000017251,0,33,,0,2,1,1,C01
202000017251,0,7,,0,0,4,1,B01
202000017251,0,7,,0,0,0,15,A01
202000017252,3,21,,0,2,3,16,B01
202000017252,3,33,,0,2,1,1,A01
202000017253,2,7,,0,1,1,1,A01
202000017254,2,33,,0,0,9,1,A01
202000017255,2,33,,0,0,0,13,A01
202000017256,3,10,,0,2,1,16,A01
202000017256,3,7,,0,2,2,1,B01
202000017257,1,10,,0,2,3,13,A01
202000017257,2,7,,0,2,1,1,B01
202000017257,1,10,,0,2,3,1,C01
202000017258,1,7,,13,0,1,1,A01
202000017259,1,7,,16,0,9,14,A01
202000017260,1,7,,3,0,1,1,A01
202000017261,1,2,,0,2,8,5,A01
202000017261,2,7,,0,2,3,1,B01
202000017262,1,7,,0,2,3,13,A01
202000017262,2,7,,0,2,3,1,B01
202000017262,2,7,,0,2,3,1,C01
202000017262,2,7,,0,2,1,1,D01
202000017263,1,7,,0,2,1,1,B01
202000017263,2,7,,0,2,5,13,A01
202000017264,2,1,,0,2,3,13,B01
202000017264,1,33,,0,2,1,21,A01
202000017265,3,7,,0,1,2,9,A01
202000017266,2,7,,0,2,6,1,B01
202000017266,2,7,,0,2,2,21,A01
202000017267,3,7,,0,2,2,1,A01
202000017267,2,33,,0,2,1,1,B01
202000017268,1,7,,14,0,2,1,A01
202000017269,1,7,,0,2,1,1,B01
202000017269,2,7,,0,2,7,13,A01
202000017270,1,7,,3,0,1,6,A01
202000017271,2,7,,0,1,2,1,A01
202000017272,1,7,,0,0,1,1,A01
202000017273,2,33,,0,2,9,17,A01
202000017273,1,7,,0,2,3,1,B01
202000017274,2,7,,6,0,1,1,A01
202000017275,1,7,,0,2,3,1,A01
202000017275,3,1,,0,2,8,15,B01
202000017276,1,2,,7,0,1,1,A01
202000017277,3,7,,0,2,2,15,A01
202000017277,1,2,,0,2,1,1,B01
202000017278,1,7,,0,1,2,1,A01
202000017279,1,7,,0,2,3,9,A01
202000017279,1,1,,0,2,7,1,B01
202000017280,1,7,,3,0,3,13,A01
202000017281,3,1,,0,2,2,0,B01
202000017281,3,7,,0,9,2,1,A01
202000017282,2,32,,13,0,7,16,A01
202000017283,3,33,,12,0,2,1,A01
202000017284,2,33,,0,9,1,2,B01
202000017284,2,7,,0,0,-1,1,A01
202000017285,1,10,,0,2,2,1,A01
202000017285,3,10,,0,2,3,1,B01
202000017286,3,33,,3,0,2,1,A01
202000017287,2,33,,0,0,0,1,A01
202000017288,2,7,,0,2,1,21,A01
202000017288,1,1,,0,2,1,1,B01
202000017288,1,1,,0,2,1,1,C01
202000017289,2,7,,0,2,1,1,B01
202000017289,1,7,,0,2,1,13,A01
202000017290,1,7,,0,1,3,1,A01
202000017291,2,7,,0,2,1,19,A01
202000017291,2,7,,0,2,8,1,B01
202000017292,1,7,,0,2,4,1,A01
202000017292,1,7,,0,2,4,2,B01
202000017292,1,7,,0,2,1,2,C01
202000017293,2,7,,0,2,1,2,C01
202000017293,2,7,,0,2,4,2,B01
202000017293,2,7,,0,2,4,1,A01
202000017294,2,7,,0,2,1,1,A01
202000017294,2,7,,0,2,4,1,C01
202000017294,2,7,,0,2,4,1,B01
202000017295,2,7,,0,0,1,26,A01
202000017296,2,7,,0,2,1,2,C01
202000017296,2,7,,0,0,4,1,A01
202000017296,2,7,,0,2,1,2,D01
202000017296,2,7,,0,2,1,2,B01
202000017297,2,7,,4,0,1,2,B01
202000017297,2,15,,0,0,0,2,A01
202000017297,2,7,,4,0,1,2,C01
202000017297,2,7,,4,0,6,2,D01
202000017298,2,7,,0,2,1,1,A01
202000017298,2,7,,0,2,0,2,B01
202000017298,2,7,,0,2,0,2,C01
202000017298,2,7,,0,2,0,2,D01
202000017299,2,7,,0,2,5,1,B01
202000017299,2,7,,0,2,1,2,A01
202000017300,2,14,,3,0,1,13,A01
202000017301,1,33,,0,0,9,2,A01
202000017302,3,7,,0,2,8,9,A01
202000017302,3,33,,0,2,7,2,B01
202000017303,2,7,,0,0,4,2,B01
202000017303,2,7,,0,2,1,1,A01
202000017304,1,15,,0,2,2,1,A01
202000017304,1,7,,0,2,6,11,B01
202000017305,2,7,,0,2,5,1,B01
202000017305,2,33,,0,2,1,3,A01
202000017306,2,7,,1,0,4,1,B01
202000017306,2,7,,1,0,1,1,A01
202000017307,2,7,,0,0,9,21,A01
202000017308,1,33,,14,0,9,3,A01
202000017309,2,31,,0,2,8,3,B01
202000017309,2,7,,0,2,5,12,A01
202000017310,1,7,,0,2,6,9,B01
202000017310,1,33,,0,2,1,1,A01
202000017311,1,33,,0,9,1,21,A01
202000017312,1,7,,0,1,0,1,A01
202000017313,2,7,,0,2,1,1,A01
202000017313,2,10,,0,2,4,23,B01
202000017313,2,7,,0,2,4,23,C01
202000017314,1,7,,0,2,4,2,C01
202000017314,1,7,,0,2,4,2,B01
202000017314,1,7,,0,2,1,2,A01
202000017315,1,7,,0,2,1,9,B01
202000017315,1,2,,0,2,7,9,A01
202000017316,2,7,,0,1,5,16,A01
202000017317,0,7,,0,9,7,14,A01
202000017317,0,50,,0,2,8,1,B01
202000017318,1,36,,6,0,1,1,A01
202000017319,2,7,,16,2,2,2,A01
202000017319,2,10,,16,2,6,2,B01
202000017320,1,7,,6,0,3,5,A01
202000017321,1,7,,0,2,2,1,B01
202000017321,2,7,,13,2,9,1,A01
202000017322,0,7,,17,0,3,0,A01
202000017323,1,7,,0,2,2,2,A01
202000017323,1,80,,0,2,2,2,B01
202000017324,1,10,,2,0,7,26,A01
202000017325,2,7,,0,2,1,2,A01
202000017325,2,7,,0,2,4,23,C01
202000017325,2,7,,0,2,4,23,B01
202000017326,0,7,,0,2,2,10,A01
202000017326,1,33,,0,2,1,1,B01
202000017327,2,7,,2,0,2,1,A01
202000017328,2,7,,0,2,1,26,B01
202000017328,1,7,,0,2,8,6,A01
202000017329,1,7,,0,2,2,1,A01
202000017329,2,7,,0,2,3,16,B01
202000017330,2,7,,8,0,2,1,A01
202000017331,1,7,,0,2,1,1,A01
202000017331,1,7,,0,0,4,1,B01
202000017332,2,7,,0,2,4,2,A01
202000017332,2,7,,0,2,1,1,B01
202000017333,2,7,,4,2,2,14,A01
202000017333,2,7,,0,2,1,1,B01
202000017333,2,7,,0,2,7,1,C01
202000017334,2,7,,0,2,4,2,C01
202000017334,2,7,,0,2,4,2,B01
202000017334,2,7,,0,2,1,2,A01
202000017335,2,7,,0,2,4,1,C01
202000017335,2,7,,0,2,4,2,B01
202000017336,1,7,,4,0,1,13,A01
202000017337,1,7,,0,0,9,13,A01
202000017338,1,7,,0,2,2,1,B01
202000017338,1,7,,0,2,7,9,A01
202000017339,1,7,,0,2,1,2,B01
202000017339,1,7,,0,2,1,2,A01
202000017340,1,33,,15,0,1,14,A01
202000017341,1,7,,0,2,7,1,B01
202000017341,2,7,,0,2,1,15,A01
202000017342,1,7,,6,0,1,14,A01
202000017343,2,7,,0,2,5,9,A01
202000017343,1,31,,0,2,1,1,B01
202000017344,1,7,,0,2,6,13,B01
202000017344,1,7,,0,2,3,1,A01
202000017345,0,7,,14,0,0,0,B01
202000017345,0,31,,0,2,7,17,A01
202000017346,1,7,,0,1,4,20,A01
202000017347,1,34,,0,2,1,19,A01
202000017347,1,7,,0,2,7,19,B01
202000017348,1,33,,4,0,7,17,A01
202000017349,1,7,,0,2,7,1,B01
202000017349,2,7,,0,2,2,9,A01
202000017350,3,7,,8,0,1,26,A01
202000017351,1,7,,0,1,1,1,A01
202000017352,3,7,,0,1,2,1,A01
202000017353,2,7,,0,1,1,1,A01
202000017354,2,7,,0,2,3,15,B01
202000017354,1,7,,0,2,2,17,A01
202000017355,1,7,,13,0,9,1,A01
202000017356,2,7,,0,2,0,1,B01
202000017356,1,10,,0,2,0,26,A01
202000017357,2,7,,0,2,7,1,B01
202000017357,2,7,,0,2,3,15,A01
202000017358,1,7,,0,2,3,1,B01
202000017358,1,7,,0,2,1,1,A01
202000017359,2,7,,0,2,1,19,A01
202000017359,3,7,,0,2,3,19,B01
202000017360,2,99,,0,1,3,19,A01
202000017361,1,7,,0,2,3,19,A01
202000017361,3,1,,0,2,2,1,B01
202000017362,2,10,,0,2,2,9,A01
202000017362,1,33,,0,0,1,15,B01
202000017363,3,7,,12,0,1,13,A01
202000017363,3,7,,14,0,1,26,B01
202000017364,1,10,,0,2,7,1,B01
202000017364,1,10,,1,2,9,1,A01
202000017364,1,10,,0,2,8,1,C01
202000017365,2,33,,1,2,2,1,B01
202000017365,1,7,,0,2,2,9,A01
202000017366,1,1,,0,2,3,13,A01
202000017366,2,80,,0,2,2,14,B01
202000017367,2,7,,0,2,1,1,B01
202000017367,1,7,,0,2,1,1,A01
202000017368,1,2,,0,2,1,1,B01
202000017368,1,7,,0,2,6,9,A01
202000017369,1,7,,0,2,1,2,A01
202000017369,2,1,,0,2,4,1,B01
202000017370,1,7,,0,2,1,1,B01
202000017370,1,7,,0,2,3,23,C01
202000017370,2,7,,0,2,7,1,A01
202000017371,1,7,,0,2,0,20,A01
202000017371,2,50,,0,2,0,0,B01
202000017372,3,32,,0,2,1,1,B01
202000017372,3,7,,0,2,7,15,A01
202000017373,3,7,,0,2,1,15,A01
202000017373,1,7,,0,2,3,19,B01
202000017374,1,33,,0,2,8,26,B01
202000017374,2,7,,0,2,1,15,A01
202000017375,1,7,,0,9,1,15,A01
202000017375,1,1,,0,2,1,13,B01
202000017376,1,30,,0,2,5,1,B01
202000017376,2,7,,0,2,1,9,A01
202000017377,1,7,,2,0,0,0,A01
202000017378,1,10,,0,2,1,9,A01
202000017378,1,7,,0,2,5,0,B01
202000017379,1,7,,0,2,0,0,A01
202000017379,1,7,,0,2,0,0,B01
202000017380,2,7,,0,1,1,17,A01
202000017381,1,33,,0,0,8,16,A01
202000017382,1,10,,13,0,1,1,A01
202000017383,2,15,,0,2,5,1,B01
202000017383,1,33,,0,2,3,9,A01
202000017384,2,7,,8,0,1,1,A01
202000017385,2,7,,0,1,7,1,A01
202000017386,2,7,,0,1,2,1,A01
202000017387,3,7,,0,2,3,16,B01
202000017387,0,30,,0,2,1,1,A01
202000017388,2,7,,0,2,7,16,B01
202000017388,1,7,,0,2,3,26,A01
202000017389,0,7,,8,0,1,1,A01
202000017390,2,7,,0,2,7,15,B01
202000017390,1,7,,0,2,1,1,A01
202000017391,1,7,,0,2,0,0,A01
202000017391,1,7,,0,0,0,0,B01
202000017392,3,7,,0,1,2,1,A01
202000017393,1,7,,0,2,8,1,B01
202000017393,1,7,,0,2,4,20,A01
202000017394,1,7,,0,0,1,1,A01
202000017394,1,7,,0,2,4,23,B01
202000017395,1,7,,0,0,1,2,A01
202000017395,1,33,,0,0,4,2,B01
202000017396,3,2,,0,0,0,16,A01
202000017397,3,7,,0,0,1,1,A01
202000017398,1,7,,0,2,1,1,A01
202000017398,2,15,,0,2,1,1,B01
202000017399,1,1,,0,2,1,19,A01
202000017399,2,7,,0,2,1,1,C01
202000017399,2,7,,0,2,2,1,B01
202000017400,3,2,,0,2,1,11,B01
202000017400,1,7,,0,2,2,9,A01
202000017401,2,7,,0,1,1,26,A01
202000017402,1,7,,0,2,1,5,A01
202000017402,1,7,,0,2,1,1,B01
202000017403,1,99,,0,2,1,1,B01
202000017403,1,99,,0,2,2,5,A01
202000017404,0,7,,5,0,1,1,A01
202000017405,1,2,,0,2,1,1,A01
202000017405,1,7,,0,2,6,2,B01
202000017406,1,32,,0,2,1,23,B01
202000017406,1,10,,0,2,4,4,A01
202000017407,2,32,,0,2,8,1,B01
202000017407,1,7,,0,2,1,15,A01
202000017408,2,7,,8,0,1,1,A01
202000017409,1,7,,0,2,5,1,B01
202000017409,2,33,,0,2,1,18,A01
202000017410,1,34,,0,2,1,3,A01
202000017410,1,7,,0,2,5,1,B01
202000017411,1,7,,0,2,0,1,Z01
202000017411,1,60,,0,2,7,19,A01
202000017412,1,50,,0,1,1,1,A01
202000017413,3,7,,9,0,2,15,A01
202000017414,1,7,,0,2,8,15,B01
202000017414,1,32,,0,2,2,17,A01
202000017415,1,1,,0,0,0,1,A01
202000017416,1,10,,0,1,1,1,Z01
202000017417,2,43,,0,1,2,1,A01
202000017418,2,80,,0,2,1,15,B01
202000017418,1,7,,0,2,3,1,A01
202000017419,1,7,,0,2,3,16,B01
202000017419,1,32,,0,2,4,1,A01
202000017420,1,7,,0,2,1,15,A01
202000017420,2,1,,0,2,1,1,B01
202000017421,1,7,,0,2,2,1,A01
202000017421,1,1,,0,2,1,19,B01
202000017422,1,10,,0,1,5,16,A01
202000017423,1,7,,0,2,2,16,B01
202000017423,1,37,2.0,0,2,3,7,A01
202000017424,2,30,,0,2,3,1,A01
202000017424,2,10,,0,2,7,12,B01
202000017425,0,10,,0,1,4,20,A01
202000017426,1,33,,1,2,4,16,B01
202000017426,1,7,,14,2,1,1,A01
202000017426,1,7,,1,2,4,0,C01
202000017427,1,7,,0,2,1,1,A01
202000017427,1,7,,0,2,4,2,B01
202000017428,1,7,,0,1,0,1,A01
202000017429,2,7,,0,1,2,1,A01
202000017430,1,7,,0,9,7,22,A01
202000017430,1,2,,0,0,8,0,B01
202000017431,0,30,,0,1,1,14,A01
202000017432,1,7,,0,2,1,2,B01
202000017432,1,15,,0,2,4,2,A01
202000017433,2,7,,0,2,1,19,A01
202000017433,1,7,,0,2,1,2,B01
202000017434,2,7,,12,0,2,26,A01
202000017435,0,1,,0,2,8,26,B01
202000017435,0,7,,0,2,3,15,A01
202000017436,1,7,,0,2,2,20,A01
202000017436,1,1,,0,2,2,1,B01
202000017437,2,7,,0,1,1,1,A01
202000017438,2,10,,0,2,2,19,B01
202000017438,1,7,,0,2,3,19,A01
202000017439,1,7,,0,1,1,1,A01
202000017440,2,33,,0,1,1,17,A01
202000017440,2,7,,0,2,8,23,B01
202000017441,2,34,,0,1,7,25,A01
202000017442,2,7,,0,2,5,16,A01
202000017442,2,1,,0,2,1,2,B01
202000017443,1,7,,0,2,2,17,A01