Num_Acc,senc,catv,occutc,obs,obsm,choc,manv,num_veh
202000017443,2,7,,0,2,3,1,B01
202000017444,3,7,,0,2,1,15,A01
202000017444,2,33,,0,0,7,1,B01
202000017445,0,7,,0,2,7,17,A01
202000017445,0,2,,0,2,8,1,B01
202000017446,1,17,,0,2,6,1,B01
202000017446,1,7,,3,2,2,17,A01
202000017447,1,7,,0,1,2,15,A01
202000017448,1,7,,13,0,3,13,A01
202000017449,3,35,,0,0,0,13,A01
202000017450,1,7,,0,2,2,0,B01
202000017450,2,7,,0,2,2,0,A01
202000017451,1,7,,0,2,6,1,A01
202000017451,1,7,,0,2,6,1,B01
202000017452,1,7,,0,1,1,1,A01
202000017453,2,7,,0,2,2,2,A01
202000017453,2,1,,0,2,4,2,B01
202000017453,2,1,,0,2,4,2,C01
202000017454,2,7,,0,2,2,1,B01
202000017454,1,7,,0,2,3,1,C01
202000017454,2,10,,0,0,6,15,A01
202000017455,3,7,,0,2,1,15,B01
202000017455,2,7,,8,2,2,1,A01
202000017456,1,7,,6,2,5,1,B01
202000017456,2,7,,0,2,2,19,A01
202000017457,1,7,,8,0,1,0,A01
202000017458,1,2,,0,2,1,2,B01
202000017458,1,10,,0,2,4,4,A01
202000017459,2,7,,2,0,0,1,A01
202000017460,1,7,,13,0,1,1,A01
202000017461,1,33,,13,0,1,17,A01
202000017462,3,1,,0,2,8,16,B01
202000017462,3,7,,0,2,1,1,A01
202000017463,2,7,,13,0,2,21,A01
202000017464,2,7,,0,2,1,15,A01
202000017464,1,1,,0,2,1,1,B01
202000017465,2,1,,0,2,1,1,C01
202000017465,2,1,,0,2,1,1,B01
202000017465,1,7,,0,2,1,13,A01
202000017466,1,10,,0,2,2,19,A01
202000017466,1,33,,0,2,7,1,B01
202000017467,2,7,,0,0,0,19,B01
202000017467,1,30,,0,9,1,0,A01
202000017468,2,7,,0,2,1,1,B01
202000017468,1,7,,0,2,1,17,A01
202000017469,2,7,,2,0,1,19,A01
202000017470,2,7,,0,2,3,1,B01
202000017470,1,33,,0,2,1,13,A01
202000017471,2,7,,13,0,1,14,A01
202000017472,1,2,,0,0,1,1,B01
202000017472,2,7,,0,0,3,1,A01
202000017473,1,7,,6,0,2,1,A01
202000017474,1,10,,2,0,8,2,A01
202000017475,1,7,,0,2,1,13,A01
202000017475,2,7,,0,2,1,1,B01
202000017475,1,15,,0,2,6,2,C01
202000017475,2,31,,1,0,1,2,D01
202000017475,1,7,,0,2,3,1,E01
202000017476,1,7,,0,2,2,15,A01
202000017476,1,2,,0,2,1,1,B01
202000017477,2,17,,0,0,6,1,B01
202000017477,2,10,,0,2,2,12,A01
202000017478,3,2,,0,0,9,1,A01
202000017479,2,7,,0,2,1,1,B01
202000017479,1,7,,0,2,1,17,A01
202000017480,3,2,,12,0,7,0,A01
202000017481,0,7,,0,2,3,15,A01
202000017481,3,2,,0,2,1,1,B01
202000017482,2,7,,2,0,6,1,A01
202000017483,2,1,,0,0,0,1,A01
202000017484,2,7,,0,0,9,26,A01
202000017485,0,7,,0,1,3,1,A01
202000017486,1,7,,0,1,1,1,A01
202000017487,1,7,,2,0,8,1,A01
202000017488,2,7,,16,0,9,1,A01
202000017489,0,7,,8,0,2,1,A01
202000017490,3,33,,0,2,1,1,C01
202000017490,3,7,,0,2,3,1,B01
202000017490,3,7,,0,2,3,21,A01
202000017491,1,7,,0,2,7,1,B01
202000017491,1,7,,0,2,3,11,A01
202000017492,2,32,,0,2,4,1,B01
202000017492,2,10,,0,2,1,2,A01
202000017493,1,10,,0,2,5,1,B01
202000017493,1,33,,0,2,1,3,A01
202000017494,2,7,,0,2,1,1,A01
202000017494,2,7,,0,2,4,1,B01
202000017495,2,7,,0,2,4,2,C01
202000017495,2,7,,0,2,1,2,A01
202000017495,2,10,,0,2,4,2,B01
202000017496,1,7,,0,2,1,1,A01
202000017496,1,7,,0,2,4,2,B01
202000017497,1,7,,3,2,4,1,C01
202000017497,1,10,,0,2,1,2,A01
202000017497,1,10,,0,2,5,2,B01
202000017498,2,7,,4,0,2,14,A01
202000017499,2,7,,0,2,8,1,B01
202000017499,2,17,,0,2,2,14,A01
202000017500,2,10,,0,2,4,2,C01
202000017500,2,7,,0,2,4,2,B01
202000017500,2,10,,0,2,1,2,A01
202000017501,1,7,,4,2,6,1,B01
202000017501,1,7,,0,2,2,1,A01
202000017502,2,7,,0,2,4,1,C01
202000017502,2,7,,0,2,4,1,B01
202000017502,2,7,,0,2,1,1,A01
202000017503,1,7,,0,1,1,1,A01
202000017504,3,31,,0,0,8,26,A01
202000017505,1,40,,0,9,2,1,B01
202000017505,1,50,,8,-1,7,19,A01
202000017506,3,1,,0,1,0,0,A01
202000017507,1,7,,0,2,4,23,B01
202000017507,1,7,,0,2,1,1,A01
202000017508,1,7,,0,2,1,1,B01
202000017508,1,7,,0,2,5,15,A01
202000017509,1,17,,6,1,1,1,A01
202000017510,0,7,,2,0,1,26,A01
202000017511,3,31,,0,2,8,16,A01
202000017511,3,30,,0,2,7,2,B01
202000017512,1,7,,4,0,1,1,A01
202000017513,0,1,,0,2,6,19,B01
202000017513,1,7,,0,2,4,16,A01
202000017514,1,7,,0,0,3,9,B01
202000017514,1,34,,0,2,2,21,A01
202000017515,1,7,,0,2,2,1,A01
202000017515,3,60,,0,2,8,1,B01
202000017516,2,33,,0,0,7,15,A01
202000017517,2,7,,1,0,1,13,A01
202000017518,0,7,,15,0,4,4,A01
202000017519,2,7,,6,0,1,26,A01
202000017520,1,7,,0,1,0,0,Z01
202000017521,0,7,,0,2,0,0,B01
202000017521,0,7,,0,2,0,16,A01
202000017522,2,37,1.0,0,0,4,1,C01
202000017522,2,7,,0,2,4,1,B01
202000017522,2,7,,0,2,1,1,Z01
202000017523,2,7,,0,2,2,1,A01
202000017523,2,7,,0,2,1,1,B01
202000017524,1,7,,0,2,1,9,B01
202000017524,1,7,,0,2,4,9,A01
202000017525,1,7,,0,2,2,15,B01
202000017525,1,32,,0,2,1,18,A01
202000017525,1,7,,0,2,4,0,C01
202000017526,2,33,,0,2,1,1,A01
202000017526,2,10,,0,2,4,1,B01
202000017527,2,7,,0,2,3,15,A01
202000017527,1,7,,0,2,3,1,B01
202000017528,1,7,,0,1,1,15,A01
202000017529,2,7,,0,2,4,2,B01
202000017529,2,7,,0,2,1,2,A01
202000017530,1,7,,0,2,2,1,A01
202000017530,1,60,,0,2,0,9,B01
202000017531,1,7,,0,2,1,2,A01
202000017531,1,7,,0,2,4,2,B01
202000017532,1,7,,0,2,2,1,A01
202000017532,1,7,,1,2,0,9,B01
202000017533,1,7,,0,2,0,15,B01
202000017533,2,30,,0,2,1,1,A01
202000017534,1,1,,12,0,1,14,A01
202000017535,1,7,,0,2,1,1,A01
202000017535,1,10,,0,2,4,23,B01
202000017536,2,7,,0,2,7,1,A01
202000017536,2,32,,0,2,1,1,B01
202000017537,1,32,,0,1,1,1,A01
202000017538,2,30,,0,2,7,17,B01
202000017538,2,7,,0,2,8,13,A01
202000017539,1,7,,0,2,2,1,A01
202000017539,1,43,,0,2,8,3,B01
202000017540,1,1,,14,0,1,13,A01
202000017541,1,10,,0,2,2,26,A01
202000017541,1,34,,0,2,1,1,B01
202000017542,3,13,,0,1,2,21,A01
202000017543,1,7,,0,2,1,1,A01
202000017543,1,7,,0,2,4,1,B01
202000017544,2,10,,0,2,2,1,B01
202000017544,1,7,,0,2,4,15,A01
202000017545,-1,20,,0,2,1,2,A01
202000017545,-1,20,,0,2,0,0,B01
202000017546,1,7,,1,0,3,0,C01
202000017546,1,7,,0,0,4,0,B01
202000017546,1,7,,0,2,1,13,A01
202000017547,1,34,,0,2,1,19,A01
202000017547,1,7,,0,9,3,15,B01
202000017548,1,30,,0,0,5,26,B01
202000017549,3,50,,0,1,4,25,A01
202000017550,3,10,,0,2,3,18,A01
202000017550,3,34,,0,0,0,0,B01
202000017551,1,30,,0,0,7,8,A01
202000017552,2,7,,0,2,3,20,A01
202000017552,2,99,,1,2,3,2,B01
202000017553,2,7,,0,0,6,1,B01
202000017553,0,7,,0,2,8,9,A01
202000017554,1,99,,0,0,6,23,B01
202000017554,1,7,,0,2,2,17,A01
202000017555,1,7,,0,1,6,4,A01
202000017556,2,7,,0,2,1,13,A01
202000017556,1,7,,0,2,1,1,B01
202000017557,2,10,,4,2,9,17,A01
202000017557,2,17,,0,2,8,1,B01
202000017558,2,7,,0,2,1,1,B01
202000017558,1,7,,13,2,2,13,A01
202000017559,1,7,,0,2,5,14,B01
202000017559,1,7,,0,2,3,1,A01
202000017560,2,7,,0,2,4,2,A01
202000017560,2,2,,0,2,1,2,B01
202000017561,2,7,,0,0,1,1,A01
202000017562,1,7,,0,2,1,2,A01
202000017562,1,10,,0,0,4,2,B01
202000017563,1,32,,0,0,4,1,B01
202000017563,1,7,,0,2,1,1,A01
202000017564,1,10,,0,2,1,1,B01
202000017564,1,10,,0,2,3,1,C01
202000017564,2,15,,3,2,1,0,A01
202000017565,2,17,,13,0,2,1,A01
202000017566,2,7,,0,0,4,2,B01
202000017566,2,7,,0,2,1,2,A01
202000017567,2,33,,0,2,1,1,B01
202000017567,2,7,,0,2,7,19,A01
202000017568,2,7,,0,2,8,9,A01
202000017568,2,2,,0,2,1,1,B01
202000017569,3,2,,13,0,1,14,A01
202000017570,1,32,,0,2,1,1,B01
202000017570,2,7,,0,2,3,15,A01
202000017571,3,7,,0,2,3,1,A01
202000017571,3,2,,0,2,3,1,B01
202000017572,2,33,,0,2,1,1,B01
202000017572,1,10,,0,2,6,15,A01
202000017573,2,33,,13,0,1,13,A01
202000017574,1,7,,0,2,1,1,B01
202000017574,2,7,,0,2,1,13,A01
202000017575,3,2,,1,0,1,1,A01
202000017576,1,2,,13,0,1,1,A01
202000017577,0,1,,0,2,1,1,B01
202000017577,0,7,,0,2,3,1,A01
202000017578,2,7,,0,2,3,23,B01
202000017578,2,7,,0,2,2,1,C01
202000017578,1,7,,0,2,7,15,A01
202000017579,3,31,,0,2,1,16,B01
202000017579,3,7,,0,2,3,15,A01
202000017580,1,7,,0,0,8,16,B01
202000017580,1,7,,0,2,1,1,A01
202000017581,2,1,,3,0,3,1,A01
202000017582,1,7,,0,2,1,13,C01
202000017582,2,7,,0,2,1,1,B01
202000017582,2,7,,0,2,8,1,A01
202000017583,1,7,,0,2,3,1,A01
202000017583,2,7,,0,2,3,1,B01
202000017584,3,7,,8,0,1,1,A01
202000017585,1,7,,1,0,3,15,A01
202000017585,1,37,1.0,0,2,2,13,B01
202000017585,2,7,,0,0,4,26,C01
202000017586,0,7,,0,2,1,13,A01
202000017586,0,7,,0,2,1,1,B01
202000017587,0,7,,0,2,3,13,A01
202000017587,1,7,,0,2,3,1,B01
202000017588,2,7,,0,2,2,5,A01
202000017588,1,2,,0,2,7,1,B01
202000017589,3,2,,0,2,3,13,A01
202000017589,3,7,,0,2,3,1,B01
202000017590,1,30,,0,2,1,15,A01
202000017590,2,7,,0,2,3,1,B01
202000017591,2,7,,8,0,2,14,A01
202000017592,1,7,,0,2,8,9,B01
202000017592,2,7,,0,2,1,1,A01
202000017593,1,33,,0,6,1,0,A01
202000017594,1,7,,0,0,9,1,A01
202000017595,2,7,,0,2,7,1,D01
202000017595,2,7,,0,2,3,2,C01
202000017595,2,7,,0,2,5,13,B01
202000017595,2,7,,0,0,0,1,A01
202000017596,1,7,,13,0,0,0,A01
202000017597,3,7,,0,2,7,15,A01
202000017597,3,0,,0,2,0,1,B01
202000017598,1,7,,2,0,5,1,A01
202000017599,0,7,,13,0,0,1,A01
202000017600,2,15,,0,2,8,1,B01
202000017600,2,7,,4,2,1,17,A01
202000017601,1,1,,0,2,4,2,B01
202000017601,1,7,,0,2,2,2,A01
202000017602,2,7,,0,2,7,3,A01
202000017602,2,7,,0,2,1,1,B01
202000017602,2,13,,0,2,2,1,C01
202000017603,1,2,,12,0,2,0,A01
202000017604,1,7,,3,2,1,13,A01
202000017604,1,7,,0,2,5,1,B01
202000017605,1,33,,12,0,2,1,A01
202000017606,2,7,,15,0,1,13,A01
202000017607,1,7,,0,2,1,1,A01
202000017607,1,7,,0,2,4,2,B01
202000017608,3,7,,0,1,2,16,A01
202000017609,1,7,,0,2,1,2,A01
202000017609,1,1,,0,2,4,2,B01
202000017610,1,1,,0,0,8,1,A01
202000017610,1,7,,0,2,7,2,B01
202000017611,2,7,,5,0,1,26,A01
202000017612,1,10,,4,0,1,13,A01
202000017613,1,7,,0,1,2,1,A01
202000017614,2,10,,0,2,1,1,B01
202000017614,1,7,,0,2,1,13,A01
202000017615,1,7,,0,2,1,15,A01
202000017615,2,33,,0,2,2,1,B01
202000017616,2,31,,0,2,1,17,B01
202000017616,1,10,,0,2,3,20,A01
202000017617,1,7,,0,2,3,9,A01
202000017617,1,7,,0,2,7,1,B01
202000017618,2,7,,0,9,7,10,C01
202000017618,1,1,,0,2,1,1,B01
202000017618,1,1,,0,2,1,1,A01
202000017619,1,7,,0,2,7,13,B01
202000017619,2,7,,3,2,2,13,A01
202000017620,0,7,,0,9,1,1,A01
202000017620,0,1,,0,2,2,5,B01
202000017621,2,7,,2,0,7,13,A01
202000017622,2,7,,0,2,1,1,A01
202000017622,1,7,,0,2,7,15,B01
202000017623,0,7,,0,2,8,15,B01
202000017623,2,31,,0,2,1,13,A01
202000017624,1,99,,0,2,1,1,B01
202000017624,2,7,,0,9,3,1,A01
202000017625,1,7,,0,2,0,0,A01
202000017625,1,7,,0,2,4,1,C01
202000017625,1,7,,0,2,4,1,B01
202000017626,1,7,,0,2,1,1,A01
202000017626,1,7,,0,2,4,1,B01
202000017627,2,7,,0,2,0,0,B01
202000017627,2,7,,0,2,1,2,A01
202000017628,2,7,,0,2,2,26,A01
202000017628,2,30,,0,2,4,0,B01
202000017629,2,15,,0,2,2,1,A01
202000017629,2,7,,4,2,6,1,B01
202000017630,2,99,,0,2,2,1,B01
202000017630,2,1,,0,2,2,19,A01
202000017631,3,7,,0,2,1,26,A01
202000017631,3,1,,0,2,6,26,B01
202000017632,1,33,,0,0,5,1,A01
202000017633,1,30,,9,0,1,1,A01
202000017634,1,7,,0,5,1,21,A01
202000017635,3,7,,0,9,3,1,A01
202000017635,3,1,,12,2,1,1,B01
202000017636,1,7,,3,0,2,14,A01
202000017637,3,10,,0,2,2,15,A01
202000017637,3,33,,0,2,1,1,B01
202000017638,2,15,,0,2,2,12,A01
202000017638,2,7,,0,2,6,1,B01
202000017639,2,33,,0,2,7,2,A01
202000017639,2,7,,0,2,6,2,B01
202000017640,2,7,,0,1,1,1,A01
202000017641,1,33,,0,2,4,2,B01
202000017641,1,7,,0,2,1,2,A01
202000017642,1,7,,0,2,4,26,E01
202000017642,1,7,,0,2,4,21,D01
202000017642,1,7,,0,2,4,26,C01
202000017642,1,7,,0,2,1,21,A01
202000017642,1,7,,0,2,4,21,B01
202000017643,2,10,,0,2,5,1,A01
202000017643,2,1,,0,2,5,1,B01
202000017644,0,7,,0,9,8,15,A01
202000017644,1,31,,0,2,1,1,B01
202000017645,2,7,,0,2,6,19,A01
202000017645,2,33,,1,2,1,1,B01
202000017646,2,0,,0,9,7,16,A01
202000017646,2,2,,0,2,1,1,B01
202000017647,3,7,,0,1,2,2,A01
202000017648,1,34,,0,9,0,26,A01
202000017648,2,30,,0,9,0,0,B01
202000017649,2,7,,0,2,2,12,A01
202000017649,2,7,,0,2,3,1,B01
202000017650,1,1,,0,2,1,1,A01
202000017650,2,7,,0,2,8,1,B01
202000017651,1,1,,0,1,1,5,A01
202000017652,1,7,,0,2,1,1,Z01
202000017652,2,7,,0,2,1,1,B01
202000017653,1,7,,0,0,9,14,A01
202000017654,1,7,,12,0,1,26,A01
202000017655,1,30,,0,2,8,1,A01
202000017655,1,7,,0,2,2,16,B01
202000017656,2,7,,0,2,1,15,A01
202000017656,0,33,,0,2,8,1,B01
202000017657,1,10,,0,1,0,1,A01
202000017658,1,30,,0,0,8,1,A01
202000017659,1,7,,0,2,1,17,A01
202000017659,2,7,,0,2,1,1,B01
202000017659,2,7,,0,2,3,1,C01
202000017660,0,7,,0,2,1,1,A01
202000017660,0,7,,0,2,8,1,B01
202000017661,1,7,,0,2,1,1,A01
202000017661,1,7,,0,0,0,0,B01
202000017662,3,7,,0,1,8,0,A01
202000017663,1,7,,0,2,1,26,A01
202000017663,1,2,,0,2,1,26,B01
202000017664,1,7,,0,1,1,1,A01
202000017665,1,7,,0,1,2,1,A01
202000017666,0,7,,0,1,0,0,A01
202000017667,0,7,,0,2,8,1,B01
202000017667,0,7,,0,2,3,1,A01
202000017668,2,7,,0,2,2,17,A01
202000017668,2,80,,0,2,8,1,B01
202000017669,1,37,1.0,0,0,7,1,B01
202000017669,1,1,,0,2,7,9,A01
202000017670,1,7,,0,2,4,2,A01
202000017670,1,7,,0,2,4,2,B01
202000017670,1,7,,0,2,1,2,Z01
202000017671,1,7,,0,2,1,1,A01
202000017671,1,7,,0,2,4,1,B01
202000017672,1,7,,0,2,0,1,Z01
202000017672,0,34,,0,2,8,1,A01
202000017673,1,7,,14,0,0,16,B01
202000017673,1,7,,15,0,0,15,A01
202000017674,1,7,,0,2,1,2,A01
202000017674,1,10,,0,2,4,2,B01
202000017675,2,7,,0,1,3,1,A01
202000017676,1,7,,0,0,0,1,B01
202000017676,2,7,,0,1,1,1,A01
202000017677,1,7,,0,2,3,1,A01
202000017677,1,7,,0,2,1,1,B01
202000017678,1,7,,0,2,3,9,A01
202000017678,1,1,,0,2,7,1,B01
202000017679,1,7,,0,2,1,2,A01
202000017679,1,7,,0,2,4,2,B01
202000017680,1,33,,0,2,4,2,B01
202000017680,1,7,,0,2,1,2,A01
202000017681,0,99,,0,2,3,19,A01
202000017681,0,99,,8,2,1,1,B01
202000017682,3,7,,0,1,1,15,A01
202000017683,2,7,,0,1,3,1,A01
202000017684,0,3,,0,2,7,0,B01
202000017684,0,7,,0,2,1,1,A01
202000017685,1,3,,0,1,2,1,A01
202000017686,1,7,,0,2,1,1,A01
202000017686,1,7,,0,2,0,23,B01
202000017687,3,7,,0,2,1,1,B01
202000017687,3,7,,0,1,1,1,A01
202000017688,2,7,,0,9,3,1,A01
202000017688,1,1,,0,2,1,19,B01
202000017689,1,1,,0,2,0,1,A01
202000017689,1,7,,0,2,0,0,B01
202000017690,1,7,,14,0,1,1,A01
202000017691,2,34,,12,0,1,14,A01
202000017692,1,80,,14,0,1,9,A01
202000017693,3,32,,0,0,8,26,A01
202000017694,1,7,,0,2,4,23,B01
202000017694,1,7,,0,2,4,23,C01
202000017694,1,10,,0,2,1,9,A01
202000017695,2,32,,0,0,8,17,A01
202000017696,3,7,,0,2,1,2,B01
202000017696,3,7,,0,2,8,13,A01
202000017697,2,7,,0,2,1,1,A01
202000017697,2,35,,0,2,4,1,B01
202000017698,0,1,,0,2,1,2,B01
202000017698,0,99,,0,2,3,22,A01
202000017699,1,1,,0,2,1,1,B01
202000017699,2,7,,0,2,1,15,A01
202000017700,3,2,,0,2,7,1,B01
202000017700,3,7,,0,2,6,19,A01
202000017701,2,33,,0,2,1,1,B01
202000017701,1,7,,0,2,1,15,A01
202000017702,3,7,,0,2,8,10,A01
202000017702,3,31,,0,0,0,0,B01
202000017703,2,7,,0,2,3,1,B01
202000017703,1,10,,0,2,3,13,A01
202000017704,1,10,,0,2,3,16,A01
202000017704,1,1,,0,2,2,1,B01
202000017705,1,7,,0,2,1,14,A01
202000017706,0,40,,0,1,1,1,A01
202000017707,1,7,,0,2,7,1,B01
202000017707,1,30,,0,2,8,1,A01
202000017708,0,40,,0,2,1,1,B01
202000017708,0,1,,0,4,1,1,A01
202000017709,3,7,,4,0,1,0,A01
202000017710,1,1,,0,2,8,11,A01
202000017710,1,31,,0,2,1,1,B01
202000017711,1,7,,0,2,3,21,B01
202000017711,2,7,,0,2,1,13,A01
202000017712,0,7,,1,0,1,1,A01
202000017713,1,7,,0,1,1,1,A01
202000017714,1,7,,0,2,2,16,A01
202000017714,1,31,,0,2,1,1,B01
202000017715,2,7,,13,0,9,0,A01
202000017715,2,7,,0,2,1,2,B01
202000017716,1,7,,0,0,9,1,A01
202000017717,1,1,,0,2,8,1,B01
202000017717,1,7,,0,2,2,16,A01
202000017718,0,2,,0,1,1,1,A01
202000017719,2,32,,11,0,1,1,A01
202000017720,1,7,,0,0,4,1,B01
202000017720,1,31,,0,2,1,1,A01
202000017721,1,33,,0,0,0,0,B01
202000017721,2,7,,0,2,8,17,A01
202000017722,0,7,,0,2,3,15,A01
202000017722,0,7,,0,2,1,1,B01
202000017723,3,50,,0,2,0,0,B01
202000017723,3,7,,0,2,1,9,A01
202000017724,0,33,,0,0,4,1,B01
202000017724,0,7,,0,2,1,2,A01
202000017725,2,1,,0,2,1,1,B01
202000017725,1,7,,0,9,3,15,A01
202000017726,0,7,,0,2,8,1,B01
202000017726,0,7,,0,2,0,1,A01
202000017727,0,7,,0,2,0,0,Z01
202000017727,2,7,,0,2,8,2,A01
202000017728,3,10,,0,2,8,9,A01
202000017728,3,1,,0,2,7,1,B01
202000017729,1,33,,3,0,1,0,A01
202000017730,2,7,,0,2,2,26,A01
202000017730,2,7,,0,2,6,26,B01
202000017731,2,7,,3,0,1,15,A01
202000017732,3,37,1.0,0,1,3,19,A01
202000017733,1,7,,8,0,1,2,A01
202000017734,2,7,,0,2,8,9,A01
202000017734,1,30,,0,2,0,1,B01
202000017735,1,32,,0,2,1,1,B01
202000017735,1,7,,0,2,3,10,A01
202000017736,1,3,,0,1,5,1,Z01
202000017737,1,7,,0,2,4,0,B01
202000017737,1,7,,0,2,1,26,A01
202000017738,1,7,,0,2,6,4,B01
202000017738,1,31,,0,2,1,2,A01
202000017739,2,80,,0,0,0,1,A01
202000017740,2,7,,0,2,4,1,C01
202000017740,2,7,,0,2,9,1,B01
202000017740,2,10,,0,2,1,1,A01
202000017741,2,7,,0,2,4,1,B01
202000017741,1,31,,0,2,1,26,A01
202000017742,0,7,,0,2,2,13,A01
202000017742,1,7,,0,2,2,1,B01
202000017743,1,10,,0,1,1,2,A01
202000017743,1,7,,0,2,1,2,B01
202000017744,3,7,,0,2,1,1,B01
202000017744,3,7,,0,2,1,13,A01
202000017745,2,17,,0,2,6,1,B01
202000017745,2,33,,0,2,1,2,A01
202000017746,1,1,,0,2,8,0,B01
202000017746,1,7,,0,2,7,16,A01
202000017747,1,7,,0,2,2,26,B01
202000017747,1,7,,16,2,6,15,A01
202000017748,1,10,,0,2,1,2,D01
202000017748,1,7,,0,2,4,9,E01
202000017748,1,32,,0,2,1,2,A01
202000017748,1,10,,0,2,1,2,B01
202000017748,1,7,,0,2,1,2,C01
202000017749,1,32,,0,2,8,3,B01
202000017749,1,7,,0,2,7,12,A01
202000017750,3,7,,0,0,0,0,A01
202000017750,3,2,,0,2,0,21,B01
202000017751,1,7,,0,2,3,15,A01
202000017751,1,31,,0,2,1,21,B01
202000017752,1,7,,4,0,3,1,A01
202000017753,1,30,,0,2,1,2,A01
202000017753,2,7,,0,2,0,15,B01
202000017754,1,7,,12,1,1,14,A01
202000017755,1,1,,0,1,0,21,A01
202000017756,1,7,,0,1,6,1,A01
202000017757,1,7,,0,2,2,10,A01
202000017757,2,1,,0,2,8,1,B01
202000017758,3,7,,0,2,1,12,A01
202000017758,3,7,,0,2,3,1,B01
202000017759,2,7,,0,1,3,1,A01
202000017760,1,1,,0,2,1,1,A01
202000017760,1,1,,0,2,6,1,B01
202000017761,3,7,,0,2,1,2,A01
202000017761,3,7,,0,2,3,1,B01
202000017762,2,7,,8,0,3,13,A01
202000017763,1,10,,0,1,1,1,A01
202000017764,3,7,,0,2,3,0,B01
202000017764,3,33,,0,2,0,0,A01
202000017765,2,30,,0,2,1,11,B01
202000017765,2,7,,0,2,2,15,A01
202000017766,2,1,,0,0,0,1,A01
202000017767,1,7,,0,2,4,1,B01
202000017767,1,7,,0,2,3,2,A01
202000017768,1,7,,0,2,4,2,C01
202000017768,1,7,,0,2,6,23,B01
202000017768,1,7,,0,2,1,2,A01
202000017769,2,7,,0,2,2,15,A01
202000017769,2,33,,0,2,1,8,B01
202000017770,3,30,,0,2,1,1,A01
202000017770,3,7,,0,2,3,1,B01
202000017771,1,7,,0,2,5,1,B01
202000017771,1,34,,0,2,1,1,A01
202000017772,2,32,,0,2,8,1,A01
202000017772,1,7,,0,2,2,15,B01
202000017773,1,7,,0,2,6,11,A01
202000017773,1,33,,0,2,1,1,B01
202000017774,2,50,,0,2,1,1,B01
202000017774,2,50,,0,2,4,17,A01
202000017775,2,7,,0,2,3,9,A01
202000017775,2,33,,0,2,1,1,B01
202000017776,3,32,,0,2,6,18,A01
202000017776,3,7,,0,2,2,1,B01
202000017777,1,7,,0,1,1,1,A01
202000017778,3,7,,0,2,3,15,B01
202000017778,3,7,,0,2,2,1,A01
202000017779,1,30,,0,2,1,1,A01
202000017779,1,7,,0,2,8,15,B01
202000017780,2,50,,0,2,8,15,A01
202000017780,1,1,,0,2,1,1,Z01
202000017781,2,1,,0,0,0,15,A01
202000017782,1,1,,0,0,1,1,A01
202000017783,2,34,,0,1,1,17,A01
202000017784,2,30,,0,2,8,1,B01
202000017784,2,10,,0,2,2,16,A01
202000017785,1,1,,0,2,1,1,B01
202000017785,1,10,,0,2,8,22,A01
202000017786,2,99,,0,1,1,15,A01
202000017787,1,7,,5,1,3,16,A01
202000017788,3,7,,0,1,1,1,A01
202000017789,2,0,,0,1,4,20,Z01
202000017790,3,2,,0,2,1,1,B01
202000017790,3,7,,0,2,2,1,A01
202000017791,-1,2,,0,2,1,1,B01
202000017791,-1,7,,0,2,3,15,A01
202000017792,2,60,,0,2,3,19,B01
202000017792,1,7,,0,2,8,15,A01
202000017793,-1,14,,0,2,6,0,B01
202000017793,-1,7,,14,0,2,11,A01
202000017794,2,7,,0,0,0,9,B01
202000017794,2,1,,8,0,2,21,A01
202000017795,0,7,,0,0,1,1,A01
202000017796,0,7,,0,1,4,26,A01
202000017797,2,7,,0,1,0,1,A01
202000017798,3,50,,0,2,1,5,A01
202000017798,2,33,,0,2,2,2,B01
202000017799,1,60,,0,0,0,19,A01
202000017800,1,7,,0,1,1,19,A01
202000017801,1,7,,0,2,4,23,B01
202000017801,2,7,,0,2,3,2,A01
202000017802,2,33,,0,2,1,19,A01
202000017802,1,7,,0,2,2,19,B01
202000017803,1,7,,15,2,8,0,B01
202000017803,1,30,,0,2,1,19,A01
202000017804,2,32,,0,1,1,17,A01
202000017805,0,7,,0,2,3,15,B01
202000017805,3,32,,0,2,1,5,A01
202000017806,1,20,,0,2,5,10,A01
202000017806,1,31,,0,2,1,1,B01
202000017807,-1,33,,0,0,3,2,B01
202000017807,-1,7,,0,2,5,9,A01
202000017808,2,10,,0,2,5,14,A01
202000017808,2,50,,0,2,8,1,B01
202000017809,-1,7,,0,0,9,13,A01
202000017810,3,80,,0,0,0,1,A01
202000017811,1,1,,0,0,1,25,A01
202000017812,2,60,,0,2,0,0,B01
202000017812,2,10,,0,2,7,21,A01
202000017813,2,7,,0,2,1,1,A01
202000017813,1,1,,1,0,1,15,B01
202000017814,1,34,,0,2,1,19,B01
202000017814,2,30,,0,2,5,5,A01
202000017815,1,10,,0,1,7,16,A01
202000017816,1,32,,0,1,1,3,A01
202000017817,3,7,,0,2,1,1,B01
202000017817,3,7,,0,2,1,1,A01
202000017818,2,1,,0,2,1,1,B01
202000017818,1,7,,0,9,2,17,A01
202000017819,1,7,,0,1,2,0,A01
202000017820,3,7,,2,2,3,1,A01
202000017820,3,7,,2,2,7,15,B01
202000017821,2,7,,0,2,4,1,B01
202000017821,2,7,,0,2,1,1,A01