Num_Acc,senc,catv,occutc,obs,obsm,choc,manv,num_veh
202000017822,1,7,,0,2,1,2,A01
202000017822,1,7,,0,0,4,2,B01
202000017823,1,7,,0,1,2,1,A01
202000017824,2,33,,0,0,8,1,A01
202000017825,3,7,,0,1,4,20,A01
202000017826,1,7,,0,2,7,19,A01
202000017826,2,17,,0,2,3,1,B01
202000017827,1,2,,0,0,0,1,A01
202000017828,2,7,,1,2,1,1,B01
202000017828,2,7,,0,0,5,23,A01
202000017828,2,7,,0,0,0,23,C01
202000017829,1,1,,0,2,1,1,B01
202000017829,0,7,,0,0,6,15,A01
202000017830,2,7,,0,2,8,2,B01
202000017830,1,33,,0,2,2,17,A01
202000017830,2,7,,0,2,0,2,C01
202000017831,2,7,,8,0,0,1,A01
202000017832,1,33,,0,2,1,0,A01
202000017832,1,10,,0,0,4,2,B01
202000017833,0,31,,13,0,0,1,A01
202000017834,2,7,,13,0,9,1,A01
202000017835,2,7,,0,0,3,1,B01
202000017835,1,31,,0,2,0,13,A01
202000017836,1,7,,0,2,2,1,A01
202000017836,2,21,,0,2,3,1,B01
202000017836,2,7,,0,2,6,1,C01
202000017837,1,33,,2,0,0,14,A01
202000017838,0,10,,8,0,1,0,A01
202000017839,1,2,,0,2,1,2,A01
202000017839,1,15,,0,0,6,2,B01
202000017840,2,10,,0,2,3,13,A01
202000017840,1,38,1.0,0,2,3,1,B01
202000017841,-1,31,,6,0,7,0,A01
202000017842,1,7,,0,2,5,15,B01
202000017842,1,33,,0,2,1,2,A01
202000017843,2,7,,0,2,3,9,A01
202000017843,2,10,,0,2,3,2,B01
202000017844,3,7,,0,9,5,10,A01
202000017844,0,33,,0,2,1,1,B01
202000017845,1,0,,0,2,7,17,A01
202000017845,1,1,,0,2,6,2,B01
202000017846,3,37,1.0,0,2,8,1,B01
202000017846,3,33,,0,2,8,1,A01
202000017847,1,10,,0,0,3,2,A01
202000017848,2,7,,0,2,1,0,A01
202000017849,1,1,,0,2,8,2,B01
202000017849,1,14,,0,9,1,2,A01
202000017850,1,7,,0,2,2,0,A01
202000017850,2,7,,0,2,3,0,B01
202000017851,1,7,,0,2,1,5,A01
202000017851,2,7,,0,2,2,21,B01
202000017852,3,7,,13,0,3,15,A01
202000017853,2,33,,0,2,1,2,A01
202000017853,2,7,,0,0,4,2,B01
202000017854,3,7,,0,2,7,1,A01
202000017854,3,50,,0,2,1,1,B01
202000017855,0,7,,0,1,1,1,A01
202000017856,3,7,,0,2,3,23,C01
202000017856,1,2,,0,2,1,1,B01
202000017856,1,7,,0,2,2,1,A01
202000017857,3,7,,0,2,2,9,A01
202000017857,2,1,,0,2,5,1,B01
202000017858,2,33,,0,0,8,1,A01
202000017859,2,7,,13,0,3,13,A01
202000017860,1,7,,0,0,9,0,A01
202000017861,2,7,,0,2,1,1,B01
202000017861,3,7,,0,2,1,9,A01
202000017862,1,7,,0,2,6,2,B01
202000017862,1,33,,0,2,1,2,A01
202000017863,3,10,,0,1,1,1,A01
202000017864,1,2,,0,0,7,1,A01
202000017865,3,7,,0,2,1,1,A01
202000017865,2,10,,0,2,3,1,B01
202000017866,1,10,,0,9,2,1,A01
202000017866,1,1,,0,2,1,26,B01
202000017867,3,7,,6,0,1,1,A01
202000017868,1,7,,0,5,1,1,A01
202000017869,0,7,,0,2,3,9,A01
202000017869,1,7,,0,2,5,0,B01
202000017870,1,33,,0,2,1,12,A01
202000017871,2,7,,0,2,2,17,A01
202000017871,2,38,1.0,0,2,6,1,B01
202000017872,2,7,,0,2,2,17,B01
202000017872,2,7,,0,2,6,1,A01
202000017873,1,10,,0,2,4,1,D01
202000017873,1,7,,0,2,1,2,A01
202000017873,1,7,,0,2,4,2,C01
202000017873,1,10,,0,2,4,2,B01
202000017873,1,7,,0,2,4,1,E01
202000017874,2,33,,16,0,1,14,A01
202000017875,2,33,,0,2,8,12,B01
202000017875,2,10,,0,2,7,12,A01
202000017876,2,31,,0,2,1,2,A01
202000017876,2,7,,0,2,6,0,B01
202000017877,1,7,,0,0,0,26,A01
202000017877,1,7,,0,0,0,0,C01
202000017877,1,7,,0,0,0,0,B01
202000017878,2,32,,0,2,2,26,B01
202000017878,2,32,,0,2,3,26,A01
202000017879,1,14,,0,2,0,2,A01
202000017879,1,14,,0,2,5,2,B01
202000017879,1,10,,0,2,1,2,C01
202000017880,2,32,,0,0,3,1,A01
202000017881,1,15,,3,0,4,23,A01
202000017881,1,2,,3,2,1,1,B01
202000017882,1,7,,0,2,8,11,A01
202000017882,1,33,,0,2,7,1,B01
202000017883,1,7,,0,2,4,23,B01
202000017883,1,7,,0,2,1,2,C01
202000017883,1,7,,0,2,4,23,A01
202000017884,2,7,,4,0,3,1,A01
202000017885,2,7,,0,2,5,12,A01
202000017885,2,33,,0,2,3,3,B01
202000017886,1,31,,0,0,0,26,A01
202000017887,3,2,,0,2,7,1,B01
202000017887,3,7,,0,2,8,15,A01
202000017888,1,34,,0,2,7,1,B01
202000017888,1,7,,0,2,8,17,A01
202000017889,3,7,,0,1,1,1,A01
202000017890,2,7,,0,2,8,15,B01
202000017890,2,7,,0,2,1,1,A01
202000017891,1,7,,0,2,3,5,A01
202000017891,2,7,,0,2,3,2,B01
202000017892,3,7,,0,1,3,19,A01
202000017893,1,7,,0,1,1,1,A01
202000017894,1,30,,0,2,3,13,B01
202000017894,1,7,,0,2,3,2,A01
202000017895,3,7,,14,2,4,1,B01
202000017895,3,7,,0,2,1,2,A01
202000017896,1,7,,0,2,1,2,A01
202000017896,1,7,,0,2,4,23,C01
202000017896,1,7,,0,2,4,23,B01
202000017897,1,7,,0,0,9,1,A01
202000017898,1,7,,0,2,7,1,B01
202000017898,1,7,,0,2,9,26,A01
202000017899,0,7,,0,1,1,1,A01
202000017900,2,1,,0,4,1,1,B01
202000017900,1,40,,0,2,8,26,A01
202000017901,2,30,,0,2,1,13,A01
202000017901,1,7,,0,2,3,1,B01
202000017902,1,7,,0,2,4,23,B01
202000017902,1,31,,0,2,1,1,A01
202000017903,1,7,,0,2,3,15,A01
202000017903,2,7,,0,2,3,0,B01
202000017904,3,32,,0,2,4,1,B01
202000017904,3,7,,0,2,1,26,A01
202000017905,1,10,,0,1,2,1,A01
202000017906,0,7,,6,0,1,16,A01
202000017907,1,7,,0,2,4,2,C01
202000017907,1,7,,0,2,1,2,B01
202000017907,1,7,,0,2,1,2,A01
202000017908,0,0,,0,1,0,26,A01
202000017909,3,1,,0,2,1,1,A01
202000017909,3,7,,0,2,8,1,B01
202000017910,3,33,,9,0,7,15,A01
202000017911,2,31,,0,2,1,1,B01
202000017911,1,7,,0,2,3,15,A01
202000017912,1,7,,0,2,2,13,A01
202000017912,2,7,,0,2,1,1,B01
202000017913,1,7,,0,2,6,23,C01
202000017913,1,7,,0,2,4,23,B01
202000017913,1,7,,0,2,1,2,A01
202000017914,2,7,,0,2,0,16,Z01
202000017914,2,30,,0,2,1,18,A01
202000017915,2,7,,0,1,2,15,A01
202000017916,1,30,,14,0,7,14,A01
202000017917,1,30,,0,2,2,1,B01
202000017917,1,7,,0,2,3,9,A01
202000017918,2,7,,0,2,2,16,B01
202000017918,2,30,,0,2,3,18,A01
202000017919,2,50,,0,1,1,1,A01
202000017920,1,10,,0,1,4,20,A01
202000017921,0,7,,12,0,3,13,A01
202000017922,1,7,,0,2,3,15,B01
202000017922,1,32,,0,2,7,17,A01
202000017923,2,50,,12,0,1,14,A01
202000017924,3,50,,0,1,1,1,A01
202000017925,2,1,,1,0,1,1,B01
202000017925,2,7,,0,2,8,24,A01
202000017926,3,7,,0,2,1,1,B01
202000017926,3,7,,0,2,4,1,A01
202000017927,1,10,,0,2,2,1,A01
202000017927,1,13,,0,2,3,15,B01
202000017928,1,2,,0,0,8,1,A01
202000017929,1,7,,0,1,1,0,A01
202000017930,3,7,,0,1,1,9,A01
202000017931,3,7,,6,0,1,20,A01
202000017932,3,10,,0,2,3,9,A01
202000017932,3,37,1.0,0,2,1,1,B01
202000017933,-1,7,,0,1,1,26,A01
202000017934,1,30,,0,0,0,1,A01
202000017935,1,10,,0,2,2,2,A01
202000017935,1,7,,0,0,4,23,B01
202000017936,1,7,,12,1,3,9,A01
202000017937,1,10,,0,1,3,15,A01
202000017938,-1,7,,0,1,1,1,A01
202000017939,-1,7,,1,2,2,21,A01
202000017939,1,34,,1,0,2,26,B01
202000017940,0,7,,0,1,2,1,A01
202000017941,1,30,,4,0,8,21,A01
202000017942,1,31,,0,2,8,1,B01
202000017942,1,7,,0,2,1,1,A01
202000017943,2,10,,0,2,1,17,A01
202000017943,1,14,,0,2,1,1,B01
202000017944,2,7,,0,2,3,15,A01
202000017944,3,33,,0,2,3,26,B01
202000017945,2,7,,0,2,1,1,C01
202000017945,2,7,,0,2,4,23,B01
202000017945,2,10,,0,0,4,23,A01
202000017946,3,7,,0,1,3,1,A01
202000017947,-1,7,,0,1,2,1,A01
202000017948,1,33,,0,2,1,1,B01
202000017948,0,7,,0,2,3,15,A01
202000017949,1,7,,2,0,1,1,A01
202000017950,3,33,,0,1,1,1,A01
202000017951,0,7,,0,2,2,19,A01
202000017951,2,7,,0,2,8,1,B01
202000017952,2,7,,0,2,1,1,B01
202000017952,0,7,,0,2,0,26,A01
202000017953,1,33,,6,0,2,15,A01
202000017954,1,31,,0,0,2,1,B01
202000017954,1,7,,0,0,4,9,A01
202000017955,1,1,,0,2,1,15,B01
202000017955,1,7,,0,9,7,1,A01
202000017956,1,10,,0,1,1,0,A01
202000017957,1,7,,0,2,7,15,A01
202000017957,1,7,,0,2,1,1,B01
202000017957,1,7,,0,2,2,2,C01
202000017957,2,7,,0,2,3,1,D01
202000017958,1,7,,8,0,8,1,A01
202000017959,2,7,,15,0,7,19,A01
202000017960,0,7,,0,2,3,17,A01
202000017960,0,7,,0,2,2,0,B01
202000017961,2,30,,0,9,7,2,A01
202000017962,2,7,,0,2,1,1,B01
202000017962,1,7,,0,2,1,13,A01
202000017963,1,15,,0,1,3,1,A01
202000017964,1,7,,0,2,2,12,C01
202000017964,1,7,,0,9,3,21,B01
202000017964,1,1,,0,2,6,1,A01
202000017965,0,7,,0,0,2,1,C01
202000017965,0,7,,0,0,1,13,B01
202000017965,3,7,,5,0,8,0,A01
202000017966,2,14,,0,2,3,15,B01
202000017966,1,2,,0,2,1,1,A01
202000017967,2,7,,3,0,1,1,A01
202000017968,2,7,,0,2,1,1,B01
202000017968,2,7,,3,0,6,11,A01
202000017969,2,7,,4,0,1,1,A01
202000017970,1,7,,0,1,7,1,A01
202000017971,1,7,,13,0,1,1,A01
202000017972,1,7,,0,0,9,1,A01
202000017973,1,7,,6,0,2,1,A01
202000017974,3,7,,0,2,3,15,C01
202000017974,1,2,,0,2,1,1,B01
202000017975,1,10,,0,2,3,15,A01
202000017975,2,2,,0,2,1,1,B01
202000017976,0,7,,0,2,1,19,A01
202000017976,0,7,,0,2,3,26,B01
202000017977,1,31,,0,2,1,1,B01
202000017977,2,10,,0,2,2,15,A01
202000017978,2,7,,0,1,3,1,A01
202000017979,2,7,,0,1,1,19,A01
202000017980,1,2,,0,2,1,1,A01
202000017980,1,10,,0,2,6,21,B01
202000017981,0,7,,0,0,4,2,B01
202000017981,0,7,,0,0,1,2,C01
202000017981,0,7,,0,0,4,2,A01
202000017982,1,7,,0,2,1,2,Z01
202000017982,1,33,,0,2,4,2,A01
202000017983,2,10,,0,2,4,2,A01
202000017983,2,10,,0,2,1,2,B01
202000017983,2,10,,0,2,1,2,C01
202000017984,1,17,,0,2,2,12,A01
202000017984,1,7,,0,2,8,1,B01
202000017985,1,7,,4,2,5,11,B01
202000017985,1,15,,0,2,3,12,A01
202000017986,1,7,,0,2,8,11,A01
202000017986,1,31,,0,2,7,12,B01
202000017987,2,7,,0,0,9,1,A01
202000017988,2,33,,0,2,1,3,A01
202000017988,2,7,,0,2,2,1,B01
202000017989,1,7,,4,0,9,2,A01
202000017990,2,7,,0,2,1,2,A01
202000017990,2,7,,0,2,4,2,B01
202000017991,1,7,,0,2,1,2,A01
202000017991,1,7,,0,2,4,2,B01
202000017992,2,7,,5,0,1,26,A01
202000017993,1,7,,0,2,1,1,A01
202000017993,1,7,,0,2,4,2,B01
202000017994,1,7,,0,2,4,1,B01
202000017994,1,15,,0,2,1,1,A01
202000017995,2,7,,4,0,2,1,A01
202000017996,1,7,,4,0,2,0,A01
202000017997,1,7,,0,2,1,26,A01
202000017997,1,7,,0,2,4,2,B01
202000017998,2,7,,4,0,1,2,A01
202000017999,2,7,,0,2,8,11,A01
202000017999,2,34,,0,2,7,3,B01
202000017999,2,10,,0,2,5,1,C01
202000018000,1,33,,0,2,1,2,B01
202000018000,1,7,,0,2,7,12,A01
202000018001,2,33,,0,2,7,3,B01
202000018001,2,7,,0,2,8,11,A01
202000018002,1,17,,4,0,1,2,A01
202000018003,2,7,,0,2,4,2,A01
202000018003,2,7,,0,2,4,2,B01
202000018003,2,7,,0,2,1,2,C01
202000018004,1,7,,0,2,3,13,A01
202000018004,2,7,,0,2,3,1,B01
202000018005,1,7,,0,2,1,1,B01
202000018005,2,7,,0,2,1,13,A01
202000018006,3,7,,0,1,2,15,A01
202000018007,2,40,,0,1,2,2,A01
202000018008,1,7,,0,1,1,1,A01
202000018009,2,32,,0,1,1,17,A01
202000018010,1,1,,0,2,2,18,B01
202000018010,1,7,,0,2,6,18,A01
202000018011,2,7,,0,2,1,13,A01
202000018011,1,7,,0,2,1,1,B01
202000018012,2,7,,0,1,3,15,A01
202000018013,1,31,,0,0,0,26,A01
202000018014,3,7,,0,2,6,9,A01
202000018014,3,2,,0,2,0,1,B01
202000018015,2,7,,0,1,1,15,A01
202000018016,1,33,,0,0,8,26,A01
202000018017,3,7,,0,2,3,1,B01
202000018017,3,7,,0,2,2,16,A01
202000018018,2,7,,0,2,1,2,A01
202000018018,2,7,,0,2,4,2,B01
202000018019,1,7,,0,2,4,2,B01
202000018019,1,7,,0,2,1,2,A01
202000018020,3,2,,0,2,1,26,B01
202000018020,3,7,,0,2,3,1,A01
202000018021,1,7,,0,0,1,26,A01
202000018022,2,7,,0,2,0,0,A01
202000018022,1,33,,0,2,1,1,B01
202000018023,3,7,,0,2,2,1,A01
202000018023,3,60,,0,2,3,1,B01
202000018024,2,7,,0,1,3,11,A01
202000018025,2,31,,0,2,1,1,B01
202000018025,1,7,,0,2,3,15,A01
202000018026,1,7,,0,2,1,1,A01
202000018026,1,33,,0,2,1,1,B01
202000018027,3,36,,0,2,1,0,B01
202000018027,3,7,,0,2,8,0,A01
202000018028,0,7,,1,0,2,14,A01
202000018029,0,7,,0,0,1,26,A01
202000018030,1,7,,0,2,6,1,D01
202000018030,1,7,,0,2,4,1,F01
202000018030,1,7,,1,2,2,13,A01
202000018031,2,2,,0,2,0,1,B01
202000018031,1,7,,0,2,0,9,A01
202000018032,2,1,,0,2,1,26,B01
202000018032,3,7,,0,2,1,1,A01
202000018033,1,33,,0,0,7,1,A01
202000018034,2,30,,0,2,7,19,A01
202000018034,2,30,,0,2,8,1,B01
202000018035,1,30,,0,0,0,26,A01
202000018036,1,7,,0,2,8,17,A01
202000018036,1,7,,0,2,6,1,B01
202000018036,2,7,,1,2,3,21,C01
202000018037,1,7,,0,1,1,26,A01
202000018038,2,7,,0,1,1,1,Z01
202000018039,1,7,,0,1,3,1,A01
202000018040,1,7,,0,1,2,1,A01
202000018041,1,2,,0,0,1,1,A01
202000018042,1,2,,6,2,2,17,A01
202000018042,1,7,,0,2,3,15,B01
202000018043,0,1,,0,0,1,1,B01
202000018043,0,16,,0,2,2,15,A01
202000018044,1,1,,0,2,0,1,A01
202000018044,1,15,,0,2,5,1,B01
202000018045,1,7,,0,2,3,1,B01
202000018045,2,7,,0,2,1,13,A01
202000018046,2,2,,0,2,1,1,B01
202000018046,1,7,,0,2,3,23,A01
202000018047,3,7,,0,2,8,1,C01
202000018047,3,7,,0,2,6,1,B01
202000018047,3,7,,0,2,1,17,A01
202000018048,1,7,,0,2,4,2,B01
202000018048,1,7,,0,2,1,2,A01
202000018049,1,10,,0,2,3,24,B01
202000018049,1,10,,0,2,1,14,A01
202000018050,1,7,,0,2,1,2,A01
202000018050,1,7,,0,2,5,9,B01
202000018051,1,7,,0,1,1,1,A01
202000018052,0,7,,1,-1,2,1,A01
202000018053,1,7,,0,1,2,1,A01
202000018054,0,7,,0,1,1,1,A01
202000018055,0,7,,0,2,2,24,A01
202000018055,0,1,,0,2,1,25,B01
202000018056,2,10,,0,2,4,1,C01
202000018056,2,7,,0,2,5,1,B01
202000018056,2,7,,0,2,3,26,A01
202000018057,0,31,,0,2,1,17,A01
202000018057,0,10,,0,2,6,20,B01
202000018058,3,7,,6,0,1,9,A01
202000018059,0,7,,0,1,1,1,A01
202000018060,2,10,,0,2,1,2,A01
202000018060,2,10,,0,2,9,2,B01
202000018060,2,10,,0,2,4,2,C01
202000018061,1,7,,0,2,1,13,A01
202000018061,2,7,,0,2,3,1,B01
202000018062,3,7,,2,0,1,1,A01
202000018063,1,7,,0,1,1,1,A01
202000018064,1,7,,0,1,1,1,A01
202000018065,3,7,,0,1,2,1,A01
202000018066,2,7,,16,0,1,13,A01
202000018067,1,7,,0,2,7,1,B01
202000018067,3,7,,0,2,3,9,A01
202000018068,3,7,,0,2,3,10,A01
202000018068,3,7,,0,2,0,0,B01
202000018069,2,7,,0,1,1,1,A01
202000018070,3,7,,13,0,7,1,A01
202000018071,3,7,,0,2,1,1,D01
202000018071,3,7,,1,2,8,26,B01
202000018071,3,10,,1,2,6,26,C01
202000018071,2,33,,1,0,1,14,A01
202000018072,3,7,,0,2,3,15,A01
202000018072,1,2,,0,2,1,1,B01
202000018073,3,7,,0,2,8,9,A01
202000018073,2,1,,0,2,1,19,B01
202000018074,1,10,,0,2,1,15,A01
202000018074,2,7,,0,2,1,1,B01
202000018075,2,7,,0,2,0,1,Z01
202000018075,2,31,,0,2,8,11,A01
202000018076,1,7,,0,2,6,2,B01
202000018076,1,10,,0,2,2,2,A01
202000018077,2,32,,0,2,3,3,A01
202000018077,2,7,,0,2,5,1,B01
202000018078,3,50,,0,2,7,19,B01
202000018078,3,7,,0,2,1,1,A01
202000018079,2,33,,0,2,7,1,B01
202000018079,1,7,,0,2,3,15,A01
202000018080,3,30,,0,0,0,1,A01
202000018081,1,80,,0,0,0,16,A01
202000018082,1,30,,12,0,0,14,A01
202000018083,1,7,,0,2,2,1,B01
202000018083,2,1,,0,2,1,1,A01
202000018084,1,7,,0,1,1,16,A01
202000018085,1,7,,0,2,3,9,B01
202000018085,2,34,,0,2,1,17,A01
202000018086,1,34,,0,2,1,1,B01
202000018086,1,7,,0,2,1,15,A01
202000018087,2,7,,0,2,4,23,C01
202000018087,2,7,,0,2,4,23,B01
202000018087,2,7,,0,2,1,1,A01
202000018088,1,1,,0,2,7,2,B01
202000018088,2,7,,0,9,1,16,A01
202000018089,1,7,,0,2,7,1,B01
202000018089,1,7,,0,2,1,1,A01
202000018090,2,7,,0,2,3,1,A01
202000018090,2,7,,0,0,5,15,B01
202000018091,1,7,,0,2,4,1,A01
202000018091,1,7,,0,2,1,1,B01
202000018092,3,7,,6,0,1,2,A01
202000018093,2,2,,0,0,1,26,A01
202000018093,1,7,,0,2,8,9,B01
202000018094,1,7,,0,2,7,15,A01
202000018094,2,31,,0,2,1,1,B01
202000018095,3,10,,0,1,6,20,A01
202000018096,1,7,,0,1,1,16,A01
202000018097,2,10,,1,0,0,22,A01
202000018097,2,1,,1,2,8,21,B01
202000018098,2,7,,0,0,3,17,A01
202000018098,1,10,,0,0,3,1,B01
202000018099,2,14,,0,1,2,16,A01
202000018100,1,7,,0,2,2,15,A01
202000018100,2,33,,0,2,1,1,B01
202000018101,1,7,,0,2,3,1,A01
202000018101,2,1,,0,2,1,1,B01
202000018102,1,2,,0,0,9,2,A01
202000018102,1,7,,0,2,0,17,B01
202000018103,2,7,,16,0,9,1,A01
202000018104,1,7,,0,2,3,1,B01
202000018104,2,80,,0,2,8,13,A01
202000018105,2,7,,2,0,2,14,A01
202000018106,2,7,,0,2,3,1,C01
202000018106,1,17,,0,2,3,1,B01
202000018106,1,7,,0,2,1,1,A01
202000018107,3,7,,0,2,2,13,A01
202000018107,3,30,,0,2,1,13,B01
202000018108,3,7,,8,0,2,1,A01
202000018109,1,7,,0,1,3,1,A01
202000018110,3,7,,0,1,4,4,A01
202000018111,1,7,,0,0,0,1,A01
202000018112,1,15,,0,2,3,1,B01
202000018112,1,7,,0,2,7,19,A01
202000018113,2,7,,0,2,8,15,B01
202000018113,2,33,,0,2,2,17,A01
202000018114,3,7,,0,1,3,1,A01
202000018115,1,7,,0,0,8,19,B01
202000018115,1,15,,0,2,1,1,A01
202000018116,2,7,,0,1,3,1,A01
202000018117,2,32,,0,0,1,1,A01
202000018118,0,7,,0,2,1,17,B01
202000018118,3,7,,0,2,1,1,A01
202000018119,1,33,,0,0,0,1,A01
202000018120,1,7,,0,2,1,1,A01
202000018120,2,7,,0,2,2,15,B01
202000018121,3,7,,2,0,1,1,A01
202000018122,3,33,,0,2,7,1,A01
202000018122,3,7,,0,2,7,19,B01
202000018123,3,7,,0,1,2,1,A01
202000018124,2,7,,0,2,4,1,A01
202000018124,2,10,,0,2,1,2,B01
202000018125,1,7,,0,2,6,18,A01
202000018125,1,7,,4,2,7,2,D01
202000018125,1,10,,0,2,7,2,C01
202000018125,1,14,,0,2,2,12,B01
202000018126,2,10,,0,2,4,2,B01
202000018126,2,10,,0,2,1,1,A01
202000018127,1,7,,3,0,1,14,A01
202000018128,1,33,,0,0,7,1,A01
202000018129,1,7,,4,0,1,1,A01
202000018130,1,1,,0,1,1,1,A01
202000018131,1,33,,0,1,7,1,Z01
202000018132,3,3,,0,1,8,26,A01
202000018133,3,7,,12,2,8,1,B01
202000018133,3,7,,0,2,1,17,A01
202000018133,3,7,,0,2,1,1,C01
202000018134,1,7,,0,2,1,2,B01
202000018134,1,7,,0,2,4,0,A01
202000018135,1,7,,0,2,1,10,A01
202000018135,2,33,,0,2,8,1,B01
202000018136,1,7,,7,0,2,26,A01
202000018137,2,7,,2,0,2,13,A01
202000018138,3,7,,0,1,1,1,A01
202000018139,0,99,,0,1,3,19,A01
202000018140,1,10,,0,2,1,1,A01
202000018140,1,10,,0,2,4,23,B01
202000018140,1,10,,0,2,4,23,C01
202000018141,1,7,,0,2,2,9,A01
202000018141,2,7,,0,2,1,1,B01
202000018142,2,7,,0,2,1,9,B01
202000018142,2,1,,0,2,1,1,A01
202000018143,2,7,,0,1,2,26,A01
202000018144,3,7,,0,2,2,15,A01
202000018144,3,32,,0,2,1,1,B01
202000018145,2,30,,0,0,0,1,A01
202000018146,1,30,,12,0,1,1,A01
202000018147,2,7,,9,9,9,2,A01
202000018148,1,1,,6,0,4,1,B01
202000018148,1,30,,6,9,1,2,A01
202000018149,1,50,,0,2,1,1,B01
202000018149,1,7,,0,2,3,22,A01
202000018150,1,7,,0,2,6,1,B01
202000018150,1,7,,0,2,1,1,A01
202000018151,2,7,,0,2,2,9,B01
202000018151,1,33,,0,2,1,17,A01
202000018152,1,30,,0,0,0,17,A01
202000018153,1,7,,0,2,5,23,B01
202000018153,1,32,,0,2,8,18,A01
202000018154,2,7,,0,2,5,1,A01
202000018154,1,10,,0,2,1,1,B01
202000018155,2,99,,0,1,7,1,A01
202000018156,0,7,,2,0,6,4,B01
202000018156,0,7,,0,2,7,26,A01
202000018157,1,7,,0,2,7,10,A01
202000018157,2,33,,0,2,1,1,B01
202000018158,2,30,,0,0,0,2,A01
202000018159,1,33,,12,0,7,17,A01
202000018160,2,7,,0,1,1,1,A01
202000018161,1,7,,7,0,3,1,A01
202000018162,1,7,,13,0,2,1,A01
202000018163,1,33,,0,2,4,2,A01
202000018163,1,33,,0,2,1,1,B01
202000018164,1,7,,13,0,2,14,A01
202000018165,2,7,,13,0,1,13,A01
202000018166,1,7,,0,2,3,16,B01
202000018166,2,2,,0,2,8,13,A01
202000018167,1,7,,0,2,2,15,A01
202000018167,2,7,,0,2,1,1,B01
202000018167,2,7,,0,2,8,23,C01
202000018168,2,7,,0,2,1,1,B01
202000018168,1,2,,0,2,0,13,A01
202000018169,2,7,,0,2,3,9,A01
202000018169,2,7,,0,0,2,1,B01
202000018170,1,31,,8,0,1,1,A01
202000018171,2,7,,3,0,9,1,A01
202000018172,1,7,,2,0,1,1,A01
202000018173,1,15,,0,2,3,1,B01
202000018173,2,7,,0,2,8,13,A01
202000018174,2,2,,0,2,1,1,B01
202000018174,2,7,,0,2,3,10,A01
202000018175,1,7,,0,2,4,20,A01
202000018175,1,30,,0,2,1,1,B01
202000018176,1,3,,0,1,2,1,A01
202000018177,1,7,,2,0,1,1,A01
202000018178,2,7,,0,2,3,1,B01
202000018178,2,7,,0,2,3,13,A01
202000018179,3,7,,6,0,3,13,A01
202000018180,1,17,,0,0,7,13,A01
202000018180,1,1,,0,0,8,2,B01
202000018181,3,2,,0,0,1,1,A01
202000018181,3,7,,0,2,2,15,B01
202000018182,1,7,,0,0,4,1,A01
202000018182,1,17,,0,2,1,2,B01
202000018182,1,14,,0,2,1,2,C01
202000018183,3,10,,2,0,9,1,A01
202000018184,2,1,,3,0,0,2,B01
202000018184,2,7,,0,0,0,2,A01
202000018185,1,30,,0,2,2,26,A01
202000018185,1,13,,0,2,3,1,B01
202000018185,1,7,,0,2,1,1,C01
202000018186,0,7,,0,2,2,26,B01
202000018186,3,32,,1,0,1,0,A01
202000018187,3,2,,0,2,3,1,B01
202000018187,0,7,,0,2,1,13,A01
202000018188,1,7,,13,0,3,1,A01
202000018189,1,7,,0,2,3,1,A01
202000018189,2,7,,0,2,3,13,B01
202000018190,0,7,,1,0,3,1,A01
202000018191,1,33,,0,0,0,0,A01
202000018192,2,32,,0,2,1,1,B01
202000018192,2,7,,0,2,7,15,A01
202000018193,2,1,,0,0,9,1,A01
202000018194,2,80,,0,0,1,0,A01
202000018195,1,7,,0,0,1,1,A01
202000018195,1,1,,0,0,7,19,B01
202000018196,0,10,,0,0,5,4,A01
202000018196,0,1,,0,2,1,1,B01
202000018197,3,7,,0,2,7,19,A01
202000018197,0,7,,0,2,1,2,B01
202000018198,2,7,,0,2,1,2,B01
202000018198,2,7,,0,2,5,12,A01
202000018199,2,7,,3,0,0,14,A01
202000018200,1,33,,4,0,3,1,A01
202000018201,2,7,,4,9,5,1,A01
202000018202,2,30,,4,0,0,26,A01
202000018203,1,7,,0,2,1,14,Z01
202000018203,1,7,,0,2,4,1,A01
202000018204,1,7,,0,2,1,1,C01
202000018204,1,7,,0,2,4,21,B01
202000018204,1,7,,3,0,1,12,A01
202000018205,1,7,,0,2,8,2,B01
202000018205,1,2,,0,2,7,3,A01
202000018206,2,7,,0,2,2,14,A01
202000018206,2,7,,0,2,6,23,B01
202000018207,3,7,,16,1,1,9,Z01
202000018208,1,2,,0,2,4,2,B01
202000018208,2,7,,0,2,1,2,A01
202000018209,1,7,,16,0,0,0,A01
202000018209,1,10,,16,0,0,0,B01
202000018210,1,10,,0,2,1,2,A01
202000018210,1,7,,0,2,9,2,B01
202000018210,1,7,,0,2,0,0,C01
202000018210,1,10,,0,2,0,2,D01
202000018211,2,7,,0,2,1,0,A01
202000018211,2,1,,0,2,2,1,B01
202000018212,2,7,,0,2,4,23,B01
202000018212,2,7,,0,2,1,9,A01
202000018213,1,7,,0,2,1,1,B01
202000018213,1,7,,0,2,2,1,A01
202000018214,2,14,,0,2,2,5,A01
202000018214,1,7,,0,2,2,21,B01
202000018215,3,7,,0,2,1,16,A01
202000018215,0,1,,0,2,7,1,Y01