Num_Acc,senc,catv,occutc,obs,obsm,choc,manv,num_veh
202000018216,1,7,,0,2,5,15,A01
202000018216,2,33,,0,2,2,1,B01
202000018217,1,10,,0,0,1,13,A01
202000018218,1,7,,0,2,3,9,A01
202000018218,1,17,,0,0,0,0,B01
202000018219,2,7,,0,2,1,15,A01
202000018219,1,7,,0,2,1,1,B01
202000018220,3,7,,0,2,3,1,B01
202000018220,1,30,,0,2,3,19,A01
202000018221,3,7,,0,2,8,1,B01
202000018221,3,7,,0,2,1,1,A01
202000018222,1,7,,0,0,0,0,A01
202000018223,1,7,,0,1,1,1,A01
202000018224,2,7,,0,1,7,1,A01
202000018225,1,50,,0,0,0,15,A01
202000018226,2,7,,3,0,1,1,A01
202000018227,0,7,,0,2,1,1,Z01
202000018227,0,7,,0,2,4,1,A01
202000018228,1,7,,0,2,8,11,A01
202000018228,1,7,,0,2,1,17,B01
202000018229,2,31,,0,2,1,2,A01
202000018229,2,7,,0,2,4,2,B01
202000018230,3,7,,15,0,1,1,A01
202000018231,1,7,,0,1,4,26,A01
202000018232,2,7,,1,0,1,0,A01
202000018232,0,10,,1,0,1,23,B01
202000018232,0,7,,0,0,1,23,C01
202000018233,3,10,,0,1,1,0,A01
202000018234,3,7,,0,1,1,1,A01
202000018235,1,10,,0,2,8,9,B01
202000018235,1,33,,0,2,1,1,A01
202000018236,2,7,,0,2,5,12,Z01
202000018236,2,30,,0,2,3,1,A01
202000018237,2,7,,0,2,6,11,A01
202000018237,2,15,,0,2,2,1,B01
202000018238,2,43,,0,2,1,3,C01
202000018238,2,10,,0,2,5,1,B01
202000018238,2,32,,0,2,3,13,A01
202000018239,3,33,,0,2,1,1,B01
202000018239,3,80,,0,2,8,13,A01
202000018240,2,30,,0,2,8,13,A01
202000018240,1,1,,0,2,8,1,B01
202000018241,1,32,,0,2,2,15,A01
202000018241,1,7,,0,2,1,1,B01
202000018242,1,1,,0,2,0,1,A01
202000018242,2,50,,0,2,1,13,Z01
202000018243,1,10,,0,2,7,1,B01
202000018243,1,7,,0,2,1,1,A01
202000018244,2,7,,0,1,2,1,A01
202000018245,1,7,,0,1,1,1,A01
202000018246,1,2,,0,2,1,13,B01
202000018246,1,10,,0,2,3,13,A01
202000018247,1,7,,1,0,9,5,A01
202000018248,3,7,,0,2,2,1,B01
202000018248,2,30,,0,2,1,19,A01
202000018249,3,7,,0,2,1,15,B01
202000018249,3,7,,0,2,1,1,A01
202000018250,2,2,,0,2,1,1,B01
202000018250,1,7,,0,2,3,10,A01
202000018251,1,7,,2,0,1,1,A01
202000018252,3,60,,0,2,1,25,B01
202000018252,1,7,,0,2,2,1,A01
202000018253,1,7,,4,0,2,1,A01
202000018254,0,7,,9,1,1,0,A01
202000018255,1,7,,0,2,7,1,A01
202000018255,2,7,,0,2,1,1,B01
202000018256,2,7,,0,1,2,1,A01
202000018257,1,33,,14,0,1,17,A01
202000018258,2,33,,13,0,2,1,A01
202000018259,2,7,,0,2,3,1,B01
202000018259,1,7,,0,2,3,1,A01
202000018260,2,7,,13,0,1,14,A01
202000018261,1,33,,0,2,2,17,A01
202000018261,1,21,,2,2,3,15,B01
202000018262,2,33,,12,0,3,1,A01
202000018263,2,33,,13,0,1,21,A01
202000018264,1,3,,13,0,8,13,A01
202000018265,1,2,,0,2,1,1,A01
202000018265,2,33,,0,2,1,1,B01
202000018266,2,7,,15,0,2,0,A01
202000018267,3,7,,0,2,3,1,B01
202000018267,3,2,,0,2,1,13,A01
202000018268,1,7,,0,2,1,13,A01
202000018268,2,7,,0,2,3,1,B01
202000018269,2,7,,3,2,1,1,A01
202000018269,2,7,,0,2,4,1,B01
202000018270,2,7,,0,2,7,1,B01
202000018270,1,7,,0,2,2,1,A01
202000018271,2,7,,3,0,2,1,A01
202000018272,1,7,,0,2,4,2,A01
202000018272,1,7,,0,2,1,2,B01
202000018273,2,7,,5,0,1,12,A01
202000018274,2,7,,0,1,3,1,A01
202000018275,3,7,,0,1,3,1,A01
202000018276,1,33,,9,0,0,1,A01
202000018277,1,7,,0,2,1,1,A01
202000018277,1,7,,0,2,4,1,B01
202000018278,2,7,,16,0,1,26,A01
202000018279,1,34,,0,1,1,1,A01
202000018280,2,37,1.0,0,0,4,1,B01
202000018280,2,30,,0,2,1,1,A01
202000018281,2,7,,0,9,8,16,A01
202000018281,2,50,,0,2,1,1,B01
202000018282,1,7,,0,2,2,2,A01
202000018282,1,7,,0,2,6,20,B01
202000018283,1,7,,0,9,1,15,B01
202000018283,2,1,,0,2,1,1,A01
202000018284,1,36,,0,0,8,15,B01
202000018284,1,7,,0,2,2,17,A01
202000018285,3,7,,0,1,4,20,A01
202000018286,3,17,,0,2,6,15,A01
202000018286,1,7,,0,2,3,1,B01
202000018287,2,7,,12,2,2,1,A01
202000018287,2,1,,0,1,6,1,B01
202000018288,1,2,,0,2,1,1,B01
202000018288,2,7,,0,2,7,15,A01
202000018289,1,33,,2,0,1,13,A01
202000018290,3,10,,0,1,1,1,A01
202000018291,1,10,,6,2,2,1,A01
202000018291,1,7,,6,2,8,3,B01
202000018291,1,7,,0,2,1,11,C01
202000018292,1,7,,0,2,1,9,B01
202000018292,1,1,,0,2,1,26,A01
202000018293,2,7,,0,2,8,15,A01
202000018293,2,33,,0,2,1,17,B01
202000018294,1,34,,0,2,1,1,A01
202000018294,1,7,,0,2,2,1,B01
202000018295,3,10,,0,1,1,15,A01
202000018296,2,7,,0,1,1,1,A01
202000018297,1,7,,0,2,8,1,B01
202000018297,1,33,,0,2,7,17,A01
202000018298,1,7,,1,0,3,1,A01
202000018299,0,10,,0,2,6,15,B01
202000018299,1,31,,0,2,1,17,A01
202000018300,2,7,,0,2,1,13,A01
202000018300,1,2,,0,2,1,1,B01
202000018301,1,7,,0,2,6,0,A01
202000018301,1,7,,0,2,1,0,B01
202000018302,1,33,,0,0,2,1,A01
202000018303,2,7,,3,0,1,13,A01
202000018304,1,7,,0,2,1,2,A01
202000018304,1,7,,0,2,4,2,B01
202000018305,1,10,,0,1,3,15,A01
202000018306,1,7,,0,1,1,1,A01
202000018307,0,10,,0,9,8,2,B01
202000018307,1,1,,0,2,1,1,A01
202000018308,1,7,,0,2,3,1,B01
202000018308,2,7,,0,2,6,1,A01
202000018309,2,7,,2,0,8,1,A01
202000018310,2,33,,0,2,0,3,A01
202000018310,2,7,,0,0,4,2,B01
202000018311,0,7,,2,0,1,13,A01
202000018312,3,7,,6,0,1,1,A01
202000018313,1,80,,0,0,8,1,A01
202000018314,3,2,,0,2,8,19,B01
202000018314,1,7,,0,2,2,21,A01
202000018315,1,10,,0,2,3,1,B01
202000018315,2,7,,0,2,5,1,A01
202000018316,1,7,,8,0,1,14,A01
202000018317,1,7,,6,0,3,13,A01
202000018318,2,10,,0,2,8,13,B01
202000018318,1,33,,0,2,8,1,A01
202000018319,2,7,,4,0,3,0,A01
202000018320,1,33,,6,0,3,1,A01
202000018321,1,7,,0,0,4,23,A01
202000018321,1,10,,1,0,1,2,B01
202000018322,2,34,,0,5,1,2,A01
202000018323,1,7,,8,0,0,1,A01
202000018324,1,33,,14,0,1,1,A01
202000018325,1,30,,0,2,0,2,B01
202000018325,1,7,,0,2,8,10,A01
202000018326,2,7,,0,1,4,1,B01
202000018326,2,10,,0,2,1,2,A01
202000018327,2,7,,2,0,2,13,A01
202000018328,1,2,,14,0,1,26,A01
202000018329,2,7,,0,2,8,19,A01
202000018329,2,7,,0,2,8,19,B01
202000018330,3,7,,0,1,3,2,A01
202000018331,1,7,,6,0,1,16,A01
202000018332,1,2,,0,0,0,15,A01
202000018333,2,7,,8,0,1,13,A01
202000018334,1,30,,0,2,1,26,A01
202000018334,1,7,,0,2,4,26,B01
202000018335,1,31,,0,2,2,1,A01
202000018335,2,7,,0,2,0,1,Z01
202000018336,1,7,,0,2,5,15,A01
202000018336,1,7,,0,2,1,1,B01
202000018337,2,7,,0,2,4,1,B01
202000018337,2,7,,3,2,1,12,A01
202000018338,1,7,,0,2,3,1,B01
202000018338,2,32,,0,2,7,1,A01
202000018339,3,37,1.0,0,2,3,1,B01
202000018339,2,32,,0,2,1,1,A01
202000018340,2,7,,0,2,1,19,A01
202000018340,2,7,,0,2,2,1,B01
202000018341,1,7,,0,2,0,15,Z01
202000018341,1,34,,0,2,0,21,A01
202000018342,3,7,,6,0,2,1,A01
202000018343,1,33,,15,0,1,21,A01
202000018344,1,7,,2,0,1,1,A01
202000018345,1,7,,2,0,2,1,A01
202000018346,3,3,,2,0,1,21,A01
202000018347,2,10,,0,0,9,1,A01
202000018348,2,7,,2,1,0,1,A01
202000018349,1,7,,6,0,1,13,A01
202000018350,3,10,,9,0,2,1,A01
202000018351,2,15,,0,2,3,19,A01
202000018351,1,7,,0,2,1,1,B01
202000018352,2,7,,4,0,3,1,A01
202000018353,1,33,,0,0,7,1,A01
202000018354,1,7,,4,0,2,15,A01
202000018355,2,7,,4,0,3,1,A01
202000018356,1,7,,0,2,8,0,B01
202000018356,1,7,,0,2,2,17,D01
202000018356,1,7,,1,0,2,11,A01
202000018356,1,7,,0,2,4,23,C01
202000018357,1,7,,0,2,6,20,B01
202000018357,1,10,,0,2,1,1,A01
202000018358,1,7,,2,0,8,1,A01
202000018359,1,7,,0,2,4,2,B01
202000018359,1,7,,0,2,1,1,A01
202000018360,2,7,,0,2,1,15,A01
202000018360,1,7,,0,2,1,1,B01
202000018361,1,7,,4,0,1,9,A01
202000018362,3,30,,0,0,0,26,A01
202000018363,3,2,,0,2,8,1,B01
202000018363,3,7,,0,2,1,15,A01
202000018364,2,7,,2,0,0,1,A01
202000018365,2,7,,0,2,8,1,B01
202000018365,1,2,,0,2,1,5,A01
202000018366,3,7,,0,2,2,15,B01
202000018366,3,99,,0,2,3,2,A01
202000018367,1,30,,0,0,1,0,A01
202000018368,1,7,,0,1,0,0,A01
202000018369,2,38,1.0,0,2,1,2,B01
202000018369,2,7,,0,2,4,23,A01
202000018370,3,1,,0,2,4,1,B01
202000018370,0,7,,0,9,1,15,A01
202000018371,3,14,,0,2,4,4,A01
202000018371,3,33,,0,2,1,26,B01
202000018372,2,30,,0,2,7,1,B01
202000018372,2,10,,0,2,1,9,A01
202000018373,0,7,,0,2,3,19,A01
202000018373,0,33,,0,2,1,1,B01
202000018374,1,10,,13,0,7,14,A01
202000018375,3,7,,0,1,1,1,A01
202000018376,2,7,,1,0,1,19,A01
202000018377,1,7,,0,2,1,15,A01
202000018377,2,33,,0,2,1,1,B01
202000018378,3,33,,0,2,1,1,B01
202000018378,3,10,,0,2,1,5,A01
202000018379,1,7,,0,2,1,1,A01
202000018379,1,1,,0,2,8,19,B01
202000018380,1,7,,0,2,5,10,Z01
202000018380,2,1,,0,2,1,1,A01
202000018381,1,33,,0,2,8,17,A01
202000018381,1,10,,0,2,3,10,B01
202000018382,1,30,,0,2,1,1,A01
202000018382,1,10,,0,2,8,1,B01
202000018383,2,7,,0,2,7,1,A01
202000018383,1,2,,0,2,1,1,B01
202000018384,2,7,,0,2,4,23,B01
202000018384,2,10,,14,2,1,2,A01
202000018385,3,10,,0,2,8,1,B01
202000018385,3,7,,0,2,1,26,A01
202000018386,1,7,,4,2,1,1,A01
202000018386,1,7,,4,2,4,23,B01
202000018386,1,7,,4,2,6,23,C01
202000018386,1,7,,4,2,4,1,D01
202000018387,0,7,,0,0,0,0,A01
202000018387,0,32,,0,0,4,2,B01
202000018388,1,7,,12,0,3,13,A01
202000018389,1,7,,0,2,3,15,A01
202000018389,1,34,,0,2,2,1,B01
202000018390,2,30,,1,0,1,1,B01
202000018390,3,7,,1,0,3,9,A01
202000018391,1,7,,2,0,1,0,A01
202000018392,1,7,,2,0,2,1,A01
202000018393,1,7,,0,2,1,1,A01
202000018393,2,7,,0,2,1,1,B01
202000018394,1,7,,2,0,7,1,A01
202000018395,2,10,,0,0,3,0,A01
202000018396,1,7,,0,2,1,1,A01
202000018396,1,17,,0,0,4,1,B01
202000018397,3,33,,0,0,1,1,A01
202000018398,0,10,,0,1,6,4,A01
202000018399,2,7,,0,1,1,1,A01
202000018400,1,7,,0,2,7,1,A01
202000018400,2,7,,0,2,1,1,B01
202000018400,2,31,,0,2,1,1,C01
202000018401,2,7,,0,0,1,1,A01
202000018402,1,7,,8,0,9,1,A01
202000018403,3,7,,0,2,1,1,A01
202000018403,1,2,,0,0,8,1,B01
202000018404,3,2,,2,0,1,1,A01
202000018405,2,7,,0,2,3,13,A01
202000018405,1,21,,0,2,3,1,B01
202000018406,2,15,,0,2,1,1,B01
202000018406,1,7,,0,2,4,13,A01
202000018407,1,7,,13,0,1,1,A01
202000018408,2,13,,0,2,3,9,B01
202000018408,1,33,,0,2,1,1,A01
202000018409,2,7,,9,0,1,6,A01
202000018410,1,17,,0,2,6,2,B01
202000018410,1,7,,0,2,2,2,A01
202000018411,2,10,,0,2,1,12,A01
202000018412,2,7,,4,2,1,1,A01
202000018413,2,32,,0,2,7,1,B01
202000018413,2,10,,0,2,8,11,A01
202000018414,1,7,,0,1,2,14,A01
202000018415,3,7,,0,2,1,15,A01
202000018415,3,1,,0,2,5,1,B01
202000018416,1,7,,0,2,8,1,B01
202000018416,2,7,,0,2,1,1,A01
202000018417,1,7,,1,1,1,26,A01
202000018418,3,37,1.0,0,2,2,1,B01
202000018418,1,7,,0,2,3,1,A01
202000018419,1,10,,0,2,1,26,A01
202000018419,1,1,,0,2,1,26,B01
202000018420,1,7,,6,0,1,2,A01
202000018421,1,7,,0,2,4,2,C01
202000018421,1,33,,0,2,4,2,B01
202000018421,1,7,,0,2,1,2,A01
202000018422,2,36,,2,0,1,0,A01
202000018423,1,7,,0,2,0,9,B01
202000018423,1,7,,0,2,0,9,A01
202000018424,1,2,,0,1,1,1,A01
202000018425,2,7,,0,2,8,1,B01
202000018425,2,33,,0,2,4,15,A01
202000018426,2,10,,0,2,2,1,B01
202000018426,1,7,,0,2,2,15,A01
202000018427,2,30,,0,2,1,1,B01
202000018427,2,7,,0,2,3,9,A01
202000018428,2,10,,0,1,1,16,A01
202000018429,1,7,,0,2,1,1,B01
202000018429,2,7,,0,2,2,15,A01
202000018430,2,32,,3,2,8,13,A01
202000018430,1,7,,0,2,6,1,B01
202000018431,3,33,,0,0,1,1,A01
202000018432,0,7,,0,1,1,2,A01
202000018433,1,10,,9,2,2,1,B01
202000018433,1,7,,0,0,5,1,A01
202000018434,0,7,,5,0,2,0,A01
202000018435,2,7,,0,2,3,1,A01
202000018435,1,7,,0,2,3,1,B01
202000018436,2,7,,0,0,6,1,B01
202000018436,2,33,,0,2,1,17,A01
202000018436,1,7,,0,2,1,1,C01
202000018437,2,7,,8,1,1,25,A01
202000018438,2,31,,0,2,1,2,A01
202000018438,2,10,,0,2,5,15,B01
202000018439,1,17,,8,0,7,1,A01
202000018440,2,33,,16,0,8,1,A01
202000018441,2,7,,2,0,3,1,A01
202000018442,2,33,,0,0,0,1,A01
202000018442,2,33,,0,0,0,1,B01
202000018443,2,7,,0,2,1,2,A01
202000018443,2,7,,0,0,4,23,B01
202000018444,2,7,,0,0,9,21,A01
202000018445,1,2,,0,2,1,1,A01
202000018445,1,31,,0,2,4,1,B01
202000018446,1,7,,6,0,1,1,A01
202000018447,2,7,,0,2,3,1,B01
202000018447,1,7,,12,2,3,13,A01
202000018448,0,33,,16,0,1,21,A01
202000018449,1,7,,0,2,3,1,A01
202000018449,2,7,,0,2,3,1,B01
202000018450,3,2,,12,0,7,16,A01
202000018451,2,7,,13,0,9,1,A01
202000018452,1,7,,0,2,3,15,A01
202000018452,2,1,,0,2,1,0,B01
202000018453,1,7,,0,2,4,2,B01
202000018453,1,7,,0,2,1,2,A01
202000018454,2,7,,4,0,1,1,A01
202000018455,1,10,,0,0,8,23,B01
202000018455,1,14,,1,0,2,14,A01
202000018456,1,7,,4,0,1,2,A01
202000018457,2,10,,4,0,2,14,A01
202000018458,1,7,,0,0,9,13,A01
202000018459,1,7,,0,2,7,1,A01
202000018459,1,1,,0,2,8,1,B01
202000018460,3,7,,0,2,1,1,A01
202000018460,3,7,,0,2,4,23,B01
202000018460,3,7,,0,2,4,23,C01
202000018461,3,7,,0,1,1,1,A01
202000018462,1,10,,0,2,4,23,B01
202000018462,1,31,,0,2,1,2,A01
202000018463,1,2,,0,2,3,2,B01
202000018463,1,7,,0,2,2,2,A01
202000018464,1,2,,8,0,1,25,A01
202000018465,3,7,,0,2,0,0,F01
202000018465,3,7,,0,2,0,0,D01
202000018465,3,7,,0,2,0,0,C01
202000018465,3,7,,0,2,0,0,G01
202000018465,1,10,,1,2,2,1,A01
202000018465,3,7,,0,2,0,0,H01
202000018465,3,7,,0,2,0,0,E01
202000018465,2,7,,0,2,1,1,B01
202000018466,1,10,,0,2,2,15,B01
202000018466,2,31,,0,2,1,1,A01
202000018467,1,15,,0,2,3,0,B01
202000018467,1,7,,0,2,7,14,A01
202000018468,1,10,,0,2,1,1,B01
202000018468,1,7,,0,2,4,23,A01
202000018469,1,7,,2,0,1,14,A01
202000018470,2,31,,3,2,1,1,A01
202000018470,1,7,,0,2,3,1,B01
202000018471,1,7,,2,1,0,9,A01
202000018472,1,7,,0,2,2,10,A01
202000018472,2,31,,0,2,8,1,B01
202000018473,1,7,,0,2,1,1,A01
202000018473,2,1,,0,2,2,1,B01
202000018474,1,7,,1,0,1,1,A01
202000018475,1,33,,0,2,3,1,B01
202000018475,2,7,,0,2,3,1,A01
202000018476,1,7,,2,0,1,0,A01
202000018477,1,7,,3,0,3,2,A01
202000018478,1,7,,0,2,1,13,A01
202000018478,1,15,,0,2,6,13,B01
202000018479,2,7,,0,1,3,1,A01
202000018480,2,7,,0,2,3,1,A01
202000018480,1,7,,0,2,2,9,B01
202000018481,2,7,,0,2,3,1,B01
202000018481,1,7,,0,2,3,17,A01
202000018481,1,15,,0,2,3,1,C01
202000018482,1,7,,0,1,2,9,A01
202000018483,2,7,,0,0,6,15,B01
202000018483,2,33,,0,2,1,17,A01
202000018484,1,10,,8,0,2,1,A01
202000018485,1,7,,13,0,2,1,A01
202000018486,2,7,,0,0,4,23,B01
202000018486,2,7,,1,0,1,12,A01
202000018487,1,7,,0,2,1,15,A01
202000018487,2,2,,0,2,8,1,B01
202000018488,1,7,,0,2,3,1,A01
202000018488,1,7,,0,2,2,12,B01
202000018489,1,33,,0,2,1,2,B01
202000018489,1,10,,0,2,4,1,A01
202000018490,1,17,,0,2,2,12,B01
202000018490,1,7,,0,2,6,1,A01
202000018490,1,7,,0,2,1,17,C01
202000018491,1,7,,0,2,1,11,B01
202000018491,1,7,,0,2,4,23,A01
202000018492,2,7,,13,0,1,14,A01
202000018493,2,7,,0,2,1,2,A01
202000018493,2,7,,0,2,1,2,B01
202000018493,2,7,,0,2,0,2,C01
202000018494,2,10,,0,2,4,2,B01
202000018494,2,10,,0,2,1,2,A01
202000018495,1,7,,0,2,5,12,A01
202000018495,1,33,,0,2,3,3,B01
202000018496,1,14,,0,2,1,26,A01
202000018496,0,7,,0,2,8,0,B01
202000018497,2,7,,0,2,1,2,A01
202000018497,2,7,,0,2,4,2,C01
202000018497,2,7,,0,2,1,2,B01
202000018498,1,7,,0,2,1,2,C01
202000018498,1,10,,0,2,4,1,B01
202000018498,1,7,,0,2,1,2,A01
202000018498,1,7,,0,2,1,2,D01
202000018499,2,14,,1,0,1,2,A01
202000018499,2,10,,0,2,4,23,B01
202000018499,2,7,,0,2,4,23,C01
202000018499,2,7,,0,2,4,23,D01
202000018500,1,7,,0,2,0,0,Z01
202000018500,1,7,,0,2,4,1,A01
202000018501,1,33,,0,2,1,3,A01
202000018501,1,7,,0,2,6,1,B01
202000018502,2,7,,0,2,1,2,Z01
202000018502,2,7,,0,2,4,2,C01
202000018502,2,7,,0,2,4,2,B01
202000018503,2,10,,0,2,4,1,A01
202000018503,2,7,,0,2,1,2,B01
202000018504,1,7,,9,0,1,1,A01
202000018505,2,7,,4,0,9,21,A01
202000018506,1,1,,0,2,8,1,B01
202000018506,1,7,,0,2,2,9,A01
202000018507,2,30,,0,2,1,1,B01
202000018507,2,7,,0,2,6,1,A01
202000018508,2,30,,0,2,8,18,A01
202000018508,2,7,,0,2,7,16,B01
202000018509,2,1,,1,0,1,1,B01
202000018509,2,7,,0,2,7,22,A01
202000018510,2,7,,0,2,1,1,A01
202000018510,3,60,,0,2,8,19,B01
202000018511,1,7,,0,1,1,1,A01
202000018512,1,7,,0,1,2,19,A01
202000018513,1,10,,0,1,2,16,A01
202000018514,0,7,,0,2,4,2,B01
202000018514,0,10,,0,2,1,2,A01
202000018515,3,37,2.0,12,0,1,0,A01
202000018516,1,30,,0,2,2,17,A01
202000018516,2,10,,9,0,8,15,B01
202000018517,1,7,,0,1,2,1,A01
202000018518,3,7,,0,1,4,4,A01
202000018519,2,7,,0,1,4,9,A01
202000018520,2,10,,0,2,1,2,A01
202000018520,2,7,,0,2,4,2,B01
202000018521,0,7,,0,1,2,1,A01
202000018522,3,7,,0,2,1,1,B01
202000018522,3,7,,0,2,1,15,A01
202000018523,1,7,,0,2,1,1,A01
202000018523,2,7,,0,2,7,1,B01
202000018524,2,37,1.0,0,2,2,1,A01
202000018524,1,3,,0,2,7,15,B01
202000018525,1,7,,9,0,1,11,A01
202000018526,1,7,,0,2,1,2,A01
202000018526,1,7,,0,2,4,2,B01
202000018527,1,10,,0,2,4,2,C01
202000018527,1,7,,0,2,1,1,A01
202000018527,1,7,,0,2,4,2,B01
202000018528,2,2,,0,0,8,1,A01
202000018529,2,7,,0,2,1,0,A01
202000018529,2,2,,0,2,1,1,B01
202000018530,3,7,,0,2,2,1,B01
202000018530,3,7,,0,2,7,0,A01
202000018531,1,7,,0,2,3,15,A01
202000018531,1,50,,0,2,1,1,B01
202000018532,1,10,,0,1,3,1,A01
202000018533,1,7,,6,0,1,14,A01
202000018534,1,7,,0,1,1,1,A01
202000018535,0,7,,1,0,1,13,A01
202000018536,1,99,,1,0,2,26,A01
202000018537,1,7,,0,2,1,2,A01
202000018537,1,7,,0,2,4,1,B01
202000018538,0,7,,0,2,0,0,B01
202000018538,0,7,,0,1,3,9,A01
202000018539,1,7,,0,2,0,0,A01
202000018539,1,2,,0,2,0,0,B01
202000018540,1,7,,0,2,1,26,C01
202000018540,1,7,,0,2,4,0,B01
202000018540,1,7,,0,2,1,10,A01
202000018541,2,1,,0,2,1,1,B01
202000018541,1,7,,0,2,1,15,A01
202000018542,2,7,,0,2,1,1,B01
202000018542,1,33,,0,2,1,13,A01
202000018543,1,7,,9,0,1,1,A01
202000018544,3,7,,2,0,1,14,A01
202000018545,1,10,,0,2,1,2,B01
202000018545,1,7,,0,0,4,23,D01
202000018545,1,7,,0,9,1,1,C01
202000018545,1,7,,0,2,1,2,A01
202000018546,3,7,,0,1,1,15,Z01
202000018547,2,7,,0,1,1,1,A01
202000018548,0,37,0.0,0,2,0,1,Z01
202000018548,0,7,,0,2,2,1,A01
202000018549,1,7,,0,2,1,23,C01
202000018549,1,7,,0,2,2,1,B01
202000018549,1,7,,0,2,3,9,A01
202000018550,1,7,,0,1,1,1,A01
202000018551,1,7,,0,1,1,1,A01
202000018552,1,7,,0,2,1,1,B01
202000018552,1,7,,0,2,1,10,A01
202000018553,2,7,,0,2,4,1,A01
202000018553,2,7,,0,2,1,2,Z01
202000018553,2,7,,0,2,4,2,B01
202000018554,1,2,,0,2,1,1,B01
202000018554,2,7,,0,2,5,15,A01
202000018555,2,30,,0,2,1,1,B01
202000018555,1,32,,0,2,1,5,Z01
202000018556,0,7,,0,2,4,15,C01
202000018556,0,7,,0,2,3,16,A01
202000018556,0,7,,0,2,1,14,B01
202000018557,1,10,,0,2,6,2,C01
202000018557,1,37,3.0,0,2,7,2,D01
202000018557,2,10,,0,2,1,1,A01
202000018557,3,7,,15,2,3,0,B01
202000018558,1,7,,0,2,1,13,A01
202000018558,1,7,,0,2,1,15,B01
202000018559,2,7,,2,0,2,21,A01
202000018560,1,31,,0,2,1,1,B01
202000018560,2,7,,0,2,1,19,A01
202000018561,3,1,,0,2,1,21,A01
202000018561,3,7,,0,2,7,15,B01
202000018562,3,7,,1,0,1,1,A01
202000018563,1,60,,1,0,1,1,A01
202000018564,1,33,,0,2,3,1,A01
202000018564,2,33,,0,2,3,1,B01
202000018565,1,7,,0,1,1,9,A01
202000018566,3,2,,0,2,1,1,B01
202000018566,3,7,,0,2,5,15,A01
202000018567,1,43,,0,2,3,3,A01
202000018567,1,33,,0,2,1,3,C01
202000018567,1,10,,0,2,5,1,B01
202000018568,1,32,,0,2,3,3,A01
202000018568,1,7,,0,2,5,12,Z01
202000018569,1,33,,0,2,1,3,B01
202000018569,1,7,,0,2,7,12,A01
202000018570,1,7,,0,2,7,1,A01
202000018570,1,30,,0,2,8,18,B01
202000018571,1,33,,0,1,1,1,A01
202000018572,0,50,,0,1,1,13,A01
202000018573,1,30,,0,2,1,2,A01
202000018573,1,7,,0,2,4,2,Z01
202000018574,2,30,,0,1,0,1,Z01
202000018575,1,30,,0,2,2,1,B01
202000018575,1,7,,0,2,3,9,A01
202000018576,2,1,,0,2,8,19,A01
202000018576,0,43,,0,2,1,1,B01
202000018577,1,7,,0,2,3,10,A01
202000018577,1,32,,0,2,1,1,B01
202000018578,1,7,,1,0,2,13,A01
202000018579,1,1,,0,1,1,1,A01
202000018580,2,7,,0,2,2,16,B01
202000018580,2,30,,0,2,8,18,A01
202000018581,1,50,,0,1,1,1,A01
202000018582,1,7,,0,2,7,16,B01
202000018582,1,34,,0,2,8,18,A01
202000018583,2,1,,0,0,2,21,A01
202000018584,2,32,,0,1,3,1,A01
202000018585,3,33,,0,2,1,16,A01
202000018585,3,7,,0,2,4,4,B01
202000018586,2,50,,0,2,0,1,B01
202000018586,1,1,,0,2,0,17,A01
202000018587,1,1,,0,0,8,1,A01
202000018588,1,32,,0,2,6,2,A01
202000018588,1,7,,0,2,0,2,Z01
202000018588,1,1,,0,2,8,7,B01
202000018589,3,7,,14,1,6,10,A01
202000018590,1,7,,0,2,7,1,A01
202000018590,1,7,,0,2,1,15,B01
202000018591,2,50,,0,2,8,19,B01
202000018591,1,7,,0,2,1,1,A01
202000018592,0,7,,0,1,4,4,Z01
202000018593,1,7,,0,1,1,1,A01
202000018594,-1,7,,0,1,0,-1,A01
202000018595,1,10,,0,2,1,1,A01
202000018596,3,37,1.0,0,1,3,21,A01
202000018597,1,20,,0,2,4,4,B01
202000018597,2,0,,0,2,1,2,A01
202000018598,1,7,,0,2,4,23,A01
202000018598,1,14,,0,2,1,1,B01
202000018599,1,7,,0,2,3,10,A01
202000018599,1,33,,0,2,1,2,B01
202000018600,3,7,,0,1,1,15,A01
202000018601,2,7,,0,2,4,0,C01
202000018601,2,7,,0,2,1,2,B01
202000018601,2,7,,0,2,1,2,A01
202000018602,1,10,,0,2,1,19,A01
202000018602,2,32,,0,2,1,1,B01
202000018603,2,7,,0,1,3,15,A01
202000018604,2,30,,0,0,8,1,A01
202000018605,2,7,,16,0,0,1,A01
202000018606,2,7,,0,2,6,23,B01
202000018606,2,7,,0,0,4,23,A01
202000018606,2,10,,0,2,1,2,C01
202000018607,1,7,,0,2,1,1,A01
202000018607,0,10,,0,2,7,19,B01
202000018608,1,7,,16,0,1,14,A01
202000018609,2,32,,0,0,8,3,A01
202000018610,1,7,,8,0,2,1,A01
202000018611,1,7,,0,2,1,13,A01
202000018611,2,10,,0,2,3,0,B01
202000018611,1,7,,0,2,3,13,C01
202000018612,2,14,,0,2,2,1,B01
202000018612,2,3,,0,2,3,19,A01
202000018613,2,10,,0,2,1,0,B01
202000018613,1,7,,0,2,1,13,A01
202000018614,2,20,,0,2,6,2,B01