Num_Acc,senc,catv,occutc,obs,obsm,choc,manv,num_veh
202000018614,2,30,,0,2,1,2,A01
202000018615,3,1,,13,0,9,1,A01
202000018616,2,33,,0,0,0,0,A01
202000018617,3,7,,0,2,2,9,A01
202000018617,2,7,,0,2,3,1,B01
202000018618,2,2,,0,2,5,1,B01
202000018618,1,7,,0,2,3,15,A01
202000018619,1,10,,0,1,2,1,A01
202000018620,2,7,,13,0,2,1,A01
202000018621,3,7,,0,0,0,1,A01
202000018622,0,7,,0,2,1,13,A01
202000018622,0,7,,0,2,1,1,B01
202000018623,1,7,,0,2,1,1,B01
202000018623,2,7,,0,2,2,1,A01
202000018624,0,2,,0,2,1,1,A01
202000018624,0,7,,0,2,5,23,B01
202000018625,2,7,,17,0,3,0,A01
202000018626,2,7,,13,0,2,1,A01
202000018627,1,31,,0,2,1,1,A01
202000018627,1,7,,0,2,5,1,B01
202000018628,2,7,,0,2,4,2,B01
202000018628,2,15,,0,2,1,2,A01
202000018629,2,15,,0,2,8,23,A01
202000018629,2,15,,1,0,7,2,B01
202000018630,2,17,,0,0,8,1,A01
202000018631,0,7,,0,2,6,15,B01
202000018631,0,7,,0,2,2,17,A01
202000018632,1,7,,6,0,9,14,A01
202000018633,1,7,,0,2,5,12,A01
202000018633,1,33,,0,2,1,3,B01
202000018634,1,7,,0,1,1,1,A01
202000018635,1,7,,0,2,4,9,B01
202000018635,1,7,,0,2,1,2,A01
202000018636,2,10,,0,2,8,14,C01
202000018636,2,10,,0,2,7,1,A01
202000018637,2,7,,0,2,4,2,B01
202000018637,2,7,,0,2,1,1,A01
202000018638,2,10,,0,2,1,1,A01
202000018638,2,10,,0,2,4,1,B01
202000018639,2,7,,0,2,4,12,B01
202000018639,2,33,,0,2,1,3,A01
202000018640,2,7,,0,2,6,14,B01
202000018640,2,33,,0,2,1,3,A01
202000018641,1,7,,1,0,2,2,A01
202000018641,1,10,,4,2,4,23,B01
202000018642,1,7,,0,2,4,2,A01
202000018642,1,0,,0,2,1,2,Z01
202000018643,1,7,,0,2,5,2,A01
202000018643,1,33,,0,2,1,3,C01
202000018643,1,7,,0,2,3,2,B01
202000018644,1,7,,0,2,6,11,A01
202000018644,1,33,,0,2,1,3,B01
202000018645,3,7,,0,2,3,9,A01
202000018645,3,7,,0,2,7,19,B01
202000018646,1,7,,0,2,1,16,A01
202000018646,3,1,,0,2,1,0,B01
202000018647,1,7,,0,1,3,1,A01
202000018648,3,7,,6,2,1,26,A01
202000018649,2,7,,8,0,2,14,A01
202000018650,2,7,,0,1,2,1,A01
202000018651,1,7,,0,2,4,23,A01
202000018651,1,10,,0,2,1,2,B01
202000018652,3,32,,0,1,3,1,A01
202000018653,2,7,,0,2,1,26,A01
202000018653,1,31,,0,2,7,17,B01
202000018654,2,7,,0,2,1,1,B01
202000018654,1,7,,0,2,3,1,A01
202000018655,1,7,,0,1,2,14,A01
202000018656,2,7,,0,2,1,10,A01
202000018656,1,33,,0,2,8,1,B01
202000018657,2,7,,0,1,1,1,A01
202000018658,2,10,,0,2,1,1,A01
202000018658,2,17,,0,2,4,1,B01
202000018659,1,7,,0,2,4,0,B01
202000018659,1,2,,0,2,1,2,A01
202000018660,0,7,,0,2,8,1,B01
202000018660,0,7,,0,2,1,1,A01
202000018661,0,7,,0,2,8,15,B01
202000018661,0,2,,0,2,1,1,A01
202000018662,0,7,,0,1,1,16,A01
202000018663,3,7,,0,1,1,1,A01
202000018664,2,7,,0,1,1,15,A01
202000018665,1,7,,2,0,2,13,A01
202000018666,3,7,,0,0,0,2,B01
202000018666,3,33,,13,0,1,2,A01
202000018667,1,7,,0,2,2,15,A01
202000018667,1,7,,0,9,0,1,C01
202000018667,2,33,,0,2,1,1,B01
202000018668,2,21,,0,2,1,5,B01
202000018668,1,33,,0,2,1,1,A01
202000018669,2,7,,0,2,3,15,B01
202000018669,1,31,,0,2,1,1,A01
202000018670,1,33,,0,6,1,1,A01
202000018671,1,7,,0,0,5,2,A01
202000018671,1,7,,0,2,3,2,B01
202000018672,1,7,,3,0,3,1,A01
202000018673,1,7,,3,2,6,1,B01
202000018673,1,15,,0,2,2,12,A01
202000018674,2,7,,0,1,2,1,B01
202000018675,1,2,,1,0,2,0,A01
202000018675,0,7,,0,2,6,24,B01
202000018676,1,7,,0,2,8,1,B01
202000018676,2,7,,0,2,3,1,A01
202000018677,1,33,,8,2,1,1,B01
202000018677,0,7,,0,2,0,9,A01
202000018678,3,1,,0,0,9,0,A01
202000018679,1,7,,2,0,1,21,A01
202000018680,3,2,,12,0,7,26,A01
202000018681,1,15,,0,2,6,1,A01
202000018681,2,7,,0,2,3,1,B01
202000018682,1,33,,0,2,1,1,A01
202000018682,2,10,,0,2,3,1,B01
202000018683,1,7,,2,0,1,1,A01
202000018684,2,7,,0,0,9,13,A01
202000018685,0,1,,0,2,8,19,B01
202000018685,0,31,,0,9,1,1,A01
202000018686,2,33,,0,6,1,1,A01
202000018687,1,7,,0,2,1,1,C01
202000018687,1,7,,0,2,1,1,B01
202000018687,1,7,,0,2,1,13,A01
202000018688,2,7,,0,2,8,2,A01
202000018688,2,13,,0,2,2,12,B01
202000018689,2,7,,0,2,1,2,B01
202000018689,2,7,,0,2,4,1,A01
202000018690,2,7,,0,2,2,2,B01
202000018690,2,7,,0,2,6,2,A01
202000018690,2,7,,0,9,9,2,C01
202000018691,1,7,,4,0,3,15,A01
202000018692,2,7,,0,2,1,1,A01
202000018692,2,7,,0,2,1,1,B01
202000018692,2,7,,0,2,4,1,C01
202000018693,2,7,,4,0,9,0,A01
202000018694,2,33,,0,0,9,1,A01
202000018695,2,7,,4,0,2,17,A01
202000018696,1,33,,0,2,8,1,A01
202000018697,2,10,,0,2,1,2,B01
202000018697,2,7,,0,2,1,2,C01
202000018697,2,10,,0,2,4,2,A01
202000018697,2,7,,0,2,1,2,D01
202000018698,2,7,,3,0,2,1,A01
202000018699,1,34,,0,2,1,17,A01
202000018699,1,7,,0,2,8,15,B01
202000018700,2,7,,0,2,1,1,B01
202000018700,2,7,,0,2,7,9,A01
202000018701,1,7,,0,2,1,1,A01
202000018701,1,7,,8,2,7,1,B01
202000018702,2,33,,0,2,3,1,B01
202000018702,2,7,,0,2,1,11,A01
202000018703,2,10,,0,2,2,1,B01
202000018703,1,10,,0,2,3,1,A01
202000018704,1,7,,0,2,4,1,A01
202000018704,2,7,,0,2,1,1,B01
202000018705,0,7,,0,2,1,1,A01
202000018705,0,7,,0,2,4,1,B01
202000018706,1,7,,1,2,7,1,A01
202000018707,2,7,,0,2,3,13,A01
202000018707,1,7,,0,2,3,1,B01
202000018708,1,7,,13,0,1,21,A01
202000018709,3,7,,0,2,4,9,A01
202000018709,3,14,,0,2,4,2,B01
202000018710,1,33,,0,2,1,17,B01
202000018710,1,7,,0,2,3,15,A01
202000018711,2,7,,1,0,1,1,A01
202000018712,3,7,,1,0,1,0,B01
202000018713,1,33,,0,2,1,13,A01
202000018713,2,7,,0,2,3,1,B01
202000018714,3,7,,0,2,2,26,A01
202000018714,3,7,,0,2,8,16,B01
202000018715,1,7,,0,1,1,26,A01
202000018716,2,7,,0,1,2,1,A01
202000018717,1,7,,2,0,1,14,A01
202000018718,3,7,,0,2,8,15,B01
202000018718,3,33,,0,2,0,15,A01
202000018719,3,7,,17,0,9,1,A01
202000018720,3,7,,0,1,6,4,A01
202000018721,2,30,,1,0,1,1,A01
202000018722,2,7,,0,1,1,1,A01
202000018723,2,7,,0,2,4,2,B01
202000018723,2,7,,0,2,1,2,A01
202000018724,2,7,,0,2,1,9,A01
202000018724,2,7,,0,2,5,1,B01
202000018725,2,7,,0,2,3,2,A01
202000018725,2,50,,0,2,7,16,B01
202000018726,1,7,,0,2,2,15,A01
202000018726,1,7,,0,2,1,1,B01
202000018727,1,7,,12,2,5,1,A01
202000018727,2,7,,0,2,2,2,B01
202000018728,0,10,,0,9,0,9,A01
202000018728,0,33,,0,2,0,21,B01
202000018729,0,10,,2,0,1,1,A01
202000018730,1,7,,15,1,1,26,Z01
202000018731,1,7,,0,0,4,23,A01
202000018731,1,7,,0,0,4,23,B01
202000018731,1,3,,0,0,1,2,Z01
202000018732,2,7,,1,0,5,26,E01
202000018732,2,7,,1,0,2,26,D01
202000018732,2,7,,0,2,4,23,C01
202000018732,2,2,,0,0,8,23,B01
202000018732,2,7,,0,2,1,1,A01
202000018733,1,7,,8,0,1,1,A01
202000018734,2,32,,14,0,0,21,A01
202000018735,1,7,,0,2,7,1,B01
202000018735,3,7,,0,2,1,1,A01
202000018736,1,7,,0,2,8,1,B01
202000018736,1,33,,0,2,2,14,A01
202000018737,2,7,,0,2,8,11,A01
202000018737,2,31,,0,2,7,3,B01
202000018738,1,7,,0,2,1,1,A01
202000018738,1,32,,0,2,8,1,B01
202000018739,2,1,,0,2,4,12,A01
202000018739,2,31,,0,2,1,18,Z01
202000018740,0,30,,0,1,0,1,Z01
202000018741,2,1,,0,2,1,14,A01
202000018741,1,1,,0,2,0,1,B01
202000018742,1,32,,1,1,1,17,A01
202000018743,2,50,,0,2,1,5,A01
202000018743,1,1,,0,2,1,1,B01
202000018744,1,7,,0,2,2,2,A01
202000018744,1,10,,0,2,4,2,B01
202000018745,2,43,,0,2,8,1,A01
202000018745,2,1,,0,2,8,9,B01
202000018746,2,50,,0,2,3,1,A01
202000018746,2,7,,0,2,1,1,B01
202000018747,3,7,,0,2,1,1,Z01
202000018747,1,31,,0,2,2,7,B01
202000018747,1,7,,0,2,3,23,C01
202000018748,2,33,,1,0,2,14,A01
202000018749,2,50,,14,0,3,14,A01
202000018750,2,50,,0,2,1,15,B01
202000018750,1,1,,0,2,1,1,A01
202000018751,2,7,,0,1,1,1,A01
202000018752,1,7,,0,2,7,9,A01
202000018752,2,32,,0,2,1,1,B01
202000018753,2,7,,0,2,4,23,B01
202000018753,2,2,,0,2,1,0,A01
202000018754,0,30,,0,2,1,15,A01
202000018754,0,7,,0,2,5,15,B01
202000018755,3,1,,0,2,1,16,B01
202000018755,3,7,,0,2,2,2,A01
202000018756,3,33,,0,2,0,0,B01
202000018756,3,32,,0,2,5,16,A01
202000018757,0,7,,0,1,3,1,A01
202000018758,3,10,,0,1,1,26,A01
202000018759,-1,7,,0,2,1,16,A01
202000018759,3,7,,0,2,8,16,B01
202000018760,2,10,,0,1,2,1,A01
202000018761,1,7,,0,1,1,1,A01
202000018762,0,30,,0,0,0,1,A01
202000018763,1,7,,9,9,2,16,A01
202000018763,1,50,,9,2,8,1,B01
202000018764,2,31,,0,2,7,17,B01
202000018764,2,7,,0,2,8,13,A01
202000018765,1,7,,0,2,1,9,A01
202000018765,1,7,,0,0,6,1,B01
202000018766,0,2,,0,2,1,19,B01
202000018766,0,3,,0,2,8,19,A01
202000018767,2,80,,0,0,0,0,A01
202000018767,2,7,,0,2,0,9,B01
202000018768,1,7,,0,2,3,15,A01
202000018768,2,33,,0,2,1,1,B01
202000018769,2,33,,0,2,1,1,A01
202000018769,2,7,,0,2,2,9,B01
202000018770,1,7,,0,2,2,15,A01
202000018770,2,2,,0,2,3,1,B01
202000018771,3,7,,15,0,0,1,A01
202000018772,3,7,,0,2,2,13,A01
202000018772,3,7,,0,2,1,1,B01
202000018773,0,31,,1,0,1,0,A01
202000018774,1,34,,14,0,1,1,A01
202000018775,2,7,,0,2,8,17,A01
202000018775,1,1,,0,2,3,21,B01
202000018776,2,7,,2,0,3,1,A01
202000018777,2,7,,0,2,1,13,A01
202000018777,1,33,,0,2,1,1,B01
202000018778,1,33,,0,2,8,2,C01
202000018778,1,7,,0,2,4,2,B01
202000018778,1,7,,0,2,1,2,A01
202000018779,1,7,,0,2,4,2,B01
202000018779,1,7,,0,2,1,2,A01
202000018780,3,7,,0,2,3,1,B01
202000018780,3,2,,0,2,1,13,A01
202000018781,1,7,,13,0,3,1,A01
202000018782,1,7,,13,0,1,1,A01
202000018783,3,7,,0,2,2,13,B01
202000018783,3,30,,0,2,7,13,A01
202000018784,1,2,,12,0,1,0,A01
202000018785,1,33,,0,0,1,1,A01
202000018786,0,7,,0,2,2,19,A01
202000018786,2,33,,0,2,1,1,B01
202000018787,0,33,,2,0,8,0,A01
202000018788,1,7,,6,0,2,0,A01
202000018789,2,7,,1,0,2,1,A01
202000018789,2,13,,0,1,6,23,B01
202000018790,1,7,,0,0,3,1,B01
202000018790,1,7,,0,2,1,19,A01
202000018791,1,1,,0,1,7,1,A01
202000018792,2,35,,15,0,2,0,A01
202000018793,1,3,,0,0,2,14,A01
202000018794,2,1,,0,1,1,1,A01
202000018795,1,7,,0,1,3,1,A01
202000018796,1,7,,0,2,2,2,A01
202000018796,1,1,,0,2,0,2,C01
202000018796,1,1,,0,2,4,2,B01
202000018797,1,33,,0,2,1,1,B01
202000018797,2,21,,0,2,1,15,A01
202000018798,3,1,,0,2,0,1,A01
202000018798,3,21,,0,2,8,1,B01
202000018799,2,31,,0,2,1,13,B01
202000018799,1,7,,0,2,3,1,A01
202000018800,2,33,,0,2,3,13,A01
202000018800,1,7,,0,2,3,1,B01
202000018801,1,7,,7,2,1,1,B01
202000018801,0,7,,0,2,3,16,A01
202000018802,1,1,,0,2,1,1,B01
202000018802,2,7,,0,2,3,13,A01
202000018803,2,33,,13,0,1,1,A01
202000018804,2,7,,0,2,6,1,C01
202000018804,1,7,,0,2,3,1,B01
202000018804,2,7,,0,2,3,17,A01
202000018805,1,33,,13,2,3,13,A01
202000018805,1,33,,0,2,8,1,B01
202000018806,3,34,,0,0,7,26,A01
202000018807,1,7,,0,2,3,13,A01
202000018807,2,7,,0,2,3,1,B01
202000018808,2,7,,0,0,0,1,B01
202000018808,1,33,,0,0,7,1,A01
202000018809,1,33,,0,2,1,2,A01
202000018809,1,15,,0,0,4,2,B01
202000018810,3,2,,0,2,1,2,A01
202000018810,3,7,,0,2,4,2,B01
202000018811,1,7,,0,2,2,14,A01
202000018811,1,7,,0,2,3,1,B01
202000018812,1,7,,0,2,7,15,A01
202000018812,2,33,,0,2,1,1,B01
202000018813,1,7,,3,0,2,1,A01
202000018814,2,7,,0,2,3,9,A01
202000018814,2,10,,0,2,2,1,B01
202000018815,1,7,,0,2,3,2,A01
202000018815,1,7,,0,0,7,2,B01
202000018815,1,7,,0,2,7,2,C01
202000018815,1,7,,0,0,8,2,D01
202000018815,1,7,,0,0,4,2,E01
202000018815,1,7,,0,0,4,1,F01
202000018816,2,7,,0,2,1,2,A01
202000018816,2,7,,0,0,4,2,B01
202000018817,2,33,,0,2,1,1,B01
202000018817,1,7,,0,2,1,11,A01
202000018818,2,33,,7,0,1,13,A01
202000018819,3,7,,7,1,4,26,A01
202000018820,2,2,,0,0,4,15,A01
202000018820,2,33,,7,0,1,0,B01
202000018821,1,34,,16,0,1,1,A01
202000018822,2,1,,0,0,1,0,A01
202000018823,1,7,,0,2,3,1,B01
202000018823,1,7,,2,2,2,14,A01
202000018824,1,33,,0,2,2,1,B01
202000018824,2,13,,0,2,5,15,A01
202000018825,2,7,,3,0,2,17,A01
202000018826,3,7,,0,4,8,23,A01
202000018826,0,39,,0,2,1,1,B01
202000018827,1,7,,0,2,1,5,B01
202000018827,2,7,,0,2,1,1,A01
202000018828,1,2,,0,0,7,23,A01
202000018829,3,1,,0,1,1,1,A01
202000018830,1,7,,0,2,1,2,D01
202000018830,1,7,,0,2,4,2,C01
202000018830,1,7,,0,2,4,2,B01
202000018830,1,7,,0,2,4,1,A01
202000018831,2,7,,0,2,4,1,A01
202000018831,2,7,,0,2,1,2,B01
202000018831,2,7,,0,2,1,2,C01
202000018831,2,7,,0,2,1,2,D01
202000018831,2,7,,0,2,1,2,E01
202000018832,2,7,,0,2,1,2,B01
202000018832,2,7,,0,2,4,2,A01
202000018833,2,7,,14,2,3,13,A01
202000018833,2,7,,0,2,7,1,B01
202000018834,2,0,,0,2,1,0,B01
202000018834,2,7,,0,2,4,1,A01
202000018835,1,7,,0,2,1,2,C01
202000018835,1,7,,0,2,1,2,B01
202000018835,1,7,,0,2,2,2,A01
202000018835,1,7,,0,2,4,2,E01
202000018835,1,7,,0,2,1,2,D01
202000018836,1,7,,0,2,1,1,A01
202000018836,1,7,,0,2,6,11,B01
202000018837,1,7,,3,0,4,23,A01
202000018837,1,7,,1,0,1,1,B01
202000018838,1,7,,4,0,1,13,A01
202000018839,2,33,,0,2,2,1,A01
202000018840,2,7,,4,0,1,14,A01
202000018841,1,7,,0,2,4,2,B01
202000018841,1,10,,0,2,1,1,A01
202000018842,2,31,,0,2,1,1,A01
202000018843,2,30,,12,2,7,17,A01
202000018843,2,7,,0,2,3,13,B01
202000018844,1,1,,0,2,7,0,B01
202000018844,0,7,,0,9,2,9,A01
202000018845,3,7,,4,1,1,26,A01
202000018846,3,37,1.0,0,1,3,15,A01
202000018847,1,7,,6,0,2,9,A01
202000018848,2,7,,0,1,1,1,A01
202000018849,3,7,,0,2,1,19,B01
202000018849,3,32,,0,2,1,19,A01
202000018850,1,7,,0,2,9,21,A01
202000018851,2,7,,0,2,3,1,C01
202000018851,1,7,,0,2,1,13,B01
202000018851,2,7,,0,2,1,1,A01
202000018852,2,7,,0,2,6,11,A01
202000018852,2,33,,0,2,2,2,B01
202000018853,3,7,,2,0,0,1,A01
202000018854,1,33,,16,0,1,1,A01
202000018855,3,1,,0,0,1,26,A01
202000018856,1,7,,0,0,1,1,B01
202000018856,2,7,,0,2,1,17,A01
202000018857,1,7,,3,0,1,2,A01
202000018858,2,1,,0,0,0,1,A01
202000018859,1,1,,0,9,1,2,A01
202000018860,2,7,,0,2,3,1,A01
202000018860,3,7,,0,2,2,19,B01
202000018861,2,33,,7,0,1,1,A01
202000018862,3,7,,0,2,3,1,B01
202000018862,3,7,,0,2,3,13,A01
202000018863,0,7,,0,1,1,20,A01
202000018864,2,7,,0,2,2,21,B01
202000018864,1,7,,0,0,7,15,A01
202000018865,2,7,,16,0,3,1,A01
202000018866,2,7,,0,2,7,19,A01
202000018866,2,7,,0,2,1,1,B01
202000018867,1,7,,15,0,0,1,A01
202000018868,1,2,,12,0,0,1,A01
202000018869,1,7,,13,2,1,1,A01
202000018869,2,17,,0,2,1,1,B01
202000018870,2,7,,13,9,1,1,A01
202000018871,2,7,,2,0,1,13,A01
202000018872,3,7,,2,0,1,13,A01
202000018873,2,31,,0,2,1,1,B01
202000018873,1,7,,0,2,7,15,A01
202000018874,0,7,,6,1,3,14,A01
202000018875,1,7,,2,0,1,1,A01
202000018876,1,36,,0,2,4,9,B01
202000018876,3,7,,0,2,4,1,A01
202000018877,1,7,,0,2,1,1,B01
202000018877,1,10,,0,0,3,15,A01
202000018878,0,7,,13,0,1,13,A01
202000018879,1,7,,0,2,2,1,A01
202000018879,1,34,,0,2,1,13,D01
202000018879,1,34,,0,2,1,18,C01
202000018879,2,7,,0,2,3,1,B01
202000018880,2,2,,8,0,1,0,A01
202000018881,1,7,,13,0,1,13,A01
202000018882,1,7,,0,2,1,1,A01
202000018882,1,7,,3,0,4,1,B01
202000018883,2,7,,0,2,6,2,B01
202000018883,2,7,,0,2,1,2,A01
202000018884,1,33,,0,2,1,1,B01
202000018884,1,10,,0,2,3,9,A01
202000018885,0,7,,8,2,1,1,B01
202000018885,1,7,,8,0,5,1,A01
202000018886,2,7,,0,2,8,13,A01
202000018886,1,13,,0,2,8,1,B01
202000018887,2,38,4.0,13,0,2,1,A01
202000018888,3,7,,0,2,3,16,A01
202000018888,3,2,,0,2,7,15,B01
202000018889,2,33,,0,2,1,21,B01
202000018889,1,7,,0,9,3,3,A01
202000018890,2,15,,0,2,1,1,B01
202000018890,1,7,,0,2,1,13,A01
202000018890,1,7,,0,2,1,1,C01
202000018891,3,33,,0,0,0,1,A01
202000018892,2,7,,0,1,2,1,A01
202000018893,1,7,,0,2,2,2,B01
202000018893,1,2,,0,0,4,2,A01
202000018894,0,7,,0,2,2,15,B01
202000018894,0,33,,0,2,1,5,A01
202000018895,1,7,,0,2,3,1,B01
202000018895,1,80,,0,2,1,0,A01
202000018896,2,7,,14,0,9,0,A01
202000018897,3,13,,0,1,1,1,A01
202000018898,2,7,,0,2,4,1,A01
202000018898,2,7,,0,2,1,1,B01
202000018898,2,7,,0,2,1,1,C01
202000018899,2,7,,0,2,4,1,A01
202000018899,2,7,,0,2,4,1,B01
202000018899,2,7,,0,2,1,1,C01
202000018900,2,7,,4,2,3,1,A01
202000018901,2,33,,0,2,1,3,B01
202000018901,2,7,,0,2,5,1,A01
202000018902,1,7,,0,2,1,2,C01
202000018902,1,7,,0,2,4,2,B01
202000018902,1,7,,0,2,4,2,A01
202000018903,1,13,,0,2,4,2,A01
202000018903,1,7,,3,2,2,2,B01
202000018904,2,7,,0,9,5,1,A01
202000018904,2,33,,0,2,8,26,B01
202000018905,1,7,,0,0,4,2,B01
202000018905,1,7,,0,2,1,2,A01
202000018906,2,7,,4,0,7,14,A01
202000018907,1,10,,0,2,5,2,B01
202000018907,1,33,,0,2,3,21,A01
202000018908,2,7,,5,0,3,11,A01
202000018909,1,1,,0,2,0,19,Y01
202000018910,2,7,,0,2,0,13,Z01
202000018910,2,33,,0,2,7,1,A01
202000018911,1,2,,0,2,4,2,B01
202000018911,1,7,,0,2,1,2,A01
202000018912,1,10,,0,1,3,15,Z01
202000018913,2,7,,0,2,1,15,B01
202000018913,1,2,,0,2,1,1,A01
202000018914,1,7,,0,2,8,15,A01
202000018914,1,33,,0,2,1,1,B01
202000018915,2,30,,0,2,1,1,B01
202000018915,1,7,,0,2,1,15,A01
202000018916,2,10,,0,1,1,16,A01
202000018917,3,32,,0,2,2,1,B01
202000018917,3,7,,0,2,3,1,A01
202000018918,1,7,,0,2,3,9,B01
202000018918,1,7,,0,2,1,9,A01
202000018919,1,7,,0,2,1,11,A01
202000018919,1,7,,0,2,4,1,B01
202000018920,3,7,,0,2,1,2,B01
202000018920,3,0,,0,2,1,2,A01
202000018921,3,99,,0,1,4,4,A01
202000018922,1,1,,0,2,1,1,A01
202000018922,1,7,,0,2,3,9,B01
202000018923,1,7,,0,2,3,1,A01
202000018923,2,7,,0,2,3,13,B01
202000018924,0,36,,0,0,0,0,A01
202000018925,2,7,,13,0,1,13,A01
202000018926,1,7,,0,0,0,1,A01
202000018927,1,7,,0,2,7,23,B01
202000018927,3,7,,0,2,4,4,A01
202000018928,3,31,,2,0,1,26,A01
202000018929,2,32,,0,2,1,1,B01
202000018929,1,7,,0,2,7,15,A01
202000018930,3,33,,0,2,5,23,A01
202000018930,3,10,,0,2,2,2,B01
202000018931,3,7,,0,2,8,1,B01
202000018931,1,7,,0,2,1,1,A01
202000018932,1,7,,0,0,0,1,A01
202000018933,2,10,,0,1,6,20,A01
202000018934,1,2,,0,0,8,15,A01
202000018935,1,7,,3,0,6,13,A01
202000018936,0,7,,0,2,3,2,B01
202000018936,0,7,,0,2,3,11,A01
202000018937,2,40,,0,2,1,1,B01
202000018937,1,7,,0,4,8,1,A01
202000018938,0,7,,0,2,3,1,B01
202000018938,0,50,,0,2,1,1,A01
202000018939,1,33,,0,2,1,1,B01
202000018939,2,7,,0,2,8,1,A01
202000018940,1,7,,4,0,2,1,A01
202000018941,1,7,,0,2,5,16,A01
202000018941,1,1,,0,2,0,0,B01
202000018942,3,10,,0,2,3,1,B01
202000018942,3,30,,0,2,1,5,A01
202000018943,1,7,,0,1,1,15,A01
202000018944,1,37,1.0,0,1,2,1,A01
202000018945,1,7,,0,1,3,15,A01
202000018946,2,30,,0,2,1,2,A01
202000018946,2,7,,0,0,4,2,B01
202000018947,2,7,,0,2,3,1,B01
202000018947,1,7,,0,2,3,13,A01
202000018948,2,7,,0,2,4,23,B01
202000018948,2,7,,0,2,1,1,A01
202000018949,1,30,,0,2,1,1,B01
202000018949,1,10,,0,2,2,1,A01
202000018950,1,1,,0,1,8,16,A01
202000018951,1,1,,0,2,8,1,A01
202000018951,1,7,,0,2,2,16,Z01
202000018952,2,1,,1,0,1,1,A01
202000018953,1,7,,0,1,3,12,A01
202000018954,2,7,,0,1,2,1,A01
202000018955,2,7,,0,2,5,23,C01
202000018955,2,7,,0,2,1,1,A01
202000018955,2,7,,0,2,1,23,B01
202000018956,1,32,,0,2,1,3,B01
202000018956,1,7,,0,2,4,11,A01
202000018957,1,7,,0,2,6,10,B01
202000018957,2,7,,0,2,1,1,A01
202000018958,1,7,,0,2,8,15,A01
202000018958,1,33,,0,2,7,1,B01
202000018959,1,50,,0,2,1,1,B01
202000018959,1,10,,0,2,3,15,A01
202000018960,1,33,,0,2,3,1,A01
202000018960,1,7,,0,2,0,1,Z01
202000018961,1,33,,0,2,1,1,A01
202000018961,1,7,,0,2,4,1,B01
202000018962,3,10,,0,2,3,16,A01
202000018962,3,10,,0,2,1,19,B01
202000018963,3,7,,0,2,5,15,A01
202000018963,3,34,,0,2,1,1,B01
202000018964,1,7,,0,2,2,1,A01
202000018964,1,33,,0,2,3,16,B01
202000018965,3,7,,0,1,1,16,A01
202000018966,1,7,,0,2,7,1,C01
202000018966,1,7,,0,2,8,1,B01
202000018966,1,30,,0,2,7,1,A01
202000018967,1,0,,0,0,0,0,B01
202000018967,1,33,,0,2,4,11,A01
202000018968,1,10,,16,2,3,14,A01
202000018969,1,7,,0,0,0,0,A01
202000018970,1,7,,0,0,8,13,B01
202000018970,2,7,,0,0,8,1,A01
202000018971,1,33,,0,2,1,1,A01
202000018971,3,7,,0,2,1,19,B01
202000018972,1,7,,17,0,1,2,A01
202000018973,2,7,,0,2,3,2,B01
202000018973,1,34,,0,2,1,5,A01
202000018974,1,7,,0,2,1,13,B01
202000018974,2,7,,0,2,1,13,A01
202000018975,2,7,,0,0,4,2,B01
202000018975,2,7,,0,2,1,2,A01
202000018976,1,7,,14,0,1,1,A01
202000018977,2,7,,13,0,1,0,A01
202000018978,1,31,,13,0,2,1,A01
202000018979,1,33,,0,2,1,1,B01
202000018979,2,7,,0,2,2,15,A01
202000018980,1,33,,0,0,0,1,A01
202000018981,2,2,,0,2,8,2,A01
202000018981,2,2,,0,2,7,2,B01
202000018982,2,1,,0,0,1,1,A01
202000018983,1,34,,0,2,1,18,A01
202000018983,1,7,,0,2,2,16,B01
202000018984,2,31,,16,2,3,13,A01
202000018984,1,7,,0,2,3,1,B01
202000018985,3,33,,0,0,0,1,A01
202000018986,2,7,,0,2,1,1,B01
202000018986,1,33,,0,2,1,17,A01
202000018987,2,33,,0,1,1,1,A01
202000018988,2,7,,2,0,1,11,A01
202000018989,1,7,,3,0,1,14,A01
202000018990,0,36,,7,1,1,1,A01
202000018991,3,7,,0,2,1,23,B01
202000018991,1,7,,0,2,1,5,A01
202000018992,1,1,,0,2,3,1,B01
202000018992,1,0,,0,9,3,0,C01
202000018993,1,7,,6,0,1,1,A01
202000018994,2,7,,0,1,2,1,A01
202000018995,2,7,,13,0,2,0,A01
202000018996,2,33,,13,0,1,16,A01
202000018997,1,2,,13,0,1,1,A01
202000018998,1,7,,0,2,7,15,A01
202000018998,2,33,,0,2,1,1,B01
202000018999,2,2,,0,5,1,0,A01
202000019000,2,7,,0,0,2,0,A01
202000019001,2,7,,0,1,0,26,C01
202000019001,1,7,,0,2,1,1,B01
202000019001,2,10,,0,2,1,13,A01
202000019002,2,7,,0,2,2,1,A01
202000019002,3,10,,0,2,3,23,C01
202000019002,3,20,,0,2,3,23,B01
202000019003,2,7,,0,2,2,1,B01
202000019003,2,7,,4,2,2,14,A01
202000019004,2,7,,4,2,7,14,A01
202000019004,2,7,,0,0,8,1,B01
202000019005,2,33,,0,0,0,1,A01
202000019006,2,10,,0,2,1,13,A01
202000019006,2,10,,0,2,8,1,B01
202000019007,0,7,,0,0,8,1,B01