Num_Acc,senc,catv,occutc,obs,obsm,choc,manv,num_veh
202000019007,0,7,,0,2,1,17,A01
202000019008,1,36,,16,0,0,1,A01
202000019009,2,7,,5,2,0,1,A01
202000019009,1,7,,0,2,2,1,B01
202000019010,2,7,,0,2,3,15,B01
202000019010,1,2,,0,2,8,1,A01
202000019010,0,7,,0,2,3,0,C01
202000019011,2,2,,6,0,1,0,A01
202000019012,1,7,,15,0,2,1,A01
202000019013,1,7,,4,2,4,2,B01
202000019013,1,10,,0,2,1,2,A01
202000019014,1,33,,0,2,7,1,B01
202000019014,1,7,,0,2,2,1,A01
202000019015,1,33,,0,2,1,1,B01
202000019015,1,10,,0,2,4,20,A01
202000019016,3,10,,0,1,0,26,A01
202000019017,2,7,,0,2,3,15,A01
202000019017,2,2,,0,2,2,17,B01
202000019018,2,7,,0,2,3,15,A01
202000019018,1,7,,0,2,3,1,B01
202000019019,1,7,,0,2,8,1,A01
202000019019,2,7,,0,2,8,1,B01
202000019020,3,7,,0,2,1,13,A01
202000019020,3,7,,0,2,3,1,B01
202000019021,1,7,,0,1,1,1,A01
202000019022,0,1,,0,2,0,0,B01
202000019022,1,7,,0,2,3,9,A01
202000019023,3,7,,0,2,4,1,C01
202000019023,3,7,,0,2,4,2,B01
202000019023,3,7,,0,2,1,2,A01
202000019024,2,7,,0,2,8,19,A01
202000019024,1,2,,0,2,1,1,B01
202000019025,2,7,,0,2,4,1,B01
202000019025,2,7,,0,2,4,1,C01
202000019025,2,7,,0,2,1,2,A01
202000019026,2,2,,6,2,1,1,B01
202000019026,2,50,,0,2,1,15,A01
202000019027,3,33,,0,0,1,16,A01
202000019028,1,30,,0,2,1,26,A01
202000019028,3,7,,0,2,3,15,B01
202000019029,3,7,,0,2,3,19,A01
202000019029,2,7,,0,2,1,1,B01
202000019030,3,7,,0,1,7,1,A01
202000019031,3,1,,0,2,1,5,B01
202000019031,3,7,,0,2,3,16,A01
202000019032,3,7,,0,1,1,1,A01
202000019033,1,7,,0,1,2,0,A01
202000019034,1,7,,0,2,1,13,A01
202000019034,2,13,,0,2,0,0,B01
202000019035,2,7,,0,1,1,1,A01
202000019036,0,10,,0,2,1,19,A01
202000019036,2,7,,15,2,7,1,B01
202000019037,1,10,,0,2,1,15,B01
202000019037,1,7,,0,2,3,1,A01
202000019038,2,32,,0,2,1,1,B01
202000019038,1,7,,0,2,2,15,A01
202000019039,3,1,,0,2,2,1,B01
202000019039,1,7,,0,2,1,1,A01
202000019040,2,7,,0,1,1,1,A01
202000019041,1,7,,0,1,2,1,A01
202000019042,2,7,,0,2,3,15,A01
202000019042,2,30,,0,2,8,1,B01
202000019043,1,7,,0,2,2,1,A01
202000019043,1,7,,0,2,6,1,B01
202000019044,1,2,,0,2,1,3,A01
202000019044,1,7,,0,2,2,16,B01
202000019045,3,1,,0,2,1,1,A01
202000019045,3,2,,0,2,1,1,B01
202000019046,2,7,,0,2,3,17,A01
202000019046,2,7,,0,2,2,15,B01
202000019047,2,7,,0,2,2,1,B01
202000019047,1,34,,0,2,8,1,A01
202000019048,1,10,,0,2,2,15,A01
202000019048,1,2,,0,2,1,16,B01
202000019049,1,7,,0,2,2,15,B01
202000019049,2,33,,0,2,1,1,A01
202000019050,2,7,,0,2,8,15,A01
202000019050,2,33,,0,2,1,1,B01
202000019051,2,7,,0,1,3,15,A01
202000019052,1,33,,0,0,7,1,A01
202000019053,1,1,,0,0,0,21,A01
202000019054,2,7,,0,1,1,1,A01
202000019055,2,1,,0,2,2,1,B01
202000019055,1,7,,0,2,2,15,A01
202000019056,2,33,,0,2,0,3,B01
202000019056,2,7,,0,2,0,12,A01
202000019057,0,7,,2,0,1,14,A01
202000019058,0,7,,0,2,0,0,Z01
202000019058,0,7,,0,2,0,0,A01
202000019059,1,7,,0,2,3,15,A01
202000019059,1,30,,0,2,1,1,B01
202000019060,2,80,,0,2,1,18,B01
202000019060,2,17,,0,2,2,16,A01
202000019061,1,1,,0,2,1,19,A01
202000019061,1,37,1.0,0,2,2,16,B01
202000019062,1,7,,0,2,1,19,A01
202000019062,1,7,,0,2,3,1,B01
202000019063,2,7,,0,2,1,1,C01
202000019063,1,7,,0,2,3,5,A01
202000019063,2,7,,0,2,3,1,B01
202000019064,2,7,,0,1,2,0,A01
202000019065,2,50,,0,2,7,1,B01
202000019065,1,7,,0,9,1,1,A01
202000019066,3,34,,0,2,1,2,A01
202000019066,3,7,,0,2,5,15,B01
202000019067,1,33,,0,2,1,18,B01
202000019067,1,7,,0,2,2,22,A01
202000019068,1,7,,12,0,1,1,A01
202000019069,1,2,,0,2,8,1,B01
202000019069,1,7,,0,2,2,16,A01
202000019070,3,7,,0,2,4,2,B01
202000019070,3,7,,0,2,4,2,C01
202000019070,3,7,,0,2,4,2,D01
202000019070,3,10,,0,2,1,2,A01
202000019071,1,30,,0,2,4,1,C01
202000019071,2,7,,0,2,3,23,B01
202000019071,1,10,,0,2,3,1,A01
202000019072,1,31,,0,2,1,15,A01
202000019072,2,10,,0,2,7,1,B01
202000019073,1,7,,0,2,3,9,A01
202000019073,2,7,,0,2,3,1,C01
202000019073,1,7,,0,2,7,2,B01
202000019074,2,33,,0,2,7,21,B01
202000019074,3,21,,0,2,1,26,A01
202000019075,1,7,,0,2,8,15,A01
202000019075,1,17,,0,2,3,1,B01
202000019076,1,50,,0,2,1,1,A01
202000019076,1,7,,0,9,4,1,B01
202000019077,3,7,,0,2,0,18,A01
202000019077,3,1,,0,2,4,1,B01
202000019078,3,1,,0,2,8,1,B01
202000019078,3,7,,0,2,7,14,A01
202000019079,1,7,,15,1,2,14,A01
202000019080,3,31,,0,1,1,1,A01
202000019081,1,7,,0,1,0,1,A01
202000019082,3,1,,0,2,0,1,B01
202000019082,3,7,,0,2,3,1,A01
202000019083,0,2,,0,2,1,1,B01
202000019083,0,7,,0,2,4,15,A01
202000019084,1,7,,0,2,0,1,A01
202000019084,1,1,,0,2,0,0,B01
202000019085,1,7,,3,0,1,1,A01
202000019086,1,7,,0,2,3,15,A01
202000019086,1,32,,0,2,3,1,B01
202000019087,1,7,,0,2,1,1,A01
202000019087,1,33,,0,2,1,1,B01
202000019088,0,1,,0,2,1,1,A01
202000019089,0,33,,0,0,0,1,A01
202000019090,0,7,,0,2,1,2,B01
202000019090,0,7,,0,2,7,19,A01
202000019091,1,7,,0,1,3,10,A01
202000019092,1,1,,0,1,1,19,A01
202000019093,2,2,,0,2,4,1,B01
202000019093,2,7,,0,2,4,1,C01
202000019093,2,7,,0,2,1,1,A01
202000019094,3,7,,0,2,3,10,A01
202000019094,3,7,,0,2,1,1,B01
202000019095,2,7,,0,2,7,16,B01
202000019095,2,34,,0,2,3,7,A01
202000019096,2,32,,0,2,1,15,A01
202000019096,1,1,,0,2,1,1,B01
202000019097,2,7,,0,2,1,1,A01
202000019097,2,7,,0,2,4,1,B01
202000019098,0,60,,0,2,1,19,B01
202000019098,2,7,,0,2,8,1,A01
202000019099,2,33,,0,2,8,16,A01
202000019099,2,10,,0,2,3,1,B01
202000019100,1,7,,0,2,1,1,C01
202000019100,1,7,,0,2,9,1,B01
202000019100,2,7,,0,2,4,1,A01
202000019101,1,7,,3,0,4,1,B01
202000019101,1,7,,0,2,1,1,A01
202000019102,1,33,,0,2,1,1,B01
202000019102,2,37,1.0,0,2,1,15,A01
202000019103,1,7,,0,2,4,15,A01
202000019103,2,1,,0,2,1,1,B01
202000019104,2,30,,0,0,3,0,A01
202000019105,3,2,,0,2,2,1,B01
202000019105,2,7,,0,2,3,15,A01
202000019106,1,7,,0,2,5,15,B01
202000019106,0,7,,0,2,1,1,A01
202000019107,1,7,,0,2,1,26,B01
202000019107,1,10,,0,2,1,13,A01
202000019108,2,10,,0,2,1,2,A01
202000019108,2,7,,0,2,4,16,B01
202000019109,0,33,,0,2,4,1,B01
202000019109,1,7,,0,2,2,2,A01
202000019110,1,7,,0,2,4,0,B01
202000019110,1,10,,0,2,2,1,A01
202000019111,1,10,,0,2,4,1,B01
202000019111,1,31,,0,2,1,2,A01
202000019112,2,1,,0,2,3,19,A01
202000019112,2,7,,0,2,0,1,B01
202000019113,2,15,,0,2,2,12,A01
202000019113,2,7,,0,2,7,1,D01
202000019113,2,7,,0,2,6,1,B01
202000019113,2,10,,0,2,7,1,C01
202000019114,2,7,,0,2,5,23,D01
202000019114,2,10,,0,2,6,1,C01
202000019114,2,7,,0,2,2,14,B01
202000019114,2,34,,0,2,1,3,A01
202000019115,1,32,,0,2,4,20,B01
202000019115,1,10,,0,2,6,2,A01
202000019116,1,7,,0,2,1,2,A01
202000019116,1,33,,0,2,4,23,B01
202000019117,2,30,,0,2,3,18,A01
202000019117,2,37,1.0,0,2,2,16,B01
202000019118,1,7,,0,2,3,15,B01
202000019118,1,7,,0,2,7,17,A01
202000019119,2,32,,0,2,2,1,B01
202000019119,2,7,,0,2,6,13,Z01
202000019120,2,33,,8,2,0,21,A01
202000019121,1,7,,0,2,1,1,A01
202000019121,1,1,,0,2,8,19,B01
202000019122,1,80,,0,0,0,1,A01
202000019123,0,50,,0,0,0,1,A01
202000019124,2,30,,0,0,0,21,A01
202000019125,3,32,,0,1,1,1,A01
202000019126,2,7,,0,2,8,13,B01
202000019126,2,30,,0,2,2,5,A01
202000019127,1,50,,0,1,1,1,Z01
202000019128,2,1,,0,1,1,1,A01
202000019129,2,2,,0,0,0,1,A01
202000019130,2,33,,0,2,1,1,A01
202000019130,1,7,,0,2,3,1,B01
202000019131,1,7,,0,2,3,23,B01
202000019131,1,32,,0,2,7,1,A01
202000019132,1,1,,0,2,1,5,A01
202000019132,2,1,,0,2,1,1,B01
202000019133,1,10,,0,1,8,15,A01
202000019134,2,7,,0,2,1,2,Z01
202000019134,2,50,,0,2,4,2,A01
202000019135,1,7,,0,2,7,15,A01
202000019135,2,34,,0,2,1,1,B01
202000019136,2,50,,0,2,1,1,B01
202000019136,2,7,,0,9,2,16,A01
202000019137,2,7,,0,2,0,0,B01
202000019137,2,10,,2,2,1,1,A01
202000019138,1,1,,0,2,1,18,A01
202000019138,1,7,,0,9,5,2,B01
202000019139,1,10,,0,2,6,1,C01
202000019139,1,10,,0,2,1,1,B01
202000019139,1,10,,0,2,1,9,A01
202000019140,1,33,,0,2,1,1,B01
202000019140,2,7,,0,2,3,15,A01
202000019141,1,2,,0,2,1,1,A01
202000019141,2,7,,0,2,3,0,B01
202000019142,3,10,,0,2,1,17,A01
202000019142,-1,30,,0,2,1,0,C01
202000019142,-1,37,1.0,0,0,0,0,B01
202000019143,1,80,,0,2,1,3,B01
202000019143,1,7,,0,2,2,12,A01
202000019144,1,34,,0,2,1,18,B01
202000019144,1,3,,0,2,7,16,A01
202000019145,0,30,,0,1,1,25,A01
202000019146,3,33,,0,2,7,17,A01
202000019146,3,7,,0,2,3,17,B01
202000019147,1,10,,8,0,2,1,A01
202000019148,1,10,,0,1,7,1,A01
202000019149,1,10,,0,0,4,2,B01
202000019149,1,30,,0,2,1,26,A01
202000019150,1,32,,0,4,1,2,B01
202000019151,0,1,,0,2,3,0,B01
202000019151,1,10,,0,2,3,1,A01
202000019152,2,1,,0,2,3,12,B01
202000019152,2,7,,0,2,3,1,A01
202000019153,1,34,,0,2,7,21,B01
202000019153,1,7,,1,0,1,19,A01
202000019154,1,7,,0,2,4,1,B01
202000019154,1,30,,0,2,1,26,A01
202000019155,1,1,,0,2,7,19,A01
202000019155,1,30,,0,2,1,21,B01
202000019156,2,30,,0,2,1,10,A01
202000019156,1,33,,0,2,3,1,B01
202000019157,1,7,,0,1,2,1,A01
202000019158,1,31,,0,2,1,1,A01
202000019158,2,7,,13,0,1,14,C01
202000019158,1,7,,0,2,4,1,B01
202000019159,1,7,,0,2,1,1,B01
202000019159,2,33,,0,2,1,15,A01
202000019160,2,33,,0,0,0,1,A01
202000019160,1,21,,0,0,0,15,B01
202000019161,1,33,,12,0,1,1,A01
202000019162,3,7,,0,2,7,9,A01
202000019162,3,7,,0,2,1,2,B01
202000019163,1,14,,0,2,6,1,A01
202000019163,2,1,,0,2,3,13,B01
202000019164,1,33,,15,0,0,17,A01
202000019165,3,1,,0,0,1,1,B01
202000019165,2,17,,0,2,3,15,A01
202000019166,1,7,,0,2,7,1,C01
202000019166,1,7,,0,9,1,14,A01
202000019166,1,1,,0,2,4,1,B01
202000019167,2,33,,0,2,1,1,B01
202000019167,1,7,,0,2,2,10,A01
202000019168,2,7,,0,2,3,1,B01
202000019168,1,7,,0,2,3,13,A01
202000019169,1,7,,0,9,2,1,A01
202000019169,2,80,,0,2,8,19,B01
202000019170,1,7,,3,0,8,1,A01
202000019171,3,7,,0,2,3,19,B01
202000019171,1,14,,0,2,1,1,A01
202000019172,2,7,,0,2,5,19,A01
202000019172,1,33,,0,2,2,1,B01
202000019173,2,7,,0,1,2,1,A01
202000019174,1,7,,0,2,8,15,A01
202000019174,1,7,,0,2,3,1,B01
202000019175,2,1,,0,0,0,13,A01
202000019176,0,30,,0,2,7,1,B01
202000019176,0,38,1.0,0,2,3,1,A01
202000019177,1,7,,8,0,3,0,A01
202000019178,1,7,,0,2,1,1,C01
202000019178,2,7,,0,2,2,1,A01
202000019178,2,7,,9,2,3,1,B01
202000019179,2,33,,0,2,1,13,A01
202000019179,1,7,,0,2,1,1,B01
202000019180,0,7,,7,2,8,1,A01
202000019180,2,7,,0,2,1,1,B01
202000019181,1,7,,16,0,9,17,A01
202000019182,2,10,,0,2,2,1,A01
202000019182,2,1,,0,2,4,1,B01
202000019183,3,7,,0,2,3,1,B01
202000019183,3,30,,0,2,1,19,A01
202000019184,1,7,,13,0,3,1,B01
202000019184,2,7,,0,2,3,13,A01
202000019185,1,10,,0,2,4,23,A01
202000019185,1,7,,0,2,1,2,B01
202000019186,2,7,,8,0,1,1,A01
202000019187,1,2,,0,2,4,2,B01
202000019187,1,7,,0,2,0,2,A01
202000019188,1,10,,0,9,1,1,A01
202000019188,1,1,,0,2,8,15,B01
202000019189,1,33,,0,9,1,1,A01
202000019190,2,7,,0,0,3,15,A01
202000019190,1,7,,0,2,1,1,B01
202000019191,2,7,,13,0,2,16,A01
202000019192,1,7,,0,2,3,15,A01
202000019192,2,33,,0,2,1,1,B01
202000019192,2,7,,0,0,8,23,C01
202000019193,2,7,,0,2,4,1,A01
202000019193,2,33,,0,2,1,1,B01
202000019194,2,10,,0,2,1,2,B01
202000019194,2,1,,0,0,4,2,A01
202000019195,2,2,,0,0,8,26,A01
202000019196,1,7,,0,2,1,13,A01
202000019196,2,21,,0,2,8,2,B01
202000019197,1,31,,0,2,7,17,B01
202000019197,2,7,,0,2,3,19,A01
202000019198,1,2,,0,2,1,3,A01
202000019198,1,7,,0,2,8,15,B01
202000019199,1,10,,0,2,0,1,A01
202000019199,2,33,,0,2,1,1,B01
202000019200,1,1,,1,0,1,1,A01
202000019200,1,7,,0,0,4,24,B01
202000019201,1,1,,0,2,8,1,B01
202000019201,1,7,,0,9,5,1,A01
202000019202,2,7,,8,0,2,1,A01
202000019203,1,7,,0,2,1,16,A01
202000019203,1,7,,13,2,5,1,B01
202000019204,0,10,,0,2,4,4,A01
202000019204,0,1,,0,2,1,1,B01
202000019205,2,33,,13,0,0,1,A01
202000019206,2,80,,0,2,4,1,B01
202000019206,2,10,,0,2,2,1,A01
202000019207,1,7,,13,0,3,1,A01
202000019208,0,2,,10,0,7,1,A01
202000019209,1,7,,0,2,1,1,B01
202000019209,2,7,,0,2,1,13,A01
202000019210,2,7,,0,2,1,1,B01
202000019210,1,7,,0,2,2,1,A01
202000019211,1,33,,0,2,1,1,B01
202000019211,2,7,,0,2,2,15,A01
202000019212,2,33,,0,0,2,17,B01
202000019212,2,10,,0,2,7,15,A01
202000019213,1,7,,13,0,8,0,A01
202000019214,1,7,,0,2,3,1,B01
202000019214,2,7,,0,2,3,15,A01
202000019215,2,33,,4,0,8,13,A01
202000019216,3,7,,0,2,8,15,A01
202000019216,3,2,,0,2,2,17,B01
202000019217,1,99,,13,0,0,1,A01
202000019218,2,7,,0,2,3,10,A01
202000019218,2,7,,0,2,2,21,B01
202000019219,2,31,,0,2,8,9,A01
202000019219,1,7,,0,2,3,1,B01
202000019220,1,7,,0,1,3,1,A01
202000019221,2,7,,0,2,3,13,A01
202000019221,1,7,,0,2,3,1,B01
202000019222,1,2,,2,0,1,0,A01
202000019223,3,31,,0,2,1,1,B01
202000019223,3,34,,0,2,2,14,A01
202000019224,0,33,,0,2,1,1,B01
202000019224,0,7,,0,2,8,15,A01
202000019225,3,7,,0,1,3,1,A01
202000019226,1,7,,0,2,3,5,B01
202000019226,2,33,,0,2,3,5,A01
202000019227,1,7,,13,0,1,13,A01
202000019228,1,1,,0,0,8,14,A01
202000019229,1,13,,0,2,2,26,B01
202000019229,2,7,,0,2,6,1,C01
202000019229,2,13,,0,9,2,13,A01
202000019230,2,2,,15,0,1,1,A01
202000019231,2,1,,1,0,1,1,A01
202000019231,2,7,,0,1,6,23,B01
202000019232,1,7,,0,2,4,2,C01
202000019232,1,7,,0,2,1,2,B01
202000019232,1,7,,0,2,1,2,A01
202000019233,2,7,,0,2,1,1,B01
202000019233,2,7,,0,0,4,23,A01
202000019234,2,7,,0,2,1,0,B01
202000019234,1,7,,0,2,1,13,A01
202000019235,2,33,,0,6,1,1,A01
202000019236,0,31,,0,2,1,1,B01
202000019236,0,10,,0,0,1,15,A01
202000019237,3,7,,13,0,1,1,A01
202000019238,2,7,,0,0,9,1,A01
202000019239,3,80,,0,0,0,1,A01
202000019240,1,31,,0,2,2,2,A01
202000019240,1,7,,0,2,4,1,B01
202000019241,1,7,,0,2,8,19,B01
202000019241,1,7,,0,2,1,1,A01
202000019242,3,7,,0,2,2,19,A01
202000019242,3,30,,0,2,1,19,B01
202000019243,3,15,,0,1,1,9,A01
202000019244,1,2,,0,2,3,17,B01
202000019244,1,7,,0,2,3,15,A01
202000019245,1,31,,12,0,1,1,A01
202000019246,2,7,,0,2,3,15,B01
202000019246,1,33,,0,2,1,17,A01
202000019247,2,7,,0,2,1,1,B01
202000019247,1,7,,0,2,1,13,A01
202000019248,0,7,,0,2,1,15,A01
202000019248,0,7,,0,2,6,1,B01
202000019249,1,37,1.0,0,1,7,1,A01
202000019250,2,34,,0,2,1,17,B01
202000019250,2,7,,0,2,8,10,A01
202000019251,2,1,,0,2,0,15,B01
202000019251,2,37,1.0,0,2,2,2,A01
202000019252,1,7,,0,2,2,1,A01
202000019252,1,7,,0,2,5,15,B01
202000019253,2,7,,1,0,2,26,A01
202000019254,1,7,,0,2,4,1,C01
202000019254,1,7,,0,2,4,1,B01
202000019254,1,13,,0,2,1,1,A01
202000019255,1,33,,0,2,1,1,B01
202000019255,1,17,,0,2,4,20,A01
202000019256,1,7,,0,2,2,2,A01
202000019256,1,2,,0,0,4,23,B01
202000019257,1,7,,0,1,1,1,A01
202000019258,1,7,,0,1,1,1,A01
202000019259,2,7,,0,2,7,1,B01
202000019259,1,7,,8,2,1,13,A01
202000019260,2,10,,0,2,3,25,A01
202000019260,1,2,,0,2,1,1,B01
202000019261,1,7,,0,2,8,1,B01
202000019261,2,7,,0,2,1,1,A01
202000019262,2,7,,0,2,1,15,A01
202000019262,1,2,,0,2,1,18,B01
202000019263,0,2,,0,2,1,1,A01
202000019263,0,10,,0,2,3,15,B01
202000019264,0,7,,0,2,4,2,B01
202000019264,0,7,,0,2,1,2,A01
202000019265,3,2,,0,0,7,1,A01
202000019266,0,7,,15,2,1,15,A01
202000019266,0,7,,0,0,4,16,B01
202000019267,3,7,,0,1,1,1,A01
202000019268,1,1,,0,2,4,2,B01
202000019268,1,7,,0,2,3,9,A01
202000019269,2,7,,0,2,2,21,A01
202000019270,3,7,,6,0,1,26,A01
202000019271,3,7,,0,2,4,2,B01
202000019271,3,7,,0,2,1,2,A01
202000019272,2,1,,0,2,8,26,B01
202000019272,1,7,,0,2,1,9,A01
202000019273,2,7,,13,0,1,14,A01
202000019274,1,30,,14,0,1,1,A01
202000019275,2,37,1.0,0,2,3,23,C01
202000019275,1,2,,0,2,7,12,B01
202000019275,1,7,,0,2,3,1,A01
202000019276,1,7,,0,2,5,19,A01
202000019276,1,7,,0,2,6,19,B01
202000019277,2,7,,0,2,8,15,B01
202000019277,2,30,,0,2,1,17,A01
202000019278,1,1,,0,2,8,1,B01
202000019278,1,10,,0,9,2,9,A01
202000019279,2,10,,0,2,1,1,A01
202000019279,2,7,,0,2,4,23,B01
202000019279,2,7,,0,2,4,23,C01
202000019280,3,10,,0,2,1,1,A01
202000019280,3,30,,0,2,2,8,B01
202000019281,3,33,,15,0,9,19,A01
202000019282,0,7,,0,2,4,2,B01
202000019282,0,7,,0,2,4,0,D01
202000019282,0,7,,0,2,4,0,C01
202000019282,0,7,,0,2,1,26,A01
202000019283,0,7,,0,9,3,0,Z01
202000019283,2,50,,0,2,3,1,B01
202000019284,0,7,,0,2,1,15,B01
202000019284,0,32,,0,0,0,1,A01
202000019285,1,7,,0,2,4,2,A01
202000019285,1,7,,0,2,1,2,Z01
202000019286,1,33,,0,2,1,23,C01
202000019286,2,34,,0,2,1,1,B01
202000019286,1,7,,0,2,7,15,A01
202000019287,1,50,,0,2,8,19,B01
202000019287,1,7,,0,2,1,26,A01
202000019288,1,32,,0,1,1,1,A01
202000019289,1,7,,1,0,1,14,A01
202000019290,2,7,,0,2,7,12,B01
202000019290,2,33,,4,2,3,18,A01
202000019290,2,7,,0,2,6,1,D01
202000019290,2,10,,0,2,7,23,C01
202000019291,1,10,,0,2,6,1,B01
202000019291,1,32,,0,2,2,1,A01
202000019292,1,7,,0,1,7,1,A01
202000019293,1,32,,0,1,1,1,Z01
202000019294,1,7,,0,2,3,15,Z01
202000019294,2,1,,0,2,8,1,A01
202000019295,2,31,,0,0,0,1,A01
202000019296,2,50,,0,2,1,13,A01
202000019296,2,7,,0,2,6,1,B01
202000019297,2,7,,0,1,4,4,A01
202000019298,2,7,,0,2,6,14,Z01
202000019298,2,1,,0,2,6,1,A01
202000019299,2,1,,0,2,7,7,B01
202000019299,1,80,,0,2,1,16,A01
202000019300,1,7,,0,2,5,22,A01
202000019300,1,34,,0,2,3,18,B01
202000019301,2,1,,0,2,1,1,B01
202000019301,1,7,,0,2,1,1,A01
202000019302,2,50,,0,2,1,1,B01
202000019302,2,7,,0,9,3,15,A01
202000019303,1,33,,0,2,1,1,A01
202000019303,1,7,,0,2,5,16,B01
202000019304,2,7,,12,0,1,1,A01
202000019305,2,7,,0,1,0,26,A01
202000019306,1,7,,0,2,1,1,A01
202000019306,1,7,,0,2,4,1,B01
202000019307,1,32,,14,0,1,26,A01
202000019308,1,7,,14,0,3,15,A01
202000019308,1,33,,0,2,3,2,B01
202000019309,2,7,,0,9,1,9,A01
202000019309,2,1,,0,2,8,1,B01
202000019310,1,2,,0,2,8,1,B01
202000019310,1,7,,0,2,1,15,A01
202000019311,2,1,,0,2,1,1,B01
202000019311,1,30,,0,2,7,15,A01
202000019312,1,2,,0,0,0,0,A01
202000019313,3,42,,12,0,2,14,A01
202000019314,3,2,,0,2,0,2,A01
202000019314,3,2,,0,0,5,2,B01
202000019315,1,10,,0,2,1,19,A01
202000019315,2,7,,0,0,6,1,B01
202000019316,3,7,,0,2,2,1,A01
202000019316,3,30,,0,2,1,1,B01
202000019317,0,31,,0,2,0,1,B01
202000019317,0,7,,0,2,3,19,A01
202000019318,3,7,,0,1,2,15,A01
202000019319,2,33,,0,2,7,1,A01
202000019319,1,7,,0,2,8,1,B01
202000019319,1,7,,0,2,3,1,C01
202000019320,1,34,,1,0,2,1,A01
202000019321,1,7,,0,2,1,1,B01
202000019321,2,7,,0,2,1,13,A01
202000019322,3,7,,13,0,0,1,A01
202000019323,1,7,,0,2,3,15,B01
202000019323,2,7,,0,2,1,1,A01
202000019324,1,7,,13,2,3,1,B01
202000019324,2,7,,0,2,3,13,A01
202000019325,2,7,,0,2,1,1,B01
202000019325,1,7,,3,2,7,13,A01
202000019326,0,7,,1,0,1,1,A01
202000019327,2,7,,2,0,3,1,A01
202000019328,2,2,,13,0,0,1,A01
202000019329,1,7,,0,2,1,13,A01
202000019329,2,10,,0,2,1,1,B01
202000019330,2,33,,0,2,1,1,B01
202000019330,1,7,,0,2,7,15,A01
202000019331,1,7,,0,2,1,1,A01
202000019331,2,7,,0,0,1,1,B01
202000019332,1,99,,0,2,8,1,B01
202000019332,1,7,,0,2,1,19,A01
202000019333,3,21,,0,2,6,1,B01
202000019333,3,2,,0,2,8,0,A01
202000019334,1,7,,14,0,1,1,A01
202000019335,1,2,,12,0,7,1,A01
202000019336,2,7,,0,2,5,4,A01
202000019336,1,2,,0,2,1,1,B01
202000019337,2,7,,0,0,1,1,A01
202000019338,1,14,,0,0,4,1,B01
202000019338,1,10,,0,2,1,12,A01
202000019339,1,15,,0,1,2,1,A01
202000019340,1,2,,0,0,1,1,A01
202000019341,1,7,,1,0,1,11,A01
202000019341,2,7,,0,2,1,1,B01
202000019341,1,7,,1,2,5,15,C01
202000019342,3,1,,0,2,8,19,B01
202000019342,3,7,,0,9,2,1,A01
202000019343,2,33,,0,2,1,2,A01
202000019343,2,99,,0,2,5,16,C01
202000019344,2,34,,0,2,2,17,A01
202000019344,2,7,,0,2,8,15,B01
202000019345,2,7,,0,2,3,1,B01
202000019345,1,7,,0,2,3,17,A01
202000019346,2,2,,6,0,1,1,B01
202000019346,2,7,,0,2,5,4,A01
202000019347,3,7,,0,2,2,1,A01
202000019347,3,7,,0,2,3,1,B01
202000019348,2,7,,0,0,3,15,A01
202000019348,2,31,,8,0,1,17,B01
202000019349,1,7,,0,2,2,1,B01
202000019349,1,7,,0,2,8,20,A01
202000019350,2,7,,0,2,2,15,A01
202000019350,1,2,,0,2,1,1,B01
202000019351,0,7,,13,2,1,1,A01
202000019352,0,33,,0,0,8,1,A01
202000019353,2,7,,0,2,4,2,B01
202000019353,2,7,,0,2,4,2,C01
202000019353,2,7,,0,2,4,2,D01
202000019353,2,10,,0,2,1,2,A01
202000019354,2,10,,0,2,1,12,A01
202000019354,2,10,,0,2,4,1,B01
202000019354,2,10,,0,2,4,1,C01
202000019355,2,7,,0,0,0,1,A01
202000019356,2,10,,3,2,1,14,A01
202000019356,2,7,,0,2,4,1,B01
202000019357,1,32,,0,2,1,2,A01
202000019357,1,7,,0,2,8,2,B01
202000019358,2,33,,0,0,9,1,A01
202000019359,2,7,,0,2,4,2,B01
202000019359,2,7,,0,2,1,2,A01
202000019360,2,33,,14,0,1,2,A01
202000019360,2,7,,0,2,8,2,B01
202000019361,2,33,,0,2,1,1,A01
202000019361,2,10,,0,2,0,2,Z01
202000019362,1,7,,0,2,4,2,B01
202000019362,1,34,,0,2,1,2,A01
202000019363,1,7,,0,2,5,2,C01
202000019363,1,7,,0,2,4,2,B01
202000019363,1,7,,0,2,1,2,A01
202000019364,1,33,,0,0,7,1,A01
202000019365,2,7,,0,2,6,1,A01
202000019365,2,7,,0,2,1,2,B01
202000019366,2,10,,0,2,8,1,A01
202000019367,2,15,,0,2,2,9,Z01
202000019367,2,7,,0,2,8,1,A01
202000019368,3,7,,0,1,0,0,A01
202000019369,3,10,,0,2,3,16,A01
202000019369,3,1,,0,2,1,1,B01
202000019370,3,7,,0,2,3,15,A01
202000019370,3,7,,0,2,6,1,B01
202000019371,2,99,,0,2,3,2,B01
202000019371,2,99,,0,2,3,9,A01
202000019372,1,7,,0,9,7,17,A01
202000019372,1,1,,0,2,8,1,B01
202000019373,1,1,,0,2,1,2,B01
202000019373,1,7,,0,9,1,1,A01
202000019374,1,7,,0,9,3,19,B01