Num_Acc,senc,catv,occutc,obs,obsm,choc,manv,num_veh
202000019374,1,2,,0,2,1,17,A01
202000019375,2,7,,0,2,5,15,B01
202000019375,1,7,,0,2,1,1,A01
202000019376,2,50,,0,2,7,1,A01
202000019376,2,7,,0,2,3,19,B01
202000019377,2,7,,0,2,4,2,C01
202000019377,2,7,,0,2,4,2,B01
202000019377,2,7,,0,2,1,2,A01
202000019378,1,30,,1,0,1,1,A01
202000019379,3,7,,8,0,2,1,A01
202000019380,1,7,,0,2,4,2,A01
202000019380,1,7,,0,2,1,2,Z01
202000019381,3,7,,0,1,3,16,A01
202000019382,1,7,,0,2,3,1,Z01
202000019382,1,1,,0,2,7,1,B01
202000019383,0,30,,0,2,0,1,A01
202000019383,1,7,,0,2,0,1,Z01
202000019384,3,7,,0,1,1,1,A01
202000019385,1,7,,0,2,4,1,B01
202000019385,1,32,,0,2,1,1,A01
202000019386,2,7,,1,2,8,13,A01
202000019386,1,7,,0,2,8,1,B01
202000019387,1,10,,0,2,4,2,B01
202000019387,1,7,,0,2,1,9,A01
202000019387,2,7,,0,2,5,1,C01
202000019388,1,30,,0,0,7,1,A01
202000019389,2,7,,0,2,4,2,B01
202000019389,2,31,,0,2,1,2,A01
202000019390,1,33,,0,2,4,2,B01
202000019390,3,7,,0,2,1,9,A01
202000019391,2,32,,0,2,7,26,A01
202000019391,2,7,,0,2,3,15,B01
202000019392,1,33,,0,2,1,17,B01
202000019392,1,7,,0,2,3,15,A01
202000019393,1,7,,0,2,4,2,B01
202000019393,1,7,,0,2,1,2,A01
202000019394,2,7,,0,2,4,2,C01
202000019394,2,7,,0,2,4,2,B01
202000019394,2,17,,0,2,1,2,A01
202000019394,2,7,,0,2,4,2,D01
202000019395,0,1,,0,2,1,19,A01
202000019395,0,7,,0,2,3,0,B01
202000019396,1,7,,14,0,2,0,A01
202000019397,1,7,,0,1,2,0,A01
202000019398,1,1,,0,0,0,0,A01
202000019399,2,7,,0,2,4,23,B01
202000019399,2,30,,0,2,1,2,A01
202000019400,3,10,,0,1,4,4,A01
202000019401,2,0,,0,2,7,10,B01
202000019401,2,32,,0,2,8,1,A01
202000019402,1,7,,0,2,4,1,B01
202000019402,1,7,,0,2,4,1,C01
202000019402,1,7,,0,2,1,1,A01
202000019403,2,7,,13,0,1,26,A01
202000019404,1,1,,0,2,1,1,B01
202000019404,1,7,,0,2,5,15,A01
202000019405,2,7,,0,2,1,14,A01
202000019405,2,7,,0,2,4,1,B01
202000019406,2,2,,0,2,2,17,B01
202000019406,0,7,,0,2,1,9,A01
202000019407,1,7,,7,0,2,14,A01
202000019408,1,7,,0,1,7,17,A01
202000019409,2,7,,6,0,2,14,A01
202000019410,1,10,,0,0,4,1,B01
202000019410,1,10,,0,2,1,1,A01
202000019411,1,31,,0,2,7,17,B01
202000019411,1,10,,0,2,8,15,A01
202000019412,2,7,,13,0,1,14,A01
202000019413,2,1,,9,0,0,26,A01
202000019414,1,7,,0,1,3,9,A01
202000019415,1,30,,0,2,4,1,B01
202000019415,1,7,,0,2,1,1,Z01
202000019416,1,7,,0,2,1,1,C01
202000019416,2,7,,0,2,1,1,A01
202000019416,1,7,,0,2,3,15,B01
202000019417,1,2,,0,2,1,2,B01
202000019417,2,7,,0,2,2,15,A01
202000019418,1,7,,0,2,4,2,B01
202000019418,1,7,,0,2,1,1,A01
202000019419,1,7,,4,0,3,1,A01
202000019420,1,7,,0,2,1,9,A01
202000019420,1,2,,0,2,8,1,B01
202000019421,1,7,,0,1,3,15,A01
202000019422,1,1,,0,2,1,5,A01
202000019422,3,2,,0,2,1,26,B01
202000019423,1,10,,0,2,1,2,A01
202000019423,1,7,,0,2,4,2,Z01
202000019424,1,7,,0,2,1,1,A01
202000019424,1,10,,0,2,4,1,B01
202000019425,1,10,,0,2,4,2,B01
202000019425,1,7,,0,2,1,2,A01
202000019426,1,7,,0,2,4,2,B01
202000019426,1,15,,0,2,4,2,C01
202000019426,1,15,,0,2,1,2,A01
202000019427,1,50,,0,0,1,1,A01
202000019428,2,30,,14,0,3,13,A01
202000019429,1,7,,0,2,2,15,A01
202000019429,2,32,,0,2,1,1,B01
202000019430,2,2,,0,2,1,1,B01
202000019430,1,7,,0,2,7,15,A01
202000019431,1,7,,0,2,2,21,A01
202000019431,2,7,,0,2,1,1,B01
202000019431,1,7,,0,0,6,23,C01
202000019432,3,7,,13,0,3,15,A01
202000019433,2,7,,13,0,1,1,A01
202000019434,2,33,,0,2,7,13,A01
202000019434,1,17,,0,2,4,21,B01
202000019435,1,7,,0,2,3,15,B01
202000019435,1,2,,0,2,2,17,A01
202000019436,0,30,,0,2,2,1,B01
202000019436,0,7,,0,2,3,9,A01
202000019437,2,7,,0,2,2,1,A01
202000019438,1,10,,0,2,5,15,A01
202000019438,1,33,,0,0,1,1,B01
202000019439,2,2,,0,2,3,1,A01
202000019439,1,7,,0,2,3,15,B01
202000019440,1,14,,0,2,4,1,B01
202000019440,1,7,,0,2,1,2,A01
202000019441,1,7,,0,2,1,2,A01
202000019441,1,21,,0,0,4,2,B01
202000019442,3,7,,0,2,2,1,B01
202000019442,3,1,,0,2,1,19,A01
202000019443,2,33,,8,0,1,17,A01
202000019444,1,7,,6,0,1,1,A01
202000019445,3,33,,0,0,3,1,A01
202000019446,3,20,,0,0,3,1,A01
202000019447,0,7,,0,9,2,19,A01
202000019447,2,1,,0,2,1,1,B01
202000019448,2,2,,0,2,1,1,B01
202000019448,1,7,,0,2,2,15,A01
202000019449,2,14,,0,2,3,1,A01
202000019449,1,1,,0,2,1,1,B01
202000019450,3,33,,0,2,8,1,B01
202000019450,3,7,,0,2,1,19,A01
202000019451,1,7,,13,0,3,1,A01
202000019452,0,1,,0,2,1,1,B01
202000019452,0,7,,0,2,2,19,A01
202000019453,1,7,,0,0,0,1,A01
202000019454,3,7,,0,2,3,15,A01
202000019454,2,33,,0,2,1,1,B01
202000019455,3,7,,2,0,1,21,A01
202000019456,0,7,,0,1,1,1,A01
202000019457,1,2,,16,0,1,13,A01
202000019458,1,7,,0,2,3,1,B01
202000019458,1,7,,0,2,1,19,A01
202000019459,1,7,,0,2,3,15,A01
202000019459,1,33,,0,2,2,1,B01
202000019460,3,36,,0,0,0,1,A01
202000019461,1,7,,0,1,3,1,A01
202000019462,3,7,,0,2,5,15,A01
202000019462,3,33,,0,2,1,1,B01
202000019463,0,7,,13,0,3,1,A01
202000019464,3,7,,0,2,7,1,B01
202000019464,3,7,,0,2,1,1,A01
202000019465,1,7,,0,2,2,1,B01
202000019465,2,7,,0,2,1,13,A01
202000019466,1,7,,1,0,1,26,A01
202000019466,1,7,,1,0,9,24,B01
202000019466,1,7,,1,1,4,24,C01
202000019467,1,7,,0,2,2,1,B01
202000019467,2,7,,0,2,3,16,A01
202000019468,1,7,,0,2,1,15,A01
202000019468,2,31,,0,2,7,17,B01
202000019469,1,10,,2,0,8,1,A01
202000019470,1,30,,0,0,7,1,A01
202000019471,1,7,,0,2,1,1,B01
202000019471,2,10,,0,2,4,13,A01
202000019472,1,7,,0,2,2,2,A01
202000019472,1,1,,0,2,6,2,D01
202000019472,1,1,,0,2,6,2,C01
202000019472,1,1,,0,0,0,2,B01
202000019473,1,80,,0,0,0,1,A01
202000019474,1,7,,0,2,7,15,A01
202000019474,2,2,,0,2,1,1,B01
202000019475,2,7,,0,2,1,23,B01
202000019475,1,7,,8,2,1,1,A01
202000019476,1,30,,0,0,8,1,A01
202000019477,2,7,,0,2,2,23,C01
202000019477,2,7,,0,2,1,1,B01
202000019477,2,7,,0,2,7,1,A01
202000019478,3,10,,6,0,2,14,A01
202000019479,2,34,,0,2,1,9,A01
202000019479,2,10,,0,2,5,23,B01
202000019480,1,10,,0,0,4,2,H01
202000019480,1,7,,0,2,4,2,G01
202000019480,1,7,,0,2,4,2,D01
202000019480,1,7,,0,2,4,2,E01
202000019480,1,7,,0,2,4,2,F01
202000019480,1,14,,0,2,2,2,A01
202000019480,1,7,,0,2,4,2,B01
202000019480,1,7,,0,2,4,2,C01
202000019481,1,40,,0,2,2,1,B01
202000019481,1,7,,0,-1,3,15,A01
202000019482,2,33,,0,2,1,1,B01
202000019482,1,7,,0,2,3,2,A01
202000019483,2,7,,5,0,8,13,A01
202000019484,3,10,,0,2,1,26,A01
202000019484,3,1,,0,2,7,0,B01
202000019485,3,7,,0,1,2,1,A01
202000019486,1,7,,0,2,4,23,B01
202000019486,1,17,,0,2,6,11,H01
202000019486,1,7,,4,2,7,2,A01
202000019486,1,7,,0,2,4,2,E01
202000019486,1,7,,0,2,8,2,F01
202000019486,1,7,,0,2,5,23,G01
202000019486,1,7,,14,0,1,21,C01
202000019486,1,7,,15,2,1,21,D01
202000019487,2,7,,0,1,2,1,A01
202000019488,2,7,,0,4,8,15,A01
202000019488,2,40,,0,2,1,1,B01
202000019489,1,7,,0,2,8,13,A01
202000019489,1,7,,0,2,7,1,B01
202000019490,2,7,,0,2,3,1,B01
202000019490,1,7,,0,2,3,13,A01
202000019491,0,7,,0,2,8,20,A01
202000019491,0,2,,0,2,7,1,B01
202000019492,1,7,,0,0,9,1,A01
202000019493,1,7,,0,2,2,13,A01
202000019493,1,30,,0,2,7,17,B01
202000019494,1,7,,0,2,5,13,A01
202000019494,2,7,,0,2,1,1,B01
202000019495,1,33,,0,2,1,15,A01
202000019495,2,1,,0,2,1,1,B01
202000019496,1,7,,0,2,4,1,C01
202000019496,1,32,,0,2,2,1,D01
202000019496,1,7,,0,2,2,1,B01
202000019496,1,7,,0,2,2,1,A01
202000019497,2,7,,0,2,1,2,A01
202000019497,2,10,,0,2,4,2,B01
202000019498,1,33,,0,0,7,1,A01
202000019499,1,1,,0,0,0,1,A01
202000019500,2,7,,0,2,4,2,B01
202000019500,2,33,,0,2,1,2,A01
202000019501,1,7,,0,2,3,15,A01
202000019501,2,2,,0,2,1,1,B01
202000019502,3,10,,0,2,1,0,B01
202000019502,1,33,,12,2,8,17,A01
202000019503,3,40,,0,1,2,26,A01
202000019504,3,7,,6,0,2,1,A01
202000019505,2,1,,0,0,0,21,A01
202000019506,3,7,,0,1,1,15,A01
202000019507,1,7,,0,2,8,15,A01
202000019507,1,33,,0,2,7,17,B01
202000019508,3,1,,0,2,4,15,B01
202000019508,3,1,,0,2,1,2,A01
202000019509,1,7,,0,2,3,1,A01
202000019509,2,7,,0,2,3,1,B01
202000019510,3,7,,0,1,4,4,A01
202000019511,3,7,,0,2,4,2,B01
202000019511,3,2,,0,2,1,2,A01
202000019512,1,1,,0,2,1,1,B01
202000019512,1,7,,0,2,0,1,A01
202000019513,2,7,,0,2,3,1,B01
202000019513,1,7,,0,2,3,1,A01
202000019514,3,7,,0,1,3,15,A01
202000019515,1,7,,0,2,0,1,A01
202000019515,1,7,,0,2,1,1,B01
202000019516,0,7,,0,2,0,1,A01
202000019516,0,7,,0,0,0,0,B01
202000019516,0,7,,0,0,0,0,C01
202000019517,1,7,,0,2,1,5,A01
202000019517,2,7,,0,2,6,1,B01
202000019517,2,7,,0,2,1,1,C01
202000019518,1,7,,0,2,1,1,A01
202000019518,1,34,,0,2,1,1,B01
202000019519,2,7,,2,0,3,0,A01
202000019520,1,1,,0,2,7,1,B01
202000019520,1,7,,0,2,7,1,A01
202000019521,0,1,,12,0,1,1,A01
202000019522,1,30,,0,0,0,0,A01
202000019523,2,7,,0,0,9,1,A01
202000019524,1,1,,0,2,0,9,A01
202000019525,1,7,,8,0,9,1,A01
202000019526,0,30,,0,0,0,0,A01
202000019527,1,7,,0,1,3,1,A01
202000019528,1,7,,0,2,1,9,A01
202000019528,1,1,,0,2,7,1,B01
202000019529,1,34,,0,2,3,18,A01
202000019529,1,7,,0,2,7,1,B01
202000019530,2,7,,0,2,5,16,B01
202000019530,2,2,,0,2,2,2,A01
202000019531,1,7,,2,0,8,1,A01
202000019532,1,7,,0,2,3,24,B01
202000019532,1,7,,1,0,2,1,A01
202000019533,2,10,,0,1,2,1,A01
202000019534,2,7,,0,2,1,26,A01
202000019534,2,7,,0,2,6,26,B01
202000019535,2,10,,0,2,4,1,A01
202000019535,2,34,,0,2,1,0,B01
202000019535,2,7,,0,2,1,0,C01
202000019536,3,7,,0,2,2,16,B01
202000019536,3,7,,8,1,1,1,A01
202000019537,1,10,,0,2,4,1,B01
202000019537,1,33,,0,2,1,2,A01
202000019538,1,7,,16,0,9,0,A01
202000019539,0,7,,0,2,1,1,Z01
202000019539,0,7,,0,2,4,1,B01
202000019539,0,7,,0,2,4,1,C01
202000019540,1,17,,0,2,4,23,B01
202000019540,1,7,,0,2,1,1,A01
202000019541,3,10,,0,2,3,1,B01
202000019541,3,10,,0,2,3,13,A01
202000019542,2,7,,0,2,3,1,A01
202000019542,2,7,,0,2,3,1,B01
202000019543,0,31,,0,2,2,1,B01
202000019543,0,7,,0,2,3,1,A01
202000019544,1,10,,0,2,6,13,A01
202000019544,1,10,,0,2,8,1,B01
202000019545,2,7,,0,0,8,2,A01
202000019546,2,7,,0,0,1,1,A01
202000019546,2,7,,0,2,4,23,B01
202000019547,1,7,,0,2,2,12,A01
202000019547,1,33,,0,2,3,3,B01
202000019547,1,7,,0,2,2,1,C01
202000019548,2,7,,4,0,1,21,A01
202000019549,2,17,,4,0,1,1,A01
202000019550,3,7,,0,2,1,0,B01
202000019550,0,7,,0,2,7,9,A01
202000019551,2,7,,0,2,3,10,B01
202000019551,3,43,,0,2,2,17,A01
202000019552,1,10,,0,1,1,1,A01
202000019553,-1,50,,0,2,4,1,B01
202000019553,-1,7,,0,2,1,9,A01
202000019554,1,1,,0,2,3,18,B01
202000019554,3,13,,0,2,5,23,A01
202000019555,2,7,,13,0,2,1,A01
202000019556,1,7,,0,1,1,1,A01
202000019557,3,7,,0,2,3,15,A01
202000019557,3,33,,0,2,3,1,B01
202000019558,2,33,,0,2,9,1,B01
202000019558,1,10,,0,2,3,15,A01
202000019559,1,7,,0,2,1,2,Z01
202000019559,1,7,,0,2,4,2,B01
202000019560,1,33,,0,1,2,1,A01
202000019561,1,7,,0,2,2,10,A01
202000019561,1,7,,0,2,1,1,B01
202000019562,2,10,,0,2,1,15,A01
202000019562,1,7,,0,2,3,2,B01
202000019563,1,31,,0,2,7,21,A01
202000019563,1,7,,0,2,8,1,B01
202000019564,1,30,,0,1,0,0,A01
202000019565,2,32,,0,1,1,1,A01
202000019566,2,7,,0,2,6,15,A01
202000019566,2,33,,0,2,2,16,B01
202000019567,0,7,,0,0,6,0,B01
202000019567,0,7,,1,0,2,0,A01
202000019568,3,10,,14,0,1,1,A01
202000019569,0,7,,0,2,0,0,B01
202000019569,0,33,,0,2,0,0,A01
202000019570,1,10,,0,1,1,26,A01
202000019571,2,30,,0,0,3,1,A01
202000019572,2,7,,0,2,1,13,A01
202000019572,1,7,,0,2,1,1,B01
202000019573,1,7,,0,2,3,23,B01
202000019573,2,7,,1,0,3,1,A01
202000019574,1,99,,0,0,1,26,A01
202000019575,1,17,,0,2,1,1,A01
202000019575,3,7,,0,2,1,1,B01
202000019576,3,7,,0,2,3,1,A01
202000019576,3,50,,0,2,1,19,B01
202000019577,1,7,,0,2,3,0,C01
202000019577,1,7,,0,2,8,21,B01
202000019577,2,10,,9,2,3,13,A01
202000019578,2,7,,0,2,8,1,B01
202000019578,2,15,,0,2,2,12,A01
202000019579,1,50,,0,2,8,1,C01
202000019579,2,31,,0,2,8,1,B01
202000019579,2,7,,0,2,8,15,A01
202000019580,3,7,,0,2,1,26,A01
202000019580,3,7,,0,2,3,26,B01
202000019581,3,7,,0,2,4,4,A01
202000019581,3,1,,0,2,1,1,B01
202000019582,3,7,,14,0,0,0,B01
202000019582,3,1,,14,2,8,14,A01
202000019583,2,10,,0,2,7,16,A01
202000019583,2,80,,0,2,8,1,B01
202000019584,2,30,,0,2,1,1,Z01
202000019584,2,1,,0,2,8,15,B01
202000019585,3,7,,0,2,3,9,A01
202000019585,3,7,,0,2,1,1,B01
202000019586,1,7,,0,2,6,2,B01
202000019586,1,31,,0,2,1,2,A01
202000019587,1,7,,0,2,1,17,A01
202000019587,1,7,,0,2,8,2,C01
202000019587,1,7,,0,2,1,1,B01
202000019588,2,30,,0,2,1,1,B01
202000019588,2,7,,0,2,3,22,A01
202000019589,1,7,,0,2,1,1,A01
202000019589,1,7,,0,2,4,23,B01
202000019590,1,7,,0,2,3,15,A01
202000019590,2,1,,0,2,1,1,B01
202000019591,1,7,,0,2,6,13,A01
202000019591,1,32,,0,2,2,1,B01
202000019592,1,10,,0,2,6,23,B01
202000019592,1,32,,0,2,1,17,A01
202000019593,2,7,,0,2,6,23,B01
202000019593,1,7,,0,2,0,20,C01
202000019593,2,1,,0,2,2,17,A01
202000019594,1,30,,0,2,3,1,A01
202000019594,1,7,,0,2,5,16,B01
202000019595,3,43,,0,2,1,23,A01
202000019595,0,7,,0,2,0,9,Z01
202000019596,1,1,,0,2,1,1,B01
202000019596,2,7,,0,2,6,15,A01
202000019597,2,1,,0,0,0,21,B01
202000019598,1,2,,0,2,2,1,A01
202000019598,2,7,,0,2,1,9,Z01
202000019599,2,1,,0,1,1,1,A01
202000019600,2,33,,6,0,0,1,A01
202000019601,2,37,0.0,0,2,6,13,Z01
202000019601,2,60,,0,2,7,17,A01
202000019602,2,30,,0,2,1,2,A01
202000019602,2,7,,0,2,4,2,B01
202000019603,1,30,,0,9,3,1,A01
202000019604,1,31,,0,1,1,17,A01
202000019605,1,7,,1,0,3,1,A01
202000019606,2,7,,1,0,1,14,A01
202000019607,2,1,,0,0,1,21,A01
202000019608,1,1,,0,2,7,1,B01
202000019608,2,7,,0,2,2,9,A01
202000019609,3,10,,0,2,1,2,A01
202000019609,3,7,,15,2,4,2,B01
202000019610,3,7,,0,2,2,15,B01
202000019610,3,34,,0,2,3,16,A01
202000019611,1,1,,0,2,1,19,A01
202000019611,1,7,,0,2,0,19,B01
202000019612,2,7,,8,0,3,2,A01
202000019613,1,14,,0,1,8,1,A01
202000019614,3,7,,0,2,1,17,A01
202000019614,0,1,,0,2,8,15,B01
202000019615,2,7,,0,2,3,15,B01
202000019615,2,33,,0,2,1,1,A01
202000019616,2,2,,0,2,1,19,A01
202000019616,2,10,,0,2,3,1,B01
202000019617,2,7,,0,2,8,1,B01
202000019617,2,14,,0,2,2,14,A01
202000019618,3,7,,0,2,5,12,A01
202000019618,3,34,,0,2,7,1,B01
202000019619,2,7,,0,2,1,2,A01
202000019619,2,7,,0,2,4,2,B01
202000019619,2,7,,0,2,4,2,C01
202000019620,2,31,,0,1,1,1,A01
202000019621,2,31,,0,2,1,1,B01
202000019621,2,7,,0,2,2,1,A01
202000019622,0,7,,0,1,7,1,A01
202000019623,1,10,,0,2,3,15,A01
202000019623,1,2,,0,2,2,1,B01
202000019624,1,30,,0,0,0,1,A01
202000019624,1,38,1.0,0,0,0,16,B01
202000019625,1,7,,0,0,9,1,A01
202000019626,1,7,,0,2,4,1,B01
202000019626,1,7,,0,2,1,1,A01
202000019627,1,2,,0,0,0,1,A01
202000019628,2,7,,0,2,7,15,B01
202000019628,1,32,,0,2,3,2,A01
202000019629,1,7,,0,2,4,4,A01
202000019629,1,7,,0,2,1,1,B01
202000019630,1,32,,0,2,8,1,B01
202000019630,1,7,,0,2,7,16,A01
202000019631,1,7,,14,0,1,26,A01
202000019632,3,33,,0,0,1,26,A01
202000019633,3,10,,0,2,8,16,A01
202000019633,3,1,,0,2,1,1,B01
202000019634,1,7,,0,1,3,1,A01
202000019634,2,2,,0,2,7,0,B01
202000019635,2,7,,0,2,3,15,A01
202000019635,2,2,,0,2,2,1,B01
202000019636,-1,7,,0,2,1,9,B01
202000019636,-1,34,,0,2,1,1,A01
202000019637,1,7,,0,1,1,1,A01
202000019638,3,7,,0,1,2,1,A01
202000019639,1,80,,0,2,8,19,B01
202000019639,2,7,,0,2,1,15,A01
202000019640,-1,7,,0,1,2,19,A01
202000019641,0,7,,1,0,2,21,A01
202000019642,1,7,,0,2,7,15,A01
202000019642,2,7,,0,2,1,1,B01
202000019643,1,33,,0,2,7,1,A01
202000019643,1,7,,0,2,1,1,B01
202000019644,3,50,,0,2,0,0,B01
202000019644,3,7,,0,2,2,2,A01
202000019645,3,60,,0,0,0,26,A01
202000019646,1,7,,0,2,2,15,B01
202000019646,2,7,,0,2,1,1,A01
202000019647,2,33,,0,2,7,17,B01
202000019647,2,7,,0,2,8,15,A01
202000019648,1,30,,0,0,0,1,A01
202000019649,1,3,,0,2,8,1,B01
202000019649,2,7,,0,2,1,1,A01
202000019650,0,1,,0,0,0,1,A01
202000019651,1,7,,0,2,1,1,B01
202000019651,1,7,,0,2,4,9,A01
202000019652,1,7,,0,1,0,0,Z01
202000019653,0,50,,0,2,1,0,A01
202000019653,1,7,,0,2,2,1,B01
202000019654,2,33,,0,2,1,1,B01
202000019654,1,7,,0,2,7,15,A01
202000019655,1,30,,0,2,1,1,A01
202000019655,1,7,,0,2,8,15,B01
202000019656,1,10,,0,9,4,2,B01
202000019656,1,10,,8,2,1,2,A01
202000019657,1,7,,0,1,2,16,A01
202000019658,1,31,,0,2,1,1,B01
202000019658,1,7,,0,2,8,9,A01
202000019659,2,7,,2,0,9,13,A01
202000019660,1,17,,2,0,1,0,A01
202000019661,1,32,,0,2,0,26,A01
202000019661,1,7,,14,0,4,0,B01
202000019662,1,10,,2,0,3,13,A01
202000019663,3,7,,0,2,1,1,A01
202000019663,3,7,,0,2,8,1,B01
202000019664,1,7,,0,1,2,1,A01
202000019665,2,7,,2,0,1,1,A01
202000019666,1,7,,13,0,9,2,A01
202000019667,1,7,,0,0,4,2,B01
202000019667,1,7,,0,2,1,2,A01
202000019668,2,7,,0,2,1,2,A01
202000019668,2,7,,0,2,4,2,B01
202000019669,1,7,,0,2,3,1,B01
202000019669,2,7,,0,2,3,1,A01
202000019670,2,7,,0,2,3,15,B01
202000019670,2,33,,0,2,7,17,A01
202000019671,1,17,,0,0,4,2,B01
202000019671,1,10,,0,2,1,2,A01
202000019672,2,7,,0,2,3,1,A01
202000019672,1,7,,0,2,3,1,B01
202000019673,1,10,,15,0,1,0,A01
202000019674,3,7,,6,0,1,1,A01
202000019675,2,2,,0,2,1,1,B01
202000019675,1,7,,0,2,2,17,A01
202000019676,2,7,,6,0,1,1,A01
202000019677,2,7,,0,2,3,13,A01
202000019677,1,7,,0,2,3,1,B01
202000019678,2,40,,0,1,7,1,A01
202000019679,2,7,,0,2,2,1,A01
202000019679,2,7,,0,2,1,4,Z01
202000019680,2,7,,14,0,1,26,A01
202000019681,1,7,,0,2,1,1,B01
202000019681,2,7,,0,2,1,15,A01
202000019682,3,7,,0,2,4,20,A01
202000019682,3,2,,0,2,1,1,B01
202000019683,0,7,,0,2,1,1,A01
202000019683,0,7,,0,1,1,1,B01
202000019684,2,7,,0,2,5,2,B01
202000019684,2,33,,0,2,1,2,A01
202000019685,1,7,,0,2,8,11,A01
202000019685,1,32,,0,2,7,1,B01
202000019686,2,7,,0,2,6,15,A01
202000019686,2,2,,0,2,2,1,B01
202000019687,1,32,,12,0,2,16,A01
202000019688,2,7,,0,2,0,15,A01
202000019688,2,7,,0,2,3,1,B01
202000019689,1,7,,0,2,1,13,A01
202000019689,2,10,,0,2,1,1,B01
202000019690,1,7,,0,1,1,2,A01
202000019691,1,7,,0,2,4,2,A01
202000019691,1,7,,0,2,1,1,B01
202000019692,1,30,,0,1,1,1,A01
202000019693,1,7,,1,0,3,1,A01
202000019694,2,7,,0,2,8,15,B01
202000019694,2,30,,0,2,2,17,A01
202000019695,1,32,,4,0,1,1,A01
202000019696,1,30,,0,1,1,26,Z01
202000019697,3,3,,8,0,9,2,A01
202000019698,1,33,,0,2,7,17,B01
202000019698,1,7,,0,2,3,13,A01
202000019699,0,1,,0,2,7,19,B01
202000019699,0,7,,0,2,1,1,A01
202000019700,2,7,,0,2,5,1,A01
202000019700,1,10,,0,2,1,1,B01
202000019701,3,2,,0,2,1,17,A01
202000019701,1,7,,0,2,3,15,B01
202000019702,1,7,,8,0,1,14,A01
202000019703,1,7,,0,2,6,1,A01
202000019703,1,7,,0,2,1,19,B01
202000019704,2,10,,6,0,1,17,A01
202000019705,1,14,,0,1,2,1,A01
202000019706,2,7,,0,2,3,1,B01
202000019706,1,7,,0,2,3,13,A01
202000019707,2,36,,0,0,9,1,A01
202000019708,0,7,,6,0,1,26,A01
202000019709,0,7,,0,2,1,1,A01
202000019709,0,7,,0,2,1,1,B01
202000019710,1,7,,0,2,7,1,B01
202000019710,1,7,,0,2,3,15,A01
202000019711,2,2,,0,2,1,1,A01
202000019711,1,7,,0,2,3,15,B01
202000019712,1,7,,0,0,4,15,B01
202000019712,1,2,,0,2,1,2,A01
202000019713,2,7,,0,2,7,17,A01
202000019713,1,7,,0,2,3,1,B01
202000019713,1,7,,0,2,1,1,C01
202000019714,2,7,,0,1,3,2,A01
202000019715,3,7,,0,1,1,1,A01
202000019716,1,31,,0,2,1,21,A01
202000019716,1,0,,0,0,6,10,B01
202000019717,1,7,,4,2,2,1,A01
202000019717,1,7,,3,0,6,1,B01
202000019718,1,7,,0,2,3,1,B01
202000019718,2,7,,3,2,3,17,A01
202000019719,2,32,,0,2,1,1,A01
202000019719,2,7,,0,0,0,0,B01
202000019720,1,7,,0,1,1,1,A01
202000019721,1,7,,4,0,3,13,A01
202000019722,1,17,,1,0,2,14,A01
202000019723,2,7,,0,2,1,1,B01
202000019723,1,10,,0,2,1,19,A01
202000019724,2,7,,15,0,1,2,A01
202000019725,2,17,,0,0,4,23,A01
202000019725,2,17,,0,2,1,2,B01
202000019726,1,7,,14,0,1,1,A01
202000019727,3,33,,0,2,1,2,A01
202000019727,3,33,,0,0,5,2,B01
202000019728,2,1,,0,0,0,1,A01
202000019729,2,7,,0,2,5,16,A01
202000019729,2,1,,0,2,1,1,B01
202000019729,2,1,,0,2,1,1,C01
202000019729,2,1,,0,2,1,1,D01
202000019730,1,7,,13,0,2,1,A01
202000019731,0,7,,0,1,1,1,A01
202000019732,1,7,,0,2,3,1,B01
202000019732,2,7,,0,2,3,1,A01
202000019733,2,7,,13,0,3,13,A01
202000019734,3,33,,13,0,1,1,A01
202000019735,1,7,,0,0,0,17,A01
202000019736,2,33,,0,0,3,23,A01
202000019736,2,7,,0,2,2,14,B01
202000019737,2,36,,13,0,2,1,A01
202000019738,1,1,,0,0,0,2,A01
202000019739,1,7,,0,2,1,9,A01
202000019739,2,33,,0,2,1,1,B01
202000019740,3,7,,2,0,1,14,A01
202000019741,1,7,,13,0,0,13,A01
202000019741,2,14,,0,9,3,1,B01
202000019742,2,7,,0,2,1,0,B01
202000019742,1,7,,0,2,1,0,A01
202000019743,3,7,,0,9,3,15,A01
202000019743,3,50,,0,2,1,1,B01
202000019744,0,7,,2,0,1,14,A01
202000019745,2,7,,15,0,2,1,A01
202000019746,2,99,,0,2,2,19,A01
202000019746,2,30,,0,2,1,1,B01
202000019747,3,33,,0,2,6,1,B01
202000019747,3,7,,0,2,3,15,A01
202000019748,1,7,,3,0,2,2,A01
202000019749,1,2,,0,9,1,17,A01
202000019749,1,1,,0,2,8,15,B01
202000019750,2,2,,0,0,0,1,A01
202000019751,2,7,,0,2,4,1,C01
202000019751,2,7,,0,2,4,2,B01
202000019751,2,7,,0,2,1,2,A01
202000019752,1,7,,0,2,4,1,B01
202000019752,1,7,,0,2,1,2,A01
202000019753,1,17,,0,2,3,1,A01
202000019753,1,7,,0,2,0,12,B01
202000019754,2,7,,0,2,6,1,B01
202000019754,2,7,,0,2,1,14,A01
202000019755,1,7,,0,2,1,2,A01
202000019755,1,7,,0,2,4,2,B01