Num_Acc,senc,catv,occutc,obs,obsm,choc,manv,num_veh
202000019755,1,7,,0,2,4,2,C01
202000019755,1,7,,0,2,1,2,D01
202000019756,2,7,,0,2,1,1,B01
202000019756,1,30,,0,2,1,13,A01
202000019757,1,7,,0,1,1,1,A01
202000019758,2,7,,0,2,1,2,B01
202000019758,2,17,,0,2,4,2,A01
202000019759,1,34,,6,0,1,1,A01
202000019760,3,7,,4,0,2,15,A01
202000019761,3,7,,0,2,3,1,B01
202000019761,3,7,,0,2,6,13,A01
202000019762,0,7,,0,2,8,19,B01
202000019762,0,30,,0,2,1,1,A01
202000019763,1,30,,0,2,1,1,B01
202000019763,3,30,,0,2,8,16,A01
202000019764,1,7,,0,2,1,19,A01
202000019764,1,1,,0,2,7,1,B01
202000019765,2,7,,13,0,1,11,A01
202000019766,2,7,,0,2,2,2,A01
202000019766,2,10,,0,2,3,2,B01
202000019767,0,50,,0,2,1,1,B01
202000019767,1,7,,0,2,3,16,A01
202000019768,3,7,,0,2,1,12,A01
202000019768,3,7,,0,2,4,1,B01
202000019769,2,7,,11,0,6,1,A01
202000019770,3,99,,0,2,6,9,B01
202000019770,3,99,,0,2,1,9,A01
202000019771,1,33,,15,0,1,1,A01
202000019772,2,7,,0,1,1,9,A01
202000019773,1,7,,0,2,3,13,A01
202000019773,2,7,,0,2,3,1,B01
202000019774,3,7,,3,0,7,14,A01
202000019775,1,33,,0,2,1,17,B01
202000019775,1,7,,0,0,6,15,A01
202000019776,3,7,,0,2,7,24,C01
202000019776,1,7,,1,1,2,14,A01
202000019777,2,7,,0,2,3,9,B01
202000019777,2,2,,0,0,7,0,A01
202000019778,1,7,,6,0,2,1,A01
202000019779,2,2,,0,0,8,1,A01
202000019780,1,7,,0,2,1,2,B01
202000019780,1,7,,0,0,4,1,A01
202000019781,2,7,,0,1,1,1,A01
202000019782,3,7,,6,2,2,15,A01
202000019782,3,33,,0,2,1,1,B01
202000019783,3,2,,0,2,1,1,B01
202000019783,1,7,,0,2,5,15,A01
202000019784,3,7,,2,0,1,1,A01
202000019785,3,7,,0,9,1,21,A01
202000019786,1,7,,0,1,3,15,A01
202000019787,2,33,,3,0,8,13,A01
202000019787,2,33,,0,0,0,26,B01
202000019788,2,7,,0,2,6,1,Z01
202000019788,1,31,,0,2,3,1,A01
202000019789,1,7,,13,0,1,1,A01
202000019790,1,13,,0,0,1,23,B01
202000019790,1,13,,0,0,4,4,A01
202000019791,1,7,,2,0,1,26,A01
202000019792,1,10,,0,2,1,9,A01
202000019792,1,7,,0,0,7,26,B01
202000019793,1,7,,0,2,3,1,B01
202000019793,3,37,1.0,0,2,8,9,A01
202000019794,1,10,,0,2,2,17,A01
202000019794,1,17,,0,0,6,1,B01
202000019795,1,10,,0,0,9,1,A01
202000019796,2,15,,0,2,4,1,B01
202000019796,2,7,,0,2,1,2,A01
202000019797,2,7,,0,0,4,2,C01
202000019797,2,7,,0,2,4,2,B01
202000019797,2,7,,0,2,1,2,A01
202000019798,1,7,,13,0,0,21,C01
202000019798,2,7,,0,2,3,1,B01
202000019798,2,7,,0,2,3,1,D01
202000019798,2,7,,0,2,3,13,A01
202000019799,1,2,,0,2,6,1,B01
202000019799,1,7,,0,2,2,1,A01
202000019800,3,7,,1,2,6,17,B01
202000019800,3,7,,12,2,1,2,A01
202000019800,3,10,,1,0,0,23,C01
202000019801,1,7,,0,1,1,19,A01
202000019802,1,7,,1,0,2,14,A01
202000019803,1,31,,0,2,3,1,A01
202000019803,2,7,,0,2,3,15,B01
202000019804,1,7,,0,2,1,1,B01
202000019804,1,7,,0,2,1,5,A01
202000019805,1,7,,3,0,1,1,A01
202000019806,0,2,,0,2,1,1,B01
202000019806,0,7,,0,2,1,15,A01
202000019807,2,15,,0,2,3,13,B01
202000019807,2,7,,0,2,7,1,A01
202000019808,1,7,,0,2,6,20,B01
202000019808,1,7,,0,2,2,17,A01
202000019809,0,7,,0,1,8,1,A01
202000019810,1,7,,0,0,4,2,B01
202000019810,1,7,,0,2,1,2,A01
202000019811,2,1,,0,2,4,1,B01
202000019811,2,7,,0,2,1,9,A01
202000019812,1,7,,0,1,2,1,A01
202000019813,1,33,,0,2,1,1,B01
202000019813,3,7,,0,2,7,1,A01
202000019814,2,34,,0,2,8,2,B01
202000019815,3,99,,0,2,4,2,B01
202000019815,3,7,,0,2,1,2,A01
202000019816,3,7,,0,2,2,19,B01
202000019816,3,7,,8,2,1,19,A01
202000019817,3,7,,8,0,1,15,A01
202000019818,1,7,,14,2,1,2,B01
202000019818,1,7,,14,2,4,23,A01
202000019819,1,33,,0,0,1,19,A01
202000019820,1,7,,0,2,4,23,C01
202000019820,1,7,,0,2,9,23,B01
202000019820,1,7,,0,2,1,2,A01
202000019821,1,7,,0,1,2,26,A01
202000019822,1,7,,0,1,8,16,A01
202000019823,2,33,,15,0,2,1,A01
202000019824,2,33,,0,2,1,0,A01
202000019824,0,0,,0,2,0,0,B01
202000019825,3,7,,0,1,3,20,A01
202000019826,3,7,,0,0,0,20,A01
202000019827,2,7,,0,2,1,1,B01
202000019827,1,7,,0,2,2,1,A01
202000019828,2,7,,13,0,1,13,A01
202000019829,2,7,,14,0,3,2,D01
202000019829,2,10,,0,2,1,0,C01
202000019829,1,15,,0,2,8,1,B01
202000019829,1,7,,0,2,7,14,A01
202000019830,3,7,,0,1,8,17,A01
202000019831,2,33,,0,2,1,2,A01
202000019831,2,7,,0,2,3,0,B01
202000019832,1,7,,0,9,2,17,A01
202000019832,1,1,,0,0,0,1,B01
202000019833,2,7,,0,1,1,1,A01
202000019834,1,14,,3,0,6,24,A01
202000019834,1,10,,1,0,2,2,B01
202000019835,1,50,,0,1,6,2,A01
202000019835,1,7,,0,2,0,2,B01
202000019836,1,7,,0,0,3,1,B01
202000019836,2,7,,0,0,2,13,A01
202000019837,1,7,,2,0,1,1,A01
202000019838,3,7,,0,2,3,1,B01
202000019838,3,7,,0,2,3,1,A01
202000019839,1,7,,0,1,1,1,A01
202000019840,2,7,,2,0,1,1,A01
202000019841,1,7,,0,2,1,11,A01
202000019841,2,7,,0,2,1,1,B01
202000019841,1,7,,0,2,1,1,C01
202000019842,2,7,,0,1,2,1,A01
202000019843,3,15,,0,2,5,19,A01
202000019843,3,7,,0,2,3,1,B01
202000019844,0,7,,0,0,3,1,A01
202000019844,0,10,,0,0,3,13,B01
202000019845,1,7,,13,0,7,1,A01
202000019846,1,7,,0,0,4,23,A01
202000019846,1,7,,0,0,4,23,B01
202000019846,1,7,,14,0,1,2,C01
202000019847,0,7,,0,2,1,19,A01
202000019847,1,7,,0,0,3,1,B01
202000019848,3,80,,0,2,1,16,A01
202000019848,3,7,,0,9,3,15,B01
202000019849,2,7,,0,2,3,13,A01
202000019849,1,7,,0,2,1,1,B01
202000019850,1,2,,0,2,1,1,A01
202000019850,2,7,,0,2,1,15,B01
202000019851,-1,10,,0,2,8,1,A01
202000019851,1,7,,0,2,1,1,B01
202000019852,2,7,,0,2,2,1,B01
202000019852,1,7,,0,0,2,1,A01
202000019853,1,2,,7,0,3,6,A01
202000019854,2,7,,0,0,6,2,B01
202000019854,2,2,,0,2,1,2,A01
202000019855,0,99,,12,0,1,1,A01
202000019856,0,1,,0,2,1,1,B01
202000019856,0,7,,0,2,3,15,A01
202000019857,2,7,,3,0,3,0,A01
202000019858,1,7,,0,0,5,1,A01
202000019858,1,7,,0,2,1,1,B01
202000019858,1,7,,0,2,4,1,C01
202000019859,1,7,,6,2,0,1,A01
202000019859,1,7,,0,2,2,1,B01
202000019860,2,7,,3,0,2,0,A01
202000019861,2,33,,7,0,3,0,A01
202000019862,1,17,,0,0,6,2,B01
202000019862,1,10,,0,2,1,2,A01
202000019863,0,17,,0,1,3,1,A01
202000019864,2,7,,0,0,9,2,A01
202000019865,3,7,,0,1,4,20,A01
202000019866,3,7,,1,0,2,1,A01
202000019867,2,7,,0,1,3,1,A01
202000019868,3,7,,0,1,2,15,A01
202000019869,1,7,,0,2,2,10,A01
202000019869,1,33,,0,2,1,21,B01
202000019870,2,7,,3,0,1,11,A01
202000019871,1,7,,0,2,1,12,A01
202000019871,2,7,,0,2,6,1,B01
202000019872,2,7,,0,2,1,2,A01
202000019872,2,7,,0,2,4,2,B01
202000019872,2,7,,0,2,4,2,C01
202000019873,1,10,,0,2,4,2,C01
202000019873,1,7,,0,2,4,2,B01
202000019873,1,7,,0,2,1,2,A01
202000019874,1,7,,0,0,0,17,A01
202000019875,2,7,,0,2,2,12,A01
202000019875,2,7,,0,2,6,1,B01
202000019875,2,7,,0,2,3,1,C01
202000019876,2,15,,4,0,1,2,A01
202000019877,2,7,,0,1,6,1,A01
202000019878,1,7,,4,0,2,14,A01
202000019879,1,7,,7,0,1,0,A01
202000019880,1,7,,0,2,1,15,A01
202000019880,2,7,,0,2,3,1,B01
202000019881,0,7,,0,2,1,9,A01
202000019881,0,7,,0,9,4,9,B01
202000019882,3,1,,0,2,7,1,B01
202000019882,2,7,,0,9,3,9,A01
202000019883,1,7,,0,1,3,1,A01
202000019884,1,7,,15,0,1,1,A01
202000019885,1,2,,0,2,7,1,B01
202000019885,1,7,,0,2,1,1,A01
202000019886,2,7,,0,9,3,26,A01
202000019886,1,1,,0,2,1,1,B01
202000019887,3,7,,0,2,2,15,B01
202000019887,3,7,,0,2,1,1,A01
202000019888,2,7,,0,2,4,1,C01
202000019888,2,7,,14,0,6,1,B01
202000019888,1,7,,0,2,2,1,A01
202000019889,1,7,,8,0,1,1,A01
202000019890,2,7,,0,2,3,5,C01
202000019890,1,7,,0,2,3,2,B01
202000019890,1,34,,0,2,9,9,A01
202000019891,1,7,,0,2,4,4,A01
202000019891,1,1,,0,2,0,0,B01
202000019892,1,7,,0,2,2,15,A01
202000019892,2,30,,0,2,7,1,B01
202000019893,1,7,,12,0,6,2,B01
202000019893,1,7,,13,0,1,17,A01
202000019894,1,31,,0,2,1,1,A01
202000019895,1,7,,0,0,6,1,B01
202000019895,2,7,,4,0,1,19,A01
202000019896,3,7,,0,2,1,17,Z01
202000019896,3,3,,0,2,1,1,A01
202000019897,3,7,,4,0,1,9,A01
202000019898,3,2,,0,2,2,1,A01
202000019898,3,7,,0,2,3,1,B01
202000019899,1,7,,0,2,8,15,B01
202000019899,1,32,,0,2,1,17,A01
202000019900,1,37,2.0,0,2,3,13,A01
202000019900,3,7,,0,2,3,9,B01
202000019901,1,7,,0,2,5,16,A01
202000019901,1,33,,0,2,1,1,B01
202000019902,0,7,,2,1,2,1,A01
202000019903,3,7,,0,2,1,1,B01
202000019903,3,7,,0,2,3,1,A01
202000019904,0,7,,8,0,2,12,A01
202000019905,0,7,,0,0,4,23,B01
202000019905,0,1,,0,2,1,13,A01
202000019906,1,10,,0,1,6,4,A01
202000019907,1,7,,0,2,1,2,A01
202000019907,1,7,,0,2,4,23,B01
202000019908,2,31,,0,2,1,1,B01
202000019908,3,7,,0,2,3,9,A01
202000019909,1,7,,0,2,2,17,A01
202000019909,1,7,,0,2,8,15,B01
202000019910,3,33,,9,2,7,17,A01
202000019910,3,30,,0,2,8,26,B01
202000019911,1,7,,0,2,3,13,A01
202000019911,2,7,,0,2,1,1,B01
202000019912,3,7,,0,1,7,1,A01
202000019913,1,33,,0,2,1,1,A01
202000019913,1,33,,0,2,4,1,B01
202000019914,1,7,,0,1,3,1,A01
202000019915,1,7,,0,2,1,1,B01
202000019915,2,7,,0,2,1,13,A01
202000019916,1,7,,13,0,0,1,A01
202000019917,3,7,,2,0,9,1,A01
202000019918,3,7,,8,0,1,1,A01
202000019919,2,33,,0,0,0,1,A01
202000019920,1,7,,14,0,1,6,A01
202000019921,1,7,,0,2,2,5,A01
202000019921,2,7,,0,2,2,1,B01
202000019921,2,2,,0,2,2,21,C01
202000019922,1,7,,0,2,3,1,A01
202000019922,2,1,,0,2,1,1,B01
202000019923,1,7,,0,0,3,1,A01
202000019924,1,7,,4,2,1,2,A01
202000019924,1,7,,0,2,4,2,B01
202000019925,1,7,,0,2,1,1,A01
202000019925,0,7,,0,2,4,1,B01
202000019926,1,40,,0,2,3,1,B01
202000019926,1,10,,9,4,1,1,A01
202000019927,2,7,,0,2,3,1,B01
202000019927,2,7,,0,2,2,9,A01
202000019928,1,7,,0,2,5,17,A01
202000019928,1,7,,0,2,3,2,B01
202000019929,2,7,,0,2,3,15,A01
202000019929,1,1,,0,2,3,2,B01
202000019930,2,7,,0,1,1,1,A01
202000019931,0,7,,0,2,8,9,A01
202000019931,1,2,,0,2,1,1,B01
202000019932,3,13,,0,1,1,9,A01
202000019933,1,10,,0,1,2,1,A01
202000019934,1,7,,2,0,1,1,A01
202000019935,1,7,,0,2,4,1,A01
202000019935,1,7,,0,2,4,1,D01
202000019935,1,7,,0,2,4,1,C01
202000019935,1,7,,0,2,4,1,B01
202000019936,1,7,,0,2,1,1,Z01
202000019936,1,7,,0,2,7,1,A01
202000019937,1,7,,0,2,3,15,A01
202000019937,1,33,,0,2,1,0,B01
202000019938,3,7,,0,2,1,13,A01
202000019938,3,7,,0,2,1,9,B01
202000019939,1,7,,0,2,3,1,B01
202000019939,2,30,,0,2,1,1,A01
202000019940,1,7,,0,2,5,17,A01
202000019940,1,7,,0,2,1,1,C01
202000019940,1,7,,4,0,3,1,B01
202000019941,3,31,,0,0,7,1,A01
202000019942,1,7,,8,0,1,1,A01
202000019943,1,7,,0,1,3,1,A01
202000019944,2,7,,0,2,3,26,A01
202000019944,1,60,,0,2,8,25,B01
202000019945,1,30,,0,2,4,23,A01
202000019945,1,7,,0,2,1,2,Z01
202000019946,2,32,,0,2,2,1,B01
202000019946,1,7,,0,2,3,15,A01
202000019947,3,30,,0,2,7,1,A01
202000019947,3,7,,0,2,0,1,Z01
202000019948,3,7,,0,2,1,1,A01
202000019948,1,31,,0,2,8,1,B01
202000019949,2,7,,0,1,3,1,A01
202000019950,1,30,,0,2,4,2,A01
202000019950,1,7,,0,2,4,23,B01
202000019951,2,30,,0,2,2,17,A01
202000019951,2,7,,0,2,3,1,B01
202000019952,1,7,,0,2,1,1,Z01
202000019952,1,7,,0,2,4,2,A01
202000019953,2,10,,0,2,0,17,Z01
202000019953,2,80,,0,2,8,1,A01
202000019954,2,1,,0,1,1,1,A01
202000019955,2,7,,0,2,3,9,Z01
202000019955,2,33,,0,2,7,1,A01
202000019956,2,50,,0,2,3,7,B01
202000019956,2,32,,0,2,2,16,A01
202000019957,3,7,,0,2,1,1,A01
202000019957,3,1,,0,2,8,19,B01
202000019958,1,43,,0,0,0,0,B01
202000019958,1,7,,0,2,6,11,A01
202000019959,1,30,,0,2,1,23,A01
202000019959,2,7,,0,2,0,0,B01
202000019960,0,7,,0,2,1,0,A01
202000019960,2,30,,0,2,2,15,B01
202000019961,1,7,,0,1,4,15,A01
202000019962,1,32,,4,0,0,1,A01
202000019963,3,7,,0,2,7,15,A01
202000019963,3,7,,0,2,1,2,C01
202000019963,3,2,,0,2,1,2,B01
202000019964,1,7,,0,2,1,26,A01
202000019964,1,7,,0,0,4,1,B01
202000019965,1,7,,0,2,2,15,A01
202000019965,2,33,,0,2,3,2,B01
202000019966,-1,32,,0,2,1,13,B01
202000019966,-1,7,,0,2,8,9,A01
202000019967,1,7,,1,0,1,19,A01
202000019968,1,2,,0,2,3,2,B01
202000019968,1,10,,0,2,3,15,A01
202000019969,1,7,,0,1,1,1,A01
202000019970,2,7,,0,2,4,23,C01
202000019970,2,7,,0,2,4,23,B01
202000019970,2,10,,0,2,1,2,A01
202000019971,1,30,,3,0,4,23,B01
202000019971,1,7,,3,2,2,9,A01
202000019972,2,30,,0,2,7,15,A01
202000019972,2,7,,0,2,1,19,B01
202000019973,3,31,,12,0,8,1,A01
202000019974,2,7,,0,1,1,1,A01
202000019975,1,7,,8,2,2,19,B01
202000019975,2,7,,0,2,3,15,A01
202000019976,3,60,,0,2,4,1,P01
202000019976,0,1,,0,1,1,26,B01
202000019977,2,7,,0,2,3,1,A01
202000019977,1,7,,0,2,1,15,B01
202000019978,1,1,,0,2,8,19,B01
202000019978,1,34,,0,9,8,1,A01
202000019979,1,7,,0,2,2,2,A01
202000019979,1,7,,0,0,6,2,B01
202000019980,1,7,,0,1,2,1,A01
202000019981,1,7,,0,1,1,2,A01
202000019982,2,7,,0,2,1,1,B01
202000019982,1,7,,0,2,1,5,A01
202000019983,1,7,,0,2,1,1,B01
202000019983,2,7,,0,2,3,13,A01
202000019984,1,7,,0,2,8,11,A01
202000019984,2,33,,0,2,5,17,B01
202000019985,2,33,,0,2,0,0,A01
202000019986,2,7,,0,2,2,13,A01
202000019986,1,7,,0,2,1,1,B01
202000019987,0,2,,1,0,1,21,B01
202000019987,0,2,,0,2,6,24,A01
202000019988,2,2,,0,2,1,1,E01
202000019988,2,2,,0,2,1,1,D01
202000019988,2,2,,0,2,1,1,C01
202000019988,2,2,,0,2,1,1,B01
202000019988,1,7,,0,2,3,5,A01
202000019989,2,7,,0,1,0,0,A01
202000019990,1,7,,0,1,2,1,A01
202000019991,0,1,,0,0,1,1,A01
202000019991,0,2,,0,2,1,1,B01
202000019992,1,2,,0,2,1,1,B01
202000019992,3,7,,0,2,1,15,A01
202000019993,2,7,,0,2,2,15,A01
202000019993,1,7,,0,2,2,1,B01
202000019994,1,7,,0,2,1,13,A01
202000019994,2,7,,0,2,1,1,B01
202000019995,1,7,,2,0,2,14,A01
202000019996,1,7,,0,2,1,13,B01
202000019996,1,7,,0,2,1,23,C01
202000019996,1,7,,0,2,2,9,A01
202000019997,1,7,,0,2,8,15,A01
202000019997,2,50,,0,2,3,1,B01
202000019998,2,7,,0,1,2,1,A01
202000019999,3,31,,0,2,7,1,A01
202000019999,3,7,,0,2,2,15,B01
202000020000,2,7,,0,2,3,1,C01
202000020000,1,7,,0,2,1,1,B01
202000020000,2,7,,0,2,1,17,A01
202000020001,1,21,,0,0,4,2,B01
202000020001,1,7,,0,2,1,2,A01
202000020002,2,33,,13,0,3,1,A01
202000020003,2,7,,0,2,3,1,B01
202000020003,1,7,,0,2,3,1,A01
202000020004,1,7,,16,0,3,2,A01
202000020005,2,14,,0,2,2,1,D01
202000020005,2,7,,0,2,6,1,C01
202000020005,2,10,,0,2,1,1,B01
202000020005,1,7,,0,0,0,1,A01
202000020006,1,7,,0,1,1,1,A01
202000020007,1,7,,0,2,1,1,B01
202000020007,1,13,,0,2,8,19,A01
202000020008,3,10,,0,2,1,9,A01
202000020008,2,33,,0,2,5,1,B01
202000020009,2,7,,0,2,1,15,A01
202000020009,1,32,,0,2,8,1,B01
202000020010,1,99,,0,2,1,19,A01
202000020010,1,7,,0,2,5,19,B01
202000020011,1,7,,0,1,3,1,A01
202000020012,1,7,,0,2,4,2,D01
202000020012,1,7,,1,2,9,2,C01
202000020012,1,7,,1,0,9,2,B01
202000020012,1,7,,14,0,1,2,A01
202000020013,2,2,,0,2,6,1,B01
202000020013,1,7,,0,2,6,15,A01
202000020014,1,34,,0,2,2,17,B01
202000020014,2,3,,0,2,3,15,A01
202000020015,1,33,,0,2,1,3,B01
202000020015,1,7,,0,2,6,2,A01
202000020016,1,7,,9,0,1,9,A01
202000020017,2,7,,0,2,1,23,B01
202000020017,1,7,,14,0,1,13,A01
202000020018,3,1,,0,2,5,0,B01
202000020018,1,3,,0,2,1,1,A01
202000020019,2,1,,0,2,4,1,B01
202000020019,2,7,,0,2,4,9,A01
202000020020,1,7,,0,1,1,9,A01
202000020021,2,30,,0,2,1,0,A01
202000020021,2,7,,0,2,8,0,B01
202000020022,2,7,,0,2,1,1,A01
202000020022,2,7,,0,2,4,2,B01
202000020023,2,10,,1,0,2,14,A01
202000020024,0,7,,0,2,7,19,A01
202000020024,0,50,,0,2,1,1,B01
202000020025,2,7,,0,1,1,1,A01
202000020026,2,7,,0,1,2,1,A01
202000020027,1,7,,0,1,3,15,A01
202000020028,1,10,,8,2,1,13,A01
202000020028,2,7,,0,2,1,5,B01
202000020029,1,7,,0,1,2,21,A01
202000020030,1,7,,0,1,2,1,A01
202000020031,2,7,,0,9,1,19,A01
202000020031,1,1,,0,2,2,19,B01
202000020032,2,7,,0,1,1,1,A01
202000020033,1,15,,0,0,2,1,B01
202000020033,1,7,,1,0,4,23,A01
202000020034,2,7,,0,1,2,1,A01
202000020035,1,7,,0,1,0,16,A01
202000020036,2,1,,0,2,1,1,B01
202000020036,1,7,,0,2,2,15,A01
202000020037,2,3,,0,2,3,15,B01
202000020037,2,7,,0,2,2,1,A01
202000020038,2,1,,0,2,7,1,B01
202000020038,1,7,,0,2,1,9,A01
202000020039,1,7,,0,0,1,14,A01
202000020040,2,15,,0,2,7,12,A01
202000020040,1,7,,3,2,8,1,B01
202000020041,1,7,,0,2,5,2,B01
202000020041,1,7,,0,2,4,2,A01
202000020041,1,7,,0,2,1,2,C01
202000020042,1,31,,0,2,2,1,B01
202000020042,1,1,,0,2,1,1,A01
202000020043,0,40,,0,2,2,1,B01
202000020043,0,1,,0,4,1,1,A01
202000020044,1,30,,0,0,7,1,A01
202000020045,1,7,,0,1,1,1,A01
202000020046,1,7,,0,2,4,26,B01
202000020046,1,1,,0,2,1,1,A01
202000020047,1,7,,0,2,1,2,A01
202000020047,1,30,,0,2,0,0,B01
202000020047,1,2,,0,2,4,2,C01
202000020048,1,7,,0,1,1,15,A01
202000020049,3,7,,0,2,8,9,A01
202000020049,3,99,,0,2,0,0,B01
202000020050,1,7,,0,2,6,23,B01
202000020050,1,2,,1,0,2,2,A01
202000020051,1,7,,0,2,2,15,A01
202000020051,2,7,,0,2,1,1,B01
202000020052,2,7,,0,2,3,15,A01
202000020052,1,7,,1,2,8,21,B01
202000020052,1,38,1.0,0,2,1,24,C01
202000020053,3,7,,0,2,8,23,C01
202000020053,3,33,,0,2,8,3,B01
202000020053,3,7,,0,2,3,13,A01
202000020054,1,2,,0,2,1,1,B01
202000020054,2,2,,0,2,7,19,A01
202000020055,1,7,,14,0,1,1,A01
202000020055,1,7,,0,2,4,23,B01
202000020056,3,7,,0,2,2,19,A01
202000020056,1,7,,0,2,3,1,B01
202000020057,1,7,,0,1,2,1,A01
202000020058,3,30,,0,2,8,0,B01
202000020058,2,7,,0,2,3,15,A01
202000020059,2,7,,0,1,1,1,A01
202000020060,1,7,,0,2,1,21,A01
202000020060,1,33,,0,2,4,15,B01
202000020061,3,7,,0,1,1,1,A01
202000020062,1,7,,0,1,8,26,A01
202000020063,1,32,,0,2,3,3,A01
202000020063,1,7,,0,2,5,12,B01
202000020064,2,7,,0,1,3,15,A01
202000020065,1,7,,0,2,2,1,B01
202000020065,1,1,,0,2,3,19,A01
202000020066,2,1,,0,2,7,1,B01
202000020066,2,7,,0,2,8,22,A01
202000020067,0,33,,0,2,1,1,A01
202000020067,2,7,,0,2,5,1,B01
202000020068,3,10,,0,2,2,16,B01
202000020068,2,1,,0,2,3,1,A01
202000020069,2,7,,0,1,7,1,A01
202000020070,2,33,,0,2,8,1,A01
202000020070,2,1,,0,2,7,12,B01
202000020071,3,1,,0,0,0,1,A01
202000020072,3,1,,0,2,1,19,B01
202000020072,2,7,,0,2,5,16,A01
202000020073,2,10,,0,2,3,15,A01
202000020073,2,32,,0,2,1,17,B01
202000020074,1,7,,0,2,2,1,B01
202000020074,2,1,,0,2,7,5,A01
202000020075,1,7,,0,2,1,1,C01
202000020075,1,37,2.0,0,2,1,2,B01
202000020075,1,7,,0,2,2,16,A01
202000020076,3,80,,0,1,1,25,A01
202000020077,1,7,,0,2,3,14,A01
202000020077,1,33,,0,2,2,23,B01
202000020078,2,30,,0,1,1,16,Z01
202000020079,2,7,,0,2,8,1,A01
202000020079,1,33,,0,2,1,1,B01
202000020080,2,7,,0,2,2,1,C01
202000020080,2,30,,0,2,1,1,B01
202000020080,1,7,,0,2,3,5,A01
202000020081,3,30,,0,0,0,0,B01
202000020081,3,99,,0,0,0,0,A01
202000020082,2,7,,0,1,1,1,A01
202000020083,2,1,,0,2,1,1,B01
202000020083,1,1,,0,2,1,13,A01
202000020084,1,10,,0,1,6,15,A01
202000020085,2,7,,1,0,1,26,A01
202000020086,1,7,,0,1,1,0,A01
202000020087,3,7,,8,0,8,15,B01
202000020087,3,7,,8,2,1,18,A01
202000020088,1,33,,0,2,2,17,TB01
202000020088,1,3,,0,2,3,15,A01
202000020089,-1,7,,0,1,1,1,A01
202000020090,3,60,,0,2,8,19,B01
202000020090,1,7,,0,2,7,16,A01
202000020091,1,7,,0,1,2,15,A01
202000020092,1,10,,0,9,2,0,A01
202000020092,1,1,,0,2,0,0,B01
202000020093,1,99,,0,1,3,1,A01
202000020094,3,7,,0,2,6,2,A01
202000020094,3,7,,0,2,5,2,B01
202000020095,1,34,,0,2,1,1,A01
202000020095,2,7,,0,2,5,15,B01
202000020096,1,7,,0,2,2,15,A01
202000020096,2,7,,0,2,3,1,B01
202000020097,1,30,,0,2,3,19,B01
202000020097,1,30,,0,2,2,26,A01
202000020098,1,7,,0,2,8,1,B01
202000020098,3,13,,0,2,1,15,A01
202000020099,1,2,,0,2,5,17,B01
202000020099,1,10,,0,2,6,13,A01
202000020100,2,7,,0,1,2,1,A01
202000020101,2,7,,6,0,2,2,A01
202000020102,2,2,,13,0,9,26,A01
202000020103,3,31,,6,0,1,1,A01
202000020104,0,7,,2,0,0,0,A01
202000020105,2,7,,13,0,1,17,A01
202000020106,1,7,,0,2,1,13,B01
202000020106,1,7,,0,2,8,15,A01
202000020107,3,7,,0,2,5,9,A01
202000020107,1,7,,0,2,2,1,B01
202000020108,3,7,,13,0,3,1,A01
202000020109,3,7,,6,9,3,0,A01
202000020110,1,1,,0,2,8,5,A01
202000020110,2,10,,0,9,3,1,B01
202000020111,2,7,,2,0,2,14,A01
202000020112,3,21,,0,0,0,17,A01
202000020112,3,80,,0,0,0,1,B01
202000020113,2,7,,0,1,0,15,A01
202000020114,1,7,,0,2,5,17,A01
202000020114,1,2,,3,2,0,2,B01
202000020115,1,7,,0,2,3,1,A01
202000020115,2,7,,0,2,3,1,B01
202000020116,1,7,,2,0,1,21,A01
202000020117,1,7,,17,0,1,1,A01
202000020118,1,7,,0,2,4,15,B01
202000020118,1,10,,0,2,3,1,A01
202000020119,1,7,,6,0,1,15,A01
202000020120,2,7,,0,2,3,15,A01
202000020120,2,1,,0,0,1,23,B01
202000020121,2,7,,0,2,1,1,B01
202000020121,1,7,,0,2,1,13,A01
202000020122,1,7,,0,9,2,11,A01
202000020122,1,1,,0,2,1,11,B01
202000020123,1,1,,0,2,1,1,B01
202000020123,2,1,,0,2,1,13,A01
202000020124,2,3,,6,0,1,14,A01
202000020125,3,7,,16,0,1,1,A01
202000020126,0,7,,0,0,8,19,A01
202000020126,2,10,,0,2,1,1,B01
202000020127,1,7,,0,2,1,1,C01
202000020127,2,7,,0,2,1,17,A01
202000020127,1,7,,0,2,1,1,B01
202000020128,2,2,,0,2,3,17,B01
202000020128,2,7,,0,0,6,15,A01
202000020129,1,7,,0,2,1,1,B01
202000020129,2,7,,0,2,3,13,A01
202000020130,2,10,,0,2,3,1,B01
202000020130,2,7,,0,2,6,9,A01
202000020131,1,15,,0,2,2,12,B01
202000020131,1,7,,1,2,6,1,A01
202000020132,2,7,,1,0,1,0,A01
202000020132,2,10,,0,2,4,0,B01
202000020133,1,7,,6,0,3,1,A01
202000020134,1,7,,0,1,3,1,A01
202000020135,2,7,,0,1,1,1,A01
202000020136,0,10,,0,2,8,15,A01
202000020136,0,31,,0,2,1,1,B01
202000020137,1,7,,0,2,5,20,A01
202000020137,1,2,,0,2,7,1,B01
202000020138,1,7,,0,2,1,1,B01
202000020138,1,7,,0,2,8,19,A01
202000020139,2,33,,0,0,8,21,A01
202000020140,1,60,,0,2,1,1,A01