Num_Acc,senc,catv,occutc,obs,obsm,choc,manv,num_veh
202000020140,1,7,,0,2,3,1,B01
202000020141,2,50,,0,2,4,19,A01
202000020141,2,7,,0,2,4,1,B01
202000020142,1,7,,0,2,1,1,A01
202000020142,3,50,,0,2,7,19,B01
202000020143,2,1,,0,2,0,0,B01
202000020143,2,7,,0,2,2,2,A01
202000020144,3,2,,0,2,8,9,B01
202000020144,3,34,,0,2,1,1,A01
202000020145,1,30,,1,2,3,1,B01
202000020145,1,10,,0,2,2,20,A01
202000020146,1,7,,0,2,1,1,B01
202000020146,1,7,,0,2,8,1,A01
202000020147,2,7,,0,1,1,1,A01
202000020148,2,33,,0,1,1,1,A01
202000020149,2,7,,1,2,4,0,B01
202000020149,2,7,,1,0,1,0,A01
202000020150,2,7,,0,2,1,1,A01
202000020150,2,2,,0,2,4,1,B01
202000020151,2,7,,0,2,5,15,A01
202000020151,1,2,,0,2,1,1,B01
202000020152,2,7,,13,0,7,14,A01
202000020153,1,10,,1,0,1,14,A01
202000020154,1,7,,0,1,1,1,A01
202000020155,0,7,,0,1,1,1,A01
202000020156,3,1,,0,2,0,0,B01
202000020156,3,7,,0,2,0,14,A01
202000020157,1,3,,0,1,1,15,A01
202000020158,1,10,,0,2,1,1,B01
202000020158,2,7,,0,2,1,13,A01
202000020158,1,10,,0,2,2,2,C01
202000020159,2,1,,0,2,1,15,B01
202000020159,1,7,,0,2,1,15,A01
202000020160,2,2,,0,2,3,1,B01
202000020160,1,7,,0,2,3,13,A01
202000020161,2,7,,0,2,3,15,A01
202000020161,1,33,,0,2,1,1,B01
202000020162,2,1,,1,0,7,1,A01
202000020163,2,21,,0,2,3,1,C01
202000020163,1,7,,0,2,6,26,B01
202000020163,1,2,,0,2,1,17,A01
202000020164,2,7,,0,1,1,26,A01
202000020165,2,7,,0,1,2,1,A01
202000020166,2,7,,0,1,1,17,A01
202000020167,3,7,,0,2,8,20,A01
202000020167,3,32,,0,2,1,1,B01
202000020168,1,7,,0,9,5,2,B01
202000020168,1,1,,0,2,1,2,A01
202000020169,2,7,,0,2,3,15,A01
202000020169,2,33,,0,2,1,17,B01
202000020170,1,7,,0,2,1,1,A01
202000020170,1,7,,0,2,1,1,B01
202000020171,3,7,,15,0,1,15,A01
202000020172,0,1,,0,2,2,15,A01
202000020172,0,7,,0,2,1,2,B01
202000020173,0,7,,0,2,4,15,A01
202000020173,0,7,,0,2,1,2,B01
202000020174,0,7,,0,2,3,1,B01
202000020174,0,7,,0,2,3,1,A01
202000020175,1,37,1.0,0,1,2,16,A01
202000020176,0,7,,0,2,0,1,Z01
202000020176,1,2,,0,2,4,1,A01
202000020177,2,7,,0,2,1,1,B01
202000020177,1,2,,0,2,1,19,A01
202000020178,2,30,,0,0,7,0,A01
202000020179,1,7,,0,2,3,9,A01
202000020179,2,33,,0,2,1,1,B01
202000020180,2,7,,0,0,1,0,A01
202000020181,1,7,,0,2,4,1,B01
202000020181,1,7,,0,2,1,2,A01
202000020182,2,33,,0,2,1,1,B01
202000020182,0,7,,0,2,3,10,A01
202000020183,2,33,,8,2,3,5,A01
202000020183,2,7,,0,2,3,15,B01
202000020184,1,7,,0,2,6,1,A01
202000020184,1,7,,0,2,1,1,B01
202000020185,1,7,,0,2,8,1,B01
202000020185,1,43,,0,2,7,3,C01
202000020185,1,32,,0,2,7,11,A01
202000020186,2,1,,0,2,8,7,A01
202000020186,3,7,,0,2,7,1,B01
202000020187,2,32,,0,1,1,1,A01
202000020188,1,7,,0,2,0,16,A01
202000020188,1,37,3.0,0,2,0,7,B01
202000020189,1,1,,0,1,7,25,A01
202000020190,2,7,,0,1,3,1,A01
202000020191,2,31,,0,2,1,1,A01
202000020191,2,7,,0,2,6,2,B01
202000020192,2,33,,0,2,1,17,A01
202000020192,2,7,,0,2,3,1,B01
202000020192,1,7,,0,2,1,1,C01
202000020193,1,7,,1,1,7,9,A01
202000020194,-1,7,,0,1,3,1,A01
202000020195,-1,20,,7,2,3,9,A01
202000020195,-1,20,,7,2,5,1,B01
202000020196,0,7,,0,2,1,15,B01
202000020196,2,32,,0,2,7,1,A01
202000020197,3,7,,0,2,2,12,B01
202000020197,3,32,,0,2,8,1,A01
202000020198,-1,2,,0,2,1,1,B01
202000020198,-1,7,,0,2,8,15,A01
202000020199,1,31,,0,2,1,19,B01
202000020199,1,7,,0,2,2,16,A01
202000020200,1,7,,0,2,1,1,C01
202000020200,1,7,,0,2,9,23,B01
202000020200,1,7,,0,2,4,16,A01
202000020201,0,7,,0,2,0,15,A01
202000020201,2,33,,0,2,1,1,B01
202000020202,2,7,,0,2,3,1,B01
202000020202,1,2,,0,2,1,13,A01
202000020203,2,7,,15,0,9,1,A01
202000020204,1,7,,7,0,1,1,A01
202000020205,1,10,,0,2,1,26,B01
202000020205,2,10,,0,2,1,13,A01
202000020206,3,0,,0,0,0,26,A01
202000020207,3,7,,0,9,3,15,A01
202000020207,3,1,,0,2,2,1,B01
202000020208,0,15,,0,2,2,0,A01
202000020208,0,1,,0,2,0,0,B01
202000020209,1,1,,0,2,0,19,B01
202000020209,1,7,,0,2,1,1,A01
202000020210,3,10,,0,1,4,4,A01
202000020211,2,7,,0,2,6,1,B01
202000020211,2,7,,0,2,1,12,A01
202000020211,2,7,,0,2,4,1,C01
202000020212,1,7,,4,0,7,14,A01
202000020213,1,7,,0,2,3,1,B01
202000020213,2,1,,0,2,2,5,A01
202000020214,1,1,,0,2,6,1,A01
202000020214,1,10,,0,2,6,1,B01
202000020215,2,1,,0,1,1,16,A01
202000020216,1,2,,0,2,8,11,B01
202000020216,1,7,,0,2,8,1,A01
202000020217,1,7,,0,2,2,16,B01
202000020217,1,30,,0,2,1,18,A01
202000020218,2,1,,12,0,3,13,A01
202000020219,0,7,,1,2,0,0,B01
202000020219,2,7,,1,0,2,0,A01
202000020220,2,2,,0,1,8,1,A01
202000020221,3,7,,0,2,3,1,B01
202000020221,3,7,,0,2,2,1,A01
202000020222,1,2,,0,2,1,1,B01
202000020222,1,10,,0,2,3,16,A01
202000020223,1,7,,0,2,3,1,A01
202000020223,1,7,,0,2,4,1,B01
202000020224,3,7,,0,2,3,26,A01
202000020224,3,7,,0,2,3,0,B01
202000020225,1,7,,0,2,1,17,A01
202000020225,2,7,,0,2,1,1,B01
202000020226,2,7,,1,0,8,0,C01
202000020226,2,7,,0,2,2,0,B01
202000020226,1,31,,0,2,2,14,A01
202000020227,1,10,,0,2,8,1,A01
202000020227,1,33,,0,2,1,1,B01
202000020228,1,10,,14,2,1,1,B01
202000020228,1,10,,0,0,4,23,A01
202000020229,0,15,,0,2,7,9,A01
202000020229,3,7,,0,2,6,0,B01
202000020230,1,30,,0,2,1,1,B01
202000020230,2,1,,0,2,1,13,A01
202000020231,2,7,,2,0,2,1,A01
202000020232,1,7,,2,0,2,1,A01
202000020233,2,7,,8,0,2,1,A01
202000020234,2,7,,0,2,6,1,B01
202000020234,1,7,,0,2,1,1,A01
202000020235,1,17,,0,2,6,26,B01
202000020235,1,33,,0,2,2,17,A01
202000020236,3,7,,12,0,7,15,A01
202000020237,0,60,,0,1,8,19,A01
202000020237,2,31,,0,2,1,17,B01
202000020238,2,33,,0,2,7,1,B01
202000020238,3,7,,0,2,1,1,A01
202000020239,1,7,,13,0,3,1,A01
202000020240,2,7,,0,2,5,17,A01
202000020240,1,31,,0,2,4,1,B01
202000020241,2,17,,1,1,2,1,A01
202000020242,3,7,,0,0,9,1,A01
202000020243,1,33,,0,2,1,1,B01
202000020243,1,7,,0,2,3,19,A01
202000020244,1,7,,3,0,9,26,A01
202000020245,1,7,,5,0,3,26,A01
202000020246,2,14,,0,2,4,1,B01
202000020246,2,10,,0,2,1,26,A01
202000020247,1,10,,0,2,8,1,D01
202000020247,1,7,,0,2,6,1,C01
202000020247,1,10,,0,2,7,1,B01
202000020247,1,7,,0,2,3,3,A01
202000020248,1,32,,0,0,0,0,A01
202000020249,1,7,,0,1,5,16,Z01
202000020250,1,14,,0,1,1,15,A01
202000020251,3,10,,0,1,1,15,A01
202000020252,2,7,,0,2,3,15,B01
202000020252,1,7,,0,2,1,17,A01
202000020253,1,20,,0,1,1,26,A01
202000020254,1,7,,0,1,1,13,A01
202000020255,2,1,,0,2,0,0,B01
202000020255,2,7,,0,2,3,15,A01
202000020256,2,36,,2,0,0,1,A01
202000020257,2,33,,0,0,7,21,A01
202000020258,1,7,,0,1,1,26,A01
202000020259,3,7,,6,0,1,13,A01
202000020260,0,7,,14,1,1,1,A01
202000020261,1,7,,0,0,0,10,Z01
202000020261,2,33,,0,0,8,21,A01
202000020262,1,7,,0,2,3,26,A01
202000020262,1,80,,0,2,8,15,B01
202000020263,0,1,,0,1,1,1,A01
202000020264,1,2,,0,2,4,23,B01
202000020264,1,7,,0,2,1,2,A01
202000020265,2,7,,0,2,2,1,B01
202000020265,3,1,,0,2,1,19,A01
202000020266,1,7,,13,0,1,1,A01
202000020267,2,7,,0,1,7,1,A01
202000020268,0,33,,8,0,1,25,A01
202000020269,1,7,,0,2,2,1,B01
202000020269,1,7,,0,2,1,9,A01
202000020270,0,7,,0,2,1,16,A01
202000020270,3,1,,0,2,3,25,B01
202000020271,1,7,,0,2,2,15,A01
202000020271,2,7,,0,2,1,1,B01
202000020272,0,15,,0,1,1,1,A01
202000020273,1,7,,0,0,9,1,A01
202000020274,2,31,,0,2,9,13,B01
202000020274,1,33,,0,2,7,1,A01
202000020275,2,7,,0,2,1,2,B01
202000020275,2,10,,0,2,4,15,A01
202000020276,3,7,,0,1,1,1,A01
202000020277,3,7,,0,0,3,13,A01
202000020278,2,33,,0,2,1,1,A01
202000020279,1,7,,0,2,5,1,A01
202000020279,1,7,,0,2,1,2,B01
202000020280,2,7,,0,1,1,15,A01
202000020281,1,2,,0,2,1,17,B01
202000020281,1,10,,0,2,8,10,A01
202000020282,1,30,,0,0,0,21,A01
202000020283,1,34,,0,1,1,1,A01
202000020284,0,7,,0,2,1,0,A01
202000020284,0,7,,0,2,2,26,B01
202000020285,3,7,,1,0,2,1,A01
202000020286,1,7,,0,2,3,1,B01
202000020286,0,30,,0,2,1,26,A01
202000020287,1,7,,0,2,1,16,A01
202000020287,1,2,,0,2,1,23,B01
202000020288,1,7,,0,2,2,1,A01
202000020288,2,1,,0,2,8,1,B01
202000020289,1,7,,0,2,1,2,C01
202000020289,1,17,,0,0,4,2,A01
202000020290,1,7,,13,0,1,11,A01
202000020291,1,7,,13,0,1,5,A01
202000020292,1,7,,0,2,3,13,A01
202000020292,2,7,,0,2,3,1,B01
202000020293,2,7,,15,0,1,1,A01
202000020294,0,7,,13,0,1,1,A01
202000020295,3,21,,0,2,3,1,B01
202000020295,3,36,,0,2,8,1,A01
202000020296,1,33,,0,0,1,1,A01
202000020297,1,7,,0,9,1,1,A01
202000020298,0,7,,13,0,1,1,A01
202000020299,1,7,,0,2,3,1,C01
202000020299,1,2,,0,2,1,1,D01
202000020299,1,7,,0,0,3,2,B01
202000020299,1,7,,0,2,1,17,A01
202000020300,2,7,,0,2,8,9,A01
202000020300,1,30,,0,2,1,1,B01
202000020301,3,7,,0,2,3,16,A01
202000020301,1,7,,0,2,3,1,B01
202000020302,3,7,,0,1,2,1,A01
202000020303,3,2,,0,0,7,1,A01
202000020304,1,7,,3,0,1,14,A01
202000020305,1,7,,0,1,1,15,A01
202000020306,3,31,,0,0,0,16,A01
202000020307,2,7,,4,0,3,13,A01
202000020308,2,30,,1,0,1,18,A01
202000020309,2,30,,0,1,1,26,A01
202000020310,1,31,,0,2,7,17,A01
202000020310,1,7,,0,2,3,15,B01
202000020311,0,33,,0,0,0,26,A01
202000020312,1,7,,0,2,3,1,A01
202000020312,1,33,,0,2,1,17,B01
202000020313,2,7,,0,2,1,1,B01
202000020313,1,7,,0,2,6,15,A01
202000020314,1,7,,1,0,1,14,A01
202000020315,2,7,,15,0,1,14,A01
202000020316,-1,2,,0,2,5,2,B01
202000020316,-1,7,,0,2,2,19,A01
202000020317,1,7,,0,9,7,22,A01
202000020317,1,50,,0,2,1,18,B01
202000020318,1,7,,0,2,2,15,B01
202000020318,1,99,,9,2,3,1,A01
202000020319,1,33,,0,2,0,17,A01
202000020319,2,7,,0,0,0,0,B01
202000020320,1,7,,1,1,0,1,A01
202000020321,2,33,,13,0,1,1,A01
202000020322,1,7,,2,0,1,1,A01
202000020323,2,33,,3,0,2,14,A01
202000020324,3,33,,0,2,8,1,C01
202000020324,3,7,,0,2,1,1,B01
202000020324,3,7,,0,2,1,1,A01
202000020325,2,33,,15,0,1,0,A01
202000020326,2,10,,0,1,1,1,A01
202000020327,2,2,,0,0,0,0,A01
202000020328,1,7,,2,0,1,1,A01
202000020329,2,7,,0,2,1,2,A01
202000020329,2,15,,0,0,4,2,B01
202000020330,2,7,,12,0,1,15,A01
202000020331,3,7,,16,0,0,0,A01
202000020332,3,7,,6,0,2,10,A01
202000020333,2,2,,12,0,1,13,A01
202000020334,3,7,,0,0,1,1,A01
202000020335,1,7,,6,0,1,1,A01
202000020336,2,7,,0,2,3,1,B01
202000020336,1,7,,0,2,2,19,A01
202000020337,2,10,,6,0,3,13,A01
202000020338,1,7,,4,2,1,1,A01
202000020339,2,7,,0,0,9,1,A01
202000020340,1,10,,0,2,0,14,E01
202000020340,1,7,,0,2,4,1,D01
202000020340,1,10,,0,2,1,17,A01
202000020340,1,7,,0,2,4,1,C01
202000020340,1,7,,0,2,6,1,B01
202000020341,1,10,,0,1,1,26,A01
202000020342,1,7,,9,0,1,0,A01
202000020343,1,1,,0,2,1,2,A01
202000020343,1,7,,0,2,5,16,B01
202000020344,3,7,,0,1,2,1,A01
202000020345,0,30,,0,1,0,19,A01
202000020346,0,33,,0,2,1,21,B01
202000020346,0,7,,0,2,3,9,A01
202000020347,1,1,,0,2,1,1,B01
202000020347,2,10,,0,9,0,11,A01
202000020348,2,7,,0,1,2,1,A01
202000020349,1,7,,0,1,5,4,A01
202000020350,2,10,,0,2,1,1,A01
202000020350,2,2,,0,2,4,23,B01
202000020351,3,50,,0,2,1,9,A01
202000020351,1,0,,0,9,3,16,Z01
202000020352,0,7,,0,1,8,1,A01
202000020353,2,7,,13,0,3,1,A01
202000020354,2,33,,13,0,1,1,A01
202000020355,2,33,,0,2,1,1,B01
202000020355,1,7,,0,2,2,5,A01
202000020356,1,7,,13,0,0,13,A01
202000020357,1,2,,0,2,1,1,B01
202000020357,2,7,,0,2,3,5,A01
202000020358,3,7,,2,0,1,1,A01
202000020359,0,7,,15,0,1,1,A01
202000020360,1,7,,8,0,1,0,A01
202000020361,2,7,,8,0,1,0,A01
202000020362,1,7,,0,2,1,17,A01
202000020362,1,7,,0,2,8,15,B01
202000020363,3,7,,0,2,4,4,A01
202000020363,3,1,,0,2,7,1,B01
202000020364,2,2,,0,2,1,13,A01
202000020364,1,10,,0,2,3,1,B01
202000020365,1,7,,0,2,8,1,A01
202000020365,2,7,,0,2,8,1,B01
202000020366,1,7,,2,0,1,26,A01
202000020367,3,7,,0,1,0,1,A01
202000020368,2,7,,0,0,1,0,A01
202000020369,1,7,,7,2,1,1,B01
202000020369,2,7,,7,2,1,5,A01
202000020370,2,7,,2,0,1,1,A01
202000020371,2,7,,0,2,3,13,A01
202000020371,1,7,,0,2,1,1,B01
202000020372,3,7,,0,0,4,15,B01
202000020372,3,33,,0,2,1,2,A01
202000020373,1,34,,0,2,2,17,A01
202000020373,1,7,,0,2,8,17,B01
202000020374,3,7,,15,0,3,1,A01
202000020375,0,1,,13,0,1,1,A01
202000020376,2,17,,16,0,7,17,A01
202000020377,2,7,,0,2,4,23,B01
202000020377,2,7,,1,0,1,2,A01
202000020378,2,10,,0,2,3,9,A01
202000020378,1,33,,0,2,9,17,B01
202000020379,1,13,,10,0,1,14,A01
202000020380,1,7,,0,2,7,26,A01
202000020380,1,7,,0,2,8,21,B01
202000020381,2,7,,0,2,1,1,A01
202000020381,1,7,,0,2,1,1,B01
202000020382,1,7,,2,2,3,12,A01
202000020382,2,32,,0,2,0,0,B01
202000020383,1,1,,0,9,0,26,B01
202000020384,2,33,,0,2,1,2,B01
202000020384,2,7,,0,2,4,23,A01
202000020385,2,7,,0,2,5,10,B01
202000020385,2,7,,0,2,3,9,A01
202000020386,1,33,,3,0,1,1,A01
202000020387,0,30,,0,0,7,0,A01
202000020388,1,38,1.0,0,2,2,1,B01
202000020388,2,7,,0,2,4,13,A01
202000020389,1,7,,15,2,2,19,A01
202000020389,1,7,,0,2,1,1,B01
202000020390,3,7,,8,2,6,2,B01
202000020390,3,7,,0,2,2,2,A01
202000020391,2,7,,0,2,2,1,B01
202000020391,1,2,,0,2,8,9,A01
202000020392,1,33,,0,0,0,1,A01
202000020393,3,60,,0,2,8,1,B01
202000020393,3,7,,0,2,2,1,A01
202000020394,1,7,,0,2,1,15,A01
202000020394,2,50,,0,2,7,1,B01
202000020395,3,7,,3,0,1,1,A01
202000020396,0,7,,0,1,1,26,A01
202000020397,1,33,,0,2,4,23,B01
202000020397,1,7,,0,2,1,2,A01
202000020397,1,7,,0,2,4,0,C01
202000020398,1,7,,0,1,1,1,A01
202000020399,3,10,,0,1,1,9,A01
202000020400,1,33,,0,0,7,1,A01
202000020401,0,7,,0,2,1,19,A01
202000020401,0,7,,0,2,8,1,B01
202000020402,1,10,,0,2,8,10,A01
202000020402,2,32,,0,1,1,1,B01
202000020403,2,10,,0,2,1,19,A01
202000020403,1,10,,0,2,1,1,B01
202000020404,2,7,,8,1,2,2,A01
202000020404,2,7,,8,2,6,24,B01
202000020405,1,7,,0,2,8,10,A01
202000020405,1,7,,0,2,1,1,B01
202000020406,2,7,,2,0,2,14,A01
202000020407,1,50,,1,2,4,23,B01
202000020407,1,10,,0,2,2,1,A01
202000020408,1,7,,0,2,4,2,C01
202000020408,1,7,,0,2,1,2,A01
202000020408,1,7,,0,2,4,2,B01
202000020408,1,7,,0,2,4,2,D01
202000020409,1,30,,0,2,1,1,A01
202000020409,1,10,,0,2,3,1,B01
202000020410,2,7,,13,0,1,1,A01
202000020411,1,2,,0,2,1,17,A01
202000020411,1,7,,0,2,8,15,B01
202000020412,2,2,,11,0,2,1,A01
202000020413,1,7,,0,2,1,2,A01
202000020413,1,7,,0,2,4,2,B01
202000020414,1,7,,0,1,9,26,A01
202000020415,1,7,,0,1,1,1,A01
202000020416,3,7,,0,1,3,1,A01
202000020417,1,7,,0,1,1,2,A01
202000020418,1,7,,0,1,1,1,A01
202000020419,2,30,,0,2,7,17,B01
202000020419,2,7,,0,2,1,15,A01
202000020420,2,7,,0,1,1,1,A01
202000020421,1,2,,0,2,1,1,B01
202000020421,2,13,,0,2,1,15,A01
202000020422,3,7,,8,0,3,13,A01
202000020423,1,31,,0,0,9,0,A01
202000020424,1,7,,0,2,0,0,B01
202000020424,1,7,,0,2,0,0,A01
202000020425,1,7,,0,1,0,0,A01
202000020426,0,7,,0,2,2,1,B01
202000020426,0,1,,0,2,3,19,A01
202000020427,1,7,,0,2,5,23,B01
202000020427,1,30,,0,2,1,26,A01
202000020428,3,30,,0,1,1,17,A01
202000020429,1,7,,0,2,7,1,B01
202000020429,1,32,,0,2,1,10,A01
202000020430,1,7,,0,2,1,26,A01
202000020430,2,7,,0,2,1,1,B01
202000020430,2,15,,0,2,8,1,C01
202000020431,1,37,2.0,0,2,1,1,B01
202000020431,1,7,,0,2,3,9,A01
202000020432,0,7,,0,2,6,15,B01
202000020432,0,32,,0,2,2,16,A01
202000020433,3,7,,0,2,1,19,A01
202000020433,3,7,,0,2,8,1,B01
202000020434,0,7,,0,1,1,26,A01
202000020435,0,7,,0,1,3,1,A01
202000020436,2,7,,0,2,1,1,B01
202000020436,1,7,,0,2,8,1,A01
202000020437,1,7,,0,2,1,2,A01
202000020437,1,2,,0,2,4,2,B01
202000020438,2,7,,0,1,2,1,A01
202000020439,1,80,,0,2,4,1,B01
202000020439,1,7,,0,2,1,9,A01
202000020440,1,14,,0,2,1,1,B01
202000020440,1,7,,8,2,6,16,A01
202000020441,2,10,,0,2,8,1,A01
202000020441,1,33,,0,2,1,1,B01
202000020442,2,7,,0,1,7,1,A01
202000020443,1,17,,0,2,7,1,B01
202000020443,1,33,,0,2,8,13,A01
202000020444,1,7,,0,1,1,21,A01
202000020445,1,2,,0,2,1,17,B01
202000020445,3,7,,0,2,0,0,A01
202000020446,2,7,,0,2,1,15,B01
202000020446,1,7,,0,2,1,21,A01
202000020447,1,7,,0,1,1,1,A01
202000020448,1,7,,0,2,1,1,A01
202000020448,1,99,,0,2,8,1,B01
202000020449,2,10,,8,0,0,2,A01
202000020450,1,7,,0,2,2,19,A01
202000020450,2,7,,0,2,3,1,B01
202000020451,0,32,,0,2,0,2,A01
202000020451,3,7,,0,2,0,15,Z01
202000020452,3,3,,0,1,1,26,A01
202000020453,1,7,,0,2,1,11,B01
202000020453,2,7,,0,2,3,1,A01
202000020454,2,7,,0,1,2,19,A01
202000020455,2,7,,0,2,3,15,A01
202000020455,1,34,,0,2,1,1,B01
202000020456,1,7,,0,2,2,19,A01
202000020456,2,32,,0,2,7,17,B01
202000020457,3,37,21.0,10,0,3,8,A01
202000020458,1,7,,6,0,1,1,A01
202000020459,1,7,,0,2,1,2,A01
202000020459,1,7,,0,2,4,2,B01
202000020460,2,33,,0,2,1,1,A01
202000020460,2,7,,0,2,6,11,B01
202000020461,1,43,,12,0,1,14,A01
202000020462,2,37,1.0,0,1,5,1,A01
202000020463,1,1,,0,2,4,2,B01
202000020463,1,7,,0,2,3,2,A01
202000020464,1,30,,0,2,8,9,A01
202000020464,1,10,,0,2,5,1,B01
202000020465,1,7,,0,2,3,13,A01
202000020465,1,32,,0,2,5,1,B01
202000020466,1,50,,0,1,1,25,A01
202000020467,1,33,,0,2,6,15,B01
202000020467,1,7,,0,2,2,17,A01
202000020468,1,2,,0,2,7,16,B01
202000020468,1,43,,0,2,1,1,A01
202000020469,3,7,,6,0,1,16,A01
202000020470,1,7,,0,2,2,1,B01
202000020470,2,7,,0,2,1,5,A01
202000020471,3,10,,0,2,3,1,A01
202000020471,3,1,,0,2,5,1,B01
202000020472,2,7,,0,2,3,1,A01
202000020472,1,50,,0,2,2,19,B01
202000020473,3,43,,0,1,1,10,A01
202000020474,2,2,,0,2,7,17,B01
202000020474,2,7,,0,2,8,13,A01
202000020475,1,7,,0,2,2,2,Z01
202000020475,1,60,,0,2,0,2,A01
202000020476,1,31,,0,0,2,26,A01
202000020477,1,33,,0,2,1,13,A01
202000020477,2,10,,0,2,1,1,B01
202000020478,1,13,,12,2,4,1,Z01
202000020478,1,1,,12,0,4,1,A01
202000020479,1,31,,0,2,7,1,A01
202000020479,1,7,,0,0,0,0,Z01
202000020480,2,7,,0,1,2,1,A01
202000020481,1,7,,0,2,1,1,A01
202000020481,2,37,1.0,0,2,6,1,B01
202000020482,0,7,,0,1,3,15,A01
202000020483,1,7,,0,2,1,9,A01
202000020483,-1,7,,0,2,4,23,B01
202000020484,2,32,,0,2,7,1,A01
202000020484,2,3,,0,2,1,9,B01
202000020485,1,7,,0,2,3,19,A01
202000020485,1,32,,0,2,2,0,B01
202000020486,1,7,,0,2,8,9,A01
202000020486,1,7,,0,2,1,2,B01
202000020486,1,7,,0,2,1,2,C01
202000020487,1,32,,12,0,3,16,A01
202000020488,2,7,,1,1,4,4,A01
202000020489,3,7,,0,1,2,15,A01
202000020490,2,10,,0,2,2,15,B01
202000020490,2,7,,0,2,3,26,A01
202000020491,1,7,,3,2,2,21,MA01
202000020491,1,7,,0,2,0,9,B01
202000020492,1,7,,0,1,1,9,A01
202000020493,1,7,,0,2,1,26,A01
202000020493,1,80,,0,2,1,1,B01
202000020494,2,7,,0,2,6,1,B01
202000020494,2,30,,0,2,1,21,A01
202000020495,3,7,,0,1,3,1,A01
202000020496,1,7,,0,2,5,1,B01
202000020496,1,7,,0,2,1,16,A01
202000020497,1,7,,0,2,6,1,B01
202000020497,1,33,,0,2,2,14,A01
202000020498,1,32,,0,2,2,17,A01
202000020498,1,7,,0,2,3,15,B01
202000020499,2,7,,0,2,2,15,A01
202000020499,1,7,,0,2,3,1,B01
202000020500,1,7,,0,1,3,1,A01
202000020501,1,7,,0,2,3,1,A01
202000020501,2,7,,0,2,1,13,B01
202000020502,3,7,,0,2,2,1,A01
202000020502,3,15,,0,2,3,1,B01
202000020503,2,7,,0,1,1,1,A01
202000020504,1,7,,0,2,1,13,A01
202000020504,2,7,,0,2,1,1,B01
202000020505,1,7,,0,2,2,2,A01
202000020505,1,1,,0,0,4,1,B01
202000020506,2,7,,0,2,1,26,B01
202000020506,1,7,,0,0,4,23,A01
202000020507,2,33,,0,2,3,1,A01
202000020507,2,7,,0,0,5,15,B01
202000020508,1,10,,0,2,3,16,A01
202000020508,1,33,,0,2,1,1,B01
202000020509,2,7,,4,2,7,26,A01
202000020509,1,7,,0,2,1,1,B01
202000020510,1,10,,0,1,7,1,A01
202000020511,1,15,,0,2,1,5,A01
202000020511,2,7,,0,2,1,1,B01
202000020512,2,7,,13,0,1,1,A01
202000020513,2,7,,0,2,3,13,A01
202000020513,1,7,,0,2,3,1,B01
202000020513,1,7,,0,2,3,1,C01
202000020514,1,7,,0,2,1,1,B01
202000020514,1,7,,0,2,2,15,A01
202000020515,2,1,,0,2,4,1,B01
202000020515,2,7,,0,9,2,1,A01
202000020516,1,7,,15,0,2,1,A01
202000020517,1,7,,0,2,3,1,C01
202000020517,2,7,,0,2,3,5,A01
202000020517,1,7,,0,2,3,1,B01
202000020518,2,7,,0,2,1,5,A01
202000020518,1,7,,0,2,1,1,B01
202000020519,1,1,,0,2,8,19,B01
202000020519,1,7,,0,2,1,1,A01
202000020520,2,7,,0,2,1,5,A01
202000020520,1,7,,0,2,1,1,C01
202000020520,1,7,,0,2,1,1,B01
202000020521,2,7,,0,1,2,13,A01
202000020522,3,7,,0,1,1,1,A01
202000020523,1,2,,0,0,7,1,A01
202000020524,1,7,,2,0,1,1,A01
202000020525,2,7,,0,2,8,1,A01
202000020525,1,37,16.0,0,2,1,1,B01
202000020526,1,15,,0,2,4,2,B01
202000020526,1,7,,0,2,1,2,A01
202000020527,1,15,,0,2,1,1,B01
202000020527,2,7,,0,2,3,17,A01
202000020528,3,7,,0,2,2,1,A01
202000020528,3,1,,0,2,8,26,B01
202000020529,2,7,,0,2,5,2,C01
202000020529,2,17,,0,2,3,0,B01
202000020529,2,33,,4,2,7,12,A01
202000020530,3,7,,16,0,9,1,A01
202000020531,1,33,,0,2,3,26,B01
202000020531,2,7,,0,2,3,2,A01
202000020532,2,10,,0,1,1,1,A01
202000020532,1,7,,0,1,3,1,B01
202000020533,2,10,,1,0,1,1,A01
202000020533,2,10,,0,0,4,24,B01
202000020534,1,7,,8,0,2,0,A01
202000020535,2,34,,0,2,7,3,A01
202000020535,2,7,,0,2,6,15,B01
202000020536,2,7,,12,2,1,6,A01
202000020536,1,7,,12,2,3,1,B01
202000020537,3,7,,0,1,3,1,A01
202000020538,2,7,,0,2,3,1,B01
202000020538,2,33,,0,2,1,13,A01
202000020539,3,7,,0,0,3,15,A01
202000020539,3,1,,0,0,1,1,B01
202000020540,1,7,,0,1,1,1,A01
202000020541,1,7,,0,2,3,15,A01
202000020541,2,33,,0,2,1,1,B01
202000020542,1,7,,2,0,7,1,A01
202000020543,1,7,,0,2,1,1,B01
202000020543,1,7,,0,2,4,1,A01
202000020544,2,7,,0,2,2,12,A01
202000020544,2,7,,0,2,8,1,B01
202000020545,1,7,,0,9,1,1,C01
202000020545,1,7,,4,0,4,1,B01
202000020545,1,7,,0,2,1,2,A01