Num_Acc,senc,catv,occutc,obs,obsm,choc,manv,num_veh
202000020546,1,10,,0,2,1,2,A01
202000020546,1,7,,0,2,4,2,B01
202000020546,1,7,,0,2,4,2,C01
202000020547,1,7,,0,2,1,1,A01
202000020547,1,7,,0,2,4,13,B01
202000020548,2,7,,0,2,1,2,B01
202000020548,2,7,,0,2,4,23,A01
202000020549,2,7,,0,2,2,26,A01
202000020549,2,7,,0,2,6,2,B01
202000020550,2,7,,0,2,6,11,B01
202000020550,2,33,,0,2,1,3,A01
202000020551,2,7,,0,2,0,0,A01
202000020551,2,33,,0,2,0,0,B01
202000020552,1,33,,0,2,1,3,A01
202000020552,1,7,,0,2,6,26,B01
202000020553,1,7,,0,2,1,1,A01
202000020553,1,7,,0,2,4,1,B01
202000020554,2,10,,0,2,1,2,A01
202000020554,2,10,,0,2,4,2,B01
202000020554,2,10,,0,2,4,2,C01
202000020554,2,7,,0,2,4,2,D01
202000020555,1,7,,0,2,1,2,A01
202000020555,1,7,,0,2,4,2,B01
202000020556,1,7,,0,2,4,2,C01
202000020556,1,7,,0,2,4,2,B01
202000020556,1,7,,0,2,1,2,A01
202000020557,1,33,,0,2,1,3,B01
202000020557,1,10,,0,2,7,12,A01
202000020558,1,34,,0,2,1,3,B01
202000020558,1,7,,0,2,8,11,A01
202000020559,2,7,,0,2,1,2,A01
202000020559,2,10,,0,2,4,2,B01
202000020560,1,30,,0,2,2,1,A01
202000020560,0,7,,0,2,1,15,B01
202000020561,1,10,,0,2,1,2,A01
202000020561,1,10,,0,2,4,2,B01
202000020561,1,10,,0,2,4,2,C01
202000020562,3,7,,4,2,0,26,A01
202000020562,3,7,,0,2,1,1,B01
202000020563,0,2,,0,2,1,2,B01
202000020563,0,2,,0,2,8,10,A01
202000020564,2,7,,1,2,5,0,B01
202000020564,2,31,,1,2,1,3,A01
202000020565,1,7,,0,1,1,11,A01
202000020566,2,7,,0,2,1,1,B01
202000020566,2,32,,0,2,1,1,A01
202000020567,1,7,,4,2,0,0,C01
202000020567,1,7,,4,2,0,0,D01
202000020567,1,7,,4,2,0,0,B01
202000020567,1,7,,4,2,0,0,A01
202000020568,1,7,,0,2,1,13,A01
202000020568,2,2,,0,2,1,1,B01
202000020569,1,7,,4,2,1,17,A01
202000020569,1,10,,0,2,3,1,B01
202000020570,1,7,,0,1,1,1,A01
202000020571,3,7,,0,2,3,15,A01
202000020571,3,33,,0,2,8,1,B01
202000020572,2,7,,0,2,1,5,A01
202000020572,1,7,,0,2,1,1,B01
202000020573,3,30,,12,0,0,0,A01
202000020574,1,7,,6,0,1,1,A01
202000020575,0,7,,0,0,9,1,A01
202000020576,0,7,,0,1,2,1,A01
202000020577,2,7,,0,1,2,1,A01
202000020578,0,33,,0,1,1,17,A01
202000020579,0,2,,0,2,1,16,A01
202000020579,2,7,,0,2,3,1,B01
202000020580,2,7,,0,2,2,15,B01
202000020580,2,7,,0,2,2,16,A01
202000020581,1,7,,0,1,1,1,A01
202000020582,3,7,,0,2,6,5,B01
202000020582,3,7,,0,2,3,15,A01
202000020583,1,7,,8,0,1,14,A01
202000020584,1,1,,0,2,8,1,B01
202000020584,1,7,,0,2,2,17,A01
202000020585,1,31,,0,2,4,2,B01
202000020585,1,7,,0,2,1,2,A01
202000020586,1,30,,1,0,0,14,A01
202000020586,1,7,,0,0,8,24,B01
202000020587,1,7,,0,2,7,16,A01
202000020587,1,14,,0,2,3,1,B01
202000020588,3,7,,0,2,3,15,B01
202000020588,3,30,,0,2,0,17,A01
202000020589,1,30,,0,0,7,1,A01
202000020590,3,30,,0,0,0,1,A01
202000020591,1,7,,0,2,4,23,B01
202000020591,1,7,,0,2,1,2,A01
202000020592,1,7,,0,2,1,20,A01
202000020592,1,30,,0,2,7,1,M01
202000020593,1,30,,0,2,1,2,A01
202000020593,1,10,,0,2,3,0,B01
202000020594,3,7,,0,2,4,2,A01
202000020594,3,1,,0,2,4,2,B01
202000020595,1,1,,0,2,1,1,B01
202000020595,1,7,,0,2,3,15,A01
202000020596,3,80,,0,2,1,1,B01
202000020596,3,31,,0,9,5,16,A01
202000020597,1,7,,0,2,5,2,C01
202000020597,1,7,,0,2,4,2,B01
202000020597,1,10,,0,2,1,2,A01
202000020597,1,7,,0,2,4,2,E01
202000020597,1,7,,0,2,6,2,D01
202000020598,1,80,,0,0,1,1,A01
202000020599,2,7,,0,2,8,10,A01
202000020599,2,33,,0,2,1,1,B01
202000020600,0,7,,0,9,1,15,A01
202000020600,1,1,,6,2,8,1,B01
202000020601,1,7,,0,2,8,1,B01
202000020601,2,7,,0,2,8,15,A01
202000020602,0,7,,0,2,3,0,A01
202000020602,0,7,,6,2,1,5,Z01
202000020603,0,2,,0,0,3,1,A01
202000020604,1,20,,0,2,3,21,A01
202000020604,1,20,,0,2,5,1,B01
202000020605,1,7,,16,0,4,15,B01
202000020605,1,7,,0,2,1,26,A01
202000020606,3,7,,0,1,1,1,A01
202000020607,1,7,,0,2,6,23,B01
202000020607,1,33,,0,2,1,1,A01
202000020608,2,99,,8,0,1,13,A01
202000020609,3,16,,0,2,7,13,A01
202000020609,0,33,,0,2,1,1,B01
202000020610,2,7,,0,1,3,2,B01
202000020611,2,7,,0,2,4,2,C01
202000020611,2,10,,0,2,4,2,B01
202000020611,2,7,,0,2,1,2,A01
202000020612,2,7,,0,2,4,4,A01
202000020612,2,1,,0,2,2,1,B01
202000020613,2,7,,0,2,1,1,B01
202000020613,1,7,,0,2,1,13,A01
202000020614,3,7,,0,0,2,14,A01
202000020615,1,1,,0,2,0,2,B01
202000020615,1,7,,0,9,1,1,Z01
202000020616,1,1,,0,2,3,1,A01
202000020616,3,32,,0,2,2,1,B01
202000020617,1,7,,0,2,3,13,A01
202000020617,1,33,,12,2,2,1,B01
202000020618,2,50,,0,2,4,2,B01
202000020618,2,7,,0,2,1,2,A01
202000020619,1,30,,0,2,3,1,A01
202000020619,1,31,,0,2,0,16,Z01
202000020620,1,7,,0,2,6,23,C01
202000020620,1,7,,0,2,4,23,B01
202000020620,1,7,,0,2,1,2,A01
202000020621,1,33,,0,2,1,2,A01
202000020621,1,7,,0,2,6,23,B01
202000020622,1,14,,1,0,3,13,A01
202000020623,1,7,,0,2,2,2,B01
202000020623,1,7,,0,2,4,4,A01
202000020624,1,7,,0,1,1,16,A01
202000020625,2,33,,0,2,1,2,A01
202000020625,2,33,,0,2,4,23,B01
202000020625,2,33,,0,2,4,23,C01
202000020626,2,7,,0,2,2,10,A01
202000020626,1,33,,0,2,2,1,B01
202000020627,2,7,,0,1,1,1,A01
202000020628,1,43,,14,0,0,16,A01
202000020629,1,50,,0,1,2,25,A01
202000020630,3,30,,0,0,0,7,A01
202000020631,1,50,,0,0,0,1,A01
202000020632,1,7,,0,2,2,19,A01
202000020632,2,37,1.0,0,2,3,1,B01
202000020633,3,7,,0,1,1,1,A01
202000020634,1,7,,0,2,7,19,A01
202000020634,2,32,,0,2,1,1,B01
202000020635,0,37,1.0,0,1,2,21,A01
202000020636,3,7,,0,2,4,2,B01
202000020636,3,7,,0,2,1,2,A01
202000020637,1,7,,0,2,1,1,A01
202000020637,1,7,,0,2,1,1,B01
202000020638,3,7,,9,0,1,16,A01
202000020639,1,7,,0,0,4,2,C01
202000020639,2,7,,0,0,0,2,B01
202000020639,2,7,,0,2,1,9,A01
202000020640,0,31,,0,2,3,2,A01
202000020640,0,7,,0,2,2,15,B01
202000020641,1,7,,0,2,5,10,A01
202000020641,1,33,,0,2,1,1,B01
202000020642,3,10,,0,2,1,15,A01
202000020642,3,34,,0,2,1,1,B01
202000020643,2,7,,1,0,7,1,A01
202000020643,2,7,,0,2,3,24,B01
202000020644,-1,33,,0,0,1,26,A01
202000020645,1,7,,0,9,1,9,A01
202000020645,2,1,,0,2,8,1,AY01
202000020646,2,7,,8,1,1,9,A01
202000020647,1,30,,0,1,7,18,A01
202000020648,1,7,,0,9,8,19,A01
202000020648,2,60,,0,2,1,1,B01
202000020649,1,7,,0,9,2,1,A01
202000020649,1,1,,0,2,1,1,B01
202000020650,1,7,,13,2,9,1,B01
202000020650,3,7,,2,2,7,2,A01
202000020651,2,7,,0,2,1,15,A01
202000020651,1,1,,0,2,1,1,B01
202000020652,1,33,,6,0,1,19,A01
202000020653,2,33,,0,2,1,14,A01
202000020653,2,7,,0,0,6,0,B01
202000020654,1,7,,0,1,4,4,A01
202000020655,1,80,,0,0,4,25,B01
202000020655,2,7,,0,9,2,1,C01
202000020655,1,7,,3,2,2,25,A01
202000020656,2,7,,0,2,1,5,A01
202000020656,1,7,,0,2,1,21,B01
202000020657,2,7,,0,2,2,15,B01
202000020657,2,7,,0,2,1,1,A01
202000020658,3,1,,0,9,0,1,B01
202000020658,3,1,,0,0,8,13,A01
202000020659,1,33,,0,0,8,1,A01
202000020660,2,1,,0,2,6,15,B01
202000020660,2,1,,0,9,1,1,A01
202000020661,3,7,,0,2,3,15,A01
202000020661,0,33,,0,2,3,1,B01
202000020662,3,7,,0,2,3,19,B01
202000020662,3,33,,0,2,1,1,A01
202000020663,1,7,,2,0,1,1,A01
202000020664,1,7,,0,2,3,1,A01
202000020664,2,7,,0,2,3,1,B01
202000020665,1,33,,0,2,3,13,A01
202000020665,2,7,,0,2,3,1,B01
202000020666,1,21,,0,2,3,15,B01
202000020666,1,2,,0,2,7,17,A01
202000020667,1,1,,0,0,0,1,A01
202000020668,1,7,,0,0,2,1,A01
202000020669,1,31,,13,0,8,1,A01
202000020670,1,7,,3,0,9,1,A01
202000020671,2,31,,0,2,3,1,B01
202000020671,1,7,,9,2,3,1,A01
202000020672,1,7,,0,0,1,13,A01
202000020673,2,7,,0,2,5,1,A01
202000020673,3,1,,0,2,1,19,B01
202000020674,2,33,,0,2,8,13,A01
202000020674,1,33,,0,2,8,1,B01
202000020675,1,7,,13,0,9,13,A01
202000020676,1,2,,0,0,4,15,A01
202000020676,2,7,,0,0,2,1,B01
202000020677,1,33,,16,0,0,1,A01
202000020678,3,7,,0,0,4,23,B01
202000020678,3,7,,0,2,4,23,C01
202000020678,3,7,,0,2,1,1,A01
202000020678,3,7,,0,2,4,23,D01
202000020679,0,7,,6,2,1,13,B01
202000020679,0,7,,0,0,8,13,A01
202000020680,3,1,,0,2,1,1,B01
202000020680,3,7,,0,2,6,1,A01
202000020681,2,7,,0,2,3,15,A01
202000020681,1,1,,0,2,1,1,B01
202000020682,1,33,,0,6,3,1,A01
202000020683,2,1,,0,2,1,1,B01
202000020683,1,7,,0,2,1,15,A01
202000020684,1,7,,0,2,4,0,B01
202000020684,1,7,,0,2,1,0,A01
202000020685,2,7,,15,2,5,0,A01
202000020685,2,7,,0,2,3,1,B01
202000020686,2,33,,0,2,1,1,B01
202000020686,1,7,,0,0,1,5,A01
202000020687,2,7,,16,0,9,14,A01
202000020688,2,7,,3,2,2,13,A01
202000020688,1,7,,0,2,2,5,B01
202000020689,1,7,,0,2,8,1,A01
202000020689,2,1,,0,2,8,1,B01
202000020690,1,33,,8,0,7,17,A01
202000020691,0,20,,0,2,3,1,B01
202000020691,0,31,,0,2,1,19,A01
202000020692,2,7,,6,0,2,0,A01
202000020693,1,99,,0,2,1,9,A01
202000020693,1,15,,0,2,2,1,B01
202000020694,2,33,,0,2,1,1,A01
202000020694,2,7,,0,2,6,9,B01
202000020695,2,7,,4,2,3,1,B01
202000020695,1,7,,4,2,3,5,A01
202000020696,2,33,,0,0,4,1,A01
202000020697,2,7,,0,2,3,15,A01
202000020697,1,7,,0,2,3,1,B01
202000020698,1,2,,16,0,7,1,A01
202000020699,2,7,,13,0,2,1,A01
202000020700,2,33,,13,0,1,0,A01
202000020701,1,7,,0,2,7,12,B01
202000020701,1,33,,0,2,8,3,A01
202000020702,2,33,,0,2,2,3,B01
202000020702,2,7,,0,2,6,1,A01
202000020703,2,7,,0,2,8,11,A01
202000020703,2,43,,0,2,7,1,B01
202000020704,2,7,,0,2,4,2,B01
202000020704,2,7,,0,2,1,2,A01
202000020705,1,7,,0,2,4,2,B01
202000020705,1,7,,0,2,1,2,A01
202000020706,1,7,,0,2,4,1,C01
202000020706,1,7,,0,2,4,1,B01
202000020706,1,7,,0,2,1,21,A01
202000020707,1,10,,0,2,2,14,A01
202000020707,1,15,,0,2,6,1,C01
202000020707,1,32,,0,2,1,3,B01
202000020708,2,7,,0,2,4,2,C01
202000020708,2,10,,0,2,4,2,B01
202000020708,2,7,,0,2,1,2,A01
202000020709,1,7,,3,0,2,26,A01
202000020710,2,7,,0,0,9,26,A01
202000020711,2,33,,0,0,8,21,A01
202000020712,3,35,,0,0,0,26,A01
202000020713,1,33,,0,2,1,17,A01
202000020713,1,7,,0,2,6,20,B01
202000020714,2,33,,13,0,1,1,A01
202000020715,1,30,,0,0,8,1,A01
202000020716,2,7,,0,9,1,26,A01
202000020716,1,1,,0,2,4,25,B01
202000020717,2,7,,0,2,2,10,A01
202000020717,0,33,,0,2,1,2,B01
202000020718,3,31,,0,2,1,2,B01
202000020718,3,7,,0,2,4,26,A01
202000020719,2,10,,0,2,3,13,A01
202000020719,2,33,,0,2,1,1,B01
202000020720,3,7,,0,2,8,9,A01
202000020720,1,1,,0,2,1,1,B01
202000020721,3,30,,1,1,3,26,A01
202000020722,0,7,,0,2,1,2,B01
202000020722,0,7,,0,2,2,20,A01
202000020723,3,10,,0,2,1,1,B01
202000020723,3,33,,0,2,2,1,A01
202000020724,1,7,,1,0,3,10,A01
202000020724,2,7,,0,2,6,24,B01
202000020725,1,30,,0,0,0,1,A01
202000020726,3,33,,0,2,1,1,A01
202000020726,3,10,,0,2,8,1,B01
202000020727,1,30,,0,0,0,14,A01
202000020728,0,7,,0,1,1,1,A01
202000020729,2,33,,0,2,1,1,B01
202000020729,2,13,,0,2,4,23,A01
202000020730,1,15,,0,2,4,23,B01
202000020730,1,7,,0,2,1,1,A01
202000020731,1,7,,0,2,1,1,A01
202000020731,1,7,,0,2,4,1,B01
202000020732,2,7,,0,2,1,13,A01
202000020732,1,10,,0,2,7,13,B01
202000020733,3,2,,0,2,1,2,B01
202000020733,3,7,,0,2,4,23,A01
202000020734,0,7,,0,2,1,1,A01
202000020734,0,7,,0,2,1,0,B01
202000020735,-1,7,,0,2,1,0,C01
202000020735,-1,7,,0,2,1,1,A01
202000020735,-1,7,,0,2,1,0,B01
202000020736,1,7,,0,1,1,1,A01
202000020737,1,10,,0,1,4,4,A01
202000020738,1,7,,0,2,2,16,A01
202000020738,1,1,,0,2,1,1,B01
202000020739,3,1,,0,2,0,1,A01
202000020739,3,7,,0,9,0,0,Z01
202000020740,1,7,,0,9,1,16,A01
202000020740,3,1,,0,2,8,19,B01
202000020741,1,7,,0,2,3,13,A01
202000020741,2,7,,0,2,3,1,B01
202000020741,1,7,,0,2,3,1,C01
202000020742,1,7,,0,2,1,2,A01
202000020742,1,7,,0,2,4,2,B01
202000020743,0,7,,0,2,3,1,B01
202000020743,0,32,,0,2,1,19,A01
202000020744,2,7,,0,2,6,15,B01
202000020744,2,33,,0,2,8,21,A01
202000020745,3,7,,0,2,3,1,B01
202000020745,3,30,,0,2,3,13,A01
202000020746,1,7,,0,1,3,1,A01
202000020747,1,7,,0,2,2,13,A01
202000020747,2,7,,0,2,2,1,B01
202000020748,2,1,,0,2,1,9,B01
202000020748,1,7,,0,2,2,1,A01
202000020749,3,7,,0,1,4,4,A01
202000020750,2,30,,0,0,0,21,B01
202000020750,1,7,,0,0,0,9,A01
202000020751,3,1,,1,0,1,1,B01
202000020751,3,7,,0,0,0,23,A01
202000020752,1,7,,0,2,1,15,A01
202000020752,2,50,,0,2,1,1,B01
202000020753,1,2,,0,2,1,2,B01
202000020753,1,10,,0,2,4,4,A01
202000020754,1,7,,0,2,1,2,A01
202000020754,1,33,,0,2,4,1,B01
202000020755,2,7,,6,0,1,1,A01
202000020756,0,32,,13,0,7,13,A01
202000020757,1,80,,0,2,9,0,A01
202000020757,1,7,,0,2,3,0,B01
202000020758,3,2,,0,2,1,1,B01
202000020758,3,7,,0,2,3,15,A01
202000020759,0,1,,0,2,1,10,B01
202000020759,0,30,,0,2,1,17,A01
202000020760,3,7,,0,2,3,14,A01
202000020760,3,2,,0,2,3,2,B01
202000020760,3,7,,0,2,6,2,C01
202000020761,2,7,,0,2,3,9,A01
202000020761,2,30,,0,2,3,1,B01
202000020762,2,10,,0,2,0,0,A01
202000020762,1,7,,0,2,1,13,B01
202000020763,1,7,,0,2,1,1,A01
202000020763,1,7,,0,2,4,1,B01
202000020764,2,7,,0,0,1,14,A01
202000020765,2,31,,0,0,6,26,A01
202000020766,1,7,,0,2,1,19,A01
202000020766,1,7,,9,0,8,1,B01
202000020767,2,30,,14,2,7,15,A01
202000020767,1,7,,0,2,1,1,B01
202000020768,1,1,,0,1,1,1,A01
202000020769,3,1,,0,2,1,19,A01
202000020769,1,7,,0,2,3,1,B01
202000020770,0,7,,0,1,0,26,Z01
202000020771,1,37,1.0,0,2,4,2,B01
202000020771,1,33,,0,2,1,2,A01
202000020772,0,33,,0,0,9,0,A01
202000020773,2,2,,0,2,8,15,B01
202000020773,1,7,,0,2,1,16,A01
202000020774,3,10,,0,2,1,15,A01
202000020774,3,1,,0,2,1,26,B01
202000020775,0,7,,13,0,2,21,A01
202000020776,3,7,,0,0,2,1,B01
202000020776,3,35,,0,2,3,11,A01
202000020777,3,7,,0,0,4,23,B01
202000020777,3,30,,0,2,1,1,A01
202000020778,1,7,,0,1,3,15,A01
202000020779,2,7,,11,1,1,17,A01
202000020780,3,7,,0,2,3,1,A01
202000020780,1,7,,0,2,7,0,B01
202000020781,2,7,,0,2,2,1,A01
202000020781,1,32,,0,2,1,16,B01
202000020782,3,7,,0,2,3,26,A01
202000020782,2,1,,0,2,1,1,B01
202000020783,1,60,,0,2,1,1,B01
202000020783,1,7,,0,2,1,1,A01
202000020784,3,7,,0,2,8,1,D01
202000020784,3,7,,0,2,8,1,B01
202000020785,3,7,,0,2,4,1,B01
202000020785,3,7,,0,2,1,1,Z01
202000020786,1,33,,5,0,8,1,A01
202000020787,1,2,,0,2,1,1,B01
202000020787,2,7,,0,2,2,1,A01
202000020788,0,7,,0,2,2,1,A01
202000020788,3,7,,0,2,4,1,B01
202000020789,1,1,,0,2,2,16,B01
202000020789,1,7,,0,2,3,1,A01
202000020790,1,50,,0,2,1,2,B01
202000020790,1,7,,0,2,7,15,A01
202000020791,2,7,,0,2,1,1,B01
202000020791,1,7,,2,2,1,13,A01
202000020792,1,2,,0,2,1,1,A01
202000020792,1,7,,0,2,7,16,B01
202000020793,2,7,,0,1,3,15,A01
202000020794,2,7,,0,2,3,9,A01
202000020794,1,1,,0,2,1,1,B01
202000020795,1,7,,0,2,4,1,B01
202000020795,1,7,,0,2,1,1,A01
202000020796,1,7,,0,1,7,15,A01
202000020797,2,30,,0,2,3,3,A01
202000020797,2,7,,0,2,5,23,B01
202000020798,1,7,,0,1,3,15,A01
202000020799,1,7,,0,2,5,0,B01
202000020799,1,2,,0,2,9,0,A01
202000020800,1,7,,0,2,7,0,B01
202000020800,1,7,,0,2,1,0,A01
202000020801,1,7,,0,2,1,0,B01
202000020801,1,7,,0,2,8,0,A01
202000020802,2,7,,0,2,2,12,A01
202000020802,2,7,,0,2,0,1,B01
202000020803,1,7,,0,2,3,15,A01
202000020803,1,7,,0,2,1,17,B01
202000020804,1,50,,0,2,7,19,A01
202000020804,2,7,,0,9,1,16,B01
202000020805,3,7,,9,0,1,26,A01
202000020806,1,7,,0,2,7,1,A01
202000020806,1,7,,0,2,1,1,B01
202000020807,2,7,,0,2,4,2,B01
202000020807,2,7,,0,2,1,2,A01
202000020808,1,30,,8,0,1,21,A01
202000020809,0,7,,4,2,4,1,A01
202000020809,0,7,,0,2,1,2,B01
202000020810,0,7,,0,2,5,1,A01
202000020810,0,31,,0,2,1,1,B01
202000020811,1,7,,1,1,1,2,A01
202000020812,2,21,,0,2,5,2,A01
202000020812,2,1,,0,2,1,2,B01
202000020813,2,1,,0,2,4,1,B01
202000020813,1,7,,0,2,3,15,A01
202000020814,1,7,,0,2,4,23,B01
202000020814,1,33,,0,2,1,2,A01
202000020815,2,1,,0,2,8,26,B01
202000020815,2,15,,0,2,7,1,A01
202000020816,1,7,,0,2,7,15,A01
202000020816,2,2,,0,2,1,1,B01
202000020817,1,10,,2,0,1,13,A01
202000020818,2,7,,0,2,3,9,A01
202000020818,2,7,,0,2,2,1,B01
202000020819,0,2,,0,2,3,26,B01
202000020820,0,7,,0,0,6,1,B01
202000020820,0,7,,0,2,1,1,A01
202000020821,2,7,,0,2,3,1,B01
202000020821,2,30,,0,2,1,17,A01
202000020822,1,7,,0,1,2,1,Z01
202000020823,1,7,,0,2,7,15,A01
202000020823,2,31,,0,2,1,1,B01
202000020824,2,7,,0,2,3,1,B01
202000020824,1,7,,0,2,3,13,A01
202000020825,2,7,,0,2,3,1,B01
202000020825,2,1,,0,2,1,1,Z01
202000020826,3,2,,0,4,8,0,B01
202000020826,3,39,,0,2,1,26,A01
202000020827,1,2,,0,2,1,17,B01
202000020827,1,3,,0,2,6,23,A01
202000020828,3,7,,0,2,1,15,Z01
202000020828,3,33,,0,2,8,15,A01
202000020829,1,10,,0,2,6,1,B01
202000020829,2,7,,0,2,3,13,A01
202000020830,2,7,,0,2,1,1,B01
202000020830,2,7,,0,2,3,9,A01
202000020831,3,7,,0,2,3,1,B01
202000020831,1,7,,0,2,1,1,A01
202000020832,1,7,,0,2,5,2,B01
202000020832,1,2,,0,2,1,2,A01
202000020833,1,7,,0,1,2,1,A01
202000020834,1,30,,0,1,1,17,A01
202000020835,1,10,,0,2,1,16,A01
202000020835,1,32,,0,2,8,1,B01
202000020836,0,10,,0,1,6,4,A01
202000020837,1,32,,0,1,1,16,Z01
202000020838,2,1,,0,2,2,1,A01
202000020838,1,7,,0,2,1,16,Z01
202000020839,1,37,1.0,0,2,5,11,B01
202000020839,1,1,,16,2,6,13,A01
202000020840,2,1,,0,2,8,19,B01
202000020840,1,33,,0,2,1,1,A01
202000020841,1,7,,1,0,2,14,A01
202000020842,1,1,,0,2,5,1,B01
202000020842,1,7,,0,2,3,9,A01
202000020843,1,10,,0,1,1,15,A01
202000020844,1,7,,0,2,1,1,A01
202000020844,1,7,,0,2,6,1,B01
202000020845,1,33,,0,1,2,1,A01
202000020846,2,50,,0,1,8,1,A01
202000020847,1,7,,2,0,1,14,A01
202000020848,1,7,,0,2,8,10,A01
202000020848,1,34,,0,2,7,1,B01
202000020849,3,33,,0,2,1,1,B01
202000020849,3,1,,0,2,2,1,A01
202000020850,1,7,,0,1,1,1,A01
202000020851,1,7,,0,1,6,1,A01
202000020852,2,10,,0,1,0,1,A01
202000020853,1,7,,0,1,1,1,A01
202000020854,1,1,,0,2,3,25,B01
202000020854,2,7,,0,9,2,9,A01
202000020855,1,7,,0,1,2,1,A01
202000020856,2,33,,0,2,1,2,B01
202000020856,1,7,,0,2,5,10,A01
202000020857,1,7,,0,2,8,1,B01
202000020857,2,7,,0,2,1,15,A01
202000020858,3,30,,0,2,1,0,B01
202000020858,3,7,,1,0,3,17,A01
202000020859,3,99,,0,1,4,20,A01
202000020860,2,7,,0,2,3,15,B01
202000020860,2,34,,0,2,2,17,A01
202000020861,2,7,,0,0,0,22,A01
202000020862,0,33,,0,2,8,3,B01
202000020862,0,7,,0,2,2,1,A01
202000020863,-1,7,,0,2,1,15,A01
202000020863,-1,50,,0,2,8,19,B01
202000020864,1,7,,0,0,4,1,B01
202000020864,1,7,,0,0,1,1,A01
202000020865,1,34,,0,2,4,15,A01
202000020865,1,7,,0,2,1,2,B01
202000020866,2,7,,0,2,7,21,A01
202000020866,2,7,,0,2,0,0,B01
202000020867,2,0,,0,2,1,1,A01
202000020867,2,7,,0,2,4,1,B01
202000020867,2,7,,0,2,4,1,C01
202000020867,2,7,,0,2,4,1,D01
202000020868,0,99,,0,2,1,1,A01
202000020868,3,7,,0,2,3,1,B01
202000020869,3,7,,0,2,1,1,A01
202000020869,3,30,,0,2,4,23,B01
202000020870,2,7,,0,9,3,15,A01
202000020870,2,31,,0,2,5,1,B01
202000020871,1,80,,0,2,2,1,B01
202000020871,1,7,,0,2,0,13,A01
202000020872,1,33,,0,1,1,1,A01
202000020873,2,33,,0,2,1,18,A01
202000020873,2,7,,0,2,2,16,B01
202000020874,2,17,,0,2,3,1,B01
202000020874,1,7,,0,2,3,13,A01
202000020875,2,7,,0,2,1,1,B01
202000020875,2,7,,0,2,6,0,A01
202000020876,1,7,,5,0,2,0,A01
202000020877,2,7,,0,2,3,13,B01
202000020877,1,7,,0,2,3,1,A01
202000020878,2,1,,0,1,8,1,C01
202000020878,1,33,,0,2,1,13,A01
202000020878,2,7,,0,2,3,1,B01
202000020879,2,33,,0,2,1,1,B01
202000020879,2,7,,0,2,2,15,A01
202000020880,2,15,,0,0,6,1,B01
202000020880,2,7,,3,2,1,2,A01
202000020881,3,7,,16,0,0,13,A01
202000020882,1,7,,0,1,1,1,A01
202000020883,1,10,,0,0,4,1,B01
202000020883,1,31,,0,2,1,1,A01
202000020884,1,7,,0,0,0,1,A01
202000020885,2,7,,0,2,1,1,B01
202000020885,1,10,,0,2,1,17,A01
202000020886,2,7,,8,0,3,0,A01
202000020887,1,7,,6,0,2,1,A01
202000020888,2,1,,0,2,5,1,B01
202000020888,2,7,,0,9,3,9,A01
202000020889,2,7,,0,2,3,1,B01
202000020889,1,2,,0,2,7,6,A01
202000020890,1,7,,0,2,1,5,B01
202000020890,2,7,,0,2,1,5,A01
202000020891,2,7,,0,2,1,13,A01
202000020891,1,7,,0,2,1,1,B01
202000020892,0,7,,0,2,2,1,B01
202000020892,0,7,,0,2,3,1,A01
202000020893,2,7,,0,2,3,13,A01
202000020893,1,7,,0,2,3,1,B01
202000020894,2,33,,0,2,1,1,B01
202000020894,1,7,,0,2,3,19,A01
202000020895,2,7,,13,0,3,16,A01
202000020896,2,2,,13,0,7,0,A01
202000020897,3,7,,0,2,1,16,A01
202000020897,3,2,,0,2,1,1,B01
202000020898,2,7,,7,0,1,0,A01
202000020899,2,36,,9,0,1,1,A01
202000020900,1,21,,0,2,3,1,B01
202000020900,2,33,,0,2,1,13,A01
202000020901,2,7,,5,9,2,1,A01
202000020902,2,7,,0,2,1,1,B01
202000020902,1,33,,0,2,9,16,A01
202000020903,3,10,,0,1,1,15,A01
202000020904,2,7,,0,2,2,1,B01
202000020904,1,7,,0,2,7,17,A01
202000020905,2,7,,13,0,1,1,A01
202000020906,1,7,,13,0,2,1,A01
202000020907,2,7,,0,2,2,2,A01
202000020907,2,7,,0,0,6,2,B01
202000020908,2,7,,0,2,1,2,A01
202000020908,2,7,,0,0,4,23,B01
202000020909,1,33,,0,0,3,16,A01
202000020910,2,7,,0,2,2,0,B01
202000020910,1,7,,0,2,8,1,A01
202000020911,3,7,,0,0,9,1,A01
202000020912,1,7,,13,0,9,0,A01
202000020913,3,7,,0,1,4,20,A01
202000020914,1,7,,0,1,2,1,A01
202000020915,2,33,,0,0,7,1,A01
202000020916,1,7,,0,2,1,1,A01
202000020916,1,7,,0,0,4,1,B01
202000020917,1,33,,0,0,2,17,A01
202000020918,1,33,,13,0,1,13,A01
202000020919,2,32,,8,0,0,10,A01
202000020920,2,7,,0,2,8,15,B01
202000020920,2,31,,0,2,2,0,A01
202000020921,1,1,,0,0,0,0,A01
202000020922,2,7,,0,2,3,15,A01
202000020922,2,33,,0,2,1,17,B01
202000020923,2,7,,0,2,3,1,A01
202000020923,1,7,,0,2,3,1,B01
202000020924,1,7,,0,2,1,0,C01
202000020924,1,7,,0,2,4,0,B01