Num_Acc,senc,catv,occutc,obs,obsm,choc,manv,num_veh
202000020924,1,7,,0,2,4,0,A01
202000020925,1,7,,0,2,2,1,A01
202000020925,1,7,,0,2,6,18,C01
202000020925,1,7,,0,2,6,1,B01
202000020926,2,32,,0,2,1,3,A01
202000020926,2,7,,0,2,4,1,B01
202000020927,2,7,,0,2,4,1,D01
202000020927,2,7,,0,2,1,1,A01
202000020927,2,7,,0,2,4,1,B01
202000020927,2,7,,0,2,4,1,C01
202000020928,2,7,,0,2,4,2,B01
202000020928,2,7,,0,2,1,1,A01
202000020929,2,7,,0,2,1,2,A01
202000020929,2,7,,0,2,4,1,B01
202000020929,2,10,,0,2,4,2,C01
202000020930,1,7,,0,2,8,11,A01
202000020930,1,7,,0,2,2,1,B01
202000020931,1,33,,0,2,3,1,B01
202000020931,1,7,,0,2,0,12,A01
202000020932,1,7,,0,2,2,2,B01
202000020932,1,7,,0,2,1,2,A01
202000020933,3,7,,0,2,0,0,B01
202000020933,3,7,,0,2,1,1,A01
202000020934,2,7,,0,2,1,1,A01
202000020934,2,7,,0,2,4,1,C01
202000020934,2,7,,0,2,4,1,B01
202000020935,1,7,,0,2,4,0,B01
202000020935,2,10,,15,0,1,26,A01
202000020936,1,7,,0,2,1,0,A01
202000020936,1,7,,0,2,4,2,B01
202000020937,2,10,,0,2,4,1,C01
202000020937,2,7,,0,2,6,23,B01
202000020937,2,7,,0,2,1,1,A01
202000020938,2,7,,0,2,6,1,D01
202000020938,2,43,,0,2,1,1,C01
202000020938,2,7,,0,2,4,1,B01
202000020938,2,34,,0,2,1,3,A01
202000020939,1,7,,0,2,2,1,C01
202000020939,1,32,,0,2,4,2,B01
202000020939,1,33,,0,2,1,2,A01
202000020940,2,10,,0,2,1,2,A01
202000020940,2,7,,0,2,4,2,D01
202000020940,2,7,,0,2,4,2,C01
202000020940,2,7,,0,2,4,2,B01
202000020941,1,10,,0,2,7,1,A01
202000020941,3,10,,0,2,1,0,C01
202000020941,1,10,,0,2,1,3,B01
202000020942,1,2,,12,0,1,26,A01
202000020943,1,32,,0,2,1,9,A01
202000020943,3,7,,0,2,7,9,B01
202000020943,1,7,,0,2,6,0,C01
202000020943,1,7,,0,2,2,0,D01
202000020944,1,7,,0,2,6,19,B01
202000020944,1,33,,0,2,1,26,A01
202000020945,0,32,,0,2,7,16,B01
202000020945,0,2,,0,2,8,2,A01
202000020946,1,7,,0,1,3,1,A01
202000020947,1,7,,0,2,3,15,B01
202000020947,1,2,,0,2,2,15,A01
202000020948,2,10,,0,2,4,20,A01
202000020948,2,1,,0,2,1,0,B01
202000020949,2,1,,0,2,1,2,B01
202000020949,2,7,,0,2,3,15,A01
202000020950,1,7,,0,1,2,1,A01
202000020951,3,40,,0,1,1,1,A01
202000020952,2,7,,0,1,1,1,A01
202000020953,3,2,,0,2,0,0,B01
202000020953,2,10,,0,2,6,9,A01
202000020954,2,7,,0,1,2,15,A01
202000020955,1,7,,0,2,3,1,B01
202000020955,1,7,,0,2,2,19,A01
202000020956,1,7,,0,1,2,1,A01
202000020957,1,99,,0,1,0,26,A01
202000020958,1,3,,8,0,8,13,A01
202000020959,1,7,,0,9,3,10,A01
202000020959,1,1,,0,2,1,1,B01
202000020960,3,1,,0,2,4,1,B01
202000020960,3,7,,0,2,1,9,A01
202000020961,3,7,,0,2,1,9,A01
202000020961,3,1,,0,2,7,1,B01
202000020962,2,7,,0,1,1,9,A01
202000020963,2,7,,0,1,1,1,A01
202000020964,1,7,,0,2,4,13,B01
202000020964,1,10,,0,2,1,26,A01
202000020965,3,7,,0,1,1,1,A01
202000020966,3,7,,0,2,3,15,A01
202000020966,3,33,,0,2,1,1,B01
202000020967,2,7,,0,1,2,16,A01
202000020968,2,7,,0,2,1,1,A01
202000020968,2,7,,0,2,4,1,B01
202000020969,2,10,,0,1,1,1,A01
202000020970,0,7,,0,2,0,0,B01
202000020970,3,7,,0,2,2,26,A01
202000020971,1,10,,0,1,2,26,A01
202000020972,1,10,,0,2,1,1,A01
202000020972,1,7,,0,2,3,15,B01
202000020973,1,7,,0,2,1,1,A01
202000020973,2,1,,0,2,7,19,B01
202000020974,3,7,,0,1,1,1,A01
202000020975,0,30,,0,2,1,17,B01
202000020975,0,30,,0,2,0,0,A01
202000020976,2,7,,0,2,1,16,A01
202000020976,1,1,,0,2,7,21,B01
202000020977,1,2,,0,2,7,14,A01
202000020977,1,7,,0,2,6,1,B01
202000020978,3,7,,0,2,2,1,B01
202000020978,3,7,,0,2,1,19,A01
202000020979,1,2,,6,0,1,1,A01
202000020980,0,7,,0,2,2,0,B01
202000020980,1,33,,1,0,8,1,A01
202000020981,1,10,,0,2,8,13,A01
202000020981,1,7,,0,2,7,1,B01
202000020982,2,7,,0,2,6,1,B01
202000020982,2,31,,0,2,1,3,A01
202000020983,2,10,,0,2,1,1,C01
202000020983,2,10,,3,2,6,1,B01
202000020983,2,15,,0,2,2,12,A01
202000020984,2,7,,0,2,1,1,A01
202000020984,2,7,,0,2,4,2,B01
202000020984,2,7,,0,2,4,2,C01
202000020985,2,32,,0,2,1,13,A01
202000020985,2,10,,0,2,4,1,B01
202000020986,1,7,,0,2,2,14,A01
202000020986,1,33,,0,2,1,3,B01
202000020986,1,7,,0,2,3,1,C01
202000020987,2,34,,0,0,0,26,A01
202000020987,2,7,,0,0,0,0,B01
202000020988,1,33,,0,0,0,21,A01
202000020989,1,33,,0,2,3,18,A01
202000020989,1,7,,0,2,5,1,B01
202000020990,2,7,,0,2,4,2,A01
202000020990,2,7,,0,2,1,1,B01
202000020991,1,7,,3,0,1,13,A01
202000020992,1,7,,0,2,5,12,A01
202000020992,1,32,,0,2,1,3,B01
202000020993,1,7,,0,2,4,2,B01
202000020993,1,7,,0,2,1,2,A01
202000020994,1,15,,0,2,7,0,B01
202000020994,1,7,,0,2,3,0,A01
202000020995,2,7,,4,2,2,21,A01
202000020996,1,33,,0,2,4,2,B01
202000020996,1,42,,0,2,1,2,A01
202000020997,2,33,,0,2,1,3,B01
202000020997,2,7,,0,2,4,11,A01
202000020998,2,7,,0,2,2,1,B01
202000020998,2,7,,0,2,3,11,A01
202000020999,1,33,,1,2,2,1,A01
202000020999,1,10,,0,2,5,1,C01
202000020999,1,7,,0,2,6,24,B01
202000021000,2,13,,16,0,7,1,A01
202000021001,1,31,,0,2,1,3,B01
202000021001,1,7,,0,2,3,15,A01
202000021002,3,1,,0,2,1,1,A01
202000021002,3,7,,0,2,0,0,B01
202000021003,2,7,,0,0,7,20,B01
202000021003,2,30,,0,2,1,18,A01
202000021004,1,10,,0,2,1,1,A01
202000021004,2,7,,0,2,5,1,B01
202000021005,3,7,,0,2,0,15,A01
202000021005,1,33,,0,2,1,1,B01
202000021006,1,33,,0,2,7,1,B01
202000021006,1,7,,0,2,3,15,A01
202000021007,1,32,,0,2,1,17,A01
202000021007,1,7,,0,2,6,15,B01
202000021008,2,7,,0,1,1,26,A01
202000021009,1,7,,0,2,2,15,A01
202000021009,2,31,,0,2,7,1,B01
202000021010,3,7,,0,2,4,23,B01
202000021010,3,7,,0,2,4,23,C01
202000021010,3,7,,0,2,1,1,A01
202000021011,0,31,,0,0,0,-1,A01
202000021012,2,30,,12,0,1,1,A01
202000021013,1,7,,0,1,1,20,A01
202000021014,1,7,,0,1,1,1,A01
202000021015,1,7,,0,2,2,2,A01
202000021015,1,2,,6,2,4,2,B01
202000021016,0,32,,0,2,1,2,B01
202000021016,3,50,,0,2,8,19,A01
202000021017,1,30,,0,2,8,3,B01
202000021017,1,7,,0,2,7,1,A01
202000021018,3,7,,0,2,5,1,B01
202000021018,2,7,,0,2,1,19,A01
202000021019,2,7,,0,2,1,1,B01
202000021019,1,7,,0,2,1,17,A01
202000021020,0,7,,0,1,1,0,Z01
202000021021,1,30,,0,2,1,2,A01
202000021021,1,7,,0,2,0,0,B01
202000021022,0,7,,0,2,1,1,B01
202000021022,0,7,,0,2,3,19,A01
202000021023,3,7,,0,2,4,24,C01
202000021023,2,7,,1,2,1,1,B01
202000021023,2,10,,0,2,6,9,A01
202000021024,1,1,,0,2,1,1,B01
202000021024,2,7,,0,9,1,15,A01
202000021025,1,2,,0,2,1,17,A01
202000021025,1,7,,0,2,3,15,B01
202000021026,3,1,,0,2,0,26,B01
202000021026,3,7,,0,9,4,4,A01
202000021027,2,7,,0,2,6,1,B01
202000021027,2,33,,0,2,1,1,A01
202000021028,1,1,,0,2,3,1,B01
202000021028,2,7,,0,9,2,1,A01
202000021029,2,7,,0,2,2,19,A01
202000021029,1,33,,0,2,1,1,B01
202000021030,2,7,,0,2,8,15,B01
202000021030,2,31,,0,2,2,17,A01
202000021031,1,7,,0,2,1,1,A01
202000021031,3,33,,0,2,7,19,B01
202000021032,0,7,,15,0,2,26,A01
202000021033,3,7,,0,2,1,5,Z01
202000021033,3,7,,0,2,1,0,A01
202000021034,1,1,,0,2,8,1,Y01
202000021034,3,7,,0,9,3,26,A01
202000021035,1,7,,0,2,3,23,B01
202000021035,2,7,,0,2,3,5,A01
202000021036,1,37,1.0,0,1,8,16,A01
202000021037,2,7,,0,2,1,19,B01
202000021037,1,7,,0,2,8,19,A01
202000021038,1,2,,16,0,8,13,A01
202000021039,2,33,,0,2,4,1,B01
202000021039,2,7,,0,2,4,1,C01
202000021039,2,7,,0,2,1,2,A01
202000021040,2,50,,0,1,1,25,A01
202000021041,0,1,,0,2,1,1,B01
202000021041,0,7,,0,2,2,15,A01
202000021042,2,2,,0,2,1,17,A01
202000021042,2,7,,0,9,3,15,B01
202000021043,1,7,,0,9,3,1,A01
202000021043,1,1,,0,2,7,1,B01
202000021044,1,33,,0,0,7,1,A01
202000021045,1,7,,0,1,5,17,A01
202000021046,3,13,,0,2,1,26,A01
202000021046,0,7,,0,2,4,0,B01
202000021047,0,30,,0,2,1,26,A01
202000021047,0,7,,0,2,4,26,B01
202000021048,2,7,,2,0,3,1,A01
202000021049,2,1,,0,1,5,1,A01
202000021050,2,1,,0,2,1,1,B01
202000021050,2,7,,0,2,2,16,A01
202000021051,1,7,,0,2,3,15,A01
202000021051,0,1,,0,2,0,0,B01
202000021052,2,7,,8,2,3,1,A01
202000021052,2,7,,0,2,7,15,B01
202000021053,0,7,,0,2,3,1,B01
202000021053,0,1,,0,2,1,19,A01
202000021054,0,33,,0,2,1,18,B01
202000021054,0,7,,0,2,8,15,A01
202000021055,1,7,,0,2,4,1,B01
202000021055,1,7,,0,2,1,1,A01
202000021056,2,7,,0,2,1,1,B01
202000021056,2,7,,0,2,1,13,A01
202000021057,1,7,,0,0,1,1,A01
202000021058,1,33,,0,2,1,2,A01
202000021058,1,15,,0,2,6,2,B01
202000021059,0,7,,0,0,4,2,B01
202000021059,0,7,,0,2,1,2,A01
202000021060,0,7,,0,1,3,1,A01
202000021061,3,7,,0,1,1,26,A01
202000021062,2,1,,0,2,0,2,B01
202000021062,2,7,,0,2,2,17,A01
202000021063,3,33,,12,0,7,1,A01
202000021064,3,7,,0,2,1,2,A01
202000021064,3,7,,0,0,4,1,B01
202000021065,0,32,,0,0,8,0,A01
202000021066,1,7,,0,2,1,2,A01
202000021066,1,7,,0,2,4,1,B01
202000021067,1,7,,4,0,1,0,A01
202000021068,3,33,,13,0,1,14,A01
202000021069,3,7,,0,1,1,1,A01
202000021070,2,7,,0,2,1,1,A01
202000021070,1,31,,0,2,1,5,B01
202000021071,1,80,,0,2,2,1,B01
202000021071,2,7,,0,2,1,9,A01
202000021072,2,1,,0,2,0,0,B01
202000021072,2,7,,0,2,1,1,A01
202000021073,1,7,,0,2,3,1,B01
202000021073,1,7,,0,2,4,1,C01
202000021073,2,7,,0,2,1,2,A01
202000021074,2,7,,0,2,0,12,Z01
202000021074,2,43,,0,2,8,3,A01
202000021075,1,7,,0,2,1,11,A01
202000021075,1,7,,0,2,4,1,B01
202000021076,1,33,,4,0,8,13,A01
202000021077,1,33,,0,2,7,1,B01
202000021077,1,7,,0,2,3,22,A01
202000021078,3,7,,0,2,1,1,A01
202000021078,3,7,,0,2,4,23,B01
202000021078,3,7,,0,2,4,1,C01
202000021079,2,50,,0,0,0,1,A01
202000021080,1,60,,0,1,4,25,A01
202000021081,2,30,,0,1,1,1,A01
202000021082,2,7,,0,2,1,1,B01
202000021082,2,7,,0,2,2,15,A01
202000021083,1,7,,0,1,1,15,A01
202000021084,1,1,,0,2,1,1,B01
202000021084,1,7,,0,2,3,16,A01
202000021085,2,7,,0,2,2,1,A01
202000021085,2,1,,0,2,8,16,B01
202000021086,2,1,,0,1,1,1,A01
202000021087,3,1,,0,2,1,19,Z01
202000021087,2,31,,0,2,7,1,A01
202000021088,1,7,,2,0,1,14,A01
202000021089,1,7,,0,2,0,12,Z01
202000021089,1,31,,0,2,8,3,A01
202000021090,2,7,,0,2,2,1,A01
202000021090,2,7,,1,2,3,9,B01
202000021091,1,30,,0,2,4,23,B01
202000021091,1,1,,0,2,1,2,A01
202000021092,1,7,,0,2,2,15,A01
202000021092,2,33,,0,2,1,1,B01
202000021093,1,1,,0,2,1,18,A01
202000021093,1,50,,0,2,5,16,B01
202000021094,2,7,,0,1,2,20,A01
202000021095,1,7,,0,2,6,15,A01
202000021095,1,33,,0,2,1,18,B01
202000021096,1,1,,0,2,1,1,Z01
202000021096,1,80,,0,2,4,1,A01
202000021097,1,60,,0,2,1,19,A01
202000021097,1,1,,0,2,1,1,B01
202000021098,1,33,,0,2,1,1,A01
202000021098,1,7,,0,2,8,15,B01
202000021099,3,60,,0,2,0,26,B01
202000021099,3,10,,0,2,3,1,A01
202000021100,1,7,,0,2,3,1,A01
202000021100,1,7,,0,2,1,5,B01
202000021101,2,7,,1,1,3,15,A01
202000021102,1,7,,0,2,7,2,A01
202000021102,1,1,,0,0,8,2,B01
202000021103,1,7,,0,1,3,26,A01
202000021104,0,7,,12,0,2,26,A01
202000021105,3,7,,14,0,1,1,A01
202000021105,3,7,,12,0,4,1,B01
202000021105,3,7,,12,0,4,15,C01
202000021106,-1,33,,0,2,1,0,B01
202000021106,-1,7,,0,2,2,15,A01
202000021107,1,33,,0,2,8,1,A01
202000021107,2,7,,0,2,3,15,B01
202000021108,2,7,,0,1,1,1,A01
202000021109,3,7,,0,0,8,1,B01
202000021109,3,31,,0,2,2,17,A01
202000021110,3,7,,0,2,2,9,A01
202000021110,3,1,,0,0,4,23,B01
202000021111,2,7,,0,1,1,1,X01
202000021112,-1,7,,0,2,1,26,A01
202000021112,-1,1,,0,9,4,26,B01
202000021113,2,37,1.0,0,1,2,1,A01
202000021114,2,33,,14,0,2,1,A01
202000021115,2,33,,0,2,1,17,B01
202000021115,2,7,,0,2,3,15,A01
202000021116,1,13,,1,0,5,26,B01
202000021116,1,31,,1,0,5,9,A01
202000021117,1,20,,0,1,3,26,A01
202000021118,3,7,,0,1,2,1,A01
202000021119,1,33,,0,2,4,11,A01
202000021119,1,30,,0,2,1,1,B01
202000021120,2,30,,2,0,3,13,A01
202000021121,1,7,,0,1,7,1,A01
202000021122,0,2,,0,0,1,0,B01
202000021122,0,7,,0,0,3,16,A01
202000021123,1,7,,0,2,4,2,B01
202000021123,1,7,,0,1,1,2,A01
202000021124,0,33,,0,2,3,1,B01
202000021124,0,7,,0,2,2,16,A01
202000021125,3,31,,0,2,1,1,B01
202000021125,3,7,,0,2,5,15,A01
202000021126,1,7,,0,1,3,1,A01
202000021127,1,30,,0,0,0,21,A01
202000021128,2,33,,0,0,7,1,A01
202000021129,2,1,,0,2,7,1,B01
202000021129,2,10,,0,2,2,16,A01
202000021130,2,7,,12,0,5,1,C01
202000021130,2,7,,0,2,5,2,B01
202000021130,2,7,,0,2,2,1,A01
202000021131,3,34,,1,0,8,18,A01
202000021132,1,7,,1,2,3,9,A01
202000021132,1,33,,0,2,7,1,B01
202000021133,2,50,,0,2,1,19,A01
202000021133,2,7,,0,0,0,0,B01
202000021134,1,31,,0,2,8,9,B01
202000021134,1,7,,0,2,2,16,A01
202000021135,2,33,,0,0,8,0,A01
202000021136,3,7,,2,0,1,0,A01
202000021137,2,33,,3,0,3,1,A01
202000021138,1,30,,0,2,1,1,B01
202000021138,2,21,,0,2,3,1,A01
202000021139,2,33,,0,2,1,0,A01
202000021139,1,7,,0,2,3,1,B01
202000021139,2,15,,0,2,6,1,C01
202000021140,1,7,,0,2,7,16,A01
202000021140,1,1,,0,0,8,1,B01
202000021141,1,7,,0,2,3,0,A01
202000021141,1,33,,0,2,1,0,B01
202000021142,3,7,,0,1,1,2,A01
202000021143,1,7,,6,0,1,0,A01
202000021144,2,10,,0,2,3,1,B01
202000021144,1,10,,0,2,3,13,A01
202000021145,1,2,,12,2,2,15,A01
202000021145,2,7,,0,2,2,1,B01
202000021146,1,7,,0,9,1,1,A01
202000021146,2,1,,0,2,1,9,B01
202000021147,2,7,,15,0,3,1,A01
202000021148,2,7,,0,2,8,1,B01
202000021148,1,7,,0,2,1,19,A01
202000021149,2,3,,0,0,0,1,A01
202000021150,2,7,,7,2,1,1,B01
202000021150,1,7,,0,2,7,19,A01
202000021151,2,7,,0,0,3,23,B01
202000021151,2,1,,0,2,1,14,A01
202000021152,1,7,,2,0,1,14,A01
202000021153,3,10,,0,1,1,1,A01
202000021154,0,1,,0,2,7,19,A01
202000021154,0,7,,0,9,1,1,B01
202000021155,0,10,,0,2,3,15,A01
202000021155,0,2,,0,2,0,0,B01
202000021156,2,7,,0,2,8,1,C01
202000021156,1,7,,0,2,3,13,A01
202000021156,2,7,,0,2,3,1,B01
202000021157,2,7,,0,2,6,15,A01
202000021157,1,34,,0,2,1,1,B01
202000021158,1,7,,0,2,2,1,B01
202000021158,2,33,,0,2,1,13,A01
202000021159,1,1,,0,2,1,1,B01
202000021159,2,7,,0,2,2,19,A01
202000021160,2,7,,13,0,9,1,A01
202000021161,2,7,,0,2,1,1,A01
202000021161,1,7,,0,2,3,9,B01
202000021162,1,7,,3,0,1,1,A01
202000021162,2,7,,3,0,7,15,B01
202000021163,2,7,,6,2,3,1,A01
202000021163,2,7,,0,0,5,1,B01
202000021164,1,7,,0,1,1,1,A01
202000021165,1,7,,0,2,2,15,A01
202000021165,1,7,,0,2,3,1,B01
202000021166,1,7,,6,0,3,1,B01
202000021166,2,7,,0,0,3,13,A01
202000021167,2,33,,0,2,4,17,B01
202000021167,2,7,,0,2,2,1,A01
202000021168,3,33,,0,2,7,17,A01
202000021168,3,7,,0,2,3,15,B01
202000021169,2,33,,3,2,8,1,B01
202000021169,1,7,,0,2,8,17,A01
202000021170,1,7,,6,0,1,16,A01
202000021171,2,7,,0,0,0,21,A01
202000021172,1,34,,0,2,7,1,B01
202000021172,1,1,,0,2,7,13,A01
202000021173,1,33,,0,1,3,1,A01
202000021174,0,43,,12,0,7,14,A01
202000021175,3,50,,0,1,1,1,A01
202000021176,2,50,,0,1,1,1,A01
202000021177,1,1,,1,0,1,1,A01
202000021178,1,7,,8,0,1,1,A01
202000021179,1,1,,0,2,1,1,B01
202000021179,2,1,,0,2,1,13,A01
202000021180,2,7,,0,2,8,1,B01
202000021180,2,7,,0,2,1,1,A01
202000021181,1,10,,8,1,7,15,A01
202000021182,1,32,,0,2,1,1,B01
202000021182,1,7,,0,2,2,16,A01
202000021183,1,32,,0,0,0,1,A01
202000021184,1,7,,4,0,0,17,A01
202000021185,3,7,,0,2,3,26,B01
202000021185,3,7,,1,2,1,26,A01
202000021186,2,34,,0,1,3,26,A01
202000021187,2,33,,0,2,7,1,B01
202000021187,1,10,,0,2,2,9,A01
202000021188,1,2,,0,2,2,2,B01
202000021188,1,7,,0,2,3,2,A01
202000021189,3,7,,0,2,8,21,A01
202000021189,3,7,,0,2,9,15,B01
202000021190,2,99,,0,2,1,13,A01
202000021190,2,7,,0,2,6,15,B01
202000021191,2,7,,0,1,4,26,A01
202000021192,3,7,,0,2,2,14,B01
202000021192,0,2,,0,2,2,5,A01
202000021193,1,10,,0,1,2,26,A01
202000021194,3,33,,0,2,1,2,B01
202000021194,3,7,,0,2,2,15,A01
202000021195,0,43,,0,2,7,19,B01
202000021195,0,10,,0,2,1,19,A01
202000021196,2,7,,9,1,1,1,A01
202000021197,1,7,,0,1,1,16,A01
202000021198,1,7,,0,9,1,19,A01
202000021198,1,1,,0,2,7,1,B01
202000021199,2,15,,3,0,8,1,A01
202000021200,3,1,,0,2,2,21,B01
202000021200,3,7,,0,2,7,19,A01
202000021201,0,1,,0,2,8,13,C01
202000021201,0,33,,0,9,7,1,A01
202000021202,2,7,,0,2,5,15,A01
202000021202,1,33,,0,2,4,1,B01
202000021203,1,7,,0,2,1,13,A01
202000021203,2,15,,0,2,3,1,B01
202000021204,2,10,,2,0,1,13,A01
202000021205,3,7,,0,2,3,9,A01
202000021205,2,7,,0,2,1,21,B01
202000021206,3,7,,15,0,1,1,A01
202000021207,1,7,,0,2,3,13,A01
202000021207,2,15,,0,2,3,1,B01
202000021208,3,7,,3,0,1,0,A01
202000021209,0,7,,6,0,3,1,A01
202000021210,1,10,,8,2,2,1,A01
202000021210,2,7,,0,2,2,15,B01
202000021211,1,7,,0,2,2,17,B01
202000021211,1,7,,0,0,3,15,A01
202000021212,2,7,,13,0,3,1,A01
202000021213,1,7,,13,0,9,13,A01
202000021214,3,7,,16,0,9,1,A01
202000021215,2,7,,2,0,1,13,A01
202000021216,2,7,,0,2,1,1,B01
202000021216,3,7,,0,2,8,1,A01
202000021217,2,7,,0,1,3,1,B01
202000021218,2,7,,0,2,2,15,A01
202000021218,1,10,,0,2,2,1,B01
202000021219,1,7,,0,2,1,1,A01
202000021219,2,7,,0,2,1,1,B01
202000021220,2,10,,0,2,2,1,A01
202000021220,2,1,,0,2,1,1,B01
202000021221,1,7,,0,2,4,2,C01
202000021221,1,7,,0,2,1,2,A01
202000021221,1,7,,0,2,1,2,B01
202000021222,2,7,,13,6,9,0,A01
202000021223,1,15,,0,0,4,2,B01
202000021223,1,7,,3,2,1,2,A01
202000021224,3,7,,14,2,1,1,C01
202000021224,3,7,,0,2,4,2,B01
202000021224,3,7,,0,0,4,2,A01
202000021225,1,7,,0,2,3,1,A01
202000021225,1,7,,0,2,3,17,B01
202000021226,2,7,,0,2,3,5,A01
202000021226,2,15,,0,2,3,1,B01
202000021227,3,7,,0,2,1,1,B01
202000021227,3,7,,0,2,1,1,A01
202000021228,2,31,,13,0,1,1,A01
202000021229,2,14,,0,2,8,19,B01
202000021229,1,33,,0,2,1,17,A01
202000021230,1,7,,0,2,2,2,B01
202000021230,1,7,,0,0,6,15,A01
202000021231,1,7,,13,0,3,13,A01
202000021232,1,3,,8,0,3,2,A01
202000021233,1,7,,0,2,7,1,B01
202000021233,1,7,,3,1,1,14,A01
202000021234,2,7,,4,2,2,11,B01
202000021234,2,10,,0,2,2,1,A01
202000021235,1,7,,0,2,6,2,B01
202000021235,1,33,,0,2,1,9,A01
202000021236,2,7,,0,2,4,2,C01
202000021236,2,7,,0,2,4,2,B01
202000021236,2,10,,0,2,1,2,A01
202000021237,1,10,,0,2,4,2,C01
202000021237,1,7,,0,2,5,2,B01
202000021237,1,7,,0,2,1,11,A01
202000021238,2,10,,0,2,4,23,A01
202000021238,2,10,,1,0,1,2,B01
202000021239,1,7,,0,2,1,1,A01
202000021239,1,7,,0,2,4,23,B01
202000021240,1,7,,0,2,3,1,A01
202000021240,2,33,,0,2,7,10,B01
202000021241,1,99,,0,1,3,1,A01
202000021242,3,7,,0,1,1,9,A01
202000021243,1,30,,0,0,7,15,A01
202000021244,1,0,,0,1,0,0,A01
202000021245,1,99,,0,1,1,1,A01
202000021246,1,31,,0,0,3,26,A01
202000021247,1,13,,0,2,3,1,B01
202000021247,1,7,,0,2,3,19,A01
202000021248,1,7,,0,2,1,25,A01
202000021248,1,1,,0,2,7,1,B01
202000021249,2,7,,0,2,2,16,A01
202000021249,2,80,,0,2,1,25,B01
202000021250,2,2,,0,0,7,1,A01
202000021251,3,30,,0,2,1,15,A01
202000021251,3,7,,0,2,1,1,B01
202000021252,1,7,,0,2,3,15,A01
202000021252,1,33,,0,2,1,17,B01
202000021253,3,1,,0,2,8,0,B01
202000021253,3,7,,0,9,1,16,A01
202000021254,1,10,,0,2,6,10,A01
202000021254,1,33,,0,2,1,1,B01
202000021255,0,33,,0,2,0,0,B01
202000021255,1,7,,0,2,3,13,A01
202000021256,3,7,,8,0,1,1,B01
202000021256,3,7,,0,0,0,0,Z01
202000021257,1,2,,0,2,7,1,B01
202000021257,0,7,,0,2,1,20,A01
202000021258,2,40,,0,2,2,1,B01
202000021258,1,1,,0,4,1,19,A01
202000021259,1,7,,0,2,3,24,A01
202000021259,1,1,,1,0,2,1,B01
202000021260,1,7,,0,2,4,1,B01
202000021260,1,2,,0,2,1,1,A01
202000021261,1,1,,0,2,3,15,A01
202000021261,1,7,,0,2,2,17,B01
202000021262,3,7,,1,0,2,1,A01
202000021263,2,2,,0,2,1,1,B01
202000021263,1,7,,0,2,2,13,A01
202000021264,1,7,,0,2,1,2,A01
202000021264,1,7,,0,2,4,2,B01
202000021265,2,2,,0,0,8,1,A01
202000021266,2,7,,0,2,7,1,B01
202000021266,1,7,,0,2,1,19,A01
202000021267,2,1,,0,2,1,2,A01
202000021267,2,7,,0,2,4,1,B01
202000021268,2,7,,0,2,3,13,A01
202000021268,1,10,,0,2,6,26,B01
202000021269,0,7,,0,2,2,1,B01
202000021269,0,10,,0,2,3,15,A01
202000021270,1,7,,0,2,0,0,A01
202000021270,1,2,,0,2,8,0,B01
202000021271,3,7,,0,2,7,23,A01
202000021271,3,33,,0,2,1,1,B01
202000021272,1,7,,0,2,2,1,A01
202000021272,1,30,,0,2,1,1,B01
202000021273,1,34,,14,0,0,1,A01
202000021274,3,7,,0,2,3,16,B01
202000021274,3,7,,0,2,2,1,A01
202000021275,3,7,,0,2,2,14,B01
202000021275,3,33,,0,2,1,7,A01
202000021276,3,33,,0,2,1,9,B01
202000021276,3,7,,0,2,3,9,A01
202000021277,2,33,,0,2,1,2,A01
202000021277,2,13,,0,2,4,2,B01
202000021278,1,7,,0,2,1,2,A01
202000021278,1,10,,0,2,4,2,B01
202000021279,1,7,,0,2,1,2,A01
202000021279,1,7,,0,0,4,2,B01
202000021280,1,7,,0,2,1,16,A01
202000021280,1,1,,0,2,1,1,B01
202000021281,1,7,,0,2,1,15,A01
202000021281,2,32,,0,2,1,1,B01
202000021282,1,7,,0,2,4,2,B01
202000021282,1,33,,0,2,1,18,A01
202000021283,1,7,,0,2,3,9,Z01
202000021283,1,30,,0,2,2,1,A01
202000021284,1,7,,0,2,1,15,A01
202000021284,2,2,,0,2,1,1,B01
202000021285,1,34,,0,2,1,1,A01
202000021285,2,7,,0,2,1,10,B01
202000021286,1,7,,0,2,8,22,A01
202000021286,1,1,,1,0,1,1,B01
202000021287,1,7,,0,1,1,1,A01
202000021288,1,10,,0,2,0,1,B01
202000021288,1,1,,0,2,1,1,A01
202000021289,1,7,,8,0,1,2,A01
202000021290,2,33,,0,0,0,1,A01
202000021291,1,7,,8,0,1,16,A01
202000021292,2,7,,0,1,1,1,A01
202000021293,2,0,,0,1,0,0,Z01
202000021294,1,7,,0,-1,4,1,C01
202000021294,1,7,,0,2,2,1,B01
202000021294,1,7,,0,2,1,1,A01
202000021295,1,10,,0,2,3,9,A01
202000021295,1,30,,0,2,7,1,B01
202000021296,2,7,,0,2,2,12,A01
202000021296,2,34,,0,2,1,1,B01
202000021297,1,31,,0,0,8,1,A01
202000021298,2,7,,4,2,6,17,A01
202000021298,2,7,,0,2,1,13,Z01
202000021299,2,1,,0,2,3,1,A01
202000021299,2,14,,0,2,7,16,B01