Num_Acc,senc,catv,occutc,obs,obsm,choc,manv,num_veh
202000021300,1,31,,0,2,7,17,B01
202000021300,2,7,,0,2,2,15,A01
202000021301,0,7,,0,2,3,17,A01
202000021301,0,43,,0,2,1,15,B01
202000021302,1,7,,14,0,2,14,A01
202000021303,1,7,,0,2,2,16,A01
202000021303,1,50,,0,2,3,7,B01
202000021304,2,7,,0,1,8,16,A01
202000021305,1,1,,0,0,1,1,A01
202000021306,2,30,,0,1,4,1,A01
202000021307,2,1,,0,1,1,5,A01
202000021308,1,7,,0,2,1,1,A01
202000021308,1,7,,0,2,2,15,B01
202000021309,2,10,,0,2,8,22,A01
202000021309,2,1,,0,2,2,1,B01
202000021310,2,30,,0,2,1,15,A01
202000021310,2,7,,0,2,7,7,B01
202000021311,2,1,,0,2,7,1,B01
202000021311,1,7,,0,2,1,1,A01
202000021312,1,1,,0,2,8,1,B01
202000021312,1,7,,0,2,2,16,A01
202000021313,1,2,,0,2,8,9,A01
202000021313,1,34,,0,2,1,1,B01
202000021314,2,7,,1,0,1,13,Z01
202000021315,2,7,,0,2,6,1,A01
202000021315,2,33,,0,2,4,23,B01
202000021316,1,50,,12,0,1,14,A01
202000021317,3,10,,0,2,2,0,B01
202000021317,3,7,,0,2,1,1,A01
202000021318,-1,31,,0,2,8,26,A01
202000021318,-1,7,,0,2,0,21,B01
202000021319,1,7,,0,2,1,1,A01
202000021319,1,7,,0,2,1,1,B01
202000021320,2,30,,0,2,8,13,A01
202000021320,2,10,,0,2,2,16,B01
202000021321,3,1,,0,2,1,2,A01
202000021321,3,7,,14,0,4,2,B01
202000021322,1,1,,0,0,3,9,A01
202000021322,2,34,,0,0,2,1,B01
202000021323,1,7,,0,2,4,2,C01
202000021323,1,7,,12,2,4,2,B01
202000021323,1,7,,12,2,4,2,A01
202000021324,1,7,,0,2,1,2,B01
202000021324,1,7,,0,2,4,23,A01
202000021325,2,50,,0,0,1,1,A01
202000021326,1,7,,0,2,3,9,B01
202000021326,1,30,,0,2,1,1,A01
202000021327,1,30,,0,2,1,1,A01
202000021327,1,7,,0,2,4,1,B01
202000021328,2,30,,0,2,5,17,B01
202000021328,2,7,,0,2,6,1,A01
202000021329,1,0,,0,2,2,17,A01
202000021329,1,7,,0,2,3,15,B01
202000021330,1,7,,0,2,3,20,A01
202000021330,1,34,,0,2,2,1,B01
202000021331,3,7,,12,0,1,6,A01
202000021332,1,7,,0,2,3,13,A01
202000021332,2,7,,0,2,3,1,B01
202000021333,1,7,,0,2,3,1,B01
202000021333,2,7,,0,2,3,13,A01
202000021334,2,7,,8,0,0,0,A01
202000021334,2,7,,13,0,1,0,B01
202000021335,2,33,,0,0,3,1,A01
202000021336,1,33,,0,2,1,1,B01
202000021336,2,7,,0,2,3,15,A01
202000021337,2,7,,8,0,2,1,A01
202000021338,1,7,,0,2,7,26,A01
202000021338,2,7,,0,2,1,1,B01
202000021339,2,33,,8,0,1,0,A01
202000021340,1,33,,0,2,1,17,B01
202000021340,1,7,,0,0,8,15,A01
202000021341,2,7,,0,2,1,1,B01
202000021341,1,7,,0,2,1,21,A01
202000021341,1,7,,0,2,8,1,C01
202000021342,2,7,,0,1,1,1,A01
202000021343,1,21,,0,2,3,15,B01
202000021343,1,33,,13,2,1,17,A01
202000021344,3,7,,2,0,2,2,A01
202000021345,0,33,,0,0,0,1,A01
202000021346,2,7,,0,1,1,1,A01
202000021347,1,38,1.0,0,2,3,13,B01
202000021347,1,2,,0,2,1,1,A01
202000021348,1,7,,0,1,1,1,A01
202000021349,3,33,,15,9,1,14,A01
202000021350,2,7,,0,0,1,1,A01
202000021350,2,7,,0,0,8,1,B01
202000021350,2,7,,0,0,1,1,C01
202000021351,1,7,,0,2,8,0,B01
202000021351,2,7,,0,2,3,1,A01
202000021352,1,7,,8,0,1,1,A01
202000021353,1,7,,0,2,2,1,A01
202000021353,1,30,,0,2,8,15,B01
202000021354,2,7,,0,2,2,15,A01
202000021354,1,1,,0,2,1,1,B01
202000021355,1,7,,0,2,9,1,A01
202000021355,2,7,,0,2,9,1,B01
202000021355,1,10,,5,2,9,1,C01
202000021356,1,33,,0,0,1,1,A01
202000021357,1,7,,0,2,3,13,B01
202000021357,2,7,,0,2,3,23,A01
202000021358,1,10,,0,1,4,4,A01
202000021359,1,7,,0,2,1,2,A01
202000021359,1,1,,0,0,4,1,B01
202000021360,1,7,,2,0,1,17,A01
202000021361,0,7,,0,2,5,17,A01
202000021361,0,80,,0,2,8,1,B01
202000021362,1,7,,2,0,7,6,A01
202000021363,1,7,,0,2,1,1,A01
202000021363,1,2,,7,0,6,1,B01
202000021364,2,7,,0,2,1,13,A01
202000021364,1,7,,0,2,1,1,B01
202000021365,2,33,,0,2,1,1,B01
202000021365,1,7,,0,2,1,15,A01
202000021366,3,7,,0,2,7,5,A01
202000021366,3,33,,0,2,0,0,B01
202000021367,1,7,,9,0,1,1,A01
202000021368,2,7,,15,0,3,5,A01
202000021369,2,7,,5,0,1,14,A01
202000021370,0,7,,0,2,8,11,A01
202000021370,0,33,,0,2,7,17,B01
202000021371,2,10,,0,2,3,2,A01
202000021371,2,7,,0,2,9,15,B01
202000021371,1,7,,0,2,1,1,C01
202000021372,2,1,,0,2,4,2,B01
202000021372,2,7,,0,2,2,2,A01
202000021373,1,7,,0,2,1,11,A01
202000021373,1,7,,0,2,1,0,B01
202000021373,1,7,,0,2,4,0,C01
202000021374,1,7,,0,0,6,15,A01
202000021374,1,7,,0,2,1,1,B01
202000021375,2,33,,0,2,1,0,B01
202000021375,1,7,,0,2,3,13,A01
202000021376,0,2,,0,2,8,26,A01
202000021376,0,7,,0,2,3,1,B01
202000021377,2,7,,0,2,4,1,B01
202000021377,2,10,,0,2,1,1,A01
202000021378,1,7,,0,2,1,1,B01
202000021378,2,7,,0,2,2,15,A01
202000021379,1,32,,0,2,8,3,C01
202000021379,1,10,,0,2,2,2,B01
202000021379,1,7,,0,2,4,1,A01
202000021380,2,7,,15,0,3,0,A01
202000021381,1,33,,11,0,8,13,A01
202000021382,3,7,,0,2,3,15,B01
202000021382,3,33,,0,2,2,17,A01
202000021383,2,7,,3,0,8,13,A01
202000021384,2,7,,0,1,3,16,A01
202000021385,2,34,,3,0,8,17,A01
202000021386,1,7,,0,2,2,1,B01
202000021386,1,13,,0,2,3,9,A01
202000021387,1,7,,0,2,1,2,A01
202000021387,1,7,,0,2,4,2,B01
202000021388,2,10,,0,2,6,11,Z01
202000021388,2,33,,0,2,2,3,A01
202000021389,1,10,,0,2,4,2,A01
202000021389,1,7,,0,2,1,2,B01
202000021390,2,7,,3,2,2,1,A01
202000021390,2,17,,0,2,3,11,B01
202000021391,1,7,,0,2,4,2,B01
202000021391,1,7,,0,2,1,2,A01
202000021392,1,17,,0,2,4,2,B01
202000021392,1,10,,0,2,1,2,A01
202000021393,2,33,,0,2,2,1,B01
202000021393,1,7,,0,0,5,15,A01
202000021394,3,0,,0,1,2,14,A01
202000021395,3,7,,0,2,4,24,B01
202000021395,3,7,,1,0,0,24,A01
202000021396,2,7,,0,2,0,0,B01
202000021396,1,7,,0,2,0,0,A01
202000021397,1,2,,0,2,1,17,A01
202000021397,1,7,,0,0,0,0,B01
202000021398,1,7,,1,0,1,14,A01
202000021398,1,7,,1,0,9,0,D01
202000021399,2,7,,0,2,1,1,A01
202000021399,2,7,,0,2,1,1,B01
202000021400,1,7,,0,9,2,15,A01
202000021400,1,50,,0,2,1,19,B01
202000021401,2,7,,0,2,3,13,A01
202000021401,1,7,,0,2,3,1,B01
202000021402,3,32,,0,0,1,0,A01
202000021403,2,30,,9,0,2,15,A01
202000021404,1,7,,0,1,1,1,A01
202000021405,2,10,,0,2,2,1,B01
202000021405,2,32,,0,2,1,1,A01
202000021406,1,7,,0,2,2,9,A01
202000021406,1,31,,0,2,4,9,B01
202000021407,2,10,,0,2,4,2,C01
202000021407,2,10,,0,2,1,2,A01
202000021407,2,10,,0,2,4,2,B01
202000021408,0,7,,0,2,5,11,A01
202000021408,0,31,,0,2,1,1,B01
202000021409,3,1,,0,2,1,1,A01
202000021409,0,1,,0,2,1,1,B01
202000021409,3,1,,0,2,0,1,C01
202000021410,3,7,,0,2,8,1,B01
202000021410,3,7,,13,2,3,1,A01
202000021411,1,7,,8,0,9,1,A01
202000021412,1,33,,1,2,2,17,A01
202000021412,2,7,,0,2,3,15,B01
202000021413,1,1,,0,2,1,5,A01
202000021413,1,2,,0,2,1,1,B01
202000021414,3,7,,0,1,0,2,Z01
202000021415,1,33,,0,9,1,21,A01
202000021416,1,30,,0,1,3,17,A01
202000021417,1,7,,0,0,0,0,B01
202000021417,1,7,,0,2,1,19,A01
202000021418,2,7,,0,2,1,21,B01
202000021418,1,30,,0,2,7,19,A01
202000021419,3,7,,13,0,9,1,A01
202000021420,1,7,,11,0,1,13,A01
202000021421,0,33,,0,2,3,0,B01
202000021421,0,10,,0,2,7,12,A01
202000021422,1,30,,12,0,3,1,A01
202000021423,2,30,,0,2,1,14,A01
202000021423,1,1,,0,2,1,1,B01
202000021424,1,30,,0,2,4,15,B01
202000021424,1,7,,0,2,2,17,A01
202000021425,2,1,,0,2,1,1,B01
202000021425,2,7,,0,2,7,16,A01
202000021426,3,1,,0,0,0,19,B01
202000021426,3,31,,0,2,1,1,A01
202000021427,2,7,,0,2,4,2,B01
202000021427,2,13,,0,2,1,2,A01
202000021428,2,7,,0,2,4,23,B01
202000021428,2,7,,0,2,1,1,A01
202000021429,1,30,,0,2,1,19,A01
202000021429,1,7,,0,2,0,9,B01
202000021430,0,7,,0,2,2,0,Z01
202000021430,1,7,,0,2,3,1,B01
202000021431,2,7,,0,2,8,15,B01
202000021431,2,2,,0,2,5,17,A01
202000021432,1,7,,0,2,1,1,B01
202000021432,2,7,,0,2,1,15,A01
202000021433,2,7,,0,1,2,4,A01
202000021434,1,7,,9,0,2,15,A01
202000021435,2,7,,7,0,1,14,A01
202000021436,2,7,,0,2,2,1,A01
202000021436,2,7,,0,2,5,23,C01
202000021436,2,7,,0,2,5,23,B01
202000021437,3,30,,0,2,1,1,B01
202000021437,2,7,,0,2,1,1,A01
202000021438,2,7,,0,2,5,9,B01
202000021438,2,7,,0,2,1,1,A01
202000021439,1,33,,0,2,0,23,A01
202000021439,1,7,,0,2,6,4,B01
202000021440,3,2,,0,2,1,0,B01
202000021440,3,7,,0,2,2,0,A01
202000021441,1,7,,6,0,1,25,A01
202000021442,2,37,4.0,0,0,1,26,A01
202000021443,1,10,,0,2,2,2,A01
202000021443,1,10,,12,0,4,23,B01
202000021444,2,7,,1,2,6,0,C01
202000021444,2,31,,1,2,1,21,B01
202000021444,2,7,,0,2,2,9,A01
202000021445,1,7,,0,2,4,0,B01
202000021445,1,7,,0,2,1,0,A01
202000021446,2,7,,0,2,3,1,A01
202000021446,1,99,,0,2,1,1,B01
202000021447,2,7,,0,0,2,26,A01
202000021447,2,7,,0,2,1,2,B01
202000021448,2,32,,0,2,6,15,A01
202000021448,2,32,,0,2,1,1,B01
202000021449,-1,7,,0,2,2,15,B01
202000021449,-1,7,,14,2,1,1,A01
202000021450,1,1,,0,2,7,2,B01
202000021450,1,3,,0,2,1,2,A01
202000021451,-1,7,,0,0,4,23,A01
202000021451,-1,2,,0,2,1,2,B01
202000021452,2,32,,0,2,1,1,B01
202000021452,1,7,,0,2,3,15,A01
202000021453,1,7,,9,0,1,2,A01
202000021454,1,10,,0,2,2,1,B01
202000021454,1,2,,0,0,4,1,A01
202000021455,2,7,,0,1,2,0,A01
202000021456,3,10,,0,2,3,15,A01
202000021456,1,2,,0,0,4,1,B01
202000021457,2,7,,0,2,1,1,A01
202000021457,1,33,,0,2,0,1,B01
202000021458,1,33,,12,0,1,1,A01
202000021459,2,7,,13,0,0,1,A01
202000021460,2,7,,13,0,2,2,A01
202000021461,2,7,,0,2,3,0,B01
202000021461,1,7,,0,2,1,0,A01
202000021462,1,33,,2,0,1,1,A01
202000021463,3,36,,8,0,1,16,A01
202000021464,1,7,,0,2,8,1,B01
202000021464,0,7,,0,2,1,19,A01
202000021465,2,7,,6,0,1,1,A01
202000021466,1,1,,0,2,1,1,B01
202000021466,2,7,,0,9,2,1,A01
202000021467,2,1,,8,0,2,21,A01
202000021468,1,7,,6,0,3,13,A01
202000021469,1,2,,3,0,3,19,A01
202000021470,1,10,,0,2,1,1,A01
202000021470,1,7,,0,2,4,23,B01
202000021471,3,7,,11,2,8,19,A01
202000021471,3,10,,0,2,1,1,B01
202000021472,2,33,,0,0,8,1,A01
202000021473,3,31,,17,0,1,1,A01
202000021474,3,1,,0,1,1,2,A01
202000021475,1,7,,0,2,3,17,A01
202000021475,2,33,,0,2,1,1,B01
202000021476,2,7,,2,0,2,1,A01
202000021477,2,33,,13,0,2,0,A01
202000021478,1,10,,1,1,1,13,A01
202000021479,1,2,,0,2,1,1,A01
202000021479,1,7,,0,2,3,1,B01
202000021480,2,7,,0,0,0,19,A01
202000021480,1,7,,0,2,1,1,C01
202000021480,2,7,,0,2,1,21,B01
202000021481,2,7,,1,0,1,1,B01
202000021481,2,7,,0,0,4,23,A01
202000021482,2,33,,0,2,1,1,B01
202000021482,1,7,,0,2,5,15,A01
202000021483,3,2,,0,0,7,1,A01
202000021484,3,7,,0,2,2,1,A01
202000021484,3,1,,0,2,6,16,B01
202000021485,2,2,,14,0,1,1,A01
202000021486,1,7,,13,0,1,1,A01
202000021487,2,7,,13,0,1,17,A01
202000021488,1,10,,0,0,2,12,B01
202000021488,1,7,,0,0,8,11,A01
202000021489,1,7,,0,2,8,1,B01
202000021489,1,7,,0,2,7,14,A01
202000021490,1,33,,0,2,1,1,B01
202000021490,2,10,,0,2,7,15,A01
202000021491,2,7,,0,2,2,13,A01
202000021491,2,15,,0,0,6,1,B01
202000021492,1,7,,0,2,7,26,A01
202000021492,1,33,,0,2,8,18,B01
202000021493,1,10,,16,0,2,14,A01
202000021494,3,7,,0,1,7,1,A01
202000021495,1,7,,1,0,9,13,A01
202000021496,0,35,,0,2,3,26,B01
202000021496,3,7,,0,2,6,26,A01
202000021497,2,7,,0,2,1,1,A01
202000021497,1,7,,0,2,2,15,B01
202000021498,2,7,,2,0,3,21,A01
202000021499,2,7,,0,2,3,15,B01
202000021499,2,33,,0,2,1,17,A01
202000021500,1,7,,6,0,3,6,A01
202000021501,0,7,,0,0,3,1,B01
202000021501,3,1,,0,2,1,1,A01
202000021502,2,33,,15,0,5,1,A01
202000021503,1,7,,8,0,2,1,A01
202000021504,3,7,,0,2,3,15,A01
202000021504,0,33,,0,2,8,1,B01
202000021505,3,7,,0,1,3,1,A01
202000021506,2,7,,13,0,1,1,A01
202000021507,1,7,,0,2,6,9,B01
202000021507,2,33,,0,2,1,1,A01
202000021508,2,7,,0,2,3,5,C01
202000021508,1,7,,0,2,4,2,B01
202000021508,1,30,,0,2,1,2,A01
202000021509,3,7,,0,0,4,1,B01
202000021509,0,7,,0,2,1,12,A01
202000021510,2,33,,0,2,1,1,A01
202000021510,1,7,,0,2,8,26,B01
202000021511,2,10,,0,1,1,15,A01
202000021512,1,7,,0,1,2,16,A01
202000021513,2,32,,14,0,8,1,A01
202000021514,2,7,,4,0,1,14,A01
202000021515,2,7,,12,0,2,1,C01
202000021515,2,7,,0,2,5,1,B01
202000021515,2,7,,0,2,3,2,A01
202000021516,2,7,,4,0,3,13,A01
202000021517,1,7,,0,2,0,1,B01
202000021517,1,7,,0,2,0,1,A01
202000021518,1,31,,0,9,1,1,A01
202000021519,3,7,,0,1,1,15,A01
202000021520,2,7,,0,2,4,21,A01
202000021520,2,7,,0,2,2,2,B01
202000021520,2,7,,0,2,1,2,C01
202000021521,3,7,,0,2,2,9,A01
202000021521,1,1,,0,0,5,1,B01
202000021522,0,1,,0,1,1,1,A01
202000021523,1,7,,0,2,1,1,A01
202000021523,1,7,,0,2,4,1,B01
202000021523,1,7,,0,2,4,1,C01
202000021524,0,7,,0,2,3,2,B01
202000021524,0,7,,0,2,1,2,A01
202000021525,0,1,,0,2,1,1,B01
202000021525,0,7,,0,2,2,15,A01
202000021526,3,7,,0,2,7,15,A01
202000021526,3,7,,0,2,2,1,B01
202000021527,1,7,,0,1,2,11,A01
202000021528,1,7,,0,1,3,1,A01
202000021529,3,7,,0,1,3,15,A01
202000021530,2,7,,0,1,7,1,A01
202000021531,1,99,,0,0,0,26,A01
202000021532,0,7,,0,2,3,17,Z01
202000021532,0,2,,0,2,6,1,B01
202000021533,2,7,,3,0,3,14,A01
202000021534,0,34,,0,2,3,1,A01
202000021534,0,7,,0,0,0,0,B01
202000021535,2,2,,1,2,1,1,B01
202000021535,1,7,,1,0,6,19,A01
202000021536,1,0,,0,2,0,0,B01
202000021536,2,7,,0,2,3,19,A01
202000021537,0,7,,0,2,4,2,C01
202000021537,1,7,,0,2,4,2,B01
202000021537,1,7,,0,2,1,1,A01
202000021538,2,33,,0,2,0,0,B01
202000021538,1,7,,0,2,2,19,A01
202000021539,1,7,,0,1,1,1,A01
202000021540,1,7,,0,2,1,9,A01
202000021540,2,2,,0,2,1,1,B01
202000021541,2,7,,0,2,1,2,Z01
202000021541,2,7,,0,2,4,23,B01
202000021542,2,7,,0,2,6,2,B01
202000021542,2,7,,0,2,3,2,A01
202000021543,1,30,,0,2,3,19,A01
202000021543,1,7,,0,2,2,1,B01
202000021544,1,7,,0,2,7,15,A01
202000021544,3,7,,0,2,1,2,B01
202000021545,3,7,,2,0,1,20,A01
202000021546,1,10,,0,2,1,1,A01
202000021546,2,30,,0,2,8,1,SB01
202000021547,2,10,,0,2,4,15,C01
202000021547,2,10,,14,2,1,1,A01
202000021547,2,7,,14,2,9,15,B01
202000021548,1,33,,3,0,2,1,A01
202000021549,2,2,,0,2,2,17,B01
202000021549,1,7,,0,2,8,15,A01
202000021550,2,31,,0,2,1,5,A01
202000021550,1,7,,0,2,3,2,B01
202000021551,2,7,,1,0,1,19,A01
202000021551,1,34,,1,0,1,26,B01
202000021552,3,7,,0,1,2,1,A01
202000021553,1,7,,0,2,1,26,A01
202000021553,1,7,,0,2,4,2,B01
202000021554,1,2,,0,2,3,1,B01
202000021554,2,10,,0,2,2,15,Z01
202000021555,1,17,,0,2,1,13,A01
202000021555,2,7,,0,2,1,1,B01
202000021556,2,7,,0,2,1,19,B01
202000021556,2,10,,0,2,1,23,C01
202000021556,1,7,,12,0,1,19,A01
202000021557,3,1,,0,0,1,19,A01
202000021558,3,1,,0,2,8,1,B01
202000021558,2,7,,0,2,2,16,A01
202000021559,1,33,,0,2,7,1,A01
202000021559,1,10,,0,0,0,1,B01
202000021559,1,31,,0,2,1,1,C01
202000021560,1,7,,1,1,1,2,A01
202000021561,1,7,,6,0,1,26,A01
202000021562,1,32,,15,0,1,26,A01
202000021563,2,7,,0,2,1,2,A01
202000021563,2,10,,0,2,4,23,B01
202000021563,2,7,,0,2,4,2,C01
202000021564,2,33,,0,2,1,2,A01
202000021564,2,7,,0,2,4,2,B01
202000021565,1,30,,0,0,8,26,A01
202000021566,2,7,,0,1,2,15,A01
202000021567,1,7,,0,1,1,15,A01
202000021568,1,34,,14,0,2,13,A01
202000021569,1,33,,0,1,1,18,A01
202000021570,1,33,,0,2,1,1,B01
202000021570,2,7,,0,2,3,15,A01
202000021571,2,30,,12,0,1,9,A01
202000021572,1,32,,0,1,1,1,A01
202000021573,1,32,,0,0,0,26,A01
202000021574,2,10,,0,1,5,4,A01
202000021575,3,7,,0,2,2,19,A01
202000021575,3,34,,0,2,8,1,B01
202000021576,2,2,,0,2,1,5,B01
202000021576,2,7,,0,2,6,15,A01
202000021577,1,10,,0,2,3,22,A01
202000021577,1,1,,0,2,1,1,B01
202000021578,1,33,,0,2,1,2,A01
202000021578,1,33,,0,2,4,23,B01
202000021578,1,7,,0,2,6,23,C01
202000021579,1,7,,0,1,4,4,A01
202000021580,0,99,,14,0,0,26,A01
202000021581,1,10,,0,1,1,15,A01
202000021582,2,7,,0,2,5,23,B01
202000021582,2,30,,0,2,1,3,A01
202000021582,2,7,,0,2,2,23,C01
202000021583,1,32,,0,2,2,13,A01
202000021583,1,7,,0,2,6,1,B01
202000021584,2,33,,0,1,2,17,A01
202000021585,3,2,,0,2,1,2,B01
202000021585,3,10,,0,2,4,26,A01
202000021586,1,33,,0,2,3,15,B01
202000021586,1,33,,0,2,1,7,A01
202000021587,2,33,,0,2,4,23,B01
202000021587,2,7,,0,2,1,2,A01
202000021588,2,7,,0,1,1,17,A01
202000021589,1,7,,4,2,5,2,D01
202000021589,1,7,,4,2,6,2,C01
202000021589,1,7,,0,2,3,2,B01
202000021589,1,7,,0,2,1,2,A01
202000021590,2,33,,0,2,2,1,B01
202000021590,1,7,,0,2,1,15,A01
202000021591,0,99,,0,0,0,0,Z01
202000021591,0,30,,0,9,0,0,A01
202000021592,1,7,,0,2,1,2,B01
202000021592,0,7,,0,2,4,2,A01
202000021593,3,7,,12,1,1,1,A01
202000021594,1,7,,0,1,2,1,A01
202000021595,0,7,,0,0,6,1,B01
202000021595,1,7,,0,0,2,9,A01
202000021596,2,99,,0,2,3,1,C01
202000021596,1,7,,13,2,2,2,B01
202000021596,1,7,,0,0,6,23,A01
202000021597,0,2,,0,2,2,1,B01
202000021597,0,7,,0,2,3,9,A01
202000021598,1,33,,8,0,2,1,A01
202000021599,3,7,,0,2,3,26,A01
202000021599,3,32,,0,1,4,2,B01
202000021599,3,7,,0,2,6,0,C01
202000021600,2,7,,0,2,3,15,A01
202000021600,1,33,,0,2,1,1,B01
202000021601,1,7,,0,2,1,5,B01
202000021601,2,50,,0,2,1,26,A01
202000021602,1,17,,0,1,1,2,A01
202000021603,1,7,,0,2,3,26,A01
202000021603,1,30,,0,2,4,1,B01
202000021604,3,3,,0,2,1,19,B01
202000021604,3,7,,0,2,8,26,A01
202000021605,3,10,,0,2,3,26,A01
202000021605,3,10,,0,2,3,2,B01
202000021606,0,0,,0,1,1,0,A01
202000021607,-1,7,,0,1,5,10,A01
202000021608,-1,7,,0,1,1,15,A01
202000021609,2,34,,0,1,2,1,A01
202000021609,1,7,,0,1,1,26,Z01
202000021610,-1,30,,0,2,8,11,A01
202000021610,-1,7,,0,2,7,2,B01
202000021611,1,7,,0,1,3,1,A01
202000021612,-1,7,,0,2,3,2,A01
202000021612,-1,30,,0,2,1,2,HB01
202000021613,1,7,,15,0,1,1,A01
202000021614,0,7,,0,2,2,9,B01
202000021614,0,7,,1,2,1,1,A01
202000021615,1,10,,0,1,2,1,A01
202000021616,2,7,,0,2,3,10,A01
202000021616,2,43,,0,2,0,17,B01
202000021617,2,7,,0,2,1,1,A01
202000021617,3,60,,0,2,8,19,B01
202000021618,2,34,,0,1,3,1,A01
202000021619,1,32,,0,2,1,1,A01
202000021619,1,1,,0,0,8,15,B01
202000021620,3,50,,0,2,7,19,B01
202000021620,3,7,,0,9,3,16,A01
202000021621,1,14,,0,2,2,12,B01
202000021621,1,7,,0,2,3,1,A01
202000021622,2,10,,0,2,8,1,A01
202000021622,2,10,,0,2,7,1,C01
202000021622,2,10,,0,2,4,1,B01
202000021623,1,43,,0,2,1,1,B01
202000021623,1,10,,0,2,5,12,A01
202000021624,1,1,,13,0,2,1,A01
202000021625,2,10,,3,0,1,0,A01
202000021626,1,7,,13,0,1,1,A01
202000021627,2,7,,0,0,1,23,B01
202000021627,2,10,,0,2,4,4,A01
202000021628,3,7,,0,1,1,1,A01
202000021629,2,31,,8,0,1,1,A01
202000021630,3,10,,0,2,1,1,A01
202000021630,3,7,,0,2,1,1,B01
202000021630,3,7,,0,2,4,15,C01
202000021631,2,7,,0,1,3,1,A01
202000021632,2,10,,1,2,5,1,A01
202000021632,1,7,,0,2,3,16,B01
202000021633,1,7,,7,0,1,1,A01
202000021634,3,7,,0,2,1,1,A01
202000021634,0,36,,0,2,1,1,B01
202000021635,3,7,,0,2,1,1,A01
202000021635,3,7,,0,2,4,1,B01
202000021635,3,7,,0,2,4,1,C01
202000021636,1,7,,13,0,2,14,A01
202000021637,1,7,,0,2,3,1,B01
202000021637,1,7,,0,2,1,15,A01
202000021638,-1,10,,0,1,1,1,A01
202000021639,2,2,,12,0,1,1,A01
202000021640,2,7,,2,0,2,14,A01
202000021641,2,7,,0,2,2,1,B01
202000021641,1,7,,0,2,3,15,A01
202000021642,2,7,,0,9,2,1,A01
202000021642,2,1,,0,2,5,19,B01
202000021643,1,7,,0,2,1,13,A01
202000021643,2,7,,0,2,1,1,B01
202000021644,2,21,,0,0,0,0,A01
202000021645,2,10,,12,2,1,1,A01
202000021645,0,10,,0,2,7,19,B01
202000021646,1,2,,0,0,2,1,A01
202000021647,1,10,,0,2,1,2,C01
202000021647,2,17,,0,2,3,2,B01
202000021647,1,7,,0,2,0,5,A01
202000021648,2,10,,8,0,1,13,A01
202000021649,1,7,,0,0,1,1,A01
202000021650,2,7,,0,0,0,0,A01
202000021651,2,7,,13,0,2,14,A01
202000021652,3,33,,0,2,1,16,A01
202000021652,3,7,,0,2,3,14,B01
202000021653,2,10,,0,2,1,1,B01
202000021653,1,7,,0,2,1,13,A01
202000021654,3,7,,0,2,3,19,B01
202000021654,3,2,,0,2,1,1,A01
202000021655,3,2,,13,0,1,15,A01
202000021656,1,7,,0,2,3,1,A01
202000021656,2,7,,0,2,3,1,B01
202000021657,2,7,,0,1,3,1,A01
202000021658,1,7,,0,2,3,1,A01
202000021658,2,1,,0,2,1,1,B01
202000021659,1,14,,13,0,2,1,A01
202000021660,2,7,,0,2,3,15,A01
202000021660,1,33,,12,2,8,1,B01
202000021661,2,7,,0,2,1,2,A01
202000021661,2,10,,0,2,4,2,B01
202000021661,2,7,,0,0,4,2,C01
202000021662,1,7,,13,0,1,1,A01
202000021663,1,10,,0,2,1,17,B01
202000021663,2,15,,0,2,1,1,A01
202000021664,3,2,,0,5,7,1,A01
202000021665,1,2,,0,2,1,19,A01
202000021665,1,7,,0,2,3,19,B01
202000021666,3,31,,0,9,1,5,A01
202000021666,3,1,,0,2,1,1,B01
202000021667,3,7,,0,2,3,15,A01
202000021667,3,2,,0,2,1,1,B01
202000021668,3,7,,2,0,1,0,A01
202000021669,2,7,,0,2,2,1,A01
202000021669,1,1,,0,2,1,9,B01
202000021670,1,10,,0,2,1,1,A01
202000021670,1,7,,0,2,4,13,B01
202000021671,2,7,,0,2,1,13,A01
202000021671,1,10,,0,2,3,1,B01
202000021672,1,7,,0,2,6,15,A01
202000021672,1,32,,0,2,1,17,B01
202000021673,3,7,,0,2,1,15,A01
202000021673,3,7,,0,2,1,13,B01
202000021674,1,7,,2,0,3,14,A01
202000021675,1,15,,0,2,3,24,A01
202000021675,1,7,,1,0,2,14,B01
202000021676,1,7,,3,0,8,13,A01
202000021677,3,7,,0,1,4,4,A01
202000021678,0,7,,0,2,2,5,C01
202000021678,0,7,,0,2,5,1,B01
202000021678,0,7,,0,2,3,1,A01
202000021679,1,7,,0,2,1,19,A01
202000021679,0,33,,0,2,8,21,B01
202000021680,1,7,,2,0,1,13,A01
202000021681,3,7,,0,2,1,13,B01
202000021681,3,7,,0,2,1,1,A01
202000021682,2,7,,0,2,3,1,B01
202000021682,2,34,,0,2,4,1,A01
202000021683,3,7,,0,2,4,2,B01
202000021683,3,33,,0,2,1,2,A01
202000021684,2,7,,0,2,8,2,B01
202000021684,2,7,,0,2,8,2,A01
202000021685,3,7,,0,0,7,1,A01
202000021686,2,31,,0,2,4,21,A01
202000021686,2,31,,0,2,1,21,B01
202000021687,2,7,,0,2,4,23,B01
202000021687,2,10,,0,2,1,1,A01