Num_Acc,senc,catv,occutc,obs,obsm,choc,manv,num_veh
202000021688,1,7,,4,0,2,12,A01
202000021689,2,7,,0,2,4,1,B01
202000021689,2,7,,0,2,1,1,A01
202000021690,2,7,,0,2,1,2,A01
202000021690,2,7,,0,2,4,1,B01
202000021690,2,7,,0,2,4,2,C01
202000021690,2,10,,0,2,4,2,D01
202000021690,2,7,,0,2,4,1,E01
202000021690,2,7,,0,2,1,1,F01
202000021691,2,7,,0,2,1,2,A01
202000021691,2,7,,0,2,4,2,B01
202000021691,2,7,,0,2,4,2,C01
202000021692,1,7,,0,2,1,1,A01
202000021692,1,7,,0,2,4,1,B01
202000021693,1,7,,0,2,6,11,A01
202000021693,2,33,,0,2,2,3,B01
202000021694,2,7,,6,0,1,26,A01
202000021695,1,7,,0,2,3,11,A01
202000021695,1,31,,0,2,7,3,B01
202000021696,2,10,,0,2,2,1,B01
202000021696,2,7,,0,2,3,1,C01
202000021696,2,7,,0,2,5,14,A01
202000021697,2,7,,4,0,7,9,A01
202000021698,1,7,,0,2,4,1,B01
202000021698,1,7,,0,2,2,12,A01
202000021699,1,7,,0,2,3,1,B01
202000021699,1,10,,0,2,5,1,A01
202000021700,1,7,,3,0,3,13,A01
202000021701,1,10,,0,1,1,18,A01
202000021702,2,3,,1,0,1,1,A01
202000021703,3,7,,0,2,1,23,A01
202000021703,3,80,,0,2,8,19,B01
202000021704,1,7,,0,0,0,11,A01
202000021705,3,33,,0,2,1,1,A01
202000021705,3,7,,0,2,5,1,B01
202000021706,3,7,,0,2,5,1,B01
202000021706,3,1,,0,2,8,15,A01
202000021707,3,7,,0,1,1,1,A01
202000021708,0,7,,0,2,3,0,B01
202000021708,0,7,,0,2,0,15,A01
202000021709,0,7,,0,2,1,15,A01
202000021709,0,80,,0,2,8,1,B01
202000021710,1,1,,0,2,7,19,A01
202000021710,1,7,,0,2,1,1,B01
202000021711,2,7,,0,2,3,9,A01
202000021711,2,7,,0,2,1,1,B01
202000021712,1,7,,8,0,1,1,A01
202000021713,1,7,,9,2,1,9,A01
202000021713,1,7,,0,2,2,1,B01
202000021713,2,7,,0,2,6,0,C01
202000021713,1,7,,0,2,4,0,D01
202000021714,1,30,,0,0,4,1,A01
202000021714,1,20,,0,2,0,0,B01
202000021715,3,7,,0,2,1,16,A01
202000021715,3,7,,0,2,7,1,B01
202000021716,1,7,,0,1,3,16,A01
202000021717,1,7,,0,1,1,1,A01
202000021718,1,7,,3,0,1,14,A01
202000021719,2,7,,3,0,1,1,A01
202000021720,1,32,,0,0,0,1,A01
202000021721,3,7,,0,1,1,1,A01
202000021722,3,7,,0,2,3,1,B01
202000021722,3,7,,0,2,1,1,A01
202000021723,1,7,,17,0,1,14,A01
202000021724,0,30,,0,0,0,26,A01
202000021725,2,33,,8,2,1,5,B01
202000021725,2,17,,0,2,7,16,A01
202000021726,2,7,,2,0,1,14,A01
202000021727,3,7,,1,0,1,0,A01
202000021728,2,1,,0,0,1,0,A01
202000021729,1,10,,0,2,2,1,C01
202000021729,2,7,,0,2,3,1,B01
202000021729,2,7,,4,2,6,11,A01
202000021730,1,7,,8,0,1,14,A01
202000021731,1,7,,0,2,5,1,B01
202000021731,1,2,,0,2,0,13,A01
202000021732,0,7,,0,1,0,0,A01
202000021733,1,7,,0,2,1,2,A01
202000021733,1,7,,0,2,4,2,B01
202000021734,1,7,,0,2,3,15,A01
202000021734,2,7,,0,2,2,1,B01
202000021735,1,1,,0,2,3,19,A01
202000021735,2,7,,0,2,1,1,B01
202000021736,1,33,,0,2,3,1,B01
202000021736,1,10,,0,2,2,16,A01
202000021737,3,1,,0,2,8,1,B01
202000021737,3,7,,0,2,1,15,A01
202000021738,2,7,,0,2,3,1,B01
202000021738,1,7,,0,2,2,15,A01
202000021739,1,7,,0,2,3,1,B01
202000021739,3,10,,0,2,1,19,A01
202000021740,1,33,,0,1,1,1,A01
202000021741,3,10,,0,2,1,15,A01
202000021741,3,7,,0,2,3,1,B01
202000021742,3,7,,0,1,1,21,A01
202000021743,3,7,,15,0,8,13,A01
202000021744,3,7,,0,2,4,2,B01
202000021744,3,7,,0,2,1,2,A01
202000021745,1,7,,11,0,2,1,A01
202000021746,3,7,,8,0,1,17,A01
202000021747,2,7,,13,0,2,1,A01
202000021748,1,43,,0,2,1,17,B01
202000021748,2,7,,0,2,3,15,A01
202000021749,1,33,,0,2,2,2,A01
202000021749,1,99,,0,2,6,2,B01
202000021750,2,7,,2,0,7,1,A01
202000021751,1,7,,0,2,4,2,B01
202000021751,1,13,,0,2,1,2,A01
202000021752,2,7,,0,2,1,15,A01
202000021752,1,31,,0,2,1,21,B01
202000021753,1,7,,13,0,0,1,A01
202000021754,3,2,,0,0,7,16,A01
202000021755,1,7,,6,0,0,1,A01
202000021756,0,7,,0,2,3,1,B01
202000021756,0,2,,0,2,3,13,A01
202000021757,1,7,,13,0,1,14,A01
202000021758,1,7,,0,2,2,15,A01
202000021758,2,7,,0,2,3,1,B01
202000021759,2,7,,0,2,3,2,B01
202000021759,1,7,,0,2,3,13,A01
202000021760,3,32,,0,0,3,14,A01
202000021761,3,1,,6,0,1,1,A01
202000021762,1,31,,0,6,8,19,A01
202000021763,1,7,,0,0,0,0,A01
202000021764,2,7,,0,5,3,0,A01
202000021764,1,99,,0,2,7,0,B01
202000021765,1,10,,0,0,6,15,A01
202000021765,1,7,,0,2,1,1,B01
202000021766,1,38,1.0,0,2,3,1,A01
202000021766,2,10,,0,2,1,1,B01
202000021767,1,7,,6,0,1,1,A01
202000021768,2,15,,0,0,5,23,A01
202000021768,2,2,,0,2,1,2,B01
202000021769,2,7,,0,2,3,1,A01
202000021769,1,7,,0,2,3,1,B01
202000021770,3,7,,0,1,2,1,A01
202000021771,1,7,,13,0,3,1,A01
202000021772,0,7,,0,1,4,4,A01
202000021773,3,7,,0,2,7,1,B01
202000021773,1,7,,0,2,1,1,A01
202000021774,1,20,,0,0,6,1,B01
202000021774,1,33,,0,2,1,2,A01
202000021775,1,33,,0,0,7,16,A01
202000021776,0,1,,0,0,0,1,A01
202000021777,1,7,,3,0,1,1,A01
202000021778,2,7,,4,0,1,26,A01
202000021779,2,7,,0,2,7,1,B01
202000021779,2,7,,0,2,8,11,A01
202000021780,2,10,,0,2,1,2,B01
202000021780,2,10,,0,2,5,2,A01
202000021781,1,33,,0,2,1,2,A01
202000021781,1,7,,0,2,4,2,B01
202000021782,1,7,,0,2,4,1,D01
202000021782,1,7,,0,2,4,1,C01
202000021782,1,7,,0,2,4,1,B01
202000021782,1,7,,0,2,1,1,A01
202000021783,1,7,,0,2,4,1,C01
202000021783,1,7,,0,2,1,1,A01
202000021783,1,7,,0,2,4,1,B01
202000021784,1,7,,3,0,1,9,A01
202000021785,2,7,,0,2,1,2,A01
202000021785,2,7,,0,2,4,2,B01
202000021786,1,33,,0,2,4,1,C01
202000021786,2,7,,0,2,1,1,A01
202000021786,2,7,,4,2,1,1,B01
202000021787,2,7,,0,2,1,1,C01
202000021787,2,7,,0,2,4,1,B01
202000021787,2,7,,0,2,4,1,A01
202000021788,2,7,,0,2,3,11,A01
202000021788,2,34,,4,2,7,3,B01
202000021789,2,7,,0,1,1,1,A01
202000021790,3,7,,6,0,7,20,A01
202000021791,1,1,,0,1,1,25,A01
202000021792,1,1,,0,2,8,15,A01
202000021792,1,33,,0,2,7,1,B01
202000021793,2,50,,0,0,0,26,A01
202000021794,1,10,,0,2,7,15,A01
202000021794,1,2,,0,2,1,1,B01
202000021795,3,7,,0,2,7,19,B01
202000021795,3,31,,0,2,8,0,A01
202000021796,2,7,,0,9,4,23,B01
202000021796,1,7,,0,2,1,26,A01
202000021797,1,7,,0,2,3,0,A01
202000021797,1,7,,0,2,3,0,B01
202000021798,3,10,,0,1,1,15,A01
202000021799,0,7,,0,1,1,1,A01
202000021800,0,7,,0,1,1,1,A01
202000021801,0,7,,0,2,1,1,B01
202000021801,0,2,,0,2,1,13,A01
202000021802,2,7,,0,2,3,15,A01
202000021802,1,2,,0,2,8,1,B01
202000021803,2,7,,0,2,2,1,A01
202000021803,2,31,,0,2,5,0,B01
202000021804,2,7,,0,1,3,16,A01
202000021805,3,7,,0,1,2,1,Z01
202000021806,1,1,,0,2,1,1,B01
202000021806,1,7,,0,2,2,1,C01
202000021806,1,7,,1,2,1,19,A01
202000021807,2,7,,0,2,2,15,A01
202000021807,1,2,,0,2,0,0,B01
202000021808,3,32,,0,2,0,0,A01
202000021808,3,7,,0,0,0,10,Z01
202000021809,1,7,,0,2,7,16,B01
202000021809,1,32,,0,2,1,18,A01
202000021810,0,32,,0,2,1,1,A01
202000021810,0,7,,0,2,5,15,B01
202000021811,2,7,,0,1,3,1,A01
202000021812,1,7,,0,2,3,11,A01
202000021812,1,2,,0,2,1,1,B01
202000021813,2,80,,0,1,1,1,A01
202000021814,2,7,,0,2,3,22,A01
202000021814,2,1,,0,2,1,1,B01
202000021815,1,30,,0,2,2,1,B01
202000021815,1,7,,0,2,3,9,A01
202000021816,2,99,,0,0,0,16,A01
202000021817,1,7,,0,2,1,2,A01
202000021817,1,33,,0,2,4,1,B01
202000021818,1,1,,14,0,1,14,A01
202000021819,1,32,,0,2,1,1,A01
202000021819,1,7,,0,2,3,1,B01
202000021820,1,2,,0,2,0,0,B01
202000021820,1,3,,0,2,2,26,A01
202000021821,1,7,,1,0,6,20,A01
202000021822,1,33,,0,6,0,21,A01
202000021823,2,10,,0,1,1,5,A01
202000021824,1,33,,0,2,7,17,A01
202000021824,1,14,,0,2,6,15,B01
202000021825,1,15,,0,2,2,12,A01
202000021825,1,14,,13,0,6,1,B01
202000021826,2,7,,4,2,1,2,A01
202000021826,2,17,,0,0,4,2,B01
202000021827,3,1,,0,1,1,0,A01
202000021828,2,7,,6,2,3,16,A01
202000021828,1,14,,0,2,2,1,B01
202000021829,2,7,,0,1,2,2,A01
202000021829,2,7,,0,2,6,2,B01
202000021830,2,7,,13,0,2,0,A01
202000021831,3,36,,1,0,2,13,A01
202000021832,0,7,,0,9,1,19,A01
202000021832,0,1,,0,2,7,1,B01
202000021833,2,7,,6,0,2,14,A01
202000021834,2,7,,6,0,1,13,A01
202000021835,2,31,,0,2,1,1,B01
202000021835,1,7,,0,0,8,20,A01
202000021836,3,7,,2,0,3,1,A01
202000021837,1,10,,3,0,9,17,A01
202000021838,1,38,1.0,0,2,7,2,A01
202000021838,1,1,,0,2,8,15,B01
202000021839,1,7,,0,2,2,15,A01
202000021839,2,7,,0,2,1,1,B01
202000021840,1,7,,2,0,1,0,A01
202000021841,2,7,,0,9,3,9,A01
202000021841,2,1,,0,2,2,1,B01
202000021842,1,2,,0,2,1,2,B01
202000021842,0,7,,0,0,6,1,A01
202000021843,0,7,,0,2,1,1,B01
202000021843,0,7,,0,2,2,15,A01
202000021844,1,15,,0,2,8,1,B01
202000021844,2,7,,0,2,3,5,A01
202000021845,2,7,,13,0,3,0,A01
202000021846,2,43,,7,0,1,1,A01
202000021847,2,33,,6,0,1,0,A01
202000021848,3,7,,0,2,3,9,A01
202000021848,1,34,,0,2,1,1,B01
202000021849,2,33,,0,2,2,1,B01
202000021849,1,7,,0,2,5,15,A01
202000021850,1,38,1.0,0,0,7,15,B01
202000021850,2,2,,0,2,1,1,A01
202000021851,1,7,,0,0,1,13,A01
202000021852,1,7,,0,2,2,17,A01
202000021852,2,7,,0,2,8,1,B01
202000021853,1,7,,0,1,1,15,A01
202000021854,2,7,,0,1,1,16,A01
202000021855,1,7,,0,2,2,12,A01
202000021855,1,7,,0,2,6,2,B01
202000021856,1,7,,0,2,2,9,A01
202000021856,1,7,,0,2,8,1,B01
202000021857,3,33,,0,2,1,5,A01
202000021857,3,7,,0,2,2,23,B01
202000021857,3,7,,0,2,3,23,C01
202000021858,2,10,,0,2,2,9,A01
202000021858,1,2,,0,2,1,21,B01
202000021859,1,7,,0,1,3,1,A01
202000021860,1,32,,0,1,1,1,A01
202000021861,3,10,,0,1,1,1,A01
202000021862,1,0,,0,0,0,26,A01
202000021863,0,7,,0,1,7,14,A01
202000021864,1,7,,11,1,1,13,A01
202000021865,2,7,,0,2,3,1,B01
202000021865,1,7,,0,2,2,15,A01
202000021866,3,7,,0,2,1,1,B01
202000021866,3,50,,0,2,1,5,A01
202000021867,1,1,,0,2,8,1,B01
202000021867,1,7,,0,2,7,14,A01
202000021868,1,7,,0,2,5,16,B01
202000021868,1,7,,0,2,3,16,A01
202000021869,1,7,,0,2,4,2,C01
202000021869,1,7,,0,2,1,2,B01
202000021869,1,7,,0,2,0,9,A01
202000021870,1,30,,0,2,8,1,B01
202000021870,1,7,,0,2,0,0,Z01
202000021871,2,1,,1,0,1,1,B01
202000021871,2,10,,1,0,8,22,A01
202000021872,1,7,,0,1,0,26,A01
202000021873,2,7,,0,0,0,0,A01
202000021873,1,7,,0,2,0,0,B01
202000021874,1,7,,0,2,4,4,A01
202000021874,1,1,,0,2,1,1,B01
202000021875,3,1,,0,2,0,1,B01
202000021875,3,30,,0,2,0,1,A01
202000021876,2,33,,0,2,0,1,B01
202000021876,2,7,,0,2,8,19,A01
202000021877,2,7,,0,1,1,16,A01
202000021878,3,7,,0,2,6,16,A01
202000021878,0,33,,0,2,1,1,B01
202000021879,0,7,,0,2,2,15,A01
202000021879,0,31,,0,2,3,0,B01
202000021880,0,1,,0,2,4,15,B01
202000021880,0,7,,0,2,1,9,A01
202000021881,3,40,,0,2,3,1,B01
202000021881,3,7,,0,-1,2,1,A01
202000021882,3,33,,14,0,1,1,A01
202000021883,2,33,,0,2,1,1,B01
202000021883,2,7,,0,2,2,1,A01
202000021884,1,7,,8,0,0,26,A01
202000021885,0,10,,0,2,1,1,B01
202000021885,0,7,,0,2,1,1,A01
202000021886,2,7,,0,1,1,0,A01
202000021887,1,1,,0,0,6,12,B01
202000021887,1,2,,0,2,1,1,A01
202000021888,2,7,,0,2,1,15,A01
202000021888,2,7,,0,2,4,23,C01
202000021888,1,7,,0,2,2,1,B01
202000021889,2,7,,0,2,2,15,A01
202000021889,2,7,,0,2,3,15,B01
202000021890,1,7,,0,1,1,15,A01
202000021891,2,7,,8,0,2,1,A01
202000021892,2,7,,0,1,0,15,A01
202000021893,1,1,,0,0,0,1,A01
202000021894,1,2,,0,2,1,1,B01
202000021894,2,10,,0,2,2,15,A01
202000021895,1,33,,0,2,8,21,B01
202000021895,1,7,,0,2,2,13,A01
202000021896,1,7,,12,2,5,15,A01
202000021896,1,7,,2,2,3,1,B01
202000021897,3,7,,0,2,1,2,A01
202000021897,1,7,,0,2,4,2,B01
202000021898,1,30,,0,2,1,17,B01
202000021898,1,10,,0,2,3,15,A01
202000021899,1,30,,0,2,6,2,A01
202000021899,1,7,,0,2,6,2,B01
202000021900,1,15,,0,2,7,2,A01
202000021900,1,7,,0,2,8,2,B01
202000021901,1,10,,0,2,3,15,B01
202000021901,1,43,,0,2,2,17,A01
202000021902,2,2,,0,2,1,1,B01
202000021902,2,7,,0,2,8,20,A01
202000021903,1,7,,0,2,1,15,B01
202000021903,2,7,,0,2,2,1,A01
202000021904,1,32,,0,2,2,16,A01
202000021904,1,1,,0,2,8,1,B01
202000021905,1,10,,0,2,5,1,B01
202000021905,1,30,,0,2,1,11,A01
202000021906,1,30,,0,2,1,1,A01
202000021906,1,33,,0,0,4,23,B01
202000021907,2,7,,0,2,1,18,A01
202000021907,2,2,,0,2,4,15,B01
202000021908,1,50,,0,0,0,1,A01
202000021909,1,7,,0,1,2,1,A01
202000021910,2,10,,0,2,8,22,B01
202000021910,2,1,,0,2,7,1,A01
202000021911,2,1,,0,2,1,1,B01
202000021911,2,10,,0,2,7,16,A01
202000021912,1,7,,0,2,0,16,B01
202000021912,1,30,,0,2,8,18,A01
202000021913,2,1,,0,2,5,1,A01
202000021913,1,7,,0,2,1,1,B01
202000021914,2,7,,0,2,0,1,C01
202000021914,2,7,,0,2,0,1,B01
202000021914,2,1,,0,2,0,1,A01
202000021915,1,7,,1,0,2,9,A01
202000021915,2,1,,0,2,1,1,B01
202000021916,2,7,,0,0,6,2,B01
202000021916,2,32,,0,2,1,2,A01
202000021917,1,7,,0,2,2,10,A01
202000021917,2,33,,0,2,1,1,B01
202000021918,1,14,,0,2,7,15,A01
202000021918,2,31,,0,2,1,1,B01
202000021919,1,7,,0,2,5,1,B01
202000021919,1,10,,0,2,3,9,A01
202000021920,2,32,,0,2,2,1,B01
202000021920,2,7,,0,2,3,16,A01
202000021921,2,10,,0,1,2,17,A01
202000021922,0,7,,0,2,1,1,B01
202000021922,3,7,,0,2,7,16,A01
202000021923,1,32,,0,1,1,21,A01
202000021924,1,7,,0,2,1,26,A01
202000021924,1,7,,0,1,4,0,B01
202000021925,2,7,,0,2,3,9,B01
202000021925,2,32,,0,2,3,2,A01
202000021926,-1,7,,0,1,3,15,A01
202000021927,2,10,,0,2,6,20,B01
202000021927,2,10,,0,2,2,2,A01
202000021928,3,7,,0,2,5,23,B01
202000021928,3,7,,0,2,1,1,A01
202000021929,3,7,,0,2,2,1,B01
202000021929,1,32,,9,2,1,1,A01
202000021930,2,2,,0,2,3,1,B01
202000021930,2,7,,0,2,0,0,Z01
202000021931,1,34,,0,2,3,1,B01
202000021931,2,7,,0,2,3,15,A01
202000021932,2,7,,0,2,1,1,B01
202000021932,1,21,,0,2,1,1,A01
202000021933,1,7,,0,2,1,15,A01
202000021933,1,7,,0,2,1,2,B01
202000021934,1,7,,2,0,1,1,A01
202000021935,3,2,,0,0,7,1,A01
202000021936,2,7,,8,0,1,13,A01
202000021937,2,7,,0,2,1,1,A01
202000021937,2,7,,0,0,5,16,B01
202000021938,1,33,,8,0,1,1,A01
202000021939,0,80,,0,2,1,1,B01
202000021939,0,7,,0,9,3,1,A01
202000021940,3,7,,15,0,1,1,A01
202000021941,2,7,,13,0,3,1,A01
202000021942,2,7,,13,0,9,0,A01
202000021943,3,7,,0,0,3,1,B01
202000021943,1,15,,0,0,3,1,A01
202000021944,0,2,,1,0,0,23,A01
202000021945,3,7,,0,2,3,15,A01
202000021945,3,1,,0,2,1,5,B01
202000021946,2,1,,0,0,4,1,B01
202000021946,2,7,,0,9,3,14,A01
202000021947,2,2,,0,2,8,26,B01
202000021947,2,7,,0,2,1,18,A01
202000021948,3,7,,0,2,3,15,A01
202000021948,1,2,,0,2,2,1,B01
202000021949,2,33,,13,0,0,1,A01
202000021950,1,7,,4,0,8,1,A01
202000021951,1,7,,3,0,3,1,A01
202000021952,2,7,,8,0,9,14,A01
202000021953,1,7,,0,2,1,13,A01
202000021953,2,38,1.0,0,2,3,1,B01
202000021954,0,7,,0,2,5,19,A01
202000021954,0,34,,0,2,5,1,B01
202000021955,0,1,,0,0,4,0,A01
202000021955,0,99,,0,9,2,2,B01
202000021956,2,7,,0,0,9,1,A01
202000021957,3,2,,1,0,1,26,A01
202000021958,0,10,,0,2,5,20,A01
202000021958,0,1,,0,2,1,2,B01
202000021959,3,7,,0,0,7,16,A01
202000021959,0,1,,0,2,1,1,B01
202000021960,2,7,,0,9,6,1,B01
202000021960,1,1,,0,2,0,1,A01
202000021961,3,7,,0,1,1,15,A01
202000021962,0,7,,15,2,1,1,B01
202000021962,3,10,,7,0,2,19,A01
202000021963,3,7,,8,0,2,1,A01
202000021964,3,7,,0,2,1,15,B01
202000021964,3,7,,0,2,1,1,A01
202000021965,1,7,,0,2,1,1,B01
202000021965,2,7,,0,2,1,17,A01
202000021966,2,7,,0,1,2,1,A01
202000021967,2,7,,0,2,3,13,A01
202000021967,1,7,,0,2,3,1,B01
202000021968,1,7,,0,2,1,1,B01
202000021968,2,7,,0,2,1,15,A01
202000021969,3,7,,9,0,8,1,A01
202000021970,2,10,,0,2,3,21,B01
202000021970,2,7,,0,2,5,15,A01
202000021971,1,7,,0,0,1,2,A01
202000021971,1,7,,0,0,4,2,B01
202000021972,1,7,,0,2,3,2,C01
202000021972,1,7,,0,2,1,2,B01
202000021972,1,7,,0,0,4,1,A01
202000021973,1,7,,0,2,6,1,B01
202000021973,1,7,,0,2,2,12,A01
202000021974,2,7,,0,2,7,1,A01
202000021974,2,32,,0,2,8,3,B01
202000021975,1,10,,0,2,1,2,A01
202000021975,1,7,,0,2,4,2,B01
202000021976,1,7,,5,0,1,13,A01
202000021977,2,7,,4,0,3,13,A01
202000021978,1,7,,0,2,4,2,C01
202000021978,1,7,,0,2,4,2,B01
202000021978,1,7,,0,2,1,2,A01
202000021979,2,7,,0,2,4,1,A01
202000021979,2,7,,0,2,1,1,B01
202000021980,2,7,,0,2,4,1,B01
202000021980,2,7,,0,2,1,1,A01
202000021981,1,7,,0,2,6,2,C01
202000021981,1,7,,0,2,4,2,D01
202000021981,1,7,,0,2,4,2,B01
202000021981,1,7,,0,2,1,2,A01
202000021982,1,33,,0,2,8,1,A01
202000021982,1,7,,0,2,7,12,B01
202000021983,1,7,,0,2,3,2,B01
202000021983,1,7,,0,2,1,2,A01
202000021984,2,10,,0,2,4,1,B01
202000021984,2,10,,0,2,1,2,A01
202000021985,1,7,,0,2,4,2,B01
202000021985,1,7,,0,2,1,2,A01
202000021986,1,7,,0,2,2,2,A01
202000021986,2,10,,0,2,1,1,B01
202000021986,1,7,,0,2,4,1,C01
202000021987,1,7,,0,2,4,2,C01
202000021987,1,32,,0,2,1,2,A01
202000021987,1,7,,0,2,1,2,B01
202000021988,1,7,,0,2,2,14,A01
202000021988,1,7,,0,2,6,1,B01
202000021989,2,7,,1,2,3,2,A01
202000021989,2,7,,0,2,5,2,B01
202000021990,1,7,,0,2,4,2,C01
202000021990,1,7,,0,2,1,2,A01
202000021990,1,7,,0,2,4,2,B01
202000021991,1,10,,0,2,1,1,Z01
202000021991,1,7,,0,2,4,1,B01
202000021992,2,7,,4,0,1,14,A01
202000021993,2,7,,0,2,4,2,B01
202000021993,2,7,,0,2,1,2,A01
202000021994,2,33,,0,0,9,1,A01
202000021995,2,31,,0,2,8,3,B01
202000021995,2,7,,0,2,7,12,A01
202000021996,2,33,,0,2,3,3,A01
202000021996,2,7,,0,2,5,1,B01
202000021997,1,7,,0,1,3,2,A01
202000021998,0,7,,0,1,1,1,A01
202000021999,1,7,,0,1,1,15,A01
202000022000,1,7,,0,2,8,26,B01
202000022000,1,2,,0,2,1,26,A01
202000022001,0,7,,0,2,3,0,D01
202000022001,3,7,,0,2,3,1,B01
202000022001,3,7,,12,2,1,1,A01
202000022002,1,2,,0,2,1,1,B01
202000022002,1,7,,0,2,3,15,A01
202000022003,2,32,,0,2,1,1,B01
202000022003,1,7,,0,2,3,15,A01
202000022004,2,7,,1,0,3,13,A01
202000022005,1,10,,0,9,8,1,A01
202000022005,1,50,,0,2,1,19,B01
202000022006,1,7,,0,2,5,15,A01
202000022006,2,34,,0,2,1,1,B01
202000022007,2,7,,0,2,1,2,A01
202000022007,2,7,,0,2,5,1,B01
202000022007,2,10,,0,2,1,2,C01
202000022007,2,7,,0,2,0,0,D01
202000022008,2,7,,0,2,7,16,A01
202000022008,2,0,,0,2,0,0,B01
202000022009,2,7,,0,2,8,24,C01
202000022009,1,7,,0,2,4,1,B01
202000022009,1,7,,0,2,1,2,A01
202000022010,1,31,,0,1,1,1,A01
202000022011,2,31,,0,0,2,1,A01
202000022011,1,10,,0,0,0,0,B01
202000022012,0,3,,0,2,4,2,B01
202000022012,1,7,,0,2,2,2,A01
202000022013,3,33,,0,2,7,1,B01
202000022013,3,7,,0,2,8,1,A01
202000022014,1,7,,0,2,5,1,B01
202000022014,1,7,,0,2,3,1,A01
202000022015,3,10,,0,1,4,20,A01
202000022016,2,7,,0,1,1,19,A01
202000022017,3,7,,0,2,2,15,A01
202000022017,3,7,,0,2,3,1,B01
202000022018,2,13,,0,2,1,1,C01
202000022018,2,7,,0,2,1,1,B01
202000022018,2,7,,0,2,1,1,A01
202000022019,2,7,,0,2,4,2,B01
202000022019,2,14,,0,2,1,2,A01
202000022020,1,80,,0,0,1,14,A01
202000022021,2,7,,0,2,3,26,B01
202000022021,1,7,,0,2,3,13,A01
202000022022,1,2,,0,2,2,2,A01
202000022022,1,7,,0,2,6,1,B01
202000022023,0,7,,0,2,2,1,A01
202000022023,0,7,,0,2,3,15,B01
202000022024,0,7,,0,1,1,1,A01
202000022025,0,7,,0,2,1,13,A01
202000022025,0,7,,0,2,3,1,B01
202000022026,1,7,,0,1,2,26,A01
202000022027,1,33,,9,0,1,1,B01
202000022027,2,7,,9,2,3,15,A01
202000022028,3,37,1.0,0,1,7,1,A01
202000022029,1,7,,0,1,1,17,A01
202000022030,3,30,,0,0,0,0,A01
202000022031,1,7,,0,1,2,1,A01
202000022032,3,7,,0,2,3,1,A01
202000022032,3,7,,0,2,0,0,B01
202000022033,1,10,,0,2,3,9,A01
202000022033,1,36,,1,2,7,2,B01
202000022034,1,7,,0,2,3,15,A01
202000022034,2,34,,0,2,3,1,B01
202000022035,0,7,,0,2,1,9,A01
202000022035,0,7,,0,2,7,1,B01
202000022036,2,7,,0,2,2,15,A01
202000022036,1,7,,0,2,3,1,B01
202000022037,1,1,,0,2,1,1,A01
202000022037,2,7,,0,2,3,1,B01
202000022038,2,30,,0,2,1,19,A01
202000022038,2,7,,0,2,8,1,B01
202000022039,3,33,,0,0,7,1,A01
202000022040,1,33,,0,2,3,1,B01
202000022040,1,7,,0,2,6,11,A01
202000022041,2,7,,0,2,1,1,B01
202000022041,1,7,,15,2,7,15,A01
202000022042,1,7,,0,1,2,1,A01
202000022043,1,1,,0,2,1,19,B01
202000022043,1,7,,0,2,3,16,A01
202000022044,2,7,,0,2,2,1,A01
202000022044,2,1,,0,2,8,9,B01
202000022045,1,1,,0,2,8,15,B01
202000022045,1,7,,0,2,7,17,A01
202000022046,1,7,,0,1,4,4,Z01
202000022047,1,7,,0,2,4,2,B01
202000022047,1,7,,0,2,1,2,A01
202000022048,1,7,,0,1,1,20,A01
202000022049,1,7,,0,2,8,15,A01
202000022049,2,2,,0,2,1,1,B01
202000022050,3,7,,7,0,2,26,A01
202000022051,3,7,,0,1,3,1,A01
202000022052,3,7,,0,1,3,1,A01
202000022053,1,7,,0,2,1,1,B01
202000022053,1,7,,0,2,1,1,A01
202000022054,1,7,,0,2,0,0,A01
202000022054,1,7,,0,2,0,0,B01
202000022055,0,7,,0,2,0,0,B01
202000022055,1,1,,0,2,0,1,A01
202000022056,1,30,,0,0,0,1,A01
202000022057,1,7,,0,2,6,13,A01
202000022057,2,7,,0,2,1,1,B01
202000022058,1,7,,0,1,1,1,A01
202000022059,2,7,,0,2,0,0,B01
202000022059,2,7,,0,2,3,26,A01
202000022060,3,1,,0,9,1,0,B01
202000022060,3,1,,0,9,1,17,A01
202000022061,1,31,,0,2,3,7,A01
202000022061,1,7,,0,2,2,16,B01
202000022062,3,7,,0,2,8,1,B01
202000022062,3,15,,0,2,2,12,A01
202000022063,3,33,,0,2,0,17,A01
202000022063,3,7,,0,2,1,1,B01
202000022064,1,31,,0,2,1,1,B01
202000022064,2,7,,0,2,2,1,A01
202000022065,3,7,,0,2,1,2,A01
202000022065,3,7,,0,2,4,2,B01
202000022066,1,7,,1,0,2,1,A01
202000022067,1,7,,0,1,1,1,A01
202000022068,1,7,,0,0,0,0,B01
202000022068,1,7,,0,2,3,1,A01
202000022069,2,7,,0,1,1,26,A01
202000022070,0,34,,0,2,1,1,B01
202000022070,0,31,,0,2,4,16,A01
202000022071,0,1,,0,2,8,19,B01
202000022071,1,7,,0,2,2,1,A01
202000022072,2,7,,0,2,7,14,A01
202000022072,2,32,,0,2,1,1,B01
202000022073,0,10,,0,1,3,1,A01
202000022074,3,7,,0,9,2,1,A01
202000022074,3,1,,0,2,1,0,B01
202000022075,1,7,,0,2,3,22,A01