Num_Acc,senc,catv,occutc,obs,obsm,choc,manv,num_veh
202000022075,1,1,,0,2,3,1,B01
202000022076,0,7,,0,2,7,19,A01
202000022076,2,1,,0,2,1,1,B01
202000022077,2,33,,0,9,3,1,A01
202000022078,0,10,,0,1,1,1,A01
202000022078,2,7,,0,1,3,1,C01
202000022078,2,7,,0,1,8,1,B01
202000022079,1,7,,0,2,1,13,A01
202000022079,2,7,,0,2,2,1,B01
202000022080,1,7,,0,2,2,17,A01
202000022080,1,14,,0,2,6,0,B01
202000022081,1,7,,0,2,1,1,A01
202000022081,1,7,,0,2,4,1,B01
202000022082,3,7,,12,0,2,13,A01
202000022083,2,7,,0,2,1,1,A01
202000022083,1,33,,0,2,7,1,B01
202000022084,2,7,,0,2,1,0,B01
202000022084,2,7,,0,2,3,0,A01
202000022085,1,33,,0,2,7,15,A01
202000022085,2,7,,0,2,1,1,B01
202000022086,2,50,,0,2,2,19,B01
202000022086,2,7,,0,2,3,2,A01
202000022087,3,10,,0,2,3,9,A01
202000022087,1,31,,0,2,8,1,B01
202000022088,3,7,,1,2,3,15,A01
202000022088,3,1,,1,0,2,1,B01
202000022089,3,7,,0,2,1,9,A01
202000022089,1,2,,0,2,7,1,B01
202000022090,1,7,,0,1,4,4,A01
202000022091,1,10,,0,2,3,15,A01
202000022091,1,10,,0,2,1,1,B01
202000022092,1,7,,0,1,0,15,A01
202000022093,2,7,,0,1,1,1,A01
202000022094,1,7,,0,2,1,9,A01
202000022094,1,32,,0,1,4,2,B01
202000022095,0,1,,0,2,1,19,A01
202000022095,3,7,,0,2,7,1,B01
202000022096,2,7,,0,2,3,16,A01
202000022096,3,1,,0,2,5,1,B01
202000022097,1,1,,0,2,8,11,A01
202000022097,1,7,,0,2,1,1,B01
202000022098,1,2,,0,2,6,2,B01
202000022098,1,2,,0,2,2,17,A01
202000022099,1,30,,0,1,1,18,A01
202000022100,1,10,,0,2,4,2,B01
202000022100,1,33,,0,2,1,1,A01
202000022101,2,7,,0,2,5,22,A01
202000022101,2,1,,0,2,1,18,B01
202000022102,1,1,,0,2,0,1,B01
202000022102,1,1,,0,2,0,1,A01
202000022103,2,32,,0,2,2,17,B01
202000022103,2,7,,0,2,3,15,A01
202000022104,1,50,,0,2,5,23,B01
202000022104,1,10,,0,2,8,1,A01
202000022105,1,7,,0,2,3,15,B01
202000022105,2,30,,0,2,2,17,A01
202000022106,2,10,,0,2,2,16,A01
202000022106,1,1,,0,2,3,1,B01
202000022107,1,10,,0,2,1,1,A01
202000022107,1,7,,0,2,4,23,B01
202000022108,2,7,,0,2,1,15,A01
202000022108,1,32,,0,2,0,1,B01
202000022109,2,7,,0,2,7,1,B01
202000022109,2,1,,0,2,1,19,A01
202000022110,1,32,,0,1,1,1,A01
202000022111,2,7,,0,2,5,22,A01
202000022111,2,1,,0,2,3,18,B01
202000022112,3,7,,7,0,3,15,A01
202000022113,1,7,,0,1,2,16,Z01
202000022114,1,30,,0,2,7,1,B01
202000022114,1,50,,0,2,1,19,A01
202000022115,1,14,,0,2,0,16,B01
202000022115,1,7,,0,2,3,18,A01
202000022116,1,7,,0,1,3,7,A01
202000022117,2,80,,0,2,1,1,A01
202000022117,2,10,,0,2,3,1,B01
202000022118,1,1,,0,0,1,1,A01
202000022119,1,31,,0,1,1,18,A01
202000022120,1,7,,0,1,1,16,A01
202000022121,1,7,,0,2,4,1,C01
202000022121,1,7,,0,2,1,2,A01
202000022121,3,7,,0,2,4,1,B01
202000022122,-1,7,,0,2,4,23,A01
202000022122,-1,15,,0,2,1,0,B01
202000022123,-1,32,,0,2,3,1,C01
202000022123,1,32,,0,2,3,1,B01
202000022123,-1,7,,0,0,0,0,A01
202000022124,1,30,,0,2,1,1,A01
202000022124,1,1,,0,2,8,1,B01
202000022125,2,30,,0,1,1,26,A01
202000022126,0,7,,0,2,3,1,A01
202000022126,0,60,,0,2,0,0,Y01
202000022127,0,34,,0,1,1,26,A01
202000022128,2,1,,8,0,2,14,A01
202000022129,2,99,,1,2,1,14,A01
202000022129,1,31,,0,2,1,1,B01
202000022130,2,7,,0,2,2,1,A01
202000022130,2,1,,0,0,3,1,B01
202000022131,0,7,,0,2,2,2,B01
202000022131,0,7,,0,2,3,10,A01
202000022132,2,10,,0,1,3,15,A01
202000022133,1,7,,0,2,3,1,B01
202000022133,2,32,,0,2,8,1,A01
202000022134,2,10,,0,1,4,4,Z01
202000022135,2,1,,0,2,1,1,B01
202000022135,2,7,,0,2,8,22,A01
202000022136,2,10,,0,2,1,9,B01
202000022136,2,2,,0,2,7,1,A01
202000022137,3,37,1.0,0,1,1,1,A01
202000022138,2,33,,0,2,1,1,B01
202000022138,1,7,,0,2,1,15,A01
202000022139,1,33,,15,0,1,14,A01
202000022140,2,7,,0,1,2,1,A01
202000022141,2,1,,0,0,4,2,B01
202000022141,2,10,,0,1,1,2,A01
202000022142,2,14,,0,2,3,1,B01
202000022142,1,7,,0,2,1,5,A01
202000022143,1,10,,6,0,1,1,A01
202000022144,0,7,,0,2,2,15,A01
202000022144,2,33,,1,2,3,1,B01
202000022144,1,7,,0,2,8,1,D01
202000022145,3,7,,5,0,1,0,A01
202000022146,2,10,,0,0,3,15,A01
202000022146,1,7,,0,0,3,1,B01
202000022147,3,33,,0,0,9,26,B01
202000022147,0,33,,0,0,9,19,A01
202000022148,3,7,,0,1,4,4,A01
202000022149,2,7,,0,0,9,0,A01
202000022150,3,14,,0,2,8,1,B01
202000022150,3,1,,0,2,3,13,A01
202000022151,1,14,,0,2,2,24,B01
202000022151,2,7,,1,0,2,1,A01
202000022152,1,7,,8,0,4,2,B01
202000022152,1,10,,0,2,1,2,A01
202000022153,2,33,,0,9,1,1,A01
202000022153,2,1,,0,0,8,15,B01
202000022154,1,33,,0,0,7,1,A01
202000022155,1,2,,8,0,7,14,A01
202000022156,3,7,,0,0,0,1,A01
202000022156,3,14,,0,0,0,1,B01
202000022157,1,7,,0,2,1,1,B01
202000022157,2,10,,0,2,1,5,A01
202000022158,2,17,,0,2,8,1,A01
202000022158,1,17,,0,2,1,1,B01
202000022159,3,7,,0,1,3,1,A01
202000022160,1,7,,13,0,1,1,A01
202000022161,3,1,,14,0,1,1,A01
202000022162,1,10,,0,2,2,16,B01
202000022162,1,30,,0,2,1,1,A01
202000022163,1,32,,0,2,4,2,A01
202000022163,0,7,,0,2,4,15,B01
202000022164,1,34,,0,2,1,1,B01
202000022164,2,7,,0,2,2,15,A01
202000022165,1,7,,15,0,1,21,A01
202000022166,3,32,,0,2,2,15,B01
202000022166,3,7,,0,2,3,1,A01
202000022167,1,7,,0,2,8,15,B01
202000022167,1,30,,0,2,0,0,A01
202000022168,3,7,,0,1,4,26,A01
202000022169,3,7,,0,2,3,1,A01
202000022169,3,7,,0,1,7,1,B01
202000022170,2,7,,0,1,1,1,A01
202000022171,3,50,,12,0,1,26,A01
202000022172,1,10,,0,2,1,26,A01
202000022172,2,7,,0,2,1,26,B01
202000022173,3,10,,0,1,4,26,A01
202000022174,3,7,,15,0,1,9,A01
202000022175,2,7,,0,0,0,0,B01
202000022175,2,10,,0,2,2,14,A01
202000022176,2,7,,0,1,2,16,B01
202000022177,2,30,,0,2,1,19,A01
202000022177,1,30,,0,2,0,19,B01
202000022178,1,31,,0,0,2,1,A01
202000022179,0,7,,6,0,1,1,A01
202000022180,2,50,,0,2,1,1,A01
202000022180,1,7,,0,2,8,22,B01
202000022181,1,7,,0,1,7,16,A01
202000022182,2,30,,12,0,2,16,A01
202000022183,1,7,,0,2,1,1,B01
202000022183,3,7,,13,2,7,1,A01
202000022184,3,7,,7,0,3,2,A01
202000022185,1,33,,8,0,1,0,A01
202000022186,2,33,,0,0,0,1,A01
202000022187,1,7,,-1,2,2,19,D01
202000022187,1,33,,0,2,3,1,B01
202000022188,3,21,,0,0,0,10,A01
202000022189,2,60,,0,0,9,1,A01
202000022190,3,2,,0,1,1,21,A01
202000022191,2,7,,2,0,3,1,A01
202000022192,2,50,,0,0,8,1,B01
202000022192,1,7,,0,2,3,1,A01
202000022193,2,7,,6,0,3,1,A01
202000022194,2,7,,13,0,1,2,A01
202000022195,1,32,,0,2,2,1,B01
202000022195,1,10,,0,2,1,9,A01
202000022196,2,7,,0,0,0,26,A01
202000022197,1,34,,4,0,1,1,A01
202000022198,2,7,,0,2,7,21,C01
202000022198,2,7,,0,2,4,2,B01
202000022198,2,7,,0,2,1,2,A01
202000022199,2,7,,0,2,4,2,D01
202000022199,2,7,,0,2,1,2,C01
202000022199,2,10,,0,2,1,2,B01
202000022199,2,7,,0,2,1,2,A01
202000022200,1,43,,0,0,9,11,A01
202000022201,1,1,,0,2,4,1,B01
202000022201,0,7,,0,9,1,16,A01
202000022202,3,20,,14,0,6,1,B01
202000022202,3,99,,0,2,2,17,A01
202000022203,2,80,,0,2,1,1,B01
202000022203,1,7,,0,2,1,15,A01
202000022204,1,7,,0,2,8,13,A01
202000022204,1,7,,0,2,7,17,B01
202000022205,2,2,,12,0,8,1,A01
202000022206,1,7,,0,1,3,15,A01
202000022207,2,10,,1,1,3,1,A01
202000022208,2,7,,0,2,3,15,B01
202000022208,1,31,,0,2,1,1,A01
202000022209,1,7,,0,2,2,1,A01
202000022209,1,7,,0,0,6,10,B01
202000022210,2,7,,1,0,2,14,A01
202000022211,3,7,,0,1,3,15,A01
202000022212,2,7,,0,2,2,1,B01
202000022212,1,7,,7,2,1,9,A01
202000022213,2,15,,0,2,1,1,B01
202000022213,1,7,,0,2,1,17,A01
202000022214,1,7,,0,2,3,17,A01
202000022214,2,33,,0,2,1,1,B01
202000022215,1,37,0.0,0,1,7,1,Z01
202000022216,2,1,,0,2,1,1,A01
202000022216,1,7,,0,2,2,1,B01
202000022217,1,7,,0,1,3,1,A01
202000022218,2,1,,0,0,0,1,A01
202000022219,1,7,,0,2,1,16,B01
202000022219,3,7,,0,2,2,1,A01
202000022220,1,7,,0,2,2,1,A01
202000022220,1,10,,0,2,4,23,B01
202000022221,2,7,,0,2,2,10,A01
202000022221,1,33,,0,2,8,1,B01
202000022222,2,2,,0,0,0,21,A01
202000022223,1,10,,0,1,0,4,A01
202000022224,1,30,,0,2,3,15,A01
202000022224,1,1,,0,2,1,1,B01
202000022225,1,7,,0,1,1,15,A01
202000022226,1,7,,0,0,0,15,B01
202000022226,1,30,,0,2,7,21,A01
202000022227,3,33,,0,1,3,19,A01
202000022228,1,2,,0,9,1,1,A01
202000022229,1,7,,0,0,0,1,A01
202000022230,2,10,,0,0,3,15,A01
202000022230,2,30,,0,2,3,1,B01
202000022231,2,33,,15,2,8,1,C01
202000022231,1,7,,0,2,2,1,A01
202000022231,1,7,,0,2,6,1,B01
202000022232,1,2,,6,0,1,1,A01
202000022233,3,7,,0,2,7,19,A01
202000022233,2,33,,0,2,1,1,B01
202000022234,2,21,,0,2,3,9,A01
202000022234,2,2,,0,2,1,1,B01
202000022235,3,10,,0,2,1,1,B01
202000022235,3,7,,0,2,1,1,A01
202000022236,1,80,,0,0,0,1,A01
202000022237,2,33,,2,0,1,14,A01
202000022238,1,2,,0,2,1,15,A01
202000022238,2,7,,0,2,3,1,B01
202000022239,2,7,,13,0,1,1,A01
202000022240,2,17,,3,0,2,14,A01
202000022241,1,7,,0,0,4,23,C01
202000022241,1,17,,0,2,1,1,A01
202000022241,1,17,,0,2,4,23,B01
202000022242,1,7,,3,0,3,0,A01
202000022243,1,15,,0,2,3,1,B01
202000022243,2,10,,0,2,3,13,A01
202000022244,0,10,,2,0,8,14,A01
202000022245,1,7,,2,0,1,1,A01
202000022246,1,33,,0,2,1,17,B01
202000022246,1,7,,0,2,6,15,A01
202000022246,1,7,,0,0,0,1,C01
202000022247,1,7,,13,0,1,1,A01
202000022248,1,33,,0,2,1,1,B01
202000022248,1,7,,0,2,8,20,A01
202000022249,2,10,,4,0,1,1,A01
202000022250,2,33,,0,0,7,1,A01
202000022251,2,10,,0,5,1,14,A01
202000022252,2,10,,0,2,1,2,A01
202000022252,2,7,,0,2,4,24,B01
202000022253,2,7,,4,0,1,21,A01
202000022254,2,7,,0,2,5,23,B01
202000022254,2,7,,1,2,3,21,A01
202000022254,2,10,,0,2,6,1,C01
202000022255,1,33,,4,0,1,1,A01
202000022256,2,7,,0,1,1,17,A01
202000022257,2,7,,0,1,1,1,A01
202000022258,2,7,,0,0,3,1,A01
202000022258,2,2,,0,0,3,0,B01
202000022259,2,10,,0,2,1,1,A01
202000022259,2,7,,0,2,4,1,B01
202000022260,2,7,,2,0,1,1,A01
202000022261,1,7,,15,0,3,13,A01
202000022262,1,7,,0,2,3,9,A01
202000022262,1,33,,0,2,1,1,B01
202000022263,1,30,,0,2,3,5,A01
202000022263,2,10,,0,2,3,1,B01
202000022264,3,7,,3,0,9,13,A01
202000022265,1,7,,6,0,3,13,A01
202000022266,2,7,,0,2,1,0,A01
202000022266,3,7,,0,2,1,26,B01
202000022267,1,7,,0,2,1,1,A01
202000022267,0,7,,0,2,8,1,B01
202000022268,2,7,,2,0,1,13,A01
202000022269,2,10,,0,2,1,1,B01
202000022269,2,7,,8,2,0,10,A01
202000022270,0,17,,12,0,7,1,A01
202000022271,1,30,,0,0,0,21,A01
202000022272,3,7,,13,0,1,13,A01
202000022273,2,37,1.0,0,1,3,15,A01
202000022274,1,2,,0,2,0,15,Z01
202000022274,2,1,,0,2,6,1,A01
202000022275,1,10,,0,1,3,15,A01
202000022276,2,50,,0,2,1,19,B01
202000022276,2,7,,0,2,3,15,A01
202000022277,2,7,,0,1,1,26,A01
202000022278,2,7,,14,0,5,0,B01
202000022278,2,33,,0,2,1,26,A01
202000022279,0,7,,0,0,1,2,A01
202000022280,0,7,,0,0,2,1,A01
202000022280,3,7,,0,0,3,16,B01
202000022281,-1,7,,0,2,2,1,A01
202000022281,-1,7,,0,2,3,1,B01
202000022282,2,32,,0,2,1,1,B01
202000022282,1,7,,0,2,6,19,A01
202000022283,2,10,,0,1,2,15,A01
202000022284,1,7,,1,0,3,24,C01
202000022284,1,7,,0,2,3,15,B01
202000022284,1,34,,1,2,2,17,A01
202000022284,1,7,,1,0,1,24,D01
202000022285,1,7,,0,1,2,13,A01
202000022286,3,7,,0,1,5,23,A01
202000022287,1,33,,13,0,1,0,A01
202000022288,2,33,,0,2,1,17,A01
202000022288,1,15,,0,2,3,1,B01
202000022289,1,7,,5,0,1,1,A01
202000022290,3,7,,0,2,6,19,A01
202000022290,2,31,,0,2,1,1,B01
202000022291,1,33,,0,2,1,1,B01
202000022291,2,7,,0,2,1,15,A01
202000022292,2,7,,6,0,3,1,A01
202000022293,1,7,,2,0,1,13,A01
202000022294,2,2,,0,2,1,2,A01
202000022294,2,21,,0,2,3,15,B01
202000022295,0,33,,6,2,2,17,B01
202000022295,0,7,,0,2,8,15,A01
202000022296,2,7,,13,0,1,1,A01
202000022297,3,7,,0,1,3,13,A01
202000022298,1,7,,14,0,1,1,B01
202000022299,1,33,,0,1,1,1,A01
202000022300,3,10,,0,2,8,1,B01
202000022300,3,10,,0,2,1,16,A01
202000022301,2,7,,1,0,1,15,A01
202000022302,1,7,,0,2,6,1,A01
202000022302,1,80,,0,2,7,14,B01
202000022303,0,80,,0,2,7,0,B01
202000022303,1,7,,0,2,3,1,A01
202000022304,2,7,,0,2,8,12,B01
202000022304,2,33,,0,2,7,2,A01
202000022305,1,7,,0,2,3,13,A01
202000022305,2,7,,0,2,3,1,B01
202000022306,3,7,,0,2,6,2,B01
202000022306,3,7,,0,2,1,1,A01
202000022307,1,1,,1,0,1,1,B01
202000022307,1,7,,0,9,8,24,A01
202000022308,3,7,,0,9,3,24,A01
202000022308,3,1,,1,0,1,1,B01
202000022309,1,30,,12,0,1,13,A01
202000022310,1,7,,0,2,2,15,B01
202000022310,1,1,,0,2,1,19,A01
202000022311,2,32,,0,2,3,1,B01
202000022311,1,7,,0,2,3,15,A01
202000022312,3,7,,13,0,3,13,A01
202000022313,3,7,,0,2,1,1,B01
202000022313,3,7,,0,2,1,15,A01
202000022314,1,7,,0,2,2,15,B01
202000022314,1,7,,0,2,3,9,A01
202000022315,0,7,,0,2,2,1,B01
202000022315,0,10,,0,2,1,1,A01
202000022316,1,33,,3,0,2,14,A01
202000022317,2,30,,0,2,1,16,A01
202000022317,2,10,,0,2,4,23,B01
202000022318,1,7,,0,2,1,1,B01
202000022318,2,30,,0,2,2,1,A01
202000022319,2,32,,0,1,1,1,A01
202000022320,2,7,,15,0,8,26,A01
202000022321,2,7,,2,0,7,19,A01
202000022322,1,7,,0,2,5,0,B01
202000022322,3,7,,0,2,1,9,Z01
202000022323,3,7,,0,1,2,1,A01
202000022324,3,50,,0,2,7,2,B01
202000022324,3,10,,0,2,8,2,A01
202000022325,1,7,,0,1,3,1,A01
202000022326,3,7,,0,2,1,9,A01
202000022326,2,7,,0,2,7,2,B01
202000022327,2,15,,0,2,3,1,C01
202000022327,1,7,,1,2,2,0,A01
202000022328,0,7,,0,1,1,1,A01
202000022329,1,7,,0,1,3,0,A01
202000022330,1,1,,0,2,0,0,B01
202000022330,1,7,,0,2,0,0,A01
202000022331,0,1,,0,0,7,16,A01
202000022332,2,30,,0,2,1,2,A01
202000022332,2,7,,0,2,1,2,Z01
202000022333,3,7,,0,1,1,1,A01
202000022334,2,37,1.0,1,0,5,7,C01
202000022334,2,37,1.0,0,0,4,23,B01
202000022334,2,37,1.0,1,0,1,7,A01
202000022335,1,80,,0,0,4,1,B01
202000022335,1,7,,0,2,1,1,A01
202000022336,2,7,,0,1,3,1,A01
202000022337,3,7,,2,2,1,9,A01
202000022337,3,7,,0,2,6,9,B01
202000022338,3,7,,0,2,1,1,A01
202000022338,3,7,,0,2,4,1,B01
202000022339,0,7,,0,2,2,19,A01
202000022339,0,7,,0,2,3,1,B01
202000022340,1,7,,0,2,1,15,A01
202000022340,2,7,,0,2,1,1,B01
202000022341,1,0,,0,2,0,14,Z01
202000022341,1,1,,1,2,7,1,A01
202000022342,2,7,,0,2,3,9,A01
202000022342,2,33,,0,2,2,1,B01
202000022343,1,7,,8,2,1,1,A01
202000022343,1,7,,0,2,5,1,B01
202000022344,1,2,,0,2,1,1,B01
202000022344,1,7,,0,2,1,19,A01
202000022345,1,7,,0,2,5,1,B01
202000022345,1,7,,0,2,6,1,C01
202000022345,1,7,,0,2,1,1,A01
202000022346,1,10,,0,2,4,1,B01
202000022346,1,33,,0,2,1,1,A01
202000022347,2,7,,0,0,1,1,A01
202000022348,2,7,,0,1,1,1,A01
202000022349,0,7,,0,1,1,16,A01
202000022350,1,2,,0,2,1,17,A01
202000022350,1,7,,0,2,3,15,B01
202000022351,1,7,,0,1,1,1,A01
202000022352,1,7,,0,2,0,0,Z01
202000022352,1,32,,0,2,7,9,B01
202000022353,2,7,,0,1,2,1,A01
202000022354,3,7,,0,1,2,16,A01
202000022355,1,7,,0,2,2,15,A01
202000022355,1,7,,0,2,3,15,B01
202000022356,1,7,,3,0,2,14,A01
202000022357,2,30,,0,0,3,1,A01
202000022358,1,7,,0,2,2,13,A01
202000022358,2,7,,0,2,5,1,B01
202000022359,1,14,,0,2,2,16,Z01
202000022359,1,17,,0,2,2,16,A01
202000022359,1,7,,4,2,6,1,B01
202000022360,2,33,,14,0,3,16,A01
202000022361,2,14,,0,2,1,1,B01
202000022361,2,33,,0,2,1,1,C01
202000022361,2,7,,0,2,8,13,A01
202000022362,2,33,,0,1,1,17,A01
202000022363,1,7,,0,2,1,15,Z01
202000022363,2,2,,0,2,8,1,A01
202000022364,1,32,,0,2,8,1,B01
202000022364,2,7,,0,2,1,1,A01
202000022365,1,32,,0,2,1,17,A01
202000022365,1,14,,0,2,8,15,B01
202000022366,1,7,,0,2,3,15,A01
202000022366,1,33,,0,2,7,8,B01
202000022367,1,30,,0,2,3,1,A01
202000022367,1,10,,0,2,3,16,B01
202000022368,2,7,,0,2,1,1,C01
202000022368,1,7,,0,2,3,1,B01
202000022368,1,34,,0,2,2,17,A01
202000022369,1,32,,0,2,8,17,B01
202000022369,1,10,,0,2,3,13,A01
202000022370,1,33,,0,1,1,1,A01
202000022371,2,10,,0,2,3,15,A01
202000022371,1,33,,0,2,2,1,B01
202000022372,2,1,,0,1,1,1,A01
202000022373,1,7,,0,1,1,15,A01
202000022374,1,1,,0,1,8,5,A01
202000022375,1,1,,0,1,5,1,A01
202000022376,2,7,,0,2,3,15,A01
202000022376,1,1,,0,2,3,1,B01
202000022377,2,43,,0,2,2,1,B01
202000022377,2,7,,0,2,8,9,A01
202000022378,1,2,,0,2,1,1,B01
202000022378,1,7,,0,2,3,10,A01
202000022379,2,7,,0,1,2,1,A01
202000022380,2,30,,0,2,3,1,A01
202000022380,2,7,,0,2,5,1,B01
202000022381,2,7,,0,2,5,16,A01
202000022381,1,37,2.0,0,2,3,1,B01
202000022382,1,7,,0,2,1,2,B01
202000022382,2,7,,0,0,5,2,A01
202000022383,3,7,,0,1,2,1,A01
202000022384,1,7,,0,1,1,1,A01
202000022385,1,33,,0,2,1,0,B01
202000022385,1,7,,0,2,3,15,A01
202000022386,1,2,,1,0,1,13,B01
202000022386,1,7,,1,0,3,13,A01
202000022387,0,10,,0,2,2,17,A01
202000022387,0,37,2.0,0,2,3,1,B01
202000022388,1,7,,0,2,3,15,A01
202000022388,1,32,,0,2,2,17,C01
202000022388,2,1,,0,9,0,0,D01
202000022389,2,31,,0,2,3,1,B01
202000022389,2,7,,0,2,3,15,A01
202000022390,2,3,,0,1,0,15,A01
202000022391,1,7,,0,2,4,1,B01
202000022391,1,7,,0,2,1,1,A01
202000022392,3,34,,0,1,1,1,A01
202000022393,2,7,,0,1,3,1,A01
202000022394,1,7,,0,1,1,1,A01
202000022395,3,7,,0,1,3,1,A01
202000022396,1,7,,0,2,3,11,A01
202000022396,1,34,,0,2,9,1,B01
202000022397,2,33,,0,2,8,1,B01
202000022397,1,7,,0,2,3,15,A01
202000022398,3,7,,0,2,1,1,B01
202000022398,3,2,,0,2,1,1,A01
202000022399,2,7,,0,0,0,0,A01
202000022400,0,7,,2,0,3,1,A01
202000022401,2,10,,0,2,3,13,A01
202000022401,1,7,,0,0,3,1,B01
202000022402,2,7,,0,2,1,13,B01
202000022402,1,7,,0,0,1,23,A01
202000022403,2,3,,1,0,1,14,A01
202000022403,2,7,,0,0,8,23,B01
202000022404,2,7,,0,2,3,20,A01
202000022404,1,7,,0,2,6,26,C01
202000022404,2,33,,0,2,1,1,B01
202000022405,1,10,,0,1,0,6,A01
202000022406,2,10,,0,2,8,1,B01
202000022406,2,10,,0,2,3,1,A01
202000022407,2,7,,0,2,7,1,A01
202000022407,1,7,,0,2,1,1,B01
202000022408,1,7,,0,0,1,0,A01
202000022409,2,7,,0,2,2,1,A01
202000022409,2,7,,12,2,3,1,B01
202000022410,2,7,,0,2,1,0,A01
202000022410,1,7,,0,2,1,0,B01
202000022411,2,7,,0,2,1,1,A01
202000022411,1,7,,0,0,8,15,B01
202000022412,2,7,,6,0,2,1,A01
202000022413,2,7,,13,0,2,1,A01
202000022414,3,7,,0,2,2,1,A01
202000022414,3,1,,0,2,1,1,B01
202000022415,1,7,,0,2,1,9,A01
202000022415,1,7,,0,2,8,1,B01
202000022416,3,7,,2,0,3,1,A01
202000022417,1,7,,6,0,8,1,A01
202000022418,0,31,,0,2,1,1,B01
202000022418,0,7,,0,2,8,9,A01
202000022419,3,10,,0,2,8,1,B01
202000022419,3,31,,0,0,8,16,A01
202000022420,2,7,,0,0,3,1,B01
202000022420,2,10,,0,2,2,17,A01
202000022421,2,10,,3,0,1,1,A01
202000022422,1,33,,0,2,1,18,A01
202000022422,1,33,,0,0,5,12,B01
202000022423,1,7,,0,2,4,2,B01
202000022423,1,7,,0,2,1,2,A01
202000022424,2,7,,3,0,0,1,A01
202000022424,2,7,,14,0,1,1,B01
202000022424,1,7,,0,0,4,1,C01
202000022425,1,7,,6,1,2,1,A01
202000022426,1,7,,0,1,3,1,A01
202000022427,1,7,,8,0,3,13,A01
202000022428,1,7,,0,1,6,20,A01
202000022429,1,7,,0,1,4,23,B01
202000022429,1,7,,0,2,1,2,A01
202000022430,1,10,,0,1,0,2,A01
202000022431,1,2,,3,0,2,1,A01
202000022432,1,7,,1,1,3,0,B01
202000022433,3,7,,0,2,7,19,B01
202000022433,2,7,,0,2,1,1,A01
202000022434,1,7,,0,2,4,12,B01
202000022434,1,7,,0,2,1,1,A01
202000022435,1,34,,0,2,4,3,B01
202000022435,1,7,,0,2,0,12,C01
202000022435,1,33,,0,2,1,3,A01
202000022436,1,10,,0,2,6,11,A01
202000022436,1,32,,0,2,1,1,B01
202000022437,2,7,,0,2,8,13,A01
202000022437,2,15,,0,2,2,14,B01
202000022438,1,7,,0,5,1,21,A01
202000022439,1,7,,0,1,3,1,A01
202000022440,2,7,,0,2,1,2,B01
202000022440,2,7,,0,2,0,2,A01
202000022441,2,17,,0,2,2,1,A01
202000022441,2,7,,0,2,6,13,B01
202000022442,2,10,,0,2,4,1,B01
202000022442,2,7,,0,2,1,1,A01
202000022443,1,32,,0,2,1,2,B01
202000022443,1,2,,0,2,4,1,A01
202000022444,1,2,,1,0,1,13,A01
202000022445,2,1,,0,0,4,1,B01
202000022445,2,7,,0,9,1,1,A01
202000022446,1,7,,0,2,4,1,C01
202000022446,1,7,,0,2,4,1,D01
202000022446,1,7,,0,2,1,26,A01
202000022446,1,7,,0,2,4,1,B01
202000022447,3,1,,0,2,3,1,B01
202000022447,3,7,,0,2,2,15,A01
202000022448,3,10,,0,1,1,5,Z01
202000022449,1,7,,0,2,4,15,A01
202000022449,1,7,,0,2,1,1,B01
202000022450,3,7,,0,2,3,0,B01
202000022450,3,7,,0,2,3,13,A01
202000022451,1,34,,0,2,9,17,A01
202000022451,2,7,,0,2,8,10,B01
202000022452,1,7,,0,2,1,2,B01
202000022452,1,7,,0,2,8,10,A01
202000022453,2,7,,0,2,2,1,A01
202000022453,2,7,,0,2,3,14,B01
202000022454,2,7,,0,1,1,1,A01
202000022455,3,7,,0,1,0,26,Z01
202000022456,2,7,,0,2,1,16,A01
202000022456,2,50,,0,2,7,1,B01
202000022457,1,7,,0,2,3,1,B01
202000022457,2,7,,0,2,3,13,A01
202000022458,1,7,,13,0,1,0,A01
202000022459,2,7,,0,2,1,2,A01
202000022459,2,2,,0,2,4,2,B01
202000022460,2,7,,0,2,1,2,A01
202000022460,1,7,,0,2,4,2,B01
202000022461,2,33,,0,1,1,1,B01
202000022462,0,7,,0,2,4,1,A01
202000022462,0,7,,0,2,1,1,Z01
202000022463,1,10,,14,2,0,9,B01
202000022463,1,7,,0,2,1,9,A01
202000022464,1,1,,0,2,1,1,A01
202000022464,1,7,,0,2,3,1,B01
202000022465,2,33,,0,2,9,1,B01
202000022465,1,7,,0,2,1,15,A01
202000022466,3,10,,0,2,1,15,A01
202000022466,3,32,,0,2,1,1,B01
202000022467,1,7,,2,0,1,1,A01
202000022468,2,7,,0,2,1,1,B01
202000022468,2,7,,0,9,4,23,A01
202000022469,1,1,,0,1,1,1,A01
202000022470,2,7,,0,1,2,9,A01
202000022471,1,7,,1,0,2,14,A01
202000022472,2,32,,0,2,1,15,A01
202000022472,2,7,,0,2,4,1,B01
202000022473,1,32,,0,2,1,1,B01
202000022473,1,7,,0,2,3,9,A01
202000022474,2,7,,0,2,2,15,A01
202000022474,1,32,,0,2,1,1,B01
202000022475,0,1,,0,1,1,1,Z01
202000022476,2,7,,0,1,6,20,A01
202000022477,2,1,,0,2,8,13,A01
202000022477,2,1,,0,2,7,17,B01
202000022478,1,10,,0,1,3,10,A01
202000022479,3,50,,0,0,1,1,A01