Num_Acc,senc,catv,occutc,obs,obsm,choc,manv,num_veh
202000022480,1,50,,0,1,8,1,Z01
202000022481,2,30,,12,0,3,13,A01
202000022482,1,7,,9,0,9,1,A01
202000022483,1,7,,0,1,1,1,A01
202000022484,2,20,,1,1,2,26,A01
202000022485,1,33,,0,2,3,21,A01
202000022485,1,7,,0,2,5,14,Y01
202000022486,3,2,,0,2,1,1,A01
202000022486,3,7,,0,2,2,1,B01
202000022487,0,3,,0,1,6,26,A01
202000022488,2,7,,0,2,2,1,B01
202000022488,2,1,,0,2,1,1,A01
202000022489,2,33,,0,2,2,5,B01
202000022489,1,7,,0,2,7,15,A01
202000022490,1,10,,1,0,3,1,A01
202000022491,1,7,,0,9,2,2,A01
202000022491,1,1,,0,0,4,2,B01
202000022492,0,33,,14,0,1,0,A01
202000022493,1,7,,0,1,1,1,A01
202000022494,3,7,,0,0,9,0,A01
202000022495,2,7,,13,0,2,1,A01
202000022496,1,33,,0,2,1,1,A01
202000022496,2,7,,0,2,1,13,B01
202000022497,2,7,,0,2,8,15,A01
202000022497,2,2,,0,2,7,17,B01
202000022498,2,7,,0,2,2,19,A01
202000022498,1,33,,0,2,1,1,B01
202000022499,2,31,,0,2,1,2,B01
202000022499,2,7,,0,0,4,2,A01
202000022499,2,33,,0,2,8,2,C01
202000022500,2,7,,0,2,1,1,A01
202000022500,2,7,,0,2,4,15,B01
202000022501,2,7,,13,0,1,18,A01
202000022502,2,7,,0,1,2,1,A01
202000022503,1,7,,0,2,2,1,B01
202000022503,2,7,,16,2,1,13,A01
202000022504,2,7,,0,2,1,9,A01
202000022504,2,7,,0,2,1,2,B01
202000022505,2,7,,9,0,2,1,A01
202000022506,2,7,,0,2,1,1,B01
202000022506,1,7,,0,2,1,13,A01
202000022507,2,7,,0,2,3,1,B01
202000022507,3,7,,0,2,8,19,A01
202000022508,1,7,,0,0,0,0,A01
202000022509,2,7,,13,0,2,1,A01
202000022510,2,7,,0,0,7,1,A01
202000022511,0,32,,0,2,1,19,A01
202000022511,0,10,,0,2,2,19,B01
202000022512,1,1,,0,0,3,1,A01
202000022513,3,7,,0,2,1,1,B01
202000022513,3,7,,0,2,2,1,A01
202000022514,2,7,,0,2,1,1,B01
202000022514,1,7,,0,2,1,13,A01
202000022515,2,7,,1,0,2,14,A01
202000022516,0,10,,0,1,7,1,A01
202000022517,1,10,,0,2,8,15,A01
202000022517,2,33,,0,2,1,1,B01
202000022518,0,7,,0,2,8,9,A01
202000022518,0,33,,0,2,1,1,B01
202000022519,1,7,,0,1,8,1,A01
202000022520,2,7,,0,2,7,12,B01
202000022520,2,33,,0,2,8,3,A01
202000022521,1,30,,0,1,1,1,Z01
202000022522,2,7,,0,2,2,16,B01
202000022522,2,33,,0,2,3,18,A01
202000022523,2,7,,0,2,3,1,B01
202000022523,1,50,,0,2,2,13,A01
202000022524,2,50,,0,2,0,1,A01
202000022524,2,10,,0,2,0,16,Z01
202000022525,1,1,,0,2,4,15,A01
202000022525,2,7,,0,2,3,16,B01
202000022526,1,7,,0,2,1,18,A01
202000022526,1,7,,0,2,6,1,B01
202000022527,3,1,,12,0,1,16,A01
202000022528,1,1,,0,2,1,1,A01
202000022528,1,7,,0,2,3,1,B01
202000022529,1,37,1.0,0,2,7,17,A01
202000022529,1,1,,0,2,8,1,B01
202000022530,3,33,,14,0,3,1,A01
202000022531,2,1,,0,2,1,1,A01
202000022531,1,10,,0,2,8,15,B01
202000022532,1,7,,0,2,2,15,A01
202000022532,2,1,,0,2,8,1,B01
202000022533,1,30,,0,2,1,15,Z01
202000022533,2,1,,0,2,1,1,A01
202000022534,1,7,,0,2,3,15,B01
202000022534,2,31,,0,2,2,1,A01
202000022535,1,7,,0,1,4,4,A01
202000022536,1,80,,14,0,1,12,A01
202000022537,1,1,,0,2,1,9,A01
202000022537,1,37,1.0,0,2,5,1,B01
202000022538,0,7,,0,2,1,1,A01
202000022538,0,7,,0,0,4,1,B01
202000022539,0,7,,2,0,1,20,A01
202000022540,2,33,,0,2,1,1,B01
202000022540,2,7,,0,2,6,15,A01
202000022541,2,3,,0,2,1,1,B01
202000022541,1,99,,0,2,8,16,A01
202000022542,2,32,,0,2,8,18,B01
202000022542,2,10,,0,2,2,16,A01
202000022543,1,7,,0,1,3,26,A01
202000022544,0,7,,0,0,0,0,B01
202000022544,1,0,,0,0,0,19,A01
202000022545,2,7,,0,0,0,0,B01
202000022545,2,99,,0,0,1,0,A01
202000022546,2,7,,0,2,6,8,C01
202000022546,2,33,,0,2,1,2,B01
202000022546,2,7,,0,2,8,15,A01
202000022547,-1,7,,0,2,1,1,B01
202000022547,-1,30,,0,2,1,5,A01
202000022548,2,80,,0,2,1,1,B01
202000022548,1,30,,0,9,8,15,A01
202000022549,1,99,,0,0,0,0,B01
202000022549,0,7,,0,2,3,0,A01
202000022550,1,7,,0,1,1,1,A01
202000022551,0,14,,0,1,2,26,A01
202000022552,-1,31,,0,1,1,3,A01
202000022553,2,7,,0,2,4,9,B01
202000022553,2,33,,0,2,1,1,A01
202000022554,3,1,,0,2,1,19,B01
202000022554,2,7,,0,2,2,15,A01
202000022555,1,34,,0,2,3,1,B01
202000022555,2,10,,0,2,2,15,A01
202000022556,1,7,,0,0,8,15,B01
202000022556,1,33,,0,2,7,17,A01
202000022557,2,1,,0,0,0,1,A01
202000022558,1,1,,0,0,0,1,A01
202000022559,2,7,,0,2,1,1,B01
202000022559,2,7,,0,2,8,15,A01
202000022560,1,21,,0,0,6,15,A01
202000022560,2,30,,0,2,1,1,B01
202000022561,3,1,,0,2,4,1,B01
202000022561,3,7,,0,2,2,2,A01
202000022562,1,10,,0,2,3,13,A01
202000022562,2,7,,0,2,2,1,C01
202000022562,2,7,,0,2,1,1,B01
202000022563,1,7,,0,2,1,13,A01
202000022563,2,7,,0,2,1,1,B01
202000022564,2,2,,0,2,1,1,B01
202000022564,1,7,,0,2,5,15,A01
202000022565,2,1,,0,2,8,2,B01
202000022565,2,7,,0,2,7,2,A01
202000022566,1,7,,6,0,7,1,A01
202000022567,3,7,,0,2,3,1,B01
202000022567,0,7,,0,2,3,13,A01
202000022568,1,7,,0,2,3,1,A01
202000022568,2,7,,0,2,2,1,B01
202000022569,2,7,,13,0,0,0,A01
202000022570,3,7,,0,2,4,2,B01
202000022570,3,2,,0,2,1,2,A01
202000022571,2,7,,0,2,3,1,A01
202000022571,1,7,,0,2,3,1,B01
202000022572,1,31,,0,2,1,1,B01
202000022572,3,7,,0,2,8,9,A01
202000022573,1,7,,0,9,7,16,A01
202000022573,1,1,,0,2,1,1,B01
202000022574,2,10,,0,9,7,17,A01
202000022574,2,1,,0,2,8,1,B01
202000022575,1,7,,13,0,2,1,A01
202000022576,1,7,,13,0,0,18,A01
202000022577,2,33,,0,2,1,1,A01
202000022577,2,33,,0,2,3,1,B01
202000022578,3,7,,0,1,3,4,A01
202000022579,1,7,,0,2,5,15,A01
202000022579,2,2,,0,2,1,1,B01
202000022580,1,7,,0,2,1,9,A01
202000022580,2,80,,0,0,7,16,B01
202000022581,2,10,,0,1,6,4,A01
202000022582,3,7,,0,2,2,1,B01
202000022582,3,1,,0,2,3,9,A01
202000022583,2,33,,0,2,1,15,B01
202000022583,1,7,,0,2,3,1,A01
202000022584,2,2,,0,0,0,1,A01
202000022585,2,7,,0,2,3,1,B01
202000022585,1,7,,0,2,1,5,A01
202000022586,2,33,,0,2,1,6,B01
202000022586,1,7,,0,2,1,1,A01
202000022587,2,7,,0,0,8,1,C01
202000022587,2,7,,0,0,4,15,B01
202000022587,2,7,,0,2,1,17,A01
202000022588,1,7,,15,0,1,1,A01
202000022589,3,7,,1,2,1,26,A01
202000022589,0,7,,13,2,5,23,B01
202000022589,0,7,,0,9,7,24,C01
202000022590,1,33,,15,0,1,1,A01
202000022591,2,2,,0,0,8,15,A01
202000022591,2,2,,0,0,8,17,B01
202000022592,0,7,,0,1,7,1,A01
202000022593,1,33,,12,0,1,16,A01
202000022594,1,31,,13,0,2,1,A01
202000022595,1,7,,0,2,8,15,B01
202000022595,2,7,,0,2,3,1,A01
202000022596,3,7,,0,2,1,1,B01
202000022596,3,2,,0,2,1,1,A01
202000022597,1,7,,0,0,2,13,A01
202000022597,2,7,,0,2,1,2,B01
202000022598,2,7,,13,0,0,14,A01
202000022599,3,7,,17,0,1,0,A01
202000022600,2,7,,0,2,1,2,A01
202000022600,2,7,,0,0,4,2,B01
202000022601,1,7,,4,0,9,13,A01
202000022602,1,7,,0,0,1,21,A01
202000022603,2,7,,0,2,2,1,B01
202000022603,1,7,,0,2,3,1,A01
202000022604,2,7,,0,2,1,1,B01
202000022604,1,7,,13,2,7,1,A01
202000022605,3,10,,2,0,1,15,A01
202000022606,1,33,,0,2,1,2,B01
202000022606,1,7,,0,0,8,15,A01
202000022607,3,2,,0,2,7,1,B01
202000022607,3,7,,0,2,3,16,A01
202000022608,2,2,,0,2,1,1,B01
202000022608,1,7,,0,2,2,15,A01
202000022609,1,7,,0,2,3,9,B01
202000022609,1,33,,0,2,1,1,A01
202000022610,2,33,,0,2,8,1,B01
202000022610,1,10,,0,2,2,1,A01
202000022611,1,7,,0,2,1,1,B01
202000022611,2,7,,0,2,1,13,A01
202000022612,0,7,,0,0,1,2,C01
202000022612,0,31,,0,0,1,0,D01
202000022612,0,7,,0,0,1,2,B01
202000022612,0,7,,0,0,4,2,A01
202000022613,0,7,,13,0,1,26,A01
202000022614,3,2,,0,2,1,17,B01
202000022614,3,7,,0,2,8,15,A01
202000022615,2,80,,13,0,1,1,A01
202000022616,2,7,,13,0,0,1,A01
202000022617,1,7,,0,9,1,15,B01
202000022617,2,1,,0,2,7,1,A01
202000022618,2,7,,0,1,3,1,A01
202000022619,2,10,,0,1,6,4,A01
202000022620,3,7,,0,2,3,13,A01
202000022620,3,7,,0,2,8,1,B01
202000022621,2,7,,3,2,1,2,A01
202000022621,2,7,,3,0,4,2,B01
202000022622,0,7,,0,2,1,1,B01
202000022622,0,7,,0,2,8,16,A01
202000022623,1,10,,0,2,4,1,B01
202000022623,1,7,,0,2,4,1,D01
202000022623,1,7,,0,2,1,2,A01
202000022623,1,7,,0,2,4,1,C01
202000022624,1,7,,4,0,1,1,A01
202000022625,1,7,,0,9,3,2,A01
202000022625,1,1,,0,2,3,19,B01
202000022626,2,7,,0,2,5,12,A01
202000022626,2,33,,0,2,8,1,B01
202000022627,1,7,,0,2,3,11,A01
202000022627,1,7,,0,2,2,1,B01
202000022627,1,7,,0,2,6,1,C01
202000022628,1,7,,0,2,4,2,C01
202000022628,1,7,,0,2,1,1,A01
202000022628,1,7,,0,2,4,2,D01
202000022628,2,7,,0,2,4,2,B01
202000022629,1,7,,0,2,3,11,B01
202000022629,1,33,,0,2,1,2,A01
202000022630,2,43,,0,0,0,3,A01
202000022630,2,43,,0,0,0,12,B01
202000022631,1,43,,0,2,6,3,B01
202000022631,1,7,,0,2,2,12,A01
202000022632,1,7,,0,2,1,11,A01
202000022632,1,7,,0,2,7,12,B01
202000022633,1,7,,0,2,2,2,A01
202000022633,1,31,,0,2,6,11,B01
202000022634,1,7,,4,0,3,26,A01
202000022635,2,7,,0,2,8,11,B01
202000022635,2,34,,0,2,2,1,A01
202000022636,2,15,,0,2,4,2,B01
202000022636,2,32,,0,2,2,2,A01
202000022637,2,33,,0,2,1,3,B01
202000022637,2,7,,0,2,4,12,A01
202000022638,2,33,,0,2,8,3,B01
202000022638,2,7,,0,2,2,12,A01
202000022639,1,7,,0,2,2,23,B01
202000022639,1,33,,1,0,2,5,A01
202000022640,1,7,,0,1,1,1,A01
202000022641,1,7,,0,2,4,1,C01
202000022641,1,7,,0,2,4,1,B01
202000022641,1,7,,0,2,1,2,A01
202000022642,3,33,,0,2,1,17,A01
202000022642,1,7,,0,2,6,20,B01
202000022643,2,7,,0,2,3,13,B01
202000022643,1,7,,0,2,3,13,A01
202000022644,0,7,,4,0,2,1,A01
202000022645,1,7,,8,0,1,26,A01
202000022646,3,7,,0,2,1,2,A01
202000022646,3,7,,0,2,4,2,B01
202000022646,3,7,,0,2,4,2,C01
202000022647,2,7,,0,2,3,15,A01
202000022647,2,2,,0,2,7,17,B01
202000022648,2,2,,0,2,1,1,B01
202000022648,1,7,,0,9,8,19,A01
202000022649,1,34,,0,2,1,13,A01
202000022649,2,7,,0,2,8,1,B01
202000022650,2,32,,0,2,2,15,B01
202000022650,2,7,,0,2,3,15,A01
202000022651,2,7,,0,2,2,16,A01
202000022651,2,1,,0,2,1,1,B01
202000022652,0,32,,0,4,8,15,A01
202000022652,1,40,,0,2,1,1,B01
202000022653,2,7,,0,9,8,1,A01
202000022653,1,1,,0,2,1,15,B01
202000022654,1,7,,0,1,0,15,A01
202000022655,1,33,,0,2,7,1,B01
202000022655,1,7,,0,2,3,15,A01
202000022656,1,7,,0,2,1,15,B01
202000022656,2,99,,0,2,3,0,A01
202000022657,1,7,,0,0,4,26,B01
202000022657,1,7,,0,2,1,2,A01
202000022658,1,7,,0,2,4,26,D01
202000022658,1,7,,0,2,1,26,C01
202000022658,1,7,,0,2,4,1,B01
202000022658,1,31,,0,2,1,1,A01
202000022659,3,1,,6,0,1,26,A01
202000022660,0,33,,0,2,1,26,B01
202000022660,0,7,,0,2,6,10,A01
202000022661,3,7,,0,1,3,15,A01
202000022662,2,34,,0,2,1,1,A01
202000022662,2,7,,0,2,6,0,B01
202000022663,1,7,,0,2,1,1,A01
202000022663,1,7,,0,2,4,2,B01
202000022664,3,14,,0,0,8,1,A01
202000022665,3,7,,0,2,1,15,A01
202000022665,3,32,,0,2,7,1,B01
202000022666,2,7,,0,2,8,2,A01
202000022666,2,7,,0,2,1,15,B01
202000022667,3,7,,0,2,1,1,B01
202000022667,3,7,,0,2,1,5,A01
202000022668,2,30,,0,2,1,17,A01
202000022668,1,7,,0,2,3,15,B01
202000022669,1,7,,0,2,8,19,A01
202000022669,2,7,,0,2,1,19,B01
202000022670,3,7,,0,2,3,26,A01
202000022670,3,7,,0,2,8,1,B01
202000022671,2,1,,1,0,1,1,B01
202000022671,1,7,,0,2,8,22,A01
202000022672,1,7,,0,2,1,1,B01
202000022672,1,7,,0,2,2,15,A01
202000022673,1,7,,0,1,2,1,A01
202000022674,0,7,,5,4,3,16,A01
202000022674,0,40,,0,2,0,0,B01
202000022675,2,7,,0,2,1,1,B01
202000022675,1,1,,0,2,1,17,A01
202000022676,1,7,,0,2,7,2,B01
202000022676,1,33,,0,2,1,18,A01
202000022677,2,7,,0,2,3,13,A01
202000022677,1,7,,0,2,3,1,B01
202000022678,1,30,,4,0,1,1,A01
202000022679,1,7,,0,2,1,1,B01
202000022679,2,30,,0,2,7,19,A01
202000022680,3,10,,6,0,1,13,A01
202000022681,3,7,,0,2,1,1,A01
202000022681,3,7,,0,2,7,1,B01
202000022682,1,32,,0,2,2,1,A01
202000022682,1,7,,0,2,6,9,B01
202000022683,0,10,,0,0,1,0,A01
202000022684,1,1,,0,0,8,26,A01
202000022685,1,1,,0,2,1,1,B01
202000022685,2,7,,0,2,7,15,A01
202000022686,1,2,,0,2,7,1,B01
202000022686,2,7,,0,2,3,15,A01
202000022687,1,7,,0,2,4,2,C01
202000022687,1,7,,0,2,4,2,B01
202000022687,1,7,,0,2,1,2,A01
202000022688,2,7,,0,1,1,1,A01
202000022689,1,1,,0,2,1,1,B01
202000022689,1,10,,0,9,8,22,A01
202000022690,0,2,,0,2,1,1,B01
202000022690,0,7,,0,2,8,10,A01
202000022691,1,7,,0,2,7,0,B01
202000022691,1,7,,0,2,1,0,A01
202000022692,1,7,,0,2,7,0,A01
202000022692,1,7,,0,2,1,0,B01
202000022693,0,10,,0,2,7,1,B01
202000022693,1,30,,0,2,1,26,A01
202000022694,3,33,,4,0,1,26,A01
202000022695,1,2,,12,0,1,26,A01
202000022696,1,7,,0,1,2,2,A01
202000022697,1,7,,0,2,3,1,B01
202000022697,2,33,,0,2,3,13,A01
202000022698,3,33,,0,2,1,1,B01
202000022698,3,7,,0,2,8,15,A01
202000022699,3,7,,0,2,1,1,A01
202000022699,3,7,,0,2,3,1,B01
202000022700,3,7,,0,1,1,1,A01
202000022700,3,7,,0,1,1,1,B01
202000022701,1,7,,0,2,1,1,B01
202000022701,2,37,1.0,0,2,1,15,A01
202000022702,3,7,,0,2,3,16,A01
202000022702,3,7,,0,2,3,1,B01
202000022703,1,7,,0,1,0,0,A01
202000022704,1,13,,0,1,1,1,A01
202000022705,3,1,,0,2,7,2,B01
202000022705,1,7,,0,2,2,9,A01
202000022706,2,7,,0,2,1,1,A01
202000022706,1,7,,0,2,3,1,B01
202000022707,1,2,,0,2,1,1,B01
202000022707,3,7,,0,2,0,19,A01
202000022708,1,7,,3,0,1,26,A01
202000022709,0,7,,0,2,3,9,A01
202000022709,0,1,,0,2,1,1,B01
202000022710,2,33,,0,1,7,2,B01
202000022711,1,32,,0,0,1,1,A01
202000022712,1,33,,0,2,7,1,B01
202000022712,1,32,,0,2,1,1,A01
202000022713,2,31,,0,2,1,1,B01
202000022713,2,7,,0,2,8,15,A01
202000022714,3,7,,0,1,3,15,A01
202000022715,2,37,1.0,0,1,3,1,A01
202000022716,1,7,,0,1,1,16,A01
202000022717,1,7,,0,2,1,2,A01
202000022717,1,7,,0,2,4,23,B01
202000022718,1,7,,0,2,2,9,A01
202000022718,2,2,,0,2,1,1,B01
202000022719,1,7,,9,1,1,26,A01
202000022720,2,7,,0,1,3,2,A01
202000022721,2,99,,0,1,1,25,A01
202000022722,2,7,,0,1,1,1,A01
202000022723,1,7,,0,1,1,1,A01
202000022724,1,7,,0,2,1,9,A01
202000022724,1,37,2.0,0,2,7,1,B01
202000022725,1,10,,0,2,4,23,B01
202000022725,1,14,,0,2,1,2,A01
202000022725,1,10,,0,2,4,23,D01
202000022725,1,7,,0,2,4,23,C01
202000022726,3,7,,0,2,1,1,A01
202000022726,3,7,,0,2,4,1,B01
202000022727,3,7,,0,1,1,1,A01
202000022728,1,7,,0,1,3,17,A01
202000022729,2,2,,0,2,1,1,B01
202000022729,2,7,,0,2,3,15,A01
202000022730,1,2,,0,2,1,19,A01
202000022730,1,7,,0,2,2,1,B01
202000022731,2,7,,0,2,8,1,C01
202000022731,1,7,,0,2,5,15,B01
202000022731,1,37,1.0,0,2,1,21,A01
202000022732,1,7,,0,2,1,1,B01
202000022732,1,10,,0,2,4,4,A01
202000022733,1,1,,0,2,1,1,B01
202000022733,2,7,,0,2,3,15,A01
202000022734,2,7,,0,1,3,15,A01
202000022735,2,7,,0,1,1,15,A01
202000022736,1,7,,0,2,3,1,B01
202000022736,1,30,,0,2,1,1,A01
202000022737,1,37,1.0,0,1,7,1,A01
202000022738,2,34,,0,0,7,1,A01
202000022739,1,7,,0,2,0,2,B01
202000022739,1,34,,0,2,7,17,A01
202000022740,1,30,,0,0,5,1,A01
202000022741,1,1,,12,2,1,19,A01
202000022741,1,7,,0,2,3,16,B01
202000022742,2,37,4.0,0,2,1,1,B01
202000022742,3,7,,0,2,7,1,A01
202000022743,2,34,,0,2,3,21,A01
202000022743,2,7,,0,2,2,1,B01
202000022744,2,7,,0,1,1,1,A01
202000022745,1,7,,0,2,3,1,B01
202000022745,2,30,,0,2,1,15,A01
202000022746,2,7,,0,2,4,0,A01
202000022746,2,7,,0,2,1,0,B01
202000022747,1,33,,0,0,1,1,A01
202000022748,1,7,,0,1,1,1,A01
202000022749,3,32,,0,1,1,13,A01
202000022750,3,7,,0,2,1,1,A01
202000022750,3,7,,0,2,3,1,B01
202000022751,2,7,,0,1,3,1,A01
202000022752,1,7,,0,2,3,15,B01
202000022752,2,43,,0,2,1,1,A01
202000022753,3,10,,0,1,4,26,A01
202000022754,2,1,,0,1,1,1,A01
202000022755,2,7,,0,1,1,15,A01
202000022756,2,7,,0,2,3,15,A01
202000022756,2,33,,0,2,2,17,B01
202000022757,2,33,,0,2,0,2,B01
202000022757,2,10,,0,2,4,26,A01
202000022758,1,7,,0,1,1,1,A01
202000022759,2,7,,0,0,9,0,A01
202000022760,1,7,,4,2,7,1,B01
202000022760,1,7,,0,2,8,17,A01
202000022760,1,17,,0,2,6,1,C01
202000022761,1,1,,0,0,0,1,A01
202000022762,0,7,,8,0,3,1,A01
202000022763,2,7,,0,2,5,15,A01
202000022763,1,33,,0,2,1,1,B01
202000022764,0,2,,12,0,1,0,A01
202000022765,0,7,,0,0,4,1,B01
202000022765,0,33,,0,2,1,1,A01
202000022766,1,31,,6,0,2,1,A01
202000022767,3,7,,0,1,6,4,A01
202000022768,1,2,,13,0,2,1,A01
202000022769,1,7,,0,2,1,1,B01
202000022769,2,7,,0,2,3,19,A01
202000022770,1,3,,16,0,4,1,B01
202000022770,1,7,,0,2,1,1,A01
202000022771,2,7,,4,0,0,21,B01
202000022771,1,7,,0,0,0,5,A01
202000022772,2,7,,3,2,1,0,B01
202000022772,2,7,,0,2,2,1,C01
202000022772,1,7,,3,2,7,17,A01
202000022773,1,7,,0,2,3,1,A01
202000022773,2,33,,12,2,8,15,B01
202000022774,2,7,,2,0,1,2,A01
202000022775,2,7,,0,2,1,1,A01
202000022775,1,7,,0,2,1,5,B01
202000022776,2,7,,0,0,0,1,A01
202000022777,1,7,,0,1,3,1,A01
202000022778,2,7,,2,9,7,1,A01
202000022779,1,10,,0,0,9,1,A01
202000022780,1,1,,0,2,6,16,B01
202000022780,1,7,,0,9,5,17,A01
202000022781,0,36,,13,0,1,1,A01
202000022782,1,33,,0,2,0,17,B01
202000022782,0,10,,0,2,3,1,A01
202000022783,3,7,,0,1,2,1,A01
202000022784,2,1,,0,2,1,1,B01
202000022784,1,7,,0,2,5,19,A01
202000022785,2,7,,0,9,2,2,A01
202000022785,2,1,,0,2,4,2,B01
202000022786,1,7,,0,2,1,9,B01
202000022786,2,10,,10,2,3,17,A01
202000022787,2,7,,0,2,8,15,A01
202000022787,2,10,,0,2,1,1,B01
202000022788,1,7,,13,6,3,13,A01
202000022789,1,2,,0,2,1,0,B01
202000022789,1,7,,0,0,3,19,A01
202000022790,1,7,,0,2,2,1,A01
202000022790,3,1,,0,2,8,19,B01
202000022791,2,7,,2,0,1,1,A01
202000022792,2,3,,13,0,3,13,A01
202000022793,2,10,,0,2,1,1,A01
202000022793,2,3,,0,2,4,1,B01
202000022794,1,17,,2,0,1,13,A01
202000022795,2,7,,0,2,1,1,A01
202000022795,2,15,,0,0,4,2,B01
202000022796,2,7,,0,6,1,1,A01
202000022797,2,43,,14,0,7,17,A01
202000022797,2,7,,12,0,2,14,B01
202000022798,2,7,,0,2,1,1,C01
202000022798,2,7,,0,0,8,1,B01
202000022798,2,7,,0,2,2,17,A01
202000022799,1,7,,0,2,3,13,A01
202000022799,2,15,,0,2,1,21,B01
202000022800,2,15,,0,2,4,1,B01
202000022800,2,7,,0,2,1,1,A01
202000022801,2,7,,0,2,1,19,A01
202000022801,2,17,,0,2,3,19,B01
202000022802,1,7,,0,1,1,1,A01
202000022803,2,7,,0,2,3,9,A01
202000022803,2,2,,0,2,5,2,B01
202000022804,1,7,,0,1,3,1,A01
202000022805,2,7,,6,0,2,1,A01
202000022806,3,7,,0,2,3,17,A01
202000022806,3,32,,0,2,3,1,B01
202000022807,2,7,,0,2,1,17,A01
202000022807,1,7,,0,2,1,1,B01
202000022808,2,7,,0,5,1,19,A01
202000022809,1,7,,0,1,8,1,A01
202000022810,3,7,,2,0,3,14,A01
202000022811,2,7,,0,2,3,5,A01
202000022811,1,15,,0,2,1,1,B01
202000022812,1,7,,0,2,2,1,B01
202000022812,2,1,,0,2,2,1,A01
202000022813,1,10,,0,2,4,1,B01
202000022813,1,10,,0,2,1,26,A01
202000022813,1,10,,0,2,4,1,C01
202000022814,1,7,,0,2,4,23,A01
202000022814,1,33,,0,2,1,2,B01
202000022815,2,14,,0,2,4,1,B01
202000022815,2,7,,0,2,1,14,A01
202000022816,1,7,,0,0,0,11,A01
202000022816,1,33,,0,0,2,3,B01
202000022817,1,7,,0,2,3,21,B01
202000022817,1,7,,0,2,5,1,A01
202000022818,2,7,,0,2,1,26,A01
202000022818,2,7,,0,2,6,2,B01
202000022819,0,7,,0,2,1,1,A01
202000022819,3,7,,0,2,4,1,B01
202000022820,3,7,,0,1,8,1,A01
202000022821,0,50,,0,1,8,19,B01
202000022821,2,7,,0,2,1,1,A01
202000022822,3,32,,0,2,8,15,A01
202000022822,3,7,,0,2,2,1,B01
202000022823,1,7,,0,1,1,17,A01
202000022824,1,2,,0,2,3,13,A01
202000022824,1,7,,0,2,1,21,B01
202000022825,1,31,,0,2,2,21,A01
202000022825,1,7,,0,2,4,15,B01
202000022826,2,7,,0,2,1,13,A01
202000022826,2,7,,0,2,3,0,B01
202000022827,1,7,,0,1,1,15,A01
202000022828,2,33,,0,2,1,26,B01
202000022828,1,7,,0,2,2,15,A01
202000022829,1,10,,1,0,0,0,A01
202000022829,1,33,,0,2,6,1,B01
202000022830,1,50,,0,2,0,21,A01
202000022831,1,7,,0,1,2,1,A01
202000022832,3,2,,1,1,1,1,A01
202000022833,1,7,,0,1,2,1,A01
202000022834,3,37,1.0,0,1,1,1,A01
202000022835,3,1,,0,2,4,16,B01
202000022835,3,7,,0,2,2,16,A01
202000022836,3,7,,0,2,1,1,B01
202000022836,3,7,,0,2,1,26,A01
202000022837,1,7,,0,2,5,1,D01
202000022837,1,7,,0,2,3,1,C01
202000022837,1,7,,0,2,8,21,B01
202000022837,2,7,,1,2,1,5,A01
202000022838,2,7,,0,2,6,1,A01
202000022838,2,7,,0,2,2,1,B01
202000022839,3,7,,0,0,0,21,A01
202000022840,2,30,,0,1,1,16,A01
202000022841,1,1,,0,2,1,1,B01
202000022841,2,10,,0,2,3,26,A01
202000022842,2,7,,0,1,1,1,A01
202000022843,1,7,,0,1,1,1,A01
202000022844,2,7,,0,2,1,1,A01
202000022844,1,7,,0,2,2,15,B01
202000022845,1,7,,0,0,0,0,B01
202000022845,1,7,,3,2,2,9,A01
202000022846,3,37,1.0,0,1,2,26,A01
202000022847,1,7,,14,0,1,14,A01
202000022848,1,30,,0,0,0,21,A01
202000022849,1,2,,0,2,1,1,B01
202000022849,2,7,,0,2,2,15,A01
202000022850,1,7,,0,2,2,1,B01
202000022850,1,1,,0,2,1,1,A01
202000022851,3,7,,0,0,0,0,A01
202000022851,3,7,,0,0,4,23,B01
202000022852,1,7,,0,2,3,0,A01
202000022852,1,1,,0,2,1,0,B01
202000022853,0,7,,0,1,1,1,A01
202000022854,2,7,,0,2,2,1,B01
202000022854,2,7,,9,2,6,17,A01
202000022854,3,7,,0,2,8,26,C01
202000022855,0,7,,0,1,1,1,A01
202000022856,1,2,,1,0,1,2,B01
202000022856,1,7,,1,0,4,23,A01
202000022857,0,1,,0,1,1,0,A01
202000022858,0,33,,0,2,7,17,B01
202000022858,3,7,,0,2,3,17,A01
202000022859,0,31,,0,2,8,1,B01
202000022859,0,7,,0,2,1,19,A01
202000022860,1,7,,0,1,3,15,A01
202000022861,2,32,,0,2,1,1,B01
202000022861,1,7,,0,2,2,15,A01
202000022862,0,7,,0,2,1,1,A01
202000022862,0,7,,0,2,7,1,B01
202000022863,1,15,,0,1,0,1,Z01
202000022864,3,7,,0,2,2,1,A01
202000022864,1,2,,0,2,7,1,B01
202000022865,2,7,,0,1,7,16,A01
202000022866,2,7,,0,2,6,15,A01
202000022866,2,31,,0,2,1,17,B01
202000022867,1,15,,0,1,0,11,A01
202000022868,0,7,,0,2,3,1,B01
202000022868,3,7,,0,2,2,1,A01
202000022869,1,10,,0,2,0,26,B01
202000022869,1,30,,0,2,0,0,A01