Num_Acc,senc,catv,occutc,obs,obsm,choc,manv,num_veh
202000022870,1,7,,0,0,6,15,B01
202000022870,1,2,,0,2,2,17,A01
202000022871,2,7,,0,2,7,16,A01
202000022871,3,37,1.0,0,2,2,2,B01
202000022872,1,30,,0,2,1,2,A01
202000022872,1,7,,0,2,5,23,B01
202000022873,2,7,,0,0,1,1,Z01
202000022873,1,30,,0,2,8,1,B01
202000022874,0,7,,0,1,4,9,A01
202000022875,1,10,,0,2,3,13,A01
202000022875,1,33,,0,2,2,1,B01
202000022876,1,33,,0,0,0,1,A01
202000022877,1,15,,0,2,7,1,B01
202000022877,0,32,,0,2,1,2,A01
202000022878,1,17,,8,0,7,15,A01
202000022879,1,2,,0,2,2,26,B01
202000022879,1,7,,0,9,8,15,A01
202000022880,1,10,,0,2,2,2,A01
202000022880,1,2,,0,2,8,2,B01
202000022881,1,10,,0,2,1,1,A01
202000022881,1,10,,0,2,3,9,B01
202000022882,3,10,,0,2,1,15,A01
202000022882,2,7,,0,2,7,1,B01
202000022883,0,7,,0,1,3,1,A01
202000022884,2,31,,0,2,1,13,A01
202000022884,1,7,,0,2,1,1,B01
202000022885,2,7,,0,1,2,1,A01
202000022886,3,10,,0,2,2,15,B01
202000022886,3,33,,0,2,1,1,A01
202000022887,1,1,,1,0,1,21,A01
202000022888,1,7,,0,2,1,1,B01
202000022888,1,50,,0,2,7,1,A01
202000022889,1,50,,0,2,1,2,B01
202000022889,2,1,,0,2,1,13,A01
202000022890,2,7,,0,1,1,15,A01
202000022891,1,7,,0,1,1,1,A01
202000022892,1,7,,0,2,0,0,Z01
202000022892,1,1,,0,2,0,1,A01
202000022893,2,1,,0,1,1,15,A01
202000022894,1,7,,0,2,5,22,A01
202000022894,1,1,,0,2,1,18,B01
202000022895,1,7,,0,2,2,15,A01
202000022895,2,33,,0,2,1,1,B01
202000022896,2,33,,0,0,0,0,A01
202000022897,3,7,,0,2,8,19,A01
202000022897,2,31,,0,2,1,1,B01
202000022897,1,13,,0,0,1,1,C01
202000022898,0,3,,0,2,3,1,A01
202000022898,0,10,,0,2,3,5,B01
202000022899,1,33,,0,0,0,0,A01
202000022900,1,7,,0,2,3,13,A01
202000022900,2,7,,0,2,2,1,B01
202000022901,1,7,,0,2,3,0,A01
202000022901,2,7,,0,2,3,13,B01
202000022902,2,10,,0,9,3,1,A01
202000022902,1,1,,0,0,8,19,B01
202000022903,2,7,,0,1,3,15,A01
202000022904,1,7,,0,2,3,1,A01
202000022904,1,7,,0,2,3,13,B01
202000022905,2,30,,0,2,1,5,A01
202000022905,1,7,,0,2,3,1,B01
202000022906,1,7,,0,2,1,1,B01
202000022906,1,7,,0,0,4,1,A01
202000022907,3,7,,0,1,3,1,A01
202000022908,1,33,,0,2,2,17,A01
202000022908,2,7,,0,2,3,15,B01
202000022909,1,7,,14,0,3,1,B01
202000022909,1,7,,4,0,9,1,A01
202000022910,3,7,,0,1,5,4,A01
202000022911,2,32,,0,0,0,21,A01
202000022912,2,7,,1,0,2,0,A01
202000022913,3,7,,0,9,3,1,A01
202000022913,3,80,,0,2,7,1,B01
202000022914,1,1,,0,2,8,1,B01
202000022914,1,7,,0,0,3,1,A01
202000022915,1,7,,0,2,1,24,B01
202000022915,1,7,,1,0,1,1,A01
202000022916,2,33,,0,0,9,17,A01
202000022917,2,7,,4,0,3,1,A01
202000022918,2,7,,0,2,1,2,B01
202000022918,2,7,,0,2,4,1,A01
202000022919,1,7,,4,2,5,2,A01
202000022919,2,7,,4,2,3,2,B01
202000022920,2,7,,0,2,1,17,A01
202000022920,2,7,,0,2,6,11,B01
202000022921,2,15,,0,2,1,2,A01
202000022921,2,7,,0,2,6,1,B01
202000022922,2,33,,0,2,9,2,A01
202000022922,1,7,,0,2,0,2,B01
202000022923,1,7,,3,2,1,2,A01
202000022923,1,10,,0,2,4,2,B01
202000022924,2,7,,5,0,9,2,A01
202000022925,2,15,,0,2,1,2,C01
202000022925,2,7,,0,2,4,2,B01
202000022925,2,15,,0,2,1,2,A01
202000022926,1,7,,0,2,8,11,A01
202000022926,1,33,,0,2,3,2,B01
202000022927,0,10,,0,0,0,0,Z01
202000022927,2,33,,0,2,1,14,A01
202000022928,1,7,,0,0,0,26,A01
202000022928,1,7,,0,0,0,23,B01
202000022928,1,7,,0,0,0,23,C01
202000022928,1,7,,0,0,0,2,D01
202000022929,1,17,,0,2,2,12,A01
202000022929,1,7,,0,2,8,1,B01
202000022929,1,33,,0,2,7,3,C01
202000022930,2,7,,0,1,2,1,A01
202000022931,2,10,,0,2,1,1,A01
202000022931,2,2,,0,2,8,1,B01
202000022932,1,7,,0,1,8,2,A01
202000022933,1,7,,0,2,1,2,A01
202000022933,1,7,,0,2,4,2,B01
202000022934,2,10,,0,1,1,19,A01
202000022935,3,7,,0,2,1,1,B01
202000022935,3,7,,0,2,1,1,A01
202000022936,1,7,,0,9,8,15,A01
202000022936,1,1,,0,2,7,1,B01
202000022937,2,7,,0,2,2,19,A01
202000022937,2,32,,0,2,2,19,B01
202000022938,1,7,,0,2,2,15,B01
202000022938,1,33,,0,2,1,7,A01
202000022939,3,1,,0,2,0,0,B01
202000022939,1,7,,16,0,7,9,A01
202000022940,2,2,,0,2,1,1,B01
202000022940,2,7,,0,2,3,16,A01
202000022941,1,30,,0,0,0,1,A01
202000022942,1,7,,0,2,1,15,B01
202000022942,2,30,,0,2,1,17,A01
202000022943,1,1,,0,2,1,16,B01
202000022943,1,14,,0,2,5,1,A01
202000022944,3,1,,0,2,0,0,B01
202000022944,3,7,,0,2,1,1,A01
202000022945,3,7,,0,2,3,0,A01
202000022945,3,7,,0,2,3,0,B01
202000022946,2,34,,0,0,0,26,A01
202000022947,1,7,,0,2,1,13,A01
202000022947,1,7,,0,2,1,1,B01
202000022948,3,7,,0,2,1,1,B01
202000022948,3,30,,0,2,3,15,A01
202000022949,1,7,,0,1,1,26,A01
202000022950,2,10,,0,1,3,26,A01
202000022951,3,7,,0,1,1,1,A01
202000022952,0,7,,0,1,1,15,A01
202000022953,1,7,,0,2,3,0,B01
202000022953,1,7,,0,2,2,26,A01
202000022954,3,10,,0,1,6,23,A01
202000022955,2,7,,0,9,3,1,A01
202000022955,1,1,,0,2,1,5,B01
202000022956,2,33,,0,2,1,1,B01
202000022956,2,7,,0,2,8,15,A01
202000022957,1,7,,0,2,1,5,A01
202000022957,2,7,,0,2,1,1,B01
202000022958,1,7,,0,1,1,1,A01
202000022959,3,7,,0,2,3,9,A01
202000022959,3,7,,0,2,7,26,B01
202000022960,2,7,,0,2,1,1,C01
202000022960,2,2,,0,2,3,1,B01
202000022960,1,7,,0,2,1,13,A01
202000022961,2,7,,0,0,0,15,A01
202000022961,1,33,,0,2,0,1,B01
202000022962,1,7,,2,0,1,0,A01
202000022963,2,10,,0,2,8,19,B01
202000022963,1,7,,0,2,1,1,A01
202000022964,0,7,,0,2,1,1,C01
202000022964,0,7,,0,2,1,1,B01
202000022964,0,7,,0,2,1,13,A01
202000022965,1,31,,0,0,0,26,A01
202000022966,2,7,,0,2,6,16,A01
202000022966,1,1,,0,2,1,1,B01
202000022967,0,36,,15,0,3,13,A01
202000022968,2,7,,0,2,2,16,A01
202000022968,2,1,,0,2,4,1,B01
202000022969,2,32,,0,0,0,0,B01
202000022969,2,7,,0,2,0,19,A01
202000022970,1,7,,0,2,2,9,A01
202000022970,1,7,,0,2,3,1,B01
202000022971,2,32,,12,0,0,1,A01
202000022972,3,1,,0,2,6,1,A01
202000022972,1,7,,0,2,3,1,B01
202000022973,1,7,,0,9,3,19,A01
202000022973,1,1,,0,2,8,1,B01
202000022974,1,7,,0,2,1,1,A01
202000022974,2,1,,0,2,6,19,B01
202000022975,0,7,,0,2,0,0,Z01
202000022975,1,1,,0,2,4,0,A01
202000022976,1,7,,0,2,2,15,A01
202000022976,2,99,,0,2,1,21,B01
202000022977,1,7,,0,2,1,1,A01
202000022977,1,7,,0,2,3,1,B01
202000022978,1,10,,0,1,8,1,A01
202000022979,2,7,,0,2,8,1,B01
202000022979,1,7,,0,2,1,1,A01
202000022980,2,10,,0,2,3,1,B01
202000022980,1,2,,0,2,1,5,A01
202000022981,2,30,,0,2,0,0,B01
202000022981,1,7,,0,2,3,15,A01
202000022982,2,7,,0,1,1,1,A01
202000022983,1,10,,0,2,6,23,B01
202000022983,1,33,,0,2,7,17,A01
202000022984,3,7,,1,1,2,0,A01
202000022985,0,1,,0,2,3,26,A01
202000022986,0,7,,0,1,1,19,A01
202000022987,2,30,,0,0,0,1,B01
202000022987,1,7,,0,0,0,20,A01
202000022988,1,7,,0,2,8,1,B01
202000022988,1,7,,0,2,1,1,A01
202000022989,2,7,,0,2,3,9,Z01
202000022989,1,1,,0,2,7,1,A01
202000022990,2,7,,0,2,2,16,B01
202000022990,2,2,,0,2,8,16,A01
202000022991,2,1,,0,2,7,1,B01
202000022991,1,7,,0,2,3,9,A01
202000022992,1,10,,0,2,2,2,A01
202000022992,1,33,,0,2,4,23,B01
202000022993,3,1,,0,2,1,19,B01
202000022993,1,7,,0,2,8,1,A01
202000022994,3,7,,0,2,8,9,A01
202000022994,1,34,,0,2,1,1,B01
202000022995,1,0,,0,2,1,2,B01
202000022995,1,7,,0,2,4,2,A01
202000022996,3,99,,0,2,1,5,B01
202000022996,3,7,,0,2,3,13,A01
202000022997,2,33,,0,2,1,1,A01
202000022997,2,7,,0,2,6,1,B01
202000022998,1,7,,0,2,1,2,A01
202000022998,1,32,,0,2,4,2,B01
202000022999,3,7,,0,2,3,16,A01
202000022999,3,1,,0,2,1,19,B01
202000023000,1,33,,0,2,1,7,B01
202000023000,1,7,,0,2,5,16,A01
202000023001,1,7,,0,2,3,2,A01
202000023001,1,7,,0,2,4,2,B01
202000023002,0,7,,0,2,2,26,A01
202000023002,0,33,,0,2,1,0,B01
202000023003,0,7,,0,2,6,1,B01
202000023003,3,30,,0,2,1,9,A01
202000023004,1,7,,0,2,4,23,B01
202000023004,1,33,,0,2,1,2,A01
202000023005,0,33,,0,1,9,18,A01
202000023006,1,7,,0,2,7,1,B01
202000023006,1,7,,0,2,1,9,A01
202000023007,3,7,,0,2,3,1,B01
202000023007,3,3,,0,2,3,13,A01
202000023008,3,7,,6,0,1,13,A01
202000023009,2,7,,5,0,1,12,A01
202000023010,0,1,,0,2,0,0,B01
202000023010,1,7,,0,2,0,0,A01
202000023011,1,7,,0,2,2,16,A01
202000023011,1,2,,0,2,1,1,B01
202000023012,1,10,,0,2,2,1,B01
202000023012,2,1,,0,2,1,5,A01
202000023013,0,7,,0,2,3,1,A01
202000023013,1,7,,0,2,1,1,B01
202000023014,0,7,,0,2,1,1,A01
202000023014,0,1,,0,2,1,25,B01
202000023015,2,33,,0,2,1,1,A01
202000023015,2,7,,0,2,6,15,B01
202000023016,0,7,,0,1,0,0,Z01
202000023017,1,37,1.0,0,1,1,21,A01
202000023018,3,7,,0,1,1,26,A01
202000023019,1,7,,0,2,3,9,A01
202000023019,2,1,,0,2,1,26,B01
202000023020,1,7,,0,1,1,9,A01
202000023021,3,7,,0,1,3,9,A01
202000023022,2,7,,0,2,4,0,B01
202000023022,2,7,,0,2,3,2,A01
202000023023,0,7,,0,1,1,15,A01
202000023024,1,33,,0,2,1,1,B01
202000023024,1,7,,0,2,3,9,A01
202000023025,1,2,,0,2,7,2,B01
202000023025,1,10,,0,2,8,15,A01
202000023026,3,7,,0,2,3,13,A01
202000023026,3,7,,0,2,3,1,B01
202000023027,3,7,,0,2,1,1,B01
202000023027,1,30,,0,2,1,1,A01
202000023028,1,2,,0,2,1,1,B01
202000023028,2,7,,0,2,2,15,A01
202000023029,1,30,,0,2,1,17,A01
202000023029,1,7,,0,2,8,15,B01
202000023030,1,7,,0,2,6,1,D01
202000023030,1,34,,0,2,1,3,A01
202000023030,1,31,,0,2,4,3,B01
202000023030,1,32,,0,2,4,1,C01
202000023031,2,7,,0,2,2,11,A01
202000023031,2,7,,0,2,6,1,B01
202000023032,2,10,,0,2,3,23,B01
202000023032,1,1,,0,2,1,13,A01
202000023033,2,30,,0,1,1,1,A01
202000023034,3,50,,0,0,0,1,A01
202000023035,2,32,,0,2,1,17,A01
202000023035,2,10,,0,2,3,15,B01
202000023036,2,7,,0,1,2,1,A01
202000023037,2,1,,0,2,5,1,A01
202000023037,1,30,,0,2,0,13,Z01
202000023038,1,7,,0,2,3,15,A01
202000023038,2,33,,0,2,3,1,B01
202000023039,1,7,,0,2,2,9,A01
202000023039,1,31,,0,2,3,1,B01
202000023040,0,7,,2,0,1,1,A01
202000023041,1,30,,0,1,3,1,A01
202000023042,2,7,,0,2,2,12,A01
202000023042,2,1,,0,2,8,7,B01
202000023043,2,34,,0,2,7,1,B01
202000023043,2,10,,0,2,3,10,A01
202000023044,3,31,,0,0,8,1,A01
202000023045,1,1,,0,0,1,21,A01
202000023046,2,33,,0,2,0,15,B01
202000023046,1,7,,0,2,1,19,A01
202000023047,2,7,,0,2,3,10,A01
202000023047,2,2,,0,2,1,17,B01
202000023048,1,1,,0,2,8,1,B01
202000023048,1,7,,0,2,0,0,A01
202000023049,-1,32,,0,2,8,16,A01
202000023049,-1,7,,0,2,2,1,B01
202000023050,2,32,,0,0,2,19,B01
202000023050,2,7,,0,2,8,22,A01
202000023051,1,31,,0,0,1,1,A01
202000023052,1,7,,0,2,3,26,A01
202000023052,-1,80,,1,2,0,0,B01
202000023053,1,10,,8,0,1,26,A01
202000023054,1,7,,0,1,2,26,A01
202000023055,-1,7,,0,0,4,2,B01
202000023055,-1,7,,7,2,1,2,A01
202000023056,2,1,,1,0,1,1,A01
202000023056,0,7,,0,0,0,22,B01
202000023057,2,7,,0,2,4,15,B01
202000023057,2,1,,0,2,1,2,A01
202000023058,2,7,,15,0,1,13,A01
202000023059,1,7,,0,2,5,26,B01
202000023059,1,10,,0,1,3,0,A01
202000023060,2,7,,0,2,1,2,A01
202000023060,2,7,,0,2,4,23,B01
202000023061,2,1,,15,1,1,13,A01
202000023062,1,32,,0,2,1,1,A01
202000023062,1,10,,0,2,4,20,B01
202000023063,1,33,,0,1,1,1,A01
202000023064,2,7,,0,2,3,24,A01
202000023064,2,7,,1,0,2,0,Z01
202000023065,0,7,,0,1,1,1,A01
202000023066,1,7,,6,0,1,1,A01
202000023067,2,7,,0,2,1,16,A01
202000023067,1,1,,0,0,7,19,B01
202000023068,3,7,,0,1,2,1,A01
202000023069,2,7,,0,2,3,0,A01
202000023069,1,33,,0,2,1,0,B01
202000023070,3,7,,0,2,2,1,B01
202000023070,3,1,,0,2,8,9,A01
202000023071,1,7,,15,0,1,1,A01
202000023072,2,7,,3,2,1,17,A01
202000023072,2,7,,0,2,4,11,B01
202000023072,2,7,,3,2,6,1,C01
202000023073,1,7,,8,0,1,1,A01
202000023074,2,33,,13,0,7,1,A01
202000023075,1,33,,16,0,9,1,A01
202000023076,2,7,,17,0,3,13,A01
202000023077,1,7,,0,1,1,1,A01
202000023078,2,7,,0,9,8,2,A01
202000023078,2,1,,0,2,7,2,B01
202000023079,3,7,,0,2,0,1,A01
202000023079,0,1,,0,2,4,1,B01
202000023080,3,10,,0,1,4,26,A01
202000023081,3,7,,0,2,3,19,A01
202000023081,1,7,,0,2,2,1,B01
202000023082,1,7,,3,2,3,17,A01
202000023082,2,7,,0,2,3,1,B01
202000023083,2,7,,0,2,8,10,A01
202000023083,2,15,,0,2,2,1,B01
202000023084,1,7,,0,2,8,19,A01
202000023084,1,7,,0,2,1,1,B01
202000023085,1,7,,0,2,3,1,B01
202000023085,2,7,,0,2,2,5,A01
202000023086,0,7,,6,0,1,13,A01
202000023087,2,7,,0,1,1,1,A01
202000023088,3,7,,0,1,3,1,A01
202000023089,1,33,,0,0,3,1,B01
202000023089,2,7,,0,2,3,9,A01
202000023090,1,7,,0,1,2,1,A01
202000023091,1,7,,0,0,3,1,B01
202000023091,1,7,,0,2,3,17,A01
202000023092,1,34,,0,2,1,1,B01
202000023092,2,7,,0,2,1,5,A01
202000023093,2,43,,0,2,3,1,A01
202000023093,2,7,,0,2,7,16,Z01
202000023094,1,7,,0,1,4,4,A01
202000023095,2,7,,0,2,3,15,A01
202000023095,1,7,,0,2,6,23,B01
202000023095,1,33,,0,2,1,17,C01
202000023096,1,31,,0,2,2,17,B01
202000023096,1,14,,0,2,3,10,A01
202000023097,1,30,,0,2,7,3,A01
202000023097,1,7,,0,2,6,16,B01
202000023097,1,7,,0,2,5,16,C01
202000023098,1,7,,0,2,3,1,B01
202000023098,1,50,,0,2,7,1,A01
202000023099,2,50,,8,0,1,25,A01
202000023100,1,50,,0,2,1,1,A01
202000023100,2,7,,0,2,0,15,Z01
202000023101,2,7,,0,2,8,1,B01
202000023101,2,50,,0,2,7,1,A01
202000023102,1,7,,0,2,2,1,A01
202000023102,2,80,,0,2,1,13,B01
202000023103,1,33,,0,2,8,13,B01
202000023103,1,30,,0,2,2,9,A01
202000023104,3,7,,0,2,2,5,C01
202000023104,3,7,,0,2,3,0,B01
202000023104,3,33,,0,2,2,3,A01
202000023105,0,7,,0,1,7,16,A01
202000023106,1,99,,15,0,4,16,B01
202000023106,1,7,,15,0,3,16,A01
202000023107,2,10,,0,2,1,16,B01
202000023107,2,10,,0,2,7,17,A01
202000023108,1,7,,0,2,4,2,B01
202000023108,1,7,,0,2,1,1,A01
202000023109,1,10,,1,1,2,1,A01
202000023110,3,1,,0,2,3,1,A01
202000023110,3,30,,0,2,1,19,B01
202000023111,1,7,,0,2,1,15,A01
202000023111,2,33,,0,2,3,2,B01
202000023112,2,15,,0,2,1,12,A01
202000023112,2,7,,0,2,8,1,B01
202000023113,0,1,,0,2,1,5,B01
202000023113,3,7,,0,2,1,1,A01
202000023114,2,7,,0,2,1,21,B01
202000023114,2,7,,0,2,3,15,A01
202000023115,1,7,,3,2,8,1,B01
202000023115,1,10,,3,2,7,17,A01
202000023116,1,33,,0,0,7,1,A01
202000023117,1,7,,2,2,1,1,B01
202000023117,2,7,,0,2,1,13,A01
202000023118,0,7,,13,0,1,17,A01
202000023119,1,7,,0,0,0,2,A01
202000023120,2,7,,13,0,2,1,A01
202000023121,1,31,,9,0,1,16,A01
202000023122,1,7,,13,0,1,18,A01
202000023123,1,7,,13,0,0,13,A01
202000023124,1,33,,0,0,7,1,A01
202000023125,3,7,,6,0,1,1,A01
202000023126,2,7,,16,0,9,13,A01
202000023127,1,7,,1,1,7,21,A01
202000023128,2,1,,13,0,0,21,A01
202000023129,1,36,,6,0,3,1,A01
202000023130,2,7,,0,2,7,17,A01
202000023130,2,7,,0,2,8,1,B01
202000023131,2,7,,0,1,1,1,A01
202000023132,2,33,,0,2,1,1,B01
202000023132,1,7,,0,2,3,15,A01
202000023133,3,21,,0,2,3,15,A01
202000023133,3,2,,0,2,8,21,B01
202000023134,1,10,,0,2,1,3,A01
202000023134,2,33,,0,2,1,26,B01
202000023135,1,7,,0,2,1,13,A01
202000023135,2,7,,0,2,1,1,B01
202000023136,1,7,,0,2,3,13,B01
202000023136,2,7,,0,2,3,1,A01
202000023137,1,33,,8,0,7,1,A01
202000023138,3,1,,0,0,0,0,A01
202000023139,2,33,,13,0,1,1,A01
202000023140,2,7,,0,0,0,0,A01
202000023141,2,7,,0,0,5,2,B01
202000023141,2,33,,0,2,1,2,A01
202000023142,2,7,,0,2,3,23,C01
202000023142,1,7,,0,2,7,19,A01
202000023142,1,7,,7,2,1,1,B01
202000023143,2,2,,0,1,1,1,A01
202000023144,3,7,,0,2,6,15,A01
202000023144,1,34,,0,2,3,0,B01
202000023145,1,7,,8,0,3,1,A01
202000023146,2,7,,4,0,2,1,A01
202000023147,2,7,,0,1,0,0,A01
202000023148,1,33,,0,2,1,0,B01
202000023148,2,7,,0,2,1,10,A01
202000023149,1,7,,8,0,2,1,A01
202000023150,1,15,,0,9,5,17,A01
202000023150,1,1,,0,2,8,1,B01
202000023151,2,7,,6,0,1,0,A01
202000023152,2,33,,0,2,1,1,B01
202000023152,1,7,,0,2,1,15,A01
202000023153,0,7,,0,2,3,17,A01
202000023153,0,34,,0,2,1,1,B01
202000023154,1,7,,0,2,3,1,B01
202000023154,2,7,,0,2,1,13,A01
202000023155,1,33,,0,2,1,1,B01
202000023155,2,7,,0,2,2,13,A01
202000023156,2,33,,0,0,4,2,B01
202000023156,2,7,,0,2,1,1,A01
202000023157,1,7,,0,9,7,16,A01
202000023157,1,1,,0,2,8,1,B01
202000023158,2,7,,13,0,1,0,A01
202000023159,2,2,,13,0,0,26,A01
202000023160,2,33,,3,0,8,1,A01
202000023161,2,10,,0,2,1,1,B01
202000023161,1,7,,0,2,1,1,A01
202000023162,1,7,,6,0,9,1,A01
202000023163,2,7,,4,0,2,0,A01
202000023164,1,33,,12,0,0,0,A01
202000023165,1,7,,0,0,0,1,A01
202000023166,2,7,,0,1,1,21,B01
202000023166,2,17,,0,1,3,21,A01
202000023167,3,7,,13,0,0,13,A01
202000023168,1,7,,0,2,1,2,B01
202000023168,2,30,,0,2,1,13,A01
202000023169,3,2,,0,0,9,1,A01
202000023170,2,7,,0,0,7,14,A01
202000023171,2,7,,0,9,8,1,A01
202000023171,1,13,,0,2,0,0,B01
202000023172,2,7,,13,0,7,1,A01
202000023172,1,7,,0,2,1,19,B01
202000023173,0,7,,2,0,1,1,A01
202000023174,2,7,,13,0,1,14,A01
202000023175,1,7,,0,2,1,2,B01
202000023175,1,7,,0,2,4,2,A01
202000023176,3,36,,0,1,3,1,A01
202000023177,1,31,,0,2,1,13,B01
202000023177,2,7,,0,2,8,1,A01
202000023178,1,33,,13,0,1,1,A01
202000023179,1,7,,8,0,1,1,A01
202000023180,1,7,,14,0,9,11,A01
202000023181,2,10,,0,0,3,23,A01
202000023181,2,1,,1,0,1,1,B01
202000023182,0,7,,0,0,8,15,A01
202000023182,0,33,,0,0,2,17,B01
202000023183,2,7,,0,2,1,1,B01
202000023183,2,7,,0,2,3,9,A01
202000023184,3,7,,0,9,2,2,A01
202000023184,3,1,,0,2,3,2,B01
202000023185,2,7,,0,2,1,1,B01
202000023185,1,7,,0,2,1,13,A01
202000023186,1,7,,0,2,1,1,B01
202000023186,2,7,,0,2,1,17,A01
202000023187,2,7,,0,2,2,13,B01
202000023187,1,7,,0,2,1,1,A01
202000023188,1,10,,0,2,1,2,B01
202000023188,1,7,,0,2,4,2,A01
202000023189,1,7,,4,0,3,13,A01
202000023190,2,7,,4,0,1,13,A01
202000023191,1,7,,4,0,9,21,A01
202000023192,2,10,,0,0,6,1,B01
202000023192,2,31,,0,2,1,26,A01
202000023193,2,7,,0,2,1,2,A01
202000023193,2,7,,0,2,4,1,B01
202000023194,1,7,,0,2,9,1,A01
202000023195,1,7,,4,0,2,14,A01
202000023196,1,7,,0,-1,4,1,B01
202000023196,1,7,,0,2,1,2,A01
202000023197,1,7,,0,2,4,2,B01
202000023197,1,7,,0,2,1,2,A01
202000023198,1,7,,0,2,5,12,B01
202000023198,1,33,,0,2,3,3,A01
202000023199,3,15,,1,0,1,26,A01
202000023200,3,30,,0,2,8,19,A01
202000023200,3,7,,0,2,1,1,B01
202000023201,2,7,,0,2,3,15,B01
202000023201,2,30,,0,2,1,17,A01
202000023202,1,37,1.0,0,1,7,13,A01
202000023203,1,2,,0,2,7,17,B01
202000023203,1,7,,0,2,3,20,A01
202000023204,3,7,,0,2,8,13,A01
202000023204,3,7,,0,2,8,1,B01
202000023205,2,7,,0,2,8,13,A01
202000023205,1,7,,0,2,8,1,B01
202000023206,2,50,,1,0,1,1,B01
202000023206,2,7,,0,9,8,24,A01
202000023207,1,7,,0,2,1,2,C01
202000023207,1,7,,0,2,9,2,A01
202000023207,1,7,,0,2,4,2,B01
202000023208,2,1,,0,2,5,19,B01
202000023208,2,7,,0,2,3,9,A01
202000023209,1,7,,0,2,1,1,A01
202000023209,1,31,,0,2,7,1,B01
202000023210,1,7,,0,1,1,1,A01
202000023211,3,7,,0,2,1,15,A01
202000023211,3,33,,0,2,6,16,B01
202000023212,2,7,,1,0,3,20,A01
202000023212,2,7,,0,2,3,24,B01
202000023213,2,7,,14,0,1,2,A01
202000023213,2,7,,0,2,4,23,B01
202000023214,2,33,,0,2,1,17,A01
202000023214,2,7,,0,2,3,15,B01
202000023215,2,32,,0,0,0,21,A01
202000023216,3,7,,0,2,3,16,B01
202000023216,1,7,,0,2,1,21,A01
202000023217,3,7,,0,2,2,19,B01
202000023217,1,33,,0,2,1,21,A01
202000023218,2,32,,14,0,1,17,A01
202000023219,3,7,,0,2,1,1,B01
202000023219,3,10,,0,2,7,5,A01
202000023220,1,7,,0,2,3,15,A01
202000023220,2,7,,0,2,3,1,B01
202000023221,1,7,,0,0,1,1,A01
202000023221,1,50,,0,2,4,26,B01
202000023222,2,32,,0,2,3,11,A01
202000023222,2,33,,0,2,2,3,B01
202000023222,2,10,,0,2,5,1,C01
202000023223,2,31,,0,2,1,0,A01
202000023223,2,7,,0,2,4,26,B01
202000023224,3,7,,0,1,1,1,A01
202000023225,2,99,,0,1,1,16,A01
202000023226,1,7,,0,1,0,9,A01
202000023227,1,10,,0,2,1,2,A01
202000023227,1,7,,0,2,9,1,B01
202000023228,1,7,,0,2,3,1,A01
202000023228,1,1,,0,0,0,0,B01
202000023229,3,7,,0,0,4,20,B01
202000023229,3,7,,0,2,2,1,A01
202000023230,1,33,,0,2,1,1,A01
202000023230,1,7,,0,2,3,16,B01
202000023231,1,7,,0,2,6,15,B01
202000023231,1,30,,0,2,1,2,A01
202000023232,1,20,,0,2,1,2,A01
202000023232,1,7,,6,0,4,1,B01
202000023232,1,7,,0,2,4,1,C01
202000023232,1,7,,0,2,9,2,D01
202000023232,1,10,,0,2,5,2,E01
202000023233,1,7,,0,2,3,13,A01
202000023233,2,7,,0,2,1,1,B01
202000023234,2,7,,0,2,2,0,B01
202000023234,2,7,,0,2,1,2,A01
202000023235,1,31,,0,2,1,1,A01
202000023235,1,33,,0,2,1,12,B01
202000023236,3,33,,0,2,2,17,A01
202000023236,3,7,,0,2,8,15,B01
202000023237,3,7,,0,1,1,1,A01
202000023238,1,7,,0,2,2,15,B01
202000023238,2,33,,0,2,1,26,A01
202000023239,3,30,,0,2,8,21,A01
202000023239,3,7,,0,2,8,2,B01
202000023240,3,10,,0,2,2,1,B01
202000023240,3,30,,11,2,8,11,A01
202000023241,2,60,,0,1,7,26,A01
202000023242,1,7,,0,2,1,2,A01
202000023242,1,2,,0,2,4,23,B01
202000023243,1,10,,0,2,1,2,A01
202000023243,1,7,,0,2,4,23,B01
202000023244,1,7,,1,0,8,0,B01
202000023244,3,7,,1,0,2,14,A01
202000023245,1,17,,0,2,2,1,A01
202000023245,2,10,,0,2,3,1,B01
202000023246,1,7,,0,2,1,9,A01
202000023246,2,7,,1,1,8,1,B01
202000023247,2,7,,0,1,1,1,A01
202000023248,1,7,,0,1,6,26,FA01
202000023249,2,7,,0,2,3,1,A01
202000023249,1,7,,0,2,2,16,B01
202000023250,3,7,,0,1,2,14,A01
202000023251,3,7,,0,2,4,23,B01
202000023251,3,7,,0,2,1,1,A01
202000023252,3,2,,8,0,1,1,A01
202000023253,1,33,,0,2,1,1,A01
202000023253,2,37,1.0,0,2,2,1,B01
202000023254,3,2,,12,0,1,1,A01
202000023255,2,1,,0,2,0,25,B01
202000023255,3,7,,0,2,0,9,A01
202000023256,2,34,,0,2,1,1,B01
202000023256,2,7,,0,2,3,19,A01
202000023257,2,33,,0,2,1,17,B01
202000023257,2,7,,0,2,3,11,A01
202000023258,2,34,,0,2,1,17,A01
202000023258,1,32,,0,2,1,1,B01