Num_Acc,senc,catv,occutc,obs,obsm,choc,manv,num_veh
202000023259,1,1,,0,1,1,1,A01
202000023260,1,30,,0,2,1,1,A01
202000023260,1,7,,0,2,8,1,B01
202000023261,1,1,,0,2,8,1,B01
202000023261,1,7,,0,2,2,17,A01
202000023262,0,7,,0,2,4,2,C01
202000023262,0,7,,0,2,4,0,B01
202000023262,0,7,,0,2,1,2,A01
202000023262,0,7,,0,2,4,2,D01
202000023263,0,3,,2,2,2,1,B01
202000023263,0,7,,0,2,3,10,A01
202000023264,3,7,,0,2,2,15,B01
202000023264,3,31,,0,2,1,25,A01
202000023265,1,7,,0,2,1,14,A01
202000023265,1,7,,0,0,0,0,B01
202000023266,2,7,,13,0,2,1,A01
202000023267,0,7,,1,0,2,1,B01
202000023267,3,7,,0,2,1,9,A01
202000023268,1,7,,6,2,1,1,A01
202000023268,1,7,,0,2,7,15,B01
202000023269,1,10,,0,1,1,15,A01
202000023270,1,7,,0,2,1,1,B01
202000023270,2,7,,0,2,1,13,A01
202000023271,1,7,,0,2,1,1,A01
202000023271,1,7,,0,2,4,1,B01
202000023272,1,1,,0,0,0,1,A01
202000023273,2,32,,0,2,1,2,A01
202000023274,2,1,,0,2,7,1,B01
202000023274,3,10,,0,2,1,9,A01
202000023275,1,7,,0,0,0,15,A01
202000023275,2,31,,0,0,0,1,B01
202000023276,1,7,,0,1,1,19,A01
202000023277,1,33,,0,2,3,17,B01
202000023277,1,7,,0,2,2,9,A01
202000023278,1,7,,0,2,3,26,A01
202000023278,1,2,,0,2,3,1,B01
202000023279,2,37,1.0,0,2,2,1,B01
202000023279,2,7,,15,2,3,1,A01
202000023280,1,32,,0,2,2,17,A01
202000023280,1,7,,0,2,3,15,B01
202000023281,2,7,,0,2,6,11,A01
202000023281,2,17,,0,2,2,17,B01
202000023282,1,10,,0,2,4,23,C01
202000023282,1,7,,1,0,1,1,A01
202000023283,1,7,,0,1,1,15,Z01
202000023284,1,7,,0,1,0,16,A01
202000023285,2,99,,0,1,0,26,A01
202000023286,3,2,,0,2,1,0,B01
202000023286,3,7,,0,2,3,1,A01
202000023287,2,1,,0,2,1,0,B01
202000023287,2,7,,0,2,2,16,A01
202000023288,2,7,,0,1,2,1,A01
202000023289,1,7,,0,2,7,0,B01
202000023289,1,7,,0,2,1,0,A01
202000023290,2,1,,0,2,1,15,A01
202000023290,1,30,,0,2,1,1,B01
202000023291,3,7,,0,2,4,1,B01
202000023291,3,7,,0,2,1,1,A01
202000023292,0,7,,0,2,3,9,A01
202000023292,0,37,2.0,0,2,3,0,B01
202000023293,3,33,,0,2,1,1,B01
202000023293,3,7,,0,2,5,15,A01
202000023294,1,2,,0,2,1,1,B01
202000023294,2,7,,0,2,2,15,A01
202000023295,1,7,,12,0,9,5,A01
202000023296,0,7,,0,2,3,1,B01
202000023296,0,1,,0,2,1,1,A01
202000023297,0,7,,0,2,4,1,B01
202000023297,0,7,,0,2,1,1,A01
202000023298,1,7,,0,2,6,9,B01
202000023298,1,33,,0,2,0,9,A01
202000023299,2,1,,0,2,1,17,A01
202000023299,1,1,,0,2,1,1,B01
202000023300,1,7,,13,0,1,14,A01
202000023301,2,7,,0,2,1,1,A01
202000023301,2,10,,0,2,3,1,C01
202000023301,2,7,,0,2,8,0,B01
202000023302,1,7,,16,0,3,13,A01
202000023303,1,7,,0,2,7,15,B01
202000023303,2,30,,0,2,1,1,A01
202000023304,1,7,,1,0,1,14,A01
202000023305,3,10,,1,1,5,4,A01
202000023306,1,7,,0,1,3,1,A01
202000023307,0,7,,0,2,3,9,A01
202000023307,0,1,,0,2,1,2,B01
202000023308,1,33,,0,2,1,1,A01
202000023308,2,7,,0,2,1,23,B01
202000023309,2,7,,0,2,1,1,B01
202000023309,1,7,,0,2,2,15,A01
202000023310,1,7,,0,2,1,1,A01
202000023310,2,7,,0,2,1,1,B01
202000023310,0,32,,0,2,0,0,C01
202000023311,2,10,,0,2,3,13,A01
202000023311,2,1,,1,2,7,2,B01
202000023312,0,14,,0,2,7,13,A01
202000023312,0,1,,0,2,8,0,B01
202000023313,1,1,,0,2,4,0,C01
202000023313,1,7,,0,2,0,0,A01
202000023313,1,7,,0,2,3,1,B01
202000023314,0,7,,13,0,9,1,A01
202000023315,1,7,,0,2,8,15,A01
202000023315,1,33,,0,2,1,1,B01
202000023316,3,7,,0,2,4,26,B01
202000023316,3,7,,0,2,1,2,A01
202000023317,1,7,,0,2,1,1,B01
202000023317,1,33,,0,2,1,13,A01
202000023318,1,1,,0,0,0,1,Y01
202000023319,1,20,,0,2,6,15,A01
202000023319,1,30,,0,2,1,17,B01
202000023320,1,33,,0,0,1,1,A01
202000023321,2,30,,0,2,7,1,A01
202000023321,1,7,,0,2,7,0,B01
202000023322,3,30,,0,0,2,1,A01
202000023323,2,1,,0,0,0,19,A01
202000023324,1,7,,0,2,6,11,A01
202000023324,1,33,,0,2,2,3,B01
202000023325,1,7,,0,2,1,1,A01
202000023325,2,10,,0,2,5,1,B01
202000023325,1,7,,0,2,3,1,C01
202000023326,1,33,,0,2,8,1,B01
202000023326,1,7,,0,2,2,16,A01
202000023327,2,7,,0,1,0,0,A01
202000023328,1,37,1.0,0,1,2,7,A01
202000023329,2,1,,0,2,0,1,B01
202000023329,2,7,,0,2,2,16,A01
202000023330,3,7,,0,2,3,19,A01
202000023330,3,15,,0,2,3,23,C01
202000023330,3,7,,0,2,5,1,B01
202000023331,2,10,,0,1,1,1,Z01
202000023332,1,2,,0,2,7,15,B01
202000023332,1,7,,0,2,3,1,A01
202000023333,1,1,,0,2,1,1,A01
202000023333,1,7,,0,2,4,23,B01
202000023334,3,7,,0,2,3,19,B01
202000023334,1,33,,0,2,1,13,A01
202000023335,2,7,,0,0,6,15,B01
202000023335,2,33,,0,2,1,17,A01
202000023336,2,7,,0,2,1,1,A01
202000023336,1,43,,0,2,7,1,B01
202000023337,2,7,,0,1,2,1,A01
202000023338,2,2,,0,2,8,1,B01
202000023338,1,7,,0,2,3,15,A01
202000023339,1,7,,0,2,3,15,A01
202000023339,2,1,,0,2,1,1,B01
202000023340,0,7,,0,1,2,16,A01
202000023341,2,7,,0,1,3,4,A01
202000023342,3,7,,0,2,7,26,B01
202000023342,2,7,,0,2,1,1,A01
202000023343,3,7,,0,2,3,16,B01
202000023343,3,7,,8,2,1,16,A01
202000023344,1,1,,14,0,0,12,A01
202000023345,2,7,,0,2,2,1,B01
202000023345,1,7,,0,2,5,15,A01
202000023346,2,1,,0,2,3,1,B01
202000023346,2,7,,0,2,3,15,A01
202000023347,2,50,,0,2,3,13,A01
202000023347,1,1,,0,2,3,1,B01
202000023348,1,31,,0,2,1,1,A01
202000023348,1,7,,0,2,4,23,B01
202000023349,1,7,,0,2,0,15,Z01
202000023349,2,32,,0,2,1,1,A01
202000023350,0,7,,0,1,0,17,A01
202000023351,1,30,,0,2,8,1,A01
202000023352,1,7,,0,2,3,9,A01
202000023352,1,34,,0,2,1,1,B01
202000023353,1,30,,0,0,0,1,A01
202000023354,3,7,,0,1,4,4,A01
202000023355,1,1,,0,1,1,1,A01
202000023356,1,7,,0,1,2,1,A01
202000023357,1,43,,12,0,1,1,A01
202000023358,1,7,,0,2,1,26,A01
202000023358,1,7,,0,2,4,23,B01
202000023359,1,7,,0,1,1,15,A01
202000023360,1,50,,0,2,8,13,A01
202000023360,1,30,,0,2,3,1,B01
202000023361,1,7,,0,2,1,9,B01
202000023361,1,30,,0,2,7,9,A01
202000023362,1,10,,0,1,3,16,A01
202000023363,1,10,,0,2,7,15,A01
202000023363,1,32,,0,2,0,0,B01
202000023364,1,14,,0,1,2,1,A01
202000023365,1,1,,0,2,0,0,B01
202000023365,1,7,,0,9,1,0,A01
202000023366,1,7,,0,2,0,0,Z01
202000023366,1,7,,16,0,0,0,C01
202000023366,2,31,,0,2,7,1,B01
202000023367,1,7,,0,2,7,1,A01
202000023367,1,33,,0,2,3,1,B01
202000023368,1,1,,0,2,8,16,B01
202000023368,1,14,,0,2,7,16,A01
202000023369,0,7,,0,2,7,1,A01
202000023369,0,7,,0,2,1,1,B01
202000023370,1,7,,6,0,7,14,A01
202000023371,1,7,,0,2,4,23,B01
202000023371,1,7,,0,2,1,2,A01
202000023372,2,32,,0,2,9,17,A01
202000023372,2,7,,0,2,6,1,B01
202000023373,1,41,,0,2,1,26,B01
202000023373,1,7,,0,0,6,9,A01
202000023374,2,31,,0,0,0,1,A01
202000023375,1,10,,0,2,3,2,C01
202000023375,1,17,,0,0,0,0,A01
202000023376,2,7,,8,0,1,0,A01
202000023377,1,7,,0,2,6,19,A01
202000023377,2,2,,0,2,1,1,B01
202000023378,2,7,,0,1,1,1,A01
202000023379,2,7,,0,1,2,1,A01
202000023380,1,10,,3,2,3,1,A01
202000023380,2,7,,0,2,1,1,B01
202000023381,0,7,,0,1,2,16,A01
202000023382,1,2,,0,2,1,2,B01
202000023382,1,2,,0,0,8,10,A01
202000023383,0,1,,0,1,0,0,A01
202000023384,2,10,,2,0,2,1,A01
202000023385,0,2,,14,0,1,1,A01
202000023386,1,7,,0,2,5,1,A01
202000023386,2,7,,0,2,1,1,B01
202000023387,1,7,,17,0,1,13,A01
202000023388,3,7,,2,0,3,1,A01
202000023389,3,7,,0,2,1,13,A01
202000023389,3,7,,0,2,3,21,B01
202000023390,0,2,,0,2,1,1,B01
202000023390,0,1,,0,0,1,5,A01
202000023391,1,7,,0,2,3,16,B01
202000023391,1,33,,0,0,4,16,A01
202000023392,3,30,,0,2,7,17,A01
202000023392,3,10,,0,2,6,15,B01
202000023393,1,7,,2,0,1,1,A01
202000023394,1,33,,13,0,1,26,A01
202000023395,1,7,,16,0,2,1,A01
202000023396,3,7,,8,0,1,0,A01
202000023397,1,7,,2,0,3,1,A01
202000023398,1,2,,0,0,8,1,A01
202000023399,2,7,,0,2,1,1,A01
202000023399,1,7,,0,2,1,1,B01
202000023399,1,7,,0,9,1,1,C01
202000023399,1,7,,0,2,3,1,D01
202000023400,2,7,,2,0,8,13,A01
202000023401,1,7,,0,2,1,1,B01
202000023401,2,2,,0,2,1,15,A01
202000023402,0,1,,0,0,0,1,A01
202000023403,0,1,,0,2,1,16,B01
202000023403,0,7,,0,2,3,1,A01
202000023404,1,15,,0,2,2,1,B01
202000023404,2,7,,0,2,3,15,A01
202000023405,1,10,,2,0,3,1,A01
202000023406,0,7,,0,1,3,1,A01
202000023407,1,7,,0,2,8,1,A01
202000023407,1,7,,0,2,1,1,B01
202000023408,1,2,,12,0,7,1,A01
202000023409,2,34,,0,2,1,17,B01
202000023409,2,7,,0,2,8,15,A01
202000023410,0,33,,0,0,0,0,A01
202000023411,1,31,,0,0,0,1,B01
202000023411,2,7,,13,2,3,1,A01
202000023412,2,7,,0,2,0,26,A01
202000023412,1,1,,0,2,8,1,B01
202000023413,2,32,,12,2,7,17,A01
202000023413,2,14,,0,2,3,13,B01
202000023414,3,31,,0,2,8,1,B01
202000023414,3,7,,0,2,3,19,A01
202000023415,2,7,,17,0,2,1,A01
202000023416,1,7,,0,0,6,1,A01
202000023416,2,7,,0,0,8,5,B01
202000023417,2,7,,0,2,1,13,A01
202000023417,1,7,,0,2,2,1,B01
202000023418,3,7,,6,0,1,0,A01
202000023419,2,7,,0,2,4,2,A01
202000023419,2,7,,0,2,1,2,B01
202000023420,1,33,,0,2,7,14,B01
202000023420,1,10,,0,2,8,13,A01
202000023421,1,10,,0,2,8,1,B01
202000023421,1,17,,0,2,2,14,A01
202000023422,1,7,,4,2,3,13,A01
202000023422,1,37,1.0,0,2,5,1,B01
202000023423,1,10,,3,0,1,14,A01
202000023424,1,7,,0,2,1,2,B01
202000023424,1,99,,0,2,1,2,C01
202000023424,1,99,,0,2,4,2,A01
202000023425,2,7,,0,2,4,2,C01
202000023425,2,7,,0,2,5,2,B01
202000023425,2,7,,0,2,3,2,A01
202000023426,1,33,,0,2,1,3,B01
202000023426,1,7,,0,2,6,11,A01
202000023427,2,15,,0,2,5,2,B01
202000023427,2,7,,0,2,1,2,A01
202000023428,2,7,,0,2,3,15,B01
202000023428,2,32,,0,2,1,17,A01
202000023429,1,7,,0,2,3,1,A01
202000023429,2,7,,0,2,2,15,B01
202000023430,1,10,,1,0,2,1,B01
202000023430,1,10,,1,0,3,1,Z01
202000023431,1,7,,0,2,3,13,A01
202000023431,0,7,,0,2,3,1,B01
202000023432,2,30,,1,1,8,1,A01
202000023433,0,7,,0,2,3,15,B01
202000023433,0,33,,0,2,1,17,A01
202000023434,2,7,,0,2,2,13,A01
202000023434,2,7,,0,2,6,1,B01
202000023435,2,10,,0,2,1,1,A01
202000023435,1,10,,0,2,6,1,B01
202000023436,2,2,,1,0,2,14,A01
202000023437,2,1,,0,2,1,0,A01
202000023437,1,50,,0,2,1,0,B01
202000023438,2,7,,0,2,3,1,B01
202000023438,2,30,,0,2,1,9,A01
202000023439,1,34,,9,0,5,1,A01
202000023440,3,1,,0,2,8,1,B01
202000023440,3,10,,0,2,3,1,A01
202000023441,2,32,,0,2,1,19,A01
202000023441,2,10,,0,2,8,16,B01
202000023442,1,36,,1,0,7,1,A01
202000023443,2,7,,0,2,3,1,B01
202000023443,2,7,,0,2,6,1,A01
202000023444,2,99,,15,0,1,0,A01
202000023445,1,10,,0,2,2,15,A01
202000023445,2,33,,0,2,1,1,B01
202000023446,1,7,,0,2,0,0,B01
202000023446,1,2,,0,2,8,13,A01
202000023447,1,7,,0,2,1,2,A01
202000023447,1,1,,0,2,4,2,B01
202000023448,3,30,,0,2,1,21,A01
202000023448,3,7,,0,2,1,23,B01
202000023449,1,7,,0,2,7,1,B01
202000023449,3,7,,0,2,3,19,A01
202000023450,1,7,,0,1,1,15,A01
202000023451,1,30,,14,2,1,2,A01
202000023451,0,7,,0,0,0,0,B01
202000023452,1,34,,8,0,1,21,A01
202000023453,2,34,,1,0,1,2,A01
202000023454,0,7,,8,0,2,1,A01
202000023455,2,34,,0,2,3,1,A01
202000023455,1,30,,0,2,5,12,B01
202000023456,1,7,,0,2,2,9,A01
202000023456,1,34,,0,2,8,1,B01
202000023457,2,14,,1,0,3,13,A01
202000023458,2,7,,0,2,1,12,Z01
202000023458,2,7,,0,2,4,23,A01
202000023458,2,10,,0,2,5,1,B01
202000023459,1,7,,0,1,1,2,A01
202000023459,1,7,,0,2,1,2,B01
202000023460,2,30,,0,2,4,3,Z01
202000023460,2,30,,0,2,1,3,A01
202000023460,2,7,,0,2,7,23,C01
202000023460,2,7,,0,2,8,23,B01
202000023461,1,32,,0,1,2,1,A01
202000023462,2,1,,12,1,1,1,A01
202000023463,0,7,,0,2,1,16,Z01
202000023463,2,1,,0,2,8,19,A01
202000023464,2,30,,0,2,1,1,A01
202000023464,2,7,,0,2,7,15,Z01
202000023465,1,33,,0,2,3,7,B01
202000023465,2,7,,0,2,1,15,A01
202000023466,1,7,,0,2,8,22,A01
202000023466,1,50,,0,2,1,1,B01
202000023467,2,30,,0,2,1,1,B01
202000023467,2,7,,0,2,2,10,A01
202000023468,2,7,,0,2,3,2,A01
202000023468,2,7,,0,2,5,2,B01
202000023469,1,37,5.0,11,0,3,7,A01
202000023470,2,32,,0,1,1,1,A01
202000023471,2,7,,0,0,0,26,Z01
202000023471,2,7,,15,0,3,26,A01
202000023472,3,32,,0,2,3,1,B01
202000023472,3,7,,0,2,5,26,A01
202000023473,2,7,,0,1,2,14,A01
202000023474,1,7,,0,1,0,16,A01
202000023475,3,7,,0,1,5,9,A01
202000023476,3,7,,0,2,3,15,B01
202000023476,3,2,,0,2,2,17,A01
202000023477,1,1,,0,2,1,1,A01
202000023477,1,7,,0,2,2,1,B01
202000023478,0,31,,0,2,2,1,B01
202000023478,1,7,,0,2,3,1,A01
202000023479,3,99,,0,1,4,4,A01
202000023480,2,7,,0,2,1,1,B01
202000023480,1,7,,0,2,5,15,A01
202000023481,3,7,,0,1,1,26,A01
202000023482,0,7,,0,2,1,2,A01
202000023482,0,7,,0,2,4,23,B01
202000023483,3,7,,0,2,0,15,B01
202000023483,3,1,,0,2,7,1,A01
202000023484,2,33,,13,6,1,1,A01
202000023485,1,32,,0,0,7,1,A01
202000023486,1,7,,0,0,4,1,A01
202000023486,1,7,,0,2,2,12,B01
202000023487,0,7,,0,2,3,15,A01
202000023487,0,33,,0,2,7,17,B01
202000023488,1,7,,0,0,3,15,B01
202000023488,1,33,,0,0,0,17,A01
202000023489,1,10,,0,2,3,15,A01
202000023489,2,1,,0,2,1,1,B01
202000023490,3,10,,0,0,7,1,A01
202000023491,2,30,,0,0,8,2,A01
202000023492,1,7,,0,2,2,9,B01
202000023492,2,7,,0,2,2,11,A01
202000023493,1,14,,0,9,0,16,A01
202000023493,0,1,,0,2,0,0,B01
202000023494,2,7,,0,1,1,1,A01
202000023494,0,0,,0,2,1,19,Y01
202000023495,2,33,,0,2,1,1,A01
202000023495,2,7,,0,0,8,1,B01
202000023496,1,7,,0,2,2,1,A01
202000023496,1,32,,0,2,1,1,B01
202000023497,3,10,,0,2,3,16,A01
202000023497,1,7,,5,0,2,1,B01
202000023498,2,32,,4,0,2,14,A01
202000023499,1,32,,0,2,2,1,A01
202000023499,1,1,,0,2,3,13,Z01
202000023500,1,7,,1,0,2,14,B01
202000023500,1,7,,0,2,6,23,A01
202000023501,2,37,1.0,1,1,7,16,A01
202000023502,2,30,,0,1,1,1,A01
202000023503,1,7,,0,2,1,13,A01
202000023503,2,33,,0,2,1,17,B01
202000023504,1,7,,0,2,1,26,A01
202000023504,1,7,,0,2,4,1,B01
202000023505,1,32,,0,0,0,1,A01
202000023506,2,32,,0,0,8,1,A01
202000023507,2,50,,0,1,1,1,A01
202000023508,1,7,,0,2,4,2,C01
202000023508,2,10,,0,2,4,0,B01
202000023508,1,7,,0,2,1,2,A01
202000023509,1,7,,0,2,7,16,A01
202000023509,2,1,,0,2,1,1,B01
202000023510,0,7,,0,2,2,2,B01
202000023510,2,7,,3,2,3,1,A01
202000023511,2,32,,0,2,4,1,B01
202000023511,2,32,,0,2,1,1,A01
202000023512,2,33,,0,2,0,3,A01
202000023513,2,7,,0,2,5,12,B01
202000023513,2,34,,0,2,1,3,A01
202000023514,2,33,,4,2,2,3,A01
202000023514,2,7,,0,2,8,13,B01
202000023515,2,7,,0,2,4,2,B01
202000023515,2,10,,0,2,1,2,A01
202000023516,1,7,,4,2,1,9,A01
202000023516,1,15,,0,2,1,1,B01
202000023517,2,31,,0,0,7,21,A01
202000023518,2,7,,4,0,0,1,A01
202000023519,1,7,,0,2,3,9,A01
202000023520,3,7,,12,0,1,16,A01
202000023521,2,7,,0,2,4,2,B01
202000023521,2,7,,0,2,5,2,C01
202000023521,2,7,,0,2,1,2,A01
202000023522,1,7,,0,2,4,24,B01
202000023522,1,1,,0,2,1,1,A01
202000023523,2,7,,0,2,7,1,B01
202000023523,2,31,,0,2,6,3,A01
202000023524,0,7,,0,1,1,15,A01
202000023525,1,1,,0,1,1,1,Z01
202000023526,1,15,,0,2,6,23,A01
202000023526,1,15,,1,2,2,2,B01
202000023527,2,80,,0,0,1,1,Y01
202000023527,2,7,,0,9,1,16,A01
202000023528,1,34,,0,2,4,1,A01
202000023529,1,7,,0,2,3,1,B01
202000023529,1,30,,0,2,1,5,A01
202000023530,1,33,,0,1,1,1,A01
202000023531,1,7,,0,1,2,16,A01
202000023532,3,7,,0,2,3,9,A01
202000023532,3,1,,0,2,3,1,B01
202000023533,1,2,,1,0,2,26,A01
202000023534,1,7,,0,1,8,15,A01
202000023535,1,7,,0,0,2,15,A01
202000023535,2,32,,0,2,3,1,B01
202000023536,1,32,,0,2,1,2,B01
202000023536,2,7,,0,9,7,10,A01
202000023537,1,7,,0,1,3,9,A01
202000023538,2,7,,0,2,4,23,B01
202000023538,2,7,,0,2,1,2,A01
202000023539,1,7,,17,4,3,21,A01
202000023540,3,7,,0,2,1,1,A01
202000023540,3,7,,0,2,2,15,B01
202000023541,2,7,,12,0,5,26,A01
202000023542,2,7,,0,0,4,2,BB01
202000023542,2,10,,14,2,1,1,A01
202000023543,3,7,,0,2,3,1,B01
202000023543,3,34,,0,2,3,19,A01
202000023544,1,7,,0,2,5,17,A01
202000023544,1,7,,0,2,8,0,D01
202000023544,1,7,,0,2,0,0,C01
202000023544,1,20,,0,2,8,0,B01
202000023545,2,7,,0,2,2,15,A01
202000023545,1,32,,0,2,0,1,B01
202000023546,1,7,,0,2,3,1,B01
202000023546,1,7,,8,2,2,26,A01
202000023547,2,7,,1,0,2,1,A01
202000023548,1,7,,0,1,3,16,A01
202000023549,1,2,,0,2,1,16,B01
202000023549,1,7,,0,2,1,15,A01
202000023550,2,7,,0,2,2,15,B01
202000023550,2,1,,0,2,8,11,A01
202000023551,1,30,,0,2,1,1,B01
202000023551,1,7,,0,2,8,10,A01
202000023552,3,33,,0,2,8,1,A01
202000023552,3,7,,0,2,4,20,B01
202000023553,2,34,,0,2,1,1,B01
202000023553,2,7,,0,2,8,9,A01
202000023554,1,38,1.0,0,2,4,2,B01
202000023554,1,7,,0,2,1,2,A01
202000023555,2,7,,0,2,3,15,A01
202000023555,1,33,,0,2,1,1,B01
202000023556,3,7,,8,2,3,21,B01
202000023556,0,7,,0,2,2,19,A01
202000023557,-1,7,,0,1,1,1,A01
202000023558,1,7,,6,1,1,2,A01
202000023559,0,7,,0,1,2,1,B01
202000023559,0,7,,0,2,1,11,A01
202000023560,1,10,,0,9,8,2,B01
202000023560,1,32,,0,2,7,14,A01
202000023561,1,7,,0,1,2,1,A01
202000023562,1,30,,1,0,1,2,A01
202000023563,1,7,,0,2,4,26,A01
202000023563,1,32,,0,2,1,23,B01
202000023564,1,7,,0,1,0,1,Z01
202000023565,3,1,,0,1,0,0,Z01
202000023566,3,2,,0,2,1,1,B01
202000023566,3,7,,0,2,3,16,A01
202000023567,2,7,,0,1,1,26,A01
202000023568,2,7,,1,2,3,1,A01
202000023568,2,32,,1,2,1,1,B01
202000023569,2,2,,0,2,8,0,B01
202000023569,1,7,,0,9,8,0,A01
202000023570,3,10,,6,0,3,13,A01
202000023571,1,7,,0,1,0,1,A01
202000023572,3,2,,0,2,1,9,B01
202000023572,1,7,,0,0,3,1,A01
202000023573,1,7,,0,2,0,1,A01
202000023573,1,50,,0,2,0,0,B01
202000023574,3,7,,0,2,3,9,A01
202000023574,2,2,,0,2,1,1,B01
202000023575,2,7,,0,2,1,1,B01
202000023575,1,10,,0,0,0,1,A01
202000023576,3,7,,0,1,1,15,A01
202000023577,1,7,,8,9,1,0,A01
202000023578,1,1,,0,2,7,1,B01
202000023578,3,10,,0,2,1,0,X01
202000023579,1,7,,0,2,1,0,B01
202000023579,2,7,,0,2,1,13,A01
202000023580,2,7,,0,2,1,1,B01
202000023580,0,30,,0,2,8,9,A01
202000023581,1,7,,0,1,2,1,A01
202000023582,2,33,,0,2,3,1,B01
202000023582,1,7,,0,2,3,15,A01
202000023583,2,37,1.0,0,9,7,17,A01
202000023583,2,1,,0,2,8,13,B01
202000023584,1,7,,3,2,8,14,A01
202000023584,1,7,,0,2,6,1,B01
202000023585,1,7,,1,0,2,1,A01
202000023586,2,7,,0,0,0,0,A01
202000023587,2,7,,0,2,8,9,A01
202000023587,2,31,,0,2,1,1,B01
202000023588,2,7,,0,2,1,12,A01
202000023588,2,13,,0,2,6,1,B01
202000023589,0,7,,0,2,4,1,B01
202000023589,0,30,,0,2,1,1,A01
202000023590,0,2,,11,0,1,1,A01
202000023591,2,7,,0,2,8,1,A01
202000023591,1,7,,0,2,1,1,B01
202000023592,1,7,,2,0,7,0,A01
202000023593,1,7,,6,0,7,1,A01
202000023594,1,7,,17,0,7,1,A01
202000023595,2,7,,0,2,1,1,A01
202000023595,2,7,,0,0,4,1,B01
202000023596,2,7,,2,0,1,1,A01
202000023597,1,7,,0,2,2,19,B01
202000023597,1,30,,0,2,3,9,A01
202000023598,1,7,,0,2,8,17,B01
202000023598,1,7,,0,2,7,17,A01
202000023599,2,7,,0,2,8,13,A01
202000023599,1,7,,0,2,3,1,B01
202000023600,1,1,,0,2,4,2,B01
202000023600,1,7,,0,2,1,9,A01
202000023601,2,7,,3,0,2,1,A01
202000023602,3,2,,0,2,1,1,A01
202000023602,3,10,,0,2,4,15,B01
202000023603,1,7,,0,2,1,0,B01
202000023603,1,7,,0,2,4,0,A01
202000023604,2,7,,13,0,1,1,A01
202000023605,3,1,,0,2,1,26,A01
202000023605,3,7,,0,2,1,26,B01
202000023606,1,7,,8,0,1,15,A01
202000023607,3,7,,14,1,1,1,Z01
202000023608,1,7,,2,0,2,1,A01
202000023609,0,7,,0,2,1,9,Z01
202000023609,0,7,,0,2,3,1,A01
202000023610,1,7,,6,0,1,1,A01
202000023611,1,7,,0,2,2,9,A01
202000023611,1,34,,0,2,1,1,B01
202000023612,1,7,,0,2,1,1,B01
202000023612,2,10,,0,2,1,5,A01
202000023613,1,3,,0,2,2,15,A01
202000023613,1,2,,0,2,1,1,B01
202000023614,2,7,,0,0,0,16,A01
202000023614,2,33,,0,2,8,1,B01
202000023615,3,2,,0,2,1,21,B01
202000023615,3,7,,0,2,6,9,A01
202000023616,0,2,,0,2,1,1,B01
202000023616,0,7,,0,2,8,15,A01
202000023617,3,34,,0,2,1,9,B01
202000023617,3,7,,0,2,2,15,A01
202000023618,2,7,,0,2,3,13,A01
202000023618,1,7,,0,2,3,1,B01
202000023618,1,7,,0,2,3,1,C01
202000023619,2,7,,2,0,8,1,A01
202000023620,-1,7,,0,2,8,15,A01
202000023620,-1,32,,0,2,1,23,B01
202000023621,1,7,,0,2,1,1,D01
202000023621,1,7,,0,2,4,1,C01
202000023621,1,7,,0,2,4,1,B01
202000023621,1,7,,0,2,4,1,A01
202000023622,2,10,,0,2,4,23,B01
202000023622,2,7,,0,2,1,1,A01
202000023623,2,7,,0,2,1,1,B01
202000023623,1,7,,0,2,8,13,A01
202000023624,2,33,,3,0,8,1,A01
202000023625,1,17,,0,2,3,1,B01
202000023625,1,7,,0,2,7,1,C01
202000023625,1,7,,0,2,3,13,A01
202000023626,2,15,,0,2,2,12,A01
202000023626,2,7,,0,2,6,1,B01
202000023627,2,7,,0,2,1,0,D01
202000023627,2,7,,0,2,1,0,C01
202000023627,2,7,,0,2,1,0,B01
202000023627,2,7,,3,0,1,0,A01
202000023628,2,7,,0,2,5,1,B01
202000023628,2,33,,0,2,8,3,C01
202000023628,2,43,,0,2,1,2,A01
202000023629,2,7,,0,1,1,1,A01
202000023630,2,21,,0,0,0,26,A01
202000023631,2,10,,0,2,5,22,A01
202000023631,2,1,,0,2,1,1,B01
202000023632,2,31,,0,2,8,9,A01
202000023632,2,7,,0,2,2,1,Z01
202000023633,3,7,,0,1,1,19,A01
202000023634,1,32,,15,0,7,0,A01
202000023635,3,2,,0,2,4,20,B01
202000023635,3,10,,0,2,4,4,A01
202000023636,2,1,,4,0,1,1,A01
202000023637,3,7,,0,1,1,2,A01
202000023638,1,7,,0,2,1,2,A01
202000023638,1,7,,0,2,4,1,B01
202000023639,2,7,,3,0,1,1,A01
202000023640,2,10,,0,2,2,1,A01
202000023640,1,1,,0,2,2,1,B01
202000023641,1,1,,0,1,1,25,A01
202000023642,1,7,,0,2,2,15,A01
202000023642,2,31,,0,2,1,1,B01
202000023643,3,1,,0,2,2,19,B01
202000023643,2,34,,0,2,1,1,A01
202000023644,3,32,,0,2,1,19,B01
202000023644,3,7,,0,2,3,15,A01
202000023645,2,43,,0,0,1,1,A01
202000023646,1,2,,0,2,1,15,B01
202000023646,1,13,,0,2,6,15,A01
202000023647,3,7,,0,1,4,26,A01
202000023648,1,38,1.0,0,2,1,1,B01