Num_Acc,senc,catv,occutc,obs,obsm,choc,manv,num_veh
202000023648,2,7,,0,2,5,13,A01
202000023649,3,7,,12,2,3,15,A01
202000023649,3,33,,0,2,8,1,B01
202000023650,2,7,,0,2,1,1,B01
202000023650,1,7,,0,2,8,5,A01
202000023651,1,7,,0,1,3,0,A01
202000023652,3,7,,0,2,3,1,A01
202000023652,3,7,,0,2,3,1,B01
202000023653,1,7,,2,0,1,0,A01
202000023654,-1,7,,0,1,3,15,A01
202000023655,1,2,,0,0,7,16,A01
202000023656,0,7,,0,1,7,2,A01
202000023657,1,10,,0,1,2,1,A01
202000023658,-1,7,,0,1,2,16,A01
202000023659,2,7,,0,2,2,15,B01
202000023659,2,32,,0,2,2,21,A01
202000023660,1,20,,0,2,3,9,B01
202000023660,1,2,,0,2,1,1,A01
202000023661,1,7,,0,2,2,15,A01
202000023661,2,33,,0,2,1,1,B01
202000023662,1,7,,0,0,4,2,B01
202000023662,1,7,,0,2,1,2,A01
202000023663,3,7,,0,1,8,15,A01
202000023664,1,7,,0,1,2,1,A01
202000023665,2,7,,0,2,4,1,A01
202000023665,2,7,,0,2,1,2,B01
202000023666,-1,37,1.0,0,1,7,1,A01
202000023667,2,33,,0,0,0,1,A01
202000023668,2,32,,0,2,0,1,B01
202000023668,1,30,,0,2,7,21,A01
202000023669,1,7,,0,2,4,1,A01
202000023669,1,7,,0,2,1,2,G01
202000023669,1,7,,0,2,1,2,F01
202000023669,1,7,,0,2,1,2,E01
202000023669,1,7,,0,2,1,2,D01
202000023669,1,7,,0,2,1,2,C01
202000023669,1,7,,0,2,1,2,B01
202000023670,1,7,,0,1,1,15,A01
202000023671,2,2,,8,0,1,1,A01
202000023672,2,10,,0,2,1,2,A01
202000023672,2,7,,0,2,4,0,B01
202000023673,1,7,,4,0,1,1,A01
202000023674,2,10,,0,2,4,2,C01
202000023674,2,7,,0,2,4,2,B01
202000023674,2,7,,0,2,1,1,A01
202000023675,1,7,,0,2,4,2,B01
202000023675,1,10,,0,2,1,2,A01
202000023675,1,7,,0,2,4,2,C01
202000023676,2,10,,0,2,6,10,A01
202000023676,2,7,,0,2,1,1,B01
202000023677,1,7,,0,2,1,1,A01
202000023677,1,7,,0,2,4,1,B01
202000023678,3,7,,0,2,2,26,B01
202000023678,3,10,,0,2,1,0,A01
202000023679,2,15,,0,2,3,1,C01
202000023679,2,38,1.0,0,2,8,1,B01
202000023679,2,10,,0,2,2,1,A01
202000023680,2,10,,4,0,8,2,A01
202000023681,1,7,,0,2,7,1,A01
202000023681,1,7,,0,2,8,1,B01
202000023682,1,10,,0,9,1,1,B01
202000023682,1,2,,0,2,5,16,A01
202000023683,1,7,,4,0,0,1,A01
202000023684,1,7,,4,0,1,1,A01
202000023685,1,7,,4,0,3,1,A01
202000023686,1,7,,0,2,1,2,A01
202000023686,1,7,,4,2,4,1,B01
202000023687,2,10,,0,2,3,2,A01
202000023687,2,10,,0,2,5,2,B01
202000023687,2,14,,0,2,8,1,E01
202000023687,2,10,,0,2,4,2,C01
202000023687,2,7,,0,2,7,14,D01
202000023688,1,33,,0,2,1,1,B01
202000023688,2,7,,0,2,1,15,A01
202000023689,2,10,,0,1,3,21,A01
202000023690,1,7,,13,0,1,1,A01
202000023691,2,7,,0,2,1,1,A01
202000023691,1,10,,0,2,4,19,B01
202000023692,1,7,,0,2,4,26,A01
202000023692,1,7,,0,2,1,2,D01
202000023692,1,7,,0,2,4,2,C01
202000023692,1,7,,0,2,4,2,B01
202000023693,2,7,,0,2,6,2,B01
202000023693,2,7,,0,2,2,1,A01
202000023694,2,15,,0,2,8,1,B01
202000023694,1,7,,0,2,3,5,A01
202000023695,2,7,,0,2,7,9,A01
202000023695,2,33,,0,2,1,3,B01
202000023696,1,33,,0,2,7,17,B01
202000023696,1,10,,0,2,8,17,A01
202000023697,2,33,,0,2,2,3,A01
202000023697,2,7,,0,2,3,11,B01
202000023697,2,7,,0,2,6,1,C01
202000023698,2,7,,0,0,7,13,A01
202000023698,1,38,7.0,0,0,1,14,B01
202000023699,1,10,,0,0,1,14,A01
202000023700,1,7,,0,2,1,9,A01
202000023700,1,1,,0,2,7,1,B01
202000023701,0,2,,0,0,2,1,A01
202000023702,1,7,,0,2,1,1,B01
202000023702,1,7,,5,2,2,15,A01
202000023703,1,7,,15,0,1,1,A01
202000023704,2,7,,0,2,1,17,A01
202000023704,1,7,,0,2,1,1,B01
202000023705,1,7,,1,0,2,1,A01
202000023705,1,7,,1,0,6,22,B01
202000023706,1,0,,0,2,1,1,A01
202000023706,1,10,,0,2,4,23,B01
202000023707,2,7,,0,9,9,1,A01
202000023708,1,7,,0,0,2,0,A01
202000023709,1,7,,3,0,4,26,A01
202000023710,1,7,,0,0,4,15,B01
202000023710,1,32,,0,2,1,2,A01
202000023711,1,50,,-1,-1,-1,-1,A01
202000023712,1,7,,0,2,1,1,A01
202000023712,1,1,,0,2,7,1,B01
202000023713,3,1,,0,0,0,0,A01
202000023714,1,7,,2,0,5,1,A01
202000023715,1,1,,0,0,0,1,A01
202000023716,1,2,,0,2,1,1,B01
202000023716,2,7,,0,2,2,10,A01
202000023717,3,1,,1,0,0,25,A01
202000023717,3,7,,0,0,0,23,B01
202000023718,1,7,,1,1,9,20,A01
202000023719,1,31,,0,2,1,1,B01
202000023719,2,7,,0,2,1,15,A01
202000023720,1,7,,0,0,9,14,A01
202000023721,3,7,,0,9,2,22,A01
202000023721,3,1,,1,0,3,25,B01
202000023722,2,7,,0,2,3,1,A01
202000023722,1,33,,0,2,1,1,B01
202000023723,3,7,,0,2,2,1,A01
202000023723,1,7,,0,2,1,1,B01
202000023724,2,7,,0,2,3,1,B01
202000023724,1,10,,0,2,2,15,A01
202000023725,1,33,,7,0,1,13,A01
202000023726,2,2,,0,0,8,1,A01
202000023727,1,32,,0,0,0,1,A01
202000023728,1,7,,0,2,3,19,A01
202000023728,1,7,,0,2,1,1,B01
202000023729,1,7,,0,0,7,1,A01
202000023729,1,7,,0,0,1,1,B01
202000023730,0,7,,0,2,4,2,B01
202000023730,0,7,,0,2,1,2,A01
202000023731,1,7,,0,2,1,0,B01
202000023731,2,7,,0,2,1,0,A01
202000023732,1,34,,0,2,1,0,A01
202000023732,1,7,,0,2,0,0,B01
202000023733,3,7,,6,0,2,14,A01
202000023734,1,7,,1,2,2,1,A01
202000023735,3,7,,0,1,8,1,A01
202000023736,0,7,,0,2,3,26,B01
202000023736,0,7,,0,2,2,26,A01
202000023737,2,33,,0,0,0,1,A01
202000023738,2,37,1.0,0,2,3,1,B01
202000023738,1,3,,0,2,1,17,A01
202000023739,2,7,,0,2,1,1,C01
202000023739,2,13,,0,2,4,1,B01
202000023739,2,7,,0,2,1,1,A01
202000023740,2,33,,0,2,2,1,B01
202000023740,2,10,,0,2,4,11,A01
202000023741,3,37,2.0,0,2,5,1,B01
202000023741,1,7,,0,2,1,1,A01
202000023742,1,7,,4,2,2,17,A01
202000023742,1,10,,5,2,6,26,B01
202000023743,1,7,,0,1,4,20,A01
202000023744,3,7,,0,2,0,0,A01
202000023744,3,50,,0,2,7,1,B01
202000023745,2,7,,0,2,6,2,B01
202000023745,2,32,,0,2,1,2,A01
202000023746,2,7,,0,1,3,1,A01
202000023747,2,7,,4,0,5,1,B01
202000023747,2,7,,4,0,1,12,A01
202000023748,3,10,,0,2,6,19,A01
202000023748,1,30,,0,2,1,1,B01
202000023749,3,34,,7,0,1,7,A01
202000023750,1,7,,0,2,1,16,A01
202000023750,2,1,,0,2,8,1,VB01
202000023751,1,33,,0,2,1,1,B01
202000023751,1,7,,0,2,4,9,A01
202000023752,2,7,,0,2,4,23,D01
202000023752,2,7,,0,2,7,23,C01
202000023752,2,7,,0,2,4,23,B01
202000023752,2,7,,0,2,1,1,A01
202000023753,1,7,,13,0,0,1,A01
202000023754,2,30,,0,1,7,1,Z01
202000023755,2,50,,0,2,1,15,B01
202000023755,2,7,,0,9,3,1,A01
202000023756,3,32,,12,0,1,1,A01
202000023757,1,2,,0,2,1,1,B01
202000023757,1,7,,0,2,1,10,A01
202000023758,2,7,,0,2,2,1,A01
202000023758,2,1,,0,2,0,0,B01
202000023759,2,7,,0,2,5,1,B01
202000023759,2,7,,0,2,3,1,A01
202000023759,2,7,,0,2,0,9,C01
202000023760,3,7,,1,2,1,1,A01
202000023760,3,7,,0,2,5,19,B01
202000023761,3,7,,0,2,1,16,A01
202000023761,3,7,,0,2,3,1,B01
202000023762,2,30,,0,2,3,1,B01
202000023762,1,7,,0,2,7,15,A01
202000023763,2,7,,1,2,1,7,A01
202000023763,2,7,,9,0,5,16,B01
202000023763,2,7,,0,2,7,1,C01
202000023764,3,33,,0,2,4,23,A01
202000023764,3,7,,0,2,1,1,Z01
202000023765,3,99,,0,2,3,19,A01
202000023765,1,7,,0,2,3,9,B01
202000023766,3,60,,0,0,0,19,A01
202000023767,1,7,,0,2,1,1,B01
202000023767,2,30,,0,2,1,1,A01
202000023768,1,32,,0,2,1,17,B01
202000023768,1,7,,0,2,4,10,A01
202000023769,0,7,,0,1,1,1,A01
202000023770,1,7,,0,2,3,2,A01
202000023770,2,50,,0,2,0,19,B01
202000023771,1,32,,0,1,3,1,A01
202000023772,1,30,,0,2,1,1,A01
202000023772,1,7,,0,2,3,1,B01
202000023773,1,7,,0,1,1,15,A01
202000023774,3,3,,1,0,2,26,A01
202000023775,1,1,,0,2,8,19,A01
202000023775,2,7,,0,2,1,1,B01
202000023776,1,7,,0,2,3,13,Z01
202000023776,2,30,,0,2,3,1,A01
202000023777,1,7,,0,2,7,22,A01
202000023777,1,50,,0,2,1,1,B01
202000023778,1,7,,8,2,1,15,A01
202000023778,1,7,,0,2,2,23,B01
202000023779,2,7,,0,1,2,1,A01
202000023780,1,7,,0,2,6,15,A01
202000023780,1,33,,0,2,1,17,B01
202000023781,2,7,,0,2,6,1,B01
202000023781,2,7,,6,2,1,26,A01
202000023782,1,7,,0,2,1,19,A01
202000023782,2,7,,0,2,1,1,B01
202000023783,2,7,,0,2,2,12,Z01
202000023783,2,33,,0,2,8,1,A01
202000023784,1,60,,0,2,3,1,B01
202000023784,1,7,,0,2,3,1,A01
202000023785,3,7,,0,2,2,26,A01
202000023785,3,1,,0,0,7,26,B01
202000023786,-1,32,,15,0,1,1,A01
202000023787,1,10,,0,0,3,1,B01
202000023787,1,2,,0,2,1,1,A01
202000023788,1,32,,15,0,1,16,A01
202000023789,1,30,,0,2,7,26,B01
202000023789,1,7,,0,2,2,16,A01
202000023790,2,7,,0,2,2,1,B01
202000023790,1,30,,0,2,3,15,A01
202000023791,1,30,,1,0,0,0,B01
202000023791,1,7,,1,0,0,23,A01
202000023792,3,7,,0,2,0,1,Z01
202000023792,3,1,,0,2,1,1,A01
202000023793,1,7,,0,2,5,16,B01
202000023793,1,32,,0,2,1,1,A01
202000023794,2,1,,0,0,0,1,A01
202000023795,1,10,,0,1,1,15,A01
202000023796,3,7,,0,2,1,1,A01
202000023796,3,7,,0,2,1,1,B01
202000023797,1,7,,0,1,1,1,A01
202000023798,3,2,,15,0,1,14,A01
202000023799,1,1,,0,2,1,26,B01
202000023799,1,34,,1,9,8,9,A01
202000023800,1,2,,0,0,7,1,A01
202000023801,1,7,,0,2,3,15,A01
202000023801,1,7,,0,2,1,1,B01
202000023802,3,2,,0,2,4,1,B01
202000023802,3,7,,0,2,1,1,A01
202000023803,3,7,,0,2,2,1,B01
202000023803,-1,30,,0,2,1,16,A01
202000023804,3,7,,13,0,1,1,A01
202000023805,2,32,,0,9,7,1,B01
202000023805,2,60,,0,2,8,15,A01
202000023806,1,10,,1,0,1,0,A01
202000023807,2,1,,0,0,0,2,A01
202000023807,2,1,,0,0,0,2,B01
202000023808,1,7,,0,2,1,2,A01
202000023808,1,2,,0,0,4,2,B01
202000023809,2,7,,0,2,1,1,B01
202000023809,1,7,,0,2,3,15,A01
202000023810,1,31,,0,0,8,16,A01
202000023811,2,7,,0,2,7,13,A01
202000023811,1,7,,0,2,1,1,B01
202000023812,1,7,,0,0,4,15,B01
202000023812,1,30,,0,2,1,15,A01
202000023813,2,7,,2,0,3,0,A01
202000023814,2,32,,0,2,2,1,B01
202000023814,2,7,,0,0,6,11,A01
202000023815,2,7,,0,2,4,2,C01
202000023815,2,7,,0,2,4,2,D01
202000023815,2,7,,0,2,4,2,F01
202000023815,2,7,,0,2,4,2,E01
202000023815,2,15,,0,2,4,2,B01
202000023815,2,15,,0,2,1,2,A01
202000023816,3,1,,0,1,1,1,A01
202000023817,0,7,,13,0,1,1,A01
202000023818,1,7,,6,0,8,14,A01
202000023819,0,7,,13,0,4,4,A01
202000023819,0,7,,13,0,4,4,B01
202000023820,1,7,,0,2,3,2,A01
202000023820,2,7,,0,2,3,2,B01
202000023821,1,7,,0,1,7,1,A01
202000023822,2,10,,0,2,1,19,B01
202000023822,1,7,,8,2,3,1,A01
202000023823,2,7,,0,2,2,17,A01
202000023823,2,1,,0,2,4,2,B01
202000023824,2,7,,2,0,1,14,A01
202000023825,1,7,,13,0,7,1,A01
202000023826,1,7,,8,0,3,1,B01
202000023826,1,7,,8,0,8,1,A01
202000023827,1,7,,0,2,7,19,A01
202000023827,1,7,,0,2,1,1,B01
202000023828,2,7,,0,2,1,1,A01
202000023828,1,1,,0,2,2,19,B01
202000023829,1,10,,0,1,5,25,A01
202000023830,1,7,,0,0,0,15,C01
202000023830,1,7,,0,2,4,0,B01
202000023830,1,7,,0,2,1,2,A01
202000023831,3,7,,16,0,3,1,A01
202000023832,1,7,,0,2,1,0,A01
202000023832,2,31,,0,2,0,0,B01
202000023833,3,13,,0,2,1,19,A01
202000023833,0,2,,0,2,1,1,B01
202000023834,2,7,,2,0,9,1,A01
202000023835,2,2,,14,0,1,1,A01
202000023836,1,7,,13,0,1,1,A01
202000023837,1,7,,0,2,1,21,B01
202000023837,1,3,,0,2,3,9,A01
202000023838,2,33,,6,0,1,17,A01
202000023839,2,7,,0,2,3,1,B01
202000023839,1,7,,0,2,3,1,A01
202000023840,2,33,,0,2,1,1,A01
202000023840,2,7,,0,0,5,1,B01
202000023841,1,7,,0,2,3,1,A01
202000023841,2,13,,10,0,5,2,C01
202000023841,1,7,,0,2,1,17,B01
202000023842,2,7,,0,2,3,1,B01
202000023842,1,7,,0,2,3,5,A01
202000023843,1,7,,0,0,1,1,A01
202000023844,1,7,,13,0,2,1,A01
202000023845,2,7,,4,0,2,1,A01
202000023846,3,10,,0,2,3,13,A01
202000023846,3,80,,0,2,3,1,B01
202000023847,2,7,,2,0,2,1,A01
202000023848,2,7,,0,2,1,1,B01
202000023848,1,7,,0,2,3,15,A01
202000023849,1,7,,0,2,1,1,C01
202000023849,1,7,,0,2,6,1,B01
202000023849,2,10,,0,2,3,15,A01
202000023850,2,10,,0,9,6,1,B01
202000023850,1,2,,0,2,6,26,A01
202000023851,1,7,,13,0,1,1,A01
202000023852,1,7,,0,2,2,12,A01
202000023852,1,17,,0,2,6,1,B01
202000023853,1,7,,11,0,1,14,A01
202000023854,1,7,,3,2,7,12,A01
202000023854,1,33,,0,2,1,1,B01
202000023855,1,7,,4,0,9,11,A01
202000023856,1,2,,0,2,1,1,A01
202000023856,2,7,,0,2,3,10,B01
202000023857,3,1,,0,2,8,1,B01
202000023857,3,7,,0,2,2,17,A01
202000023858,1,7,,0,2,3,15,A01
202000023858,2,33,,0,2,1,1,B01
202000023859,0,7,,0,2,4,23,A01
202000023859,3,7,,0,2,1,1,B01
202000023860,2,1,,0,2,1,1,B01
202000023860,1,10,,0,2,1,15,A01
202000023861,1,7,,0,0,0,13,A01
202000023861,1,30,,0,2,0,2,B01
202000023862,3,33,,0,2,7,21,B01
202000023862,1,7,,0,0,0,14,A01
202000023862,3,7,,0,2,6,23,C01
202000023863,2,7,,0,1,1,1,A01
202000023864,1,7,,0,2,1,1,B01
202000023864,2,7,,0,2,6,1,A01
202000023865,1,7,,0,2,1,13,A01
202000023865,2,7,,0,2,1,1,B01
202000023866,2,15,,0,2,3,1,B01
202000023866,1,7,,0,2,3,13,A01
202000023867,2,17,,0,2,0,11,A01
202000023867,2,10,,0,2,4,11,B01
202000023867,2,17,,0,0,4,1,C01
202000023868,2,7,,0,2,3,1,B01
202000023868,1,33,,0,2,1,5,A01
202000023869,2,2,,0,0,4,2,B01
202000023869,2,7,,0,2,2,1,A01
202000023870,0,2,,15,0,2,1,A01
202000023871,1,7,,13,0,1,14,A01
202000023872,3,30,,6,0,1,13,A01
202000023873,3,7,,2,0,7,15,A01
202000023874,1,7,,0,2,1,1,B01
202000023874,2,7,,0,2,7,1,A01
202000023875,2,7,,13,0,7,1,A01
202000023876,2,50,,0,0,1,9,B01
202000023876,1,2,,0,2,1,1,A01
202000023877,2,1,,0,0,0,1,A01
202000023878,2,33,,13,0,3,1,A01
202000023879,1,7,,0,2,3,13,A01
202000023879,2,10,,0,2,3,1,B01
202000023880,1,10,,0,2,3,1,B01
202000023880,2,7,,0,2,2,15,A01
202000023881,2,7,,0,2,1,1,B01
202000023881,1,10,,0,2,2,1,A01
202000023882,2,7,,6,0,0,1,A01
202000023883,2,7,,0,2,9,1,B01
202000023883,1,7,,13,2,9,13,A01
202000023884,1,7,,6,0,1,1,A01
202000023885,2,7,,0,1,1,1,A01
202000023886,1,7,,1,1,3,1,A01
202000023887,2,33,,0,6,0,1,A01
202000023888,2,31,,0,0,1,1,A01
202000023889,1,7,,0,2,1,13,A01
202000023889,2,7,,0,2,1,1,B01
202000023890,0,2,,16,0,8,16,A01
202000023891,2,7,,0,2,1,1,B01
202000023891,1,7,,1,2,7,15,A01
202000023892,1,7,,13,0,1,1,A01
202000023893,2,7,,0,2,3,15,A01
202000023893,1,31,,0,2,8,1,B01
202000023894,3,7,,0,2,3,1,B01
202000023894,3,33,,0,2,1,17,A01
202000023895,1,7,,4,0,3,9,A01
202000023896,2,7,,3,0,1,1,A01
202000023897,1,33,,11,0,1,17,A01
202000023898,3,7,,0,2,2,13,B01
202000023898,3,7,,0,2,3,1,A01
202000023899,2,1,,0,2,0,0,A01
202000023899,2,0,,0,2,1,0,B01
202000023900,0,7,,0,0,2,1,A01
202000023900,0,1,,0,2,2,0,B01
202000023901,2,7,,4,2,1,1,B01
202000023901,1,7,,0,2,1,5,A01
202000023902,1,7,,6,0,1,13,A01
202000023903,0,2,,0,2,1,2,A01
202000023903,0,7,,0,2,4,2,B01
202000023904,1,7,,0,0,3,0,A01
202000023905,0,7,,8,0,1,2,A01
202000023906,1,7,,3,0,2,3,A01
202000023907,3,2,,0,0,1,21,A01
202000023908,1,7,,0,2,2,13,A01
202000023908,2,7,,0,2,1,1,B01
202000023909,1,7,,0,2,1,1,B01
202000023909,1,7,,0,2,4,1,A01
202000023910,1,7,,0,2,1,2,A01
202000023910,1,7,,0,2,4,2,B01
202000023910,1,7,,0,2,4,2,C01
202000023911,2,7,,0,2,4,1,A01
202000023911,2,7,,0,2,1,2,B01
202000023912,2,7,,12,0,2,14,A01
202000023913,1,31,,0,2,8,3,A01
202000023913,1,7,,0,2,7,12,B01
202000023913,1,7,,0,2,4,1,C01
202000023914,1,33,,0,2,1,26,A01
202000023914,1,10,,0,2,5,1,B01
202000023915,1,7,,0,2,8,1,B01
202000023915,1,15,,0,2,7,12,A01
202000023916,1,33,,0,2,3,3,A01
202000023916,1,7,,0,2,3,1,B01
202000023916,1,7,,0,2,5,1,C01
202000023917,1,7,,4,0,1,1,A01
202000023918,2,33,,4,0,1,1,A01
202000023919,2,7,,4,0,1,1,A01
202000023920,2,7,,0,2,8,11,A01
202000023920,2,33,,0,2,7,3,B01
202000023921,2,33,,0,2,6,1,C01
202000023921,2,7,,0,2,8,11,A01
202000023921,2,33,,0,2,2,3,B01
202000023922,2,7,,0,1,3,1,A01
202000023923,1,7,,6,0,2,14,A01
202000023924,1,7,,0,2,1,1,B01
202000023924,2,7,,0,2,7,15,A01
202000023925,2,31,,0,0,8,21,A01
202000023926,3,2,,0,2,7,1,SB01
202000023926,3,10,,0,2,3,15,PA01
202000023927,1,2,,0,2,8,16,A01
202000023927,1,7,,0,9,5,16,B01
202000023928,1,2,,0,2,0,1,B01
202000023928,1,7,,0,2,0,16,A01
202000023929,3,7,,0,9,2,1,A01
202000023930,3,7,,0,2,4,1,B01
202000023930,3,7,,0,2,1,1,A01
202000023931,2,7,,0,2,4,23,C01
202000023931,2,7,,0,2,4,23,B01
202000023931,2,7,,0,2,1,2,A01
202000023932,2,7,,0,2,4,2,C01
202000023932,2,7,,0,2,1,2,A01
202000023932,2,7,,0,2,4,2,B01
202000023933,1,10,,0,9,2,2,A01
202000023933,1,50,,0,2,0,2,B01
202000023934,1,7,,0,2,1,15,A01
202000023934,2,33,,0,2,1,1,B01
202000023935,1,7,,0,1,1,1,A01
202000023936,1,7,,0,9,1,1,B01
202000023936,1,1,,0,2,7,0,A01
202000023937,2,7,,0,2,2,1,B01
202000023937,2,7,,0,2,6,1,A01
202000023938,1,10,,0,2,5,9,A01
202000023938,1,7,,0,2,1,9,B01
202000023939,3,32,,0,2,8,0,B01
202000023939,3,7,,0,2,1,15,A01
202000023940,2,50,,0,2,1,19,A01
202000023940,1,7,,0,2,7,1,B01
202000023941,1,2,,0,2,7,17,A01
202000023941,1,17,,0,2,6,1,B01
202000023942,1,33,,0,0,8,1,A01
202000023942,2,10,,0,0,0,15,B01
202000023943,1,1,,0,2,1,1,B01
202000023944,3,7,,0,2,1,2,A01
202000023944,0,7,,0,2,4,2,B01
202000023945,1,7,,13,0,0,26,A01
202000023946,2,7,,6,0,1,14,A01
202000023947,3,7,,0,2,1,1,B01
202000023947,3,7,,0,2,2,15,A01
202000023948,1,7,,0,2,3,15,A01
202000023948,2,2,,0,2,8,1,B01
202000023949,2,1,,0,2,0,0,B01
202000023949,1,7,,0,2,0,26,A01
202000023950,2,7,,0,2,8,1,B01
202000023950,1,7,,0,2,3,13,A01
202000023951,1,7,,0,2,1,9,A01
202000023951,2,80,,0,2,5,1,B01
202000023952,2,7,,0,1,2,1,A01
202000023953,1,7,,0,2,1,15,A01
202000023953,2,34,,0,2,1,1,B01
202000023954,1,7,,0,2,7,6,A01
202000023954,2,30,,0,2,1,1,B01
202000023955,2,7,,0,2,1,13,A01
202000023955,1,7,,13,0,0,21,B01
202000023955,1,7,,3,2,7,21,C01
202000023955,1,7,,0,2,8,1,D01
202000023956,2,50,,0,0,0,2,A01
202000023957,1,7,,0,2,4,2,A01
202000023957,1,10,,0,2,4,2,B01
202000023958,2,7,,0,2,1,2,A01
202000023958,2,7,,0,2,4,2,B01
202000023959,1,7,,0,1,1,1,A01
202000023960,1,7,,0,2,1,1,A01
202000023960,1,1,,0,2,1,1,B01
202000023961,1,7,,0,2,1,9,A01
202000023961,1,7,,0,0,4,23,B01
202000023962,1,40,,0,2,2,1,B01
202000023962,1,7,,0,4,8,10,A01
202000023963,3,7,,0,2,3,16,A01
202000023963,3,7,,0,2,7,1,B01
202000023964,1,1,,0,2,7,1,B01
202000023964,1,7,,0,2,1,16,A01
202000023965,1,7,,0,2,4,1,A01
202000023965,1,7,,0,2,1,1,B01
202000023966,1,7,,0,2,7,16,A01
202000023966,1,15,,0,2,3,1,B01
202000023967,0,80,,0,0,1,1,A01
202000023968,3,7,,0,2,6,1,B01
202000023968,3,7,,1,2,8,15,A01
202000023968,3,7,,0,2,0,0,Z01
202000023969,2,10,,0,2,3,15,A01
202000023969,2,31,,0,2,1,1,B01
202000023970,1,31,,0,2,1,18,A01
202000023970,2,7,,0,2,6,15,B01
202000023971,1,10,,0,2,1,19,B01
202000023971,1,10,,0,2,2,19,A01
202000023972,1,2,,0,2,8,1,B01
202000023972,1,7,,0,2,7,14,A01
202000023973,2,7,,0,0,9,13,A01
202000023974,1,7,,0,2,7,1,A01
202000023974,1,2,,0,2,1,1,B01
202000023975,1,7,,0,1,1,1,A01
202000023976,3,37,1.0,0,1,2,1,A01
202000023977,1,7,,0,1,1,0,A01
202000023978,1,13,,0,1,3,1,A01
202000023979,1,7,,0,1,1,1,A01
202000023980,1,7,,0,1,1,1,A01
202000023981,2,7,,0,2,3,13,A01
202000023981,2,7,,0,2,3,1,B01
202000023982,0,10,,0,1,4,4,A01
202000023983,1,3,,0,1,1,1,Z01
202000023984,1,7,,0,2,4,23,C01
202000023984,1,7,,0,2,4,1,B01
202000023984,1,7,,0,2,1,1,A01
202000023985,1,7,,0,2,1,2,A01
202000023985,1,7,,0,2,4,2,B01
202000023985,1,15,,0,2,4,2,C01
202000023986,1,7,,0,1,1,1,A01
202000023987,3,7,,0,1,2,1,A01
202000023988,1,7,,0,2,1,1,B01
202000023988,3,7,,0,2,3,9,A01
202000023989,2,7,,0,2,1,13,A01
202000023989,1,7,,0,2,1,1,B01
202000023990,1,7,,0,2,5,1,B01
202000023990,1,32,,0,2,3,12,A01
202000023991,1,7,,0,2,4,2,B01
202000023991,1,33,,0,2,1,2,A01
202000023992,2,33,,0,2,1,3,A01
202000023992,2,7,,0,2,5,12,B01
202000023993,1,10,,0,2,3,22,B01
202000023993,2,37,1.0,0,2,7,23,C01
202000023993,1,33,,0,2,7,18,A01
202000023994,1,7,,0,2,7,12,A01
202000023994,1,1,,0,2,1,1,B01
202000023995,2,7,,0,2,1,1,A01
202000023995,2,50,,0,2,7,1,B01
202000023996,1,1,,0,1,1,25,A01
202000023997,1,7,,0,1,8,1,A01
202000023998,2,1,,0,2,3,15,Z01
202000023998,2,43,,0,2,2,17,B01
202000023999,2,1,,0,2,1,1,B01
202000023999,2,7,,0,2,2,14,A01
202000024000,3,14,,0,2,2,1,B01
202000024000,3,1,,0,2,7,19,A01
202000024001,1,1,,0,0,0,1,A01
202000024002,2,80,,0,0,0,1,A01
202000024003,1,32,,0,2,8,16,A01
202000024003,1,37,1.0,0,2,2,7,B01
202000024004,2,80,,1,0,2,14,A01
202000024005,1,33,,0,2,7,17,A01
202000024005,1,7,,0,2,0,0,B01
202000024006,3,0,,0,1,2,0,A01
202000024007,2,7,,0,2,8,15,B01
202000024007,2,32,,0,2,1,3,A01
202000024008,1,2,,0,2,1,1,B01
202000024008,1,10,,0,2,3,16,A01
202000024009,1,37,2.0,1,0,7,1,A01
202000024010,2,7,,0,2,2,15,A01
202000024010,1,1,,0,2,1,1,B01
202000024011,1,7,,0,2,2,15,A01
202000024011,2,30,,0,2,3,1,B01
202000024012,1,7,,0,2,1,2,B01
202000024012,2,7,,0,2,7,15,A01
202000024013,2,7,,0,1,4,20,A01
202000024014,1,7,,0,2,8,2,B01
202000024014,1,7,,0,2,1,26,A01
202000024015,2,7,,0,2,7,15,A01
202000024015,1,33,,0,2,1,1,B01
202000024016,-1,7,,0,2,7,15,A01
202000024016,-1,7,,0,2,1,1,B01
202000024017,1,7,,0,2,0,0,B01
202000024017,2,1,,0,2,0,0,A01
202000024018,2,30,,0,2,8,19,B01
202000024018,1,7,,0,2,2,19,A01
202000024019,2,34,,0,2,6,23,B01
202000024019,2,15,,0,2,7,15,A01
202000024020,2,32,,0,2,1,2,B01
202000024020,2,10,,0,2,4,2,A01
202000024021,1,7,,15,5,2,15,A01
202000024022,1,7,,1,2,3,20,A01
202000024022,1,30,,1,2,1,1,B01
202000024023,1,7,,0,1,1,1,A01
202000024024,1,7,,6,2,3,19,A01
202000024024,1,7,,6,2,1,1,B01
202000024025,0,7,,3,0,9,26,A01
202000024025,0,99,,0,2,0,0,B01
202000024026,1,7,,0,0,4,15,A01
202000024026,2,2,,0,2,8,1,B01
202000024027,3,7,,0,2,8,1,B01
202000024027,3,7,,0,2,8,13,A01
202000024028,1,7,,0,1,7,1,A01
202000024029,2,7,,0,0,0,9,A01
202000024029,2,7,,0,2,1,21,B01