Num_Acc,senc,catv,occutc,obs,obsm,choc,manv,num_veh
202000024029,1,7,,0,2,7,1,C01
202000024030,0,7,,0,2,1,1,B01
202000024030,0,30,,0,2,1,1,A01
202000024031,2,10,,1,0,1,23,A01
202000024031,2,10,,0,1,4,23,B01
202000024031,2,7,,0,1,2,23,C01
202000024032,1,7,,0,1,3,15,A01
202000024033,2,7,,3,0,0,0,A01
202000024033,2,7,,4,0,3,0,B01
202000024034,1,10,,0,2,7,11,B01
202000024034,1,32,,0,2,3,13,A01
202000024035,2,13,,0,2,1,1,C01
202000024035,2,7,,0,0,4,1,A01
202000024035,2,7,,0,2,4,1,B01
202000024036,2,7,,0,2,1,1,B01
202000024036,1,7,,0,2,1,1,A01
202000024037,3,7,,0,1,3,20,A01
202000024038,2,7,,0,0,4,2,B01
202000024038,2,33,,0,2,1,2,A01
202000024039,1,7,,0,2,2,13,A01
202000024039,2,2,,0,2,1,1,B01
202000024040,1,7,,0,0,9,1,A01
202000024041,3,1,,0,2,2,1,B01
202000024041,1,7,,0,2,1,9,A01
202000024042,3,32,,12,0,1,2,A01
202000024043,1,7,,0,1,2,1,A01
202000024044,2,7,,0,2,1,11,A01
202000024044,1,33,,0,2,7,1,B01
202000024045,2,7,,0,2,5,15,A01
202000024045,1,33,,0,2,1,1,B01
202000024046,2,33,,13,0,1,1,A01
202000024047,1,7,,0,1,2,1,A01
202000024048,1,7,,15,0,1,21,A01
202000024049,1,15,,0,2,1,1,B01
202000024049,2,33,,0,2,1,5,A01
202000024050,2,1,,0,2,1,1,A01
202000024050,2,7,,0,2,5,23,B01
202000024051,1,7,,8,0,2,1,A01
202000024052,1,33,,0,2,4,23,B01
202000024052,1,7,,0,2,1,1,A01
202000024053,1,7,,0,2,7,12,A01
202000024053,1,7,,0,0,3,2,B01
202000024054,1,33,,0,2,8,1,B01
202000024054,2,7,,0,2,2,1,A01
202000024055,1,10,,0,2,3,23,B01
202000024055,2,7,,1,2,1,21,A01
202000024056,2,7,,13,0,2,1,A01
202000024057,1,7,,0,0,9,0,A01
202000024058,2,7,,0,2,1,1,A01
202000024058,2,99,,0,0,4,23,B01
202000024059,1,36,,13,0,1,1,A01
202000024060,1,7,,0,2,3,26,B01
202000024060,2,33,,0,2,3,26,A01
202000024061,2,7,,6,0,2,16,A01
202000024062,1,7,,0,0,0,1,A01
202000024063,0,31,,10,0,0,6,A01
202000024064,2,7,,0,0,0,0,A01
202000024065,2,3,,13,0,1,0,A01
202000024066,3,33,,0,2,7,13,A01
202000024066,3,10,,0,2,2,15,B01
202000024067,1,7,,2,0,3,13,A01
202000024068,3,80,,12,0,1,13,A01
202000024069,3,33,,13,0,1,14,A01
202000024070,1,17,,0,2,2,21,B01
202000024070,3,2,,0,2,1,19,A01
202000024071,2,7,,0,2,1,1,B01
202000024071,1,7,,0,2,7,1,A01
202000024072,1,7,,0,0,8,14,A01
202000024073,2,7,,13,0,9,2,A01
202000024074,2,7,,6,0,3,0,A01
202000024075,3,36,,0,0,9,1,A01
202000024076,1,7,,13,0,2,1,A01
202000024077,2,7,,13,0,8,13,A01
202000024078,3,7,,0,1,4,4,A01
202000024079,2,7,,0,0,4,2,B01
202000024079,2,2,,0,2,1,1,A01
202000024080,2,33,,0,0,8,1,A01
202000024081,1,7,,4,0,2,14,A01
202000024082,1,10,,0,2,4,2,B01
202000024082,1,10,,0,2,1,2,A01
202000024083,2,7,,14,0,1,1,C01
202000024083,2,7,,0,2,2,1,B01
202000024083,2,7,,0,2,6,9,A01
202000024084,2,7,,0,1,1,1,A01
202000024085,1,7,,0,2,1,1,B01
202000024085,2,7,,1,2,7,1,A01
202000024086,1,7,,0,0,0,0,A01
202000024086,2,1,,0,2,1,1,Y01
202000024087,2,7,,13,0,9,15,A01
202000024088,3,0,,0,1,0,19,Y01
202000024088,1,7,,0,2,3,13,A01
202000024089,1,33,,0,1,1,9,A01
202000024090,1,7,,0,2,2,0,B01
202000024090,2,7,,0,2,7,26,A01
202000024091,3,30,,0,0,4,26,A01
202000024092,1,7,,0,2,1,26,B01
202000024092,1,7,,0,2,3,26,A01
202000024093,1,7,,0,1,4,23,A01
202000024094,2,7,,0,2,0,15,A01
202000024094,1,31,,0,2,0,1,B01
202000024095,2,7,,10,0,5,1,A01
202000024096,1,7,,0,2,4,23,B01
202000024096,1,7,,0,2,1,1,A01
202000024097,1,33,,0,2,1,1,A01
202000024097,2,7,,0,2,3,16,B01
202000024098,1,7,,0,2,3,13,A01
202000024098,2,7,,0,2,1,1,B01
202000024099,1,21,,0,0,6,16,B01
202000024099,1,10,,0,2,2,1,A01
202000024100,1,7,,0,2,3,1,B01
202000024100,1,7,,0,2,3,13,A01
202000024101,1,7,,8,0,1,2,B01
202000024101,1,7,,16,0,4,1,A01
202000024102,1,2,,0,5,1,19,A01
202000024103,0,7,,0,2,3,19,A01
202000024103,2,7,,0,2,1,1,B01
202000024104,2,33,,2,0,2,1,A01
202000024105,2,7,,13,0,2,1,A01
202000024106,1,7,,8,0,1,1,A01
202000024107,1,7,,0,0,1,14,A01
202000024108,2,20,,0,2,8,13,B01
202000024108,1,7,,0,2,3,1,A01
202000024109,1,7,,0,2,1,1,A01
202000024109,1,7,,0,2,1,13,B01
202000024110,3,7,,0,0,0,15,B01
202000024110,3,33,,0,0,7,1,A01
202000024111,1,10,,0,2,1,1,A01
202000024111,3,2,,0,2,7,9,B01
202000024112,2,33,,0,0,3,1,A01
202000024113,1,7,,4,0,1,14,A01
202000024114,0,7,,0,1,2,26,A01
202000024115,1,10,,0,1,1,1,A01
202000024116,3,7,,0,2,5,15,A01
202000024116,3,33,,0,2,1,0,B01
202000024117,1,7,,0,0,2,15,B01
202000024117,1,33,,0,2,3,1,A01
202000024118,1,2,,0,2,1,26,B01
202000024118,1,7,,0,2,4,23,A01
202000024119,1,2,,0,2,2,1,B01
202000024119,1,7,,0,2,8,20,A01
202000024120,1,7,,0,5,3,13,A01
202000024121,3,36,,0,0,1,1,A01
202000024122,1,1,,0,0,8,2,B01
202000024122,1,7,,0,2,7,2,A01
202000024123,1,30,,0,2,5,16,B01
202000024123,1,7,,0,2,5,19,A01
202000024124,0,30,,7,0,0,26,A01
202000024125,2,10,,0,1,1,1,A01
202000024126,1,2,,4,0,7,14,A01
202000024127,1,7,,0,2,3,1,A01
202000024127,1,7,,0,2,1,19,B01
202000024128,1,33,,0,2,1,1,A01
202000024128,1,7,,0,2,2,15,B01
202000024129,1,7,,0,2,3,15,B01
202000024129,2,1,,0,2,1,5,A01
202000024130,1,1,,0,0,1,1,A01
202000024131,1,7,,0,2,1,1,A01
202000024131,1,7,,0,2,6,1,B01
202000024132,1,7,,0,1,3,1,A01
202000024133,2,7,,3,0,9,0,A01
202000024134,1,34,,0,2,7,1,B01
202000024134,1,7,,0,2,6,15,A01
202000024135,1,7,,13,0,2,1,A01
202000024136,0,2,,0,0,0,0,A01
202000024137,2,2,,0,2,1,13,A01
202000024137,1,7,,0,2,3,1,B01
202000024138,1,2,,0,2,1,26,B01
202000024138,1,7,,0,2,2,1,A01
202000024139,2,7,,15,0,1,1,A01
202000024140,1,7,,12,0,1,1,A01
202000024141,2,33,,4,0,1,1,A01
202000024142,0,7,,13,0,0,0,A01
202000024143,0,7,,0,0,0,1,A01
202000024144,3,7,,2,0,1,1,A01
202000024145,1,33,,0,0,7,2,A01
202000024146,2,34,,3,0,8,1,A01
202000024147,2,33,,6,0,1,1,A01
202000024148,2,7,,0,1,2,1,A01
202000024149,0,2,,0,0,0,1,A01
202000024150,1,7,,0,2,1,1,B01
202000024150,1,10,,0,2,6,11,A01
202000024151,1,7,,2,0,1,1,A01
202000024152,1,33,,0,0,9,2,A01
202000024153,1,43,,0,1,1,2,A01
202000024154,1,7,,0,2,2,17,A01
202000024154,1,7,,0,2,3,15,B01
202000024155,1,34,,0,1,1,1,A01
202000024156,1,7,,0,2,6,1,B01
202000024156,3,33,,0,2,0,1,C01
202000024157,0,33,,0,0,0,1,A01
202000024158,1,7,,0,0,0,23,Z01
202000024158,1,7,,0,2,1,1,B01
202000024158,1,7,,0,2,4,1,A01
202000024158,1,7,,0,2,1,1,D01
202000024158,1,7,,0,2,1,1,C01
202000024159,3,7,,15,0,2,26,A01
202000024160,3,32,,13,0,0,1,A01
202000024161,1,33,,0,2,1,26,A01
202000024161,1,21,,0,2,4,26,B01
202000024162,1,7,,13,0,1,1,A01
202000024163,3,7,,0,2,4,2,C01
202000024163,3,33,,0,2,0,17,A01
202000024163,3,37,0.0,0,2,0,1,B01
202000024164,1,2,,0,2,1,13,A01
202000024164,2,7,,0,2,1,1,B01
202000024165,1,7,,0,2,2,1,B01
202000024165,1,7,,0,2,3,26,A01
202000024166,1,7,,0,2,1,1,A01
202000024166,1,7,,0,2,4,1,B01
202000024167,1,30,,0,0,1,1,A01
202000024168,3,7,,0,2,3,24,A01
202000024168,1,1,,1,0,1,1,B01
202000024169,0,7,,0,2,3,1,A01
202000024169,1,7,,0,2,1,1,B01
202000024170,3,7,,0,2,1,1,A01
202000024170,3,2,,0,2,7,9,B01
202000024171,2,30,,0,2,1,1,A01
202000024171,2,60,,0,2,8,19,B01
202000024172,1,3,,0,1,3,16,A01
202000024173,1,7,,0,1,7,1,A01
202000024174,1,0,,0,0,0,0,A01
202000024174,1,1,,0,0,1,0,B01
202000024175,1,7,,0,2,2,1,A01
202000024175,1,2,,0,2,3,15,B01
202000024176,1,7,,0,9,3,1,B01
202000024176,2,1,,0,2,1,13,A01
202000024177,1,7,,5,0,2,1,A01
202000024178,1,7,,6,0,1,6,A01
202000024179,1,7,,16,0,0,1,A01
202000024180,1,33,,2,0,1,1,A01
202000024181,1,7,,13,0,9,1,A01
202000024182,2,7,,0,2,1,1,B01
202000024182,3,7,,13,2,8,19,A01
202000024183,1,2,,12,0,2,1,A01
202000024184,2,7,,0,1,1,1,A01
202000024185,2,7,,0,2,1,13,A01
202000024185,1,7,,0,2,1,1,B01
202000024186,1,15,,0,2,1,1,B01
202000024186,2,7,,0,2,1,17,A01
202000024187,2,7,,0,1,3,21,A01
202000024188,2,33,,2,0,1,1,A01
202000024189,3,33,,9,0,3,5,A01
202000024190,3,34,,0,0,1,26,A01
202000024191,2,99,,0,1,1,26,A01
202000024192,1,30,,0,1,1,14,A01
202000024193,0,7,,0,2,3,1,A01
202000024193,1,1,,0,2,2,0,B01
202000024194,0,7,,9,0,1,14,A01
202000024195,3,1,,0,2,8,1,B01
202000024195,3,17,,0,9,5,1,Z01
202000024196,0,7,,0,2,3,1,B01
202000024196,0,7,,0,2,1,1,A01
202000024197,1,10,,0,2,3,9,A01
202000024197,2,50,,0,2,1,1,B01
202000024198,1,7,,8,0,2,15,A01
202000024199,3,2,,8,0,0,26,A01
202000024200,1,1,,0,0,0,21,A01
202000024201,2,32,,0,2,8,1,B01
202000024201,2,7,,0,2,1,10,A01
202000024202,1,7,,0,5,1,1,A01
202000024203,0,7,,0,1,3,13,A01
202000024204,2,80,,0,2,8,1,B01
202000024204,2,7,,0,2,1,9,A01
202000024205,1,43,,0,1,1,14,A01
202000024206,2,7,,0,2,2,10,A01
202000024206,2,33,,0,2,1,1,B01
202000024207,1,43,,12,0,2,14,A01
202000024208,1,1,,12,0,1,13,A01
202000024209,2,7,,0,2,4,4,B01
202000024209,2,1,,0,2,1,1,A01
202000024210,1,7,,2,0,8,0,A01
202000024211,1,33,,0,0,8,1,A01
202000024212,2,7,,2,0,7,13,A01
202000024213,1,10,,0,2,2,1,A01
202000024213,1,7,,0,2,1,1,C01
202000024213,2,13,,0,2,1,1,B01
202000024214,0,0,,0,1,0,0,A01
202000024215,2,33,,0,5,1,1,A01
202000024216,2,10,,0,2,2,1,B01
202000024216,2,7,,0,0,6,15,A01
202000024217,1,7,,0,9,1,1,A01
202000024217,2,7,,0,0,3,1,B01
202000024218,3,31,,0,2,8,15,A01
202000024218,3,7,,0,2,3,1,B01
202000024219,1,7,,13,0,1,1,A01
202000024220,2,7,,7,0,9,0,A01
202000024221,1,10,,8,2,5,17,A01
202000024221,1,33,,0,0,3,1,B01
202000024222,1,7,,0,1,2,1,A01
202000024223,1,33,,14,0,1,1,A01
202000024224,2,32,,0,0,7,26,A01
202000024225,2,7,,0,1,1,21,A01
202000024226,2,16,,0,2,2,12,A01
202000024226,2,7,,4,2,3,1,B01
202000024227,1,33,,0,2,1,0,A01
202000024227,1,7,,0,2,5,0,B01
202000024228,2,1,,0,2,7,19,B01
202000024228,2,7,,0,2,1,16,A01
202000024229,0,40,,0,1,0,1,A01
202000024230,3,1,,0,0,1,14,A01
202000024231,0,1,,0,2,7,1,B01
202000024231,0,10,,0,9,1,19,A01
202000024232,-1,7,,4,0,1,1,A01
202000024233,2,7,,0,2,3,15,A01
202000024233,1,2,,0,2,3,1,B01
202000024234,1,7,,13,0,1,26,A01
202000024235,3,7,,6,0,1,13,A01
202000024236,0,34,,0,2,1,26,A01
202000024236,0,7,,0,2,8,10,B01
202000024237,1,31,,0,2,1,1,A01
202000024237,2,7,,0,2,8,1,B01
202000024238,1,7,,0,1,1,1,A01
202000024239,1,7,,0,1,3,15,A01
202000024240,2,2,,0,0,0,21,A01
202000024241,2,7,,0,0,0,1,A01
202000024242,0,1,,0,0,1,1,C01
202000024242,0,1,,0,0,1,1,B01
202000024242,0,1,,0,0,1,1,A01
202000024243,1,7,,0,2,1,5,A01
202000024243,2,10,,0,2,1,1,B01
202000024244,1,33,,13,0,9,1,A01
202000024245,0,7,,0,1,2,5,A01
202000024246,1,7,,7,2,3,1,B01
202000024246,1,7,,0,2,3,5,A01
202000024247,1,7,,0,2,3,1,B01
202000024247,2,7,,0,2,6,26,A01
202000024248,2,7,,0,0,5,15,A01
202000024248,1,7,,0,2,2,1,B01
202000024249,2,7,,0,1,3,1,A01
202000024250,1,7,,2,0,1,1,A01
202000024251,1,7,,0,2,8,1,B01
202000024251,1,7,,0,2,3,1,C01
202000024251,2,7,,0,2,1,13,A01
202000024252,2,7,,6,0,1,1,A01
202000024253,1,7,,0,2,1,1,B01
202000024253,2,7,,0,2,1,15,A01
202000024254,-1,7,,0,1,1,17,A01
202000024255,2,7,,0,2,2,2,B01
202000024255,2,30,,0,2,4,1,A01
202000024256,1,7,,0,0,4,2,A01
202000024256,1,10,,0,2,1,2,B01
202000024256,1,7,,3,2,1,21,C01
202000024257,2,7,,0,2,1,2,A01
202000024257,2,17,,0,0,4,2,B01
202000024258,1,7,,0,2,0,2,B01
202000024258,1,7,,0,2,3,2,A01
202000024259,3,2,,0,2,5,2,A01
202000024259,3,32,,0,2,3,2,B01
202000024260,3,2,,13,0,7,14,A01
202000024261,2,7,,2,0,1,0,A01
202000024262,3,38,1.0,0,1,1,26,A01
202000024263,2,33,,3,0,9,1,A01
202000024264,1,7,,0,1,2,1,A01
202000024265,3,36,,13,0,3,2,A01
202000024266,2,7,,13,0,3,2,A01
202000024267,3,7,,0,1,1,1,A01
202000024268,1,7,,0,2,7,0,A01
202000024268,2,7,,0,2,1,0,B01
202000024268,2,10,,0,2,3,0,C01
202000024269,1,7,,0,2,3,13,A01
202000024269,2,7,,0,2,3,1,B01
202000024270,0,7,,13,0,9,1,A01
202000024271,1,7,,0,1,1,9,A01
202000024272,3,7,,0,2,3,1,B01
202000024272,3,7,,0,2,3,1,A01
202000024273,1,7,,0,2,1,15,A01
202000024273,2,7,,0,2,1,1,B01
202000024274,1,7,,0,9,3,0,A01
202000024274,1,1,,0,2,7,0,B01
202000024275,2,7,,0,1,3,15,A01
202000024276,1,7,,0,2,3,1,B01
202000024276,2,7,,0,2,2,13,A01
202000024277,2,10,,0,2,1,2,C01
202000024277,2,7,,0,2,4,2,B01
202000024277,2,7,,0,2,4,1,A01
202000024278,2,7,,0,2,2,3,A01
202000024278,2,7,,4,2,6,1,B01
202000024279,1,7,,6,2,3,13,A01
202000024279,1,10,,0,2,8,1,B01
202000024280,1,7,,0,2,4,2,A01
202000024280,1,7,,0,2,1,2,B01
202000024281,2,7,,0,2,1,2,B01
202000024281,2,7,,0,2,4,2,A01
202000024282,2,7,,3,2,1,2,B01
202000024282,2,7,,3,2,4,2,A01
202000024283,1,7,,0,2,4,2,C01
202000024283,1,7,,0,2,4,2,B01
202000024283,1,7,,0,2,1,2,A01
202000024284,1,7,,3,0,8,13,A01
202000024285,1,7,,0,2,4,2,B01
202000024285,1,10,,0,2,1,2,A01
202000024285,1,7,,0,2,4,2,C01
202000024286,1,2,,0,2,1,5,B01
202000024286,1,7,,0,2,2,1,A01
202000024287,1,7,,0,0,3,1,B01
202000024287,1,7,,0,2,2,1,A01
202000024288,1,15,,0,2,4,1,B01
202000024288,1,7,,0,2,1,26,A01
202000024289,2,7,,0,2,8,11,A01
202000024289,2,33,,0,2,5,3,B01
202000024290,1,7,,0,2,2,15,B01
202000024290,2,7,,0,2,1,1,A01
202000024291,3,7,,0,1,2,1,A01
202000024292,3,7,,0,2,2,19,A01
202000024292,3,34,,0,2,1,1,B01
202000024293,1,7,,0,2,8,19,A01
202000024293,2,2,,0,2,1,1,B01
202000024294,3,1,,0,2,1,17,B01
202000024294,3,7,,0,2,0,0,A01
202000024295,1,7,,6,2,6,-1,B01
202000024295,1,7,,1,0,1,13,A01
202000024296,1,7,,4,0,3,13,A01
202000024297,1,0,,0,2,8,0,B01
202000024297,1,0,,0,2,2,0,A01
202000024298,3,31,,4,0,1,0,A01
202000024299,0,7,,0,1,2,1,A01
202000024300,1,7,,0,2,5,16,A01
202000024300,1,33,,0,2,1,1,B01
202000024301,3,30,,8,0,7,14,A01
202000024302,3,7,,0,1,2,17,A01
202000024303,1,31,,0,2,3,1,B01
202000024303,2,7,,0,2,2,15,A01
202000024304,3,14,,0,2,8,19,A01
202000024304,1,10,,0,2,3,21,B01
202000024305,1,2,,0,0,1,13,A01
202000024305,2,10,,0,0,6,21,B01
202000024306,1,3,,0,2,1,1,A01
202000024306,1,7,,0,2,4,1,B01
202000024307,2,7,,0,2,8,1,C01
202000024307,2,14,,0,2,3,1,B01
202000024307,1,7,,0,2,1,13,A01
202000024308,2,7,,0,2,1,15,B01
202000024308,2,7,,0,2,3,15,A01
202000024309,1,15,,0,2,2,1,A01
202000024309,2,10,,0,2,3,10,B01
202000024310,2,2,,0,2,5,1,B01
202000024310,3,7,,0,2,1,15,A01
202000024311,2,7,,0,2,3,13,A01
202000024311,1,7,,0,2,3,1,B01
202000024311,2,7,,0,2,3,1,C01
202000024312,2,30,,9,0,1,21,A01
202000024313,1,60,,0,2,1,1,A01
202000024313,2,1,,0,2,1,1,B01
202000024314,1,7,,0,1,1,2,A01
202000024315,2,10,,0,1,1,1,A01
202000024316,1,7,,0,2,1,15,A01
202000024316,2,7,,0,0,3,1,B01
202000024317,1,32,,0,2,1,1,A01
202000024317,2,7,,0,2,2,19,B01
202000024318,3,32,,0,1,1,1,Z01
202000024319,1,7,,0,2,2,9,A01
202000024319,1,34,,0,2,8,2,B01
202000024320,3,7,,0,2,3,10,A01
202000024320,3,30,,0,2,7,1,B01
202000024321,1,7,,1,0,1,1,A01
202000024322,1,7,,8,0,7,1,A01
202000024323,2,7,,0,2,3,26,A01
202000024323,2,7,,0,2,1,26,B01
202000024324,1,7,,10,2,1,14,A01
202000024324,2,7,,0,2,3,1,B01
202000024325,2,7,,0,2,1,2,A01
202000024325,2,7,,0,2,4,1,C01
202000024325,2,7,,0,2,4,2,B01
202000024326,1,7,,0,1,3,1,A01
202000024327,1,7,,9,0,1,26,A01
202000024328,1,7,,0,2,1,9,A01
202000024328,1,7,,0,2,7,1,B01
202000024329,1,7,,8,0,1,1,A01
202000024330,2,10,,0,2,1,12,Z01
202000024330,2,10,,0,2,4,1,A01
202000024331,1,7,,0,2,7,12,A01
202000024331,1,33,,0,2,3,3,B01
202000024332,1,31,,0,2,5,3,B01
202000024332,1,33,,0,2,1,3,A01
202000024333,1,33,,1,2,8,5,B01
202000024333,2,7,,0,2,0,13,A01
202000024333,2,33,,0,2,1,5,D01
202000024333,2,7,,0,2,8,23,F01
202000024333,2,33,,0,2,1,5,C01
202000024333,2,7,,0,2,6,23,G01
202000024334,1,7,,0,1,3,15,A01
202000024335,1,1,,0,2,4,1,B01
202000024335,1,7,,0,2,2,16,A01
202000024336,2,1,,0,2,1,19,B01
202000024336,1,7,,0,2,1,15,A01
202000024337,1,30,,0,1,1,1,Z01
202000024338,1,30,,0,2,2,17,B01
202000024338,1,10,,0,2,3,15,A01
202000024339,1,10,,0,1,3,1,A01
202000024340,3,7,,7,0,1,16,Z01
202000024341,1,1,,0,1,1,1,A01
202000024342,1,33,,0,2,1,1,B01
202000024342,1,7,,0,2,3,11,A01
202000024343,2,7,,0,1,1,1,Z01
202000024344,1,30,,0,2,7,1,B01
202000024344,1,7,,0,2,2,15,A01
202000024345,1,33,,0,2,2,17,B01
202000024345,1,7,,0,2,3,10,A01
202000024346,2,30,,0,2,1,1,A01
202000024346,2,1,,0,2,8,11,B01
202000024347,1,1,,0,1,1,1,Z01
202000024348,1,7,,0,2,2,12,A01
202000024348,1,1,,0,2,3,1,B01
202000024349,1,43,,0,2,1,17,A01
202000024349,1,7,,0,2,3,15,B01
202000024350,2,33,,0,1,1,1,A01
202000024351,2,50,,0,1,1,1,A01
202000024352,2,7,,0,0,4,23,B01
202000024352,2,7,,0,2,1,2,A01
202000024353,3,7,,14,0,3,13,A01
202000024354,2,7,,0,2,2,2,A01
202000024354,2,7,,0,2,3,11,B01
202000024355,2,7,,0,2,4,23,A01
202000024355,2,10,,0,2,1,2,B01
202000024356,3,7,,0,1,2,16,A01
202000024357,3,7,,0,2,3,1,B01
202000024357,3,7,,0,2,6,15,A01
202000024358,0,7,,0,2,1,2,B01
202000024358,0,7,,0,2,4,2,A01
202000024359,-1,7,,0,2,1,15,Z01
202000024359,-1,7,,0,2,0,0,B01
202000024359,-1,34,,0,2,1,1,A01
202000024360,1,7,,0,0,0,0,B01
202000024360,2,34,,0,2,1,13,A01
202000024361,3,30,,0,2,1,0,A01
202000024361,3,7,,0,2,8,0,B01
202000024362,1,32,,0,2,1,21,B01
202000024362,1,7,,0,2,6,1,A01
202000024363,1,10,,0,2,2,15,A01
202000024363,2,31,,0,2,6,1,B01
202000024364,3,7,,0,2,8,1,C01
202000024364,3,33,,0,2,4,23,B01
202000024364,3,7,,0,2,3,1,A01
202000024365,2,7,,0,2,7,9,B01
202000024365,1,14,,0,2,1,16,A01
202000024366,1,10,,0,2,4,1,B01
202000024366,1,30,,0,2,1,2,A01
202000024367,1,7,,0,2,8,1,A01
202000024367,3,7,,0,2,3,19,B01
202000024368,2,7,,2,0,1,14,A01
202000024369,1,7,,0,0,3,1,A01
202000024369,2,7,,0,0,3,1,B01
202000024370,1,7,,13,0,1,14,A01
202000024371,2,7,,0,0,4,2,B01
202000024371,2,7,,0,2,1,2,A01
202000024372,3,7,,0,1,1,19,A01
202000024373,2,33,,3,0,7,0,A01
202000024374,2,30,,0,2,1,1,B01
202000024374,1,7,,0,2,1,15,A01
202000024375,2,33,,6,0,2,0,A01
202000024376,1,7,,13,0,1,16,A01
202000024377,2,7,,0,2,8,19,B01
202000024377,2,15,,0,2,1,1,A01
202000024378,1,7,,1,0,2,2,A01
202000024379,2,7,,2,0,1,1,A01
202000024380,1,10,,0,2,3,1,A01
202000024380,2,7,,0,0,3,1,B01
202000024381,2,7,,6,0,3,0,A01
202000024382,1,7,,0,2,5,15,A01
202000024382,2,33,,0,2,1,1,B01
202000024383,2,7,,2,0,3,17,A01
202000024384,1,7,,0,2,3,1,A01
202000024384,2,1,,0,2,1,1,B01
202000024384,2,1,,0,2,1,1,C01
202000024384,2,1,,0,2,1,1,D01
202000024384,2,1,,0,2,1,1,E01
202000024384,2,1,,0,2,1,1,F01
202000024385,2,7,,2,0,1,17,A01
202000024386,1,7,,13,0,7,14,A01
202000024387,0,7,,1,0,1,5,A01
202000024387,0,7,,0,0,1,1,B01
202000024388,2,7,,0,2,8,15,A01
202000024388,1,33,,0,2,1,1,B01
202000024389,1,7,,0,2,2,11,A01
202000024389,2,2,,0,2,1,1,B01
202000024390,1,7,,6,2,6,11,A01
202000024390,1,7,,0,2,3,1,B01
202000024391,1,10,,16,0,0,1,A01
202000024392,3,7,,0,0,9,1,A01
202000024393,3,7,,0,0,0,0,A01
202000024394,2,7,,3,0,7,14,A01
202000024395,1,7,,0,0,0,0,A01
202000024396,1,7,,16,0,9,1,A01
202000024397,1,7,,6,0,3,0,A01
202000024398,0,7,,0,0,1,0,B01
202000024398,0,7,,0,0,1,0,A01
202000024399,2,2,,0,2,1,2,A01
202000024399,2,7,,0,0,4,1,B01
202000024400,0,7,,0,0,4,0,B01
202000024400,2,7,,1,0,1,1,A01
202000024401,1,7,,15,0,2,14,A01
202000024402,2,7,,0,2,3,13,A01
202000024402,1,7,,0,2,3,1,B01
202000024403,1,7,,0,1,3,1,A01
202000024404,1,7,,0,2,0,0,A01
202000024404,1,10,,0,2,1,1,B01
202000024405,1,7,,0,2,3,13,A01
202000024405,1,7,,0,2,3,1,B01
202000024406,1,33,,3,0,8,13,A01
202000024407,1,7,,0,2,7,12,A01
202000024407,1,33,,0,2,3,3,B01
202000024408,1,7,,0,2,1,21,C01
202000024408,1,7,,0,2,4,1,B01
202000024408,1,10,,0,2,2,14,A01
202000024409,1,7,,4,0,1,13,A01
202000024410,2,7,,0,2,5,9,A01
202000024410,2,31,,0,2,1,1,B01
202000024411,1,7,,0,2,1,2,A01
202000024411,1,7,,0,2,4,2,B01
202000024412,1,7,,4,2,7,1,A01
202000024412,1,15,,0,2,8,0,B01
202000024413,3,33,,0,2,1,1,B01
202000024413,2,10,,0,2,2,15,A01
202000024414,2,7,,0,1,0,15,A01
202000024415,1,33,,0,1,1,17,A01
202000024416,2,32,,0,2,7,1,B01
202000024417,1,7,,0,2,1,1,A01
202000024417,1,7,,0,2,5,1,B01
202000024418,1,1,,0,4,6,1,A01
202000024418,1,40,,0,2,1,1,B01
202000024419,1,7,,0,2,2,19,A01
202000024419,1,1,,0,2,1,9,B01
202000024420,1,7,,0,2,4,16,A01
202000024420,2,10,,0,2,1,1,B01
202000024421,2,7,,0,2,1,1,B01
202000024421,1,7,,0,2,1,13,A01
202000024422,1,50,,0,2,7,26,B01
202000024422,1,7,,0,2,3,9,A01
202000024423,1,32,,0,2,1,1,B01
202000024423,2,7,,0,2,1,15,A01
202000024424,1,7,,0,1,2,1,A01
202000024425,1,37,1.0,0,1,1,1,A01
202000024426,1,30,,0,2,7,1,A01
202000024426,3,1,,0,2,1,1,B01
202000024427,3,7,,0,2,2,19,A01
202000024427,3,33,,9,1,1,1,B01
202000024428,2,7,,2,0,3,13,A01
202000024429,1,7,,0,2,1,1,A01
202000024429,1,7,,0,2,4,23,B01
202000024429,1,7,,0,2,4,23,D01
202000024429,1,7,,0,2,4,23,C01
202000024430,0,7,,0,2,8,1,A01
202000024430,0,33,,0,2,1,1,B01
202000024431,1,7,,0,2,2,1,Z01
202000024431,1,30,,0,2,4,1,A01
202000024432,2,1,,0,2,8,2,B01
202000024432,2,7,,0,2,2,17,A01
202000024433,2,33,,0,2,1,1,A01
202000024433,1,7,,0,2,1,15,B01
202000024434,1,33,,0,1,0,1,Z01
202000024435,1,37,1.0,0,2,2,1,B01
202000024435,1,7,,0,2,2,1,A01
202000024436,1,7,,0,2,7,15,A01
202000024436,2,33,,0,2,1,1,B01
202000024437,1,7,,0,1,6,20,A01
202000024438,3,7,,0,2,0,0,A01
202000024438,3,2,,0,2,2,1,B01
202000024439,1,7,,0,1,1,1,A01
202000024440,2,7,,0,2,4,1,B01