Num_Acc,senc,catv,occutc,obs,obsm,choc,manv,num_veh
202000024440,2,7,,0,2,1,2,A01
202000024441,1,50,,1,0,1,1,A01
202000024442,2,7,,0,2,6,23,B01
202000024442,2,34,,0,2,1,2,A01
202000024443,0,10,,0,2,3,1,A01
202000024443,0,7,,0,2,1,1,B01
202000024444,1,32,,0,2,1,1,B01
202000024444,2,7,,0,2,5,15,A01
202000024445,2,7,,3,0,1,1,A01
202000024446,1,7,,0,1,1,15,A01
202000024447,1,7,,6,0,2,1,A01
202000024448,2,7,,0,2,1,2,A01
202000024448,2,7,,0,2,4,2,B01
202000024449,1,7,,0,2,1,11,A01
202000024449,1,7,,0,2,5,1,B01
202000024450,1,10,,0,1,4,4,A01
202000024451,1,10,,0,1,2,15,A01
202000024452,1,7,,0,1,1,15,A01
202000024453,2,32,,0,0,7,1,A01
202000024454,1,7,,0,2,2,1,A01
202000024454,1,1,,0,2,1,9,B01
202000024455,1,33,,1,2,1,1,B01
202000024455,1,7,,0,2,3,10,A01
202000024456,3,10,,0,2,6,1,Z01
202000024456,3,32,,0,2,3,1,A01
202000024457,3,32,,0,2,1,1,B01
202000024457,3,7,,0,2,5,15,A01
202000024458,1,1,,0,2,1,1,B01
202000024458,2,30,,0,2,1,13,A01
202000024459,1,7,,0,2,3,15,A01
202000024459,2,30,,0,2,6,1,B01
202000024460,0,1,,0,2,7,16,B01
202000024460,1,7,,0,2,8,22,A01
202000024461,1,7,,0,2,4,2,B01
202000024461,1,32,,0,2,1,2,A01
202000024462,1,7,,12,2,3,13,A01
202000024462,1,32,,0,2,7,1,B01
202000024463,1,1,,0,2,4,1,B01
202000024463,1,30,,0,2,1,13,A01
202000024464,1,7,,0,2,3,15,A01
202000024464,2,1,,0,2,8,1,B01
202000024465,1,7,,0,1,4,20,A01
202000024466,2,7,,0,2,2,15,B01
202000024466,1,30,,0,2,1,18,A01
202000024467,2,1,,0,2,6,1,B01
202000024467,2,10,,0,2,2,16,A01
202000024468,2,7,,0,2,2,15,A01
202000024468,1,43,,0,2,3,1,B01
202000024469,2,31,,0,2,1,1,A01
202000024469,2,7,,0,2,2,9,B01
202000024470,1,10,,0,2,1,15,B01
202000024470,1,31,,0,2,7,8,A01
202000024471,1,7,,14,2,1,2,A01
202000024471,1,37,1.0,15,2,4,26,B01
202000024472,1,7,,0,9,1,15,A01
202000024472,2,1,,0,2,8,1,B01
202000024473,2,7,,0,1,2,1,A01
202000024474,1,33,,12,0,3,1,A01
202000024475,3,34,,0,2,1,1,A01
202000024475,3,10,,0,2,3,15,B01
202000024476,3,32,,0,2,1,1,A01
202000024476,3,7,,0,2,3,1,B01
202000024477,1,7,,0,0,6,23,B01
202000024477,1,32,,1,0,1,11,A01
202000024478,2,7,,0,2,7,19,A01
202000024478,2,32,,0,2,1,19,B01
202000024479,-1,10,,0,2,7,1,B01
202000024479,-1,10,,0,2,2,19,A01
202000024480,1,7,,0,2,4,26,A01
202000024480,1,7,,0,2,1,0,B01
202000024481,2,2,,0,0,0,0,Z01
202000024481,1,33,,0,0,1,1,B01
202000024482,-1,7,,12,0,3,26,A01
202000024482,-1,33,,8,0,2,2,B01
202000024483,2,7,,9,2,1,1,A01
202000024483,1,7,,0,2,7,15,B01
202000024484,2,32,,0,2,8,2,B01
202000024484,2,3,,0,2,1,15,A01
202000024485,1,32,,2,0,9,21,A01
202000024486,3,7,,0,2,0,0,A01
202000024486,3,99,,0,2,0,0,B01
202000024487,1,30,,0,1,1,17,A01
202000024488,2,7,,0,2,3,16,A01
202000024488,2,43,,0,2,5,1,B01
202000024489,2,7,,0,9,1,1,A01
202000024489,2,1,,0,2,8,1,B01
202000024490,1,30,,0,1,1,18,A01
202000024491,1,7,,0,2,7,15,A01
202000024491,2,7,,0,2,1,1,B01
202000024492,2,34,,0,2,2,2,B01
202000024492,1,7,,0,2,3,9,A01
202000024493,2,7,,0,0,1,2,A01
202000024494,2,33,,13,0,1,17,B01
202000024495,1,7,,0,9,2,13,B01
202000024495,1,1,,0,2,8,19,A01
202000024496,2,7,,2,0,2,26,A01
202000024497,2,7,,0,2,3,1,B01
202000024497,1,7,,0,2,8,1,A01
202000024498,2,7,,6,1,2,16,A01
202000024499,2,7,,15,0,0,21,A01
202000024500,1,7,,2,0,7,1,A01
202000024501,1,31,,0,0,1,1,A01
202000024502,1,10,,0,1,2,0,A01
202000024503,1,7,,4,0,2,13,A01
202000024504,2,7,,0,2,3,1,A01
202000024504,2,50,,0,2,2,0,B01
202000024505,1,7,,0,1,1,2,A01
202000024506,2,7,,0,2,2,17,A01
202000024506,2,7,,0,2,3,15,B01
202000024507,1,33,,0,2,1,1,B01
202000024507,2,7,,0,0,7,15,A01
202000024508,1,7,,0,2,8,9,A01
202000024508,3,1,,0,2,1,1,B01
202000024509,2,7,,2,0,1,13,A01
202000024510,2,2,,0,0,1,1,B01
202000024510,3,7,,0,0,3,19,A01
202000024511,2,7,,0,2,8,13,B01
202000024511,1,7,,0,2,8,1,A01
202000024512,1,7,,0,2,2,17,B01
202000024512,1,1,,0,2,8,15,A01
202000024513,0,10,,0,2,7,19,B01
202000024513,2,33,,0,2,1,1,A01
202000024514,1,2,,0,2,1,1,A01
202000024514,2,7,,0,2,3,1,B01
202000024515,2,2,,0,0,7,1,A01
202000024516,1,33,,7,0,9,1,A01
202000024517,1,7,,0,2,2,2,B01
202000024517,1,7,,13,0,6,2,A01
202000024518,1,33,,13,0,8,0,A01
202000024519,1,7,,0,1,3,1,A01
202000024520,2,2,,4,0,1,12,A01
202000024521,3,7,,0,2,1,1,C01
202000024521,3,2,,0,2,9,13,B01
202000024521,3,2,,0,2,9,13,A01
202000024522,2,33,,0,2,7,1,B01
202000024522,2,7,,0,2,1,2,A01
202000024523,2,7,,0,2,3,13,A01
202000024523,1,7,,0,2,3,1,B01
202000024524,3,7,,0,1,3,1,A01
202000024525,1,33,,0,2,1,1,A01
202000024525,1,10,,0,2,4,1,B01
202000024526,2,7,,8,0,2,1,A01
202000024527,2,2,,0,2,3,1,B01
202000024527,3,7,,0,2,5,9,A01
202000024528,1,7,,2,0,7,1,A01
202000024529,2,33,,0,0,0,21,A01
202000024530,1,7,,0,2,1,1,B01
202000024530,2,2,,0,2,8,15,A01
202000024531,1,33,,13,0,1,1,A01
202000024532,2,31,,0,2,1,1,A01
202000024532,1,7,,0,2,5,15,B01
202000024533,2,17,,0,2,4,1,B01
202000024533,2,7,,0,2,2,1,A01
202000024534,2,7,,16,0,9,1,A01
202000024535,2,7,,2,0,1,2,A01
202000024536,2,7,,0,2,8,11,A01
202000024536,2,33,,4,2,8,2,B01
202000024537,1,7,,0,2,1,2,A01
202000024537,1,7,,0,2,4,1,B01
202000024538,1,10,,0,2,3,1,B01
202000024538,2,10,,0,2,3,13,A01
202000024538,2,10,,0,2,3,1,C01
202000024539,3,7,,0,1,1,1,A01
202000024540,1,33,,0,2,7,11,B01
202000024540,1,7,,0,2,8,17,A01
202000024541,1,34,,10,2,2,17,B01
202000024541,1,7,,0,2,3,15,A01
202000024542,3,10,,8,0,8,14,A01
202000024542,0,7,,0,2,0,0,B01
202000024543,0,7,,0,2,3,10,A01
202000024543,0,33,,0,2,2,17,B01
202000024544,0,7,,0,2,8,9,A01
202000024544,0,7,,0,2,1,1,B01
202000024545,1,33,,5,0,7,1,A01
202000024546,2,13,,3,0,2,1,A01
202000024547,2,1,,0,2,1,1,B01
202000024547,2,7,,0,9,2,1,A01
202000024548,1,7,,2,0,1,1,A01
202000024549,2,33,,8,0,2,1,A01
202000024550,2,7,,0,2,1,1,B01
202000024550,1,7,,0,2,1,17,A01
202000024551,3,7,,0,2,3,1,B01
202000024551,3,7,,0,2,8,15,A01
202000024552,2,7,,0,0,2,1,A01
202000024553,2,10,,0,0,0,15,C01
202000024553,1,33,,0,2,1,21,A01
202000024553,2,7,,0,2,3,1,B01
202000024554,2,7,,0,1,3,1,A01
202000024555,1,7,,13,0,1,1,A01
202000024556,0,7,,0,1,1,1,A01
202000024557,2,7,,13,0,9,1,A01
202000024558,0,7,,0,0,1,1,A01
202000024558,0,7,,0,0,1,1,B01
202000024559,1,7,,0,2,4,2,C01
202000024559,1,7,,0,2,1,2,A01
202000024559,1,7,,0,2,4,2,B01
202000024560,2,17,,0,2,1,2,A01
202000024560,2,10,,0,2,4,2,B01
202000024560,2,7,,0,2,4,2,C01
202000024561,1,33,,0,2,1,3,A01
202000024561,1,7,,0,2,5,1,B01
202000024562,2,7,,0,2,4,1,B01
202000024562,2,7,,0,2,1,2,A01
202000024563,2,7,,0,2,1,1,A01
202000024563,2,7,,0,2,4,1,B01
202000024564,2,7,,0,2,7,1,B01
202000024564,2,7,,0,2,3,11,A01
202000024565,2,20,,0,1,4,4,A01
202000024566,2,7,,0,2,1,1,A01
202000024566,2,7,,0,2,4,1,B01
202000024567,2,7,,0,2,4,2,C01
202000024567,2,7,,0,2,2,12,Z01
202000024567,2,33,,0,2,4,1,B01
202000024568,1,7,,4,2,4,0,B01
202000024568,1,15,,0,2,1,0,A01
202000024569,1,33,,0,2,7,3,B01
202000024569,1,10,,0,2,8,11,A01
202000024570,2,33,,0,2,2,3,B01
202000024570,2,7,,0,2,3,11,A01
202000024571,2,34,,0,2,0,12,A01
202000024571,2,10,,0,2,3,2,C01
202000024571,2,7,,0,2,0,2,B01
202000024572,1,7,,0,2,4,2,B01
202000024572,1,7,,0,2,1,1,A01
202000024573,2,33,,0,0,9,1,A01
202000024574,2,33,,0,2,3,1,D01
202000024574,2,7,,0,2,5,2,C01
202000024574,2,43,,0,2,4,2,B01
202000024574,2,33,,0,2,1,2,A01
202000024575,1,7,,0,2,1,2,E01
202000024575,1,15,,0,2,1,2,A01
202000024575,1,7,,0,2,4,2,B01
202000024575,1,33,,0,2,1,2,C01
202000024575,1,33,,0,2,0,2,D01
202000024576,1,7,,0,2,5,1,B01
202000024576,1,33,,0,2,1,3,A01
202000024577,2,7,,0,2,5,2,A01
202000024577,2,15,,0,2,2,2,B01
202000024578,2,10,,0,2,6,2,B01
202000024578,2,33,,0,2,1,2,A01
202000024579,1,7,,0,2,4,2,B01
202000024579,1,7,,0,2,4,2,C01
202000024579,1,7,,0,2,1,2,A01
202000024580,3,7,,0,1,1,1,A01
202000024581,2,7,,0,1,3,15,A01
202000024582,2,7,,0,2,1,1,B01
202000024582,2,7,,0,2,5,4,A01
202000024583,1,7,,0,2,1,2,A01
202000024583,2,7,,0,2,4,23,B01
202000024584,2,1,,0,2,7,19,C01
202000024584,1,7,,0,2,1,16,B01
202000024584,1,7,,0,2,1,16,A01
202000024585,1,33,,-1,-1,-1,-1,A01
202000024586,1,33,,0,2,1,1,B01
202000024586,2,7,,0,2,2,1,A01
202000024587,1,31,,3,0,0,0,A01
202000024588,1,1,,0,1,1,1,A01
202000024589,2,7,,0,1,3,23,A01
202000024590,2,7,,0,2,3,13,A01
202000024590,1,7,,0,2,0,0,B01
202000024591,1,7,,0,2,1,19,B01
202000024591,1,31,,0,2,8,1,A01
202000024592,3,7,,0,1,1,1,A01
202000024593,0,7,,0,1,2,1,A01
202000024594,1,2,,6,0,1,1,A01
202000024595,3,1,,14,0,1,21,A01
202000024596,1,7,,0,2,2,13,A01
202000024596,1,33,,0,2,4,1,B01
202000024597,1,7,,0,1,1,1,A01
202000024598,2,33,,0,0,1,26,A01
202000024599,0,1,,0,2,0,1,B01
202000024599,0,7,,0,2,3,22,A01
202000024600,0,2,,0,2,1,1,A01
202000024600,0,30,,0,2,4,1,B01
202000024601,3,33,,0,2,1,1,A01
202000024601,3,7,,0,2,2,9,B01
202000024601,3,10,,0,2,1,23,C01
202000024602,2,7,,11,0,1,1,A01
202000024603,3,7,,0,1,1,1,A01
202000024604,2,7,,0,1,3,7,A01
202000024605,2,7,,0,2,2,19,A01
202000024605,1,7,,0,2,1,8,B01
202000024606,1,31,,0,2,1,1,B01
202000024606,3,7,,0,2,3,15,A01
202000024607,2,7,,0,1,3,15,A01
202000024608,2,50,,0,2,7,1,B01
202000024608,1,7,,0,2,5,4,A01
202000024609,2,7,,6,0,1,26,A01
202000024610,3,30,,14,0,2,14,A01
202000024611,2,33,,0,2,1,1,B01
202000024611,2,7,,0,2,3,19,A01
202000024612,3,7,,0,1,4,4,A01
202000024613,1,37,1.0,0,1,7,1,A01
202000024614,2,2,,0,2,2,17,B01
202000024614,2,7,,0,2,3,15,A01
202000024615,3,30,,0,2,2,15,A01
202000024615,3,7,,0,0,3,1,B01
202000024616,2,1,,0,2,7,5,B01
202000024616,2,7,,0,2,3,2,A01
202000024617,1,7,,0,2,5,15,B01
202000024617,1,7,,0,2,7,1,A01
202000024618,2,7,,0,2,5,2,B01
202000024618,2,34,,0,2,8,21,A01
202000024619,2,7,,0,2,3,1,B01
202000024619,2,7,,0,2,1,15,A01
202000024620,1,7,,0,2,4,23,B01
202000024620,1,7,,0,2,1,26,A01
202000024621,3,7,,0,1,3,15,A01
202000024622,0,10,,0,1,2,11,Z01
202000024623,1,32,,0,1,3,1,A01
202000024624,1,10,,0,2,5,1,B01
202000024624,3,30,,0,2,2,26,A01
202000024625,3,10,,0,2,8,1,A01
202000024625,-1,10,,0,2,1,1,B01
202000024626,1,10,,0,1,4,20,A01
202000024627,0,7,,0,2,1,19,A01
202000024627,2,7,,0,2,0,0,B01
202000024628,0,7,,0,2,5,0,B01
202000024628,0,7,,0,2,1,0,A01
202000024629,1,33,,0,2,3,1,B01
202000024629,1,7,,0,2,2,15,A01
202000024630,2,2,,1,0,2,17,B01
202000024630,2,7,,0,2,3,22,A01
202000024631,0,30,,0,1,3,9,A01
202000024632,2,30,,0,1,3,2,A01
202000024632,1,37,1.0,0,2,3,2,B01
202000024633,1,7,,0,2,1,1,A01
202000024633,1,7,,0,2,3,15,B01
202000024634,3,7,,0,1,2,2,A01
202000024635,1,50,,0,2,0,0,B01
202000024635,1,7,,0,9,2,9,A01
202000024636,2,32,,0,2,3,2,B01
202000024636,2,7,,0,2,3,15,A01
202000024637,1,7,,0,0,0,15,A01
202000024637,2,32,,0,0,0,1,B01
202000024638,1,7,,0,2,7,22,A01
202000024638,1,2,,1,0,1,18,B01
202000024639,2,21,,0,2,7,17,A01
202000024639,2,1,,15,2,8,2,B01
202000024640,0,32,,0,2,7,1,B01
202000024640,0,7,,0,2,2,9,A01
202000024641,3,7,,0,2,8,1,B01
202000024641,2,7,,0,2,8,1,A01
202000024642,1,17,,0,2,1,2,B01
202000024642,1,7,,0,0,6,23,A01
202000024643,2,7,,0,2,1,15,B01
202000024643,1,34,,0,2,1,1,A01
202000024644,1,7,,0,1,1,15,A01
202000024645,3,2,,0,2,1,1,B01
202000024645,3,7,,0,2,3,19,A01
202000024646,1,7,,2,0,9,0,A01
202000024647,2,7,,2,0,8,1,A01
202000024648,1,2,,0,2,1,1,B01
202000024648,1,7,,0,2,6,15,A01
202000024649,1,7,,0,2,3,1,B01
202000024649,2,7,,0,2,3,13,A01
202000024650,0,2,,0,2,1,15,A01
202000024650,0,3,,0,2,3,1,B01
202000024651,1,2,,0,2,1,2,A01
202000024651,2,7,,0,2,3,15,B01
202000024652,1,7,,0,2,3,1,B01
202000024652,2,7,,0,2,3,1,A01
202000024653,2,7,,0,1,6,1,A01
202000024654,3,7,,0,1,1,9,A01
202000024655,1,7,,3,0,1,13,A01
202000024656,2,7,,0,0,4,1,B01
202000024656,2,7,,4,2,1,21,A01
202000024657,1,7,,0,0,9,12,A01
202000024658,1,33,,0,2,7,17,A01
202000024658,1,7,,0,2,6,1,B01
202000024658,2,7,,0,0,8,1,C01
202000024658,2,7,,0,0,3,1,D01
202000024659,1,15,,0,2,3,1,B01
202000024659,2,7,,6,2,3,13,A01
202000024660,1,33,,0,2,0,0,A01
202000024661,2,7,,0,2,1,1,B01
202000024661,1,7,,0,2,1,9,A01
202000024662,2,33,,0,2,1,3,A01
202000024662,1,10,,0,2,1,1,C01
202000024662,2,7,,0,2,6,1,B01
202000024663,2,7,,17,0,1,14,A01
202000024664,0,7,,0,2,2,1,A01
202000024664,0,7,,0,2,3,15,B01
202000024665,1,7,,0,2,7,12,A01
202000024665,1,33,,0,2,8,1,B01
202000024666,2,7,,4,0,2,14,A01
202000024667,1,15,,0,2,1,2,A01
202000024667,1,15,,0,2,6,0,B01
202000024668,3,7,,5,0,1,2,A01
202000024669,1,7,,0,2,1,2,A01
202000024669,1,7,,0,0,0,0,B01
202000024670,3,7,,16,0,8,13,A01
202000024671,2,10,,0,2,7,12,A01
202000024671,2,10,,3,2,3,1,B01
202000024672,2,7,,4,0,3,19,A01
202000024673,1,7,,0,2,4,2,D01
202000024673,1,15,,0,2,1,2,C01
202000024673,1,7,,0,2,1,2,B01
202000024673,1,7,,0,2,1,2,A01
202000024674,1,7,,0,2,8,3,B01
202000024674,1,7,,0,2,6,1,A01
202000024674,1,7,,0,2,2,12,C01
202000024675,2,7,,0,2,1,2,A01
202000024675,2,7,,0,2,4,2,B01
202000024675,2,7,,0,2,4,2,C01
202000024676,3,33,,0,0,0,1,A01
202000024677,3,7,,0,2,3,2,A01
202000024677,1,2,,0,2,4,1,B01
202000024678,0,30,,0,0,0,0,A01
202000024678,3,7,,0,2,6,15,B01
202000024679,1,7,,0,2,5,16,B01
202000024679,1,31,,0,2,1,26,A01
202000024680,2,1,,0,2,1,25,B01
202000024680,1,7,,0,2,1,15,A01
202000024681,3,7,,0,2,5,1,B01
202000024681,3,30,,0,2,5,3,A01
202000024682,2,10,,1,0,1,14,A01
202000024682,2,7,,0,2,4,24,B01
202000024683,1,7,,0,5,6,2,B01
202000024683,2,33,,0,2,1,2,A01
202000024684,2,7,,0,2,1,1,C01
202000024684,2,3,,0,2,1,1,B01
202000024684,2,7,,0,2,4,1,A01
202000024685,3,7,,0,2,0,1,B01
202000024685,3,30,,0,2,0,21,A01
202000024686,0,10,,0,2,8,19,A01
202000024686,1,7,,0,2,1,15,B01
202000024687,1,7,,0,2,4,15,B01
202000024687,1,30,,0,2,1,1,A01
202000024688,1,7,,0,2,5,17,A01
202000024688,1,2,,0,2,1,1,B01
202000024689,1,1,,0,2,4,13,B01
202000024689,1,2,,0,2,1,2,A01
202000024690,3,1,,0,1,1,0,B01
202000024691,2,1,,1,0,1,2,B01
202000024691,2,7,,0,2,3,23,A01
202000024692,2,7,,0,1,1,1,A01
202000024693,2,7,,0,0,0,0,B01
202000024693,3,7,,0,0,1,0,A01
202000024694,3,7,,0,2,1,1,B01
202000024694,3,7,,0,2,5,19,A01
202000024695,2,7,,0,1,2,1,A01
202000024696,3,7,,0,2,1,0,A01
202000024696,3,50,,0,2,0,0,B01
202000024697,2,33,,0,2,1,21,B01
202000024697,1,7,,0,2,5,15,A01
202000024698,1,33,,0,2,1,1,A01
202000024699,1,31,,0,2,1,0,A01
202000024699,1,7,,14,0,2,15,B01
202000024700,1,7,,0,2,1,1,A01
202000024700,2,7,,0,2,1,13,B01
202000024701,1,7,,0,2,3,1,B01
202000024701,1,7,,0,2,1,13,A01
202000024702,1,30,,0,2,1,1,B01
202000024702,1,7,,0,2,8,10,A01
202000024703,1,7,,0,2,2,26,A01
202000024703,1,7,,0,2,6,26,B01
202000024704,0,30,,0,0,3,2,A01
202000024705,1,7,,0,2,4,1,B01
202000024705,1,7,,0,2,1,1,A01
202000024706,2,1,,0,2,8,17,A01
202000024707,3,7,,0,2,1,1,A01
202000024707,3,7,,0,2,8,0,B01
202000024708,1,7,,12,0,1,1,A01
202000024709,2,33,,0,0,9,1,A01
202000024710,1,7,,0,1,1,1,A01
202000024711,1,7,,0,2,4,1,C01
202000024711,1,7,,0,2,1,12,A01
202000024711,1,7,,0,2,9,1,B01
202000024712,3,30,,0,1,1,26,Z01
202000024713,2,30,,0,1,1,1,A01
202000024714,1,7,,0,2,1,0,C01
202000024714,1,31,,0,2,1,3,B01
202000024714,2,37,2.0,0,2,3,23,A01
202000024715,3,7,,0,1,1,20,A01
202000024716,3,7,,0,1,2,1,A01
202000024717,0,7,,0,2,0,0,B01
202000024717,3,31,,0,2,1,1,A01
202000024718,3,33,,0,2,7,21,B01
202000024718,3,7,,0,2,8,19,A01
202000024719,2,7,,0,2,3,15,B01
202000024719,2,33,,0,2,2,17,A01
202000024720,1,10,,0,2,2,2,A01
202000024720,1,10,,0,2,3,20,B01
202000024720,1,10,,8,0,0,0,D01
202000024720,1,10,,0,1,0,0,C01
202000024721,2,7,,8,0,1,1,A01
202000024722,0,31,,0,2,1,26,A01
202000024722,0,7,,0,2,5,26,B01
202000024723,1,7,,0,1,3,1,A01
202000024724,3,7,,6,0,0,26,A01
202000024725,2,7,,0,1,1,16,A01
202000024726,3,10,,0,2,2,1,A01
202000024726,3,7,,0,2,3,1,B01
202000024727,2,7,,0,2,6,24,B01
202000024727,2,7,,1,0,2,1,A01
202000024728,1,7,,0,2,1,2,A01
202000024728,1,7,,0,2,4,23,B01
202000024729,1,7,,0,1,1,16,A01
202000024730,2,7,,0,1,1,15,A01
202000024731,1,7,,0,2,1,1,A01
202000024731,1,2,,0,2,4,1,B01
202000024732,3,7,,0,2,3,1,B01
202000024732,3,2,,0,2,1,1,A01
202000024733,0,7,,1,1,7,1,A01
202000024734,2,7,,0,1,2,1,A01
202000024735,1,7,,0,2,4,23,A01
202000024735,2,7,,0,2,1,21,B01
202000024736,1,2,,2,0,1,14,A01
202000024737,1,7,,0,2,1,9,A01
202000024737,1,7,,0,2,1,1,B01
202000024738,0,50,,0,0,0,0,A01
202000024738,0,7,,0,2,1,15,B01
202000024739,0,7,,0,0,9,1,A01
202000024740,0,7,,0,1,3,15,A01
202000024741,2,1,,0,0,0,1,A01
202000024742,1,2,,0,2,8,9,B01
202000024742,1,14,,0,2,5,1,Z01
202000024743,2,7,,0,2,3,1,B01
202000024743,1,7,,0,2,1,13,A01
202000024744,2,7,,0,1,1,1,A01
202000024745,1,33,,0,2,1,2,B01
202000024745,1,7,,0,2,8,10,A01
202000024746,2,7,,0,2,-1,1,B01
202000024746,2,7,,0,2,3,9,A01
202000024747,2,7,,0,2,3,15,B01
202000024747,2,33,,0,2,2,17,A01
202000024748,2,10,,1,0,1,14,A01
202000024748,2,17,,1,2,4,24,B01
202000024749,3,7,,8,1,1,19,A01
202000024750,3,7,,0,2,1,1,B01
202000024750,3,7,,0,2,1,13,A01
202000024751,1,7,,0,2,1,13,B01
202000024751,2,17,,0,2,1,1,A01
202000024752,2,7,,0,2,0,0,B01
202000024752,1,7,,0,2,8,10,A01
202000024753,0,7,,0,2,1,1,A01
202000024753,0,7,,0,2,1,1,B01
202000024754,2,7,,0,2,1,13,A01
202000024754,1,7,,0,2,1,1,B01
202000024755,1,7,,0,2,5,15,A01
202000024755,2,1,,0,2,1,1,B01
202000024756,1,7,,0,2,6,1,B01
202000024756,1,7,,0,2,2,17,A01
202000024757,0,7,,0,1,1,1,A01
202000024758,0,7,,1,2,6,24,B01
202000024758,0,7,,1,1,1,15,A01
202000024759,3,7,,0,1,1,1,A01
202000024760,3,7,,0,1,1,1,A01
202000024761,1,2,,0,2,3,1,B01
202000024762,1,7,,0,2,1,1,A01
202000024762,2,1,,0,2,8,26,B01
202000024763,1,33,,0,2,7,19,A01
202000024763,1,7,,0,2,1,1,B01
202000024764,3,7,,0,1,0,1,A01
202000024765,1,7,,0,2,2,15,A01
202000024765,1,7,,0,2,1,1,B01
202000024766,3,10,,0,2,2,1,A01
202000024766,3,2,,0,2,1,1,B01
202000024767,1,7,,1,0,3,13,A01
202000024768,2,1,,0,2,0,0,B01
202000024768,1,2,,0,2,0,0,A01
202000024769,1,7,,0,2,1,2,A01
202000024769,1,7,,0,2,4,2,B01
202000024770,1,7,,0,2,3,9,B01
202000024770,1,32,,0,2,1,1,A01
202000024771,1,33,,0,2,1,17,B01
202000024771,1,7,,0,2,3,15,A01
202000024772,2,7,,0,2,6,1,C01
202000024772,2,7,,0,2,1,17,A01
202000024772,1,7,,0,2,1,1,B01
202000024773,1,7,,0,2,4,23,B01
202000024773,1,30,,0,2,1,2,A01
202000024774,1,7,,0,2,1,16,A01
202000024774,2,7,,0,2,1,1,B01
202000024775,1,7,,0,2,3,15,A01
202000024775,2,30,,0,2,1,17,B01
202000024775,2,30,,0,2,0,1,C01
202000024776,1,1,,0,2,1,1,B01
202000024776,1,7,,0,2,2,16,A01
202000024777,1,7,,0,2,2,10,A01
202000024777,1,7,,0,2,8,1,B01
202000024778,1,33,,0,2,8,0,B01
202000024778,1,7,,0,2,3,6,A01
202000024779,1,33,,0,2,6,13,A01
202000024779,2,7,,0,2,3,1,B01
202000024780,3,30,,0,0,8,15,A01
202000024781,2,30,,0,0,8,1,A01
202000024782,1,30,,0,2,1,1,A01
202000024782,1,30,,0,2,4,1,B01
202000024783,1,33,,0,0,8,1,A01
202000024784,0,10,,0,2,1,2,A01
202000024784,0,7,,0,2,4,2,B01
202000024785,2,33,,0,2,7,1,B01
202000024785,1,7,,0,2,2,15,A01
202000024786,1,7,,0,2,1,1,B01
202000024786,0,1,,0,2,1,1,A01
202000024787,0,10,,0,2,2,1,B01
202000024787,0,7,,1,2,9,20,A01
202000024788,1,7,,0,1,7,1,A01
202000024789,1,2,,0,2,1,15,B01
202000024789,1,7,,0,2,2,1,A01
202000024790,2,2,,0,0,0,0,A01
202000024791,1,7,,0,2,1,1,A01
202000024791,3,7,,0,2,6,1,B01
202000024792,0,7,,0,2,3,1,B01
202000024792,0,7,,0,2,3,13,A01
202000024793,3,7,,0,1,3,19,A01
202000024794,2,33,,0,2,2,1,A01
202000024794,1,7,,0,2,3,1,C01
202000024794,2,7,,0,2,3,20,B01
202000024795,1,33,,0,2,7,17,A01
202000024795,1,7,,0,2,8,15,B01
202000024796,2,10,,0,1,1,15,A01
202000024797,2,3,,0,1,8,1,A01
202000024798,0,7,,0,2,7,19,A01
202000024798,0,30,,0,2,1,1,B01
202000024799,1,7,,0,1,1,1,A01
202000024800,3,99,,0,2,4,9,B01
202000024800,3,7,,0,9,1,9,A01
202000024801,3,10,,0,1,1,1,A01
202000024802,2,1,,0,2,0,1,B01
202000024802,2,7,,0,2,1,19,A01
202000024803,1,7,,0,2,4,2,B01
202000024803,1,7,,0,2,1,2,A01
202000024804,1,7,,0,1,1,16,A01
202000024805,1,7,,0,2,1,1,A01
202000024805,3,30,,0,2,8,19,B01
202000024806,1,33,,6,0,8,13,A01
202000024807,1,7,,0,1,1,26,A01
202000024808,2,7,,0,1,2,2,A01
202000024809,3,7,,0,2,1,19,B01
202000024809,3,32,,0,2,8,18,A01
202000024810,2,1,,0,2,8,13,B01
202000024810,2,7,,0,2,2,17,A01
202000024811,3,7,,0,2,2,1,A01
202000024811,3,7,,0,2,3,1,B01
202000024812,2,7,,0,2,2,2,A01
202000024812,2,34,,0,2,4,2,B01
202000024813,3,7,,0,2,8,1,C01
202000024813,3,7,,0,2,5,15,B01
202000024813,3,10,,0,2,1,1,A01
202000024814,2,7,,0,2,7,15,A01
202000024814,1,1,,0,2,1,1,B01
202000024815,2,7,,0,2,4,15,B01
202000024815,2,33,,0,2,1,2,A01
202000024816,2,7,,0,0,0,1,A01
202000024817,3,1,,2,0,1,13,A01
202000024818,2,7,,13,2,1,3,A01
202000024818,1,7,,0,2,1,1,B01
202000024819,3,1,,0,2,1,15,A01
202000024819,3,7,,0,2,2,1,B01
202000024820,1,33,,0,2,1,21,A01
202000024820,2,7,,0,2,3,1,B01
202000024821,2,13,,0,2,4,1,B01
202000024821,2,2,,0,2,1,1,A01
202000024822,1,7,,6,0,1,1,A01
202000024823,3,1,,0,0,0,1,A01
202000024824,2,7,,4,0,1,12,A01