Num_Acc,senc,catv,occutc,obs,obsm,choc,manv,num_veh
202000024825,2,15,,0,2,1,2,A01
202000024825,2,33,,0,2,4,2,B01
202000024826,2,7,,1,0,1,2,A01
202000024826,2,10,,3,1,4,23,B01
202000024827,2,7,,0,0,3,1,B01
202000024827,1,7,,0,0,2,9,A01
202000024828,1,1,,0,2,1,19,B01
202000024828,1,7,,0,0,2,16,A01
202000024829,1,7,,0,2,1,1,B01
202000024829,0,7,,0,2,8,1,A01
202000024830,3,7,,0,2,3,15,A01
202000024830,3,34,,0,0,7,1,B01
202000024831,3,7,,7,0,1,1,A01
202000024832,1,7,,0,2,3,1,B01
202000024832,1,1,,0,2,1,1,A01
202000024833,2,7,,0,2,1,13,A01
202000024833,1,10,,0,2,1,1,B01
202000024834,1,7,,0,2,1,1,B01
202000024834,2,7,,0,2,1,13,A01
202000024835,3,7,,2,0,3,13,A01
202000024836,2,33,,0,0,0,1,A01
202000024837,1,7,,0,0,2,10,A01
202000024837,2,33,,0,2,1,2,B01
202000024838,3,7,,0,1,5,4,A01
202000024839,1,7,,0,1,1,1,A01
202000024840,2,7,,0,0,0,1,C01
202000024840,1,1,,0,2,8,1,B01
202000024840,2,33,,0,2,1,17,A01
202000024841,2,33,,7,2,1,5,A01
202000024841,2,7,,0,2,3,15,B01
202000024842,3,7,,0,1,7,1,A01
202000024843,2,7,,2,0,9,1,A01
202000024844,2,21,,0,2,3,15,B01
202000024844,2,33,,0,2,1,17,A01
202000024845,3,7,,0,2,3,15,A01
202000024845,3,33,,0,2,3,16,B01
202000024846,1,10,,0,2,1,1,D01
202000024846,1,10,,0,2,4,23,C01
202000024846,1,7,,0,2,4,23,B01
202000024846,1,7,,0,2,4,23,A01
202000024847,1,7,,12,0,1,1,A01
202000024848,1,7,,0,2,4,2,B01
202000024848,1,7,,0,2,1,2,C01
202000024848,1,7,,0,2,4,1,A01
202000024849,1,10,,0,2,7,14,A01
202000024849,1,31,,0,2,3,14,B01
202000024849,1,7,,0,2,8,1,C01
202000024850,2,7,,0,2,1,1,A01
202000024850,2,7,,0,2,4,23,B01
202000024850,2,7,,0,2,4,23,C01
202000024851,1,7,,0,2,1,1,A01
202000024851,1,7,,0,2,4,1,B01
202000024852,2,7,,0,2,2,12,A01
202000024852,2,33,,0,2,8,3,B01
202000024853,2,7,,0,2,3,9,A01
202000024853,2,17,,0,2,2,1,B01
202000024854,2,7,,0,2,4,1,C01
202000024854,2,7,,0,2,4,1,B01
202000024854,2,7,,0,2,1,2,A01
202000024855,1,33,,0,2,3,1,B01
202000024855,1,10,,0,2,2,12,A01
202000024856,2,7,,0,2,5,1,B01
202000024856,2,33,,0,2,1,3,A01
202000024857,1,33,,0,2,3,21,B01
202000024857,1,7,,0,2,5,12,A01
202000024858,2,7,,0,2,3,2,A01
202000024858,2,7,,0,2,5,2,B01
202000024859,1,7,,0,0,0,0,B01
202000024859,1,33,,0,2,3,11,A01
202000024860,1,10,,0,2,8,11,B01
202000024860,1,33,,0,2,4,1,C01
202000024860,1,34,,0,2,7,3,Z01
202000024861,1,14,,0,2,1,2,A01
202000024861,1,7,,0,2,4,2,B01
202000024861,1,7,,0,2,4,2,C01
202000024862,1,7,,0,2,6,2,B01
202000024862,1,33,,0,2,1,2,A01
202000024863,2,7,,0,0,9,13,A01
202000024864,1,43,,0,2,1,2,C01
202000024864,1,7,,0,2,4,2,B01
202000024864,1,7,,0,2,4,2,A01
202000024865,2,7,,16,0,9,16,A01
202000024866,1,7,,0,2,3,11,A01
202000024866,1,33,,0,2,7,3,B01
202000024867,2,7,,0,2,7,12,A01
202000024867,2,33,,0,2,3,18,B01
202000024868,2,7,,0,2,1,1,A01
202000024868,2,7,,0,2,4,1,D01
202000024868,2,7,,0,2,4,1,C01
202000024868,2,10,,0,2,1,1,B01
202000024869,2,33,,0,0,8,21,A01
202000024870,3,7,,0,1,1,26,A01
202000024871,3,7,,0,2,1,1,A01
202000024871,3,7,,0,2,2,1,B01
202000024872,1,2,,0,1,1,1,A01
202000024873,2,50,,0,0,0,0,A01
202000024874,2,40,,0,1,1,1,A01
202000024875,2,7,,0,2,4,1,B01
202000024875,2,7,,0,2,4,1,C01
202000024875,2,7,,0,2,1,9,A01
202000024876,2,33,,0,2,4,26,Z01
202000024876,2,7,,0,2,1,1,B01
202000024876,2,7,,0,2,4,26,A01
202000024877,1,33,,0,2,1,1,B01
202000024877,1,7,,0,2,6,12,A01
202000024878,1,7,,0,1,1,19,A01
202000024879,2,7,,9,0,1,1,A01
202000024880,1,33,,5,0,7,1,A01
202000024881,0,7,,0,1,3,15,A01
202000024882,0,7,,0,2,3,15,A01
202000024882,0,7,,0,2,3,0,B01
202000024883,1,7,,0,2,2,15,A01
202000024883,2,1,,0,2,7,1,B01
202000024884,2,7,,0,2,8,10,A01
202000024884,1,10,,0,2,1,1,B01
202000024885,1,7,,0,1,1,1,A01
202000024886,0,7,,0,2,1,1,B01
202000024886,0,7,,0,2,1,1,A01
202000024887,0,7,,0,1,3,1,A01
202000024888,0,7,,0,2,1,1,A01
202000024888,0,7,,0,2,4,1,B01
202000024888,0,7,,0,2,4,1,C01
202000024889,1,2,,0,2,4,1,A01
202000024889,3,7,,0,2,1,1,B01
202000024890,0,7,,0,1,2,1,A01
202000024891,0,10,,0,2,2,1,B01
202000024891,0,7,,0,2,1,16,A01
202000024892,2,30,,0,2,1,0,A01
202000024892,2,7,,0,2,3,0,B01
202000024893,3,2,,0,2,8,1,A01
202000024894,3,50,,0,2,7,15,B01
202000024894,3,10,,0,9,3,9,A01
202000024895,2,7,,0,2,8,2,B01
202000024895,2,33,,12,2,7,17,A01
202000024896,1,10,,0,2,3,15,B01
202000024896,1,7,,0,2,3,1,A01
202000024897,1,50,,0,2,1,5,B01
202000024897,1,7,,0,2,1,1,A01
202000024898,1,7,,0,2,1,9,A01
202000024898,1,30,,0,2,1,1,B01
202000024899,1,33,,0,2,1,1,B01
202000024899,1,10,,0,2,5,1,A01
202000024900,2,7,,3,0,1,1,A01
202000024901,1,7,,0,2,2,15,A01
202000024901,1,2,,0,2,1,1,B01
202000024902,2,7,,0,2,5,1,B01
202000024902,2,30,,0,2,1,9,A01
202000024903,2,7,,0,2,4,23,B01
202000024903,2,7,,0,2,4,23,C01
202000024903,2,7,,0,2,1,2,A01
202000024904,1,7,,0,2,4,2,B01
202000024904,1,33,,0,2,1,2,A01
202000024905,2,33,,16,0,8,1,A01
202000024906,1,7,,0,2,1,2,A01
202000024906,1,33,,0,2,4,1,B01
202000024907,2,7,,0,2,1,15,A01
202000024907,1,2,,0,2,1,1,B01
202000024908,3,7,,0,1,1,1,A01
202000024909,1,7,,0,2,0,0,A01
202000024909,3,34,,0,2,0,0,B01
202000024910,1,7,,0,1,1,2,A01
202000024911,0,2,,0,2,1,1,B01
202000024911,0,1,,0,2,1,19,A01
202000024912,3,7,,6,0,1,26,A01
202000024913,1,37,1.0,0,2,1,9,A01
202000024913,1,31,,0,2,4,0,B01
202000024914,1,33,,0,0,8,19,A01
202000024915,3,10,,0,2,3,1,A01
202000024915,3,30,,0,2,4,1,B01
202000024916,3,33,,0,2,8,0,B01
202000024916,3,7,,0,2,2,15,A01
202000024917,3,33,,0,2,2,1,B01
202000024917,2,7,,0,2,8,9,A01
202000024918,3,7,,0,2,1,2,A01
202000024918,3,7,,0,2,4,1,B01
202000024919,2,32,,0,2,1,26,A01
202000024919,3,1,,0,2,0,0,B01
202000024920,2,40,,0,2,2,1,B01
202000024920,3,1,,0,4,2,19,A01
202000024921,2,1,,0,2,1,1,B01
202000024921,2,7,,0,2,1,19,A01
202000024922,2,7,,0,1,2,15,A01
202000024923,1,7,,0,1,1,9,A01
202000024924,1,30,,0,1,1,14,A01
202000024925,2,2,,0,2,1,1,B01
202000024925,2,7,,0,2,1,16,A01
202000024926,2,2,,0,2,1,1,B01
202000024926,1,7,,0,2,2,15,A01
202000024927,0,1,,0,2,1,1,B01
202000024927,0,7,,0,2,2,16,A01
202000024928,0,7,,0,1,2,1,A01
202000024929,1,7,,0,2,4,1,B01
202000024929,1,33,,0,2,1,1,A01
202000024930,2,1,,0,2,1,1,B01
202000024930,2,7,,0,2,6,10,A01
202000024931,0,7,,0,1,2,9,A01
202000024932,1,7,,0,1,1,9,A01
202000024933,1,7,,0,9,1,15,A01
202000024933,1,1,,0,2,0,0,B01
202000024934,1,30,,0,0,0,15,A01
202000024935,3,7,,0,2,3,2,A01
202000024935,3,1,,0,2,7,19,B01
202000024936,0,1,,0,2,1,1,C01
202000024936,0,1,,0,2,1,1,B01
202000024936,3,7,,0,0,2,15,A01
202000024937,1,20,,0,2,3,15,B01
202000024937,1,31,,0,2,8,17,A01
202000024938,2,7,,13,2,1,1,B01
202000024938,1,7,,0,2,2,15,A01
202000024939,3,7,,1,0,1,1,A01
202000024940,1,7,,1,0,1,14,A01
202000024941,1,7,,0,1,3,26,A01
202000024942,0,7,,0,2,1,1,B01
202000024942,1,7,,0,2,5,1,A01
202000024943,3,99,,0,2,1,21,B01
202000024944,2,1,,0,2,3,1,B01
202000024944,1,7,,0,2,2,15,A01
202000024945,0,7,,2,0,1,1,A01
202000024946,1,10,,0,2,4,1,B01
202000024946,1,7,,0,2,1,2,A01
202000024947,1,32,,0,2,2,0,B01
202000024947,1,7,,0,2,3,9,A01
202000024948,2,7,,0,1,2,1,A01
202000024949,2,10,,0,1,2,1,A01
202000024950,1,33,,0,2,7,3,B01
202000024950,1,7,,0,2,3,11,A01
202000024951,2,33,,0,0,1,3,A01
202000024952,1,7,,0,2,5,12,A01
202000024952,1,31,,0,2,8,3,B01
202000024953,2,7,,0,2,2,12,A01
202000024953,2,31,,0,2,3,3,B01
202000024954,2,7,,0,1,2,1,A01
202000024955,1,1,,0,1,1,1,A01
202000024956,1,1,,0,2,3,18,B01
202000024956,1,7,,0,2,5,22,A01
202000024957,1,30,,0,1,2,16,A01
202000024958,1,7,,0,2,2,14,A01
202000024958,1,80,,0,2,3,1,B01
202000024959,1,32,,0,2,3,7,A01
202000024959,1,7,,0,2,2,16,B01
202000024960,2,7,,0,2,5,15,B01
202000024960,1,1,,0,2,1,8,A01
202000024961,1,7,,0,1,2,7,A01
202000024962,1,7,,0,2,3,15,A01
202000024962,2,1,,0,2,1,1,B01
202000024963,2,7,,0,2,3,22,A01
202000024963,2,1,,0,2,1,1,B01
202000024964,2,7,,0,2,5,15,A01
202000024964,1,1,,0,2,1,1,B01
202000024965,2,7,,0,2,1,1,A01
202000024965,2,1,,0,2,1,1,B01
202000024966,2,7,,0,2,0,14,A01
202000024966,2,1,,0,2,0,1,B01
202000024967,1,32,,0,2,3,1,B01
202000024967,1,7,,0,2,1,1,A01
202000024968,2,37,1.0,0,2,2,7,B01
202000024968,1,7,,9,1,1,8,A01
202000024969,3,50,,0,2,1,1,B01
202000024969,3,7,,0,9,3,1,A01
202000024970,1,7,,0,1,1,0,A01
202000024971,1,7,,0,2,2,16,A01
202000024971,1,1,,0,2,3,16,B01
202000024972,2,33,,1,2,3,21,B01
202000024972,2,30,,0,2,7,1,C01
202000024972,2,7,,0,2,0,24,A01
202000024973,2,10,,0,2,3,17,A01
202000024973,2,10,,0,2,3,15,B01
202000024974,1,33,,16,0,1,17,B01
202000024974,1,33,,16,0,1,17,A01
202000024975,1,7,,0,2,3,15,B01
202000024975,2,1,,0,2,1,1,A01
202000024976,2,14,,0,1,2,1,A01
202000024977,2,30,,1,0,8,0,B01
202000024977,2,7,,1,0,2,26,A01
202000024978,-1,33,,0,2,3,16,B01
202000024978,-1,7,,0,2,3,15,A01
202000024979,1,7,,0,1,2,16,A01
202000024980,0,33,,0,0,0,0,B01
202000024980,3,10,,0,2,1,2,A01
202000024981,2,32,,0,2,1,1,B01
202000024981,1,7,,0,2,7,15,A01
202000024982,1,7,,1,2,0,1,A01
202000024982,2,60,,0,2,0,0,B01
202000024983,1,7,,0,2,5,16,B01
202000024983,1,2,,0,2,1,19,A01
202000024984,2,10,,0,2,8,13,B01
202000024984,2,34,,0,2,7,1,A01
202000024985,2,10,,8,0,1,1,C01
202000024985,2,32,,14,0,1,1,B01
202000024985,2,14,,15,0,1,16,A01
202000024986,1,34,,0,9,2,13,B01
202000024986,1,1,,0,2,8,19,A01
202000024987,2,37,4.0,1,2,3,1,B01
202000024987,1,7,,1,2,3,13,A01
202000024988,1,7,,1,1,1,1,A01
202000024989,1,1,,0,0,0,0,A01
202000024990,0,7,,0,2,2,1,A01
202000024990,0,1,,0,2,4,16,B01
202000024991,1,7,,2,0,1,1,A01
202000024992,1,7,,0,2,3,1,A01
202000024992,2,17,,0,2,3,1,B01
202000024993,1,33,,0,2,2,1,A01
202000024993,2,7,,0,0,5,15,B01
202000024994,2,2,,13,0,4,14,A01
202000024995,1,7,,13,0,1,12,A01
202000024996,2,7,,7,2,2,17,A01
202000024996,2,7,,0,2,6,15,B01
202000024997,2,7,,0,2,3,13,A01
202000024997,1,7,,0,2,3,0,B01
202000024998,3,2,,11,0,7,1,A01
202000024999,1,7,,0,2,1,26,A01
202000024999,1,13,,0,0,4,0,B01
202000025000,0,33,,0,2,3,1,A01
202000025000,0,7,,0,2,2,1,B01
202000025001,0,7,,1,0,3,15,A01
202000025001,1,50,,0,2,1,5,B01
202000025002,0,10,,0,2,1,1,GA01
202000025002,1,2,,0,2,7,19,B01
202000025003,1,30,,0,2,1,1,A01
202000025003,1,7,,0,2,4,23,B01
202000025004,1,33,,0,2,1,1,A01
202000025004,2,7,,0,2,4,15,B01
202000025005,1,41,,14,0,7,13,A01
202000025006,1,1,,0,0,0,1,A01
202000025007,1,7,,0,1,2,1,A01
202000025008,2,7,,0,0,9,0,A01
202000025009,3,33,,0,2,1,1,B01
202000025009,3,7,,0,0,3,19,A01
202000025010,2,7,,9,0,8,1,A01
202000025011,2,7,,0,0,9,0,A01
202000025012,1,7,,0,2,1,1,B01
202000025012,1,7,,0,0,4,1,C01
202000025012,1,7,,4,0,4,1,A01
202000025012,1,7,,0,2,1,1,E01
202000025012,1,7,,0,2,1,1,D01
202000025013,1,7,,0,2,1,0,A01
202000025013,2,7,,6,2,1,0,B01
202000025014,1,7,,0,2,3,1,C01
202000025014,2,7,,0,2,1,1,B01
202000025014,1,7,,0,2,1,17,A01
202000025015,2,33,,0,0,7,17,A01
202000025015,2,7,,0,0,8,17,B01
202000025016,2,31,,0,2,3,2,B01
202000025016,2,7,,0,2,7,19,A01
202000025017,1,7,,0,0,1,2,A01
202000025018,1,7,,0,0,8,15,A01
202000025018,1,33,,0,2,9,17,B01
202000025019,3,7,,0,1,1,1,A01
202000025020,1,7,,0,2,5,24,A01
202000025020,2,7,,1,0,1,1,B01
202000025021,1,7,,13,0,2,1,A01
202000025022,2,1,,0,1,1,1,A01
202000025023,2,7,,0,2,3,1,B01
202000025023,1,7,,0,2,3,5,A01
202000025024,1,7,,13,0,2,1,A01
202000025025,2,7,,0,2,1,17,A01
202000025025,1,7,,0,2,1,1,B01
202000025026,0,2,,17,0,1,26,A01
202000025027,1,7,,6,0,3,1,A01
202000025028,2,7,,0,0,3,1,A01
202000025028,1,7,,0,0,3,1,B01
202000025028,2,7,,0,9,1,1,C01
202000025029,1,31,,0,6,1,1,A01
202000025030,1,7,,0,0,4,23,B01
202000025030,1,2,,0,2,1,1,A01
202000025031,1,7,,0,9,2,2,A01
202000025031,1,1,,13,0,4,2,B01
202000025032,1,7,,2,0,1,0,A01
202000025033,2,7,,0,2,1,1,A01
202000025033,2,33,,0,2,4,1,B01
202000025034,1,7,,0,0,6,26,A01
202000025034,1,2,,0,2,2,21,B01
202000025035,0,31,,0,2,1,1,A01
202000025035,0,7,,0,2,8,1,B01
202000025036,1,33,,2,0,1,1,A01
202000025037,1,33,,0,2,1,1,A01
202000025037,3,13,,0,2,7,15,B01
202000025038,0,7,,0,2,3,5,A01
202000025038,0,7,,0,2,8,1,B01
202000025039,3,7,,13,0,2,1,A01
202000025040,1,7,,7,0,1,1,A01
202000025041,1,2,,0,2,1,1,A01
202000025041,2,7,,0,2,5,15,B01
202000025042,2,7,,2,0,1,1,A01
202000025043,1,7,,2,0,1,13,A01
202000025044,1,7,,8,0,1,1,A01
202000025045,2,7,,13,0,2,14,A01
202000025046,1,7,,0,1,3,1,A01
202000025047,1,7,,0,2,2,15,A01
202000025047,2,33,,0,2,2,1,B01
202000025048,2,7,,0,1,8,1,A01
202000025049,1,7,,0,0,5,16,A01
202000025049,1,1,,0,2,1,1,B01
202000025050,2,7,,0,2,6,17,A01
202000025050,1,7,,0,2,1,1,B01
202000025051,2,13,,0,2,3,2,B01
202000025051,1,7,,0,2,1,11,A01
202000025052,1,7,,0,1,7,1,A01
202000025053,1,7,,13,0,0,17,A01
202000025054,2,7,,0,2,2,17,A01
202000025054,2,7,,0,0,6,1,B01
202000025055,1,17,,0,0,6,1,B01
202000025055,1,7,,0,2,2,1,A01
202000025056,1,15,,0,1,2,2,A01
202000025057,1,33,,0,2,4,16,B01
202000025057,1,7,,0,2,2,1,A01
202000025058,1,2,,0,2,0,1,A01
202000025058,1,7,,0,2,2,17,B01
202000025059,1,2,,0,0,0,1,A01
202000025060,1,7,,0,2,1,1,A01
202000025060,2,7,,0,2,3,1,B01
202000025060,2,7,,0,2,1,1,C01
202000025061,1,33,,0,2,8,13,B01
202000025061,2,7,,0,2,8,1,A01
202000025062,2,7,,0,2,5,14,C01
202000025062,2,33,,0,2,1,2,A01
202000025062,2,7,,0,2,1,2,B01
202000025063,1,7,,6,0,1,1,A01
202000025064,2,7,,6,0,1,1,B01
202000025064,0,10,,0,0,0,1,A01
202000025065,2,1,,5,9,2,0,A01
202000025066,2,1,,0,2,1,1,C01
202000025066,2,1,,0,2,1,1,B01
202000025066,1,7,,0,2,2,14,A01
202000025067,2,7,,0,2,3,15,A01
202000025067,2,2,,0,2,2,17,B01
202000025068,1,7,,15,0,1,1,A01
202000025069,3,7,,2,0,2,1,A01
202000025070,1,33,,3,0,8,0,A01
202000025071,1,7,,0,0,2,1,A01
202000025072,1,2,,0,2,3,1,A01
202000025072,2,1,,0,2,3,1,B01
202000025073,1,7,,0,2,2,1,B01
202000025073,2,7,,0,2,2,13,A01
202000025074,2,7,,0,2,5,15,A01
202000025074,2,31,,0,2,1,-1,B01
202000025075,3,7,,0,1,1,15,A01
202000025076,1,7,,0,2,6,1,B01
202000025076,1,7,,0,2,2,1,A01
202000025077,2,10,,0,2,1,2,D01
202000025077,2,7,,0,2,4,23,C01
202000025077,2,7,,0,2,4,23,B01
202000025077,2,7,,0,2,4,23,A01
202000025078,2,7,,0,2,1,2,A01
202000025078,2,7,,0,2,4,1,B01
202000025079,1,33,,0,2,1,3,B01
202000025079,1,7,,0,2,7,1,C01
202000025079,1,10,,0,2,6,11,A01
202000025080,2,7,,5,0,1,2,A01
202000025081,1,7,,0,2,1,1,A01
202000025081,1,32,,0,2,4,2,B01
202000025082,1,7,,0,2,1,1,A01
202000025082,1,7,,0,2,2,0,B01
202000025083,1,31,,0,0,8,0,A01
202000025084,1,7,,12,0,1,26,A01
202000025085,1,30,,0,9,0,1,A01
202000025085,3,1,,0,2,8,0,B01
202000025086,1,33,,0,2,7,1,B01
202000025086,1,7,,0,2,8,11,A01
202000025087,1,7,,0,2,1,2,A01
202000025087,1,7,,0,0,4,2,B01
202000025088,1,7,,0,2,0,1,B01
202000025088,1,7,,0,2,2,15,A01
202000025089,1,7,,0,2,5,15,C01
202000025089,1,10,,0,2,4,1,B01
202000025089,1,7,,0,2,1,1,A01
202000025090,2,7,,8,0,1,14,A01
202000025091,1,32,,0,2,8,1,A01
202000025091,3,7,,0,2,8,1,B01
202000025092,1,1,,0,2,1,18,Y01
202000025092,1,7,,0,1,5,16,A01
202000025093,2,30,,12,2,1,2,A01
202000025094,2,7,,1,0,3,1,A01
202000025094,2,7,,0,2,6,24,B01
202000025095,3,34,,0,2,1,1,B01
202000025095,3,7,,0,2,3,9,A01
202000025096,3,7,,0,2,0,0,B01
202000025096,3,7,,0,0,0,0,A01
202000025097,1,7,,1,1,7,17,A01
202000025098,1,33,,0,2,1,1,B01
202000025098,2,7,,0,2,1,15,A01
202000025099,3,7,,0,2,1,9,A01
202000025099,3,2,,0,2,1,2,B01
202000025100,3,1,,0,2,1,19,A01
202000025100,3,7,,0,2,0,0,B01
202000025101,2,7,,0,1,2,1,A01
202000025102,1,7,,2,0,2,14,A01
202000025103,1,31,,0,2,1,2,A01
202000025103,1,7,,0,2,4,1,B01
202000025104,2,2,,0,2,4,15,B01
202000025104,1,7,,0,2,0,9,A01
202000025105,1,7,,0,2,0,1,Z01
202000025105,2,1,,0,2,6,15,B01
202000025106,1,2,,0,2,3,1,B01
202000025106,1,7,,0,9,7,16,A01
202000025107,2,7,,0,2,3,13,A01
202000025107,1,33,,0,2,3,0,B01
202000025108,0,7,,0,2,1,1,A01
202000025108,0,7,,0,2,8,1,B01
202000025109,1,31,,0,2,1,1,A01
202000025109,2,7,,6,2,2,15,B01
202000025110,0,2,,0,2,7,9,A01
202000025110,0,7,,0,2,8,1,B01
202000025111,3,50,,1,0,7,1,B01
202000025111,2,7,,0,2,8,24,A01
202000025112,2,7,,0,2,3,1,B01
202000025112,1,7,,0,2,1,15,A01
202000025113,0,33,,0,2,1,1,B01
202000025113,0,7,,0,2,1,15,A01
202000025114,2,7,,0,2,3,16,A01
202000025114,2,7,,0,2,2,1,B01
202000025115,1,32,,0,2,1,1,B01
202000025115,1,3,,0,2,4,23,A01
202000025116,2,31,,0,2,1,26,B01
202000025116,1,7,,0,2,2,15,A01
202000025117,1,7,,14,0,1,13,B01
202000025117,1,38,1.0,0,2,2,21,C01
202000025117,1,7,,14,0,4,23,A01
202000025118,1,7,,0,2,8,2,A01
202000025118,1,31,,0,2,0,2,B01
202000025119,1,7,,0,1,2,16,A01
202000025120,1,7,,0,2,4,2,C01
202000025120,1,7,,0,2,4,2,D01
202000025120,1,7,,0,2,2,2,A01
202000025120,1,2,,0,2,4,2,B01
202000025121,1,1,,0,2,3,11,A01
202000025121,1,7,,0,2,0,0,B01
202000025122,3,7,,0,1,4,4,A01
202000025123,1,7,,6,0,3,13,A01
202000025124,1,33,,0,2,1,1,A01
202000025124,1,7,,0,2,4,1,B01
202000025125,2,3,,0,2,4,2,B01
202000025125,2,7,,0,2,1,2,A01
202000025126,3,7,,0,2,3,19,B01
202000025126,1,7,,0,2,2,1,A01
202000025127,3,7,,0,2,2,15,A01
202000025127,3,33,,0,2,2,1,B01
202000025128,3,7,,0,2,3,1,B01
202000025128,3,7,,0,2,1,9,A01
202000025129,2,7,,0,9,3,1,A01
202000025129,1,1,,0,2,1,11,B01
202000025130,1,7,,1,0,1,13,A01
202000025130,2,7,,1,2,3,26,B01
202000025131,1,33,,7,0,1,1,A01
202000025132,0,7,,14,0,1,26,A01
202000025133,2,7,,0,2,1,1,B01
202000025133,2,7,,0,2,8,10,A01
202000025134,3,20,,0,1,1,19,A01
202000025135,1,10,,6,0,1,13,A01
202000025136,2,10,,0,1,3,15,A01
202000025137,1,7,,2,0,2,14,A01
202000025138,2,33,,0,2,1,1,B01
202000025138,1,7,,0,2,2,15,A01
202000025139,1,7,,0,1,1,15,A01
202000025140,1,7,,3,2,1,14,A01
202000025141,2,1,,0,2,4,1,B01
202000025141,2,7,,0,2,1,14,A01
202000025142,2,7,,0,2,0,15,A01
202000025142,1,33,,16,2,0,1,B01
202000025143,2,7,,0,2,2,19,A01
202000025143,1,2,,0,2,8,1,B01
202000025144,1,10,,2,0,9,13,A01
202000025145,1,10,,0,1,1,17,A01
202000025146,1,7,,0,2,4,2,C01
202000025146,1,7,,0,2,1,2,A01
202000025146,1,7,,0,2,4,2,B01
202000025147,3,2,,7,0,1,11,A01
202000025148,2,7,,0,1,2,26,A01
202000025149,1,7,,8,0,1,14,A01
202000025149,2,7,,0,9,1,1,B01
202000025150,1,7,,2,0,1,0,A01
202000025151,1,7,,15,0,2,0,A01
202000025152,2,21,,0,2,3,15,B01
202000025152,2,33,,0,2,2,17,A01
202000025153,1,3,,0,0,6,15,B01
202000025153,1,33,,0,2,1,1,A01
202000025154,1,33,,0,0,8,1,A01
202000025155,0,7,,0,1,1,9,A01
202000025156,1,7,,0,0,3,20,B01
202000025156,1,33,,1,2,1,17,A01
202000025157,3,7,,0,2,1,2,A01
202000025157,3,7,,0,2,4,1,B01
202000025158,2,7,,0,2,1,1,C01
202000025158,0,7,,0,2,3,1,B01
202000025158,1,7,,0,2,1,13,A01
202000025159,1,7,,0,2,1,2,B01
202000025159,1,1,,0,2,4,1,A01
202000025160,1,7,,0,2,3,16,B01
202000025160,2,7,,6,2,3,15,A01
202000025161,2,31,,0,2,1,1,A01
202000025161,2,10,,0,0,4,1,B01
202000025162,2,7,,1,2,1,0,D01
202000025162,2,7,,0,2,1,2,A01
202000025162,1,7,,1,2,1,0,C01
202000025163,2,10,,0,0,2,1,C01
202000025163,1,7,,0,2,5,16,B01
202000025163,1,7,,0,2,3,2,A01
202000025164,2,7,,0,4,1,1,A01
202000025164,1,1,,0,2,7,19,B01
202000025165,0,7,,0,2,1,2,A01
202000025165,0,33,,0,2,4,2,B01
202000025165,0,7,,0,2,4,2,C01
202000025166,3,7,,0,0,8,1,A01
202000025167,0,7,,0,1,1,1,Z01
202000025168,0,43,,0,1,4,1,A01
202000025169,2,1,,0,2,1,2,B01
202000025169,2,7,,0,9,5,2,A01
202000025170,2,7,,0,2,3,13,A01
202000025170,1,7,,0,2,9,1,B01
202000025171,2,7,,1,0,8,13,A01
202000025172,1,7,,0,9,3,15,A01
202000025172,1,1,,0,2,8,1,B01
202000025173,1,10,,13,0,2,0,A01
202000025174,2,10,,0,1,3,1,A01
202000025175,3,7,,-1,1,1,1,C01
202000025176,3,7,,0,1,2,1,A01
202000025177,0,1,,0,2,7,15,B01
202000025177,3,7,,0,2,3,26,A01
202000025178,1,32,,0,2,8,1,B01
202000025178,1,10,,0,2,1,10,A01
202000025179,1,32,,8,0,2,14,A01
202000025180,1,43,,0,2,8,15,A01
202000025180,1,7,,0,2,2,17,Z01
202000025181,1,7,,0,2,1,1,A01
202000025181,1,14,,0,2,4,23,B01
202000025182,3,33,,0,0,8,1,A01
202000025183,1,1,,0,2,8,19,A01
202000025183,1,7,,0,2,1,0,Z01
202000025184,1,10,,0,1,7,17,A01
202000025185,3,1,,0,0,0,1,A01
202000025186,2,7,,0,0,0,0,Z01
202000025186,2,7,,0,2,7,2,A01
202000025186,2,7,,0,2,8,1,B01
202000025187,1,7,,0,1,2,16,A01
202000025188,1,30,,0,1,1,16,Z01
202000025189,1,33,,0,0,0,1,A01
202000025190,3,2,,0,0,0,26,A01
202000025191,2,1,,0,2,1,1,A01
202000025191,2,30,,0,2,1,1,Z01
202000025192,2,7,,0,1,1,1,A01
202000025193,1,7,,15,0,3,14,A01
202000025194,1,50,,0,0,0,25,A01
202000025195,2,7,,0,2,3,1,B01
202000025195,1,7,,0,2,1,1,A01
202000025196,1,7,,0,2,2,15,A01
202000025196,2,31,,0,2,1,1,B01
202000025197,1,7,,0,0,6,26,B01
202000025197,1,7,,0,0,1,26,A01
202000025198,2,7,,0,2,1,9,A01
202000025198,1,1,,0,2,7,1,B01
202000025199,1,3,,2,9,1,2,A01
202000025200,2,30,,0,9,1,1,A01
202000025200,2,1,,0,2,4,14,B01
202000025201,2,7,,0,2,4,1,B01
202000025201,2,7,,0,2,1,1,A01
202000025202,1,1,,0,2,7,5,B01
202000025202,1,7,,0,9,2,1,A01
202000025203,1,7,,0,2,1,1,B01
202000025203,2,15,,5,2,1,21,A01