Num_Acc,senc,catv,occutc,obs,obsm,choc,manv,num_veh
202000025203,1,7,,0,0,0,26,Z01
202000025204,1,7,,8,0,3,13,A01
202000025205,2,7,,14,0,2,14,A01
202000025206,0,7,,0,2,3,1,B01
202000025206,0,7,,0,2,1,15,A01
202000025207,1,7,,9,0,1,17,A01
202000025208,2,7,,0,1,2,16,A01
202000025209,2,1,,0,2,1,1,B01
202000025209,2,7,,0,2,2,16,A01
202000025210,1,7,,0,2,7,17,A01
202000025210,1,1,,0,2,8,2,B01
202000025211,3,7,,0,9,3,1,A01
202000025211,0,1,,0,2,1,5,B01
202000025212,1,7,,0,2,5,1,B01
202000025212,1,30,,0,2,1,1,A01
202000025213,1,7,,0,2,2,15,A01
202000025213,2,7,,0,2,3,1,B01
202000025214,1,7,,0,1,2,1,A01
202000025215,2,7,,0,2,2,1,B01
202000025215,3,7,,0,2,1,26,A01
202000025216,3,7,,13,0,3,1,A01
202000025217,2,7,,8,0,2,1,A01
202000025218,0,7,,0,1,0,26,A01
202000025219,2,7,,0,2,3,1,A01
202000025219,1,33,,0,2,1,1,B01
202000025220,2,7,,0,1,1,21,B01
202000025220,2,7,,3,0,1,1,A01
202000025221,0,7,,0,2,2,1,A01
202000025221,2,2,,0,2,1,1,B01
202000025222,0,7,,0,2,1,15,B01
202000025222,1,7,,0,2,1,1,A01
202000025223,1,7,,13,0,9,1,A01
202000025224,1,33,,0,2,1,17,A01
202000025224,2,7,,0,2,3,15,B01
202000025225,2,7,,0,2,2,21,B01
202000025225,2,7,,0,2,3,10,A01
202000025226,2,33,,2,0,1,1,B01
202000025226,1,10,,0,2,1,1,C01
202000025226,2,33,,0,2,1,13,A01
202000025227,0,7,,0,2,3,19,B01
202000025227,1,30,,0,2,1,26,A01
202000025228,1,33,,0,2,1,1,A01
202000025228,1,7,,0,0,4,15,B01
202000025229,2,10,,0,2,3,1,B01
202000025229,1,1,,0,2,1,5,A01
202000025230,2,33,,6,0,9,15,A01
202000025231,1,33,,12,0,8,1,B01
202000025231,1,10,,0,0,1,19,A01
202000025232,2,7,,6,2,3,17,A01
202000025232,1,7,,6,2,2,16,B01
202000025233,1,7,,2,0,2,13,A01
202000025234,2,2,,0,2,1,1,B01
202000025234,1,7,,0,2,1,15,A01
202000025235,2,2,,0,2,1,1,B01
202000025235,1,7,,0,2,2,13,A01
202000025236,2,10,,0,1,2,1,A01
202000025237,3,7,,0,2,3,13,A01
202000025237,3,7,,0,2,3,1,B01
202000025238,2,7,,0,2,5,1,C01
202000025238,2,1,,13,0,4,1,A01
202000025238,2,1,,0,0,0,1,B01
202000025239,1,7,,0,2,7,15,A01
202000025239,2,2,,0,2,5,1,B01
202000025240,3,7,,0,2,2,1,B01
202000025240,3,7,,0,2,7,1,A01
202000025241,1,7,,3,0,7,13,A01
202000025242,2,33,,0,2,1,1,B01
202000025242,2,7,,0,2,7,9,A01
202000025243,3,36,,0,0,0,1,A01
202000025244,1,7,,2,0,0,1,A01
202000025245,2,7,,0,2,2,1,B01
202000025245,1,31,,0,1,1,1,A01
202000025246,2,7,,0,2,1,1,B01
202000025246,1,7,,0,2,2,19,A01
202000025247,2,10,,0,2,1,1,B01
202000025247,2,7,,0,2,1,1,A01
202000025248,1,50,,0,2,2,1,A01
202000025248,1,7,,0,2,5,14,Z01
202000025249,2,7,,0,2,1,17,A01
202000025249,2,35,,0,0,4,15,B01
202000025250,2,10,,0,2,3,13,A01
202000025250,1,32,,0,2,6,1,B01
202000025251,2,7,,8,0,1,1,A01
202000025252,2,43,,0,2,1,1,B01
202000025252,2,30,,0,2,8,10,A01
202000025253,1,7,,2,0,1,14,A01
202000025254,1,10,,0,2,2,16,A01
202000025254,2,1,,0,2,1,1,B01
202000025255,3,1,,0,1,0,25,Z01
202000025256,1,43,,0,1,1,1,A01
202000025257,1,7,,2,0,1,0,A01
202000025258,1,7,,0,2,3,1,A01
202000025258,2,2,,0,2,3,1,B01
202000025259,1,43,,0,1,1,17,A01
202000025260,1,43,,0,2,1,1,A01
202000025260,1,33,,0,2,3,20,B01
202000025261,3,1,,0,1,1,1,A01
202000025262,3,1,,0,0,1,1,A01
202000025263,2,7,,0,0,9,21,A01
202000025264,1,33,,0,2,1,1,B01
202000025264,1,7,,0,2,4,15,A01
202000025265,2,15,,0,0,4,1,B01
202000025265,2,7,,0,2,1,0,A01
202000025266,1,7,,0,0,1,17,B01
202000025266,2,7,,0,0,8,15,A01
202000025267,3,7,,0,2,7,1,A01
202000025267,3,1,,0,2,0,0,B01
202000025268,1,10,,8,0,2,1,A01
202000025269,3,2,,0,2,9,9,B01
202000025269,1,7,,0,2,2,1,A01
202000025270,2,7,,0,2,4,2,A01
202000025270,2,2,,0,2,1,2,B01
202000025271,3,37,3.0,12,2,3,1,B01
202000025271,3,15,,0,2,2,1,A01
202000025272,2,7,,0,2,3,15,A01
202000025272,1,33,,0,2,8,1,B01
202000025273,1,7,,0,9,7,10,A01
202000025273,1,1,,0,2,1,1,B01
202000025274,3,32,,0,2,1,11,A01
202000025274,3,7,,0,2,3,1,B01
202000025275,2,7,,3,0,2,21,A01
202000025276,3,7,,2,0,1,1,A01
202000025277,0,7,,0,1,1,16,A01
202000025278,1,10,,0,2,4,1,D01
202000025278,1,10,,0,2,9,1,C01
202000025278,1,10,,0,2,9,1,B01
202000025278,1,7,,0,2,1,1,A01
202000025279,2,13,,0,1,1,26,A01
202000025280,1,7,,0,2,3,1,A01
202000025280,2,32,,0,2,1,15,B01
202000025281,2,31,,0,2,1,1,A01
202000025281,2,10,,0,2,6,12,B01
202000025282,2,10,,0,2,0,2,A01
202000025282,2,10,,0,2,4,1,B01
202000025283,3,7,,4,0,1,0,A01
202000025283,1,7,,4,0,6,15,B01
202000025284,0,7,,0,2,3,26,A01
202000025284,0,33,,0,2,1,1,B01
202000025285,2,7,,0,2,4,1,B01
202000025285,2,7,,0,2,1,1,A01
202000025286,1,15,,3,0,9,1,A01
202000025287,1,10,,0,0,5,15,B01
202000025287,2,2,,0,2,7,1,A01
202000025288,1,1,,0,2,1,11,B01
202000025288,1,14,,0,2,1,1,A01
202000025289,3,7,,2,0,1,1,A01
202000025290,1,33,,3,0,7,15,A01
202000025291,1,7,,6,2,1,21,B01
202000025291,2,7,,0,2,8,15,A01
202000025292,1,7,,0,2,3,9,A01
202000025292,2,80,,0,2,2,1,B01
202000025293,2,7,,0,2,1,13,A01
202000025293,1,7,,0,2,3,0,B01
202000025294,1,31,,3,0,1,2,A01
202000025295,3,7,,0,0,6,1,B01
202000025295,3,1,,15,2,0,5,A01
202000025296,1,15,,0,2,3,1,B01
202000025296,2,7,,0,2,3,13,A01
202000025297,3,7,,6,0,1,0,A01
202000025298,2,7,,0,6,1,1,A01
202000025299,3,7,,0,2,3,15,A01
202000025299,3,30,,0,2,1,1,B01
202000025300,1,7,,0,0,5,1,C01
202000025300,1,7,,0,2,4,1,B01
202000025300,1,7,,0,2,1,1,A01
202000025301,2,7,,4,0,1,1,A01
202000025302,1,7,,0,2,3,1,B01
202000025302,2,7,,0,2,3,1,A01
202000025303,1,31,,0,0,0,2,A01
202000025304,1,7,,0,0,2,15,A01
202000025304,1,33,,0,2,1,1,B01
202000025305,1,7,,0,2,3,1,A01
202000025305,1,33,,0,2,2,1,B01
202000025306,1,7,,0,2,2,17,B01
202000025306,1,7,,4,0,6,1,A01
202000025307,1,31,,0,2,7,26,A01
202000025307,1,2,,0,2,7,26,B01
202000025308,3,7,,0,0,6,15,A01
202000025308,3,2,,0,2,2,2,B01
202000025309,1,7,,0,2,3,1,B01
202000025309,2,7,,0,2,3,5,A01
202000025310,1,7,,0,2,1,16,A01
202000025310,1,1,,0,2,4,16,B01
202000025311,0,7,,15,0,3,0,A01
202000025312,0,7,,0,0,4,0,B01
202000025312,1,7,,0,2,1,26,A01
202000025313,2,3,,0,0,4,15,B01
202000025313,2,7,,0,2,1,1,A01
202000025314,2,7,,0,1,1,26,A01
202000025315,1,7,,0,2,4,1,A01
202000025315,1,7,,0,2,6,1,B01
202000025315,1,7,,4,2,1,0,C01
202000025316,1,7,,0,2,8,19,A01
202000025316,2,33,,0,2,1,1,B01
202000025317,1,7,,0,2,4,2,A01
202000025317,1,10,,0,2,1,2,Z01
202000025318,1,10,,0,2,1,11,A01
202000025318,1,7,,0,2,6,1,B01
202000025318,1,7,,0,2,8,2,C01
202000025318,1,7,,0,2,5,1,D01
202000025319,2,7,,0,2,1,2,A01
202000025319,2,7,,0,2,4,2,B01
202000025320,2,1,,0,2,4,1,B01
202000025320,2,7,,0,2,1,14,A01
202000025321,3,30,,0,1,1,26,B01
202000025322,1,7,,0,1,7,9,A01
202000025323,-1,31,,0,2,2,9,A01
202000025323,1,7,,0,2,6,1,B01
202000025324,1,7,,0,1,4,4,A01
202000025325,3,7,,0,2,1,13,A01
202000025325,3,7,,0,2,2,1,B01
202000025326,2,2,,0,2,2,17,A01
202000025326,2,10,,0,2,3,15,B01
202000025327,2,50,,1,2,1,1,B01
202000025327,2,7,,1,9,3,1,A01
202000025328,3,7,,0,2,1,26,A01
202000025328,3,2,,14,2,7,26,B01
202000025329,1,10,,0,1,0,1,A01
202000025330,3,7,,0,2,8,15,A01
202000025330,3,31,,0,2,1,26,B01
202000025331,1,7,,0,2,1,1,B01
202000025331,2,7,,0,2,4,1,A01
202000025332,1,7,,0,2,7,14,B01
202000025332,1,30,,0,2,8,3,A01
202000025333,2,37,1.0,0,1,7,9,A01
202000025334,1,50,,0,2,1,26,A01
202000025334,1,7,,0,2,3,1,B01
202000025335,2,7,,0,9,8,24,A01
202000025335,2,1,,1,9,1,1,B01
202000025336,2,50,,0,1,1,18,A01
202000025337,3,33,,0,2,1,17,A01
202000025337,3,7,,0,2,3,15,B01
202000025338,1,7,,4,0,9,14,A01
202000025339,0,7,,0,2,1,1,B01
202000025339,0,7,,0,2,7,1,A01
202000025340,1,7,,0,2,0,0,B01
202000025340,1,32,,14,2,7,12,A01
202000025341,0,1,,0,2,1,1,B01
202000025341,0,7,,0,2,6,9,A01
202000025342,1,32,,1,0,6,0,A01
202000025343,1,14,,0,1,3,1,A01
202000025344,1,7,,0,2,1,13,B01
202000025344,1,7,,0,2,1,21,A01
202000025345,1,7,,0,2,8,9,A01
202000025345,1,80,,0,2,1,1,B01
202000025346,1,7,,0,2,6,15,A01
202000025346,1,2,,0,2,7,1,B01
202000025347,1,7,,6,0,2,26,A01
202000025348,3,2,,0,2,1,17,A01
202000025348,3,7,,0,2,3,15,B01
202000025349,1,1,,0,2,1,19,A01
202000025349,2,7,,0,2,2,1,B01
202000025350,0,7,,0,1,8,26,A01
202000025351,1,31,,0,2,1,0,B01
202000025351,1,7,,0,2,1,0,A01
202000025352,1,7,,0,1,1,1,A01
202000025353,1,7,,8,0,7,14,A01
202000025354,1,2,,0,2,1,17,B01
202000025354,1,10,,0,2,3,10,A01
202000025355,1,7,,0,2,3,15,A01
202000025355,2,2,,0,2,1,1,B01
202000025356,1,1,,0,2,6,2,B01
202000025356,1,7,,0,2,3,13,A01
202000025357,1,7,,0,1,1,17,A01
202000025358,1,7,,0,2,3,1,B01
202000025358,2,7,,0,2,3,15,A01
202000025359,2,7,,0,2,2,1,B01
202000025359,1,30,,0,2,1,1,A01
202000025360,1,99,,0,1,6,16,A01
202000025361,1,7,,0,1,1,1,A01
202000025362,1,7,,0,2,1,1,A01
202000025362,1,7,,0,2,4,1,B01
202000025363,1,7,,0,2,3,20,A01
202000025363,1,2,,0,2,1,1,B01
202000025364,1,7,,0,2,2,1,A01
202000025364,1,7,,0,2,3,1,B01
202000025365,3,7,,0,2,6,1,C01
202000025365,3,7,,0,2,1,1,B01
202000025365,3,7,,0,2,1,13,A01
202000025366,1,10,,0,1,3,1,A01
202000025367,1,7,,0,1,2,1,A01
202000025368,2,50,,0,2,4,19,A01
202000025368,2,7,,0,2,7,1,B01
202000025369,3,30,,0,2,3,9,A01
202000025369,3,7,,0,2,3,1,B01
202000025370,0,1,,0,2,0,0,B01
202000025370,0,7,,0,2,7,16,A01
202000025371,3,7,,0,0,0,16,B01
202000025371,3,30,,0,2,0,16,A01
202000025372,2,33,,12,0,8,13,A01
202000025373,1,1,,1,0,1,14,A01
202000025374,1,33,,0,2,1,1,B01
202000025374,1,7,,0,2,2,26,A01
202000025375,1,7,,0,2,1,0,B01
202000025375,1,3,,0,2,1,5,A01
202000025376,1,7,,0,1,7,1,A01
202000025377,1,7,,0,9,3,26,B01
202000025377,2,1,,0,2,1,5,A01
202000025378,3,1,,0,2,7,1,B01
202000025378,2,7,,0,2,2,9,A01
202000025379,1,10,,0,2,4,1,B01
202000025379,1,10,,0,2,1,2,A01
202000025380,0,7,,0,2,2,2,A01
202000025380,0,2,,0,2,4,1,B01
202000025381,1,7,,0,1,1,1,A01
202000025382,3,7,,0,2,4,2,B01
202000025382,3,7,,0,2,1,1,A01
202000025383,3,1,,0,2,1,1,B01
202000025383,3,7,,0,2,1,16,A01
202000025384,0,7,,0,1,1,9,A01
202000025385,3,1,,0,2,1,1,B01
202000025385,3,31,,0,2,1,1,A01
202000025386,3,7,,0,2,1,1,B01
202000025386,3,1,,0,2,1,2,A01
202000025387,1,7,,0,2,0,0,B01
202000025387,1,7,,0,2,0,1,A01
202000025388,1,7,,0,1,1,1,A01
202000025389,3,1,,0,2,3,15,B01
202000025389,3,7,,0,2,2,17,A01
202000025390,2,34,,6,0,1,2,A01
202000025391,0,33,,0,2,8,15,B01
202000025391,0,7,,0,2,2,1,A01
202000025392,3,0,,0,1,0,0,Z01
202000025393,3,7,,0,2,2,17,A01
202000025393,3,30,,0,2,3,11,B01
202000025394,2,33,,0,1,1,8,A01
202000025395,1,7,,0,1,1,1,A01
202000025396,3,7,,0,2,4,23,B01
202000025396,3,7,,0,2,1,1,A01
202000025397,2,7,,0,2,1,1,A01
202000025397,2,7,,0,2,6,9,B01
202000025398,0,7,,0,2,2,26,A01
202000025398,0,7,,0,2,1,26,B01
202000025399,2,7,,1,0,9,14,A01
202000025400,3,1,,0,2,8,1,B01
202000025400,0,7,,0,9,0,15,A01
202000025401,1,7,,0,2,1,1,B01
202000025401,2,7,,0,2,2,15,A01
202000025402,2,31,,0,2,3,1,B01
202000025402,1,7,,0,2,0,1,A01
202000025403,1,2,,0,2,1,15,B01
202000025403,1,7,,0,2,3,2,A01
202000025404,2,7,,1,1,2,14,A01
202000025405,3,2,,0,2,1,1,B01
202000025405,3,7,,0,2,1,1,A01
202000025406,2,32,,0,2,1,2,A01
202000025406,2,10,,0,2,4,2,B01
202000025407,3,1,,0,4,1,1,B01
202000025407,3,40,,0,2,1,1,A01
202000025408,2,33,,0,2,2,1,A01
202000025408,2,7,,0,2,6,11,B01
202000025409,0,1,,0,2,9,1,B01
202000025409,0,10,,0,2,1,9,A01
202000025410,3,7,,2,0,3,13,A01
202000025411,1,37,1.0,0,2,7,15,A01
202000025411,1,33,,0,2,1,1,B01
202000025412,2,7,,0,1,8,16,A01
202000025413,2,30,,0,1,1,5,A01
202000025414,1,33,,0,2,1,23,B01
202000025414,1,10,,0,2,6,4,A01
202000025415,0,7,,0,1,1,1,A01
202000025416,1,7,,0,2,1,1,B01
202000025416,1,7,,0,2,4,13,A01
202000025417,1,7,,14,1,7,1,A01
202000025417,1,7,,0,2,8,22,B01
202000025418,3,30,,0,2,1,1,B01
202000025418,3,10,,0,2,3,5,A01
202000025419,1,30,,0,1,8,17,A01
202000025420,0,7,,0,2,1,1,B01
202000025420,0,7,,0,2,1,5,A01
202000025421,3,7,,3,1,1,1,A01
202000025422,1,10,,0,2,1,1,B01
202000025422,1,10,,0,2,8,7,A01
202000025423,1,1,,0,2,1,5,A01
202000025423,1,7,,0,2,3,15,B01
202000025424,2,32,,0,1,1,1,Z01
202000025425,1,99,,1,2,3,13,B01
202000025425,1,99,,0,2,1,20,A01
202000025426,1,7,,13,0,1,13,A01
202000025427,2,37,0.0,0,2,0,18,Z01
202000025427,2,50,,0,2,7,1,A01
202000025428,2,1,,0,2,1,1,B01
202000025428,1,7,,0,2,6,1,A01
202000025429,1,7,,0,2,8,15,B01
202000025429,1,33,,0,2,1,17,A01
202000025430,1,30,,0,2,1,2,A01
202000025430,1,7,,0,2,6,2,B01
202000025431,1,33,,0,0,4,23,B01
202000025431,1,7,,0,2,1,1,A01
202000025432,2,1,,0,2,8,7,A01
202000025432,2,7,,0,2,7,16,Z01
202000025433,3,7,,0,2,1,9,A01
202000025433,3,1,,0,2,4,16,B01
202000025434,2,43,,0,0,8,1,A01
202000025435,2,7,,0,2,3,13,A01
202000025435,1,7,,0,2,3,1,B01
202000025436,2,33,,4,0,7,13,A01
202000025437,1,7,,0,1,1,1,A01
202000025438,1,7,,0,2,3,10,A01
202000025438,1,32,,0,2,1,1,B01
202000025439,2,7,,0,2,3,22,A01
202000025439,2,1,,0,2,2,1,B01
202000025440,1,1,,14,0,7,12,A01
202000025441,1,1,,0,2,6,2,B01
202000025441,1,7,,0,2,2,14,A01
202000025442,1,32,,0,2,7,21,A01
202000025443,1,7,,0,2,3,1,A01
202000025443,2,80,,0,2,3,1,B01
202000025444,1,7,,0,1,1,1,A01
202000025445,2,7,,13,0,2,1,A01
202000025446,1,7,,0,1,3,1,A01
202000025447,3,33,,6,0,3,13,A01
202000025448,1,7,,0,2,7,13,A01
202000025448,2,7,,0,2,1,1,B01
202000025449,2,30,,0,1,1,1,A01
202000025450,2,1,,0,2,1,1,B01
202000025450,3,7,,0,2,8,9,A01
202000025451,1,7,,0,0,9,21,A01
202000025452,1,50,,0,2,1,7,B01
202000025452,1,10,,0,2,8,22,A01
202000025453,1,7,,0,2,3,1,B01
202000025453,2,7,,0,2,2,9,A01
202000025454,3,2,,0,2,1,9,B01
202000025454,0,7,,0,2,6,0,A01
202000025455,2,10,,0,2,3,16,B01
202000025455,2,1,,0,2,2,1,A01
202000025456,0,7,,0,1,1,17,A01
202000025457,2,7,,0,2,1,13,A01
202000025457,1,14,,0,2,3,1,B01
202000025458,2,1,,0,0,0,1,A01
202000025459,3,7,,0,2,3,9,A01
202000025459,3,30,,0,2,1,2,B01
202000025460,1,3,,0,2,1,0,B01
202000025460,1,3,,0,2,4,0,A01
202000025461,1,7,,0,2,7,16,A01
202000025461,1,50,,0,2,0,1,B01
202000025462,1,10,,0,9,2,16,A01
202000025462,1,1,,0,2,1,21,B01
202000025463,3,7,,0,1,4,4,A01
202000025464,3,7,,0,2,3,15,A01
202000025464,3,33,,0,2,1,17,B01
202000025465,1,7,,8,0,1,0,A01
202000025466,2,7,,0,2,8,1,A01
202000025466,2,7,,8,2,1,2,B01
202000025467,2,7,,3,0,1,1,A01
202000025468,1,7,,0,0,6,1,B01
202000025468,0,7,,0,2,1,1,A01
202000025469,1,10,,0,2,1,9,A01
202000025469,1,7,,0,2,4,0,B01
202000025469,1,7,,0,2,4,0,C01
202000025470,2,7,,3,2,0,11,A01
202000025470,2,7,,0,2,6,1,B01
202000025471,1,30,,0,0,8,26,A01
202000025472,2,33,,2,0,0,1,A01
202000025473,2,7,,3,0,1,2,A01
202000025474,1,7,,0,2,6,13,A01
202000025474,1,2,,2,2,2,17,B01
202000025475,1,7,,0,1,3,1,A01
202000025476,2,7,,13,0,0,1,A01
202000025477,3,1,,1,2,1,15,A01
202000025477,1,37,2.0,0,2,1,1,B01
202000025478,2,7,,8,0,0,2,A01
202000025479,2,32,,0,2,1,1,A01
202000025479,2,7,,0,2,3,15,B01
202000025480,3,2,,6,0,1,13,A01
202000025481,0,7,,1,1,3,14,A01
202000025481,3,7,,0,1,5,24,B01
202000025482,1,33,,1,2,7,1,A01
202000025482,2,7,,12,0,3,23,B01
202000025483,3,7,,0,2,2,1,A01
202000025483,3,32,,0,2,8,1,B01
202000025484,2,7,,9,0,0,0,A01
202000025485,2,7,,0,2,1,2,A01
202000025485,1,1,,0,2,1,2,B01
202000025486,-1,7,,0,1,1,23,A01
202000025487,1,7,,0,2,1,17,A01
202000025487,2,7,,0,2,1,1,B01
202000025488,2,7,,0,2,8,13,A01
202000025488,1,7,,0,2,1,1,B01
202000025489,1,7,,0,1,6,4,A01
202000025490,3,7,,0,1,1,21,A01
202000025491,1,10,,9,2,1,1,A01
202000025491,-1,7,,0,2,1,1,B01
202000025492,1,7,,0,1,3,1,A01
202000025493,1,7,,0,2,3,1,C01
202000025493,1,7,,3,2,2,21,B01
202000025493,2,7,,0,2,9,13,A01
202000025494,3,7,,0,1,1,16,A01
202000025495,1,7,,0,2,1,13,A01
202000025495,2,7,,0,2,1,1,B01
202000025496,1,37,2.0,0,0,0,26,A01
202000025497,0,33,,0,2,1,1,B01
202000025497,0,10,,0,2,1,15,A01
202000025498,1,33,,0,2,2,26,A01
202000025498,1,32,,0,0,0,0,Z01
202000025499,3,7,,0,2,1,1,B01
202000025499,3,1,,0,2,8,19,A01
202000025500,2,7,,0,2,2,15,A01
202000025500,1,33,,0,2,1,1,B01
202000025501,2,31,,0,0,8,1,A01
202000025502,3,15,,0,0,6,23,B01
202000025502,3,7,,1,0,8,17,A01
202000025503,1,10,,0,2,2,15,B01
202000025503,2,31,,0,2,2,1,A01
202000025504,1,7,,0,2,4,1,A01
202000025504,1,7,,0,2,4,1,B01
202000025504,1,7,,0,2,1,1,C01
202000025505,2,7,,2,0,7,1,A01
202000025506,1,1,,0,2,8,15,B01
202000025506,1,3,,0,2,0,0,Z01
202000025507,2,7,,4,0,1,1,A01
202000025508,1,30,,0,2,1,2,A01
202000025508,1,7,,0,2,4,2,B01
202000025509,1,10,,0,2,1,2,D01
202000025509,1,10,,0,2,3,2,C01
202000025509,1,7,,0,2,4,2,B01
202000025509,1,7,,0,2,4,2,A01
202000025510,1,33,,8,0,1,14,A01
202000025511,0,1,,0,0,1,0,A01
202000025512,1,7,,3,0,1,0,A01
202000025513,2,10,,4,0,3,0,A01
202000025514,2,7,,2,0,7,0,A01
202000025515,2,20,,0,1,5,1,A01
202000025516,1,7,,0,2,4,1,A01
202000025516,1,7,,0,2,1,1,Z01
202000025517,2,33,,6,0,3,16,A01
202000025518,1,32,,9,0,5,16,A01
202000025518,1,7,,0,0,0,0,B01
202000025519,2,7,,0,1,1,13,A01
202000025520,3,7,,0,2,1,1,B01
202000025520,3,33,,0,2,1,1,A01
202000025521,2,7,,0,2,1,21,A01
202000025521,2,7,,0,2,5,2,B01
202000025521,2,7,,0,2,8,1,C01
202000025522,2,2,,0,0,1,1,A01
202000025523,2,7,,2,0,0,1,A01
202000025524,2,7,,0,2,4,1,B01
202000025524,2,7,,0,2,1,11,A01
202000025525,3,7,,0,1,3,1,A01
202000025526,1,7,,0,2,1,1,A01
202000025527,2,7,,4,0,0,26,A01
202000025528,1,7,,4,0,3,1,A01
202000025529,0,7,,0,1,1,1,A01
202000025530,2,7,,0,0,4,23,A01
202000025530,2,7,,0,2,1,2,B01
202000025531,2,7,,7,0,7,1,A01
202000025532,1,7,,6,0,7,1,A01
202000025533,1,7,,4,0,0,0,A01
202000025533,1,7,,4,0,0,0,B01
202000025534,2,3,,13,0,2,2,A01
202000025535,2,7,,0,2,1,1,B01
202000025535,1,7,,0,2,1,15,A01
202000025536,3,7,,0,2,4,1,B01
202000025536,2,7,,0,2,1,1,A01
202000025537,1,33,,13,0,7,1,A01
202000025538,0,7,,13,0,9,1,A01
202000025539,0,7,,0,2,1,1,A01
202000025539,0,2,,0,0,7,17,B01
202000025540,1,10,,0,2,1,1,B01
202000025540,2,7,,0,2,1,15,A01
202000025541,1,7,,0,1,3,1,A01
202000025542,1,7,,4,0,3,1,A01
202000025543,2,7,,0,2,3,9,A01
202000025543,2,7,,0,2,2,1,B01
202000025544,2,7,,13,0,2,14,A01
202000025545,1,7,,0,0,9,14,A01
202000025546,1,7,,0,2,1,1,A01
202000025546,1,7,,0,2,4,1,B01
202000025547,2,7,,12,2,2,19,B01
202000025547,1,7,,14,2,1,1,A01
202000025548,1,7,,0,2,0,0,E01
202000025548,1,7,,0,2,0,2,D01
202000025548,1,7,,0,2,6,2,B01
202000025548,1,7,,0,2,1,1,A01
202000025548,1,7,,0,2,0,2,C01
202000025549,1,7,,2,0,1,0,A01
202000025550,1,7,,0,2,4,26,A01
202000025550,1,7,,0,2,1,26,B01
202000025551,0,7,,13,0,1,1,A01
202000025552,1,33,,0,5,1,1,A01
202000025553,1,7,,0,1,3,1,A01
202000025554,2,31,,0,2,1,1,B01
202000025554,1,21,,0,2,3,15,A01
202000025555,1,33,,0,0,9,1,A01
202000025556,1,10,,0,2,1,15,B01
202000025556,2,34,,0,2,1,1,A01
202000025557,2,7,,0,2,3,9,B01
202000025557,1,31,,0,2,1,1,A01
202000025558,2,7,,1,2,6,19,B01
202000025558,1,7,,0,2,1,19,A01
202000025559,2,7,,0,2,4,1,B01
202000025559,2,7,,3,2,1,1,A01
202000025560,1,10,,0,2,4,2,B01
202000025560,1,10,,0,2,1,2,A01
202000025560,1,10,,0,2,4,2,C01
202000025561,1,32,,0,2,1,21,A01
202000025561,1,10,,0,2,8,9,B01
202000025562,2,1,,0,2,0,0,B01
202000025562,2,0,,0,2,1,0,A01
202000025563,1,7,,13,0,8,5,A01
202000025564,0,2,,0,0,0,0,A01
202000025565,1,7,,0,9,9,26,A01
202000025566,1,7,,0,2,3,1,B01
202000025566,2,7,,0,2,3,13,A01
202000025567,3,7,,0,9,1,16,A01
202000025567,3,1,,0,2,1,26,B01
202000025568,3,10,,0,2,2,2,B01
202000025568,1,2,,0,2,8,2,A01
202000025569,3,15,,0,2,1,1,B01
202000025569,3,7,,0,2,1,5,A01
202000025570,1,7,,0,1,3,1,A01
202000025571,2,14,,0,2,1,2,A01
202000025571,2,7,,0,2,4,2,B01
202000025572,2,7,,0,2,3,15,B01
202000025572,2,34,,0,2,1,17,A01
202000025573,2,7,,0,0,4,1,B01
202000025573,2,7,,0,0,4,1,C01
202000025573,2,7,,0,2,1,1,A01
202000025574,2,7,,0,1,1,1,A01
202000025575,1,7,,3,0,0,21,A01
202000025576,0,7,,0,2,1,1,A01
202000025576,0,7,,0,2,0,1,C01
202000025576,0,2,,0,2,4,1,B01
202000025577,3,33,,0,0,8,1,A01
202000025578,1,7,,0,2,8,1,B01
202000025578,2,7,,0,2,1,1,A01
202000025579,1,7,,0,2,3,1,C01
202000025579,1,33,,0,2,8,1,B01
202000025579,2,3,,0,2,3,13,A01
202000025580,3,7,,0,2,4,1,B01
202000025580,3,7,,0,2,1,2,A01
202000025581,2,2,,0,2,1,13,B01
202000025581,1,10,,0,2,1,1,A01
202000025582,1,7,,0,2,1,2,Z01
202000025582,1,31,,0,2,4,2,B01
202000025582,1,7,,0,2,6,2,C01
202000025583,2,7,,0,2,3,1,B01
202000025583,1,7,,0,2,3,13,A01
202000025584,2,2,,0,2,3,15,A01
202000025584,1,7,,0,2,2,2,B01
202000025585,2,7,,0,0,3,9,A01
202000025585,2,7,,0,2,1,1,B01
202000025585,1,7,,0,2,1,1,C01
202000025586,1,7,,0,2,2,2,A01
202000025586,1,1,,0,2,8,2,B01
202000025587,1,7,,0,2,4,1,B01
202000025587,1,7,,0,0,0,0,Z01
202000025588,2,21,,0,2,1,1,B01
202000025588,1,7,,0,2,1,13,A01
202000025589,3,33,,12,0,1,9,A01
202000025590,2,7,,0,2,4,2,A01
202000025590,2,13,,0,2,1,2,B01
202000025591,2,7,,15,0,1,16,A01
202000025592,1,7,,0,2,2,14,A01
202000025592,1,7,,0,2,3,9,B01
202000025593,2,7,,9,2,2,2,A01
202000025593,2,2,,9,2,4,0,B01
202000025594,2,7,,0,2,1,0,A01
202000025595,1,7,,0,0,5,1,B01
202000025595,1,7,,0,2,3,2,A01