Num_Acc,senc,catv,occutc,obs,obsm,choc,manv,num_veh
202000025596,2,7,,0,2,8,1,B01
202000025596,1,7,,0,2,3,1,A01
202000025597,0,30,,8,0,1,24,A01
202000025598,1,10,,0,0,9,1,A01
202000025599,3,10,,0,1,3,15,A01
202000025600,3,7,,0,1,2,1,A01
202000025601,1,7,,1,0,1,26,A01
202000025601,1,7,,0,2,4,23,C01
202000025601,1,7,,0,2,4,1,B01
202000025602,1,33,,0,0,0,1,A01
202000025603,3,7,,0,2,1,1,A01
202000025603,3,3,,0,2,4,1,C01
202000025603,3,7,,0,2,4,1,B01
202000025604,2,7,,10,0,2,1,A01
202000025605,1,7,,0,2,4,2,B01
202000025605,1,7,,0,2,1,2,A01
202000025606,3,2,,15,0,1,14,A01
202000025607,1,1,,0,2,4,1,A01
202000025607,1,10,,0,2,4,1,B01
202000025608,0,2,,0,2,8,2,B01
202000025608,0,2,,6,2,7,2,A01
202000025609,3,7,,16,0,9,1,A01
202000025610,3,7,,0,2,7,16,B01
202000025610,3,30,,0,2,3,18,A01
202000025611,1,33,,0,0,0,0,B01
202000025611,1,0,,0,2,0,0,A01
202000025612,2,7,,3,0,2,1,A01
202000025613,1,7,,0,2,4,1,A01
202000025613,1,7,,0,2,1,2,B01
202000025614,1,7,,8,2,1,1,B01
202000025614,2,7,,0,2,2,0,C01
202000025614,1,7,,0,2,0,26,A01
202000025615,1,7,,4,0,1,14,A01
202000025616,2,7,,4,0,2,14,A01
202000025617,2,30,,2,0,1,1,A01
202000025618,1,32,,0,2,8,3,A01
202000025618,1,7,,0,2,7,1,B01
202000025619,1,33,,14,0,1,1,A01
202000025620,1,7,,4,0,1,13,A01
202000025621,2,33,,0,0,0,1,A01
202000025621,2,7,,0,0,0,1,B01
202000025622,2,7,,0,2,5,9,B01
202000025622,2,7,,0,2,2,1,A01
202000025623,1,7,,0,2,4,9,C01
202000025623,1,7,,0,2,4,1,B01
202000025623,1,7,,0,2,1,1,A01
202000025624,3,7,,0,1,7,1,A01
202000025625,1,80,,0,1,1,1,A01
202000025626,1,7,,0,2,1,1,A01
202000025626,1,7,,0,2,4,1,B01
202000025627,1,7,,0,2,1,1,A01
202000025627,1,7,,0,2,4,1,B01
202000025628,1,7,,0,2,1,1,A01
202000025628,2,7,,0,2,1,1,B01
202000025629,1,31,,0,2,1,0,B01
202000025629,1,7,,0,0,7,16,A01
202000025630,3,7,,9,2,8,19,A01
202000025630,3,7,,15,1,1,19,B01
202000025631,1,7,,1,2,7,1,B01
202000025631,3,7,,0,2,5,0,C01
202000025631,3,7,,0,2,1,9,A01
202000025632,1,7,,8,0,2,25,A01
202000025633,1,32,,0,2,3,9,B01
202000025633,2,7,,0,2,7,10,A01
202000025634,3,33,,11,0,1,13,A01
202000025635,1,7,,15,0,1,1,A01
202000025636,1,7,,13,0,1,1,A01
202000025637,1,7,,2,0,1,13,A01
202000025638,3,1,,0,2,2,1,B01
202000025638,3,10,,0,2,2,16,A01
202000025639,1,7,,0,1,4,20,A01
202000025640,0,2,,0,2,7,0,B01
202000025640,1,7,,0,9,1,1,A01
202000025641,1,7,,11,0,3,13,A01
202000025642,3,1,,0,2,1,1,B01
202000025642,3,7,,0,2,2,1,A01
202000025643,1,7,,6,0,1,13,A01
202000025644,3,10,,0,2,6,16,B01
202000025644,2,34,,0,2,1,19,A01
202000025645,2,7,,1,0,2,21,A01
202000025645,2,7,,0,2,6,24,B01
202000025646,1,33,,9,2,8,1,B01
202000025646,1,15,,0,2,7,12,A01
202000025647,3,7,,16,0,9,0,A01
202000025648,3,7,,0,1,3,1,A01
202000025649,0,7,,0,2,3,15,A01
202000025649,0,1,,0,2,1,1,B01
202000025650,2,7,,0,2,2,13,A01
202000025650,1,10,,0,2,2,1,B01
202000025651,1,7,,0,2,1,2,A01
202000025651,1,7,,0,2,4,2,B01
202000025652,2,30,,0,2,1,17,A01
202000025652,2,7,,0,2,3,15,Z01
202000025653,1,7,,1,1,4,4,A01
202000025653,2,7,,0,2,2,24,B01
202000025653,2,7,,0,2,1,0,E01
202000025654,1,7,,0,1,3,1,A01
202000025655,1,32,,0,2,3,1,A01
202000025655,1,7,,0,2,7,10,Z01
202000025656,1,10,,0,2,8,10,A01
202000025656,1,30,,0,2,1,1,B01
202000025657,0,10,,0,2,3,1,B01
202000025657,0,80,,0,2,5,1,A01
202000025658,3,7,,0,2,1,2,A01
202000025658,3,7,,0,2,6,23,Z01
202000025659,2,33,,0,2,1,1,B01
202000025659,1,7,,0,2,8,19,A01
202000025660,3,7,,0,2,5,23,B01
202000025660,3,7,,0,2,1,1,A01
202000025661,1,7,,0,2,6,2,C01
202000025661,1,7,,0,2,5,1,B01
202000025661,1,7,,0,2,1,2,A01
202000025662,1,32,,0,2,7,17,B01
202000025662,1,7,,0,2,3,10,A01
202000025663,2,7,,0,1,1,2,A01
202000025664,1,7,,0,2,1,15,A01
202000025664,2,34,,0,2,8,1,B01
202000025665,2,17,,0,1,3,9,A01
202000025666,1,10,,0,1,4,25,A01
202000025667,1,7,,0,1,3,1,A01
202000025668,3,7,,0,2,8,11,A01
202000025668,3,10,,0,2,7,1,B01
202000025668,3,7,,0,2,6,1,C01
202000025669,2,7,,2,0,8,14,A01
202000025670,3,7,,0,2,3,1,Z01
202000025670,3,1,,0,2,7,1,A01
202000025671,0,7,,0,2,5,1,B01
202000025671,0,30,,0,2,1,26,A01
202000025672,2,7,,0,2,1,1,B01
202000025672,1,33,,0,2,7,13,A01
202000025673,1,1,,0,1,1,1,A01
202000025674,3,7,,0,0,3,1,B01
202000025674,3,7,,0,0,1,5,A01
202000025675,1,7,,0,2,2,15,Z01
202000025675,1,43,,0,2,8,18,A01
202000025676,1,10,,0,1,2,1,A01
202000025677,1,32,,0,2,1,1,B01
202000025677,1,7,,0,2,3,15,A01
202000025678,2,10,,0,2,8,9,B01
202000025678,2,10,,0,2,1,1,A01
202000025679,2,10,,1,0,1,2,B01
202000025679,2,10,,0,2,4,23,A01
202000025680,3,34,,0,2,1,1,A01
202000025680,3,7,,0,2,3,16,B01
202000025681,1,2,,0,2,4,1,A01
202000025681,1,7,,0,2,2,1,B01
202000025682,1,13,,0,2,2,2,A01
202000025682,1,80,,0,2,8,2,B01
202000025683,2,1,,0,2,1,1,B01
202000025683,2,7,,0,2,0,0,A01
202000025684,1,7,,0,1,0,1,Z01
202000025685,2,7,,0,1,7,1,A01
202000025686,1,7,,0,2,4,1,B01
202000025686,1,7,,0,2,4,1,C01
202000025686,1,7,,0,2,1,1,A01
202000025687,1,7,,0,2,3,26,A01
202000025687,0,32,,0,0,0,0,B01
202000025688,3,7,,0,2,1,1,B01
202000025688,3,7,,8,2,3,1,A01
202000025689,1,7,,0,2,1,1,B01
202000025689,1,31,,0,2,8,1,A01
202000025690,3,7,,0,2,2,15,A01
202000025690,-1,33,,0,2,3,1,B01
202000025691,1,7,,0,2,1,1,B01
202000025691,1,7,,0,2,2,1,A01
202000025692,1,7,,0,2,2,1,B01
202000025692,1,32,,0,2,3,9,A01
202000025693,3,7,,14,0,5,12,A01
202000025693,3,32,,0,2,8,1,B01
202000025694,2,50,,0,2,1,19,A01
202000025694,2,7,,0,9,2,1,B01
202000025695,1,50,,0,1,8,1,A01
202000025696,1,30,,8,0,7,26,A01
202000025697,1,7,,0,1,2,16,A01
202000025698,1,7,,0,2,4,2,C01
202000025698,1,7,,0,2,4,2,B01
202000025698,1,7,,0,2,1,2,A01
202000025699,1,3,,0,2,4,1,B01
202000025699,1,10,,0,2,1,1,A01
202000025700,2,7,,0,2,4,1,B01
202000025700,2,32,,0,2,1,1,A01
202000025701,2,10,,0,2,7,16,B01
202000025701,2,32,,0,2,1,1,A01
202000025702,2,7,,0,2,1,1,B01
202000025702,1,7,,12,2,5,14,A01
202000025703,2,33,,12,0,1,1,A01
202000025704,2,17,,3,0,3,1,A01
202000025705,1,15,,0,1,3,15,A01
202000025706,2,7,,0,2,4,2,B01
202000025706,2,7,,0,0,4,2,D01
202000025706,2,7,,0,2,4,2,C01
202000025706,2,7,,0,2,1,2,A01
202000025707,3,33,,0,2,1,16,A01
202000025707,3,7,,0,2,8,15,B01
202000025708,2,7,,0,2,2,2,A01
202000025708,2,30,,0,0,4,2,B01
202000025709,2,33,,11,0,0,2,A01
202000025710,3,7,,0,9,7,1,B01
202000025710,1,1,,0,2,7,15,A01
202000025711,2,7,,0,1,3,1,A01
202000025712,1,7,,3,0,2,1,A01
202000025713,1,7,,0,2,2,19,B01
202000025713,2,7,,0,2,1,1,A01
202000025714,1,7,,2,0,9,1,A01
202000025715,3,2,,0,0,8,1,A01
202000025716,1,7,,0,1,2,1,A01
202000025717,3,33,,0,2,1,13,A01
202000025717,3,7,,0,2,8,1,B01
202000025718,3,31,,0,2,1,1,B01
202000025718,3,13,,0,2,2,15,A01
202000025719,1,7,,2,0,1,1,A01
202000025720,2,7,,17,0,7,21,A01
202000025721,2,7,,6,0,3,1,A01
202000025722,2,7,,0,2,7,1,B01
202000025722,2,7,,2,2,8,1,A01
202000025723,2,7,,0,2,7,13,A01
202000025723,1,7,,0,2,1,1,B01
202000025724,1,7,,0,2,2,1,A01
202000025724,2,50,,0,2,1,1,B01
202000025725,1,7,,0,1,2,1,A01
202000025726,1,7,,0,0,9,13,A01
202000025727,0,2,,0,0,0,0,A01
202000025728,2,7,,13,0,9,1,A01
202000025729,1,2,,0,0,1,1,A01
202000025730,1,10,,13,0,2,1,A01
202000025731,2,7,,0,2,1,1,A01
202000025731,1,7,,0,2,1,13,B01
202000025732,2,2,,0,0,0,14,A01
202000025733,1,7,,4,0,2,1,A01
202000025734,1,15,,0,2,2,1,B01
202000025734,1,7,,0,2,8,9,A01
202000025735,1,7,,3,0,1,1,A01
202000025735,1,33,,0,0,0,1,B01
202000025736,1,7,,3,0,9,1,A01
202000025737,2,7,,3,0,2,14,A01
202000025738,1,10,,13,0,9,14,A01
202000025739,0,10,,0,0,9,26,A01
202000025740,2,10,,0,2,3,1,B01
202000025740,1,7,,0,2,1,15,A01
202000025741,2,7,,13,0,1,0,A01
202000025742,1,7,,0,2,3,1,A01
202000025742,2,7,,0,2,3,13,B01
202000025743,1,1,,0,2,4,1,B01
202000025743,1,7,,0,9,2,17,A01
202000025744,2,7,,13,0,0,1,A01
202000025745,1,7,,16,0,3,1,A01
202000025746,2,7,,0,2,3,1,A01
202000025746,1,17,,0,2,3,1,B01
202000025747,3,7,,0,1,2,19,A01
202000025748,1,2,,0,0,1,1,A01
202000025749,2,10,,0,2,8,1,B01
202000025749,2,1,,0,2,1,16,A01
202000025750,2,7,,0,2,7,15,A01
202000025750,2,2,,0,2,1,1,B01
202000025751,0,7,,0,0,9,1,A01
202000025752,1,7,,4,0,3,2,A01
202000025753,2,7,,4,0,0,0,A01
202000025754,1,7,,4,0,5,13,A01
202000025755,2,7,,1,1,2,1,A01
202000025755,2,7,,3,2,2,23,B01
202000025756,2,7,,4,2,4,2,A01
202000025756,2,99,,0,2,1,2,B01
202000025757,2,7,,3,0,1,0,A01
202000025758,1,7,,5,0,1,0,A01
202000025759,2,7,,3,0,3,0,A01
202000025760,1,7,,0,0,1,0,A01
202000025760,1,7,,0,0,4,0,B01
202000025761,1,7,,0,0,4,2,B01
202000025761,1,7,,0,2,1,2,A01
202000025762,1,7,,0,2,9,2,B01
202000025762,1,7,,0,2,7,14,A01
202000025763,2,0,,0,2,1,0,Z01
202000025763,2,7,,4,0,4,2,B01
202000025764,2,7,,4,0,4,1,A01
202000025765,1,7,,2,0,1,1,A01
202000025766,1,7,,0,1,3,19,A01
202000025767,3,30,,0,0,8,1,A01
202000025768,1,7,,0,2,6,15,A01
202000025768,1,33,,0,2,1,17,B01
202000025769,2,7,,4,0,1,13,A01
202000025770,1,7,,0,2,2,9,B01
202000025770,2,10,,0,2,3,9,A01
202000025771,2,10,,0,1,1,15,A01
202000025772,2,30,,0,2,2,1,B01
202000025772,2,7,,0,2,1,9,A01
202000025773,3,1,,0,1,8,5,A01
202000025774,1,7,,12,0,3,1,A01
202000025775,3,7,,1,2,3,1,B01
202000025775,3,10,,8,2,1,1,A01
202000025776,2,10,,0,1,3,1,A01
202000025777,2,34,,0,2,8,1,B01
202000025777,1,7,,0,2,1,15,A01
202000025778,1,37,1.0,0,1,2,26,A01
202000025779,1,7,,0,9,3,1,A01
202000025779,1,1,,0,2,8,9,B01
202000025780,2,1,,0,0,8,2,B01
202000025780,1,7,,0,9,2,15,A01
202000025781,0,7,,0,2,3,9,A01
202000025781,1,7,,0,2,2,1,B01
202000025782,1,7,,13,0,1,1,A01
202000025783,2,7,,0,2,3,15,B01
202000025783,2,33,,0,2,1,17,A01
202000025784,1,7,,0,1,1,1,A01
202000025785,2,7,,13,0,3,13,A01
202000025786,2,7,,0,2,8,1,B01
202000025786,2,7,,0,2,1,19,A01
202000025787,1,7,,0,1,1,1,A01
202000025788,2,2,,0,0,4,2,B01
202000025788,2,2,,0,2,1,2,A01
202000025789,1,7,,2,0,1,1,A01
202000025790,3,3,,1,2,2,1,A01
202000025790,3,7,,0,2,3,1,B01
202000025791,2,7,,6,0,3,1,A01
202000025792,1,33,,0,2,8,1,B01
202000025792,3,7,,0,2,2,15,A01
202000025793,2,7,,6,0,1,15,A01
202000025794,1,7,,13,0,3,1,A01
202000025795,3,2,,0,2,1,13,A01
202000025795,3,14,,0,2,1,1,B01
202000025796,2,7,,13,0,9,14,A01
202000025797,2,7,,8,2,1,1,B01
202000025797,2,15,,0,2,8,15,A01
202000025798,2,7,,0,1,2,21,A01
202000025799,3,7,,0,2,8,16,C01
202000025799,3,7,,0,2,3,0,D01
202000025799,3,33,,0,2,7,17,A01
202000025799,3,7,,0,2,8,21,B01
202000025800,1,30,,0,2,1,1,B01
202000025800,2,7,,0,2,1,15,A01
202000025801,1,39,,0,2,1,1,B01
202000025801,1,21,,0,4,2,1,A01
202000025802,3,2,,0,0,0,2,A01
202000025803,3,7,,0,1,2,1,A01
202000025804,1,7,,0,2,4,2,A01
202000025804,1,17,,0,2,1,2,B01
202000025805,1,7,,0,2,6,1,B01
202000025805,1,7,,0,2,2,17,A01
202000025806,1,7,,3,0,3,13,A01
202000025807,2,7,,4,0,9,2,A01
202000025808,1,7,,0,2,1,1,B01
202000025808,2,7,,0,2,1,17,A01
202000025809,3,32,,0,9,8,5,B01
202000025809,1,32,,0,9,1,1,A01
202000025810,2,33,,0,2,1,17,B01
202000025810,1,10,,0,2,8,15,A01
202000025811,2,7,,2,0,0,14,A01
202000025812,3,10,,0,9,1,1,A01
202000025812,3,1,,0,2,8,19,B01
202000025813,2,7,,3,0,4,24,B01
202000025813,2,17,,0,2,1,1,A01
202000025814,1,7,,6,0,1,14,A01
202000025815,3,7,,0,2,1,5,A01
202000025815,3,33,,0,2,3,1,B01
202000025816,3,7,,0,2,4,1,B01
202000025816,3,7,,0,2,1,2,A01
202000025817,2,1,,0,0,0,26,A01
202000025818,2,7,,0,1,0,0,A01
202000025819,1,7,,0,2,1,15,A01
202000025819,2,7,,0,2,3,1,B01
202000025820,1,7,,6,0,3,13,A01
202000025821,2,7,,0,0,4,23,C01
202000025821,2,7,,0,2,1,2,A01
202000025821,2,7,,0,2,1,2,B01
202000025822,3,1,,0,2,1,5,B01
202000025822,3,7,,0,2,1,1,A01
202000025823,2,30,,0,0,0,21,A01
202000025824,1,33,,0,2,1,1,B01
202000025824,1,7,,0,2,3,19,A01
202000025825,1,7,,0,1,2,1,A01
202000025826,2,10,,0,2,7,12,A01
202000025826,2,31,,0,2,3,1,B01
202000025827,1,7,,0,2,1,1,Z01
202000025827,1,1,,0,2,4,1,A01
202000025828,2,2,,8,0,7,15,A01
202000025829,2,10,,0,1,5,4,A01
202000025830,2,32,,0,2,4,2,A01
202000025830,2,7,,0,2,4,23,B01
202000025831,2,7,,0,2,1,1,A01
202000025831,2,7,,8,2,2,1,B01
202000025832,2,30,,0,1,2,5,A01
202000025833,1,7,,0,1,1,1,A01
202000025834,0,7,,0,2,1,1,B01
202000025834,0,32,,0,2,7,1,A01
202000025835,2,7,,1,0,1,14,A01
202000025835,2,10,,15,2,4,24,B01
202000025836,1,2,,0,2,3,13,A01
202000025836,2,7,,0,2,3,1,B01
202000025837,3,32,,0,2,0,17,A01
202000025837,0,7,,0,0,3,10,B01
202000025838,3,7,,12,0,1,2,A01
202000025839,1,21,,0,0,6,15,B01
202000025839,1,33,,0,2,1,17,A01
202000025840,0,2,,12,0,8,1,A01
202000025841,1,7,,13,0,9,14,A01
202000025842,2,33,,3,0,0,1,A01
202000025843,2,7,,0,2,3,26,A01
202000025843,2,2,,0,2,7,1,B01
202000025844,1,7,,3,0,3,2,A01
202000025845,2,7,,13,0,0,1,A01
202000025846,2,7,,0,2,3,17,A01
202000025846,1,7,,0,2,3,21,B01
202000025847,1,32,,0,2,3,26,A01
202000025848,1,7,,4,0,1,2,A01
202000025849,2,7,,0,0,9,13,A01
202000025850,1,7,,0,2,1,1,B01
202000025850,1,7,,0,2,4,1,A01
202000025851,2,30,,0,2,8,1,B01
202000025851,1,7,,0,2,1,15,A01
202000025852,2,30,,0,2,1,1,A01
202000025852,2,31,,0,2,8,1,B01
202000025853,3,7,,0,1,1,1,A01
202000025854,3,32,,14,0,1,26,A01
202000025855,1,7,,0,1,3,1,A01
202000025856,1,50,,0,2,7,19,A01
202000025856,1,7,,0,2,7,1,B01
202000025857,1,7,,0,2,3,1,B01
202000025857,2,33,,0,2,2,15,A01
202000025858,3,7,,0,1,3,15,A01
202000025859,1,7,,13,0,1,19,A01
202000025860,2,33,,0,0,1,0,A01
202000025861,2,7,,0,2,2,1,B01
202000025861,2,1,,0,2,1,15,A01
202000025862,1,15,,0,2,3,1,B01
202000025862,2,10,,0,2,3,13,A01
202000025863,1,10,,0,1,3,1,A01
202000025864,3,7,,0,1,2,2,A01
202000025865,2,50,,0,0,4,0,A01
202000025866,2,7,,13,0,2,0,A01
202000025867,1,7,,0,2,1,1,A01
202000025867,3,2,,8,2,8,19,B01
202000025868,2,33,,0,0,8,1,A01
202000025869,1,7,,0,2,3,1,A01
202000025869,3,2,,0,2,1,19,B01
202000025870,1,1,,0,0,1,0,A01
202000025871,2,7,,4,0,3,1,A01
202000025872,2,7,,0,2,1,1,B01
202000025872,1,14,,0,2,1,1,C01
202000025872,1,7,,0,2,1,17,A01
202000025873,1,1,,0,2,8,1,A01
202000025873,2,7,,0,2,3,15,B01
202000025874,1,33,,2,0,8,26,A01
202000025875,1,7,,0,1,2,1,A01
202000025876,1,1,,13,0,0,14,A01
202000025877,0,7,,13,0,7,1,A01
202000025878,1,99,,0,2,0,0,B01
202000025878,1,7,,0,2,5,15,A01
202000025879,1,7,,0,2,1,13,A01
202000025879,2,10,,0,2,1,1,B01
202000025880,1,7,,12,0,3,1,A01
202000025881,1,10,,2,0,1,0,A01
202000025882,1,33,,4,0,3,17,A01
202000025883,0,99,,-1,0,1,-1,Z01
202000025884,1,30,,15,0,7,14,A01
202000025885,2,0,,0,1,0,15,A01
202000025886,1,7,,4,0,9,1,A01
202000025887,2,99,,13,0,3,13,A01
202000025888,1,7,,0,0,1,1,A01
202000025889,1,7,,0,1,0,1,A01
202000025890,1,7,,0,2,1,9,A01
202000025890,2,1,,0,2,4,9,B01
202000025891,2,7,,13,0,1,1,A01
202000025892,2,7,,6,0,1,14,A01
202000025893,2,30,,0,1,8,1,A01
202000025894,1,33,,0,2,6,18,A01
202000025894,1,7,,0,2,1,26,B01
202000025895,3,33,,1,0,1,1,A01
202000025896,0,32,,16,0,8,1,A01
202000025897,1,36,,6,0,1,1,A01
202000025898,0,1,,0,2,1,19,A01
202000025898,1,7,,0,2,8,1,B01
202000025899,1,31,,12,0,7,1,A01
202000025900,0,7,,0,1,2,20,A01
202000025901,1,33,,13,0,1,1,A01
202000025902,2,7,,0,2,3,1,B01
202000025902,1,33,,0,2,1,5,A01
202000025903,3,7,,13,0,1,13,A01
202000025904,1,7,,0,1,2,1,A01
202000025905,1,33,,0,2,1,1,B01
202000025905,2,7,,0,2,3,19,A01
202000025906,1,7,,0,-1,1,1,A01
202000025907,1,7,,0,2,1,2,A01
202000025907,1,7,,0,2,5,2,B01
202000025908,1,7,,0,0,2,0,A01
202000025909,3,7,,0,2,2,21,B01
202000025909,3,10,,0,2,1,1,C01
202000025909,3,7,,0,2,3,15,A01
202000025910,3,7,,15,0,1,26,A01
202000025911,1,7,,0,2,3,1,B01
202000025911,2,33,,1,2,1,17,A01
202000025912,0,7,,6,0,1,10,A01
202000025913,3,7,,1,0,1,24,A01
202000025914,2,7,,8,0,1,1,A01
202000025915,1,7,,0,2,1,2,A01
202000025915,1,7,,0,2,4,1,B01
202000025916,1,30,,0,2,1,1,A01
202000025916,1,30,,0,2,4,1,B01
202000025917,1,33,,11,0,1,1,A01
202000025918,1,7,,0,1,4,10,A01
202000025919,1,7,,1,2,3,19,A01
202000025919,2,32,,0,2,1,1,B01
202000025920,1,7,,4,0,1,26,A01
202000025921,1,7,,0,0,0,1,A01
202000025922,0,10,,15,0,3,14,A01
202000025923,3,33,,0,0,0,16,A01
202000025924,1,33,,16,0,0,5,A01
202000025925,2,33,,2,0,1,13,A01
202000025926,3,33,,0,0,2,0,A01
202000025927,2,3,,0,2,5,1,B01
202000025927,2,7,,0,2,2,15,A01
202000025928,2,7,,0,9,3,1,A01
202000025928,1,1,,0,2,1,5,B01
202000025929,2,7,,6,0,3,1,A01
202000025930,2,10,,0,2,1,1,B01
202000025930,1,10,,0,2,2,19,A01
202000025931,1,33,,6,0,3,1,A01
202000025932,1,33,,3,0,1,1,A01
202000025933,1,7,,3,0,3,13,A01
202000025934,1,10,,0,2,1,2,B01
202000025934,1,7,,0,2,5,2,A01
202000025935,3,10,,0,2,6,1,B01
202000025935,3,7,,0,2,2,15,A01
202000025936,3,7,,4,0,3,13,A01
202000025937,1,34,,0,2,7,1,B01
202000025937,1,1,,0,2,1,5,A01
202000025938,1,7,,0,2,1,19,A01
202000025938,1,7,,15,2,7,1,B01
202000025939,0,7,,0,2,3,20,A01
202000025939,1,7,,0,2,2,1,B01
202000025940,2,31,,0,2,1,17,A01
202000025940,1,7,,0,2,1,1,B01
202000025941,3,7,,0,2,2,16,A01
202000025941,3,1,,0,2,3,1,B01
202000025942,2,15,,0,2,1,1,B01
202000025942,1,7,,0,2,1,13,A01
202000025943,2,7,,0,0,1,0,A01
202000025944,2,80,,12,0,1,1,A01
202000025945,2,1,,0,2,1,19,A01
202000025945,1,7,,0,2,8,15,B01
202000025946,1,7,,0,2,1,1,B01
202000025946,1,7,,0,2,1,5,A01
202000025947,1,7,,0,2,1,9,A01
202000025947,2,7,,0,2,7,1,B01
202000025948,0,7,,0,2,3,16,B01
202000025948,3,7,,0,2,2,19,A01
202000025949,3,7,,15,0,1,1,A01
202000025950,1,7,,3,0,1,1,C01
202000025950,1,7,,3,0,1,1,B01
202000025950,1,15,,3,0,3,5,A01
202000025951,1,7,,0,2,1,1,B01
202000025951,2,7,,0,2,1,1,A01
202000025952,1,7,,1,0,2,14,A01
202000025953,2,7,,4,0,1,13,A01
202000025954,1,7,,0,2,2,1,A01
202000025954,1,17,,0,2,1,9,B01
202000025955,1,7,,0,9,1,9,A01
202000025955,1,1,,0,2,7,1,B01
202000025956,3,31,,0,0,1,1,B01
202000025956,3,13,,0,0,3,10,A01
202000025957,1,7,,4,0,1,14,A01
202000025958,2,7,,0,2,1,1,B01
202000025958,1,7,,0,2,1,13,A01
202000025959,2,7,,0,2,3,13,A01
202000025959,1,10,,0,2,3,1,B01
202000025960,1,7,,0,2,2,17,A01
202000025960,1,1,,13,2,6,1,B01
202000025961,1,7,,2,0,1,13,A01
202000025962,1,7,,0,1,1,19,A01
202000025963,1,7,,0,1,1,1,A01
202000025964,2,21,,0,2,2,2,A01
202000025964,2,7,,0,1,4,23,B01
202000025965,3,7,,0,1,1,1,A01
202000025966,1,17,,3,0,2,1,A01
202000025967,1,10,,1,0,2,12,A01
202000025967,1,7,,0,0,6,24,B01
202000025968,1,7,,14,0,1,1,C01
202000025968,1,15,,0,0,6,1,B01
202000025968,1,7,,0,2,2,17,A01
202000025969,3,2,,0,2,1,19,A01
202000025969,0,17,,0,0,7,1,B01
202000025970,1,7,,0,2,1,2,A01
202000025970,1,17,,0,0,4,2,B01
202000025971,1,7,,0,2,3,1,A01
202000025971,2,7,,0,2,3,1,B01
202000025972,1,7,,0,0,9,1,A01
202000025972,1,10,,0,0,0,9,B01
202000025973,1,30,,0,2,1,1,B01
202000025973,2,31,,0,2,1,13,A01
202000025974,0,34,,0,0,0,0,A01
202000025975,2,7,,0,0,6,1,B01
202000025975,2,7,,0,0,2,2,A01
202000025976,2,7,,0,0,1,0,A01
202000025977,0,7,,0,0,7,19,A01
202000025977,2,7,,0,2,1,1,B01
202000025978,3,30,,0,2,0,1,B01
202000025978,3,34,,0,2,2,17,A01
202000025979,2,7,,0,2,3,5,A01
202000025979,1,15,,0,2,3,21,B01
202000025980,0,7,,15,0,9,1,A01
202000025981,3,31,,0,2,1,17,A01
202000025981,3,7,,0,0,6,15,B01
202000025982,2,32,,14,2,6,1,A01
202000025982,2,7,,0,2,3,1,B01
202000025983,2,7,,0,9,3,9,B01
202000025983,2,1,,0,2,5,1,A01
202000025984,1,7,,0,2,1,26,B01
202000025984,2,7,,0,2,1,26,A01
202000025985,2,7,,0,2,1,1,D01
202000025985,2,7,,0,2,1,1,C01
202000025985,2,7,,0,2,8,1,B01
202000025985,1,7,,0,2,1,13,A01
202000025986,1,7,,0,1,1,1,A01
202000025987,3,7,,0,2,1,21,B01
202000025987,3,2,,0,2,1,5,A01
202000025988,1,7,,0,2,3,1,B01
202000025988,1,7,,0,2,3,13,A01
202000025989,3,7,,0,1,0,1,A01
202000025990,2,7,,0,2,1,2,D01
202000025990,2,7,,0,2,4,2,C01
202000025990,2,7,,0,2,4,2,B01
202000025990,2,7,,0,2,4,1,A01
202000025991,1,7,,0,2,1,2,C01
202000025991,1,7,,0,2,4,2,B01
202000025991,1,7,,0,2,4,2,A01
202000025992,1,7,,0,2,4,3,D01
202000025992,1,7,,0,2,4,2,C01
202000025992,1,99,,0,2,4,2,B01
202000025992,1,7,,0,2,1,2,A01
202000025993,1,7,,0,2,4,2,B01
202000025993,1,7,,0,2,4,2,C01
202000025993,1,15,,0,2,1,2,A01
202000025994,2,15,,0,2,1,2,A01
202000025994,2,7,,0,2,4,2,C01
202000025994,2,7,,0,2,4,2,B01
202000025995,2,7,,0,2,7,12,A01
202000025995,2,32,,0,2,3,3,B01
202000025996,1,7,,0,2,4,1,A01
202000025996,1,7,,0,2,1,1,B01
202000025997,1,7,,0,2,4,2,B01
202000025997,2,7,,0,2,4,2,C01
202000025997,1,10,,0,2,1,2,A01
202000025998,1,7,,0,0,9,16,A01
202000025999,1,7,,0,2,1,2,A01
202000025999,1,7,,0,2,4,2,B01
202000025999,1,7,,0,2,4,2,C01
202000026000,1,10,,0,2,3,2,A01
202000026000,1,32,,0,2,4,1,B01
202000026000,1,15,,0,2,2,1,C01
202000026001,1,32,,1,0,1,1,B01
202000026001,1,7,,0,2,5,0,A01
202000026002,2,33,,0,0,0,26,A01
202000026003,1,33,,0,0,9,3,A01
202000026004,1,7,,0,2,4,2,C01
202000026004,1,7,,0,2,4,2,B01
202000026004,1,7,,0,2,1,1,A01
202000026005,1,33,,0,2,3,1,B01
202000026005,1,10,,0,2,5,12,A01
202000026006,1,17,,0,2,3,1,A01
202000026006,1,7,,4,2,7,14,B01
202000026007,3,7,,13,0,1,1,A01
202000026008,2,33,,0,2,7,1,A01