Num_Acc,senc,catv,occutc,obs,obsm,choc,manv,num_veh
202000026008,2,7,,0,2,3,11,B01
202000026009,3,10,,0,2,8,1,A01
202000026009,3,1,,0,2,1,1,B01
202000026010,1,7,,0,2,4,0,B01
202000026010,1,7,,0,2,1,1,A01
202000026011,1,37,1.0,0,1,1,1,A01
202000026012,1,7,,14,0,1,1,A01
202000026012,1,7,,0,2,4,23,B01
202000026013,1,7,,0,2,3,1,A01
202000026013,0,50,,0,2,1,26,B01
202000026014,1,1,,0,2,8,1,B01
202000026014,1,37,2.0,0,2,2,1,A01
202000026015,3,30,,0,0,8,23,A01
202000026016,1,7,,0,2,4,1,A01
202000026016,1,7,,0,2,1,1,B01
202000026016,1,7,,0,2,1,1,C01
202000026017,1,33,,0,2,1,17,A01
202000026017,1,7,,0,0,8,15,B01
202000026018,2,7,,0,2,3,1,B01
202000026018,1,7,,0,2,3,13,A01
202000026019,1,10,,0,2,3,1,B01
202000026019,1,10,,14,2,1,1,A01
202000026020,3,10,,6,0,1,1,A01
202000026021,3,33,,0,0,7,16,A01
202000026022,-1,7,,1,0,4,24,B01
202000026022,1,7,,1,1,1,1,A01
202000026023,2,7,,6,0,2,14,A01
202000026024,1,7,,0,2,3,9,B01
202000026024,2,30,,0,2,1,9,A01
202000026025,0,7,,0,2,2,1,B01
202000026025,0,7,,0,2,1,15,A01
202000026026,0,37,1.0,0,2,3,1,B01
202000026026,0,7,,0,2,2,9,A01
202000026027,2,32,,0,2,1,1,B01
202000026027,1,7,,0,2,1,15,A01
202000026028,0,2,,0,0,0,0,B01
202000026028,0,7,,0,2,1,2,A01
202000026029,0,1,,0,2,7,0,B01
202000026029,2,7,,0,2,2,9,A01
202000026030,1,7,,0,1,1,1,A01
202000026031,1,7,,0,1,8,1,A01
202000026032,3,7,,0,2,4,1,B01
202000026032,3,7,,0,2,4,1,C01
202000026032,3,7,,0,2,8,1,D01
202000026032,3,7,,14,2,1,1,A01
202000026033,3,7,,0,2,8,15,A01
202000026033,3,7,,0,2,1,1,B01
202000026034,1,7,,0,2,2,16,B01
202000026034,1,2,,0,2,1,18,A01
202000026035,1,7,,0,2,1,1,A01
202000026035,1,7,,0,2,4,1,B01
202000026035,1,7,,0,2,4,2,C01
202000026036,1,1,,0,2,2,1,B01
202000026036,1,7,,0,2,3,24,A01
202000026037,2,30,,0,9,1,23,A01
202000026037,1,50,,0,2,1,19,B01
202000026038,3,7,,0,2,6,2,B01
202000026038,3,33,,0,2,1,2,A01
202000026039,1,7,,0,1,2,26,A01
202000026040,2,7,,0,1,1,1,A01
202000026041,1,7,,0,2,1,2,A01
202000026041,1,7,,0,2,6,1,B01
202000026042,2,7,,0,2,8,1,B01
202000026042,1,2,,0,2,1,13,A01
202000026043,3,7,,0,1,1,16,A01
202000026044,2,7,,0,2,1,2,A01
202000026044,2,7,,0,2,4,2,D01
202000026044,2,7,,0,2,4,2,C01
202000026044,2,7,,0,2,4,1,B01
202000026045,2,1,,0,2,7,1,B01
202000026045,2,7,,0,2,1,9,A01
202000026046,0,7,,0,2,3,2,B01
202000026046,0,7,,0,2,3,15,A01
202000026047,1,7,,0,2,1,1,A01
202000026047,1,1,,0,2,1,1,B01
202000026048,1,1,,8,0,1,1,A01
202000026049,1,7,,0,2,0,1,A01
202000026049,1,7,,0,2,1,0,B01
202000026050,1,7,,0,2,4,1,B01
202000026050,1,30,,0,2,1,1,A01
202000026051,1,7,,0,1,1,1,A01
202000026052,3,7,,0,2,3,1,A01
202000026052,3,33,,0,2,1,1,B01
202000026053,1,10,,0,2,1,1,A01
202000026053,1,7,,0,2,1,0,C01
202000026053,1,10,,0,2,5,1,B01
202000026054,3,1,,0,2,1,9,A01
202000026054,1,7,,0,2,2,1,B01
202000026055,1,7,,0,2,1,1,B01
202000026055,3,7,,0,2,7,15,A01
202000026056,1,10,,0,1,2,15,A01
202000026057,2,7,,0,2,3,1,B01
202000026057,2,1,,0,2,1,26,A01
202000026058,2,10,,0,1,0,1,Z01
202000026059,3,7,,0,1,1,1,A01
202000026060,1,7,,0,0,3,26,A01
202000026061,3,37,1.0,0,1,7,16,A01
202000026062,3,7,,0,2,3,10,A01
202000026062,3,33,,0,2,5,1,B01
202000026063,1,7,,0,1,3,1,A01
202000026064,1,7,,0,2,1,2,A01
202000026064,1,7,,0,2,4,1,B01
202000026065,0,10,,0,2,1,1,B01
202000026065,0,31,,0,2,1,1,A01
202000026066,3,7,,0,2,3,0,B01
202000026066,1,7,,0,2,2,26,A01
202000026067,0,7,,0,1,0,0,Z01
202000026068,2,7,,0,2,8,22,A01
202000026068,2,37,1.0,1,0,7,1,B01
202000026069,1,7,,0,2,7,9,C01
202000026069,2,10,,0,2,2,2,D01
202000026069,2,7,,9,2,1,1,A01
202000026069,1,7,,0,2,6,1,B01
202000026070,1,7,,13,0,1,1,A01
202000026071,2,33,,0,2,1,26,A01
202000026071,1,7,,0,2,2,9,B01
202000026072,1,33,,0,2,6,1,B01
202000026072,1,32,,0,2,1,7,A01
202000026073,1,7,,0,2,6,23,B01
202000026073,1,32,,0,2,3,1,A01
202000026074,1,1,,0,1,0,1,A01
202000026075,1,7,,0,1,0,1,Z01
202000026076,1,7,,0,1,1,1,Z01
202000026077,1,7,,0,2,3,15,A01
202000026077,1,1,,0,2,1,1,B01
202000026078,1,10,,0,1,1,15,Z01
202000026079,2,1,,0,1,1,1,A01
202000026080,3,7,,0,2,6,15,A01
202000026080,3,32,,0,2,2,17,B01
202000026081,1,43,,0,0,3,1,A01
202000026082,2,7,,0,2,7,17,A01
202000026082,2,1,,0,2,8,1,B01
202000026083,3,31,,0,0,0,1,A01
202000026084,3,7,,0,2,8,13,A01
202000026084,3,32,,0,2,7,1,B01
202000026085,2,1,,0,0,0,5,A01
202000026086,0,1,,14,0,0,14,A01
202000026087,1,14,,0,2,7,16,A01
202000026087,1,1,,0,2,7,7,B01
202000026088,2,34,,0,2,1,17,A01
202000026088,2,7,,0,2,8,15,B01
202000026089,0,7,,9,0,1,2,A01
202000026090,2,7,,0,1,2,21,A01
202000026091,1,7,,0,1,1,1,A01
202000026092,3,7,,14,0,4,2,B01
202000026092,3,7,,14,0,1,2,A01
202000026093,1,10,,0,1,1,11,A01
202000026094,1,7,,0,2,1,15,A01
202000026094,2,32,,0,2,2,1,B01
202000026095,1,7,,0,0,9,15,A01
202000026096,1,7,,1,0,0,0,B01
202000026096,1,7,,0,2,6,23,A01
202000026097,1,7,,0,1,3,9,A01
202000026098,2,7,,0,2,3,9,A01
202000026098,2,33,,0,2,1,2,B01
202000026099,3,7,,9,2,7,9,A01
202000026099,3,33,,5,2,1,1,B01
202000026100,2,31,,0,1,1,17,A01
202000026101,-1,7,,0,2,2,15,A01
202000026101,-1,33,,0,2,8,1,B01
202000026102,0,30,,0,2,8,1,B01
202000026102,0,7,,0,2,1,15,A01
202000026103,1,7,,0,1,1,1,A01
202000026104,0,0,,0,1,0,26,B01
202000026105,3,7,,0,2,3,15,B01
202000026105,3,80,,0,2,1,1,A01
202000026106,2,7,,0,1,2,1,A01
202000026107,1,30,,9,0,1,19,A01
202000026108,1,50,,0,9,1,21,A01
202000026109,2,7,,0,2,3,19,B01
202000026109,1,30,,0,2,1,17,A01
202000026110,1,7,,9,0,1,1,A01
202000026111,2,7,,0,2,4,15,B01
202000026111,2,10,,0,2,1,2,A01
202000026112,2,7,,0,2,3,13,A01
202000026112,1,15,,0,2,3,1,B01
202000026113,1,7,,3,2,3,5,A01
202000026113,2,7,,0,2,3,17,B01
202000026114,3,2,,0,2,8,18,B01
202000026114,-1,3,,0,2,3,15,A01
202000026115,2,2,,0,0,0,1,A01
202000026116,2,7,,3,0,4,2,B01
202000026116,2,10,,0,2,2,2,A01
202000026117,2,7,,13,0,1,14,A01
202000026118,1,7,,0,2,3,1,B01
202000026118,2,3,,0,2,2,13,A01
202000026119,1,10,,0,2,2,9,A01
202000026119,1,7,,0,2,3,1,B01
202000026120,1,7,,0,2,3,5,A01
202000026120,2,7,,0,2,3,1,B01
202000026120,2,7,,0,2,8,1,C01
202000026121,2,7,,13,0,2,1,A01
202000026122,0,7,,0,2,8,22,A01
202000026122,1,1,,1,0,2,1,B01
202000026123,1,7,,0,0,4,23,B01
202000026123,2,7,,0,2,1,2,A01
202000026124,2,7,,0,0,8,15,A01
202000026124,1,7,,13,2,2,1,B01
202000026125,1,7,,0,2,7,13,A01
202000026125,2,15,,0,2,1,1,B01
202000026126,2,7,,0,2,1,1,B01
202000026126,1,7,,0,2,2,1,A01
202000026127,1,7,,0,2,1,1,C01
202000026127,1,7,,0,2,1,1,B01
202000026127,2,13,,0,2,6,13,A01
202000026128,1,7,,0,2,1,17,A01
202000026128,2,7,,0,2,1,1,B01
202000026128,2,37,1.0,0,2,3,1,C01
202000026129,3,39,,0,0,1,1,C01
202000026129,2,7,,13,2,7,1,A01
202000026129,1,7,,0,2,1,19,B01
202000026130,2,7,,0,1,1,1,A01
202000026131,3,1,,0,2,4,16,B01
202000026131,3,7,,0,9,2,1,A01
202000026132,1,2,,0,2,1,1,B01
202000026132,2,7,,0,2,2,15,A01
202000026133,0,7,,0,2,2,15,A01
202000026133,0,7,,0,2,1,1,B01
202000026134,0,7,,0,1,1,1,A01
202000026135,1,7,,0,2,1,1,A01
202000026135,2,7,,0,2,1,1,B01
202000026135,2,7,,0,2,1,1,C01
202000026136,2,7,,0,2,2,2,A01
202000026136,2,1,,0,0,4,2,B01
202000026137,2,7,,0,2,1,5,A01
202000026137,1,33,,0,2,1,1,B01
202000026138,0,2,,0,2,1,1,B01
202000026138,0,10,,0,2,1,15,A01
202000026139,2,7,,0,2,3,1,B01
202000026139,2,33,,0,0,7,1,A01
202000026140,1,10,,3,0,8,1,A01
202000026141,1,2,,13,0,2,17,A01
202000026142,1,2,,0,1,1,18,A01
202000026143,1,7,,0,1,1,1,A01
202000026144,2,33,,0,0,0,1,A01
202000026145,2,7,,0,1,0,16,A01
202000026146,0,7,,0,2,1,1,B01
202000026146,0,7,,0,2,1,17,A01
202000026147,2,2,,0,0,8,1,A01
202000026148,2,2,,0,2,1,1,B01
202000026148,1,7,,0,2,2,15,A01
202000026149,1,7,,0,1,1,1,A01
202000026150,0,50,,0,2,5,1,A01
202000026150,0,7,,0,2,2,15,B01
202000026151,0,7,,0,2,3,1,B01
202000026151,0,7,,0,2,2,1,A01
202000026152,3,7,,0,9,1,9,A01
202000026152,3,1,,0,2,7,2,B01
202000026153,3,1,,0,2,2,9,A01
202000026153,0,7,,0,2,2,1,B01
202000026154,0,7,,0,2,3,23,B01
202000026154,0,33,,0,1,1,1,A01
202000026155,1,7,,0,1,1,1,A01
202000026156,1,7,,0,2,3,1,B01
202000026156,1,7,,0,2,2,16,A01
202000026157,1,7,,0,2,6,10,A01
202000026157,1,2,,0,2,1,1,B01
202000026158,2,7,,0,2,1,1,B01
202000026158,1,7,,0,2,3,15,A01
202000026159,1,33,,0,2,7,17,B01
202000026159,1,7,,0,2,3,9,A01
202000026160,2,1,,0,2,1,1,B01
202000026160,1,7,,0,2,2,15,A01
202000026161,1,1,,0,2,7,1,B01
202000026161,2,7,,0,2,1,1,A01
202000026162,3,10,,0,1,2,0,A01
202000026163,1,7,,0,1,1,1,A01
202000026164,1,37,1.0,0,2,1,1,C01
202000026164,1,7,,0,2,0,1,B01
202000026164,1,7,,0,2,1,1,A01
202000026165,1,7,,0,2,4,23,B01
202000026165,1,33,,0,2,1,1,A01
202000026166,1,7,,0,1,1,1,A01
202000026167,0,7,,0,2,3,9,A01
202000026167,0,80,,0,0,0,0,B01
202000026168,0,7,,0,2,4,0,B01
202000026168,0,10,,0,2,1,1,A01
202000026169,3,7,,0,1,2,26,A01
202000026170,1,7,,0,1,1,12,A01
202000026171,2,7,,0,2,1,1,B01
202000026171,3,7,,0,2,1,15,A01
202000026172,3,7,,0,2,5,23,B01
202000026172,3,7,,0,2,3,1,A01
202000026173,3,0,,0,1,0,15,Z01
202000026174,1,7,,0,1,1,10,A01
202000026175,1,7,,0,2,1,1,B01
202000026175,2,7,,9,2,1,13,A01
202000026176,2,7,,0,2,1,1,B01
202000026176,2,7,,0,2,1,1,A01
202000026177,1,33,,0,2,4,1,A01
202000026177,1,7,,0,2,1,2,Z01
202000026178,0,7,,0,1,1,1,A01
202000026179,1,7,,0,2,1,15,B01
202000026179,2,33,,0,2,1,2,A01
202000026180,0,7,,0,2,3,1,A01
202000026180,0,33,,0,2,1,1,B01
202000026181,1,7,,0,2,1,13,A01
202000026181,2,1,,0,2,1,0,B01
202000026182,3,7,,0,9,1,15,A01
202000026182,3,1,,0,2,1,1,B01
202000026183,3,7,,8,0,1,26,A01
202000026184,2,7,,0,2,4,1,B01
202000026184,2,32,,0,2,1,1,A01
202000026185,2,17,,0,2,3,23,B01
202000026185,2,1,,0,2,0,0,C01
202000026185,2,7,,0,2,1,1,A01
202000026186,1,2,,0,2,1,17,A01
202000026186,2,7,,0,2,3,1,B01
202000026187,1,7,,0,2,1,1,A01
202000026187,1,7,,0,2,4,2,B01
202000026187,1,10,,0,2,3,1,C01
202000026188,1,31,,0,1,7,14,A01
202000026188,1,7,,0,2,6,1,B01
202000026189,2,7,,0,2,1,1,A01
202000026189,2,7,,0,2,7,1,B01
202000026190,0,31,,0,2,1,1,B01
202000026190,0,7,,0,2,1,1,A01
202000026191,1,30,,0,2,4,15,A01
202000026191,1,31,,15,2,1,21,B01
202000026192,1,7,,0,1,1,1,A01
202000026193,1,7,,0,2,1,1,A01
202000026193,1,7,,0,2,4,2,B01
202000026194,1,30,,12,0,0,26,A01
202000026195,2,7,,0,2,1,26,A01
202000026195,2,2,,0,2,1,1,B01
202000026196,3,7,,0,1,2,1,A01
202000026197,1,7,,1,1,2,1,A01
202000026198,3,30,,0,2,1,15,A01
202000026198,3,7,,0,2,1,1,B01
202000026199,1,10,,0,2,3,23,C01
202000026199,1,7,,0,2,1,1,B01
202000026199,1,7,,0,2,7,15,A01
202000026200,3,7,,0,2,8,15,B01
202000026200,1,7,,0,2,3,1,A01
202000026201,2,31,,0,2,1,1,B01
202000026202,0,2,,0,0,5,1,A01
202000026203,2,7,,0,1,1,7,A01
202000026204,2,10,,0,2,0,0,Z01
202000026204,2,3,,0,2,3,1,A01
202000026205,1,7,,12,0,4,2,B01
202000026205,1,7,,0,2,1,2,C01
202000026205,1,7,,0,2,1,2,A01
202000026206,1,7,,0,2,1,15,B01
202000026206,1,31,,0,2,1,18,A01
202000026207,1,33,,0,2,1,2,B01
202000026207,2,10,,0,2,7,15,A01
202000026208,1,14,,0,2,3,2,B01
202000026208,1,7,,4,2,5,17,A01
202000026209,2,7,,0,0,1,1,A01
202000026210,2,7,,0,1,2,1,A01
202000026211,2,7,,8,0,2,14,A01
202000026212,1,7,,0,1,2,1,A01
202000026213,2,7,,0,1,0,16,A01
202000026214,2,30,,0,2,7,17,A01
202000026214,2,7,,0,2,8,9,B01
202000026215,1,7,,0,2,7,2,C01
202000026215,2,7,,0,1,2,20,A01
202000026215,1,7,,0,2,2,0,B01
202000026216,1,14,,0,2,1,1,A01
202000026216,1,1,,0,2,7,14,B01
202000026217,2,33,,0,2,4,23,A01
202000026217,2,7,,0,2,1,2,Z01
202000026218,2,30,,0,2,1,5,A01
202000026218,1,43,,0,2,3,1,B01
202000026219,1,31,,0,2,1,1,B01
202000026219,2,7,,0,2,2,1,A01
202000026220,2,7,,0,2,3,15,B01
202000026220,2,32,,0,2,1,17,A01
202000026221,1,30,,0,2,8,9,B01
202000026221,1,33,,0,2,1,1,A01
202000026222,1,7,,0,2,0,12,B01
202000026222,1,34,,1,2,1,1,A01
202000026223,1,50,,0,2,7,1,B01
202000026223,2,7,,0,2,2,15,A01
202000026224,2,60,,0,2,1,17,A01
202000026224,2,7,,0,2,3,23,B01
202000026225,1,1,,0,2,1,1,B01
202000026225,1,10,,0,2,2,16,A01
202000026226,1,33,,0,2,2,1,B01
202000026226,1,7,,0,2,3,11,A01
202000026227,2,1,,0,2,1,2,A01
202000026227,2,7,,0,2,4,23,B01
202000026228,1,30,,0,1,1,16,A01
202000026229,1,2,,0,2,2,16,A01
202000026229,2,1,,0,2,2,19,B01
202000026230,2,1,,0,0,0,1,A01
202000026231,3,1,,0,0,1,25,A01
202000026232,3,7,,0,2,2,1,A01
202000026232,1,32,,0,2,7,1,B01
202000026233,2,7,,0,2,2,1,B01
202000026233,2,32,,0,2,3,18,A01
202000026234,1,33,,0,1,1,1,A01
202000026235,1,7,,0,2,1,16,A01
202000026235,1,34,,0,2,4,23,B01
202000026236,1,7,,0,2,1,1,A01
202000026236,1,7,,0,2,6,1,B01
202000026237,3,10,,0,1,4,20,A01
202000026238,2,33,,0,2,7,0,B01
202000026238,1,7,,0,2,1,1,A01
202000026239,2,7,,0,1,3,0,A01
202000026240,0,1,,0,1,1,1,A01
202000026241,2,7,,0,1,2,1,A01
202000026242,3,7,,0,2,4,26,B01
202000026242,3,7,,0,2,1,2,A01
202000026243,0,30,,0,2,2,17,A01
202000026243,0,7,,0,2,3,15,B01
202000026244,1,34,,0,2,1,1,B01
202000026244,1,7,,0,2,8,15,A01
202000026245,1,30,,0,0,0,26,A01
202000026246,3,7,,12,2,1,1,B01
202000026246,3,7,,12,2,1,1,A01
202000026247,2,7,,0,0,4,1,A01
202000026247,2,10,,0,2,1,1,B01
202000026248,3,7,,0,2,3,19,B01
202000026248,3,7,,0,2,1,11,A01
202000026249,3,34,,0,2,8,1,B01
202000026249,3,3,,0,2,1,9,A01
202000026250,1,7,,0,1,1,26,A01
202000026251,3,7,,0,2,4,1,B01
202000026251,3,7,,0,2,1,2,A01
202000026252,1,7,,0,2,1,21,A01
202000026253,1,7,,0,2,7,15,A01
202000026253,2,33,,0,2,1,1,B01
202000026254,1,10,,0,2,0,1,B01
202000026254,1,2,,0,2,1,1,A01
202000026255,1,2,,0,1,1,1,A01
202000026256,1,7,,0,2,4,1,B01
202000026256,1,10,,0,2,1,1,A01
202000026257,1,7,,0,1,2,1,A01
202000026258,1,10,,0,2,5,2,B01
202000026258,1,7,,7,2,3,13,A01
202000026259,2,30,,0,1,1,1,A01
202000026260,1,7,,0,2,3,13,B01
202000026260,1,33,,0,2,2,17,A01
202000026261,2,7,,0,2,1,0,Z01
202000026261,2,7,,0,2,4,23,A01
202000026262,1,7,,0,1,4,4,A01
202000026263,2,7,,1,1,4,17,A01
202000026264,1,14,,0,2,2,1,A01
202000026264,1,7,,0,2,3,13,B01
202000026265,1,7,,0,0,0,0,B01
202000026265,1,33,,0,2,1,17,A01
202000026266,2,31,,0,2,1,1,B01
202000026266,1,10,,0,2,5,15,A01
202000026267,2,7,,2,0,3,13,A01
202000026268,1,7,,1,0,6,0,A01
202000026268,1,7,,1,0,2,2,B01
202000026269,1,7,,0,1,1,1,A01
202000026270,1,2,,0,2,1,19,B01
202000026270,2,7,,0,2,1,1,A01
202000026271,2,7,,0,1,8,4,A01
202000026272,2,17,,14,0,2,1,A01
202000026272,2,7,,0,0,4,23,B01
202000026273,2,7,,2,0,1,1,A01
202000026274,3,32,,0,2,3,5,B01
202000026274,3,7,,0,2,3,5,A01
202000026275,2,33,,0,2,1,19,B01
202000026275,1,7,,0,2,8,10,A01
202000026276,1,7,,0,2,8,15,B01
202000026276,1,7,,0,2,1,17,A01
202000026277,2,7,,13,0,2,1,A01
202000026278,2,7,,0,2,3,15,B01
202000026278,2,2,,0,2,7,17,A01
202000026279,1,7,,0,2,3,13,A01
202000026279,2,16,,0,2,3,1,B01
202000026280,1,7,,13,0,3,19,A01
202000026281,3,31,,13,0,7,1,A01
202000026282,2,33,,13,0,3,1,A01
202000026283,2,33,,13,0,1,17,A01
202000026284,2,7,,0,2,3,13,A01
202000026284,1,7,,0,2,3,1,B01
202000026285,2,7,,1,0,1,1,A01
202000026285,1,15,,0,2,3,24,B01
202000026286,1,7,,0,0,9,21,A01
202000026287,1,33,,0,2,1,2,A01
202000026287,1,7,,0,0,6,1,B01
202000026288,1,10,,2,0,1,1,A01
202000026289,1,7,,0,2,1,24,B01
202000026289,2,7,,1,1,1,13,A01
202000026290,2,33,,0,2,7,1,A01
202000026290,2,33,,0,0,6,14,B01
202000026291,1,7,,13,0,2,2,A01
202000026292,1,7,,0,1,3,26,A01
202000026293,1,7,,13,2,7,6,B01
202000026293,2,7,,0,2,1,1,A01
202000026294,1,7,,13,0,2,21,A01
202000026295,2,7,,0,0,8,15,A01
202000026295,2,33,,0,0,1,17,B01
202000026296,2,10,,0,2,1,1,B01
202000026296,1,7,,0,2,1,5,A01
202000026297,2,7,,0,2,3,26,A01
202000026297,1,33,,0,2,0,17,B01
202000026298,2,7,,0,2,1,2,A01
202000026298,2,7,,0,0,4,23,B01
202000026299,2,7,,0,2,1,2,C01
202000026299,2,7,,0,2,4,1,A01
202000026299,2,7,,0,2,4,2,B01
202000026300,1,7,,0,2,3,1,A01
202000026300,1,7,,0,2,5,1,B01
202000026300,1,10,,0,2,0,1,Z01
202000026301,1,7,,4,0,3,13,A01
202000026302,2,7,,0,2,5,2,B01
202000026302,2,7,,0,2,3,2,A01
202000026303,2,10,,0,2,1,12,A01
202000026303,2,7,,0,2,4,2,B01
202000026303,2,7,,0,2,6,2,C01
202000026304,2,43,,0,2,2,1,D01
202000026304,2,7,,0,2,4,1,C01
202000026304,2,7,,0,2,4,1,B01
202000026304,2,7,,0,2,1,11,A01
202000026305,1,7,,0,2,1,21,D01
202000026305,1,7,,0,2,1,21,C01
202000026305,1,7,,0,2,2,21,B01
202000026305,1,33,,0,2,1,21,A01
202000026305,1,7,,0,2,5,26,E01
202000026306,1,10,,0,2,3,1,A01
202000026307,2,7,,0,2,2,12,A01
202000026307,2,33,,0,2,3,1,B01
202000026308,1,34,,0,0,0,3,A01
202000026309,2,7,,3,2,1,2,A01
202000026309,2,10,,0,2,1,2,B01
202000026310,2,7,,4,0,0,1,A01
202000026311,2,10,,0,2,1,11,A01
202000026311,2,10,,0,2,1,1,B01
202000026311,2,7,,0,2,0,0,C01
202000026312,2,7,,0,2,0,0,C01
202000026312,2,33,,0,2,1,3,A01
202000026312,2,7,,0,2,2,1,B01
202000026313,1,33,,0,0,9,26,A01
202000026314,2,7,,0,2,2,12,A01
202000026314,2,33,,0,2,1,3,B01
202000026314,2,7,,0,2,4,1,C01
202000026315,1,7,,0,2,4,1,A01
202000026315,1,14,,0,2,1,0,Z01
202000026316,2,7,,0,2,4,2,B01
202000026316,2,10,,0,2,1,2,A01
202000026317,2,7,,0,2,6,11,A01
202000026317,2,31,,0,2,1,3,B01
202000026318,1,7,,0,2,1,21,B01
202000026318,1,7,,0,2,4,26,A01
202000026318,1,16,,0,2,3,21,D01
202000026318,1,7,,0,2,2,26,C01
202000026319,1,7,,1,0,1,2,A01
202000026319,1,7,,0,2,4,23,B01
202000026320,1,7,,0,2,1,1,A01
202000026320,1,7,,0,2,4,2,C01
202000026320,1,7,,0,2,4,2,B01
202000026321,2,33,,0,0,9,14,A01
202000026322,1,7,,0,2,6,15,A01
202000026322,2,1,,0,2,8,1,B01
202000026323,1,1,,0,0,0,13,A01
202000026324,1,2,,0,2,1,17,A01
202000026324,1,7,,0,2,8,15,B01
202000026325,1,7,,0,1,3,15,A01
202000026326,2,7,,0,2,3,13,A01
202000026326,1,99,,0,2,0,1,B01
202000026327,1,7,,0,1,3,1,A01
202000026328,3,7,,0,2,1,2,A01
202000026328,3,7,,0,0,4,23,B01
202000026329,1,7,,0,1,3,19,A01
202000026330,2,7,,8,0,3,0,A01
202000026331,1,32,,0,2,1,17,A01
202000026331,1,14,,0,2,6,2,C01
202000026331,2,1,,0,2,1,1,B01
202000026332,3,7,,0,2,2,1,A01
202000026332,3,7,,0,2,3,1,B01
202000026333,2,10,,0,2,1,2,A01
202000026333,3,10,,0,2,4,2,B01
202000026334,2,7,,0,2,3,0,A01
202000026334,1,7,,0,2,3,0,B01
202000026335,1,1,,0,2,1,1,A01
202000026335,2,7,,0,2,2,15,B01
202000026336,2,7,,0,1,2,1,A01
202000026337,3,7,,0,2,3,26,A01
202000026337,3,37,3.0,0,2,2,8,B01
202000026338,1,7,,0,1,1,1,A01
202000026339,3,7,,0,1,2,1,A01
202000026340,2,7,,0,2,1,1,A01
202000026340,2,1,,0,2,2,1,B01
202000026341,1,33,,0,2,1,1,B01
202000026341,3,38,5.0,0,2,2,19,A01
202000026342,1,7,,0,2,6,15,B01
202000026342,1,30,,0,2,1,17,A01
202000026343,2,31,,0,2,1,1,A01
202000026343,2,7,,0,2,3,15,B01
202000026344,3,60,,0,2,8,19,B01
202000026344,1,7,,0,2,1,12,A01
202000026345,1,10,,0,2,7,9,A01
202000026345,1,7,,0,2,3,2,B01
202000026346,1,3,,0,2,8,13,A01
202000026346,1,33,,0,2,7,17,B01
202000026347,1,7,,0,0,9,0,A01
202000026348,2,7,,0,2,2,15,B01
202000026348,1,7,,0,2,1,8,A01
202000026349,2,1,,0,0,4,26,A01
202000026349,2,7,,0,2,1,16,B01
202000026350,2,1,,0,1,1,1,A01
202000026351,2,2,,0,2,1,23,B01
202000026351,2,7,,0,2,1,15,A01
202000026352,2,7,,0,2,1,16,B01
202000026352,1,34,,0,2,7,25,A01
202000026353,1,1,,0,2,5,13,B01
202000026353,0,7,,0,2,3,15,A01
202000026354,0,10,,0,2,8,1,C01
202000026354,0,30,,0,2,7,17,A01
202000026354,0,7,,0,2,1,1,B01
202000026355,2,30,,0,0,0,15,A01
202000026356,1,7,,0,2,4,2,B01
202000026356,1,7,,0,2,1,9,Z01
202000026357,2,10,,0,1,4,4,A01
202000026358,2,1,,0,2,1,1,B01
202000026358,1,7,,0,2,2,15,A01
202000026359,1,7,,0,2,2,1,B01
202000026359,2,7,,0,2,1,13,A01
202000026360,1,33,,12,0,3,1,A01
202000026361,2,1,,0,2,8,0,B01
202000026361,2,10,,0,2,2,9,A01
202000026362,1,7,,13,0,7,1,A01
202000026363,1,7,,0,1,5,1,A01
202000026364,3,37,1.0,0,1,2,25,A01
202000026365,0,13,,0,2,0,0,B01
202000026365,0,7,,0,2,3,16,A01
202000026366,1,20,,0,0,0,0,B01
202000026366,1,20,,16,0,1,9,A01
202000026367,1,7,,0,2,5,2,A01
202000026367,2,2,,0,2,1,1,B01
202000026368,0,10,,0,9,2,15,A01
202000026368,0,43,,0,2,8,1,B01
202000026369,3,7,,0,0,4,23,B01
202000026369,3,7,,0,2,1,26,A01
202000026370,1,7,,0,2,5,1,B01
202000026370,2,7,,0,2,1,1,A01
202000026371,1,33,,0,0,8,13,A01
202000026371,2,10,,0,0,0,21,B01
202000026372,1,7,,0,1,1,1,A01
202000026373,1,15,,0,2,8,1,D01
202000026373,1,7,,0,2,2,0,C01
202000026373,1,7,,0,2,3,1,B01
202000026373,1,7,,0,2,9,12,A01
202000026374,1,7,,0,2,5,1,B01
202000026374,1,7,,0,2,6,1,C01
202000026374,1,31,,0,2,1,3,A01
202000026375,2,43,,0,2,2,1,A01
202000026375,2,7,,0,2,3,1,B01
202000026376,2,7,,0,2,5,12,A01
202000026376,2,32,,0,2,1,3,B01
202000026377,1,7,,0,1,2,15,A01
202000026378,2,32,,0,0,2,21,A01
202000026379,2,10,,1,1,7,16,A01
202000026380,2,7,,0,2,6,9,B01
202000026380,1,30,,0,2,1,17,A01
202000026381,2,7,,0,2,6,23,B01
202000026381,2,7,,0,2,2,1,A01
202000026382,1,2,,0,2,7,17,Z01
202000026382,2,1,,0,2,1,1,B01
202000026383,3,31,,0,2,1,1,A01
202000026383,3,7,,0,2,5,15,B01
202000026384,1,1,,0,2,1,1,B01