Num_Acc,senc,catv,occutc,obs,obsm,choc,manv,num_veh
202000026384,2,7,,0,2,7,16,A01
202000026385,3,10,,0,2,1,2,A01
202000026385,3,31,,0,2,4,2,B01
202000026385,3,7,,0,2,4,23,C01
202000026386,0,1,,0,2,5,19,A01
202000026386,3,33,,0,2,3,1,B01
202000026387,2,33,,0,1,1,1,A01
202000026388,2,1,,0,2,0,1,Z01
202000026388,1,1,,0,2,4,1,A01
202000026389,2,7,,0,1,2,1,A01
202000026390,3,7,,0,2,8,11,A01
202000026390,3,31,,0,2,7,1,B01
202000026391,2,1,,0,2,8,1,B01
202000026391,2,7,,0,2,2,14,A01
202000026392,1,2,,0,2,1,1,B01
202000026392,1,7,,0,2,6,10,A01
202000026393,3,7,,0,2,2,2,A01
202000026393,3,7,,0,2,4,2,B01
202000026393,3,7,,0,2,4,23,C01
202000026394,1,33,,6,2,2,1,B01
202000026394,1,7,,0,2,1,1,A01
202000026395,2,43,,0,1,2,1,A01
202000026396,1,34,,14,0,1,1,A01
202000026397,3,1,,0,2,1,1,B01
202000026397,3,7,,0,2,5,22,A01
202000026398,2,33,,0,1,1,1,A01
202000026399,1,50,,0,2,1,26,A01
202000026399,3,10,,0,2,2,2,B01
202000026400,2,1,,0,1,1,1,Z01
202000026401,1,33,,0,2,4,23,B01
202000026401,1,32,,0,2,1,2,A01
202000026402,3,2,,0,2,2,1,B01
202000026402,3,7,,0,2,7,15,A01
202000026403,3,2,,12,0,3,1,A01
202000026404,3,0,,0,1,1,26,A01
202000026405,1,7,,1,2,5,2,A01
202000026405,1,7,,1,2,1,2,B01
202000026406,1,50,,0,2,1,1,A01
202000026406,2,7,,0,2,1,15,B01
202000026407,1,7,,0,9,3,1,A01
202000026407,-1,1,,0,2,-1,-1,B01
202000026408,1,32,,0,0,2,1,B01
202000026408,1,7,,0,0,8,11,A01
202000026409,2,7,,0,2,1,0,B01
202000026409,1,7,,0,2,1,9,A01
202000026410,1,1,,1,0,0,0,A01
202000026410,1,7,,1,0,0,0,B01
202000026411,3,1,,0,1,1,1,A01
202000026412,1,30,,0,2,1,2,B01
202000026412,1,7,,0,2,5,4,A01
202000026413,2,7,,0,2,4,23,E01
202000026413,2,7,,0,2,4,23,D01
202000026413,2,7,,0,2,4,23,C01
202000026413,2,31,,0,2,4,23,B01
202000026413,2,7,,0,2,1,2,A01
202000026414,1,7,,0,2,3,15,B01
202000026414,2,7,,0,2,1,1,A01
202000026415,3,33,,6,0,1,1,A01
202000026416,1,7,,0,1,7,16,A01
202000026417,2,7,,0,1,7,0,A01
202000026418,2,7,,8,0,2,1,A01
202000026419,0,33,,14,0,1,0,A01
202000026420,2,7,,0,2,1,1,A01
202000026420,2,7,,0,2,3,1,B01
202000026421,2,7,,13,0,0,1,A01
202000026422,2,33,,0,0,7,1,A01
202000026423,2,33,,0,2,1,2,A01
202000026423,2,7,,0,2,3,15,B01
202000026424,2,7,,0,2,3,5,A01
202000026424,1,7,,0,2,3,1,B01
202000026425,1,7,,0,2,1,2,B01
202000026425,1,7,,0,2,4,2,A01
202000026426,1,7,,0,2,8,1,B01
202000026426,2,7,,0,2,3,1,A01
202000026427,1,10,,1,0,1,5,A01
202000026428,1,33,,0,2,1,1,A01
202000026428,2,33,,0,2,1,1,B01
202000026429,1,7,,7,2,2,15,A01
202000026429,2,7,,0,2,1,1,B01
202000026430,1,7,,0,2,2,1,A01
202000026430,1,1,,0,2,8,1,B01
202000026431,2,7,,0,0,0,1,A01
202000026432,2,7,,0,2,3,0,A01
202000026432,1,7,,0,2,2,0,B01
202000026433,1,33,,2,0,1,1,A01
202000026434,2,7,,0,2,6,1,B01
202000026434,1,7,,0,2,3,13,A01
202000026435,1,7,,0,1,2,1,A01
202000026436,1,7,,2,2,7,2,A01
202000026436,1,7,,2,2,8,2,B01
202000026437,0,7,,0,1,0,4,A01
202000026438,2,33,,2,0,0,13,A01
202000026439,1,30,,0,2,1,2,B01
202000026439,1,7,,0,0,5,9,A01
202000026440,1,7,,2,0,8,1,A01
202000026441,1,7,,0,2,2,16,A01
202000026441,1,1,,0,2,8,1,B01
202000026442,1,33,,0,2,7,1,B01
202000026442,1,7,,0,2,1,16,A01
202000026443,1,7,,13,0,2,1,A01
202000026444,3,7,,0,1,6,4,A01
202000026445,1,33,,0,6,1,1,A01
202000026446,2,10,,0,2,1,13,A01
202000026446,1,10,,0,2,6,1,E01
202000026446,1,7,,0,2,8,1,B01
202000026446,1,7,,0,2,6,2,C01
202000026446,1,7,,0,2,1,1,D01
202000026447,1,7,,0,2,2,1,B01
202000026447,3,7,,0,2,3,9,A01
202000026448,1,33,,14,0,1,1,A01
202000026449,3,7,,0,2,7,9,A01
202000026449,1,31,,0,2,1,1,B01
202000026450,0,7,,6,0,1,16,A01
202000026451,2,7,,0,2,3,15,A01
202000026451,1,33,,0,2,1,1,B01
202000026452,1,33,,0,0,2,0,A01
202000026453,2,2,,12,0,2,1,A01
202000026454,1,7,,13,0,0,0,A01
202000026455,1,21,,0,2,8,15,B01
202000026455,1,7,,0,2,2,17,A01
202000026456,1,2,,0,2,1,17,A01
202000026456,1,7,,0,2,8,15,B01
202000026457,1,33,,0,2,1,2,A01
202000026457,1,33,,0,0,4,2,B01
202000026458,1,7,,1,0,1,2,C01
202000026458,1,7,,0,0,3,1,A01
202000026458,1,10,,0,2,1,2,B01
202000026459,2,7,,0,2,2,15,A01
202000026459,1,1,,0,2,1,1,B01
202000026460,1,7,,0,2,2,0,A01
202000026460,1,17,,0,0,6,1,B01
202000026461,1,10,,0,2,8,1,B01
202000026461,1,10,,0,2,3,1,A01
202000026462,2,15,,0,2,3,1,B01
202000026462,1,7,,0,2,3,13,A01
202000026463,0,2,,0,2,1,13,A01
202000026463,1,10,,0,2,3,23,B01
202000026464,1,10,,0,2,2,1,A01
202000026464,3,1,,0,2,1,9,B01
202000026465,3,7,,0,0,0,2,B01
202000026465,3,33,,0,0,0,2,A01
202000026466,3,2,,0,2,1,1,A01
202000026466,3,7,,0,0,5,1,B01
202000026467,1,33,,0,0,7,16,A01
202000026468,2,2,,0,2,2,1,B01
202000026468,3,7,,0,2,3,19,A01
202000026469,2,7,,0,1,1,1,A01
202000026470,2,7,,0,1,3,1,A01
202000026471,2,33,,0,0,1,1,A01
202000026472,3,1,,0,2,8,19,A01
202000026472,1,7,,0,2,1,1,B01
202000026473,1,7,,1,0,4,24,B01
202000026473,1,7,,1,0,1,1,A01
202000026474,1,7,,0,0,3,15,B01
202000026474,1,33,,0,0,7,1,A01
202000026475,1,7,,0,0,4,15,B01
202000026475,1,33,,0,2,1,2,A01
202000026476,1,7,,13,2,3,19,A01
202000026476,2,7,,13,2,2,1,B01
202000026477,1,34,,0,2,3,1,B01
202000026477,2,10,,0,2,3,13,A01
202000026478,2,21,,0,0,4,4,A01
202000026478,1,1,,0,0,2,1,B01
202000026479,2,2,,0,2,1,5,B01
202000026479,1,7,,0,2,1,1,A01
202000026480,2,7,,0,0,9,0,A01
202000026481,1,7,,0,2,2,1,A01
202000026481,1,7,,0,2,6,13,B01
202000026482,2,33,,0,0,0,14,A01
202000026483,2,7,,0,2,8,1,B01
202000026483,2,7,,0,2,1,1,A01
202000026484,1,7,,0,2,4,0,B01
202000026484,1,7,,0,2,1,9,A01
202000026485,1,7,,0,2,4,2,B01
202000026485,1,7,,0,2,1,2,A01
202000026486,1,7,,0,2,4,2,C01
202000026486,1,7,,0,2,1,1,A01
202000026486,1,7,,0,2,4,2,B01
202000026487,1,7,,0,2,1,2,B01
202000026487,1,7,,0,2,4,2,A01
202000026488,1,42,,0,2,1,11,B01
202000026488,1,10,,0,2,6,1,A01
202000026489,2,10,,0,2,1,2,A01
202000026489,2,7,,0,2,4,2,B01
202000026490,0,7,,0,0,0,0,A01
202000026491,1,7,,0,2,1,2,A01
202000026491,1,7,,0,2,4,1,B01
202000026492,1,34,,14,0,1,2,A01
202000026493,1,7,,4,0,2,1,A01
202000026494,2,7,,0,2,6,11,B01
202000026494,2,31,,0,2,6,3,A01
202000026495,2,7,,0,2,4,2,B01
202000026495,2,15,,0,2,1,2,A01
202000026496,1,32,,0,2,1,17,B01
202000026496,1,7,,0,2,3,10,A01
202000026497,3,7,,13,0,1,1,A01
202000026498,2,7,,0,2,1,1,A01
202000026498,2,31,,0,2,4,23,B01
202000026499,3,7,,1,0,1,1,A01
202000026500,1,7,,0,9,1,1,A01
202000026500,2,60,,0,2,1,1,B01
202000026501,1,7,,0,2,7,15,A01
202000026501,2,31,,0,2,1,1,B01
202000026502,3,7,,0,1,2,16,A01
202000026503,2,50,,12,0,0,0,A01
202000026504,1,2,,0,2,1,2,A01
202000026505,2,7,,0,1,4,4,A01
202000026506,1,7,,1,0,1,0,A01
202000026507,2,31,,0,0,1,1,B01
202000026507,1,10,,0,2,3,15,A01
202000026508,1,1,,0,9,7,26,B01
202000026508,2,1,,0,9,8,26,A01
202000026509,2,7,,0,2,1,9,A01
202000026509,1,1,,0,2,7,1,B01
202000026510,3,33,,0,2,8,1,B01
202000026510,3,2,,0,2,7,12,A01
202000026511,3,7,,0,1,1,15,A01
202000026512,3,32,,0,1,2,9,A01
202000026513,1,7,,0,1,1,16,A01
202000026514,1,31,,0,2,1,1,B01
202000026514,1,34,,0,2,3,10,A01
202000026515,2,7,,0,2,3,16,A01
202000026515,1,1,,0,2,1,1,B01
202000026516,3,32,,0,2,3,18,A01
202000026516,3,7,,0,2,5,1,B01
202000026517,1,7,,0,2,1,1,A01
202000026517,1,1,,0,2,7,1,B01
202000026518,1,7,,0,2,2,1,A01
202000026518,2,50,,0,2,1,1,Y01
202000026519,2,1,,0,2,4,1,B01
202000026519,1,1,,0,2,1,1,A01
202000026520,2,1,,0,2,7,19,B01
202000026520,1,7,,0,2,2,1,A01
202000026521,2,10,,0,2,1,26,A01
202000026521,2,7,,0,2,4,23,B01
202000026521,2,7,,0,2,4,23,C01
202000026522,3,7,,0,1,2,15,A01
202000026523,1,33,,0,0,0,1,A01
202000026524,1,50,,0,2,1,5,A01
202000026524,2,7,,0,2,1,1,B01
202000026525,1,7,,0,2,1,13,A01
202000026525,2,7,,0,2,1,1,B01
202000026526,2,1,,0,0,1,1,A01
202000026527,3,7,,0,2,1,2,A01
202000026527,3,7,,0,2,4,2,C01
202000026527,3,7,,0,2,4,2,B01
202000026528,3,30,,0,2,0,11,B01
202000026528,3,7,,0,2,3,1,A01
202000026529,3,2,,0,1,0,0,A01
202000026530,1,33,,0,0,7,0,A01
202000026531,0,7,,0,1,1,16,A01
202000026532,3,7,,0,2,1,2,A01
202000026532,3,7,,0,2,4,23,B01
202000026533,1,30,,0,2,1,1,A01
202000026533,1,7,,0,2,4,9,B01
202000026534,3,7,,0,2,2,9,A01
202000026534,3,7,,0,2,3,1,B01
202000026535,1,7,,0,2,4,1,C01
202000026535,1,7,,0,2,4,1,B01
202000026535,1,7,,0,2,1,1,A01
202000026536,3,7,,0,2,4,15,B01
202000026536,3,31,,0,2,1,2,A01
202000026537,3,1,,0,2,8,1,C01
202000026537,3,1,,0,2,8,1,B01
202000026537,3,7,,0,9,2,1,A01
202000026538,3,7,,8,0,1,26,A01
202000026539,3,33,,0,2,1,1,A01
202000026539,3,7,,0,2,6,1,B01
202000026540,3,7,,0,2,1,9,B01
202000026540,2,7,,0,2,1,1,A01
202000026541,2,7,,0,2,3,1,A01
202000026541,3,1,,0,2,2,1,B01
202000026542,1,2,,0,2,7,1,B01
202000026542,1,10,,0,2,1,9,A01
202000026543,2,7,,6,0,1,1,A01
202000026544,1,1,,0,2,0,0,B01
202000026544,1,7,,0,2,0,0,A01
202000026545,1,7,,0,2,4,0,C01
202000026545,1,7,,0,2,1,0,A01
202000026545,1,7,,0,2,9,0,B01
202000026546,1,1,,0,0,0,0,B01
202000026546,1,7,,0,2,1,0,A01
202000026547,1,1,,0,2,1,0,B01
202000026547,1,7,,0,2,1,0,A01
202000026548,1,7,,0,0,9,0,A01
202000026549,1,7,,0,2,2,15,A01
202000026549,2,7,,0,2,1,1,B01
202000026550,3,7,,0,2,4,2,B01
202000026550,3,10,,0,2,4,23,A01
202000026550,3,7,,0,2,1,2,C01
202000026551,1,1,,0,2,8,1,B01
202000026551,2,10,,0,2,2,16,A01
202000026552,1,10,,0,1,1,1,A01
202000026553,0,0,,-1,-1,-1,0,T01
202000026553,1,37,1.0,0,2,2,1,B01
202000026553,3,1,,0,2,1,19,A01
202000026554,1,7,,0,2,1,1,B01
202000026554,3,7,,0,2,1,15,A01
202000026555,2,2,,0,2,1,17,B01
202000026555,2,7,,0,2,3,15,A01
202000026556,3,7,,0,1,2,16,A01
202000026557,3,7,,0,2,7,15,A01
202000026557,3,32,,0,2,2,1,B01
202000026558,2,1,,0,2,0,1,B01
202000026558,1,7,,0,2,3,26,A01
202000026559,1,30,,12,0,6,1,A01
202000026560,3,30,,12,0,8,1,A01
202000026561,0,7,,0,2,3,0,Z01
202000026561,0,31,,0,2,1,9,A01
202000026562,1,7,,0,2,4,1,C01
202000026562,1,10,,0,2,4,2,B01
202000026562,1,7,,0,2,1,2,A01
202000026563,1,7,,0,1,2,21,A01
202000026564,1,7,,0,1,1,15,A01
202000026565,1,17,,0,2,1,1,B01
202000026565,2,7,,0,2,1,13,A01
202000026566,2,7,,0,2,6,1,B01
202000026566,1,32,,0,2,8,17,A01
202000026567,0,7,,0,2,4,2,C01
202000026567,1,7,,0,2,1,2,B01
202000026567,1,7,,0,2,1,1,A01
202000026568,3,10,,0,2,2,1,A01
202000026568,3,10,,0,2,1,16,B01
202000026569,1,7,,0,2,2,1,B01
202000026569,2,1,,0,2,1,5,A01
202000026570,2,7,,0,2,4,1,B01
202000026570,2,7,,0,2,1,1,A01
202000026571,1,7,,0,2,6,15,A01
202000026571,1,37,1.0,0,2,2,1,B01
202000026572,2,7,,0,2,2,15,A01
202000026572,1,7,,0,2,3,1,B01
202000026573,2,2,,0,2,1,1,B01
202000026573,1,7,,0,2,2,15,A01
202000026574,0,33,,0,2,1,13,A01
202000026574,0,7,,0,2,1,1,C01
202000026574,0,7,,0,2,2,1,B01
202000026575,1,7,,0,2,4,1,B01
202000026575,1,7,,0,2,1,1,A01
202000026576,0,13,,0,1,0,23,C01
202000026576,0,7,,0,1,6,1,B01
202000026576,0,13,,0,1,3,1,A01
202000026577,0,7,,0,2,1,13,A01
202000026577,0,7,,0,2,1,1,B01
202000026578,2,7,,0,1,1,1,A01
202000026579,2,7,,0,2,2,15,A01
202000026579,0,31,,0,2,1,0,B01
202000026580,1,7,,0,2,1,1,B01
202000026580,1,15,,0,2,1,16,A01
202000026581,2,7,,0,2,4,1,B01
202000026581,2,7,,0,2,1,1,A01
202000026582,0,31,,10,0,1,1,A01
202000026583,1,2,,0,0,1,9,A01
202000026584,1,7,,0,2,3,13,A01
202000026584,2,7,,0,2,3,1,B01
202000026585,1,7,,13,0,2,14,A01
202000026586,1,37,1.0,0,1,1,15,A01
202000026587,2,33,,3,0,1,1,A01
202000026588,1,7,,0,2,1,16,A01
202000026588,2,99,,0,2,7,1,B01
202000026589,1,7,,0,2,1,0,B01
202000026589,1,7,,7,2,1,0,A01
202000026590,2,2,,0,2,2,1,B01
202000026590,2,7,,0,2,8,20,A01
202000026591,0,7,,0,1,1,1,A01
202000026592,2,7,,0,2,1,2,A01
202000026592,2,3,,0,2,4,2,B01
202000026593,2,7,,0,2,1,1,B01
202000026593,1,3,,0,2,1,11,A01
202000026594,1,7,,0,1,1,16,A01
202000026595,2,7,,0,1,1,1,A01
202000026596,1,2,,0,2,1,1,B01
202000026596,1,7,,0,2,2,15,A01
202000026597,1,7,,0,2,1,1,A01
202000026597,1,7,,0,2,4,1,B01
202000026598,2,7,,3,0,3,1,A01
202000026599,2,33,,0,2,2,17,A01
202000026599,2,10,,0,2,8,15,B01
202000026600,1,31,,0,0,0,1,A01
202000026600,0,7,,0,0,0,0,B01
202000026601,2,33,,0,2,1,1,B01
202000026601,1,7,,0,2,2,15,A01
202000026601,2,7,,0,2,3,1,C01
202000026602,2,7,,0,2,1,1,B01
202000026602,1,7,,0,2,1,1,A01
202000026603,1,7,,0,1,1,1,A01
202000026604,3,7,,8,0,2,1,A01
202000026605,1,7,,9,0,1,13,A01
202000026606,0,7,,0,2,4,23,B01
202000026606,0,7,,0,2,1,1,A01
202000026607,2,10,,0,2,1,1,B01
202000026607,1,7,,0,2,0,0,A01
202000026608,1,7,,0,1,1,1,A01
202000026609,1,7,,0,2,1,2,A01
202000026609,1,7,,0,2,4,2,B01
202000026609,1,7,,0,0,4,2,C01
202000026610,2,7,,0,2,4,23,B01
202000026610,2,7,,0,2,1,2,A01
202000026611,1,7,,0,2,3,11,B01
202000026611,1,33,,0,2,2,17,A01
202000026612,1,7,,0,1,1,15,A01
202000026613,1,2,,0,0,0,21,A01
202000026614,1,7,,0,2,3,14,B01
202000026614,1,7,,0,2,2,1,A01
202000026615,1,7,,0,9,9,1,A01
202000026616,1,7,,0,9,8,1,A01
202000026617,1,7,,0,2,4,2,C01
202000026617,1,33,,0,2,4,2,B01
202000026617,1,7,,0,2,1,2,A01
202000026618,1,7,,13,0,9,13,A01
202000026619,1,7,,0,9,2,16,A01
202000026619,2,80,,0,2,3,5,B01
202000026620,2,7,,0,2,1,2,B01
202000026620,2,1,,0,2,8,19,A01
202000026621,2,7,,0,2,6,1,A01
202000026621,3,7,,0,2,1,1,B01
202000026622,2,7,,0,1,3,1,A01
202000026623,1,32,,9,0,2,14,A01
202000026624,3,1,,0,0,0,26,A01
202000026625,0,32,,0,2,1,1,B01
202000026625,0,7,,0,2,1,15,A01
202000026626,2,7,,1,1,2,17,A01
202000026627,0,14,,3,0,9,1,A01
202000026628,1,30,,0,1,1,17,A01
202000026629,1,7,,0,2,2,15,A01
202000026629,2,7,,0,2,1,1,B01
202000026630,2,7,,0,2,4,2,B01
202000026630,2,7,,0,2,1,2,A01
202000026631,0,10,,0,1,1,1,A01
202000026632,3,10,,0,2,7,20,B01
202000026632,3,10,,1,1,8,0,C01
202000026632,3,10,,1,2,3,18,A01
202000026633,3,30,,0,1,1,1,A01
202000026634,1,7,,0,1,2,1,A01
202000026635,2,7,,0,1,2,1,A01
202000026636,1,7,,0,1,0,13,A01
202000026637,2,7,,0,2,1,1,B01
202000026637,1,7,,0,2,1,19,A01
202000026638,1,7,,0,2,7,15,A01
202000026638,2,7,,0,2,2,1,B01
202000026639,1,50,,11,0,1,13,A01
202000026640,1,2,,14,0,0,1,A01
202000026641,1,10,,0,2,2,15,B01
202000026641,2,30,,0,2,1,1,A01
202000026642,1,33,,0,2,3,18,A01
202000026642,1,7,,0,2,2,16,B01
202000026643,1,10,,0,1,1,4,A01
202000026644,1,7,,0,2,2,10,A01
202000026644,2,33,,0,2,1,1,B01
202000026645,1,33,,0,2,7,1,A01
202000026645,2,7,,0,2,8,15,Z01
202000026646,3,7,,0,1,1,15,A01
202000026647,1,10,,0,1,7,22,A01
202000026648,1,7,,0,1,3,15,A01
202000026649,2,1,,1,0,4,1,A01
202000026650,2,7,,0,2,5,24,A01
202000026650,2,31,,0,2,3,18,B01
202000026651,2,30,,0,2,1,1,B01
202000026651,2,7,,0,2,5,16,A01
202000026652,1,10,,0,1,5,16,A01
202000026653,1,7,,0,1,2,9,A01
202000026654,3,7,,1,0,2,9,A01
202000026654,3,7,,1,0,0,0,C01
202000026654,3,14,,0,2,3,1,B01
202000026655,1,33,,0,0,0,0,B01
202000026655,1,10,,0,2,3,15,A01
202000026656,1,7,,0,2,1,1,A01
202000026656,1,7,,0,2,4,1,B01
202000026656,1,7,,0,0,4,1,C01
202000026657,-1,30,,0,1,1,0,A01
202000026658,-1,7,,0,0,1,19,A01
202000026658,-1,7,,0,0,2,1,B01
202000026659,3,7,,0,1,1,26,Z01
202000026660,1,7,,0,1,2,1,A01
202000026661,1,7,,0,2,1,1,B01
202000026661,1,7,,0,2,8,1,A01
202000026662,2,7,,0,2,8,20,B01
202000026662,2,33,,0,2,1,1,A01
202000026663,3,7,,0,2,4,9,A01
202000026663,1,32,,0,2,1,2,B01
202000026664,3,7,,0,1,2,16,A01
202000026665,1,7,,0,1,2,1,A01
202000026666,2,7,,0,2,5,2,A01
202000026666,2,7,,0,2,0,2,B01
202000026667,1,15,,0,1,7,17,A01
202000026668,0,7,,0,1,1,19,A01
202000026669,2,7,,0,2,1,10,A01
202000026669,1,7,,0,2,1,2,B01
202000026670,1,32,,0,2,4,2,B01
202000026670,1,7,,0,2,1,1,A01
202000026671,1,7,,0,2,8,1,B01
202000026671,1,7,,0,2,3,1,A01
202000026672,1,32,,0,0,0,0,A01
202000026673,2,7,,1,0,2,14,A01
202000026674,3,7,,0,1,4,4,A01
202000026675,1,1,,0,0,0,0,B01
202000026675,1,7,,0,2,2,17,A01
202000026676,0,7,,0,9,3,11,A01
202000026676,0,1,,0,2,0,1,B01
202000026677,3,7,,0,9,8,9,A01
202000026677,2,1,,0,2,1,2,B01
202000026678,1,7,,5,2,3,0,A01
202000026678,1,14,,0,2,6,1,B01
202000026679,2,7,,2,0,3,1,A01
202000026680,2,14,,0,0,6,2,B01
202000026680,2,7,,0,2,2,2,A01
202000026681,2,7,,0,0,2,1,A01
202000026682,1,7,,0,2,2,2,A01
202000026682,1,7,,0,0,4,2,B01
202000026683,2,7,,0,2,1,0,B01
202000026683,1,10,,0,2,1,17,A01
202000026684,0,7,,0,1,2,19,A01
202000026685,2,7,,0,0,6,15,B01
202000026685,1,7,,0,2,3,15,A01
202000026686,2,7,,2,0,1,1,A01
202000026687,2,7,,0,2,1,13,A01
202000026687,1,10,,0,2,1,1,B01
202000026688,3,7,,0,2,3,1,A01
202000026688,3,7,,0,2,3,1,B01
202000026689,0,36,,0,0,0,0,A01
202000026690,1,21,,0,2,6,1,B01
202000026690,2,7,,0,2,1,1,A01
202000026691,1,7,,15,0,1,1,A01
202000026692,1,7,,14,0,1,1,A01
202000026693,1,30,,0,2,4,2,B01
202000026693,1,7,,0,2,1,2,A01
202000026694,1,7,,17,0,3,1,A01
202000026695,1,7,,0,2,3,1,A01
202000026695,2,7,,0,2,3,1,B01
202000026696,1,7,,8,2,3,21,B01
202000026696,2,7,,6,2,3,13,A01
202000026697,1,7,,0,1,2,1,A01
202000026698,0,7,,0,1,2,1,A01
202000026699,1,7,,2,0,8,14,A01
202000026700,1,7,,2,0,1,1,A01
202000026701,2,2,,0,0,1,1,A01
202000026702,2,7,,16,0,0,1,A01
202000026703,1,20,,0,0,6,1,B01
202000026703,2,7,,0,2,3,1,A01
202000026704,2,10,,15,0,1,1,A01
202000026705,3,2,,0,0,7,1,A01
202000026706,2,7,,0,0,0,1,A01
202000026707,2,1,,0,2,8,2,B01
202000026707,2,10,,0,9,5,17,A01
202000026708,2,7,,0,0,1,0,A01
202000026709,3,7,,9,0,1,1,A01
202000026710,2,7,,0,2,8,17,A01
202000026710,1,7,,0,2,3,21,B01
202000026711,1,7,,13,2,8,10,B01
202000026711,1,15,,0,2,2,1,A01
202000026712,1,7,,0,2,2,15,B01
202000026712,2,2,,0,2,1,1,A01
202000026713,1,15,,0,2,3,1,B01
202000026713,2,7,,0,2,3,13,A01
202000026714,2,7,,11,0,1,1,A01
202000026715,0,7,,0,2,0,1,B01
202000026715,0,7,,0,2,1,1,A01
202000026716,2,7,,0,2,3,13,A01
202000026716,1,7,,0,2,3,1,B01
202000026717,1,7,,0,1,2,1,A01
202000026718,1,7,,0,2,2,11,A01
202000026718,2,7,,0,2,2,12,B01
202000026719,1,7,,0,1,1,1,A01
202000026720,1,7,,2,0,1,1,A01
202000026721,3,7,,6,0,1,1,A01
202000026722,1,33,,0,2,2,9,B01
202000026722,1,7,,0,0,4,9,A01
202000026723,1,7,,0,2,1,1,A01
202000026723,2,7,,0,2,3,9,B01
202000026724,1,15,,0,2,8,2,C01
202000026724,1,7,,0,2,0,1,B01
202000026724,2,7,,0,2,0,5,A01
202000026725,1,7,,0,2,4,9,A01
202000026725,2,7,,0,2,2,2,C01
202000026725,2,7,,0,2,6,2,B01
202000026726,2,10,,0,2,2,1,A01
202000026726,2,7,,0,2,6,13,B01
202000026727,1,15,,0,2,3,9,C01
202000026727,1,7,,0,2,5,2,B01
202000026727,1,7,,0,2,4,2,A01
202000026728,2,7,,0,0,9,1,A01
202000026729,2,7,,0,2,2,12,A01
202000026729,2,33,,0,2,3,3,B01
202000026730,1,7,,0,2,1,5,A01
202000026730,1,7,,0,2,1,1,B01
202000026731,1,33,,0,2,1,3,D01
202000026731,1,10,,0,2,1,1,E01
202000026731,1,7,,0,2,1,1,F01
202000026731,1,7,,0,2,4,1,A01
202000026731,1,7,,0,2,1,1,B01
202000026731,1,7,,0,2,1,1,C01
202000026732,1,10,,0,2,4,2,C01
202000026732,1,7,,0,2,4,2,B01
202000026732,1,7,,0,2,1,2,A01
202000026733,1,7,,0,2,4,2,C01
202000026733,1,7,,0,2,4,2,B01
202000026733,1,7,,0,2,1,26,A01
202000026734,1,7,,0,2,6,23,A01
202000026734,1,10,,1,0,2,1,B01
202000026735,2,7,,0,2,4,23,B01
202000026735,2,7,,0,2,1,1,A01
202000026735,2,7,,0,2,4,23,C01
202000026736,0,7,,0,2,3,1,A01
202000026736,0,33,,0,2,2,2,B01
202000026737,1,7,,0,2,1,1,A01
202000026737,0,21,,0,2,2,19,B01
202000026738,2,10,,10,0,1,14,A01
202000026739,1,31,,0,0,8,21,A01
202000026740,1,7,,0,2,4,1,B01
202000026740,1,2,,0,2,1,1,A01
202000026741,2,33,,3,0,0,0,A01
202000026742,1,1,,0,0,4,1,B01
202000026742,1,10,,0,2,2,1,A01
202000026743,2,7,,10,2,4,23,B01
202000026743,2,7,,0,2,4,23,C01
202000026743,2,7,,1,0,1,2,A01
202000026744,1,36,,6,0,2,0,A01
202000026745,2,7,,0,2,3,1,A01
202000026745,1,33,,0,2,3,1,B01
202000026746,2,2,,0,2,1,15,B01
202000026746,2,7,,0,2,3,16,A01
202000026747,2,33,,6,2,1,17,A01
202000026747,2,7,,0,2,3,15,B01
202000026748,2,33,,13,0,8,14,A01
202000026749,3,1,,0,1,2,0,A01
202000026750,3,7,,0,0,5,20,A01
202000026750,3,2,,0,2,1,18,B01
202000026751,1,7,,0,1,2,1,A01
202000026752,2,7,,2,0,9,21,A01
202000026753,1,32,,0,2,7,1,B01
202000026753,0,7,,0,2,3,26,A01
202000026754,2,33,,0,2,1,17,A01
202000026754,1,21,,0,0,6,15,B01
202000026755,2,7,,0,0,1,1,A01
202000026756,1,7,,13,0,1,13,A01
202000026757,2,10,,0,0,8,23,C01
202000026757,2,7,,0,2,5,1,A01
202000026757,2,10,,0,2,2,1,B01
202000026758,1,17,,0,9,2,23,A01
202000026758,2,1,,0,0,0,16,B01
202000026759,2,1,,0,2,1,1,B01
202000026759,1,7,,0,2,7,15,A01
202000026760,1,7,,0,2,1,5,B01
202000026760,2,7,,0,2,1,13,A01
202000026761,3,7,,0,2,3,1,B01
202000026761,3,2,,0,2,8,13,A01
202000026762,0,15,,0,2,0,1,C01
202000026762,0,7,,0,0,6,2,B01
202000026762,0,32,,0,2,0,17,A01
202000026763,2,7,,0,2,1,2,A01
202000026763,2,7,,0,2,4,2,B01
202000026764,3,38,1.0,0,1,7,16,A01
202000026765,2,7,,0,0,4,2,A01
202000026765,2,7,,0,2,4,2,B01
202000026765,2,33,,0,2,4,2,C01
202000026766,2,7,,0,2,1,15,A01
202000026766,1,7,,0,2,1,1,B01
202000026767,2,7,,0,2,5,2,C01
202000026767,2,7,,0,0,4,2,E01
202000026767,2,7,,0,2,4,2,B01
202000026767,2,7,,0,2,4,2,D01
202000026767,2,7,,0,2,1,2,A01