Num_Acc,senc,catv,occutc,obs,obsm,choc,manv,num_veh
202000026768,1,15,,0,2,2,1,B01
202000026768,2,7,,0,2,5,15,A01
202000026769,1,1,,0,0,0,1,A01
202000026770,1,7,,4,0,1,18,A01
202000026771,3,7,,0,2,4,4,A01
202000026771,0,2,,0,2,6,1,B01
202000026772,2,7,,0,2,2,13,A01
202000026772,1,37,1.0,0,2,3,1,B01
202000026773,1,7,,0,2,3,2,B01
202000026773,1,33,,0,2,2,17,A01
202000026774,1,7,,0,0,4,1,A01
202000026774,1,33,,0,2,1,2,B01
202000026775,1,33,,0,0,8,1,A01
202000026776,0,10,,2,0,2,1,A01
202000026777,1,7,,0,1,1,1,A01
202000026778,1,33,,2,0,1,0,A01
202000026779,1,33,,7,0,0,0,A01
202000026780,3,7,,0,1,5,4,A01
202000026781,2,7,,0,2,3,1,B01
202000026781,1,2,,0,2,3,13,A01
202000026782,2,7,,0,2,8,21,B01
202000026782,1,7,,0,2,2,13,A01
202000026783,1,15,,0,9,5,17,A01
202000026783,1,1,,0,2,8,1,B01
202000026784,2,7,,0,2,7,1,B01
202000026784,3,7,,0,2,7,19,A01
202000026785,2,3,,0,2,6,23,B01
202000026785,2,10,,0,2,1,2,A01
202000026786,1,7,,0,2,4,1,C01
202000026786,1,33,,0,2,1,1,B01
202000026786,1,7,,0,2,4,11,A01
202000026787,2,14,,0,2,4,0,B01
202000026787,2,10,,0,2,1,2,A01
202000026788,1,10,,0,2,4,2,B01
202000026788,1,33,,0,2,1,2,A01
202000026789,2,7,,0,0,9,1,A01
202000026790,1,7,,0,2,5,9,B01
202000026790,1,34,,0,2,1,9,A01
202000026791,2,7,,3,2,2,21,A01
202000026791,2,7,,0,2,6,1,B01
202000026792,1,33,,0,2,1,2,A01
202000026792,1,7,,0,2,6,1,B01
202000026793,1,33,,0,2,7,1,B01
202000026793,1,10,,0,2,8,11,A01
202000026794,2,10,,0,2,4,2,C01
202000026794,2,10,,0,2,4,2,B01
202000026794,2,10,,0,2,1,2,A01
202000026795,2,7,,0,2,5,1,B01
202000026795,2,14,,0,2,3,11,A01
202000026796,2,7,,4,2,5,2,B01
202000026796,2,7,,0,2,1,2,A01
202000026797,2,33,,0,2,1,1,B01
202000026797,2,7,,0,2,4,1,A01
202000026798,2,7,,0,2,1,1,A01
202000026798,2,7,,0,0,4,23,B01
202000026799,3,10,,0,1,3,1,A01
202000026800,1,33,,4,0,2,13,A01
202000026801,2,7,,0,0,9,14,A01
202000026802,2,10,,0,2,7,15,A01
202000026802,1,32,,0,2,1,1,B01
202000026803,1,10,,12,9,2,16,A01
202000026804,1,2,,0,2,1,1,B01
202000026804,2,10,,0,2,7,9,A01
202000026805,1,1,,0,0,0,1,A01
202000026806,3,7,,2,0,3,19,A01
202000026807,2,31,,0,0,0,13,A01
202000026808,2,33,,3,0,1,13,A01
202000026809,3,7,,0,2,4,0,B01
202000026809,3,32,,0,2,1,26,A01
202000026810,2,7,,9,0,3,17,A01
202000026811,3,7,,0,2,1,1,A01
202000026811,3,99,,0,2,0,0,B01
202000026812,1,10,,0,2,1,15,A01
202000026812,0,10,,0,2,1,1,B01
202000026813,2,7,,6,2,8,19,A01
202000026813,1,7,,0,2,1,1,B01
202000026814,1,30,,0,2,1,1,A01
202000026814,2,7,,0,2,7,1,B01
202000026815,0,7,,0,2,1,1,B01
202000026815,0,0,,0,2,1,26,A01
202000026816,2,7,,0,2,1,1,A01
202000026816,2,7,,0,2,4,2,B01
202000026816,2,7,,0,2,4,2,C01
202000026817,3,7,,15,0,1,26,A01
202000026818,3,0,,0,2,0,0,Z01
202000026818,3,50,,0,0,2,2,A01
202000026819,2,7,,3,2,3,0,A01
202000026819,2,2,,0,2,5,1,B01
202000026819,2,7,,0,2,6,1,C01
202000026820,2,30,,0,2,0,1,A01
202000026820,3,7,,0,2,2,1,B01
202000026821,3,7,,1,1,7,0,B01
202000026822,2,7,,1,0,3,14,A01
202000026823,0,7,,1,0,1,1,A01
202000026824,1,7,,0,2,6,1,B01
202000026824,1,7,,0,2,1,2,A01
202000026825,2,7,,0,2,1,1,B01
202000026825,1,7,,0,2,1,15,Z01
202000026826,1,33,,15,0,1,1,A01
202000026827,1,7,,0,2,1,1,B01
202000026827,3,7,,0,2,2,19,A01
202000026828,0,7,,7,0,1,13,A01
202000026829,2,7,,0,0,8,13,A01
202000026829,2,7,,0,2,2,17,B01
202000026830,2,30,,0,2,1,1,A01
202000026830,2,7,,0,2,8,1,B01
202000026831,2,7,,0,2,3,15,B01
202000026831,1,7,,0,2,3,1,A01
202000026832,3,7,,0,2,3,16,Z01
202000026832,1,7,,0,2,8,23,B01
202000026833,1,32,,1,0,1,1,B01
202000026833,2,7,,1,0,2,15,A01
202000026834,1,7,,0,2,3,9,A01
202000026834,1,1,,0,2,4,1,B01
202000026835,1,7,,0,2,2,12,Z01
202000026835,1,31,,0,2,8,1,A01
202000026836,1,7,,0,2,4,1,B01
202000026836,1,33,,0,2,1,1,A01
202000026836,1,7,,0,2,4,1,C01
202000026837,2,33,,0,0,7,1,Z01
202000026838,3,33,,1,2,1,1,A01
202000026838,3,33,,0,2,4,2,B01
202000026839,3,10,,0,1,1,1,A01
202000026840,2,32,,0,2,1,16,A01
202000026840,1,7,,0,2,2,1,B01
202000026841,1,7,,0,2,6,15,B01
202000026841,2,1,,0,2,1,1,A01
202000026842,2,1,,0,0,0,1,A01
202000026843,2,10,,0,2,7,20,B01
202000026843,2,32,,0,2,3,18,A01
202000026844,1,7,,4,0,1,14,A01
202000026845,1,1,,0,2,1,1,B01
202000026845,2,1,,0,2,1,13,A01
202000026846,1,43,,0,2,3,1,B01
202000026846,2,7,,0,2,3,15,A01
202000026847,2,1,,0,2,3,1,B01
202000026847,1,1,,0,2,3,11,A01
202000026848,2,32,,0,2,2,1,A01
202000026848,1,1,,0,2,8,15,B01
202000026849,2,7,,0,1,0,2,A01
202000026850,3,2,,0,2,1,0,B01
202000026850,3,7,,0,2,3,26,A01
202000026851,0,7,,0,2,1,1,A01
202000026851,0,1,,0,2,1,1,B01
202000026852,1,7,,0,2,1,1,B01
202000026852,3,7,,9,2,8,26,A01
202000026853,0,7,,0,1,2,15,A01
202000026853,0,1,,0,2,1,1,B01
202000026854,2,30,,0,2,1,10,A01
202000026854,2,34,,0,2,3,1,B01
202000026855,2,10,,0,9,4,4,B01
202000026855,2,50,,0,2,1,2,A01
202000026856,3,7,,0,1,1,15,A01
202000026857,3,1,,0,2,8,1,B01
202000026857,3,7,,0,9,3,1,A01
202000026858,2,32,,0,1,1,1,A01
202000026859,1,7,,0,0,0,1,A01
202000026860,1,33,,16,0,8,1,A01
202000026861,0,33,,16,0,0,0,A01
202000026862,1,1,,0,2,8,2,B01
202000026862,1,7,,0,9,7,2,A01
202000026863,1,7,,0,2,4,2,B01
202000026863,1,7,,0,2,1,2,A01
202000026864,1,7,,3,9,3,2,A01
202000026865,3,37,4.0,13,0,7,14,A01
202000026866,1,7,,0,2,1,1,B01
202000026866,1,33,,0,0,4,1,A01
202000026867,1,10,,0,2,3,13,A01
202000026867,2,10,,0,2,3,1,B01
202000026868,0,2,,0,2,4,1,B01
202000026868,0,7,,0,9,1,0,A01
202000026869,2,7,,0,2,1,1,B01
202000026869,1,2,,0,2,1,5,A01
202000026870,2,7,,0,2,1,1,A01
202000026870,1,50,,0,2,7,19,B01
202000026871,1,7,,7,0,1,1,A01
202000026872,0,7,,0,2,3,2,B01
202000026872,0,33,,0,2,4,2,A01
202000026873,1,7,,0,2,7,17,B01
202000026873,1,1,,0,0,8,1,A01
202000026874,2,33,,0,2,1,1,B01
202000026874,1,7,,0,2,2,15,A01
202000026875,1,33,,0,2,1,17,A01
202000026875,2,7,,0,2,3,1,B01
202000026876,1,2,,9,0,1,1,A01
202000026877,1,7,,2,0,0,1,A01
202000026878,1,7,,2,0,7,0,A01
202000026879,0,7,,8,0,1,1,A01
202000026880,1,33,,16,0,7,1,A01
202000026881,1,7,,6,0,3,13,A01
202000026882,1,7,,0,2,2,13,A01
202000026882,2,33,,0,2,1,1,B01
202000026883,2,31,,3,0,6,15,A01
202000026884,1,2,,0,2,1,1,A01
202000026884,1,7,,0,0,6,1,B01
202000026885,0,7,,13,0,1,1,A01
202000026886,2,7,,13,0,3,1,A01
202000026887,1,33,,0,2,1,1,B01
202000026887,2,7,,0,2,7,15,A01
202000026888,3,7,,0,2,1,1,B01
202000026888,3,7,,0,2,7,19,A01
202000026889,1,7,,0,0,5,2,B01
202000026889,1,33,,0,2,0,2,A01
202000026890,2,30,,0,0,0,1,A01
202000026891,1,7,,13,0,1,1,A01
202000026892,2,2,,0,2,3,21,A01
202000026892,1,7,,0,2,3,13,B01
202000026893,3,10,,0,2,7,1,A01
202000026893,3,2,,0,2,1,26,B01
202000026894,1,7,,1,0,1,1,A01
202000026895,0,31,,0,2,1,1,A01
202000026895,0,21,,0,2,1,1,B01
202000026896,1,33,,13,0,1,1,A01
202000026897,1,33,,0,0,8,15,A01
202000026898,2,7,,0,1,8,1,A01
202000026899,0,7,,0,1,1,1,A01
202000026900,3,7,,0,1,4,26,A01
202000026901,2,7,,0,1,3,1,A01
202000026902,1,7,,0,1,3,1,A01
202000026903,1,7,,15,0,1,1,A01
202000026904,1,7,,13,0,1,1,A01
202000026905,1,7,,0,2,3,1,B01
202000026905,2,43,,0,2,1,13,A01
202000026906,2,2,,0,5,1,0,A01
202000026907,2,7,,0,0,1,1,A01
202000026908,2,7,,0,1,3,0,A01
202000026909,2,7,,0,2,7,17,B01
202000026909,2,7,,4,2,1,13,A01
202000026910,2,37,1.0,0,1,5,20,A01
202000026911,2,32,,0,0,6,1,A01
202000026911,2,7,,0,2,2,1,B01
202000026912,1,10,,0,0,0,1,A01
202000026913,1,7,,0,2,1,2,A01
202000026913,1,7,,0,2,4,2,B01
202000026914,2,7,,13,0,1,14,A01
202000026915,2,1,,0,9,0,17,B01
202000026915,2,1,,0,9,0,13,A01
202000026916,1,34,,1,0,0,0,A01
202000026917,3,7,,0,2,2,1,A01
202000026917,3,2,,0,2,1,1,B01
202000026918,2,7,,0,2,3,1,B01
202000026918,1,7,,0,2,3,13,A01
202000026919,2,33,,13,0,1,1,A01
202000026920,3,7,,1,0,2,14,A01
202000026921,2,7,,4,0,1,0,A01
202000026922,2,7,,0,2,1,17,A01
202000026922,1,10,,0,2,1,1,D01
202000026922,1,7,,0,2,1,1,C01
202000026922,1,7,,0,2,8,1,B01
202000026923,2,14,,0,2,3,1,B01
202000026923,1,33,,0,2,1,13,A01
202000026924,2,1,,0,2,1,17,B01
202000026924,1,7,,0,2,1,21,A01
202000026925,2,33,,0,2,7,21,A01
202000026925,2,7,,0,0,6,1,B01
202000026926,2,7,,0,2,1,0,B01
202000026926,1,7,,0,2,1,13,A01
202000026927,2,33,,0,0,8,2,A01
202000026928,3,2,,0,1,1,1,A01
202000026929,1,7,,0,2,2,10,A01
202000026929,1,7,,0,2,1,1,B01
202000026930,1,7,,0,2,0,1,B01
202000026930,2,7,,0,2,1,0,A01
202000026931,2,10,,0,1,2,1,A01
202000026932,2,7,,6,0,1,1,A01
202000026933,3,21,,0,2,4,15,A01
202000026933,3,7,,0,2,1,1,B01
202000026934,0,7,,0,0,0,15,A01
202000026934,1,33,,0,0,0,1,B01
202000026935,2,7,,0,2,7,15,A01
202000026935,1,2,,0,2,1,1,B01
202000026936,0,7,,0,1,2,1,A01
202000026937,1,10,,13,0,1,0,A01
202000026938,3,33,,0,0,7,1,A01
202000026939,1,2,,0,0,0,1,A01
202000026940,1,7,,0,9,2,1,B01
202000026940,1,7,,2,0,8,17,A01
202000026941,2,33,,0,2,1,1,B01
202000026941,1,7,,0,0,1,15,A01
202000026942,2,2,,0,0,0,1,A01
202000026943,2,15,,0,2,5,17,A01
202000026943,2,1,,0,2,8,1,B01
202000026944,1,7,,0,0,1,0,A01
202000026945,1,7,,7,0,8,23,C01
202000026945,1,7,,7,2,1,1,B01
202000026945,2,7,,0,0,1,15,A01
202000026946,1,7,,0,1,7,0,A01
202000026947,0,7,,2,0,1,1,A01
202000026948,2,7,,0,2,3,1,A01
202000026948,1,33,,0,2,1,6,B01
202000026949,2,33,,0,0,0,1,A01
202000026950,1,7,,0,2,1,15,C01
202000026950,1,33,,0,2,1,23,B01
202000026950,1,7,,0,0,6,23,A01
202000026951,1,33,,0,1,4,23,B01
202000026951,1,7,,0,2,1,2,A01
202000026952,2,7,,0,2,3,0,A01
202000026952,2,7,,0,2,3,1,B01
202000026953,1,7,,6,0,1,0,A01
202000026954,0,33,,0,0,8,16,A01
202000026955,2,7,,13,0,1,0,A01
202000026956,2,33,,0,0,8,1,A01
202000026957,3,33,,13,0,1,1,A01
202000026958,2,7,,0,2,8,15,B01
202000026958,2,33,,0,2,1,17,A01
202000026959,1,7,,0,2,7,1,A01
202000026959,1,17,,0,2,0,13,B01
202000026960,2,7,,13,0,9,13,A01
202000026961,1,7,,0,2,2,1,B01
202000026961,1,7,,4,0,6,12,A01
202000026962,2,7,,0,0,4,23,C01
202000026962,2,7,,1,0,1,2,A01
202000026962,2,7,,0,2,1,23,B01
202000026963,3,7,,13,2,3,1,A01
202000026963,3,7,,12,2,3,1,B01
202000026964,1,7,,0,0,2,14,A01
202000026964,1,1,,0,0,4,1,B01
202000026964,1,1,,0,0,4,1,C01
202000026965,1,2,,0,9,3,13,A01
202000026966,2,7,,14,2,3,2,C01
202000026966,1,33,,0,2,1,1,B01
202000026966,2,2,,0,2,3,15,A01
202000026967,2,7,,13,0,1,1,A01
202000026968,1,7,,0,2,4,1,A01
202000026968,1,32,,0,2,1,1,B01
202000026969,1,7,,0,2,2,1,A01
202000026969,2,1,,0,0,4,1,B01
202000026970,1,7,,0,2,1,1,A01
202000026970,1,33,,0,2,8,9,D01
202000026971,2,7,,0,2,6,10,A01
202000026971,1,7,,0,2,3,1,B01
202000026972,1,7,,0,2,4,2,D01
202000026972,1,7,,0,2,4,2,C01
202000026972,1,7,,0,2,4,2,B01
202000026972,1,7,,0,2,1,2,A01
202000026973,1,7,,1,0,2,14,A01
202000026974,0,1,,0,0,1,0,A01
202000026975,2,7,,0,2,3,19,A01
202000026975,1,33,,0,2,1,1,B01
202000026976,-1,7,,0,2,1,0,D01
202000026976,-1,7,,0,2,4,0,C01
202000026976,-1,7,,0,2,4,0,B01
202000026976,-1,10,,0,9,4,0,A01
202000026977,1,7,,0,9,7,1,A01
202000026977,1,1,,0,2,8,1,B01
202000026978,3,1,,0,9,1,0,B01
202000026978,3,1,,0,9,1,0,A01
202000026979,1,10,,3,2,3,2,A01
202000026979,1,7,,3,0,5,2,C01
202000026979,1,7,,0,2,5,2,B01
202000026980,2,7,,0,9,2,1,A01
202000026980,1,1,,0,2,3,1,B01
202000026981,1,33,,0,2,8,1,A01
202000026981,1,7,,0,2,3,1,B01
202000026982,2,7,,0,1,5,20,A01
202000026983,1,7,,0,1,1,1,A01
202000026984,1,7,,0,2,7,1,A01
202000026984,2,7,,0,2,1,1,B01
202000026985,3,7,,0,2,1,15,A01
202000026985,3,31,,0,2,3,1,B01
202000026986,2,7,,13,0,1,14,A01
202000026987,2,2,,0,2,3,13,A01
202000026987,1,7,,0,2,3,1,B01
202000026988,0,33,,0,2,1,1,B01
202000026988,0,7,,0,2,3,1,A01
202000026989,1,32,,0,0,0,16,A01
202000026990,2,7,,4,2,4,2,A01
202000026990,2,7,,4,2,4,2,B01
202000026990,2,7,,4,2,4,2,C01
202000026990,2,7,,0,0,0,0,Z01
202000026991,2,7,,0,0,0,26,Z01
202000026991,2,7,,4,0,3,21,A01
202000026992,2,7,,0,2,1,2,B01
202000026992,2,7,,0,2,1,1,C01
202000026992,2,7,,0,0,1,2,A01
202000026993,2,14,,0,2,3,1,B01
202000026993,1,7,,0,2,3,13,A01
202000026994,2,7,,0,2,6,1,B01
202000026994,2,31,,0,2,1,0,A01
202000026995,2,31,,8,0,0,1,A01
202000026996,2,33,,0,2,1,1,A01
202000026996,2,3,,0,2,0,0,Z01
202000026997,1,7,,0,2,4,2,A01
202000026997,1,7,,0,2,0,18,Z01
202000026997,1,10,,0,2,1,2,B01
202000026998,3,7,,0,2,6,24,B01
202000026998,3,7,,1,0,2,1,A01
202000026999,2,7,,0,2,0,1,B01
202000026999,2,7,,0,2,1,1,A01
202000027000,2,31,,0,0,8,17,A01
202000027001,1,7,,0,2,4,2,B01
202000027001,1,7,,0,2,1,2,A01
202000027002,1,30,,0,2,1,1,A01
202000027002,1,7,,0,2,2,15,B01
202000027003,1,7,,0,2,1,2,A01
202000027003,1,7,,0,2,4,2,B01
202000027003,1,7,,0,2,4,1,C01
202000027004,1,30,,0,2,2,14,A01
202000027004,1,10,,0,2,3,1,B01
202000027005,1,7,,0,2,1,14,A01
202000027005,1,7,,0,2,6,1,B01
202000027006,1,7,,0,2,3,11,B01
202000027006,1,33,,4,2,2,26,A01
202000027007,2,1,,0,1,1,1,Z01
202000027008,2,7,,0,2,6,1,A01
202000027008,2,15,,0,2,2,12,B01
202000027009,1,10,,0,2,3,2,B01
202000027009,1,7,,3,2,1,13,A01
202000027010,2,10,,1,0,1,13,A01
202000027011,2,33,,6,0,3,2,A01
202000027012,2,10,,0,2,2,16,B01
202000027012,2,30,,0,2,3,7,A01
202000027013,2,7,,0,2,1,26,D01
202000027013,2,7,,14,2,1,26,C01
202000027013,2,7,,0,2,8,26,B01
202000027013,2,15,,0,0,0,26,A01
202000027014,1,32,,14,0,2,1,A01
202000027015,1,10,,7,0,5,4,A01
202000027016,1,33,,0,2,1,11,A01
202000027016,2,7,,0,2,1,15,B01
202000027017,2,17,,0,2,2,2,A01
202000027017,2,7,,0,2,6,2,B01
202000027018,1,7,,0,1,2,26,A01
202000027018,1,10,,0,2,3,21,B01
202000027019,2,7,,0,2,1,1,C01
202000027019,2,17,,0,2,1,1,B01
202000027019,2,7,,0,2,4,11,A01
202000027020,3,33,,0,2,2,2,A01
202000027020,3,7,,0,2,4,1,B01
202000027021,1,7,,4,2,6,1,A01
202000027021,1,7,,0,2,1,1,Z01
202000027022,0,7,,0,1,6,20,A01
202000027023,1,0,,0,2,0,0,Z01
202000027023,1,33,,7,0,1,3,A01
202000027024,3,7,,0,2,2,1,A01
202000027024,3,7,,0,2,8,1,B01
202000027025,1,33,,0,2,1,19,A01
202000027025,2,2,,0,2,8,1,B01
202000027026,2,7,,0,2,2,16,A01
202000027026,1,2,,0,2,1,1,B01
202000027027,1,7,,0,2,7,15,B01
202000027027,2,30,,0,2,0,0,A01
202000027028,2,34,,0,2,6,18,A01
202000027028,2,7,,0,2,5,16,B01
202000027029,2,10,,0,1,2,16,A01
202000027030,2,7,,0,2,5,1,B01
202000027030,2,2,,0,2,1,21,A01
202000027031,1,13,,6,0,1,1,A01
202000027032,1,7,,0,1,1,16,A01
202000027033,2,7,,0,2,2,10,A01
202000027033,1,31,,0,2,1,1,B01
202000027034,2,7,,0,1,2,1,A01
202000027035,2,7,,12,0,1,26,A01
202000027036,1,7,,6,0,1,2,A01
202000027037,1,7,,0,2,6,2,B01
202000027037,1,32,,0,2,2,2,A01
202000027038,2,13,,1,0,1,1,A01
202000027038,2,13,,1,0,4,24,B01
202000027039,1,17,,0,2,3,1,B01
202000027039,2,7,,0,2,1,13,A01
202000027040,1,2,,0,2,1,1,A01
202000027040,1,7,,0,0,8,1,B01
202000027041,3,7,,0,2,2,26,A01
202000027041,1,7,,0,2,1,1,B01
202000027042,1,7,,13,0,8,13,A01
202000027043,2,7,,0,2,3,1,B01
202000027043,1,7,,0,2,1,13,A01
202000027044,1,7,,0,2,2,9,B01
202000027044,1,31,,0,2,7,5,A01
202000027045,1,31,,13,0,0,1,A01
202000027046,1,7,,0,1,3,17,A01
202000027047,2,7,,2,0,3,11,A01
202000027048,2,1,,0,2,2,1,B01
202000027048,2,7,,0,2,1,9,A01
202000027049,2,7,,0,2,8,21,B01
202000027049,2,7,,0,2,2,1,C01
202000027049,2,7,,0,2,6,1,A01
202000027050,2,7,,2,0,7,1,A01
202000027051,3,30,,0,2,1,26,A01
202000027051,3,37,1.0,0,2,6,23,B01
202000027052,3,7,,0,1,5,1,A01
202000027053,2,32,,0,0,0,1,A01
202000027054,2,7,,13,0,1,1,A01
202000027055,0,1,,0,2,4,1,B01
202000027055,0,14,,0,2,3,10,A01
202000027056,1,7,,0,2,1,15,A01
202000027056,1,2,,0,2,1,1,B01
202000027057,0,7,,2,0,2,0,A01
202000027058,1,34,,0,2,1,17,A01
202000027058,1,7,,0,2,0,26,B01
202000027059,0,32,,0,2,7,1,B01
202000027059,0,7,,0,2,1,1,A01
202000027060,2,7,,0,2,3,1,B01
202000027060,1,7,,0,0,6,15,A01
202000027061,0,7,,0,1,2,1,A01
202000027062,3,7,,0,2,1,14,B01
202000027062,3,7,,0,2,6,15,A01
202000027063,3,7,,0,1,1,0,A01
202000027064,3,7,,6,1,1,26,A01
202000027065,1,7,,13,2,0,2,T01
202000027065,1,10,,12,1,2,17,A01
202000027066,1,7,,0,2,7,15,A01
202000027066,2,33,,0,2,1,1,B01
202000027067,0,7,,0,2,1,1,A01
202000027067,0,10,,0,2,2,1,B01
202000027068,1,1,,0,0,9,1,A01
202000027069,2,7,,0,2,3,0,A01
202000027069,2,33,,0,2,1,0,B01
202000027070,2,7,,6,0,1,1,A01
202000027071,1,33,,0,2,1,1,A01
202000027072,1,7,,0,1,8,1,A01
202000027073,0,7,,0,1,1,1,Z01
202000027074,1,43,,0,0,1,1,A01
202000027075,1,7,,3,0,3,1,A01
202000027076,2,7,,0,2,3,9,A01
202000027076,2,2,,0,2,5,1,B01
202000027077,1,7,,0,2,6,0,C01
202000027077,2,33,,1,2,7,1,B01
202000027077,1,7,,0,2,2,17,A01
202000027078,3,32,,7,0,1,1,A01
202000027079,1,7,,0,2,8,2,A01
202000027079,1,33,,0,2,5,2,B01
202000027080,1,10,,4,0,9,13,A01
202000027081,1,10,,6,0,1,1,A01
202000027082,1,7,,0,1,2,1,A01
202000027083,1,30,,0,1,1,1,A01
202000027084,2,7,,0,1,1,26,A01
202000027085,1,7,,14,0,1,1,A01
202000027086,1,7,,8,0,1,9,A01
202000027087,2,36,,0,0,8,1,A01
202000027088,2,7,,0,2,1,16,B01
202000027088,1,7,,0,2,3,17,A01
202000027089,1,7,,0,2,6,15,A01
202000027089,1,33,,0,2,1,13,B01
202000027090,1,31,,6,1,2,1,A01
202000027091,2,1,,0,2,1,1,B01
202000027091,1,1,,0,2,1,17,A01
202000027092,1,7,,0,2,1,23,A01
202000027092,1,7,,0,2,0,0,B01
202000027093,3,32,,8,0,1,14,A01
202000027094,1,7,,0,2,1,1,Z01
202000027094,1,7,,0,2,4,1,B01
202000027095,1,32,,0,2,8,15,A01
202000027095,2,33,,0,2,1,1,B01
202000027096,1,7,,0,2,3,13,A01
202000027096,2,7,,0,0,3,1,B01
202000027097,2,32,,0,2,0,17,A01
202000027097,2,99,,0,0,0,0,B01
202000027098,1,7,,0,2,1,2,A01
202000027098,1,7,,0,2,4,2,C01
202000027098,1,7,,0,2,9,2,B01
202000027099,2,7,,0,2,4,1,C01
202000027099,2,7,,0,2,4,1,B01
202000027099,2,7,,0,2,1,1,A01
202000027100,3,7,,0,2,1,2,B01
202000027100,3,7,,0,2,1,26,A01
202000027101,3,30,,0,0,8,1,A01
202000027102,1,10,,0,1,2,9,A01
202000027103,2,7,,0,2,1,9,A01
202000027103,1,7,,0,2,1,1,B01
202000027104,1,7,,0,2,3,10,B01
202000027104,1,30,,0,2,1,1,A01
202000027105,2,7,,0,0,4,1,A01
202000027105,2,7,,0,2,1,1,B01
202000027106,1,7,,0,1,1,1,A01
202000027107,2,7,,0,2,3,13,A01
202000027107,1,7,,0,2,3,13,B01
202000027108,1,7,,0,1,1,1,A01
202000027109,2,7,,0,2,6,15,B01
202000027109,2,7,,0,2,1,1,A01
202000027110,1,1,,0,2,0,0,A01
202000027110,1,10,,0,2,2,2,B01
202000027111,1,99,,0,2,4,0,B01
202000027111,1,7,,0,2,0,0,C01
202000027112,2,10,,0,1,1,15,A01
202000027113,3,2,,0,0,0,15,A01
202000027113,3,7,,0,0,9,1,B01
202000027114,3,30,,11,0,1,1,A01
202000027115,2,7,,0,2,4,1,B01
202000027115,2,15,,0,2,1,1,A01
202000027116,3,7,,0,2,8,10,A01
202000027116,3,30,,0,2,1,1,B01
202000027117,3,7,,0,2,2,21,A01
202000027117,3,7,,0,0,6,2,B01
202000027117,3,10,,0,0,0,23,C01
202000027118,0,7,,0,2,2,21,B01
202000027118,0,7,,0,2,1,10,A01
202000027119,1,7,,3,0,3,1,A01
202000027120,1,33,,0,2,8,1,B01
202000027120,1,7,,0,2,5,9,A01
202000027121,1,31,,14,0,1,1,A01
202000027122,2,15,,0,2,3,15,A01
202000027122,1,32,,0,2,1,1,B01
202000027123,3,13,,0,2,3,15,A01
202000027123,3,7,,0,2,1,1,B01
202000027124,1,1,,1,0,1,14,A01
202000027125,3,7,,0,1,2,1,A01
202000027126,1,10,,0,1,5,4,A01
202000027127,3,7,,0,1,3,1,A01
202000027128,3,32,,0,9,3,26,A01
202000027129,3,7,,0,2,6,19,A01
202000027129,2,2,,0,2,6,0,B01
202000027130,2,33,,1,0,1,17,A01
202000027131,1,7,,0,2,3,1,B01
202000027131,2,7,,0,2,3,13,A01
202000027132,2,80,,0,2,1,1,B01
202000027132,1,1,,0,2,1,21,A01
202000027133,2,7,,0,2,1,1,C01
202000027133,1,33,,0,1,0,1,B01
202000027134,1,7,,0,2,7,15,B01
202000027134,2,2,,0,2,1,2,A01
202000027135,0,10,,0,9,1,0,A01
202000027135,0,1,,0,2,1,0,B01
202000027136,3,36,,0,1,1,26,A01
202000027137,2,2,,0,0,1,5,A01
202000027138,2,7,,4,0,1,1,A01
202000027139,1,7,,0,2,4,1,B01
202000027139,1,7,,0,2,1,1,C01
202000027139,1,7,,0,2,4,1,D01
202000027139,1,7,,0,2,1,17,A01
202000027140,3,7,,0,2,1,1,A01
202000027140,3,10,,0,2,8,1,B01
202000027141,2,7,,13,0,2,2,A01
202000027142,0,7,,0,0,4,1,B01
202000027142,0,1,,0,2,1,1,A01
202000027143,2,2,,0,2,1,17,B01
202000027143,2,3,,0,2,8,15,A01
202000027144,2,30,,0,0,0,13,A01
202000027145,0,21,,13,0,2,14,A01
202000027146,3,7,,0,1,3,1,A01
202000027147,1,7,,2,2,2,2,B01
202000027147,1,7,,0,2,3,10,A01
202000027148,2,7,,0,1,1,15,A01
202000027149,1,7,,0,0,1,1,A01
202000027150,1,7,,0,2,1,15,A01
202000027150,2,33,,0,2,3,1,B01
202000027151,1,31,,0,2,1,1,B01
202000027151,2,7,,0,2,2,17,A01
202000027152,0,7,,13,0,3,1,A01
202000027153,2,3,,9,0,3,13,A01
202000027154,2,10,,0,2,2,14,A01
202000027154,1,7,,0,2,1,1,B01
202000027155,0,7,,0,1,4,26,A01
202000027156,1,7,,13,0,1,1,A01
202000027157,1,33,,0,2,3,3,A01
202000027157,1,33,,0,2,7,17,Z01
202000027158,3,7,,13,0,0,1,A01
202000027159,2,33,,0,2,1,11,A01
202000027159,2,33,,0,2,4,3,B01
202000027159,2,7,,0,2,6,1,C01
202000027160,2,33,,0,0,0,1,A01
202000027161,1,7,,0,2,3,2,A01
202000027161,1,7,,0,1,4,23,B01
202000027162,3,7,,0,2,1,15,A01
202000027162,3,33,,0,2,1,1,B01
202000027163,2,10,,0,1,1,1,A01
202000027164,2,7,,8,0,3,1,A01
202000027165,0,7,,0,2,4,23,B01
202000027166,2,7,,0,2,3,16,A01