Num_Acc,senc,catv,occutc,obs,obsm,choc,manv,num_veh
202000027166,1,7,,0,2,1,17,B01
202000027167,1,7,,0,1,3,15,A01
202000027168,3,33,,0,0,8,0,A01
202000027169,3,31,,0,2,1,0,A01
202000027169,3,0,,0,1,4,0,B01
202000027170,2,7,,0,2,4,23,B01
202000027170,2,7,,0,2,1,1,Z01
202000027171,1,17,,0,2,4,2,B01
202000027171,1,10,,0,2,1,2,A01
202000027172,2,30,,0,2,1,1,B01
202000027172,1,10,,0,2,1,15,A01
202000027173,1,7,,0,2,3,1,B01
202000027173,1,33,,0,2,1,1,A01
202000027174,1,10,,0,1,2,1,A01
202000027175,2,1,,0,2,3,1,A01
202000027175,2,7,,0,2,1,19,Z01
202000027176,3,10,,0,1,4,4,A01
202000027177,1,7,,0,2,2,16,B01
202000027177,1,7,,0,2,3,15,A01
202000027178,1,10,,0,2,3,10,B01
202000027178,1,43,,0,2,1,1,A01
202000027179,1,7,,0,2,3,1,B01
202000027179,2,33,,0,2,1,1,A01
202000027180,3,7,,0,2,5,16,A01
202000027180,3,33,,0,2,3,16,B01
202000027181,1,7,,0,2,2,16,A01
202000027181,1,32,,0,2,3,7,B01
202000027182,2,7,,9,0,0,0,A01
202000027183,1,7,,0,1,1,1,A01
202000027184,1,7,,0,2,3,22,A01
202000027184,1,1,,0,2,1,1,B01
202000027185,1,33,,0,2,3,17,A01
202000027185,2,1,,0,2,3,1,B01
202000027186,2,32,,0,1,1,1,A01
202000027187,2,33,,0,2,8,13,A01
202000027187,2,7,,0,2,8,1,C01
202000027188,2,33,,0,2,3,1,B01
202000027188,1,7,,0,2,8,26,A01
202000027189,2,31,,14,0,1,14,A01
202000027190,2,33,,0,0,3,2,B01
202000027190,2,33,,0,0,5,2,A01
202000027191,2,30,,0,0,0,1,A01
202000027192,3,10,,0,1,3,15,A01
202000027193,0,33,,6,0,1,1,A01
202000027194,3,7,,0,2,1,1,A01
202000027194,3,1,,0,2,7,1,B01
202000027195,1,7,,0,2,2,16,B01
202000027195,1,7,,0,2,1,2,A01
202000027196,1,7,,4,0,2,0,A01
202000027197,2,7,,4,0,1,21,A01
202000027198,1,30,,0,2,8,1,A01
202000027199,1,34,,0,2,3,0,B01
202000027199,2,7,,0,2,3,13,A01
202000027200,2,33,,4,0,1,13,A01
202000027201,1,7,,0,0,3,1,B01
202000027201,2,33,,0,2,3,13,A01
202000027202,2,7,,4,0,3,26,A01
202000027203,0,50,,0,2,1,0,B01
202000027203,1,7,,0,2,1,0,A01
202000027204,2,7,,0,2,6,9,B01
202000027204,2,32,,0,2,1,14,A01
202000027205,1,10,,15,1,1,1,A01
202000027206,2,7,,0,2,4,2,B01
202000027206,2,7,,0,2,1,2,A01
202000027207,1,7,,0,2,4,2,B01
202000027207,2,7,,0,2,1,2,A01
202000027208,1,31,,11,0,1,26,A01
202000027209,1,7,,0,2,5,23,B01
202000027209,1,43,,0,2,1,2,A01
202000027210,1,1,,0,2,0,1,B01
202000027210,2,50,,0,2,1,13,A01
202000027211,2,7,,4,0,1,26,A01
202000027212,-1,10,,0,1,2,20,A01
202000027213,2,1,,1,0,2,14,A01
202000027214,1,33,,0,2,1,1,B01
202000027214,1,10,,0,0,0,0,A01
202000027215,1,10,,0,2,1,2,A01
202000027215,1,10,,0,2,4,2,B01
202000027216,2,80,,1,2,1,1,A01
202000027217,1,7,,0,2,2,26,A01
202000027217,2,7,,0,2,3,26,MB01
202000027218,1,33,,0,2,1,1,A01
202000027218,2,7,,0,2,2,1,B01
202000027218,3,7,,0,2,1,15,C01
202000027219,3,33,,0,2,7,1,B01
202000027219,2,7,,0,2,1,9,A01
202000027220,2,7,,4,0,1,21,B01
202000027220,2,7,,4,0,1,9,A01
202000027221,2,0,,0,1,3,2,Z01
202000027222,1,43,,0,2,1,1,B01
202000027222,1,1,,0,2,6,19,A01
202000027223,2,7,,4,0,1,0,A01
202000027224,3,50,,0,0,0,0,B01
202000027224,3,7,,0,9,1,9,Z01
202000027225,3,2,,0,2,1,1,B01
202000027225,3,7,,0,2,3,9,A01
202000027226,1,10,,0,1,4,20,A01
202000027227,2,1,,0,1,1,1,Z01
202000027228,0,2,,0,2,1,1,A01
202000027228,0,10,,0,2,6,1,B01
202000027229,2,7,,0,2,2,12,A01
202000027229,2,34,,0,2,3,0,B01
202000027230,1,33,,0,2,1,0,A01
202000027230,2,2,,0,2,1,0,B01
202000027231,3,0,,0,0,0,26,A01
202000027232,1,10,,0,2,3,15,A01
202000027232,2,32,,0,2,3,1,B01
202000027233,0,1,,0,0,0,15,A01
202000027234,3,7,,0,2,8,1,B01
202000027234,3,7,,0,2,3,11,A01
202000027235,1,7,,4,0,3,1,B01
202000027235,1,7,,4,2,7,1,C01
202000027235,1,7,,4,2,3,1,D01
202000027235,1,7,,4,0,1,14,A01
202000027236,2,30,,0,1,1,25,A01
202000027237,2,50,,0,2,1,5,A01
202000027237,1,7,,0,2,1,15,B01
202000027238,2,30,,0,2,8,19,A01
202000027238,1,7,,0,2,8,15,B01
202000027239,2,7,,0,2,8,1,B01
202000027239,2,17,,0,2,2,1,A01
202000027240,2,1,,0,2,6,1,A01
202000027240,1,10,,0,2,0,9,B01
202000027241,2,7,,1,0,2,14,A01
202000027242,1,7,,0,2,3,2,B01
202000027242,1,17,,0,2,2,2,A01
202000027243,1,7,,0,2,1,1,A01
202000027243,1,7,,0,2,1,1,B01
202000027243,1,7,,0,2,4,1,C01
202000027244,2,50,,1,2,1,1,A01
202000027244,2,1,,0,2,8,20,Z01
202000027245,1,1,,0,2,8,5,B01
202000027245,1,7,,0,2,1,9,A01
202000027246,2,7,,0,2,3,9,A01
202000027246,2,50,,0,2,1,5,B01
202000027247,3,50,,0,2,7,1,B01
202000027247,2,7,,0,2,3,9,A01
202000027248,1,30,,0,2,4,15,B01
202000027248,1,32,,0,2,1,1,A01
202000027249,2,33,,0,0,8,15,A01
202000027250,2,30,,0,2,1,1,A01
202000027250,3,7,,0,2,3,15,B01
202000027251,1,7,,1,1,1,1,A01
202000027252,1,1,,0,2,3,1,A01
202000027252,1,7,,0,2,1,5,B01
202000027253,1,33,,12,0,1,19,A01
202000027254,1,10,,0,2,1,13,A01
202000027254,2,7,,0,2,3,1,B01
202000027255,1,50,,0,2,3,1,B01
202000027255,1,1,,0,2,8,10,A01
202000027256,2,7,,0,2,2,16,A01
202000027256,2,2,,0,2,1,2,B01
202000027257,3,2,,0,0,0,1,A01
202000027258,0,31,,0,0,1,17,B01
202000027258,0,7,,0,2,2,15,A01
202000027259,1,1,,0,2,8,1,B01
202000027259,2,7,,0,2,1,15,A01
202000027260,1,7,,2,0,1,13,A01
202000027261,2,7,,13,0,3,1,A01
202000027262,1,7,,0,2,1,1,A01
202000027262,1,37,1.0,0,2,4,2,B01
202000027263,2,1,,0,1,1,1,A01
202000027264,0,31,,0,2,4,15,B01
202000027264,0,7,,0,2,2,15,A01
202000027265,2,10,,0,0,4,15,A01
202000027265,2,2,,0,2,1,1,B01
202000027266,3,7,,0,2,3,9,A01
202000027266,3,80,,0,2,7,1,B01
202000027267,3,10,,0,2,5,15,A01
202000027267,3,10,,0,2,1,1,B01
202000027268,2,7,,0,2,1,1,A01
202000027268,1,7,,0,2,8,1,B01
202000027269,1,7,,13,0,1,1,A01
202000027270,1,33,,0,2,6,12,B01
202000027270,1,33,,0,2,2,12,A01
202000027271,3,80,,0,2,7,5,B01
202000027271,3,31,,0,2,1,1,A01
202000027272,2,3,,0,2,7,15,A01
202000027272,1,2,,0,2,8,1,B01
202000027273,1,1,,0,2,0,13,B01
202000027273,1,7,,0,9,7,17,A01
202000027274,2,32,,1,0,3,13,A01
202000027275,1,7,,0,0,2,26,A01
202000027276,1,1,,0,0,0,1,A01
202000027277,2,7,,3,0,1,16,A01
202000027278,1,7,,0,1,2,1,Z01
202000027279,2,7,,0,2,3,1,A01
202000027279,1,7,,0,2,3,0,B01
202000027280,3,7,,0,2,4,0,B01
202000027280,3,7,,0,2,1,26,A01
202000027281,2,33,,0,2,7,1,B01
202000027281,1,7,,0,2,3,19,A01
202000027282,1,34,,11,0,1,13,A01
202000027283,3,7,,6,0,1,1,A01
202000027284,1,7,,0,2,4,0,B01
202000027284,1,7,,0,2,1,2,A01
202000027284,1,7,,0,2,4,0,C01
202000027285,1,43,,12,0,8,13,A01
202000027286,3,34,,0,0,0,1,A01
202000027287,1,7,,8,0,1,1,A01
202000027288,1,30,,0,1,0,25,Z01
202000027289,1,10,,0,1,3,15,A01
202000027290,2,32,,0,2,3,9,B01
202000027290,2,7,,0,2,2,12,A01
202000027291,2,7,,9,0,2,14,A01
202000027292,1,30,,0,2,1,13,A01
202000027292,2,7,,0,2,2,1,B01
202000027293,1,33,,0,2,0,1,B01
202000027293,2,7,,0,2,8,9,A01
202000027294,3,7,,13,0,9,1,A01
202000027295,2,10,,6,0,1,1,A01
202000027296,1,33,,0,2,1,1,A01
202000027296,2,7,,0,2,1,15,B01
202000027297,0,7,,0,1,5,4,A01
202000027298,1,7,,0,2,4,1,B01
202000027298,1,7,,0,2,4,1,A01
202000027299,3,7,,0,2,9,17,A01
202000027299,3,7,,0,2,9,1,B01
202000027300,0,7,,0,2,3,26,A01
202000027300,3,38,2.0,0,2,3,1,B01
202000027301,3,7,,1,2,2,17,B01
202000027301,3,7,,0,2,3,15,A01
202000027302,3,33,,0,1,1,1,A01
202000027303,-1,7,,0,2,6,0,B01
202000027303,-1,34,,0,2,1,26,A01
202000027304,1,7,,0,2,1,1,B01
202000027304,2,7,,0,2,1,0,A01
202000027305,2,1,,0,0,8,1,A01
202000027306,1,37,1.0,0,1,3,15,A01
202000027307,2,7,,13,0,2,1,A01
202000027308,2,33,,0,6,1,0,A01
202000027309,0,32,,0,2,1,1,B01
202000027309,1,7,,0,2,7,15,A01
202000027310,1,10,,0,1,3,1,A01
202000027311,-1,7,,0,0,4,2,B01
202000027311,-1,7,,0,2,1,2,A01
202000027312,1,7,,0,2,5,15,B01
202000027312,1,7,,0,2,3,1,A01
202000027313,1,7,,0,2,2,13,A01
202000027313,2,7,,0,2,1,21,B01
202000027314,1,7,,0,2,2,1,B01
202000027314,1,7,,0,2,8,20,A01
202000027315,1,33,,0,2,1,1,B01
202000027315,3,7,,0,2,6,10,A01
202000027316,1,7,,2,0,3,1,A01
202000027317,2,7,,8,0,1,1,A01
202000027318,1,7,,7,0,9,17,A01
202000027319,1,7,,0,2,2,1,C01
202000027319,2,33,,1,0,1,3,B01
202000027319,0,17,,0,2,6,23,A01
202000027320,1,7,,0,2,1,1,B01
202000027320,0,7,,0,2,3,0,A01
202000027321,2,20,,0,0,8,15,B01
202000027321,2,33,,0,2,1,17,A01
202000027322,1,7,,0,2,1,15,B01
202000027322,1,7,,0,2,3,1,A01
202000027323,1,7,,0,2,6,23,A01
202000027323,1,0,,0,2,1,2,B01
202000027324,1,1,,0,2,4,1,Y01
202000027324,1,7,,0,2,7,9,A01
202000027325,1,33,,0,1,1,21,A01
202000027326,0,7,,0,2,3,13,A01
202000027326,0,1,,0,2,1,1,B01
202000027327,1,10,,0,2,2,1,A01
202000027327,1,10,,0,2,1,16,B01
202000027328,1,33,,17,0,9,1,A01
202000027329,0,7,,0,1,2,16,A01
202000027330,0,7,,0,0,3,1,A01
202000027330,1,7,,0,0,3,1,B01
202000027331,2,2,,0,2,4,1,B01
202000027331,1,13,,0,2,4,21,A01
202000027332,3,7,,0,2,3,0,B01
202000027332,3,7,,0,2,3,13,A01
202000027333,1,33,,4,2,0,21,A01
202000027333,1,7,,0,2,0,17,Z01
202000027334,2,33,,0,2,1,1,B01
202000027334,1,7,,0,2,2,15,A01
202000027335,2,7,,13,0,1,13,A01
202000027336,2,7,,0,1,1,17,A01
202000027337,2,7,,1,2,8,21,B01
202000027337,1,10,,0,2,3,15,A01
202000027338,2,37,1.0,0,1,2,1,A01
202000027339,2,7,,0,0,3,1,B01
202000027339,2,10,,0,0,7,23,A01
202000027340,1,7,,0,1,3,15,A01
202000027341,0,7,,15,2,5,20,A01
202000027341,3,7,,0,2,0,0,B01
202000027342,2,7,,0,0,4,1,B01
202000027342,2,7,,0,2,2,21,A01
202000027343,3,7,,0,1,2,2,A01
202000027344,0,30,,0,0,7,0,A01
202000027345,2,33,,0,2,2,17,A01
202000027345,2,7,,0,2,6,15,B01
202000027346,1,33,,0,0,1,0,A01
202000027347,3,60,,0,2,7,1,B01
202000027347,3,7,,0,9,8,9,A01
202000027348,0,32,,0,0,4,23,B01
202000027348,2,7,,0,2,1,1,A01
202000027349,1,33,,0,0,1,1,A01
202000027350,1,7,,0,2,2,1,A01
202000027350,3,7,,8,2,1,6,B01
202000027351,1,7,,1,1,2,21,A01
202000027352,1,7,,0,0,0,0,Z01
202000027352,1,7,,3,2,6,17,A01
202000027352,1,17,,0,2,8,2,B01
202000027353,1,7,,0,2,1,1,C01
202000027353,1,7,,0,2,1,1,B01
202000027353,2,7,,3,2,1,13,A01
202000027354,1,7,,4,2,8,1,B01
202000027354,1,99,,0,2,0,0,Z01
202000027355,1,7,,0,2,8,13,A01
202000027355,1,30,,0,2,7,1,B01
202000027356,2,17,,0,2,4,2,B01
202000027356,2,7,,0,2,1,2,A01
202000027357,1,7,,0,2,4,23,B01
202000027357,1,7,,0,2,1,1,A01
202000027358,2,1,,0,2,3,19,B01
202000027358,1,7,,0,2,1,1,A01
202000027359,3,7,,0,2,8,15,A01
202000027359,3,30,,0,2,1,17,B01
202000027360,1,7,,0,1,1,16,A01
202000027361,2,7,,0,2,1,14,A01
202000027361,1,7,,0,2,3,23,B01
202000027362,2,7,,0,2,4,2,B01
202000027362,2,7,,0,2,1,2,A01
202000027363,2,7,,8,1,7,1,A01
202000027364,1,2,,0,1,1,1,A01
202000027365,1,7,,0,1,1,1,A01
202000027366,2,7,,4,0,4,1,B01
202000027366,1,7,,0,2,1,3,Z01
202000027367,1,7,,0,2,3,1,B01
202000027367,2,7,,0,2,1,10,A01
202000027368,1,7,,0,1,2,1,A01
202000027369,2,32,,0,2,2,1,B01
202000027369,1,7,,0,2,3,15,A01
202000027370,2,7,,0,2,5,1,B01
202000027370,2,33,,0,2,1,14,A01
202000027371,2,7,,0,1,1,1,A01
202000027372,2,7,,11,0,2,16,A01
202000027373,1,7,,0,2,7,15,B01
202000027373,2,33,,0,2,1,1,A01
202000027374,3,7,,0,2,3,15,B01
202000027374,2,2,,0,2,1,1,A01
202000027375,2,10,,0,0,0,12,A01
202000027375,2,33,,0,0,8,3,B01
202000027376,2,10,,0,2,4,1,B01
202000027376,2,10,,0,2,1,1,A01
202000027377,2,7,,0,2,3,9,Z01
202000027377,1,2,,0,2,1,1,A01
202000027378,3,7,,6,1,3,5,A01
202000027379,2,7,,0,2,3,1,A01
202000027379,2,1,,0,2,2,1,B01
202000027380,3,32,,0,2,1,17,A01
202000027380,3,7,,0,2,4,11,B01
202000027381,1,7,,0,1,5,16,A01
202000027382,3,7,,2,0,7,13,A01
202000027383,0,33,,0,1,0,1,A01
202000027384,1,7,,0,2,7,12,A01
202000027384,1,7,,0,2,6,1,B01
202000027384,1,33,,0,2,1,3,C01
202000027385,3,7,,0,1,1,26,Z01
202000027386,2,7,,0,2,1,2,A01
202000027386,2,7,,0,2,4,2,B01
202000027386,2,10,,0,2,1,2,C01
202000027387,2,7,,0,2,1,15,A01
202000027387,2,33,,0,2,7,1,B01
202000027388,0,31,,14,0,1,0,A01
202000027389,1,30,,0,2,1,1,B01
202000027389,1,7,,0,2,1,15,A01
202000027390,2,7,,2,0,2,0,A01
202000027391,1,7,,4,0,1,1,A01
202000027392,1,7,,9,0,1,7,A01
202000027393,1,7,,0,2,4,1,A01
202000027393,1,10,,0,2,1,1,B01
202000027394,1,7,,0,2,4,1,A01
202000027394,1,7,,0,2,1,2,B01
202000027395,1,7,,0,2,6,19,A01
202000027395,1,2,,0,2,1,1,B01
202000027396,1,30,,0,2,1,0,B01
202000027396,1,7,,0,2,1,26,A01
202000027397,1,32,,4,0,7,15,A01
202000027398,1,1,,0,2,1,1,B01
202000027398,2,7,,0,2,3,16,A01
202000027399,1,1,,0,2,1,9,B01
202000027399,1,7,,0,9,3,9,A01
202000027400,2,33,,0,2,3,3,A01
202000027400,2,10,,0,2,7,12,B01
202000027401,1,10,,0,2,3,1,E01
202000027401,1,10,,0,2,1,1,D01
202000027401,1,7,,0,2,4,1,C01
202000027401,1,7,,0,2,4,1,B01
202000027401,1,13,,0,2,1,11,A01
202000027402,2,7,,0,2,1,1,A01
202000027403,3,7,,0,2,1,26,A01
202000027403,0,7,,0,2,8,26,B01
202000027404,2,7,,0,2,1,2,B01
202000027404,2,10,,0,2,4,2,A01
202000027405,1,33,,0,2,1,3,B01
202000027405,2,7,,0,2,3,15,A01
202000027406,2,7,,0,2,0,0,Z01
202000027406,2,13,,0,2,1,21,D01
202000027406,2,10,,0,2,1,21,C01
202000027406,2,7,,0,2,1,21,B01
202000027407,2,7,,0,1,2,2,A01
202000027408,3,99,,6,0,2,14,A01
202000027409,1,7,,4,0,1,13,A01
202000027410,3,7,,0,1,1,1,A01
202000027411,1,7,,1,0,4,20,A01
202000027412,1,32,,0,2,1,1,A01
202000027413,3,10,,0,1,4,4,A01
202000027414,3,10,,0,1,0,0,A01
202000027415,1,7,,0,1,1,1,A01
202000027416,2,30,,0,2,3,1,A01
202000027416,2,7,,0,2,2,16,B01
202000027417,1,7,,0,2,1,1,B01
202000027417,1,10,,0,2,3,10,A01
202000027418,1,7,,0,2,1,0,A01
202000027418,2,7,,0,2,0,0,B01
202000027419,1,7,,0,2,4,1,B01
202000027419,1,7,,0,2,1,2,A01
202000027420,1,32,,0,2,1,1,A01
202000027420,1,7,,0,2,5,1,B01
202000027421,2,50,,0,2,1,15,A01
202000027421,1,7,,0,2,2,1,B01
202000027422,3,30,,15,0,2,18,A01
202000027423,3,2,,0,2,7,1,B01
202000027423,3,7,,0,2,0,0,Z01
202000027424,2,7,,0,1,2,1,A01
202000027425,2,7,,0,2,3,2,B01
202000027425,1,7,,0,2,3,11,A01
202000027426,2,7,,0,2,5,15,B01
202000027426,2,7,,8,2,1,1,A01
202000027427,2,99,,0,2,1,26,B01
202000027428,2,7,,0,1,4,23,B01
202000027428,2,10,,0,2,1,2,A01
202000027429,3,7,,0,2,2,26,B01
202000027429,1,7,,1,2,3,9,A01
202000027430,3,2,,0,2,1,1,D01
202000027430,3,2,,0,2,1,1,C01
202000027430,3,2,,0,2,1,1,B01
202000027430,3,7,,0,2,7,13,A01
202000027431,3,1,,0,2,7,26,B01
202000027431,3,7,,0,2,1,9,Z01
202000027432,0,7,,0,1,4,26,A01
202000027433,2,32,,0,2,2,11,B01
202000027433,2,7,,0,2,8,11,A01
202000027434,1,7,,0,9,7,13,A01
202000027434,1,1,,0,2,1,1,B01
202000027435,3,33,,1,0,2,26,A01
202000027436,2,17,,0,2,3,14,B01
202000027436,2,7,,0,2,8,18,A01
202000027437,1,37,6.0,13,0,2,1,A01
202000027438,2,7,,12,0,3,21,A01
202000027439,1,7,,0,1,3,1,A01
202000027440,1,7,,0,2,3,1,B01
202000027440,2,7,,0,2,1,1,A01
202000027441,1,7,,1,0,1,13,A01
202000027442,1,7,,6,0,1,19,A01
202000027443,1,7,,0,2,4,15,A01
202000027443,1,7,,0,2,1,1,B01
202000027444,1,2,,0,0,8,1,A01
202000027445,1,7,,0,2,8,5,C01
202000027445,2,7,,0,2,1,2,B01
202000027445,2,15,,0,2,8,1,A01
202000027446,1,7,,6,0,1,26,A01
202000027447,1,7,,0,2,4,1,B01
202000027447,1,7,,0,2,1,1,A01
202000027448,1,0,,0,1,0,0,A01
202000027449,3,10,,6,0,2,16,A01
202000027450,3,10,,0,2,6,15,B01
202000027450,2,7,,0,2,1,1,A01
202000027451,1,7,,0,2,1,1,A01
202000027451,1,7,,0,2,7,1,B01
202000027452,3,7,,0,2,2,2,A01
202000027452,3,1,,0,2,4,1,B01
202000027453,2,7,,0,2,1,2,A01
202000027453,2,7,,0,2,4,2,B01
202000027453,2,7,,0,2,5,2,C01
202000027454,2,7,,15,0,2,14,A01
202000027455,1,7,,0,2,1,1,B01
202000027455,2,7,,0,2,3,13,A01
202000027456,1,1,,0,0,0,1,A01
202000027457,1,7,,0,1,4,20,A01
202000027458,1,7,,0,0,1,1,A01
202000027459,3,10,,0,1,4,4,A01
202000027460,1,7,,0,1,1,1,A01
202000027461,3,7,,1,0,1,1,B01
202000027461,3,14,,0,2,4,24,A01
202000027462,0,7,,0,1,1,17,A01
202000027463,2,7,,0,2,2,1,A01
202000027463,2,1,,0,0,0,0,B01
202000027464,3,7,,0,2,5,1,B01
202000027464,3,7,,0,2,2,2,A01
202000027465,2,7,,0,2,1,19,B01
202000027465,2,7,,0,2,9,7,A01
202000027466,3,50,,12,0,1,0,A01
202000027467,2,7,,0,2,1,1,A01
202000027467,3,1,,0,2,7,15,B01
202000027468,3,7,,0,1,4,9,A01
202000027469,2,7,,0,2,3,16,A01
202000027469,2,37,2.0,0,2,1,1,B01
202000027470,1,7,,0,0,0,0,B01
202000027470,1,7,,0,1,1,1,A01
202000027471,1,30,,0,2,7,16,B01
202000027471,1,7,,0,2,3,1,A01
202000027472,1,2,,0,0,8,1,A01
202000027473,2,7,,15,0,1,1,A01
202000027474,0,7,,0,1,3,1,A01
202000027475,3,7,,4,0,3,1,A01
202000027476,3,1,,0,2,1,1,B01
202000027476,3,7,,0,2,1,15,A01
202000027477,2,31,,1,2,3,21,B01
202000027477,2,1,,1,2,2,12,A01
202000027478,1,7,,0,2,1,2,A01
202000027478,1,7,,0,2,4,2,B01
202000027479,3,1,,0,1,3,19,A01
202000027480,2,7,,0,2,4,1,B01
202000027480,2,7,,0,2,1,1,A01
202000027481,0,7,,0,1,4,20,A01
202000027482,1,7,,2,0,3,14,A01
202000027483,3,31,,0,2,1,19,Z01
202000027483,1,10,,0,2,7,19,A01
202000027484,3,7,,0,1,1,1,A01
202000027485,1,30,,0,0,8,1,A01
202000027486,2,7,,0,1,2,9,A01
202000027487,2,1,,0,2,2,14,B01
202000027487,2,10,,0,2,3,9,A01
202000027488,1,7,,0,1,0,1,A01
202000027489,2,7,,0,2,1,15,A01
202000027489,1,7,,0,2,1,1,B01
202000027490,0,7,,0,4,6,9,A01
202000027490,0,40,,0,2,1,1,B01
202000027491,1,7,,0,2,4,1,C01
202000027491,1,7,,0,2,4,1,B01
202000027491,1,7,,0,2,4,1,A01
202000027492,3,7,,0,2,3,9,A01
202000027492,3,30,,0,2,7,1,B01
202000027493,0,99,,0,0,0,26,A01
202000027494,1,7,,6,0,1,2,A01
202000027495,2,7,,0,2,4,23,B01
202000027495,2,7,,0,2,4,23,C01
202000027495,2,7,,0,2,1,2,A01
202000027496,1,7,,0,1,1,16,A01
202000027497,1,7,,0,0,0,0,Z01
202000027497,1,33,,0,2,1,1,A01
202000027498,2,0,,0,1,2,19,A01
202000027499,1,7,,0,1,3,26,A01
202000027500,1,30,,11,0,1,1,A01
202000027501,3,7,,8,0,1,1,A01
202000027502,2,34,,0,1,1,1,Z01
202000027503,1,50,,0,1,1,7,A01
202000027504,2,50,,0,2,3,1,A01
202000027504,2,7,,0,2,7,16,Z01
202000027505,2,1,,0,2,6,1,B01
202000027505,2,10,,0,2,2,16,A01
202000027506,1,7,,0,2,1,2,A01
202000027506,1,7,,0,2,4,2,B01
202000027506,1,7,,0,2,4,16,C01
202000027507,1,33,,0,4,3,1,A01
202000027507,1,40,,0,2,2,1,B01
202000027508,1,31,,0,1,1,1,A01
202000027509,1,31,,0,1,2,1,A01
202000027510,3,7,,0,1,4,20,A01
202000027511,1,2,,0,2,1,1,A01
202000027511,2,7,,0,2,7,15,B01
202000027512,1,7,,0,2,1,23,B01
202000027512,1,7,,0,2,0,26,A01
202000027512,1,7,,0,2,4,23,C01
202000027513,1,7,,0,1,2,1,Z01
202000027514,2,30,,0,2,1,1,A01
202000027514,2,7,,0,0,4,1,B01
202000027515,2,7,,0,1,1,17,A01
202000027516,0,7,,0,2,7,26,A01
202000027516,0,3,,0,2,1,1,B01
202000027517,0,7,,0,2,1,1,A01
202000027517,1,10,,0,2,3,15,B01
202000027518,1,2,,15,0,1,0,A01
202000027519,3,1,,0,2,1,1,B01
202000027519,1,7,,0,2,6,9,A01
202000027520,3,43,,0,1,1,1,A01
202000027521,1,31,,0,2,8,1,B01
202000027521,1,7,,0,2,8,26,A01
202000027522,1,7,,0,1,1,19,A01
202000027523,1,7,,0,1,3,9,A01
202000027524,3,7,,3,0,1,26,A01
202000027525,1,33,,0,2,2,1,B01
202000027525,1,7,,0,2,3,11,A01
202000027526,1,1,,0,2,5,1,B01
202000027526,2,10,,0,2,2,1,A01
202000027527,1,30,,0,0,7,16,A01
202000027528,2,10,,0,1,3,15,A01
202000027529,0,99,,0,1,0,5,Z01
202000027530,2,7,,0,2,7,2,B01
202000027530,2,7,,0,2,1,1,A01
202000027531,1,7,,0,2,2,14,A01
202000027531,1,7,,9,0,9,1,B01
202000027532,1,7,,0,2,3,15,A01
202000027532,1,7,,0,2,1,17,B01
202000027533,1,7,,0,1,7,1,A01
202000027534,1,7,,0,2,4,2,B01
202000027534,1,7,,0,9,2,1,E01
202000027534,1,7,,0,9,3,1,D01
202000027534,1,7,,0,1,1,2,C01
202000027534,1,7,,0,2,2,18,A01
202000027535,1,7,,0,2,1,15,A01
202000027535,2,30,,0,2,1,1,B01
202000027536,1,7,,0,9,3,9,A01
202000027536,2,1,,0,2,2,1,B01
202000027537,2,7,,8,2,1,19,B01
202000027537,2,7,,8,2,7,19,A01
202000027538,1,2,,0,0,0,1,A01
202000027539,1,7,,14,2,1,1,B01
202000027539,1,30,,0,2,1,2,A01
202000027540,1,17,,0,1,0,16,A01
202000027541,2,7,,0,2,3,2,A01
202000027541,2,7,,0,2,6,0,C01
202000027541,2,7,,0,2,5,0,B01
202000027542,2,33,,0,2,1,1,B01
202000027542,1,7,,0,2,3,19,A01
202000027543,1,7,,0,2,0,0,A01
202000027543,1,7,,0,2,0,0,B01
202000027544,1,10,,0,2,3,9,A01
202000027544,1,10,,0,2,2,1,B01
202000027545,3,7,,8,0,1,15,A01
202000027546,1,7,,4,0,9,1,A01
202000027547,1,17,,0,2,4,2,D01
202000027547,1,7,,0,2,1,2,C01
202000027547,2,17,,0,2,1,5,B01
202000027547,1,7,,0,2,1,2,A01
202000027548,3,3,,0,2,1,2,A01
202000027548,3,7,,0,2,4,1,B01
202000027549,2,7,,0,2,1,15,A01
202000027549,1,33,,0,2,1,1,B01
202000027550,3,1,,0,2,5,1,A01
202000027550,3,10,,0,2,3,1,B01
202000027551,1,32,,0,2,8,3,A01
202000027551,1,7,,0,2,7,1,B01
202000027552,1,7,,0,1,4,4,A01
202000027553,3,7,,0,2,1,1,C01
202000027553,3,10,,0,2,4,16,B01
202000027553,3,7,,0,2,1,1,A01
202000027554,1,30,,0,2,1,1,A01
202000027554,1,7,,0,2,3,15,B01
202000027555,2,7,,0,2,4,23,B01
202000027555,2,31,,0,2,1,2,A01
202000027556,1,14,,0,2,2,16,A01
202000027556,1,80,,0,2,0,1,B01
202000027557,2,7,,1,0,2,0,A01
202000027558,1,15,,0,2,5,16,A01
202000027558,1,1,,0,2,1,1,B01
202000027559,1,1,,0,2,1,1,B01
202000027559,1,10,,0,2,3,22,A01
202000027560,1,7,,0,1,2,1,A01
202000027561,1,10,,0,2,5,15,A01
202000027561,1,37,1.0,0,2,1,1,C01
202000027561,1,30,,0,2,1,17,B01
202000027562,3,7,,0,2,1,15,A01
202000027562,3,2,,0,2,1,1,B01