Num_Acc,senc,catv,occutc,obs,obsm,choc,manv,num_veh
202000027563,3,34,,0,2,1,1,A01
202000027563,3,1,,0,2,7,19,B01
202000027564,0,7,,0,2,1,2,B01
202000027564,3,7,,0,2,4,2,A01
202000027565,1,7,,0,2,7,15,A01
202000027565,1,30,,0,2,1,1,B01
202000027566,2,7,,1,2,4,24,D01
202000027566,1,7,,0,2,4,23,B01
202000027566,1,7,,1,2,1,1,A01
202000027566,1,7,,1,0,0,26,C01
202000027567,3,7,,0,2,7,9,A01
202000027567,3,33,,0,2,3,1,B01
202000027568,0,7,,0,1,1,1,A01
202000027569,3,80,,0,2,1,13,B01
202000027569,3,80,,0,2,3,13,A01
202000027570,2,31,,0,2,2,1,B01
202000027570,2,7,,0,2,2,12,A01
202000027571,2,15,,0,2,1,2,B01
202000027571,2,7,,4,0,1,1,A01
202000027572,1,7,,0,2,3,2,B01
202000027572,1,7,,0,2,6,2,A01
202000027573,1,7,,0,2,2,16,A01
202000027573,1,33,,0,2,3,3,B01
202000027574,1,7,,0,2,6,15,A01
202000027574,2,1,,0,2,3,1,B01
202000027575,1,34,,0,2,0,0,B01
202000027575,3,7,,14,0,2,2,A01
202000027576,1,7,,0,2,4,1,B01
202000027576,1,7,,0,2,2,9,A01
202000027577,2,10,,0,2,8,22,A01
202000027577,2,1,,0,2,1,1,B01
202000027578,1,7,,0,1,1,15,A01
202000027579,1,7,,4,2,2,1,A01
202000027579,1,7,,0,2,6,1,B01
202000027580,3,80,,0,2,1,19,A01
202000027580,3,7,,0,2,4,1,B01
202000027581,1,99,,0,2,8,15,A01
202000027581,2,1,,0,2,7,1,B01
202000027582,1,1,,0,0,8,1,A01
202000027583,2,7,,0,1,6,20,A01
202000027584,2,30,,12,0,3,17,A01
202000027585,1,33,,0,2,7,17,A01
202000027585,2,7,,0,2,1,15,B01
202000027586,3,7,,0,1,1,1,A01
202000027587,1,33,,0,2,1,1,B01
202000027587,2,10,,0,2,3,10,A01
202000027588,1,30,,1,0,7,1,A01
202000027589,2,7,,0,2,6,2,A01
202000027589,2,33,,0,2,1,2,B01
202000027590,2,2,,0,2,1,1,B01
202000027590,1,7,,0,2,3,10,A01
202000027590,-1,-1,,-1,-1,-1,-1,T01
202000027591,1,50,,0,1,1,7,A01
202000027592,2,7,,0,2,1,1,B01
202000027592,0,7,,0,2,1,0,VA01
202000027593,3,7,,0,2,4,1,B01
202000027593,3,7,,0,2,1,18,A01
202000027594,2,7,,0,2,1,1,A01
202000027594,2,7,,0,2,7,10,B01
202000027595,1,7,,0,2,2,19,A01
202000027595,0,30,,0,2,0,0,B01
202000027596,-1,7,,0,2,3,10,B01
202000027596,-1,7,,0,2,3,1,A01
202000027597,1,7,,0,2,3,15,B01
202000027597,1,33,,0,2,2,17,A01
202000027598,1,34,,0,2,1,1,B01
202000027598,2,10,,0,2,2,15,A01
202000027599,1,80,,0,2,1,25,A01
202000027599,1,1,,0,9,1,26,B01
202000027600,2,32,,0,2,1,7,A01
202000027600,3,7,,0,2,3,26,B01
202000027601,2,7,,0,2,5,23,B01
202000027601,2,30,,0,2,1,2,A01
202000027602,2,7,,0,1,1,19,A01
202000027603,1,1,,12,0,1,1,A01
202000027604,1,1,,0,1,1,1,A01
202000027605,1,33,,0,2,1,11,B01
202000027605,2,7,,0,2,3,15,A01
202000027606,1,7,,0,2,2,15,A01
202000027606,3,30,,0,2,1,1,B01
202000027607,0,1,,0,2,1,1,A01
202000027607,0,7,,0,2,1,16,B01
202000027608,2,7,,0,2,6,15,B01
202000027608,2,34,,0,2,1,17,A01
202000027609,2,7,,0,2,2,16,A01
202000027609,2,50,,0,2,0,1,B01
202000027610,3,10,,0,1,4,4,A01
202000027611,2,10,,0,2,1,2,A01
202000027611,2,7,,0,2,4,23,B01
202000027612,1,7,,0,1,1,1,A01
202000027613,2,34,,1,0,1,14,A01
202000027614,1,34,,0,2,1,19,B01
202000027614,1,7,,0,2,2,15,A01
202000027615,1,32,,0,1,1,1,A01
202000027616,2,30,,12,2,3,18,A01
202000027616,1,7,,12,2,2,16,B01
202000027617,1,7,,0,0,0,1,A01
202000027618,1,33,,0,2,1,17,B01
202000027618,1,10,,0,2,2,15,A01
202000027619,2,2,,0,2,1,2,A01
202000027619,1,7,,0,2,1,2,B01
202000027620,3,43,,12,0,7,1,A01
202000027621,1,7,,0,2,5,19,A01
202000027621,2,10,,0,2,6,0,B01
202000027622,1,7,,0,2,2,22,A01
202000027622,1,50,,0,2,1,18,B01
202000027623,1,7,,0,2,1,5,B01
202000027623,2,17,,0,2,3,15,A01
202000027624,1,7,,0,2,4,1,C01
202000027624,1,7,,0,2,4,1,B01
202000027624,1,7,,0,2,1,1,A01
202000027625,1,7,,0,2,6,23,B01
202000027625,1,30,,0,2,1,2,A01
202000027626,1,2,,3,0,1,21,A01
202000027627,2,10,,0,2,5,20,A01
202000027627,2,1,,0,2,5,1,B01
202000027628,1,7,,0,0,4,2,B01
202000027628,1,14,,0,2,1,2,A01
202000027629,1,7,,0,1,0,2,B01
202000027629,1,7,,0,1,2,1,A01
202000027630,1,7,,0,1,6,4,A01
202000027631,1,7,,13,0,1,1,A01
202000027632,2,7,,13,0,1,1,A01
202000027633,1,2,,0,2,1,1,B01
202000027633,2,7,,0,2,3,15,A01
202000027634,1,34,,14,0,1,13,A01
202000027635,3,10,,0,2,2,19,A01
202000027635,1,10,,0,2,3,0,B01
202000027636,0,7,,0,2,3,6,A01
202000027636,0,1,,0,0,0,0,B01
202000027637,2,30,,0,2,3,1,A01
202000027637,2,7,,0,2,5,23,Z01
202000027638,1,7,,6,0,1,1,A01
202000027639,3,17,,6,1,3,23,A01
202000027640,3,33,,0,2,8,0,A01
202000027640,3,7,,0,2,1,0,B01
202000027641,1,50,,0,0,0,1,A01
202000027642,2,7,,0,2,2,9,A01
202000027642,2,1,,0,2,8,2,B01
202000027643,1,7,,0,2,1,1,B01
202000027643,2,7,,0,2,1,13,A01
202000027644,1,7,,0,2,1,19,B01
202000027644,3,50,,0,2,7,1,A01
202000027645,1,7,,8,1,3,2,A01
202000027645,1,7,,0,2,8,2,B01
202000027646,1,7,,0,2,3,9,A01
202000027646,1,2,,0,2,7,1,B01
202000027647,1,7,,0,2,4,1,A01
202000027647,1,1,,0,2,1,1,B01
202000027648,1,7,,2,0,2,1,A01
202000027649,0,7,,0,0,6,15,A01
202000027649,0,7,,0,2,2,17,B01
202000027650,1,2,,0,2,1,1,B01
202000027650,1,10,,1,0,3,15,A01
202000027651,1,7,,0,1,2,16,A01
202000027652,1,14,,13,0,5,1,A01
202000027653,1,7,,9,2,8,2,B01
202000027653,1,7,,0,2,2,15,A01
202000027654,3,7,,0,2,1,1,A01
202000027654,3,7,,0,2,7,9,B01
202000027655,1,7,,0,2,2,15,A01
202000027655,2,7,,0,2,3,1,B01
202000027656,1,7,,0,0,4,2,B01
202000027656,1,2,,0,2,1,26,A01
202000027657,3,7,,0,1,5,10,A01
202000027658,2,7,,0,0,1,15,B01
202000027658,1,7,,0,0,3,1,A01
202000027659,2,30,,12,0,1,16,A01
202000027660,1,7,,0,1,1,15,A01
202000027661,1,32,,0,1,1,25,A01
202000027662,3,7,,0,2,3,9,A01
202000027662,3,37,1.0,0,2,2,1,B01
202000027663,3,7,,0,1,3,2,A01
202000027664,2,7,,0,2,6,23,C01
202000027664,2,33,,0,2,4,23,B01
202000027664,2,7,,0,2,3,2,A01
202000027665,1,43,,0,1,1,15,A01
202000027666,1,7,,2,0,2,14,A01
202000027667,2,1,,0,0,0,1,A01
202000027668,2,7,,0,2,8,19,A01
202000027668,2,37,1.0,0,2,1,1,B01
202000027669,2,1,,0,0,1,7,A01
202000027670,1,10,,0,2,2,11,A01
202000027670,2,7,,0,2,2,21,B01
202000027671,2,1,,0,2,8,17,A01
202000027671,2,10,,0,2,3,15,B01
202000027672,2,7,,0,2,3,1,A01
202000027672,1,17,,0,0,8,16,B01
202000027673,2,7,,0,1,1,1,A01
202000027674,3,33,,0,2,2,1,A01
202000027674,3,7,,0,2,7,12,B01
202000027675,0,32,,0,1,1,0,A01
202000027676,2,10,,0,2,0,22,A01
202000027676,2,2,,0,2,0,1,B01
202000027677,2,7,,0,2,1,23,D01
202000027677,1,7,,0,2,9,23,C01
202000027677,0,7,,0,2,1,23,B01
202000027677,1,14,,0,2,3,13,A01
202000027678,2,1,,0,1,7,1,A01
202000027679,2,21,,0,2,3,15,B01
202000027679,2,7,,2,2,7,17,A01
202000027680,3,7,,0,1,6,4,A01
202000027681,2,34,,0,2,1,17,A01
202000027681,1,7,,0,2,1,15,B01
202000027682,2,31,,0,2,1,18,A01
202000027682,2,10,,0,2,7,16,B01
202000027683,1,15,,0,0,3,1,B01
202000027683,2,10,,0,2,3,1,A01
202000027684,2,7,,1,1,1,2,A01
202000027685,2,31,,0,2,3,1,B01
202000027685,1,7,,0,2,3,15,A01
202000027686,1,34,,0,0,1,1,B01
202000027686,1,7,,0,0,3,10,A01
202000027687,0,7,,0,2,4,23,B01
202000027687,0,7,,0,2,1,1,A01
202000027688,0,7,,5,0,1,0,A01
202000027689,2,7,,0,2,5,23,B01
202000027689,2,1,,0,2,1,1,A01
202000027690,-1,50,,0,2,7,26,B01
202000027690,-1,7,,0,2,1,26,A01
202000027691,1,1,,0,2,1,1,B01
202000027691,1,7,,0,2,2,16,A01
202000027692,-1,32,,0,2,7,17,A01
202000027692,-1,7,,0,2,1,9,B01
202000027693,1,7,,0,1,3,9,Z01
202000027694,2,7,,0,1,2,1,A01
202000027695,3,3,,1,0,1,1,A01
202000027696,1,7,,0,2,1,1,Z01
202000027696,1,32,,0,2,3,1,A01
202000027697,2,7,,0,1,1,1,A01
202000027698,2,7,,0,1,2,16,A01
202000027699,-1,31,,0,2,2,17,A01
202000027699,2,7,,0,2,3,11,B01
202000027700,2,7,,0,2,6,16,A01
202000027700,2,1,,0,2,1,1,B01
202000027701,1,7,,0,1,3,1,A01
202000027702,1,7,,0,2,3,1,A01
202000027702,1,1,,0,2,3,1,B01
202000027703,1,50,,14,0,4,1,A01
202000027704,1,7,,0,1,3,15,A01
202000027705,1,32,,0,0,8,16,A01
202000027706,-1,10,,0,2,4,1,B01
202000027706,-1,2,,0,2,1,1,A01
202000027707,3,7,,0,2,3,20,A01
202000027707,3,32,,0,2,5,1,B01
202000027708,1,7,,0,1,1,1,A01
202000027709,2,7,,0,2,2,1,B01
202000027709,1,7,,0,2,3,15,A01
202000027710,1,7,,0,2,4,2,C01
202000027710,1,7,,0,2,1,2,B01
202000027710,1,7,,0,2,1,2,A01
202000027711,3,10,,0,2,8,17,A01
202000027711,3,34,,0,2,7,1,B01
202000027712,1,7,,0,2,3,1,A01
202000027712,2,7,,0,2,1,1,B01
202000027713,2,7,,0,2,1,14,B01
202000027713,1,34,,0,2,1,13,A01
202000027714,2,30,,0,0,8,1,A01
202000027715,1,30,,0,2,1,2,A01
202000027715,1,7,,0,2,0,23,B01
202000027716,1,7,,0,2,1,15,A01
202000027716,2,33,,0,2,0,0,B01
202000027717,1,2,,0,2,7,1,A01
202000027717,1,7,,0,0,0,0,Z01
202000027718,2,14,,0,2,2,0,B01
202000027718,1,30,,0,2,2,1,A01
202000027719,2,0,,0,0,0,0,Z01
202000027719,2,30,,0,2,7,26,A01
202000027720,1,10,,0,2,5,15,A01
202000027720,2,32,,0,2,1,1,B01
202000027721,3,7,,0,2,2,1,A01
202000027721,3,33,,0,2,1,1,B01
202000027722,2,7,,0,2,3,15,A01
202000027722,1,33,,0,2,1,1,B01
202000027723,-1,33,,0,2,8,1,B01
202000027723,-1,7,,0,2,2,9,A01
202000027724,2,33,,9,2,1,1,B01
202000027724,1,7,,9,2,5,15,A01
202000027725,1,7,,0,2,7,17,A01
202000027725,1,1,,0,2,6,1,B01
202000027726,1,10,,0,2,4,1,B01
202000027726,1,10,,0,0,1,26,A01
202000027726,1,10,,0,2,4,0,C01
202000027727,1,7,,0,2,3,15,B01
202000027727,2,7,,0,0,3,1,A01
202000027728,-1,7,,0,2,1,1,A01
202000027728,-1,7,,0,2,2,1,B01
202000027729,1,37,1.0,0,2,3,1,A01
202000027729,2,7,,0,2,3,1,B01
202000027730,1,7,,0,1,2,1,A01
202000027731,3,13,,0,0,2,1,A01
202000027731,0,33,,0,2,1,1,B01
202000027732,2,32,,0,1,1,17,A01
202000027733,2,7,,0,2,1,0,B01
202000027733,1,7,,0,2,1,0,A01
202000027734,1,30,,0,2,2,17,A01
202000027734,1,7,,0,2,3,15,B01
202000027735,1,33,,0,2,1,0,B01
202000027735,2,10,,0,2,1,1,A01
202000027736,2,7,,0,2,8,13,B01
202000027736,1,17,,0,2,2,13,A01
202000027737,2,7,,0,2,3,1,A01
202000027737,1,7,,0,2,3,1,B01
202000027738,1,7,,0,1,2,1,A01
202000027739,2,7,,0,2,1,1,C01
202000027739,1,7,,0,2,1,1,B01
202000027739,1,7,,0,2,4,15,A01
202000027740,2,10,,0,1,2,1,A01
202000027741,1,33,,6,0,0,16,A01
202000027742,2,7,,0,2,0,2,B01
202000027742,2,7,,0,2,0,17,A01
202000027743,1,10,,0,1,2,1,A01
202000027744,2,10,,4,0,1,0,A01
202000027745,1,7,,0,2,8,1,A01
202000027745,1,1,,0,2,4,9,B01
202000027746,2,7,,0,1,7,21,A01
202000027747,2,7,,0,1,2,1,A01
202000027748,1,1,,0,2,3,2,B01
202000027748,1,7,,0,9,2,17,A01
202000027749,2,10,,0,1,2,1,A01
202000027750,2,10,,0,2,2,0,B01
202000027750,2,32,,0,2,7,0,A01
202000027751,1,7,,0,2,2,13,A01
202000027751,2,7,,0,2,7,1,B01
202000027752,2,7,,9,0,0,1,A01
202000027753,1,31,,0,2,1,0,B01
202000027753,2,7,,0,2,1,15,A01
202000027754,1,7,,2,0,1,0,A01
202000027755,1,10,,1,1,4,20,A01
202000027756,2,7,,2,0,1,14,A01
202000027757,3,1,,0,2,4,0,A01
202000027757,3,31,,0,9,1,1,B01
202000027758,2,7,,0,2,7,13,A01
202000027758,1,7,,0,2,1,1,B01
202000027759,2,7,,2,0,1,0,A01
202000027760,1,7,,0,2,3,1,B01
202000027760,2,7,,0,2,3,1,A01
202000027761,2,2,,0,1,1,0,A01
202000027762,3,7,,0,2,7,1,B01
202000027762,3,33,,0,2,1,1,A01
202000027763,1,7,,2,0,3,5,A01
202000027764,0,7,,13,0,2,1,A01
202000027765,1,36,,6,0,1,1,A01
202000027766,2,7,,2,0,1,1,A01
202000027767,3,7,,0,0,7,15,A01
202000027767,3,1,,0,0,1,1,B01
202000027768,1,2,,0,2,1,13,A01
202000027768,2,7,,0,2,1,1,B01
202000027768,1,7,,0,2,8,1,C01
202000027769,0,7,,0,1,8,0,A01
202000027770,2,7,,0,2,1,1,B01
202000027770,2,17,,0,2,4,1,A01
202000027771,0,7,,0,2,1,1,A01
202000027771,0,60,,0,2,1,1,B01
202000027772,1,34,,16,0,1,0,A01
202000027773,2,7,,13,0,2,14,A01
202000027774,3,33,,0,0,1,1,A01
202000027775,2,2,,0,0,1,1,A01
202000027776,1,7,,13,0,1,0,A01
202000027777,1,7,,0,1,2,1,A01
202000027778,3,7,,0,9,3,11,A01
202000027778,0,1,,0,2,1,1,B01
202000027779,0,2,,6,0,1,1,A01
202000027780,2,3,,0,2,8,1,A01
202000027780,1,2,,0,2,1,1,B01
202000027781,2,7,,0,0,8,1,A01
202000027782,2,7,,3,0,1,6,A01
202000027783,0,7,,0,9,3,26,A01
202000027783,0,1,,0,0,4,26,B01
202000027784,1,14,,17,0,2,1,A01
202000027785,2,10,,2,2,0,5,A01
202000027785,1,7,,0,2,7,21,B01
202000027786,2,1,,0,0,0,0,A01
202000027787,2,33,,0,0,2,1,A01
202000027788,1,7,,0,1,1,1,A01
202000027789,1,7,,0,2,8,19,A01
202000027789,1,34,,0,2,1,1,B01
202000027790,1,7,,0,0,1,1,C01
202000027790,2,7,,0,0,8,1,B01
202000027790,2,7,,0,2,1,17,A01
202000027791,2,2,,1,0,1,0,A01
202000027792,1,7,,0,0,4,2,A01
202000027792,1,10,,0,2,1,2,B01
202000027793,2,7,,0,2,2,0,B01
202000027793,2,10,,0,2,2,17,A01
202000027794,2,7,,0,9,1,1,A01
202000027794,1,1,,0,2,1,1,B01
202000027795,2,7,,0,2,4,2,B01
202000027795,2,7,,0,2,4,2,C01
202000027795,2,7,,0,2,1,1,A01
202000027796,2,33,,4,2,6,3,A01
202000027796,2,7,,0,2,7,12,Z01
202000027797,1,7,,0,1,3,1,A01
202000027798,1,7,,0,2,1,2,A01
202000027798,1,7,,0,2,4,2,B01
202000027799,3,2,,0,6,1,0,A01
202000027800,1,7,,0,2,1,2,A01
202000027801,2,7,,0,2,7,12,A01
202000027801,2,33,,0,2,8,3,B01
202000027802,2,7,,0,2,6,23,C01
202000027802,2,7,,0,2,5,23,B01
202000027802,2,7,,0,2,1,21,A01
202000027803,2,7,,0,2,1,13,A01
202000027803,1,7,,0,2,1,1,B01
202000027804,1,17,,4,2,7,12,A01
202000027804,1,10,,4,2,3,1,B01
202000027805,2,32,,0,2,8,3,A01
202000027805,2,7,,0,2,2,1,B01
202000027806,2,32,,0,2,1,2,B01
202000027806,2,7,,0,2,3,11,A01
202000027807,1,17,,4,0,7,14,A01
202000027808,2,32,,0,2,1,1,B01
202000027808,2,7,,0,2,5,12,A01
202000027809,2,7,,0,2,2,13,B01
202000027809,1,7,,0,2,2,13,A01
202000027810,2,7,,16,0,9,1,A01
202000027811,2,2,,1,0,1,1,A01
202000027812,0,7,,17,0,1,1,A01
202000027813,1,2,,6,0,7,2,A01
202000027814,1,7,,13,0,1,1,A01
202000027815,3,7,,7,0,1,16,A01
202000027816,2,7,,2,0,1,1,A01
202000027817,0,7,,2,0,1,1,A01
202000027818,2,7,,0,9,1,1,A01
202000027818,3,1,,0,2,6,9,B01
202000027819,2,7,,2,0,3,13,A01
202000027820,2,1,,0,2,1,1,C01
202000027820,2,1,,0,2,1,1,B01
202000027820,2,1,,0,2,3,19,A01
202000027821,1,14,,13,9,7,1,A01
202000027822,1,7,,0,9,2,15,A01
202000027822,2,1,,0,2,1,1,B01
202000027822,2,1,,0,2,1,1,C01
202000027823,1,7,,0,1,2,1,A01
202000027824,1,7,,2,0,0,1,A01
202000027825,2,2,,0,2,7,17,A01
202000027825,2,7,,0,2,8,17,B01
202000027826,1,7,,0,1,7,1,C01
202000027826,1,7,,0,1,2,1,A01
202000027827,1,7,,0,2,6,15,A01
202000027827,1,31,,0,2,1,1,B01
202000027828,2,10,,0,1,3,1,A01
202000027829,2,7,,0,2,4,1,A01
202000027829,2,7,,0,2,4,1,B01
202000027829,2,10,,0,2,1,1,C01
202000027830,2,7,,0,2,4,1,A01
202000027830,1,10,,0,2,4,1,B01
202000027830,2,10,,0,2,1,1,C01
202000027831,1,17,,0,2,4,1,B01
202000027831,1,7,,0,2,3,12,A01
202000027832,1,17,,0,2,4,2,B01
202000027832,1,15,,0,2,1,2,A01
202000027833,3,7,,0,2,3,13,A01
202000027833,3,7,,0,2,1,1,B01
202000027834,2,7,,4,2,1,11,A01
202000027834,2,7,,0,2,1,1,B01
202000027835,2,7,,0,2,4,2,C01
202000027835,2,7,,0,2,4,2,B01
202000027835,2,10,,0,2,1,2,A01
202000027836,1,7,,0,2,1,1,A01
202000027836,1,7,,0,2,4,1,B01
202000027837,2,10,,0,2,4,2,B01
202000027837,2,10,,0,2,4,2,C01
202000027837,2,16,,0,2,1,2,A01
202000027838,2,7,,0,2,6,12,A01
202000027838,2,43,,0,2,3,3,B01
202000027839,2,7,,4,0,6,12,A01
202000027840,1,7,,1,0,3,21,C01
202000027840,1,10,,1,0,4,23,B01
202000027840,1,7,,0,0,4,23,A01
202000027841,1,7,,0,2,4,2,A01
202000027841,1,7,,0,2,1,2,B01
202000027842,1,1,,0,2,1,9,A01
202000027842,1,7,,0,9,5,16,B01
202000027843,1,7,,0,2,3,21,A01
202000027843,1,7,,0,2,4,0,B01
202000027843,1,7,,0,2,4,0,C01
202000027844,1,7,,0,2,2,1,B01
202000027844,2,7,,0,2,3,1,A01
202000027845,1,7,,8,0,1,15,A01
202000027846,2,7,,0,2,1,1,A01
202000027846,2,7,,0,2,4,1,B01
202000027847,1,7,,0,2,1,5,A01
202000027847,2,7,,0,2,1,1,B01
202000027848,1,7,,1,2,2,15,A01
202000027848,2,7,,0,2,1,1,B01
202000027849,1,1,,0,9,1,1,A01
202000027850,3,7,,14,2,1,1,A01
202000027850,3,7,,0,2,4,15,B01
202000027851,3,7,,0,2,1,2,A01
202000027851,3,1,,0,2,4,1,B01
202000027852,1,7,,0,2,6,5,A01
202000027852,1,14,,0,2,8,1,C01
202000027852,2,7,,0,2,6,1,B01
202000027853,2,7,,8,0,1,1,A01
202000027854,1,7,,0,2,1,26,A01
202000027854,1,7,,0,2,2,15,B01
202000027855,3,30,,0,2,3,1,B01
202000027855,3,7,,0,2,5,15,A01
202000027856,3,7,,0,2,2,2,C01
202000027856,3,3,,0,2,1,2,B01
202000027856,3,7,,0,2,1,1,A01
202000027857,1,33,,0,0,0,1,A01
202000027858,3,1,,0,2,1,1,B01
202000027858,3,7,,0,2,7,16,A01
202000027859,3,1,,0,0,0,26,A01
202000027860,1,7,,0,2,1,2,A01
202000027860,1,7,,0,2,4,23,C01
202000027860,1,7,,1,2,4,23,B01
202000027861,1,10,,0,2,1,19,A01
202000027861,1,10,,0,2,8,1,B01
202000027862,1,7,,0,2,4,2,B01
202000027862,1,7,,0,2,2,1,Z01
202000027863,1,7,,8,0,1,1,A01
202000027864,1,1,,0,2,1,1,A01
202000027864,1,7,,0,2,3,23,B01
202000027865,1,10,,0,2,1,2,A01
202000027865,1,7,,0,2,4,2,B01
202000027865,1,7,,0,2,4,2,C01
202000027866,2,7,,0,2,4,2,B01
202000027866,2,7,,0,2,1,2,A01
202000027867,1,7,,0,2,1,2,A01
202000027867,1,32,,0,2,4,23,B01
202000027868,1,7,,0,2,4,1,B01
202000027868,1,7,,0,2,1,2,A01
202000027869,1,7,,0,2,1,2,A01
202000027869,1,7,,0,2,4,26,B01
202000027870,2,33,,0,2,1,1,B01
202000027870,1,7,,0,2,2,15,A01
202000027871,1,7,,0,2,1,0,B01
202000027871,1,1,,0,2,1,0,A01
202000027872,1,15,,0,2,2,12,A01
202000027872,1,7,,0,2,8,0,B01
202000027872,1,7,,0,2,3,0,C01
202000027872,1,33,,0,2,1,0,D01
202000027873,1,7,,0,1,3,1,A01
202000027874,1,7,,0,2,3,15,A01
202000027874,2,2,,0,2,1,1,B01
202000027875,3,1,,0,2,0,0,B01
202000027875,3,7,,0,2,4,26,A01
202000027876,0,7,,0,2,4,26,A01
202000027876,0,2,,0,2,4,1,B01
202000027877,1,7,,0,2,1,1,B01
202000027877,1,7,,0,2,3,1,A01
202000027878,1,7,,1,0,1,1,A01
202000027879,2,32,,0,2,1,1,A01
202000027879,2,32,,0,2,1,1,B01
202000027880,2,7,,0,2,1,1,A01
202000027880,2,32,,0,2,4,1,B01
202000027881,1,33,,0,1,1,25,Z01
202000027882,1,60,,0,2,7,9,A01
202000027882,1,7,,0,2,2,1,B01
202000027883,1,7,,0,2,2,1,B01
202000027883,0,7,,0,2,2,19,A01
202000027884,3,1,,0,2,8,0,B01
202000027884,3,7,,0,9,5,16,A01
202000027885,1,30,,0,0,0,26,A01
202000027886,1,2,,0,2,7,1,B01
202000027886,1,7,,0,2,3,9,A01
202000027887,2,30,,0,2,7,14,A01
202000027887,0,37,1.0,0,2,8,2,B01
202000027888,1,30,,0,2,1,26,A01
202000027888,1,31,,0,2,1,1,B01
202000027889,3,7,,0,0,4,23,C01
202000027889,3,7,,0,2,4,23,B01
202000027889,3,7,,0,2,1,2,A01
202000027890,1,31,,0,1,7,1,A01
202000027891,2,33,,8,0,1,1,A01
202000027892,3,1,,0,2,1,1,B01
202000027892,3,7,,0,2,2,20,A01
202000027893,2,7,,0,1,1,16,A01
202000027894,3,1,,0,2,0,0,A01
202000027894,3,38,1.0,0,0,0,0,B01
202000027895,3,1,,0,0,0,26,A01
202000027896,1,7,,8,2,1,2,B01
202000027896,1,7,,0,2,4,26,A01
202000027897,1,7,,1,0,1,26,A01
202000027897,3,7,,0,2,1,1,G01
202000027898,1,7,,2,0,3,14,A01
202000027899,2,33,,2,0,1,1,A01
202000027900,2,7,,0,1,2,1,A01
202000027901,3,10,,0,2,3,1,A01
202000027901,3,33,,0,2,1,1,B01
202000027902,1,0,,0,1,2,1,A01
202000027903,2,7,,0,2,4,23,B01
202000027903,2,7,,0,2,1,21,A01
202000027904,1,7,,0,0,0,0,B01
202000027904,2,7,,0,2,3,26,A01
202000027905,2,7,,2,0,8,1,A01
202000027906,1,7,,0,2,4,2,B01
202000027906,1,7,,0,2,1,2,A01
202000027907,2,33,,3,0,8,13,A01
202000027908,1,7,,0,2,1,1,B01
202000027908,1,17,,0,2,3,2,A01
202000027908,1,17,,0,2,4,2,C01
202000027909,1,7,,0,0,4,1,B01
202000027909,1,7,,0,2,0,1,A01
202000027910,2,7,,4,0,2,14,A01
202000027911,2,7,,0,2,6,1,B01
202000027911,2,7,,0,2,6,1,A01
202000027911,2,10,,16,0,0,0,Z01
202000027912,3,42,,0,1,1,17,A01
202000027913,2,7,,0,2,2,5,Z01
202000027913,1,33,,0,2,1,1,A01
202000027914,1,2,,14,0,1,1,A01
202000027915,1,30,,12,0,3,1,A01
202000027916,2,7,,0,2,6,23,B01
202000027916,2,2,,0,2,1,2,A01
202000027917,1,2,,0,2,1,2,A01
202000027917,1,7,,0,2,4,2,B01
202000027918,1,7,,13,0,2,1,A01
202000027919,1,7,,6,0,3,15,A01
202000027920,1,7,,0,1,4,20,A01
202000027921,1,33,,0,2,1,1,B01
202000027921,2,7,,0,2,3,9,A01
202000027922,2,7,,0,9,1,21,A01
202000027923,2,3,,0,2,2,2,B01
202000027923,2,7,,0,2,4,1,A01
202000027924,1,15,,0,2,6,1,A01
202000027924,1,7,,0,2,3,1,B01
202000027925,3,7,,0,1,2,0,A01
202000027926,0,10,,0,1,1,1,A01
202000027927,3,7,,0,2,2,0,A01
202000027927,3,34,,0,2,5,0,B01
202000027928,1,7,,0,1,1,26,A01
202000027929,1,7,,0,2,5,15,B01
202000027929,1,7,,0,2,1,21,A01
202000027930,1,7,,0,1,1,1,A01
202000027931,1,50,,8,0,1,1,A01
202000027932,1,7,,0,2,3,2,A01
202000027932,1,7,,0,2,4,2,B01
202000027933,1,7,,0,0,6,9,B01
202000027933,2,7,,0,2,1,21,A01
202000027934,2,33,,0,2,1,2,A01
202000027934,1,7,,0,2,4,2,B01
202000027935,2,32,,0,2,1,16,A01
202000027935,1,7,,0,2,7,1,B01
202000027936,1,33,,0,2,1,18,A01
202000027936,1,7,,0,2,3,15,B01
202000027936,1,7,,0,2,3,9,C01
202000027937,1,7,,0,2,8,26,A01
202000027937,1,7,,0,2,2,1,B01
202000027938,3,7,,0,1,1,1,A01
202000027939,2,7,,0,2,1,15,A01
202000027939,2,7,,0,2,7,1,B01
202000027940,2,30,,0,1,1,17,A01
202000027941,3,7,,0,1,3,26,A01
202000027942,3,20,,0,0,9,1,A01
202000027943,1,7,,0,1,2,2,A01
202000027944,2,2,,0,2,1,1,A01
202000027944,1,7,,0,2,2,15,B01
202000027945,1,7,,0,2,8,15,A01
202000027945,2,33,,0,2,1,1,B01
202000027946,3,7,,0,2,2,1,B01
202000027946,3,10,,0,2,4,4,A01
202000027947,2,30,,0,2,1,25,A01
202000027947,1,7,,0,2,2,9,B01
202000027948,1,7,,0,2,1,1,C01
202000027948,1,7,,1,0,0,20,B01