Num_Acc,senc,catv,occutc,obs,obsm,choc,manv,num_veh
202000027948,1,50,,1,0,1,21,A01
202000027949,1,7,,4,0,2,9,A01
202000027950,2,7,,0,2,1,1,B01
202000027950,1,7,,0,2,1,5,A01
202000027951,2,7,,9,1,0,10,A01
202000027952,2,1,,0,2,0,0,A01
202000027952,1,7,,0,2,7,15,B01
202000027953,2,7,,0,2,2,1,B01
202000027953,2,15,,0,2,6,9,A01
202000027954,1,7,,0,1,3,1,A01
202000027955,1,7,,9,0,1,1,A01
202000027956,1,10,,0,1,3,15,A01
202000027957,1,7,,0,1,1,15,Z01
202000027958,1,10,,0,2,3,20,B01
202000027958,1,34,,0,2,1,2,A01
202000027959,1,7,,0,2,1,9,A01
202000027959,2,80,,0,2,7,1,B01
202000027960,2,7,,0,2,8,15,B01
202000027960,2,7,,0,2,1,1,A01
202000027961,0,1,,0,2,7,0,Y01
202000027961,0,7,,0,2,1,0,A01
202000027962,3,80,,0,0,0,1,A01
202000027963,3,30,,0,0,0,1,A01
202000027964,1,7,,0,1,0,1,A01
202000027965,1,7,,0,2,1,1,A01
202000027965,1,2,,0,2,1,1,B01
202000027966,1,30,,0,2,1,1,B01
202000027966,1,7,,0,2,0,1,A01
202000027967,1,2,,0,2,5,1,B01
202000027967,1,7,,0,2,5,1,A01
202000027968,2,7,,0,1,1,1,Z01
202000027969,3,1,,0,2,7,0,B01
202000027969,3,7,,0,2,1,1,A01
202000027970,3,2,,0,2,1,9,A01
202000027970,3,7,,0,2,1,9,B01
202000027971,3,1,,0,4,0,0,B01
202000027971,3,40,,0,2,0,0,A01
202000027972,2,7,,0,1,1,16,A01
202000027973,2,7,,0,2,7,19,A01
202000027973,2,7,,0,2,3,19,B01
202000027974,1,10,,0,2,1,15,A01
202000027974,1,2,,0,2,1,1,B01
202000027975,3,10,,0,9,1,26,A01
202000027975,3,1,,0,2,4,2,B01
202000027976,1,7,,0,1,8,1,A01
202000027977,1,7,,0,1,0,1,A01
202000027978,1,7,,0,2,7,1,B01
202000027978,-1,30,,0,2,1,15,A01
202000027979,0,7,,0,2,1,1,A01
202000027979,0,7,,0,2,1,0,Z01
202000027980,1,7,,0,2,1,2,A01
202000027980,1,7,,0,2,4,2,B01
202000027981,3,7,,0,2,3,1,A01
202000027981,3,7,,0,2,3,1,B01
202000027982,1,2,,1,0,1,1,A01
202000027983,1,33,,0,2,7,3,B01
202000027983,1,7,,0,2,8,17,A01
202000027984,3,7,,0,2,1,1,A01
202000027984,3,7,,0,2,7,1,B01
202000027985,2,7,,0,1,2,16,A01
202000027986,2,33,,0,2,1,1,B01
202000027986,3,7,,0,2,3,15,A01
202000027987,0,10,,0,2,6,11,A01
202000027987,0,32,,0,2,7,1,B01
202000027988,1,7,,0,1,1,16,A01
202000027989,1,7,,0,1,6,1,B01
202000027989,1,10,,0,1,3,1,A01
202000027990,1,7,,0,2,1,14,B01
202000027990,2,7,,0,2,1,13,A01
202000027991,3,7,,0,2,1,2,A01
202000027991,3,7,,0,2,4,2,B01
202000027992,3,7,,0,1,2,15,A01
202000027993,1,32,,1,2,1,1,B01
202000027993,1,7,,0,2,2,15,A01
202000027994,2,30,,0,1,1,17,A01
202000027995,2,7,,0,1,1,1,A01
202000027996,1,10,,0,2,6,11,A01
202000027996,1,31,,0,2,2,3,B01
202000027997,1,30,,0,2,3,1,B01
202000027997,1,7,,0,2,2,1,A01
202000027998,3,10,,0,2,7,1,C01
202000027998,3,32,,0,2,7,3,A01
202000027998,3,7,,0,2,6,1,B01
202000027999,2,1,,0,2,1,1,B01
202000027999,1,50,,0,2,1,5,A01
202000028000,2,7,,0,1,3,15,A01
202000028001,2,7,,0,2,2,1,A01
202000028001,1,32,,0,2,8,1,B01
202000028002,2,3,,0,2,3,15,A01
202000028002,1,7,,0,2,3,23,B01
202000028003,1,7,,0,2,3,15,Z01
202000028003,2,50,,0,2,3,1,A01
202000028004,1,32,,0,0,1,1,A01
202000028005,1,7,,0,2,8,22,A01
202000028005,1,50,,0,2,1,7,B01
202000028006,1,7,,0,2,8,10,Z01
202000028006,1,32,,0,2,1,1,A01
202000028007,2,30,,11,0,2,17,A01
202000028008,1,1,,0,0,2,1,A01
202000028009,2,10,,0,2,0,2,Z01
202000028009,2,31,,0,2,4,23,A01
202000028010,1,30,,0,1,1,1,A01
202000028011,1,10,,7,0,1,13,A01
202000028012,1,7,,0,2,3,22,B01
202000028012,1,80,,0,2,1,1,A01
202000028013,0,7,,0,0,7,15,B01
202000028013,1,7,,0,2,1,1,A01
202000028014,2,34,,0,1,1,1,A01
202000028015,2,1,,0,1,1,1,A01
202000028016,0,7,,0,1,4,19,A01
202000028017,1,13,,0,2,3,1,B01
202000028017,1,7,,0,2,1,1,A01
202000028018,1,7,,0,1,1,15,A01
202000028019,3,7,,15,0,1,15,A01
202000028020,2,7,,0,2,7,12,B01
202000028020,2,34,,0,2,8,1,A01
202000028021,3,7,,0,2,3,1,C01
202000028021,3,7,,0,2,6,1,B01
202000028021,3,7,,0,2,3,17,A01
202000028022,2,7,,0,1,3,26,A01
202000028023,1,2,,0,0,8,1,B01
202000028023,1,7,,0,2,1,1,A01
202000028024,1,33,,0,2,1,2,B01
202000028024,1,7,,0,2,3,9,A01
202000028025,-1,7,,0,2,4,23,A01
202000028025,-1,7,,0,2,1,0,B01
202000028026,-1,15,,0,2,6,10,B01
202000028026,-1,7,,0,2,1,19,A01
202000028027,3,1,,0,2,1,19,A01
202000028027,3,7,,0,2,1,15,B01
202000028028,1,33,,0,1,1,23,B01
202000028028,1,7,,0,2,1,1,A01
202000028029,1,30,,0,0,0,19,A01
202000028030,0,7,,0,1,3,1,A01
202000028031,2,7,,0,2,2,1,C01
202000028031,2,33,,1,2,1,18,B01
202000028031,2,7,,1,2,3,22,A01
202000028032,1,7,,0,0,5,2,B01
202000028032,1,33,,0,2,1,3,A01
202000028033,0,7,,0,1,1,0,A01
202000028034,2,15,,0,2,3,1,A01
202000028034,1,7,,0,2,3,13,B01
202000028035,1,17,,1,0,2,1,A01
202000028035,1,7,,0,2,4,23,B01
202000028036,2,7,,0,2,1,1,B01
202000028036,2,2,,0,2,1,15,A01
202000028037,2,7,,0,2,3,0,A01
202000028037,1,7,,0,2,3,0,B01
202000028038,1,7,,3,0,2,1,A01
202000028039,2,7,,0,2,4,16,B01
202000028039,2,33,,0,2,1,2,A01
202000028040,1,7,,0,2,1,19,A01
202000028040,1,15,,0,0,8,1,B01
202000028041,1,10,,0,2,2,19,A01
202000028041,2,7,,0,2,2,1,B01
202000028042,0,10,,0,2,2,16,A01
202000028042,0,1,,0,2,1,1,B01
202000028043,1,7,,8,0,4,17,A01
202000028044,1,7,,0,1,1,17,A01
202000028045,1,7,,6,0,8,13,A01
202000028046,1,7,,0,0,0,14,A01
202000028047,1,7,,0,1,2,1,A01
202000028048,1,7,,13,0,1,1,A01
202000028049,2,7,,13,0,1,0,A01
202000028050,3,7,,0,1,3,1,A01
202000028051,1,7,,0,2,3,1,B01
202000028051,2,99,,0,2,0,1,A01
202000028052,2,7,,2,0,1,0,A01
202000028053,2,7,,0,2,1,2,A01
202000028053,2,7,,0,2,4,2,B01
202000028053,2,7,,0,2,4,2,C01
202000028054,1,3,,0,2,3,13,A01
202000028054,1,2,,0,2,1,1,B01
202000028055,1,21,,0,2,4,2,A01
202000028055,1,7,,0,2,1,2,B01
202000028056,0,7,,8,2,2,17,A01
202000028056,0,7,,8,2,4,1,B01
202000028057,1,7,,0,1,1,19,A01
202000028058,3,2,,0,0,0,1,A01
202000028059,2,7,,3,0,0,1,A01
202000028060,2,14,,0,2,7,15,A01
202000028060,1,2,,0,2,1,1,B01
202000028061,1,17,,1,1,4,4,A01
202000028062,1,7,,0,1,1,1,A01
202000028063,1,17,,0,2,3,1,A01
202000028063,1,7,,0,2,2,1,B01
202000028064,3,7,,0,1,3,15,A01
202000028065,2,7,,0,1,3,1,A01
202000028066,1,7,,0,2,6,15,A01
202000028066,1,33,,0,2,1,17,B01
202000028067,1,7,,0,2,3,1,A01
202000028067,1,33,,0,2,1,1,B01
202000028068,1,2,,0,2,8,1,B01
202000028068,1,15,,0,2,7,17,A01
202000028069,2,7,,8,0,7,13,A01
202000028070,1,7,,0,2,1,1,B01
202000028070,2,33,,0,6,1,1,A01
202000028071,1,7,,0,2,1,1,B01
202000028071,3,3,,0,2,7,9,A01
202000028072,1,7,,0,2,1,1,B01
202000028072,1,7,,0,0,4,1,A01
202000028073,2,7,,0,2,2,11,B01
202000028073,2,7,,0,2,6,2,A01
202000028074,2,7,,0,0,1,2,A01
202000028075,2,7,,6,0,1,1,A01
202000028076,2,7,,0,2,1,7,A01
202000028076,2,37,1.0,0,2,3,7,B01
202000028077,2,7,,0,2,5,1,B01
202000028077,2,16,,0,2,3,11,A01
202000028078,1,10,,14,0,2,1,A01
202000028079,2,7,,4,0,9,14,A01
202000028080,2,7,,4,0,3,0,A01
202000028081,2,33,,0,0,1,3,A01
202000028082,1,7,,3,2,8,2,B01
202000028082,2,7,,0,2,2,1,A01
202000028083,1,7,,3,0,1,1,B01
202000028083,1,7,,0,2,1,1,A01
202000028084,2,7,,0,2,1,0,B01
202000028084,2,7,,3,0,1,0,A01
202000028085,2,31,,0,2,4,2,B01
202000028085,2,7,,0,2,3,2,A01
202000028086,1,7,,0,1,1,1,A01
202000028087,1,7,,0,1,1,1,A01
202000028088,2,31,,0,1,0,0,Z01
202000028089,1,33,,0,2,1,1,B01
202000028089,1,7,,0,2,8,1,A01
202000028090,1,7,,0,2,9,2,C01
202000028090,1,7,,0,2,9,2,B01
202000028090,1,7,,0,2,1,2,A01
202000028090,1,7,,0,2,4,23,D01
202000028091,1,7,,0,1,4,20,A01
202000028092,1,1,,0,2,1,1,B01
202000028092,1,7,,0,9,1,1,A01
202000028093,1,7,,0,1,2,1,A01
202000028094,1,7,,5,0,3,0,A01
202000028095,3,7,,0,1,1,1,A01
202000028096,1,17,,0,2,1,21,C01
202000028096,1,14,,0,2,1,2,A01
202000028096,1,7,,0,2,4,1,B01
202000028097,1,1,,9,0,1,1,A01
202000028098,1,7,,0,2,2,1,A01
202000028098,2,7,,0,2,1,1,B01
202000028099,3,7,,0,2,2,15,A01
202000028099,1,2,,0,2,1,1,B01
202000028100,1,7,,0,1,2,16,A01
202000028101,1,7,,0,2,1,15,D01
202000028101,0,7,,0,2,1,15,A01
202000028101,1,7,,0,2,1,2,B01
202000028101,1,7,,0,2,1,1,C01
202000028102,3,7,,1,1,4,4,A01
202000028103,1,7,,0,2,1,1,B01
202000028103,2,7,,0,2,5,13,A01
202000028104,2,7,,0,2,1,9,A01
202000028104,2,7,,0,2,1,1,B01
202000028105,1,7,,0,2,1,0,B01
202000028105,1,7,,0,2,4,26,A01
202000028106,1,7,,0,2,7,15,A01
202000028106,2,2,,0,2,1,1,B01
202000028107,2,7,,0,2,3,1,A01
202000028107,2,1,,0,2,1,1,B01
202000028108,1,10,,0,1,1,9,A01
202000028109,2,43,,0,2,1,1,B01
202000028109,1,7,,0,2,1,15,A01
202000028110,1,7,,0,2,2,16,A01
202000028110,2,1,,0,2,1,1,B01
202000028111,1,7,,0,2,5,15,B01
202000028111,1,10,,0,2,1,2,A01
202000028112,1,7,,0,1,1,1,A01
202000028113,3,7,,0,2,3,1,B01
202000028113,3,7,,0,2,6,9,A01
202000028114,1,7,,2,0,2,16,A01
202000028115,1,7,,0,2,8,1,B01
202000028115,1,2,,0,2,2,17,A01
202000028116,2,7,,0,2,2,15,A01
202000028116,1,7,,0,2,2,2,B01
202000028117,1,32,,0,2,4,1,A01
202000028118,0,7,,0,2,4,2,B01
202000028118,0,7,,0,2,2,2,A01
202000028119,1,7,,0,2,4,1,B01
202000028119,1,7,,0,2,1,2,A01
202000028120,2,31,,0,2,1,2,B01
202000028120,2,33,,0,2,1,2,A01
202000028120,1,10,,0,2,7,10,C01
202000028121,1,7,,0,2,5,15,B01
202000028121,1,7,,0,2,0,0,Z01
202000028122,1,7,,0,2,7,1,B01
202000028122,1,10,,0,2,1,1,A01
202000028123,1,7,,0,2,1,1,B01
202000028123,2,7,,0,2,3,9,A01
202000028124,3,7,,12,0,1,9,A01
202000028125,2,7,,0,2,3,1,B01
202000028125,1,7,,0,2,3,1,A01
202000028126,0,20,,0,1,1,1,A01
202000028127,1,7,,0,2,1,1,B01
202000028127,1,7,,15,2,6,15,A01
202000028128,3,7,,0,2,1,1,A01
202000028128,3,10,,0,2,2,1,B01
202000028129,3,7,,6,0,6,14,A01
202000028130,1,7,,0,2,3,11,A01
202000028130,1,34,,0,2,4,1,B01
202000028131,2,33,,0,2,6,11,Z01
202000028131,2,32,,0,2,1,3,A01
202000028132,2,33,,0,2,3,1,B01
202000028132,2,33,,0,2,7,12,A01
202000028132,2,10,,0,2,7,1,C01
202000028133,2,10,,0,2,7,1,B01
202000028133,2,33,,0,2,8,11,A01
202000028134,1,7,,0,2,7,1,B01
202000028134,1,32,,0,2,8,3,A01
202000028135,1,7,,0,2,4,2,A01
202000028135,1,7,,0,2,1,2,Z01
202000028136,1,7,,0,2,2,15,A01
202000028136,2,80,,0,2,1,1,B01
202000028137,1,1,,0,1,1,7,A01
202000028138,1,7,,0,2,3,1,A01
202000028138,2,7,,0,2,2,15,B01
202000028139,2,7,,0,2,2,16,B01
202000028139,2,30,,0,2,1,18,A01
202000028140,1,33,,0,1,1,7,A01
202000028141,1,7,,0,2,4,24,C01
202000028141,1,7,,0,2,1,2,A01
202000028141,1,33,,0,2,4,23,B01
202000028142,2,30,,0,1,1,1,A01
202000028143,2,31,,0,1,1,1,A01
202000028144,1,33,,0,2,1,8,A01
202000028144,2,31,,0,2,7,15,B01
202000028145,1,33,,0,2,1,1,B01
202000028145,2,10,,0,2,8,1,A01
202000028146,2,7,,0,1,6,4,A01
202000028147,1,33,,0,2,3,1,A01
202000028147,1,30,,0,2,0,14,Z01
202000028148,2,33,,0,1,1,1,A01
202000028149,0,7,,11,0,3,15,A01
202000028150,3,60,,12,0,1,25,A01
202000028151,1,1,,0,2,2,1,B01
202000028151,1,7,,0,2,8,22,A01
202000028152,1,10,,1,0,1,14,A01
202000028153,1,1,,0,2,0,1,B01
202000028153,2,50,,0,2,1,12,A01
202000028154,1,1,,0,2,0,17,B01
202000028154,1,7,,0,2,3,22,A01
202000028155,1,31,,0,1,0,1,Z01
202000028156,2,13,,0,1,2,1,A01
202000028157,1,33,,0,2,0,17,B01
202000028157,1,10,,0,2,3,15,A01
202000028158,1,1,,0,1,1,1,A01
202000028159,2,7,,0,1,1,1,A01
202000028160,1,7,,0,2,1,1,A01
202000028160,1,7,,0,2,4,1,B01
202000028161,1,7,,0,2,1,1,B01
202000028161,1,7,,0,2,1,26,A01
202000028162,2,50,,0,0,0,0,A01
202000028163,2,7,,0,1,2,26,A01
202000028164,3,7,,0,2,0,0,B01
202000028164,3,7,,0,2,4,1,A01
202000028165,3,7,,0,2,1,15,A01
202000028165,1,7,,0,2,1,26,B01
202000028166,1,7,,0,2,1,1,A01
202000028166,2,43,,0,2,1,17,B01
202000028167,-1,7,,0,2,3,23,A01
202000028167,-1,34,,0,2,1,7,B01
202000028168,0,7,,0,2,1,2,B01
202000028168,0,7,,0,2,4,23,A01
202000028169,1,37,1.0,0,1,2,15,A01
202000028170,1,7,,0,2,6,11,A01
202000028170,1,33,,0,2,7,17,B01
202000028171,1,10,,0,1,3,1,A01
202000028172,1,7,,0,1,1,1,A01
202000028173,3,37,2.0,0,2,7,26,B01
202000028173,3,37,1.0,0,2,3,20,A01
202000028174,-1,7,,0,2,2,19,B01
202000028174,-1,32,,0,2,1,26,A01
202000028175,1,80,,1,0,5,1,A01
202000028176,2,0,,1,0,4,9,A01
202000028176,2,32,,1,0,1,1,B01
202000028177,2,7,,0,2,3,15,A01
202000028177,1,33,,0,2,1,1,B01
202000028178,1,99,,0,0,1,2,B01
202000028178,1,7,,0,0,0,24,A01
202000028179,2,7,,0,2,3,15,B01
202000028179,2,30,,0,2,1,1,A01
202000028180,1,32,,0,2,8,1,B01
202000028180,1,7,,0,2,7,12,Z01
202000028181,2,10,,0,2,3,2,B01
202000028181,2,7,,0,2,5,23,A01
202000028182,2,2,,0,2,7,1,B01
202000028182,1,7,,0,2,3,1,A01
202000028183,2,33,,0,2,1,1,B01
202000028183,1,7,,0,2,2,15,A01
202000028184,2,7,,0,2,3,1,A01
202000028184,1,17,,3,2,3,6,B01
202000028185,1,7,,0,2,1,13,A01
202000028185,2,7,,0,2,3,1,B01
202000028186,1,15,,0,2,2,1,B01
202000028186,2,7,,0,2,3,0,A01
202000028187,1,7,,8,0,9,0,A01
202000028188,2,7,,13,0,1,1,A01
202000028189,1,7,,0,2,3,1,B01
202000028189,2,7,,0,2,3,13,A01
202000028190,1,7,,2,0,3,19,A01
202000028191,1,10,,8,2,7,19,A01
202000028191,2,10,,8,2,1,1,B01
202000028192,2,33,,0,2,1,1,B01
202000028192,3,10,,0,2,8,17,A01
202000028193,2,33,,0,2,1,1,B01
202000028193,2,7,,0,2,5,15,A01
202000028194,2,7,,0,2,1,1,B01
202000028194,1,7,,0,2,1,13,A01
202000028195,2,7,,2,0,1,1,A01
202000028196,1,17,,0,2,8,2,C01
202000028196,1,7,,0,2,1,17,B01
202000028196,2,7,,3,2,1,5,A01
202000028197,1,7,,13,2,2,13,A01
202000028197,1,7,,13,2,3,0,B01
202000028198,1,10,,0,2,1,2,B01
202000028198,1,7,,0,0,4,0,A01
202000028199,1,7,,0,2,1,1,A01
202000028199,1,1,,0,0,4,1,B01
202000028200,2,3,,0,2,3,1,B01
202000028200,1,7,,0,2,1,1,A01
202000028201,1,7,,0,2,1,1,B01
202000028201,2,7,,0,2,1,1,A01
202000028202,2,7,,2,0,3,1,A01
202000028203,2,14,,0,2,1,1,B01
202000028203,1,7,,0,2,1,1,A01
202000028204,0,7,,0,2,3,15,B01
202000028204,0,2,,12,0,3,1,A01
202000028205,3,36,,0,0,0,4,A01
202000028206,3,7,,0,1,2,1,A01
202000028207,2,3,,7,0,1,13,A01
202000028208,1,7,,0,1,3,1,A01
202000028209,1,7,,0,0,4,1,B01
202000028209,1,2,,0,2,1,1,A01
202000028210,2,7,,0,2,4,2,B01
202000028210,2,7,,0,2,1,2,A01
202000028211,1,7,,0,1,1,2,A01
202000028212,2,7,,0,1,8,15,A01
202000028213,2,7,,15,0,2,1,A01
202000028214,1,7,,0,2,1,2,B01
202000028214,1,7,,0,2,9,2,C01
202000028214,1,7,,0,2,4,23,A01
202000028215,1,10,,0,2,5,1,C01
202000028215,1,33,,0,2,2,3,B01
202000028215,1,7,,0,2,6,11,A01
202000028216,3,33,,0,2,1,3,A01
202000028216,3,7,,0,2,7,2,B01
202000028217,2,7,,0,2,1,2,A01
202000028217,2,7,,0,2,4,2,B01
202000028218,1,34,,0,2,3,2,A01
202000028218,1,34,,0,2,5,1,B01
202000028219,2,10,,3,0,1,13,A01
202000028220,1,7,,0,2,8,18,A01
202000028220,0,38,1.0,0,2,2,2,B01
202000028221,1,7,,0,2,4,1,B01
202000028221,1,7,,0,2,1,2,A01
202000028222,1,7,,0,2,1,1,A01
202000028222,1,7,,0,2,7,2,B01
202000028223,1,33,,0,2,1,21,A01
202000028223,1,7,,0,0,4,0,B01
202000028224,2,34,,0,2,1,13,A01
202000028224,2,7,,0,2,6,11,B01
202000028225,1,7,,0,0,1,26,A01
202000028226,1,7,,0,0,0,9,A01
202000028226,1,7,,3,2,9,11,B01
202000028226,1,7,,0,2,9,0,D01
202000028226,1,7,,0,2,9,0,C01
202000028227,2,33,,0,2,8,1,B01
202000028227,2,7,,0,2,2,14,A01
202000028228,2,7,,0,2,1,2,A01
202000028228,2,7,,14,0,4,2,B01
202000028229,1,7,,8,0,1,25,A01
202000028230,1,7,,0,1,1,15,A01
202000028231,1,7,,0,2,8,1,B01
202000028231,2,7,,0,2,8,5,A01
202000028232,2,7,,0,2,3,22,A01
202000028232,2,1,,1,0,2,0,B01
202000028233,1,34,,0,2,2,1,B01
202000028233,1,7,,0,2,3,11,A01
202000028234,1,7,,0,1,1,1,A01
202000028235,1,1,,0,5,1,1,A01
202000028236,2,15,,0,2,4,2,B01
202000028236,1,14,,0,2,1,1,A01
202000028237,0,1,,0,2,1,15,A01
202000028237,0,7,,0,2,3,1,B01
202000028238,1,7,,0,1,3,1,A01
202000028239,1,7,,0,2,4,2,B01
202000028239,1,7,,0,2,1,2,A01
202000028240,1,7,,0,2,1,1,A01
202000028240,2,7,,0,2,1,0,C01
202000028240,2,7,,0,2,1,9,B01
202000028241,3,7,,2,0,1,1,A01
202000028242,0,7,,8,2,5,15,A01
202000028242,0,7,,0,2,2,1,B01
202000028243,1,2,,0,2,4,2,B01
202000028243,1,7,,0,2,1,2,A01
202000028244,0,7,,0,2,1,2,A01
202000028244,0,7,,0,2,4,2,C01
202000028244,0,7,,0,2,4,2,B01
202000028245,1,7,,0,1,2,26,A01
202000028246,1,10,,0,2,8,15,B01
202000028246,1,32,,0,2,7,17,A01
202000028247,2,10,,0,2,1,1,B01
202000028247,1,32,,0,2,2,15,A01
202000028248,2,1,,0,2,8,2,A01
202000028248,2,7,,0,2,7,2,B01
202000028249,2,7,,0,2,8,15,A01
202000028249,2,2,,0,2,2,17,B01
202000028250,2,7,,0,2,7,1,B01
202000028250,1,30,,0,2,1,15,A01
202000028251,1,7,,0,2,5,1,A01
202000028251,1,10,,0,2,5,1,B01
202000028251,1,7,,0,2,3,1,C01
202000028252,1,7,,0,2,1,1,A01
202000028252,1,10,,0,2,4,1,B01
202000028253,1,10,,0,2,2,0,B01
202000028253,1,7,,0,2,1,1,A01
202000028254,1,3,,0,1,2,13,A01
202000028255,0,7,,0,1,1,15,A01
202000028256,1,7,,0,1,3,15,A01
202000028257,1,30,,16,0,0,1,A01
202000028258,1,7,,0,1,1,1,A01
202000028259,1,7,,0,2,2,9,B01
202000028259,1,7,,0,2,9,26,A01
202000028260,1,7,,0,9,1,1,A01
202000028260,1,50,,0,2,1,1,B01
202000028261,3,7,,0,2,2,1,A01
202000028261,3,7,,0,2,1,1,B01
202000028262,0,7,,0,1,8,0,A01
202000028263,1,7,,0,2,2,1,B01
202000028263,2,7,,0,2,1,17,A01
202000028264,1,7,,0,2,9,0,A01
202000028264,1,7,,0,2,5,0,B01
202000028265,2,7,,0,9,4,2,C01
202000028265,2,7,,0,2,1,2,A01
202000028265,2,7,,0,2,4,2,B01
202000028266,1,7,,0,2,1,2,A01
202000028266,1,7,,0,2,4,2,B01
202000028267,3,7,,0,2,1,1,B01
202000028267,3,7,,0,2,2,15,A01
202000028268,1,7,,0,1,3,26,A01
202000028269,2,7,,0,2,4,23,B01
202000028269,2,7,,0,2,2,23,C01
202000028269,2,7,,0,2,1,1,A01
202000028269,2,7,,0,2,0,23,D01
202000028270,3,7,,0,1,3,15,A01
202000028271,3,30,,0,0,7,1,A01
202000028272,3,7,,0,1,1,1,A01
202000028273,3,7,,0,2,2,15,A01
202000028273,3,2,,0,2,8,1,B01
202000028274,3,7,,0,2,3,15,B01
202000028274,3,37,1.0,0,2,7,1,A01
202000028275,2,7,,0,2,1,15,A01
202000028275,3,7,,0,2,3,1,B01
202000028276,1,7,,0,2,7,15,A01
202000028276,2,32,,0,2,1,1,B01
202000028277,1,7,,0,2,4,1,C01
202000028277,1,7,,0,2,4,1,B01
202000028277,1,7,,0,2,1,1,A01
202000028278,1,7,,0,2,1,15,A01
202000028278,1,7,,0,2,3,1,B01
202000028279,2,2,,0,2,1,1,B01
202000028279,1,7,,0,2,2,15,A01
202000028280,2,31,,0,2,1,2,A01
202000028280,1,7,,0,2,7,15,B01
202000028281,2,7,,0,2,3,15,A01
202000028281,0,2,,0,2,1,1,B01
202000028282,2,7,,0,1,1,1,A01
202000028283,2,7,,0,2,2,5,A01
202000028283,2,31,,0,2,1,1,B01
202000028284,3,1,,0,2,7,19,B01
202000028284,1,7,,0,2,2,1,A01
202000028285,1,30,,0,2,1,2,A01
202000028285,1,7,,0,2,8,10,B01
202000028286,1,7,,0,1,1,1,A01
202000028287,2,7,,0,2,1,2,D01
202000028287,2,7,,0,9,4,2,C01
202000028287,2,7,,0,9,1,2,B01
202000028287,2,10,,0,0,0,1,A01
202000028288,2,7,,2,0,1,1,A01
202000028289,2,7,,0,2,7,12,Z01
202000028289,2,34,,0,2,3,3,A01
202000028290,1,33,,0,2,1,3,B01
202000028290,1,7,,0,2,5,1,A01
202000028291,2,7,,0,2,5,23,B01
202000028291,2,60,,0,2,1,1,A01
202000028292,1,10,,0,2,2,22,A01
202000028292,1,33,,0,2,3,18,B01
202000028293,1,7,,0,2,0,1,Z01
202000028293,3,33,,0,2,4,23,A01
202000028294,1,7,,0,2,3,23,B01
202000028294,1,32,,0,2,1,1,A01
202000028295,3,7,,0,2,4,23,B01
202000028295,3,43,,0,2,1,1,A01
202000028296,3,32,,0,2,8,9,B01
202000028296,3,7,,0,2,2,1,A01
202000028297,1,30,,0,2,1,1,A01
202000028297,2,7,,0,2,2,15,B01
202000028297,1,1,,0,2,1,1,C01
202000028298,1,7,,0,2,3,18,A01
202000028298,1,1,,0,2,4,1,B01
202000028299,1,7,,0,2,2,15,Z01
202000028299,3,50,,0,2,3,1,B01
202000028300,1,7,,0,2,5,10,A01
202000028300,1,32,,0,2,1,1,B01
202000028301,2,7,,0,2,1,1,B01
202000028301,2,7,,0,1,1,23,A01
202000028302,2,1,,0,1,1,1,A01
202000028303,3,14,,0,2,7,23,B01
202000028303,3,43,,0,2,8,18,A01
202000028304,2,7,,0,2,3,1,B01
202000028304,1,2,,0,2,7,17,A01
202000028305,2,7,,8,0,2,14,A01
202000028306,1,7,,0,2,1,15,A01
202000028306,2,1,,0,2,8,1,B01
202000028307,1,50,,0,1,7,25,A01
202000028308,1,7,,0,1,1,15,A01
202000028309,1,32,,0,1,1,3,A01
202000028310,1,50,,0,1,2,1,A01
202000028311,1,7,,0,1,2,1,A01
202000028312,2,1,,0,2,1,2,B01
202000028312,2,37,1.0,0,2,5,16,A01
202000028313,1,7,,0,2,1,15,A01
202000028313,2,34,,0,1,3,1,B01
202000028314,0,7,,0,2,2,11,A01
202000028314,0,2,,1,2,3,1,B01
202000028315,3,7,,0,2,1,16,A01
202000028315,3,1,,0,2,8,15,B01
202000028316,2,7,,0,2,1,15,A01
202000028316,2,7,,9,2,8,1,B01
202000028317,2,7,,0,9,2,1,A01
202000028317,1,1,,0,2,1,19,B01
202000028318,1,7,,0,2,1,1,A01
202000028318,1,7,,0,2,4,1,B01
202000028319,1,7,,9,2,4,1,B01
202000028319,1,7,,0,2,4,2,A01
202000028320,3,7,,0,2,1,1,B01
202000028320,3,7,,0,2,1,13,A01
202000028321,0,30,,0,2,3,1,AB01
202000028321,3,3,,0,2,2,16,A01
202000028322,1,34,,8,0,1,19,A01
202000028323,0,7,,0,2,3,15,A01
202000028323,1,32,,0,0,1,17,B01
202000028324,1,7,,0,2,3,1,B01
202000028324,2,7,,0,2,3,1,Z01
202000028325,1,7,,0,1,1,1,A01
202000028326,1,10,,0,1,7,1,A01
202000028327,-1,30,,0,0,1,1,A01
202000028328,1,7,,0,2,1,15,A01
202000028328,1,13,,0,2,1,16,B01
202000028329,1,7,,0,2,1,1,A01
202000028329,-1,7,,0,2,5,15,Z01
202000028330,1,7,,0,2,2,1,A01
202000028330,1,33,,0,2,8,1,B01
202000028331,1,0,,0,2,1,1,B01
202000028331,1,7,,0,2,2,16,A01
202000028332,-1,1,,1,0,1,0,B01
202000028332,-1,7,,0,2,3,22,A01
202000028333,3,7,,0,2,1,9,A01
202000028333,3,7,,0,2,1,1,C01
202000028333,0,33,,0,2,5,1,B01