Num_Acc,senc,catv,occutc,obs,obsm,choc,manv,num_veh
202000028334,1,3,,8,0,1,26,A01
202000028335,-1,7,,0,2,1,17,A01
202000028335,-1,7,,0,2,1,2,CC01
202000028335,-1,7,,0,2,4,2,B01
202000028336,2,7,,1,1,1,15,A01
202000028337,2,1,,0,1,1,1,A01
202000028338,3,50,,0,0,0,0,A01
202000028339,2,7,,0,2,4,2,B01
202000028339,2,7,,0,2,1,2,A01
202000028340,1,7,,1,0,3,1,A01
202000028340,1,7,,0,2,5,24,B01
202000028341,1,31,,0,2,8,1,B01
202000028341,1,7,,0,2,5,1,A01
202000028342,2,7,,0,9,8,22,A01
202000028342,2,50,,1,0,1,0,B01
202000028343,1,7,,0,2,4,23,B01
202000028343,1,10,,0,2,1,2,A01
202000028344,2,1,,0,2,8,0,B01
202000028344,2,7,,0,2,2,15,A01
202000028345,1,7,,0,2,3,1,A01
202000028345,3,60,,0,2,1,19,Y01
202000028346,1,7,,0,1,2,14,A01
202000028347,3,34,,0,2,3,2,B01
202000028347,1,7,,0,2,2,2,A01
202000028348,2,30,,0,2,1,18,A01
202000028348,1,7,,0,2,2,1,B01
202000028349,2,32,,0,2,7,17,A01
202000028349,2,7,,0,2,3,2,B01
202000028350,1,33,,0,2,3,1,B01
202000028350,1,3,,0,2,0,11,A01
202000028351,1,2,,6,0,9,1,A01
202000028352,2,2,,0,2,1,1,B01
202000028352,2,7,,0,0,5,1,A01
202000028353,0,7,,0,2,3,19,A01
202000028353,2,7,,0,2,1,1,B01
202000028354,3,7,,14,1,1,1,A01
202000028355,2,7,,0,0,4,15,B01
202000028355,2,7,,0,2,1,17,A01
202000028356,3,7,,0,2,3,1,B01
202000028356,3,2,,0,2,1,1,A01
202000028357,2,7,,13,0,9,1,A01
202000028358,1,2,,0,1,1,1,A01
202000028359,2,7,,0,0,0,0,A01
202000028360,1,15,,0,2,5,1,B01
202000028360,1,7,,0,2,1,2,A01
202000028361,1,3,,0,2,2,26,A01
202000028361,2,7,,0,2,3,1,B01
202000028362,1,7,,0,2,5,15,A01
202000028362,2,33,,0,2,1,1,B01
202000028363,1,7,,0,2,6,15,B01
202000028363,1,33,,0,2,1,17,A01
202000028364,1,33,,0,2,1,17,A01
202000028364,1,7,,0,2,3,15,B01
202000028365,1,7,,0,2,3,16,A01
202000028365,1,7,,0,2,2,1,B01
202000028366,1,7,,8,0,8,1,A01
202000028367,3,7,,0,2,3,1,A01
202000028367,0,21,,0,2,3,23,B01
202000028368,3,33,,0,0,1,1,A01
202000028369,1,7,,0,2,1,23,A01
202000028369,1,7,,1,0,1,17,B01
202000028370,3,7,,0,1,3,1,A01
202000028371,1,7,,0,1,2,1,A01
202000028372,2,33,,0,0,8,17,A01
202000028373,2,7,,13,0,1,1,A01
202000028374,2,2,,12,0,1,1,A01
202000028375,2,7,,0,2,4,2,A01
202000028375,2,2,,0,2,1,2,B01
202000028376,1,7,,2,0,2,1,A01
202000028377,2,7,,0,1,3,9,A01
202000028378,1,7,,0,2,7,17,A01
202000028378,1,2,,0,2,8,1,B01
202000028379,2,10,,6,0,2,14,A01
202000028380,3,33,,0,0,0,1,A01
202000028381,1,2,,0,2,7,2,B01
202000028381,1,1,,0,0,8,2,A01
202000028382,1,2,,0,2,1,13,B01
202000028382,3,7,,0,2,3,1,A01
202000028383,1,33,,0,2,1,17,B01
202000028383,1,7,,0,2,3,10,A01
202000028384,2,7,,0,2,1,1,B01
202000028384,1,31,,0,2,1,1,A01
202000028385,2,33,,0,2,1,18,A01
202000028385,2,7,,0,0,4,1,B01
202000028385,2,7,,0,0,4,1,C01
202000028386,2,7,,0,0,4,2,B01
202000028386,2,7,,0,2,1,2,A01
202000028387,1,10,,0,1,2,1,A01
202000028388,2,7,,0,2,3,1,B01
202000028388,1,7,,0,2,3,13,A01
202000028389,1,7,,6,0,2,1,A01
202000028390,2,7,,0,2,8,9,A01
202000028390,2,33,,0,2,1,1,B01
202000028391,1,99,,0,2,1,1,B01
202000028391,2,15,,0,2,1,13,A01
202000028392,1,33,,0,2,4,2,A01
202000028392,1,1,,0,2,1,2,B01
202000028393,2,2,,0,2,1,1,B01
202000028393,1,7,,0,2,3,13,A01
202000028394,1,32,,0,2,1,9,A01
202000028394,1,7,,0,2,6,1,B01
202000028395,2,10,,0,2,1,19,A01
202000028395,2,7,,0,2,7,1,B01
202000028396,1,7,,1,0,2,1,A01
202000028397,2,7,,0,2,4,1,A01
202000028397,2,7,,0,2,1,2,B01
202000028397,2,7,,0,2,1,2,C01
202000028397,2,33,,0,0,1,21,D01
202000028397,2,33,,0,2,9,2,E01
202000028398,1,31,,0,2,1,1,B01
202000028398,2,7,,0,2,3,5,A01
202000028399,1,7,,0,2,1,15,A01
202000028399,1,2,,0,2,7,1,B01
202000028400,1,7,,8,0,1,13,A01
202000028401,3,7,,13,0,0,14,A01
202000028402,1,33,,0,2,4,16,B01
202000028402,1,2,,0,2,1,2,A01
202000028403,1,7,,0,2,8,15,B01
202000028403,1,7,,11,2,2,17,A01
202000028404,1,7,,13,0,1,0,A01
202000028405,2,7,,0,2,1,19,B01
202000028405,1,7,,0,2,1,1,A01
202000028406,3,7,,15,0,1,1,A01
202000028407,1,7,,0,2,2,2,B01
202000028407,1,7,,0,2,4,1,A01
202000028408,2,15,,0,2,2,11,B01
202000028408,2,14,,0,2,6,1,A01
202000028409,2,7,,0,0,0,0,B01
202000028409,1,14,,0,0,0,0,A01
202000028410,1,7,,0,2,1,2,B01
202000028410,1,7,,0,2,4,2,A01
202000028411,1,7,,4,0,1,1,A01
202000028412,1,7,,0,2,8,9,A01
202000028412,1,17,,0,2,2,1,B01
202000028412,1,7,,13,2,1,1,C01
202000028413,2,13,,0,2,1,2,A01
202000028413,2,7,,0,2,4,2,B01
202000028414,1,31,,0,2,7,3,B01
202000028414,1,7,,0,2,3,11,A01
202000028415,2,7,,0,2,2,26,A01
202000028415,2,33,,0,2,1,0,B01
202000028416,2,15,,0,2,0,0,G01
202000028416,2,7,,0,0,0,0,C01
202000028416,2,7,,0,0,0,0,D01
202000028416,2,7,,0,0,0,0,F01
202000028416,2,17,,0,0,0,0,A01
202000028416,2,10,,0,0,0,0,B01
202000028416,2,10,,0,0,0,0,E01
202000028416,2,10,,0,0,0,0,H01
202000028417,2,7,,4,0,0,14,A01
202000028418,2,7,,0,2,6,2,C01
202000028418,2,7,,0,2,4,2,B01
202000028418,2,10,,0,2,1,2,A01
202000028419,1,7,,0,2,4,1,B01
202000028419,1,7,,0,2,1,1,A01
202000028420,1,7,,0,2,4,26,B01
202000028420,1,10,,4,2,4,26,A01
202000028420,1,7,,0,2,1,2,C01
202000028421,2,7,,8,2,6,15,B01
202000028421,2,7,,0,2,2,17,A01
202000028422,1,7,,0,9,1,19,A01
202000028422,2,99,,0,2,7,19,B01
202000028423,2,50,,0,2,1,1,B01
202000028423,2,7,,0,9,7,16,A01
202000028424,1,7,,0,2,6,24,C01
202000028424,1,7,,1,2,8,7,B01
202000028424,1,7,,0,2,2,12,A01
202000028425,0,7,,0,2,3,9,A01
202000028425,0,7,,0,2,2,1,B01
202000028426,1,7,,0,2,5,0,A01
202000028426,1,2,,0,2,8,0,B01
202000028427,2,7,,0,2,3,1,B01
202000028427,2,7,,0,2,1,12,A01
202000028428,1,31,,0,2,8,1,B01
202000028428,2,7,,0,2,1,16,A01
202000028429,1,7,,0,2,3,9,A01
202000028429,3,60,,0,2,1,9,B01
202000028430,2,7,,0,1,2,1,A01
202000028431,0,7,,12,0,7,14,A01
202000028432,1,2,,0,2,1,17,B01
202000028432,2,7,,0,2,2,9,A01
202000028433,1,7,,0,2,1,1,A01
202000028433,1,7,,0,2,7,1,B01
202000028434,0,7,,0,2,5,15,A01
202000028434,0,32,,0,2,1,1,B01
202000028435,0,7,,0,2,4,1,B01
202000028435,0,7,,0,2,1,1,A01
202000028436,2,2,,0,2,8,1,B01
202000028436,2,7,,0,2,1,15,A01
202000028437,1,1,,0,2,8,1,B01
202000028437,1,10,,0,2,7,17,A01
202000028438,2,7,,0,2,0,16,Z01
202000028438,2,2,,0,2,2,1,A01
202000028439,2,7,,0,1,1,1,A01
202000028440,2,7,,0,1,7,1,A01
202000028441,3,20,,0,2,1,2,B01
202000028441,3,20,,0,2,5,26,A01
202000028442,1,7,,2,0,2,1,A01
202000028443,2,1,,0,2,1,19,B01
202000028443,1,7,,0,2,2,1,A01
202000028444,2,7,,0,2,1,1,B01
202000028444,1,7,,0,2,1,17,A01
202000028444,1,7,,0,2,8,1,C01
202000028445,0,2,,0,2,2,1,B01
202000028445,0,7,,0,2,5,10,A01
202000028446,3,7,,0,2,3,1,B01
202000028446,0,1,,0,2,1,9,A01
202000028447,1,7,,0,2,4,23,B01
202000028447,1,2,,0,2,1,2,A01
202000028448,2,99,,0,2,7,19,B01
202000028448,1,7,,0,2,1,1,A01
202000028449,1,7,,0,2,1,2,B01
202000028449,1,7,,1,2,1,13,A01
202000028450,2,7,,0,1,3,15,A01
202000028451,1,7,,0,1,2,1,A01
202000028452,2,33,,1,0,1,13,A01
202000028453,2,7,,13,0,1,13,A01
202000028454,3,7,,0,1,4,4,A01
202000028454,3,60,,0,2,2,1,B01
202000028455,1,31,,0,2,1,17,A01
202000028455,1,7,,0,0,3,15,B01
202000028456,1,30,,1,0,2,14,A01
202000028457,3,7,,7,0,1,1,A01
202000028458,1,7,,0,2,3,1,A01
202000028458,3,1,,0,2,1,19,B01
202000028459,1,1,,1,2,0,0,B01
202000028459,2,7,,0,2,3,1,A01
202000028460,3,7,,0,2,2,15,A01
202000028460,3,31,,0,2,1,1,B01
202000028461,2,2,,0,2,1,1,B01
202000028461,1,7,,0,2,1,13,A01
202000028462,1,7,,0,2,2,1,B01
202000028462,0,1,,0,2,8,9,A01
202000028463,2,33,,0,2,7,14,A01
202000028463,2,10,,0,2,8,1,B01
202000028464,1,7,,0,2,2,1,A01
202000028464,1,7,,0,2,3,1,B01
202000028465,1,7,,0,1,7,1,A01
202000028466,1,13,,0,2,3,13,A01
202000028466,2,7,,0,2,3,1,B01
202000028467,1,7,,0,2,5,1,B01
202000028467,1,7,,0,2,2,16,A01
202000028468,1,1,,0,9,9,1,B01
202000028468,1,7,,0,2,0,17,A01
202000028468,1,1,,0,9,9,1,J01
202000028468,1,1,,0,9,9,1,I01
202000028468,1,1,,0,9,9,1,H01
202000028468,1,1,,0,9,9,1,G01
202000028468,1,1,,0,9,9,1,F01
202000028468,1,1,,0,9,9,1,E01
202000028468,1,1,,0,9,9,1,D01
202000028468,1,1,,0,9,9,1,C01
202000028469,1,10,,0,1,1,1,A01
202000028470,3,32,,0,2,1,1,B01
202000028470,2,7,,0,2,3,15,A01
202000028471,2,30,,0,0,4,23,A01
202000028472,1,13,,0,2,0,0,Z01
202000028472,1,34,,14,0,8,11,B01
202000028473,3,1,,1,2,8,5,B01
202000028473,3,7,,15,9,1,20,A01
202000028474,2,7,,13,0,9,15,A01
202000028475,1,33,,0,2,1,3,A01
202000028475,1,7,,0,2,5,1,B01
202000028476,1,32,,0,2,7,1,A01
202000028476,1,7,,0,2,1,1,B01
202000028477,1,7,,0,1,2,1,A01
202000028478,2,33,,0,1,1,1,A01
202000028479,2,2,,0,2,3,1,B01
202000028479,2,30,,0,2,6,23,C01
202000028479,1,7,,0,2,2,1,A01
202000028480,1,1,,0,2,1,1,B01
202000028480,1,7,,0,2,8,22,A01
202000028481,1,80,,12,0,2,26,A01
202000028482,1,2,,0,1,3,1,A01
202000028483,1,7,,0,2,8,22,A01
202000028483,1,1,,0,2,1,1,B01
202000028484,1,7,,0,2,7,16,Z01
202000028484,1,7,,0,2,8,7,A01
202000028485,2,7,,0,2,3,1,A01
202000028485,2,1,,0,2,7,1,B01
202000028486,1,10,,0,2,1,16,A01
202000028486,1,50,,0,2,1,19,B01
202000028487,3,7,,0,1,2,0,A01
202000028488,2,2,,0,9,4,2,B01
202000028488,2,7,,0,2,1,2,A01
202000028489,1,10,,0,1,1,9,A01
202000028490,3,7,,0,2,3,1,B01
202000028490,3,7,,9,2,8,1,A01
202000028491,1,7,,0,2,6,0,A01
202000028491,1,7,,0,2,2,21,B01
202000028492,1,7,,1,0,4,26,A01
202000028492,0,1,,0,2,4,15,B01
202000028493,1,3,,0,1,1,26,A01
202000028494,-1,7,,0,1,2,1,A01
202000028495,3,7,,0,2,1,1,B01
202000028495,3,7,,0,2,3,16,A01
202000028496,3,7,,0,2,7,16,B01
202000028496,3,31,,0,2,8,16,A01
202000028497,2,32,,1,0,2,0,B01
202000028497,3,7,,0,2,3,22,A01
202000028498,1,30,,0,0,0,1,A01
202000028499,1,7,,1,0,2,14,A01
202000028499,1,37,1.0,0,0,6,0,B01
202000028500,1,14,,0,2,6,11,A01
202000028500,1,34,,0,2,7,15,B01
202000028501,3,2,,9,0,1,26,A01
202000028502,2,7,,0,2,7,1,A01
202000028502,1,7,,0,2,1,1,B01
202000028503,1,7,,0,2,1,1,A01
202000028503,2,7,,0,2,1,1,B01
202000028504,1,7,,0,2,1,1,B01
202000028504,3,10,,0,2,9,1,A01
202000028504,3,7,,0,2,1,1,C01
202000028505,0,2,,6,0,2,1,A01
202000028506,1,7,,0,2,3,16,A01
202000028506,2,7,,0,2,1,1,B01
202000028507,1,33,,0,2,1,2,A01
202000028507,1,13,,0,2,4,2,B01
202000028508,2,14,,4,0,1,6,A01
202000028509,1,33,,12,0,2,15,A01
202000028510,2,7,,0,2,3,1,B01
202000028510,1,7,,0,2,3,1,A01
202000028511,2,15,,0,1,2,23,B01
202000028512,2,17,,0,2,1,1,A01
202000028512,0,7,,0,2,4,19,B01
202000028513,2,33,,0,2,1,1,B01
202000028513,2,7,,0,2,3,19,A01
202000028514,1,2,,0,2,1,1,B01
202000028514,2,7,,0,2,2,15,A01
202000028515,1,7,,3,0,3,13,A01
202000028516,2,7,,0,2,1,1,B01
202000028516,1,7,,0,2,1,5,A01
202000028517,2,7,,0,2,1,1,A01
202000028517,2,7,,0,2,7,19,B01
202000028518,2,7,,0,2,1,17,B01
202000028518,2,7,,4,0,4,17,A01
202000028519,1,7,,0,1,2,1,A01
202000028520,2,2,,0,2,1,1,B01
202000028520,1,7,,0,2,8,10,A01
202000028521,3,2,,0,0,0,1,A01
202000028522,1,7,,13,0,8,13,A01
202000028523,2,7,,0,2,3,9,A01
202000028523,2,15,,0,2,2,1,B01
202000028524,3,7,,0,2,2,15,B01
202000028524,3,33,,0,2,1,1,A01
202000028525,0,34,,0,0,0,1,A01
202000028526,2,2,,0,0,1,17,A01
202000028526,1,32,,0,0,1,17,B01
202000028527,1,10,,0,0,8,1,A01
202000028528,1,7,,0,2,2,15,A01
202000028528,1,7,,0,2,1,1,B01
202000028529,2,7,,0,2,3,17,A01
202000028529,1,14,,0,2,3,1,B01
202000028530,2,33,,0,2,1,21,B01
202000028530,2,99,,0,0,4,1,A01
202000028531,1,7,,1,0,2,1,A01
202000028532,2,7,,0,2,2,1,B01
202000028532,1,7,,0,2,1,1,A01
202000028533,2,7,,0,2,3,1,A01
202000028533,1,7,,0,2,1,13,B01
202000028534,1,7,,6,0,3,1,A01
202000028535,2,7,,0,2,2,12,A01
202000028535,2,33,,0,2,8,2,B01
202000028536,2,7,,4,0,3,13,A01
202000028537,2,7,,0,2,1,2,A01
202000028537,2,7,,0,2,4,2,B01
202000028538,2,7,,4,2,3,1,B01
202000028538,2,17,,0,2,5,12,A01
202000028539,3,1,,0,0,0,1,A01
202000028540,2,32,,1,0,2,1,A01
202000028541,1,7,,1,0,2,1,A01
202000028542,2,7,,4,0,1,12,A01
202000028543,1,7,,0,2,5,1,B01
202000028543,2,7,,0,2,1,9,A01
202000028544,1,34,,0,2,1,1,B01
202000028544,1,34,,0,2,4,10,A01
202000028545,1,7,,0,1,2,1,A01
202000028546,1,3,,0,2,5,11,A01
202000028546,1,2,,0,2,1,1,B01
202000028547,1,33,,0,2,7,1,A01
202000028548,1,7,,0,1,1,0,A01
202000028549,1,30,,0,2,1,26,A01
202000028549,0,7,,0,2,3,0,B01
202000028550,2,7,,0,2,2,1,D01
202000028550,2,7,,0,2,6,1,B01
202000028550,1,7,,1,2,2,5,A01
202000028550,2,7,,0,2,1,1,C01
202000028551,2,7,,12,0,9,14,A01
202000028552,2,7,,0,2,4,2,B01
202000028552,2,7,,0,2,1,2,A01
202000028553,2,7,,7,0,1,15,A01
202000028554,3,7,,0,2,3,1,B01
202000028554,3,7,,0,2,0,15,A01
202000028555,2,7,,0,2,0,2,A01
202000028555,2,33,,0,2,4,0,B01
202000028556,3,33,,15,0,9,1,A01
202000028557,1,7,,0,1,3,1,A01
202000028558,0,7,,0,2,2,15,A01
202000028558,0,7,,0,2,1,0,B01
202000028559,1,7,,0,1,1,26,A01
202000028560,2,7,,2,0,8,13,A01
202000028561,2,7,,0,1,3,1,A01
202000028562,3,7,,0,2,2,15,A01
202000028562,3,33,,0,2,1,1,B01
202000028563,1,7,,0,2,8,23,C01
202000028563,1,33,,0,2,7,15,B01
202000028564,0,7,,0,1,3,15,A01
202000028565,2,7,,2,0,7,1,A01
202000028566,2,7,,0,2,4,23,B01
202000028566,2,7,,0,2,1,2,A01
202000028567,1,34,,0,2,1,21,A01
202000028567,1,10,,0,2,6,10,B01
202000028568,3,7,,0,2,1,21,A01
202000028568,3,7,,0,2,7,1,B01
202000028569,0,7,,4,0,2,1,A01
202000028570,1,7,,0,2,3,10,A01
202000028570,1,2,,0,2,1,1,B01
202000028571,1,7,,0,2,5,15,B01
202000028571,1,30,,0,2,1,0,A01
202000028572,2,7,,2,0,0,1,A01
202000028573,2,3,,12,2,1,13,A01
202000028573,1,7,,0,2,3,26,B01
202000028574,1,31,,0,2,1,1,B01
202000028574,2,7,,0,2,3,1,C01
202000028574,1,7,,0,2,4,23,A01
202000028575,2,1,,0,2,1,15,A01
202000028575,1,7,,0,2,1,16,Z01
202000028576,2,7,,0,2,3,9,A01
202000028576,2,30,,0,2,2,1,B01
202000028577,3,1,,0,2,1,1,B01
202000028577,2,7,,0,2,5,15,A01
202000028578,1,7,,0,1,3,1,A01
202000028579,1,7,,0,2,6,2,B01
202000028579,1,33,,0,2,1,26,A01
202000028580,1,33,,6,0,1,14,A01
202000028581,3,7,,0,2,3,16,B01
202000028581,-1,7,,0,2,1,1,A01
202000028582,1,33,,0,2,1,13,B01
202000028582,1,7,,0,2,7,13,A01
202000028583,1,7,,3,2,1,1,B01
202000028583,1,7,,13,2,4,1,A01
202000028584,1,7,,0,2,1,1,A01
202000028584,2,7,,0,2,3,16,B01
202000028585,1,7,,0,2,7,16,B01
202000028585,1,32,,0,2,3,1,A01
202000028586,2,7,,0,2,3,1,C01
202000028586,2,7,,0,2,1,13,A01
202000028586,1,15,,0,2,1,1,B01
202000028587,2,17,,0,2,1,1,B01
202000028587,1,7,,0,2,1,17,A01
202000028588,1,7,,0,0,1,26,A01
202000028589,2,7,,3,0,1,1,A01
202000028590,0,7,,0,1,0,26,A01
202000028591,2,17,,0,2,1,6,A01
202000028591,1,17,,0,2,2,1,B01
202000028591,1,17,,0,2,2,1,C01
202000028592,3,7,,2,0,1,1,A01
202000028593,1,7,,0,9,1,1,A01
202000028594,0,7,,0,2,6,15,A01
202000028594,2,33,,0,2,1,1,B01
202000028595,1,7,,0,1,7,21,A01
202000028596,1,7,,2,0,8,1,A01
202000028597,3,7,,0,2,1,1,B01
202000028597,3,7,,0,2,7,1,A01
202000028598,1,7,,0,2,2,1,A01
202000028598,1,1,,0,2,4,1,B01
202000028599,2,7,,2,0,3,0,A01
202000028600,2,7,,0,9,7,2,A01
202000028600,2,1,,0,0,8,1,B01
202000028601,1,33,,0,0,8,14,A01
202000028602,1,7,,0,0,3,21,B01
202000028602,2,7,,0,2,3,17,A01
202000028603,2,7,,8,0,3,1,A01
202000028604,1,33,,5,0,1,21,A01
202000028605,2,2,,0,2,1,1,A01
202000028605,1,7,,0,2,3,1,B01
202000028606,1,7,,2,0,1,1,A01
202000028607,2,7,,0,0,6,2,B01
202000028607,2,10,,0,2,2,2,A01
202000028608,1,7,,0,6,1,0,A01
202000028609,1,2,,0,2,1,1,A01
202000028609,1,7,,0,2,3,15,B01
202000028609,1,7,,0,2,2,15,C01
202000028610,2,7,,13,0,2,1,A01
202000028611,1,33,,14,0,1,1,A01
202000028612,2,7,,4,0,3,17,A01
202000028613,2,7,,10,0,3,13,A01
202000028614,3,10,,0,9,5,4,A01
202000028614,0,1,,0,2,6,1,B01
202000028615,1,2,,13,0,7,1,A01
202000028616,0,2,,0,0,0,17,A01
202000028617,2,7,,0,2,3,0,A01
202000028617,1,7,,0,2,3,0,B01
202000028618,1,2,,0,2,8,1,B01
202000028618,3,7,,0,0,1,19,A01
202000028619,2,7,,0,1,4,23,A01
202000028619,2,7,,1,0,1,1,B01
202000028620,0,1,,0,2,7,19,A01
202000028620,1,7,,0,2,2,1,B01
202000028621,1,7,,0,2,1,1,B01
202000028621,2,7,,0,2,3,19,A01
202000028622,1,7,,0,0,1,1,A01
202000028622,1,33,,0,2,4,24,B01
202000028623,2,7,,0,2,6,2,B01
202000028623,2,7,,0,0,4,2,A01
202000028623,2,7,,0,2,2,2,C01
202000028624,1,2,,0,1,3,17,A01
202000028625,1,7,,2,0,1,1,A01
202000028626,3,7,,6,0,3,16,A01
202000028627,1,10,,0,2,3,2,B01
202000028627,1,10,,0,2,4,2,A01
202000028628,2,7,,0,2,1,2,B01
202000028628,2,7,,0,2,4,2,A01
202000028629,0,7,,4,0,1,26,A01
202000028629,1,7,,0,0,0,26,T01
202000028630,1,7,,0,2,5,1,A01
202000028630,1,7,,0,2,3,1,B01
202000028631,2,7,,9,0,1,1,A01
202000028632,1,7,,0,0,9,9,A01
202000028633,1,7,,4,2,2,1,A01
202000028633,1,7,,0,2,5,1,C01
202000028633,1,7,,0,2,1,1,B01
202000028634,1,7,,3,2,7,14,A01
202000028634,1,7,,3,2,3,1,B01
202000028635,1,33,,0,2,8,18,B01
202000028635,1,7,,0,2,2,12,A01
202000028636,1,2,,0,2,1,1,B01
202000028636,2,7,,0,2,3,15,A01
202000028637,2,7,,0,1,1,0,A01
202000028638,1,7,,0,2,3,1,B01
202000028638,1,7,,0,2,7,1,A01
202000028639,2,33,,0,1,2,7,A01
202000028640,2,7,,0,1,2,1,A01
202000028641,3,7,,1,0,8,14,A01
202000028641,3,17,,0,0,6,24,B01
202000028642,1,30,,0,4,3,19,B01
202000028642,1,40,,0,2,2,1,A01
202000028643,2,7,,1,0,2,14,A01
202000028644,1,7,,0,2,1,0,A01
202000028644,2,7,,0,2,1,0,B01
202000028645,1,32,,0,0,0,0,A01
202000028646,2,7,,6,0,1,14,A01
202000028647,2,7,,0,2,0,0,C01
202000028647,1,7,,0,2,4,0,B01
202000028647,1,7,,0,2,1,26,A01
202000028648,3,7,,0,2,2,19,A01
202000028648,3,7,,0,2,2,21,B01
202000028649,1,7,,0,2,3,13,A01
202000028649,2,7,,4,2,3,13,B01
202000028650,3,7,,8,0,8,17,A01
202000028651,1,7,,0,0,4,2,B01
202000028651,1,7,,0,2,1,2,A01
202000028652,2,30,,11,0,1,26,A01
202000028653,2,7,,0,1,3,2,A01
202000028654,1,10,,0,2,1,2,A01
202000028654,1,7,,0,2,1,1,B01
202000028654,1,7,,0,2,0,1,C01
202000028655,2,30,,12,0,1,1,A01
202000028656,1,7,,0,2,1,1,A01
202000028656,1,1,,0,2,4,1,B01
202000028657,0,7,,0,2,1,1,B01
202000028657,2,50,,0,2,2,1,A01
202000028658,1,1,,0,2,1,1,B01
202000028658,1,7,,0,2,1,19,A01
202000028659,2,7,,0,2,2,2,A01
202000028659,2,33,,0,2,1,1,B01
202000028660,2,1,,1,2,3,1,B01
202000028660,2,7,,0,2,6,22,A01
202000028661,0,7,,0,1,1,16,A01
202000028662,1,7,,0,1,4,4,A01
202000028663,2,33,,0,0,4,23,C01
202000028663,2,7,,0,2,1,26,A01
202000028663,2,7,,0,2,4,26,B01
202000028664,2,7,,0,2,2,13,B01
202000028664,1,7,,0,2,2,1,A01
202000028665,1,7,,0,1,1,0,A01
202000028666,1,33,,0,2,1,1,A01
202000028666,1,10,,0,0,4,1,B01
202000028667,3,2,,12,0,0,1,A01
202000028668,1,31,,0,0,7,26,A01
202000028669,1,7,,13,0,1,13,A01
202000028670,1,7,,0,2,1,2,D01
202000028670,1,7,,0,2,4,2,C01
202000028670,1,7,,0,2,4,2,B01
202000028670,1,7,,0,2,4,2,A01
202000028671,1,31,,0,0,0,1,A01
202000028672,2,7,,0,2,4,23,B01
202000028672,2,7,,1,0,1,21,A01
202000028673,1,34,,3,2,8,1,B01
202000028673,1,7,,0,2,7,12,A01
202000028674,1,7,,0,2,1,26,A01
202000028674,1,7,,0,2,4,0,C01
202000028674,1,7,,0,2,4,0,B01
202000028675,1,7,,0,2,1,2,B01
202000028675,1,7,,0,2,1,2,D01
202000028675,1,7,,0,2,1,2,E01
202000028675,1,7,,0,2,1,2,A01
202000028675,1,7,,0,2,4,2,F01
202000028675,1,7,,0,2,1,2,C01
202000028676,2,7,,0,2,5,1,C01
202000028676,2,7,,0,2,8,1,B01
202000028676,2,32,,0,2,1,17,A01
202000028677,2,7,,0,2,4,2,B01
202000028677,2,7,,0,2,1,2,A01
202000028678,1,7,,7,0,1,1,A01
202000028679,2,7,,0,2,5,1,A01
202000028679,2,33,,0,2,1,21,B01
202000028680,1,7,,0,2,4,2,B01
202000028680,1,7,,0,2,1,2,A01
202000028681,2,7,,0,2,5,1,C01
202000028681,2,7,,0,2,1,1,Z01
202000028681,2,7,,0,2,1,1,A01
202000028682,1,7,,0,2,4,2,B01
202000028682,1,7,,0,2,1,2,A01
202000028683,3,7,,0,1,2,15,A01
202000028684,1,10,,0,2,3,9,A01
202000028684,2,31,,0,2,2,16,B01
202000028685,1,7,,12,2,1,14,A01
202000028685,2,7,,0,2,1,1,B01
202000028686,1,30,,0,1,1,26,A01
202000028687,2,7,,0,2,1,15,B01
202000028687,1,32,,0,2,8,0,A01
202000028688,1,7,,0,9,7,2,Z01
202000028688,1,2,,0,2,8,2,B01
202000028689,1,7,,0,0,0,1,A01
202000028690,2,7,,0,2,1,1,B01
202000028690,2,7,,0,2,2,1,A01
202000028691,2,7,,0,2,1,2,B01
202000028691,3,1,,0,2,7,19,A01
202000028692,3,10,,0,2,2,1,A01
202000028692,3,7,,0,2,8,9,B01
202000028693,3,10,,0,1,2,1,A01
202000028694,2,37,1.0,0,1,8,15,A01
202000028695,2,32,,0,0,8,1,A01
202000028696,3,7,,12,0,2,1,A01
202000028697,1,7,,0,2,2,15,B01
202000028697,1,33,,0,2,1,2,A01
202000028698,1,7,,0,2,3,1,A01
202000028698,1,1,,0,2,1,0,B01
202000028699,1,99,,0,1,1,25,A01
202000028700,1,7,,6,0,1,1,A01
202000028701,1,7,,0,1,3,1,A01
202000028702,3,30,,14,2,1,26,A01
202000028702,3,7,,0,2,4,0,B01
202000028703,1,2,,0,2,1,1,B01
202000028703,2,7,,0,2,2,15,A01
202000028704,2,7,,2,2,8,1,C01
202000028704,2,7,,2,2,8,1,B01
202000028704,1,10,,0,2,3,17,A01
202000028705,2,7,,0,1,0,0,A01
202000028706,0,10,,0,2,1,0,B01
202000028706,0,10,,0,2,5,0,A01
202000028707,3,1,,0,2,1,1,B01
202000028707,1,10,,0,2,2,1,A01
202000028708,3,7,,0,2,0,17,A01
202000028708,3,1,,0,2,0,1,B01
202000028709,1,7,,0,2,8,10,A01
202000028709,1,33,,0,2,1,1,B01
202000028710,1,50,,0,2,1,1,A01
202000028710,1,7,,0,9,3,1,B01