Num_Acc,senc,catv,occutc,obs,obsm,choc,manv,num_veh
202000028711,0,7,,0,2,3,9,A01
202000028711,0,1,,0,2,2,1,B01
202000028712,2,7,,0,2,1,1,B01
202000028712,1,31,,0,2,1,11,A01
202000028713,0,7,,0,2,1,2,A01
202000028713,0,7,,0,2,4,2,C01
202000028713,0,32,,0,2,4,2,B01
202000028714,2,7,,0,0,0,0,B01
202000028714,2,32,,0,2,4,26,A01
202000028715,1,7,,6,0,1,13,A01
202000028716,1,7,,0,1,1,1,A01
202000028717,1,7,,0,1,2,1,A01
202000028718,3,33,,0,2,1,16,B01
202000028718,3,7,,0,2,8,9,A01
202000028719,1,33,,0,1,1,1,A01
202000028720,2,7,,0,2,2,15,A01
202000028720,1,33,,0,2,1,1,B01
202000028721,2,7,,0,2,3,15,B01
202000028721,2,32,,0,2,1,17,A01
202000028722,2,7,,0,2,2,15,Z01
202000028722,1,30,,0,2,1,1,A01
202000028723,0,7,,0,2,6,16,A01
202000028723,0,1,,0,2,1,19,B01
202000028724,1,7,,0,1,6,4,A01
202000028725,1,30,,12,0,1,1,A01
202000028726,3,1,,0,2,7,19,B01
202000028726,1,7,,0,2,1,9,A01
202000028727,1,1,,0,2,8,15,B01
202000028727,1,32,,0,2,7,2,A01
202000028728,1,33,,0,2,5,1,B01
202000028728,1,33,,0,2,3,1,A01
202000028729,1,3,,14,0,1,1,A01
202000028730,2,32,,0,0,7,1,A01
202000028731,1,7,,0,2,2,9,A01
202000028731,2,34,,0,2,1,8,B01
202000028732,2,10,,0,9,2,16,B01
202000028732,0,30,,0,2,3,1,A01
202000028733,1,7,,0,1,7,1,A01
202000028734,3,7,,2,0,1,1,A01
202000028735,2,7,,13,0,9,1,A01
202000028736,2,33,,6,0,1,13,A01
202000028737,2,3,,6,0,1,2,A01
202000028738,0,32,,0,0,3,0,A01
202000028739,2,32,,0,1,1,1,A01
202000028740,1,7,,0,2,6,11,B01
202000028740,1,2,,0,2,3,1,A01
202000028741,2,37,1.0,0,2,3,8,B01
202000028741,1,30,,0,2,3,13,A01
202000028742,3,7,,0,2,1,1,B01
202000028742,3,7,,0,2,4,1,A01
202000028743,1,7,,0,2,3,1,B01
202000028743,1,50,,0,2,1,1,A01
202000028744,2,7,,0,2,7,10,A01
202000028744,2,32,,0,2,7,1,B01
202000028745,1,1,,0,0,0,21,A01
202000028746,2,7,,0,2,8,9,A01
202000028746,2,1,,0,2,2,1,B01
202000028747,2,2,,0,2,2,21,A01
202000028747,2,7,,0,2,6,20,B01
202000028748,3,7,,0,2,1,1,A01
202000028748,3,31,,0,2,0,0,B01
202000028749,2,1,,1,0,4,1,B01
202000028749,2,7,,0,2,3,24,A01
202000028750,0,7,,0,2,2,1,B01
202000028750,0,7,,0,2,1,15,A01
202000028751,1,7,,0,2,8,1,B01
202000028751,3,7,,0,2,1,1,A01
202000028752,1,1,,0,0,0,25,A01
202000028753,1,30,,14,0,1,14,A01
202000028754,1,99,,1,0,2,12,A01
202000028755,1,34,,0,1,1,1,A01
202000028756,0,7,,0,2,9,26,A01
202000028756,0,7,,0,2,6,1,B01
202000028756,0,7,,0,2,8,1,C01
202000028757,2,1,,0,0,0,0,B01
202000028757,2,31,,0,2,2,16,A01
202000028758,1,7,,0,2,1,0,A01
202000028758,1,7,,0,2,8,0,B01
202000028759,1,7,,0,2,3,1,B01
202000028759,2,33,,0,2,1,1,A01
202000028760,2,33,,3,0,7,14,A01
202000028761,2,10,,0,2,7,1,A01
202000028761,2,7,,0,2,3,9,B01
202000028762,2,7,,0,2,3,19,A01
202000028762,3,33,,0,2,1,1,B01
202000028763,2,33,,0,0,0,1,A01
202000028764,0,7,,0,1,2,21,A01
202000028765,2,10,,0,2,1,1,C01
202000028765,1,7,,0,0,6,1,B01
202000028765,1,7,,0,2,1,1,A01
202000028766,2,33,,13,0,1,2,A01
202000028767,2,7,,13,0,1,13,A01
202000028768,3,7,,0,0,1,0,A01
202000028769,2,7,,2,0,1,13,A01
202000028770,2,7,,0,2,3,15,B01
202000028770,1,2,,0,2,3,1,A01
202000028771,2,7,,13,0,1,14,A01
202000028772,3,7,,13,0,1,13,A01
202000028773,1,7,,13,0,1,1,A01
202000028774,3,80,,0,2,1,1,B01
202000028774,3,7,,0,2,3,9,A01
202000028775,1,33,,12,0,1,0,A01
202000028776,2,7,,13,0,3,1,A01
202000028777,2,7,,0,2,1,1,B01
202000028777,1,7,,0,2,1,13,A01
202000028778,1,33,,6,0,3,1,A01
202000028779,2,7,,0,1,0,0,A01
202000028780,2,33,,13,0,1,1,A01
202000028781,3,2,,0,9,1,1,A01
202000028782,2,7,,0,1,1,1,A01
202000028783,2,2,,0,0,0,0,A01
202000028784,2,33,,3,0,1,1,A01
202000028785,1,2,,0,2,2,1,B01
202000028785,1,7,,0,2,8,20,A01
202000028786,3,2,,0,2,7,19,A01
202000028786,1,7,,0,2,3,21,B01
202000028787,1,7,,7,0,2,0,A01
202000028788,1,33,,0,2,1,1,B01
202000028788,1,7,,0,2,6,19,A01
202000028789,1,33,,0,6,1,0,A01
202000028790,1,7,,0,2,1,5,A01
202000028790,2,7,,0,2,1,1,B01
202000028791,0,7,,0,2,7,19,A01
202000028791,0,7,,0,2,1,1,B01
202000028792,-1,7,,0,0,1,2,B01
202000028792,-1,33,,0,0,1,2,A01
202000028793,3,1,,0,2,1,2,B01
202000028793,3,1,,0,2,1,2,A01
202000028794,1,7,,13,0,1,13,A01
202000028795,2,7,,0,2,1,1,B01
202000028795,1,7,,0,2,2,13,A01
202000028796,1,7,,0,0,9,1,A01
202000028797,3,7,,13,0,3,16,A01
202000028797,3,7,,13,2,1,19,B01
202000028798,2,33,,0,6,2,1,A01
202000028799,1,7,,0,2,5,15,A01
202000028799,2,31,,0,2,1,1,B01
202000028800,1,33,,0,2,1,1,B01
202000028800,2,7,,0,0,8,15,A01
202000028801,2,36,,0,2,3,5,A01
202000028801,1,10,,0,2,1,1,B01
202000028802,1,33,,0,0,0,1,A01
202000028803,3,7,,0,1,2,1,A01
202000028804,2,7,,3,0,9,14,A01
202000028805,1,7,,0,2,1,2,A01
202000028805,1,7,,0,0,4,2,B01
202000028806,2,7,,2,0,1,16,A01
202000028807,1,7,,3,0,1,14,A01
202000028808,1,7,,0,2,1,1,A01
202000028808,1,7,,0,0,4,12,B01
202000028809,2,2,,0,0,1,3,B01
202000028809,2,7,,0,0,6,15,A01
202000028810,2,2,,1,0,1,5,A01
202000028811,2,33,,3,0,2,1,A01
202000028812,1,7,,0,2,2,15,A01
202000028812,2,33,,0,2,1,1,B01
202000028813,2,7,,0,2,1,1,B01
202000028813,1,33,,0,2,1,1,A01
202000028814,2,31,,0,2,2,17,A01
202000028814,2,7,,0,0,6,17,B01
202000028815,1,7,,0,2,1,1,C01
202000028815,2,7,,0,2,3,1,A01
202000028815,1,7,,0,2,1,1,B01
202000028816,2,31,,0,2,1,2,B01
202000028816,2,7,,0,2,4,2,A01
202000028817,1,7,,0,2,4,11,B01
202000028817,1,7,,0,2,1,1,A01
202000028818,1,7,,0,2,4,1,A01
202000028818,1,7,,0,2,4,1,B01
202000028818,1,7,,0,2,4,1,C01
202000028818,1,7,,0,2,1,1,D01
202000028819,2,7,,0,2,4,2,C01
202000028819,2,7,,0,2,4,1,B01
202000028819,2,10,,0,2,1,2,A01
202000028820,2,15,,0,2,1,2,C01
202000028820,2,37,1.0,0,2,1,2,B01
202000028820,2,15,,0,2,4,1,A01
202000028821,2,7,,0,2,4,2,B01
202000028821,2,7,,0,2,1,2,A01
202000028822,2,7,,0,2,4,2,C01
202000028822,2,7,,0,2,4,2,B01
202000028822,2,7,,0,2,1,2,A01
202000028823,2,7,,4,0,1,1,A01
202000028824,2,7,,4,0,1,21,A01
202000028825,1,7,,0,2,0,13,B01
202000028825,1,7,,0,2,1,14,A01
202000028826,1,7,,0,2,1,2,A01
202000028826,1,7,,0,2,4,2,B01
202000028826,1,7,,0,2,4,2,C01
202000028826,1,7,,0,2,4,2,D01
202000028827,1,7,,0,2,5,1,B01
202000028827,1,7,,0,2,6,11,A01
202000028828,1,7,,0,2,4,2,B01
202000028828,1,7,,0,2,1,2,A01
202000028828,1,7,,0,2,4,2,D01
202000028828,1,7,,0,2,0,26,C01
202000028829,1,7,,0,2,2,15,A01
202000028829,1,43,,0,2,1,1,B01
202000028830,1,33,,0,2,1,1,A01
202000028830,2,7,,0,2,2,1,B01
202000028831,2,7,,0,2,1,2,A01
202000028831,2,7,,0,2,4,2,B01
202000028831,2,7,,0,2,4,2,C01
202000028832,2,31,,0,2,1,1,A01
202000028832,1,7,,0,2,8,1,B01
202000028833,1,31,,0,2,1,17,A01
202000028833,1,7,,0,2,8,15,B01
202000028834,2,7,,0,1,0,26,A01
202000028835,2,7,,0,2,2,17,A01
202000028835,3,7,,0,2,2,9,B01
202000028835,1,7,,0,2,1,2,C01
202000028835,2,7,,0,2,8,15,D01
202000028836,1,32,,0,2,6,13,A01
202000028836,3,7,,0,2,6,1,B01
202000028837,0,7,,0,1,3,11,A01
202000028838,3,1,,0,2,0,0,B01
202000028838,3,7,,0,2,3,9,A01
202000028839,2,33,,0,2,8,9,B01
202000028839,1,7,,0,2,3,9,A01
202000028840,1,50,,0,0,0,1,A01
202000028841,1,7,,0,2,4,1,C01
202000028841,1,7,,0,2,4,1,B01
202000028841,1,7,,0,2,1,1,A01
202000028842,1,7,,0,2,4,2,B01
202000028842,1,7,,0,2,1,2,A01
202000028843,1,7,,0,2,1,1,B01
202000028843,1,7,,0,2,5,16,A01
202000028844,1,7,,0,1,1,15,A01
202000028845,2,7,,0,2,3,26,B01
202000028845,1,7,,1,2,2,14,A01
202000028846,0,7,,6,0,0,13,A01
202000028847,1,7,,0,0,9,14,A01
202000028848,1,7,,0,2,3,15,A01
202000028848,2,7,,0,2,2,1,B01
202000028849,1,2,,0,2,1,1,A01
202000028849,2,7,,0,2,1,15,B01
202000028850,2,7,,0,2,2,1,A01
202000028850,1,1,,0,2,4,1,B01
202000028851,1,33,,10,0,1,26,A01
202000028852,1,10,,0,9,3,1,A01
202000028852,1,1,,0,2,1,19,B01
202000028853,1,33,,14,2,1,13,A01
202000028853,1,7,,0,0,3,23,B01
202000028854,0,7,,0,2,1,1,B01
202000028854,0,7,,0,2,7,15,A01
202000028855,0,32,,0,0,0,1,A01
202000028856,2,33,,6,0,2,0,A01
202000028857,1,7,,13,0,1,1,A01
202000028858,3,10,,0,1,2,13,A01
202000028859,1,15,,0,0,6,2,B01
202000028859,1,10,,0,2,1,2,A01
202000028860,0,7,,0,2,1,17,B01
202000028860,0,7,,6,2,8,15,A01
202000028861,3,2,,0,1,1,1,A01
202000028862,2,15,,0,2,2,12,B01
202000028862,2,7,,4,2,3,2,A01
202000028863,1,1,,0,2,8,0,A01
202000028863,1,7,,0,2,1,0,B01
202000028864,1,1,,0,2,0,0,B01
202000028864,1,7,,0,2,8,0,A01
202000028865,1,7,,1,0,1,0,A01
202000028866,1,7,,3,2,2,12,A01
202000028866,1,7,,0,2,3,1,B01
202000028867,2,7,,0,2,3,13,A01
202000028867,2,7,,0,2,2,2,B01
202000028868,3,7,,0,2,8,1,B01
202000028868,3,1,,0,2,1,19,A01
202000028869,1,10,,0,1,4,4,A01
202000028870,0,7,,0,1,1,1,A01
202000028871,1,7,,0,1,1,1,A01
202000028872,3,7,,0,1,5,4,A01
202000028873,3,7,,0,1,1,1,A01
202000028874,1,20,,0,1,2,1,A01
202000028875,3,7,,1,0,1,0,A01
202000028876,1,14,,0,2,1,2,A01
202000028876,1,7,,0,2,4,2,B01
202000028877,1,7,,0,2,2,2,A01
202000028877,1,7,,0,2,6,23,B01
202000028878,2,33,,12,0,8,1,A01
202000028879,0,2,,12,0,0,1,A01
202000028880,1,7,,1,0,1,13,A01
202000028881,2,7,,0,1,3,1,A01
202000028882,1,7,,0,0,0,1,A01
202000028883,1,2,,6,0,1,0,A01
202000028884,2,7,,2,0,1,13,A01
202000028885,2,10,,13,0,2,14,A01
202000028886,1,1,,0,2,0,19,B01
202000028886,1,7,,0,2,1,9,A01
202000028887,2,10,,0,2,2,1,B01
202000028887,2,7,,0,2,3,22,A01
202000028888,3,33,,0,9,1,26,A01
202000028889,-1,10,,0,1,3,16,A01
202000028890,1,7,,0,2,1,15,A01
202000028890,1,2,,0,2,2,1,B01
202000028891,2,0,,0,1,0,0,A01
202000028892,2,2,,0,2,1,2,B01
202000028892,2,7,,0,2,4,2,A01
202000028893,1,7,,0,2,1,1,B01
202000028893,2,7,,0,2,1,15,A01
202000028894,2,14,,0,1,2,1,A01
202000028895,1,33,,6,0,1,1,A01
202000028896,2,33,,0,0,0,17,A01
202000028897,2,2,,0,0,4,0,A01
202000028897,2,0,,0,9,7,0,B01
202000028898,1,33,,3,0,0,1,A01
202000028899,3,7,,13,0,2,1,A01
202000028900,1,7,,8,0,3,0,A01
202000028901,1,7,,13,1,0,1,A01
202000028902,2,15,,0,0,6,1,B01
202000028902,2,7,,0,2,2,1,A01
202000028903,3,33,,0,2,2,1,A01
202000028903,3,10,,0,2,7,1,B01
202000028904,2,33,,0,0,8,1,A01
202000028905,2,33,,6,0,2,14,A01
202000028906,2,7,,6,0,2,1,A01
202000028907,3,7,,0,2,8,19,A01
202000028907,1,33,,0,2,1,1,B01
202000028908,1,7,,4,0,1,1,A01
202000028909,2,7,,0,2,2,1,B01
202000028909,2,7,,0,2,6,9,A01
202000028910,2,32,,1,0,1,19,B01
202000028911,2,7,,0,1,3,1,A01
202000028912,3,2,,0,2,1,18,Z01
202000028912,3,7,,0,2,2,23,B01
202000028913,3,7,,6,2,3,1,B01
202000028913,3,7,,12,2,2,1,A01
202000028914,1,32,,0,2,9,1,B01
202000028914,1,7,,0,2,6,1,A01
202000028915,2,7,,0,0,0,1,A01
202000028916,0,7,,0,1,1,1,A01
202000028917,2,30,,0,2,1,1,A01
202000028917,2,10,,0,2,3,1,B01
202000028918,1,7,,8,2,6,15,B01
202000028918,3,7,,0,2,2,1,A01
202000028919,3,7,,0,2,2,19,A01
202000028919,1,2,,0,2,1,1,B01
202000028920,2,32,,0,2,7,19,A01
202000028920,2,0,,0,0,0,0,Z01
202000028921,3,99,,1,0,1,26,A01
202000028922,0,2,,0,2,8,1,B01
202000028922,2,3,,0,2,1,1,A01
202000028923,1,7,,0,1,1,26,A01
202000028924,3,31,,2,0,1,1,A01
202000028925,2,17,,3,0,1,0,A01
202000028926,1,33,,8,0,1,1,A01
202000028927,2,7,,0,2,3,13,A01
202000028927,1,7,,0,2,3,1,B01
202000028928,3,33,,1,0,3,14,A01
202000028929,1,21,,0,2,6,15,A01
202000028929,1,7,,0,2,1,17,B01
202000028930,1,7,,6,0,2,14,A01
202000028931,2,7,,0,2,1,2,B01
202000028931,2,80,,0,2,4,2,A01
202000028932,0,30,,0,2,1,9,B01
202000028932,3,7,,12,2,3,1,A01
202000028933,2,7,,16,0,7,1,A01
202000028934,1,7,,2,0,9,1,A01
202000028935,1,7,,13,0,0,14,A01
202000028936,1,33,,7,0,1,1,A01
202000028937,3,7,,0,9,3,1,A01
202000028937,0,33,,0,2,1,1,B01
202000028938,0,7,,15,0,3,0,A01
202000028939,1,7,,13,0,1,1,A01
202000028940,1,33,,13,0,9,0,A01
202000028941,1,10,,3,0,9,1,A01
202000028942,1,7,,0,2,1,1,B01
202000028942,1,7,,0,2,2,1,A01
202000028943,2,7,,13,0,3,0,A01
202000028944,2,7,,0,0,3,13,A01
202000028945,2,7,,0,2,1,1,B01
202000028945,1,3,,6,2,1,15,A01
202000028946,0,15,,0,0,3,9,A01
202000028946,0,7,,0,2,1,9,B01
202000028947,2,33,,1,0,2,14,A01
202000028948,2,7,,0,2,2,2,A01
202000028948,2,7,,0,2,6,1,B01
202000028949,2,7,,0,2,1,1,A01
202000028949,1,1,,0,2,4,1,B01
202000028950,2,37,1.0,0,2,6,1,B01
202000028950,1,7,,0,2,3,13,A01
202000028951,1,33,,0,5,1,1,A01
202000028952,2,7,,0,2,3,1,A01
202000028952,1,7,,0,2,7,15,B01
202000028953,0,3,,0,2,8,15,B01
202000028953,0,0,,0,2,7,1,A01
202000028954,1,30,,1,0,2,15,A01
202000028955,2,10,,0,2,5,23,B01
202000028955,2,2,,0,2,3,3,A01
202000028956,1,7,,11,0,1,1,A01
202000028957,2,1,,0,2,2,1,A01
202000028957,2,7,,0,2,3,22,B01
202000028958,2,7,,0,2,1,1,B01
202000028958,2,31,,0,2,8,1,A01
202000028959,-1,20,,0,2,-1,-1,A01
202000028959,-1,20,,0,2,-1,-1,B01
202000028960,2,30,,0,2,1,26,A01
202000028960,1,7,,0,2,3,1,B01
202000028961,3,30,,0,2,1,21,A01
202000028961,3,7,,0,2,2,21,B01
202000028962,0,7,,6,0,2,5,A01
202000028963,3,30,,0,0,8,15,A01
202000028964,1,33,,0,0,8,1,A01
202000028965,1,7,,0,1,1,1,A01
202000028966,1,33,,13,0,8,2,A01
202000028967,1,7,,3,0,1,14,A01
202000028968,3,7,,0,1,3,15,A01
202000028969,3,1,,0,2,1,1,B01
202000028969,3,7,,0,2,3,1,A01
202000028970,1,33,,16,0,9,1,A01
202000028971,2,15,,3,0,7,1,A01
202000028972,1,7,,8,0,1,2,A01
202000028973,1,7,,16,0,3,1,A01
202000028974,1,7,,2,0,0,2,A01
202000028975,2,7,,0,2,1,2,A01
202000028975,2,7,,0,0,5,23,B01
202000028976,1,33,,0,2,1,2,A01
202000028976,1,7,,3,0,4,2,B01
202000028977,2,7,,13,0,2,14,A01
202000028978,0,10,,0,1,4,4,A01
202000028979,1,3,,0,2,1,9,A01
202000028979,1,7,,0,2,2,1,B01
202000028980,1,7,,0,2,2,1,B01
202000028980,3,7,,0,2,3,9,A01
202000028981,2,7,,0,2,1,11,A01
202000028981,2,10,,0,2,6,1,B01
202000028982,1,7,,1,0,8,21,B01
202000028982,1,30,,0,2,8,13,A01
202000028983,2,1,,0,0,4,26,A01
202000028983,2,7,,0,0,2,26,B01
202000028984,1,7,,0,1,1,24,A01
202000028985,3,7,,0,2,1,9,B01
202000028985,1,7,,0,2,2,1,A01
202000028986,3,7,,12,0,1,13,A01
202000028987,1,7,,9,0,0,0,A01
202000028987,1,10,,0,2,3,1,B01
202000028988,1,7,,1,0,2,14,A01
202000028989,3,7,,0,2,5,20,A01
202000028989,2,32,,0,2,1,1,B01
202000028990,3,7,,0,2,2,15,A01
202000028990,3,10,,0,2,0,0,B01
202000028991,1,7,,0,0,1,0,A01
202000028992,1,7,,8,0,3,13,A01
202000028993,1,0,,0,2,0,15,Z01
202000028993,1,2,,0,2,7,1,A01
202000028994,3,7,,0,1,3,1,B01
202000028994,3,7,,0,1,1,1,A01
202000028995,2,7,,0,2,0,26,B01
202000028995,1,7,,0,1,1,26,A01
202000028996,3,7,,2,0,1,13,A01
202000028997,0,7,,0,2,3,1,Z01
202000028997,0,7,,0,2,2,15,A01
202000028998,3,31,,12,0,8,5,A01
202000028999,1,7,,0,1,4,4,A01
202000029000,1,7,,0,2,1,9,A01
202000029000,1,33,,0,2,7,0,B01
202000029001,1,7,,14,2,6,23,B01
202000029001,1,33,,14,2,3,13,A01
202000029002,2,7,,0,2,0,0,Z01
202000029002,2,7,,0,2,5,1,A01
202000029003,2,30,,0,2,3,15,A01
202000029003,1,2,,0,2,2,1,Z01
202000029004,1,10,,0,2,2,1,A01
202000029004,2,30,,0,2,1,1,B01
202000029005,1,37,1.0,0,2,4,23,B01
202000029005,1,7,,0,2,1,2,A01
202000029006,1,7,,0,0,0,1,A01
202000029007,2,7,,13,0,9,0,A01
202000029008,3,31,,2,0,1,0,A01
202000029009,2,33,,8,0,0,16,A01
202000029010,1,2,,12,0,2,1,A01
202000029011,1,7,,0,0,3,1,A01
202000029012,1,15,,16,0,7,1,A01
202000029013,1,7,,0,2,1,1,B01
202000029013,3,21,,0,2,2,19,A01
202000029014,1,7,,0,0,9,1,A01
202000029015,3,21,,16,0,8,1,A01
202000029016,1,33,,0,0,3,0,A01
202000029017,1,32,,0,2,7,17,A01
202000029017,1,7,,0,2,8,15,B01
202000029018,3,7,,8,0,1,13,A01
202000029019,3,7,,0,2,1,15,B01
202000029019,3,7,,0,2,7,7,A01
202000029020,1,50,,0,2,1,1,B01
202000029020,1,7,,0,2,3,1,A01
202000029021,1,10,,0,2,8,1,B01
202000029021,1,7,,0,2,2,9,A01
202000029022,2,1,,0,2,2,1,B01
202000029022,2,7,,0,2,3,9,A01
202000029023,2,7,,0,2,3,13,A01
202000029023,2,30,,0,2,2,1,B01
202000029024,2,7,,0,2,1,26,A01
202000029024,2,7,,0,0,0,0,C01
202000029024,2,7,,0,0,0,0,B01
202000029025,2,30,,0,2,7,15,A01
202000029025,1,32,,0,2,1,1,B01
202000029026,1,7,,13,0,3,1,A01
202000029027,2,7,,0,2,1,5,A01
202000029027,1,7,,0,2,1,1,B01
202000029028,1,7,,0,2,2,0,A01
202000029028,2,7,,0,2,1,1,B01
202000029029,1,7,,3,0,2,26,A01
202000029030,2,21,,6,0,1,0,A01
202000029031,1,7,,0,2,3,1,B01
202000029031,2,7,,12,2,3,1,A01
202000029032,2,7,,8,0,1,13,A01
202000029033,1,7,,7,0,2,0,A01
202000029034,1,33,,2,0,2,14,A01
202000029035,2,7,,2,0,1,1,A01
202000029036,1,33,,3,0,8,1,A01
202000029037,3,7,,0,1,1,1,A01
202000029038,2,7,,0,2,4,1,A01
202000029038,2,10,,0,2,1,14,B01
202000029039,2,7,,0,0,4,2,B01
202000029039,2,7,,1,0,1,2,A01
202000029040,1,7,,16,0,3,21,A01
202000029041,2,7,,0,2,2,2,A01
202000029041,2,10,,0,2,6,21,B01
202000029042,1,7,,4,0,1,1,A01
202000029043,2,7,,0,2,0,0,B01
202000029043,2,33,,0,2,8,0,A01
202000029044,3,7,,0,2,1,0,A01
202000029044,3,10,,0,2,1,15,B01
202000029045,2,7,,0,1,0,0,A01
202000029046,3,7,,0,0,0,26,A01
202000029047,2,7,,0,2,4,1,A01
202000029047,2,7,,0,2,1,1,B01
202000029048,1,7,,0,0,0,10,A01
202000029048,1,33,,0,0,0,26,B01
202000029049,2,99,,0,2,1,1,A01
202000029049,2,50,,0,2,1,1,B01
202000029050,3,2,,0,2,1,2,A01
202000029050,3,1,,0,2,8,2,B01
202000029051,1,7,,0,9,3,26,A01
202000029051,2,1,,0,0,8,0,B01
202000029052,2,7,,13,0,9,1,A01
202000029053,2,10,,0,2,1,1,B01
202000029053,1,7,,0,2,2,15,A01
202000029054,0,10,,0,1,3,1,A01
202000029055,0,1,,0,2,1,1,A01
202000029055,0,7,,0,2,3,15,B01
202000029056,0,33,,0,1,0,1,A01
202000029057,1,33,,0,2,1,2,B01
202000029057,1,33,,0,2,4,21,A01
202000029058,1,7,,0,2,8,1,A01
202000029058,2,7,,0,2,1,15,B01
202000029059,0,7,,0,2,4,23,B01
202000029059,0,7,,0,2,1,2,A01
202000029060,0,7,,5,0,7,14,A01
202000029061,2,7,,0,2,7,14,A01
202000029061,2,60,,0,2,1,19,B01
202000029062,1,7,,0,2,1,1,B01
202000029062,2,7,,0,2,3,1,A01
202000029063,1,7,,0,2,3,13,A01
202000029063,2,7,,0,2,3,1,B01
202000029064,2,37,2.0,0,2,3,9,B01
202000029064,3,10,,0,2,5,26,A01
202000029065,1,2,,0,2,1,1,B01
202000029065,2,7,,0,2,7,15,A01
202000029066,1,30,,0,0,0,1,A01
202000029067,1,7,,0,1,1,1,A01
202000029068,3,10,,0,1,2,2,A01
202000029069,1,7,,0,2,1,11,A01
202000029069,1,7,,0,0,6,1,B01
202000029070,3,10,,0,2,5,1,A01
202000029070,3,10,,0,2,3,9,B01
202000029071,1,7,,0,1,1,16,A01
202000029072,1,7,,0,2,1,13,A01
202000029072,2,7,,0,2,1,1,B01
202000029073,2,36,,6,0,1,13,A01
202000029074,2,7,,0,2,2,16,B01
202000029074,1,7,,0,2,3,15,A01
202000029075,1,7,,0,2,1,1,Z01
202000029075,1,33,,0,2,4,1,B01
202000029076,1,7,,0,2,7,15,A01
202000029076,2,7,,0,2,1,1,B01
202000029076,1,7,,0,2,1,2,C01
202000029077,2,7,,0,2,3,16,A01
202000029077,1,7,,0,2,2,1,B01
202000029078,1,7,,14,0,6,16,A01
202000029078,1,7,,0,2,2,1,B01
202000029079,2,33,,16,0,8,1,A01
202000029080,1,7,,0,2,3,15,A01
202000029080,2,32,,0,2,1,1,B01
202000029081,2,7,,0,2,5,15,A01
202000029081,1,34,,0,2,1,1,B01
202000029082,0,2,,0,2,1,1,B01
202000029082,3,10,,0,2,8,13,A01
202000029083,2,7,,0,2,2,1,B01
202000029083,3,7,,0,2,8,1,A01
202000029084,0,30,,0,2,1,9,A01
202000029084,0,7,,0,2,6,9,B01
202000029085,2,7,,0,2,8,1,B01
202000029085,1,30,,0,2,8,1,A01
202000029086,1,33,,0,2,3,13,A01
202000029086,1,7,,0,2,2,1,B01
202000029087,1,7,,0,1,1,26,A01
202000029088,2,10,,0,2,2,1,A01
202000029088,2,33,,0,2,8,0,B01
202000029089,1,33,,0,2,8,1,B01
202000029089,1,7,,0,2,0,16,A01
202000029090,1,7,,14,0,4,0,B01
202000029090,1,34,,0,2,1,26,A01
202000029091,1,7,,0,1,7,1,A01
202000029092,3,80,,0,2,8,19,B01
202000029092,1,3,,0,9,1,1,A01
202000029093,3,1,,0,2,6,1,A01
202000029093,3,10,,0,2,2,16,Z01
202000029094,1,7,,0,2,7,16,A01
202000029094,1,1,,0,2,8,1,B01
202000029095,2,7,,0,2,4,1,B01
202000029095,2,7,,0,2,1,2,A01
202000029096,1,7,,15,0,1,13,A01
202000029097,1,7,,0,2,6,20,A01
202000029097,1,33,,0,2,0,1,B01
202000029098,1,7,,0,1,1,1,A01
202000029099,3,7,,0,2,2,1,B01
202000029099,3,7,,0,2,1,9,A01
202000029100,1,30,,0,2,7,13,A01
202000029100,2,7,,0,2,8,0,B01
202000029101,1,7,,0,2,3,1,B01
202000029101,2,7,,0,2,1,15,A01
202000029102,2,10,,0,2,1,1,Z01
202000029102,2,7,,0,2,4,1,B01
202000029103,3,7,,12,0,7,16,A01
202000029103,0,30,,12,2,8,18,B01
202000029104,2,7,,0,0,4,1,B01
202000029104,2,2,,0,2,1,1,A01
202000029105,2,7,,0,2,4,2,C01
202000029105,2,7,,0,2,4,2,B01
202000029105,2,7,,0,2,0,16,D01
202000029105,2,10,,0,2,1,9,A01
202000029106,3,7,,0,2,4,4,A01
202000029106,2,1,,0,2,7,1,B01
202000029107,1,7,,1,0,8,1,A01
202000029107,1,17,,0,2,4,24,B01
202000029108,1,30,,0,2,8,10,A01
202000029108,1,7,,0,2,2,1,B01
202000029109,3,2,,0,2,3,18,A01
202000029109,3,7,,0,2,8,1,B01
202000029110,2,50,,0,2,7,1,B01
202000029110,2,10,,0,2,1,1,A01
202000029111,1,50,,0,1,1,25,A01
202000029112,2,1,,0,2,7,1,A01
202000029112,2,7,,0,2,3,1,B01
202000029113,1,7,,0,2,8,15,A01
202000029113,1,33,,0,2,1,17,B01
202000029114,2,7,,0,1,3,1,A01
202000029115,1,1,,0,2,7,9,B01
202000029115,2,7,,0,2,1,16,A01
202000029116,1,32,,0,1,1,1,A01
202000029117,0,32,,0,2,2,3,B01
202000029117,1,7,,0,2,3,11,A01
202000029118,3,1,,12,0,8,13,A01
202000029119,2,7,,0,1,7,1,A01
202000029120,1,50,,0,1,8,1,A01
202000029121,1,30,,0,2,1,15,A01
202000029121,2,30,,0,2,1,1,B01
202000029122,2,7,,0,2,7,1,B01
202000029122,2,30,,0,2,8,18,A01