Num_Acc,senc,catv,occutc,obs,obsm,choc,manv,num_veh
202000029123,1,32,,0,2,3,1,B01
202000029123,1,10,,0,2,1,15,A01
202000029124,3,80,,0,2,1,11,B01
202000029124,3,7,,0,2,1,1,A01
202000029125,1,7,,0,1,3,1,A01
202000029126,3,7,,0,1,3,21,A01
202000029127,2,30,,0,2,7,2,A01
202000029127,1,13,,0,2,2,16,B01
202000029128,-1,7,,13,0,1,1,A01
202000029129,1,7,,0,2,1,15,A01
202000029129,1,31,,0,2,1,1,B01
202000029130,0,7,,0,2,1,3,A01
202000029130,0,7,,0,2,1,23,B01
202000029131,2,2,,0,0,0,1,A01
202000029132,2,30,,1,0,3,16,A01
202000029133,1,7,,0,2,2,15,A01
202000029133,2,7,,0,2,8,1,B01
202000029134,3,7,,0,2,2,21,A01
202000029134,1,30,,0,2,5,26,B01
202000029135,1,33,,0,2,3,0,B01
202000029135,1,30,,0,2,1,0,A01
202000029136,1,2,,0,0,0,2,A01
202000029137,1,33,,0,0,4,1,B01
202000029137,1,33,,0,2,1,2,A01
202000029138,1,7,,0,9,1,1,A01
202000029139,1,7,,0,6,1,21,A01
202000029140,2,36,,13,0,2,1,A01
202000029141,1,1,,0,2,1,1,A01
202000029141,1,13,,0,9,2,1,B01
202000029142,2,21,,13,0,0,1,A01
202000029143,0,2,,1,0,1,16,A01
202000029144,2,7,,0,2,2,13,A01
202000029144,1,7,,0,2,1,1,B01
202000029145,2,10,,0,2,2,19,A01
202000029145,2,1,,0,2,1,1,B01
202000029146,1,7,,0,2,2,1,A01
202000029146,1,2,,0,2,1,15,B01
202000029147,3,2,,0,2,2,5,A01
202000029147,3,7,,0,2,2,5,B01
202000029148,0,32,,16,0,0,21,A01
202000029149,1,7,,14,0,3,26,A01
202000029150,2,15,,0,2,4,1,B01
202000029150,2,7,,0,2,3,1,A01
202000029151,2,7,,2,0,8,17,A01
202000029152,1,13,,0,0,1,1,A01
202000029153,1,7,,8,0,1,1,A01
202000029154,1,7,,2,0,1,0,A01
202000029155,2,7,,0,2,8,2,A01
202000029155,2,1,,0,2,7,2,B01
202000029156,2,7,,-1,2,8,19,C01
202000029156,2,15,,0,2,7,1,B01
202000029157,1,7,,0,0,0,16,C01
202000029157,2,7,,0,2,3,1,B01
202000029157,1,7,,0,2,3,13,A01
202000029158,1,7,,0,0,1,26,A01
202000029159,2,7,,0,9,3,1,B01
202000029159,1,1,,0,2,3,1,A01
202000029160,2,7,,0,1,9,1,A01
202000029160,1,7,,0,2,1,15,B01
202000029161,1,2,,0,9,8,1,B01
202000029161,1,1,,0,2,8,15,A01
202000029162,1,33,,0,2,1,17,B01
202000029162,1,7,,0,2,3,15,A01
202000029163,2,7,,0,2,8,17,A01
202000029163,1,33,,0,2,8,21,B01
202000029164,2,7,,0,2,6,19,B01
202000029164,1,33,,0,2,1,1,A01
202000029165,2,1,,0,2,8,1,B01
202000029165,2,7,,0,2,7,16,A01
202000029166,2,10,,0,2,7,19,A01
202000029166,2,7,,0,2,1,1,B01
202000029167,0,41,,0,2,1,1,B01
202000029167,2,16,,0,9,3,26,A01
202000029168,2,7,,0,2,1,1,A01
202000029168,1,2,,0,2,1,1,B01
202000029169,1,2,,0,2,8,15,A01
202000029169,1,2,,0,2,1,17,B01
202000029170,2,7,,0,2,2,1,A01
202000029170,2,1,,0,2,4,1,B01
202000029171,3,7,,6,0,1,1,A01
202000029172,3,7,,0,2,3,1,A01
202000029172,3,36,,0,2,1,1,B01
202000029173,1,7,,0,1,1,1,A01
202000029174,3,7,,0,2,1,1,B01
202000029174,2,7,,0,2,3,1,A01
202000029175,1,2,,0,2,7,17,A01
202000029175,1,21,,0,2,3,15,B01
202000029176,1,7,,0,2,7,15,A01
202000029176,2,33,,0,2,1,1,B01
202000029177,2,7,,0,2,8,0,A01
202000029177,1,1,,0,2,8,26,B01
202000029178,1,33,,0,0,7,1,A01
202000029179,1,32,,0,2,1,1,B01
202000029179,1,7,,0,2,4,1,A01
202000029180,2,7,,0,1,1,9,A01
202000029181,1,7,,4,0,1,26,A01
202000029182,1,7,,0,2,1,15,A01
202000029182,2,32,,0,2,1,1,B01
202000029183,3,7,,0,2,2,1,A01
202000029183,3,7,,0,2,3,1,B01
202000029184,2,7,,0,2,1,1,B01
202000029184,1,7,,13,2,7,15,A01
202000029185,1,7,,3,2,1,1,A01
202000029185,1,7,,0,2,4,12,B01
202000029186,1,7,,6,0,1,21,A01
202000029187,1,33,,0,2,7,1,A01
202000029187,1,7,,0,2,3,9,B01
202000029188,2,1,,0,0,9,1,A01
202000029189,3,2,,0,0,0,1,A01
202000029190,2,7,,0,2,8,1,B01
202000029190,1,2,,0,2,7,1,A01
202000029191,2,33,,0,2,1,26,B01
202000029191,1,10,,0,2,5,15,A01
202000029192,1,33,,0,2,1,1,B01
202000029192,2,10,,0,2,1,15,A01
202000029193,2,7,,3,0,3,13,A01
202000029194,1,10,,4,2,5,1,A01
202000029194,1,17,,0,2,2,1,B01
202000029194,1,10,,0,2,0,0,Z01
202000029195,1,10,,0,2,4,1,D01
202000029195,1,7,,0,2,6,1,C01
202000029195,1,7,,0,2,3,1,B01
202000029195,1,7,,3,2,0,2,A01
202000029195,1,7,,0,2,5,1,E01
202000029196,1,7,,0,2,7,1,A01
202000029196,1,33,,0,2,8,3,B01
202000029197,2,7,,0,2,1,2,A01
202000029197,2,7,,0,2,4,2,B01
202000029197,2,7,,0,2,4,2,C01
202000029197,2,7,,0,2,4,2,D01
202000029198,1,14,,0,2,8,12,A01
202000029198,1,7,,0,2,8,26,B01
202000029199,1,30,,0,1,2,1,A01
202000029200,1,7,,0,1,3,26,A01
202000029201,1,10,,13,0,7,1,A01
202000029202,1,7,,0,2,2,1,A01
202000029202,1,1,,0,2,4,1,B01
202000029203,1,7,,0,9,1,15,A01
202000029203,2,2,,0,2,7,2,B01
202000029204,2,33,,14,0,0,26,A01
202000029205,2,34,,0,1,1,1,A01
202000029206,2,7,,0,2,3,15,A01
202000029206,1,7,,15,2,8,1,B01
202000029207,1,7,,0,2,3,1,A01
202000029207,2,34,,0,2,1,13,B01
202000029208,1,7,,8,2,1,19,B01
202000029208,3,7,,0,2,1,26,A01
202000029209,3,33,,0,2,1,26,A01
202000029209,3,7,,0,2,7,1,B01
202000029210,3,7,,0,2,2,19,B01
202000029210,3,7,,9,0,1,7,A01
202000029211,0,1,,0,2,1,1,C01
202000029211,1,1,,0,2,1,1,B01
202000029211,1,2,,0,2,1,9,A01
202000029212,2,10,,0,2,3,15,A01
202000029212,2,2,,0,2,1,1,B01
202000029213,1,1,,0,2,4,2,B01
202000029213,1,1,,0,9,8,2,C01
202000029213,1,7,,0,9,2,2,A01
202000029214,3,7,,1,0,0,1,B01
202000029214,3,7,,1,0,0,5,A01
202000029215,1,32,,0,2,1,2,B01
202000029215,1,7,,0,2,6,15,A01
202000029216,1,7,,0,9,1,13,A01
202000029216,1,7,,0,9,6,2,B01
202000029217,3,33,,0,2,8,15,A01
202000029218,2,33,,0,0,7,1,A01
202000029219,3,13,,0,1,2,14,A01
202000029220,1,33,,0,0,7,16,A01
202000029221,1,7,,0,2,1,15,A01
202000029221,2,2,,0,2,1,1,B01
202000029222,3,7,,0,2,1,13,A01
202000029222,3,10,,0,2,1,1,B01
202000029223,1,7,,0,1,2,16,A01
202000029224,1,30,,0,-1,1,0,A01
202000029224,1,40,,0,2,1,0,B01
202000029225,1,7,,0,2,1,9,A01
202000029225,1,7,,0,2,2,0,B01
202000029226,2,33,,0,2,3,1,B01
202000029226,2,7,,0,2,2,16,A01
202000029227,2,14,,0,2,1,1,A01
202000029227,1,7,,0,2,4,1,B01
202000029227,1,7,,0,2,4,1,C01
202000029228,2,1,,0,2,7,1,B01
202000029228,1,7,,0,2,1,1,A01
202000029229,1,31,,0,2,7,9,A01
202000029229,2,7,,0,2,1,1,B01
202000029230,2,7,,0,2,8,1,B01
202000029230,2,7,,0,2,6,1,C01
202000029230,1,7,,0,2,3,13,A01
202000029231,1,31,,0,2,1,18,A01
202000029231,2,7,,0,2,2,15,B01
202000029232,1,7,,0,2,3,1,B01
202000029232,1,7,,0,2,3,15,A01
202000029233,0,30,,0,2,1,2,A01
202000029233,0,7,,0,2,4,2,B01
202000029234,-1,7,,0,1,1,2,A01
202000029235,1,7,,8,0,7,2,A01
202000029236,1,7,,0,2,3,1,B01
202000029236,2,7,,0,2,1,15,A01
202000029237,3,10,,0,2,1,1,A01
202000029237,3,7,,0,2,4,2,B01
202000029237,3,10,,0,2,4,2,C01
202000029238,2,7,,0,1,3,1,A01
202000029239,1,7,,0,0,9,1,A01
202000029240,1,2,,0,2,1,1,B01
202000029240,2,7,,0,2,2,15,A01
202000029241,2,7,,0,2,1,13,A01
202000029241,1,7,,0,2,1,1,B01
202000029242,1,10,,0,0,0,26,C01
202000029242,1,33,,0,9,1,2,A01
202000029242,1,7,,0,2,0,0,B01
202000029243,2,33,,5,0,0,2,A01
202000029244,2,7,,5,0,1,2,A01
202000029245,1,7,,0,2,0,0,B01
202000029245,1,10,,0,2,2,1,A01
202000029246,2,33,,0,2,7,3,A01
202000029246,2,7,,0,2,8,11,Z01
202000029247,1,2,,0,2,1,2,B01
202000029247,1,7,,0,2,4,2,A01
202000029248,2,7,,0,2,3,13,A01
202000029248,1,10,,0,2,8,1,B01
202000029248,1,7,,0,2,8,1,C01
202000029249,1,7,,0,2,6,1,C01
202000029249,1,7,,0,2,0,17,B01
202000029249,1,7,,0,2,1,17,A01
202000029250,1,7,,0,1,1,1,A01
202000029251,2,1,,0,2,8,1,B01
202000029251,1,7,,0,2,8,19,A01
202000029252,1,30,,0,2,1,21,A01
202000029252,2,7,,0,2,1,21,B01
202000029253,2,30,,0,0,0,26,A01
202000029254,2,7,,0,1,3,1,A01
202000029255,3,7,,1,0,1,1,A01
202000029256,3,7,,0,1,2,1,A01
202000029257,2,10,,0,1,1,1,A01
202000029258,1,7,,0,2,1,0,B01
202000029258,1,34,,0,2,4,21,A01
202000029259,0,33,,0,1,1,25,A01
202000029260,0,7,,0,2,6,1,B01
202000029260,0,7,,0,2,8,13,A01
202000029261,1,7,,0,1,2,16,A01
202000029262,0,7,,0,9,1,1,A01
202000029262,0,50,,0,2,3,11,B01
202000029263,1,7,,0,2,4,2,B01
202000029263,1,10,,0,2,1,2,A01
202000029264,1,7,,0,2,3,15,A01
202000029264,2,7,,0,2,1,1,B01
202000029265,3,33,,0,0,8,26,A01
202000029266,2,33,,0,2,8,1,B01
202000029266,0,7,,0,2,1,20,A01
202000029267,2,99,,0,1,0,15,A01
202000029267,1,99,,0,0,6,1,B01
202000029268,1,7,,2,0,2,0,A01
202000029269,1,2,,0,2,1,1,B01
202000029269,2,7,,0,2,1,15,A01
202000029270,2,7,,0,2,1,2,A01
202000029270,2,7,,0,2,4,2,B01
202000029270,2,7,,0,2,4,2,C01
202000029271,3,10,,0,1,4,20,A01
202000029272,3,7,,0,2,0,0,A01
202000029272,0,7,,0,0,0,0,B01
202000029273,1,7,,0,1,1,16,A01
202000029274,3,2,,0,2,1,1,B01
202000029274,3,7,,0,2,5,15,A01
202000029275,2,10,,7,0,3,1,A01
202000029276,2,7,,0,2,4,2,B01
202000029276,3,7,,0,2,3,26,A01
202000029277,1,1,,0,2,1,1,A01
202000029277,2,7,,0,2,0,15,B01
202000029278,1,7,,0,2,5,1,B01
202000029278,1,7,,0,2,3,12,A01
202000029279,1,2,,0,2,1,1,B01
202000029279,1,7,,0,2,2,1,A01
202000029280,3,10,,0,1,2,1,A01
202000029281,1,7,,0,2,2,1,B01
202000029281,1,7,,0,2,3,17,A01
202000029282,1,10,,0,2,2,20,A01
202000029282,1,2,,0,2,1,1,B01
202000029283,1,30,,0,2,1,15,A01
202000029283,1,30,,0,2,1,1,B01
202000029284,2,7,,0,2,1,2,A01
202000029284,2,7,,0,2,4,1,B01
202000029285,1,2,,0,2,1,1,B01
202000029285,1,37,1.0,0,2,3,16,A01
202000029286,3,7,,0,2,2,16,A01
202000029286,3,50,,0,2,4,1,B01
202000029287,1,7,,1,0,3,22,A01
202000029287,1,1,,1,0,3,1,B01
202000029288,2,31,,14,0,8,16,A01
202000029289,1,7,,0,1,1,15,Z01
202000029290,2,7,,0,2,0,22,B01
202000029290,2,33,,0,2,8,7,A01
202000029291,2,43,,0,1,2,1,A01
202000029292,1,7,,1,0,1,20,A01
202000029293,2,10,,8,0,1,14,A01
202000029294,1,30,,0,2,8,1,A01
202000029294,1,7,,0,2,2,14,Z01
202000029295,2,7,,0,2,3,1,A01
202000029295,3,1,,0,2,1,19,B01
202000029296,3,33,,0,2,4,3,B01
202000029296,3,33,,0,2,1,3,A01
202000029297,2,1,,0,2,4,21,A01
202000029297,2,10,,0,2,0,17,Z01
202000029298,1,7,,0,2,4,1,B01
202000029298,1,7,,0,2,1,2,A01
202000029299,2,7,,0,2,3,1,C01
202000029299,1,7,,1,0,6,23,B01
202000029299,1,32,,1,0,1,1,A01
202000029300,0,7,,0,2,1,5,B01
202000029300,0,7,,0,2,1,13,A01
202000029301,2,7,,0,1,1,15,A01
202000029302,1,7,,0,2,5,1,A01
202000029302,1,1,,0,2,3,1,B01
202000029303,1,32,,12,0,1,9,A01
202000029304,2,7,,0,2,8,9,A01
202000029304,2,32,,0,2,1,1,B01
202000029305,1,30,,0,2,1,15,A01
202000029305,1,7,,0,2,3,2,B01
202000029306,1,7,,0,2,1,18,A01
202000029306,1,2,,0,2,4,15,B01
202000029307,3,7,,0,2,5,15,A01
202000029307,3,10,,0,2,1,1,B01
202000029308,1,10,,15,0,1,26,A01
202000029309,1,1,,0,2,1,1,B01
202000029309,1,7,,0,2,8,24,A01
202000029310,1,3,,0,2,3,15,A01
202000029310,1,2,,0,2,3,1,B01
202000029311,2,2,,0,0,1,1,B01
202000029311,1,7,,0,2,3,17,A01
202000029312,2,7,,0,1,3,15,A01
202000029313,0,10,,0,2,6,4,A01
202000029313,0,31,,0,2,1,2,B01
202000029314,3,7,,0,1,2,1,A01
202000029315,1,2,,0,0,7,1,A01
202000029316,3,10,,0,2,2,16,B01
202000029316,3,2,,6,2,3,18,A01
202000029317,3,2,,0,0,7,1,A01
202000029318,3,7,,0,2,3,13,A01
202000029318,3,33,,0,2,1,1,B01
202000029319,1,7,,15,0,0,13,A01
202000029320,2,7,,2,0,8,0,A01
202000029321,2,3,,13,0,7,1,A01
202000029322,1,2,,0,2,8,2,B01
202000029322,1,10,,0,2,5,2,A01
202000029323,3,7,,6,0,2,1,A01
202000029324,3,33,,0,2,8,13,B01
202000029324,3,7,,0,0,8,1,A01
202000029325,1,7,,0,0,3,13,A01
202000029326,2,7,,0,2,1,0,A01
202000029326,1,7,,0,2,1,0,B01
202000029327,2,10,,13,0,1,0,A01
202000029328,2,7,,0,1,3,1,A01
202000029329,1,7,,0,2,1,1,B01
202000029329,2,2,,0,2,1,13,A01
202000029330,2,33,,0,2,1,1,B01
202000029330,2,7,,0,2,3,1,A01
202000029331,2,7,,8,0,7,1,A01
202000029332,1,33,,12,0,3,26,A01
202000029333,2,7,,0,2,1,2,A01
202000029333,2,7,,0,2,4,2,B01
202000029334,1,7,,3,0,7,2,A01
202000029335,2,7,,0,2,4,2,C01
202000029335,2,7,,0,2,1,2,B01
202000029335,2,7,,0,2,1,2,A01
202000029336,2,7,,4,2,2,23,B01
202000029336,2,33,,0,2,8,3,A01
202000029337,1,7,,0,2,4,2,C01
202000029337,1,7,,0,2,4,2,B01
202000029337,1,7,,0,2,1,2,A01
202000029338,1,7,,4,2,1,13,A01
202000029339,1,7,,0,2,5,1,C01
202000029339,1,7,,0,2,4,2,B01
202000029339,1,7,,0,2,1,2,A01
202000029340,2,32,,0,2,1,12,A01
202000029340,2,7,,0,2,6,1,B01
202000029341,1,10,,0,2,1,2,B01
202000029341,1,7,,0,2,3,9,A01
202000029342,3,7,,0,1,4,4,A01
202000029343,1,32,,0,2,3,1,B01
202000029343,1,7,,0,2,5,16,A01
202000029344,1,33,,1,0,2,0,A01
202000029345,1,33,,0,0,8,0,A01
202000029346,3,7,,0,2,3,0,B01
202000029346,2,7,,0,2,1,1,A01
202000029347,-1,31,,14,2,0,6,A01
202000029348,3,7,,0,2,3,1,A01
202000029348,0,7,,0,2,6,1,B01
202000029349,2,7,,0,2,1,15,B01
202000029349,2,7,,0,2,1,1,A01
202000029350,0,10,,0,1,3,5,A01
202000029351,1,7,,0,0,0,14,A01
202000029352,1,7,,15,0,1,1,A01
202000029353,1,7,,1,0,1,1,A01
202000029354,1,7,,0,2,2,15,B01
202000029354,1,32,,0,1,1,13,A01
202000029355,1,7,,0,2,4,2,D01
202000029355,2,7,,0,2,3,1,C01
202000029355,1,7,,0,2,6,1,B01
202000029355,1,7,,0,2,3,14,A01
202000029356,1,3,,0,2,2,15,A01
202000029356,1,31,,0,2,1,2,B01
202000029357,3,7,,0,0,0,9,A01
202000029357,3,1,,0,2,0,21,B01
202000029358,2,7,,0,2,1,2,A01
202000029358,2,7,,0,2,4,1,B01
202000029359,2,7,,0,2,8,9,A01
202000029359,2,1,,0,2,1,1,B01
202000029360,1,7,,0,1,3,26,A01
202000029361,0,7,,15,0,1,9,A01
202000029362,0,0,,0,1,0,26,A01
202000029363,1,1,,0,2,1,17,B01
202000029363,1,7,,0,2,3,15,A01
202000029364,3,7,,1,0,2,15,A01
202000029365,3,10,,0,2,7,16,B01
202000029365,3,30,,0,2,1,1,A01
202000029366,2,7,,0,2,4,1,B01
202000029366,2,7,,0,2,1,1,A01
202000029367,2,7,,4,0,6,1,A01
202000029368,2,7,,0,2,4,2,B01
202000029368,2,10,,0,2,1,2,A01
202000029369,1,7,,0,2,1,2,A01
202000029369,1,7,,0,2,1,2,B01
202000029369,2,10,,0,0,6,2,C01
202000029370,3,31,,0,2,3,1,A01
202000029370,1,7,,0,2,5,1,B01
202000029371,1,7,,0,2,1,16,A01
202000029371,1,7,,0,2,1,1,B01
202000029372,2,33,,0,2,1,1,B01
202000029372,1,38,1.0,0,2,1,15,A01
202000029373,1,33,,0,2,1,1,B01
202000029373,2,7,,0,2,7,15,A01
202000029374,1,7,,0,2,2,1,A01
202000029374,1,7,,0,2,4,1,B01
202000029375,1,7,,1,0,7,14,A01
202000029376,1,1,,0,2,4,1,A01
202000029376,1,14,,0,2,0,0,Z01
202000029377,1,7,,15,0,1,0,A01
202000029377,3,7,,0,0,0,0,B01
202000029378,0,34,,0,2,1,9,A01
202000029378,1,30,,0,2,8,1,B01
202000029379,2,7,,15,0,1,1,A01
202000029380,0,7,,0,2,0,1,A01
202000029381,3,7,,3,0,1,1,A01
202000029382,2,32,,9,0,2,0,A01
202000029383,1,7,,0,2,6,1,B01
202000029383,2,30,,0,2,1,5,A01
202000029384,2,33,,4,0,8,13,A01
202000029385,3,1,,0,1,1,1,A01
202000029386,2,33,,0,2,5,23,B01
202000029386,2,7,,0,2,3,15,A01
202000029387,1,33,,0,2,4,23,B01
202000029387,1,7,,0,2,1,2,A01
202000029388,1,7,,0,1,2,16,A01
202000029389,2,33,,0,2,3,1,B01
202000029389,1,7,,0,2,2,15,A01
202000029390,2,7,,0,2,3,13,A01
202000029390,2,33,,1,2,1,17,B01
202000029391,1,30,,0,1,0,26,Z01
202000029392,1,30,,0,2,3,16,A01
202000029392,1,7,,0,2,3,2,B01
202000029393,1,10,,0,2,1,26,A01
202000029393,1,2,,0,0,4,23,B01
202000029393,1,37,1.0,0,0,3,23,C01
202000029394,1,34,,0,1,3,21,A01
202000029395,1,1,,0,2,1,1,A01
202000029395,1,7,,0,2,2,16,B01
202000029396,2,7,,0,2,3,15,A01
202000029396,2,32,,0,2,2,1,B01
202000029397,1,3,,0,2,2,2,A01
202000029397,1,33,,0,2,4,2,B01
202000029398,3,32,,0,2,1,2,A01
202000029398,3,7,,0,2,4,23,B01
202000029399,2,7,,1,0,1,1,A01
202000029400,3,7,,0,1,3,15,A01
202000029401,2,7,,0,2,3,0,B01
202000029401,1,7,,0,2,3,0,A01
202000029402,3,7,,0,1,1,1,A01
202000029403,2,7,,0,0,1,1,A01
202000029404,1,7,,13,0,3,0,A01
202000029405,2,7,,1,0,1,1,B01
202000029405,2,20,,0,2,6,24,A01
202000029406,2,10,,0,2,1,13,A01
202000029406,1,10,,0,2,3,1,B01
202000029407,2,7,,0,0,6,1,B01
202000029407,3,7,,0,0,1,1,A01
202000029408,1,33,,13,0,1,1,A01
202000029409,2,17,,13,0,1,1,A01
202000029410,3,7,,0,0,8,15,B01
202000029410,2,7,,0,2,2,9,A01
202000029411,3,7,,13,0,3,1,A01
202000029412,3,33,,15,2,7,2,A01
202000029412,3,7,,0,0,4,23,B01
202000029413,3,7,,0,2,2,15,B01
202000029413,3,2,,0,2,2,1,A01
202000029414,2,7,,2,0,9,13,A01
202000029415,1,33,,0,6,1,2,A01
202000029416,1,7,,0,2,1,13,A01
202000029416,2,7,,0,2,3,1,B01
202000029417,1,7,,0,1,1,1,A01
202000029418,1,7,,0,1,3,1,A01
202000029419,1,7,,0,2,1,19,A01
202000029419,2,2,,0,2,7,1,B01
202000029420,1,2,,12,0,8,1,A01
202000029421,1,7,,0,0,6,2,B01
202000029421,1,2,,15,2,1,2,A01
202000029422,1,7,,6,1,4,23,A01
202000029423,0,10,,0,2,1,13,B01
202000029423,0,7,,0,2,1,21,A01
202000029424,2,7,,6,9,7,0,A01
202000029425,1,7,,0,2,8,6,B01
202000029425,1,33,,0,2,1,1,A01
202000029426,2,33,,0,0,1,1,A01
202000029427,1,7,,0,1,1,15,A01
202000029428,1,7,,0,2,1,1,A01
202000029428,2,7,,0,2,1,1,B01
202000029429,2,14,,0,1,1,1,A01
202000029430,1,7,,0,2,3,1,B01
202000029430,2,7,,0,2,3,5,A01
202000029431,1,7,,0,2,4,2,C01
202000029431,1,7,,0,2,4,2,B01
202000029431,1,10,,0,2,1,2,A01
202000029431,1,7,,0,2,4,2,D01
202000029432,1,31,,0,2,7,3,A01
202000029432,1,7,,0,2,8,11,B01
202000029433,1,33,,0,2,1,12,A01
202000029433,3,15,,0,2,4,23,B01
202000029434,1,1,,0,1,1,1,A01
202000029435,1,30,,0,1,1,1,A01
202000029436,1,7,,0,1,2,1,A01
202000029437,2,32,,0,1,1,1,A01
202000029438,1,7,,0,2,4,23,B01
202000029438,1,7,,0,2,1,2,A01
202000029439,2,7,,0,1,2,16,A01
202000029440,2,10,,0,2,4,23,B01
202000029440,2,80,,0,2,1,2,A01
202000029441,1,7,,0,2,0,14,Z01
202000029441,1,30,,1,2,6,18,A01
202000029442,1,33,,0,2,1,1,B01
202000029442,2,10,,0,2,5,5,A01
202000029443,1,7,,8,0,1,1,A01
202000029444,1,10,,0,1,2,1,A01
202000029445,1,32,,0,2,2,1,B01
202000029445,1,7,,0,2,3,15,A01
202000029446,1,7,,0,2,1,2,A01
202000029446,1,7,,0,2,4,1,B01
202000029447,1,7,,0,2,2,16,A01
202000029447,1,1,,0,2,1,19,B01
202000029448,1,7,,0,1,1,26,A01
202000029449,2,31,,0,0,0,0,A01
202000029450,2,32,,0,2,1,1,B01
202000029450,2,7,,0,2,4,12,A01
202000029451,-1,7,,0,2,1,1,B01
202000029451,-1,7,,0,2,2,9,A01
202000029452,2,32,,0,2,8,1,A01
202000029452,2,7,,0,2,0,0,B01
202000029453,2,7,,0,2,2,15,A01
202000029453,2,1,,0,2,8,16,B01
202000029454,2,16,,0,2,2,1,B01
202000029454,2,7,,0,2,3,11,A01
202000029455,2,7,,0,2,8,11,A01
202000029455,2,33,,0,2,0,3,B01
202000029456,1,32,,0,2,1,19,A01
202000029456,0,7,,0,0,8,19,B01
202000029457,2,7,,0,2,2,2,A01
202000029457,2,2,,0,2,6,23,B01
202000029458,1,7,,0,1,4,4,Z01
202000029459,1,7,,0,2,3,0,B01
202000029459,2,7,,0,2,1,0,A01
202000029460,2,10,,0,2,0,0,A01
202000029460,2,7,,0,2,4,1,B01
202000029461,1,7,,0,2,1,2,A01
202000029461,1,7,,0,2,4,2,B01
202000029461,1,7,,0,2,4,2,C01
202000029462,3,7,,0,2,1,15,B01
202000029462,1,33,,0,2,1,3,A01
202000029463,3,7,,0,2,7,23,D01
202000029463,3,7,,0,2,1,3,C01
202000029463,3,7,,0,2,5,23,B01
202000029463,3,7,,0,2,4,23,A01
202000029464,1,7,,0,2,7,15,A01
202000029464,1,2,,0,2,1,1,B01
202000029465,1,2,,0,0,1,1,A01
202000029466,1,7,,0,1,1,15,A01
202000029467,3,33,,0,2,5,1,B01
202000029467,1,7,,0,2,3,19,A01
202000029468,2,7,,2,0,7,1,A01
202000029469,1,7,,0,2,2,1,A01
202000029469,1,7,,0,2,3,1,B01
202000029470,1,7,,0,2,3,17,A01
202000029470,2,7,,0,2,3,1,B01
202000029470,1,7,,0,2,6,1,C01
202000029471,1,1,,0,2,0,1,B01
202000029471,2,7,,0,2,3,15,A01
202000029472,2,7,,9,0,0,1,A01
202000029473,0,7,,0,2,6,4,B01
202000029473,0,7,,0,2,1,2,A01
202000029474,2,17,,0,2,3,1,B01
202000029474,2,7,,4,2,3,1,A01
202000029475,3,40,,0,2,6,1,B01
202000029475,0,7,,0,4,1,1,A01
202000029476,2,7,,0,1,1,1,A01
202000029477,2,7,,4,0,2,1,A01
202000029478,2,7,,0,2,1,2,D01
202000029478,2,7,,0,2,4,2,C01
202000029478,2,7,,0,2,1,2,B01
202000029478,2,7,,0,2,4,2,A01
202000029479,1,13,,1,0,4,26,A01
202000029480,1,7,,0,1,3,1,A01
202000029481,1,33,,0,0,9,0,A01
202000029482,1,7,,0,2,4,23,B01
202000029482,1,7,,0,2,1,2,A01
202000029483,3,2,,0,2,8,26,A01
202000029483,3,7,,0,2,7,17,B01
202000029484,1,7,,0,2,3,18,B01
202000029484,1,7,,0,0,4,19,A01
202000029485,2,33,,0,2,2,3,A01
202000029485,2,14,,0,2,6,2,B01
202000029485,1,7,,0,2,0,26,C01
202000029486,1,7,,0,2,1,1,B01
202000029486,1,7,,0,2,7,1,A01
202000029487,2,7,,0,2,3,15,B01
202000029487,1,33,,0,2,1,1,A01
202000029488,2,1,,0,2,4,1,B01
202000029488,2,7,,0,2,1,2,A01
202000029489,1,33,,0,0,0,0,A01
202000029490,0,10,,0,2,3,15,A01
202000029490,0,7,,0,1,2,1,B01
202000029491,1,7,,0,2,3,1,B01
202000029491,2,7,,0,2,1,15,A01
202000029492,2,7,,0,1,2,1,A01
202000029493,2,2,,0,2,1,1,B01
202000029493,1,7,,0,2,7,15,A01
202000029494,1,7,,0,1,3,1,A01
202000029495,3,2,,0,2,1,1,B01
202000029495,3,7,,0,2,3,9,A01
202000029496,1,1,,0,2,1,1,B01
202000029496,2,7,,0,9,2,15,A01
202000029497,1,7,,0,2,1,1,B01
202000029497,2,10,,0,2,1,13,A01
202000029498,3,33,,0,2,1,1,B01
202000029498,3,7,,0,2,5,15,A01
202000029499,2,7,,0,2,1,19,A01
202000029499,2,7,,0,2,3,1,B01
202000029500,2,7,,2,0,8,0,A01
202000029501,2,7,,0,2,1,5,A01
202000029501,1,13,,0,2,1,1,B01
202000029502,3,7,,0,2,1,1,A01
202000029502,3,7,,0,2,4,1,B01
202000029503,2,1,,0,2,6,1,B01
202000029503,3,7,,0,0,2,1,A01
202000029504,1,7,,0,2,4,1,C01
202000029504,1,7,,0,2,1,1,B01
202000029504,1,7,,0,2,1,1,A01
202000029505,1,10,,0,2,2,9,A01
202000029505,1,50,,0,2,8,1,B01
202000029506,1,7,,0,2,1,1,B01
202000029506,0,7,,0,2,3,16,A01
202000029507,1,2,,0,0,0,15,A01
202000029508,2,7,,0,9,4,0,B01