Num_Acc,senc,catv,occutc,obs,obsm,choc,manv,num_veh
202000029508,2,50,,1,0,1,1,A01
202000029509,2,50,,0,2,0,1,B01
202000029509,1,1,,0,2,0,13,A01
202000029510,1,7,,0,0,3,1,B01
202000029510,2,7,,0,2,2,1,A01
202000029511,2,7,,0,2,5,9,A01
202000029511,2,1,,0,2,8,1,B01
202000029512,1,31,,12,0,3,14,A01
202000029513,2,7,,0,2,2,17,B01
202000029513,2,7,,0,2,6,1,A01
202000029514,1,2,,0,2,7,17,B01
202000029514,1,10,,0,2,8,15,A01
202000029515,2,7,,0,0,5,1,B01
202000029515,1,2,,0,2,1,21,A01
202000029516,1,7,,0,2,2,2,A01
202000029516,1,7,,0,2,4,2,B01
202000029517,2,33,,6,0,7,14,A01
202000029518,3,2,,0,2,0,1,A01
202000029518,3,7,,0,2,0,1,B01
202000029519,3,99,,0,0,9,1,A01
202000029520,1,10,,2,0,3,19,A01
202000029521,1,7,,0,2,3,15,B01
202000029521,1,30,,0,2,1,1,A01
202000029522,1,10,,0,2,3,13,A01
202000029522,1,7,,0,2,3,1,B01
202000029523,2,7,,0,2,1,1,A01
202000029523,1,7,,0,2,1,1,B01
202000029524,3,7,,0,1,2,1,A01
202000029525,1,7,,0,2,7,1,B01
202000029525,3,1,,0,2,1,1,A01
202000029526,1,41,,0,2,4,26,A01
202000029526,1,7,,0,2,4,1,B01
202000029527,3,2,,0,0,1,1,A01
202000029528,1,10,,0,1,2,2,A01
202000029529,1,7,,8,0,1,19,A01
202000029530,3,3,,8,0,1,1,A01
202000029531,2,7,,0,2,2,2,A01
202000029531,2,60,,0,2,4,1,B01
202000029532,3,7,,0,2,2,1,B01
202000029532,3,7,,0,2,5,1,A01
202000029533,1,10,,15,0,1,1,A01
202000029534,1,50,,0,2,1,1,B01
202000029534,1,7,,0,9,1,1,A01
202000029535,3,7,,0,1,2,1,A01
202000029536,2,33,,0,2,7,1,B01
202000029536,1,7,,0,2,1,15,A01
202000029537,3,7,,0,1,1,1,Z01
202000029538,2,7,,0,2,1,21,C01
202000029538,2,7,,0,2,2,21,D01
202000029538,2,7,,0,0,4,1,B01
202000029538,2,7,,0,2,2,2,A01
202000029538,2,17,,0,2,4,26,E01
202000029539,1,34,,0,1,1,1,A01
202000029540,1,1,,0,0,0,0,A01
202000029541,1,7,,0,2,1,1,A01
202000029541,2,1,,0,2,0,0,B01
202000029542,2,10,,6,1,4,4,A01
202000029543,2,7,,0,1,8,1,A01
202000029544,2,7,,8,0,1,1,A01
202000029545,3,33,,0,2,1,1,B01
202000029545,3,7,,0,2,2,9,A01
202000029546,2,7,,0,1,2,1,A01
202000029547,3,7,,0,2,1,1,B01
202000029547,3,30,,0,2,1,21,A01
202000029548,2,13,,0,1,1,26,A01
202000029549,3,34,,14,2,1,2,B01
202000029549,3,7,,0,0,6,23,A01
202000029550,2,33,,0,2,1,21,B01
202000029550,2,7,,0,0,3,15,A01
202000029551,3,1,,0,2,1,1,B01
202000029551,3,15,,0,2,0,11,A01
202000029552,1,7,,0,2,3,13,A01
202000029552,1,34,,0,2,7,17,B01
202000029553,2,7,,0,2,2,1,A01
202000029553,2,1,,0,2,4,1,B01
202000029554,2,7,,6,0,1,1,A01
202000029555,1,7,,0,1,1,15,A01
202000029556,3,7,,0,2,1,5,B01
202000029556,3,7,,0,2,1,1,A01
202000029557,2,33,,0,2,3,13,B01
202000029557,1,33,,0,2,3,1,A01
202000029558,3,31,,0,0,1,1,A01
202000029559,0,7,,0,2,4,20,D01
202000029559,0,7,,0,2,2,1,C01
202000029559,0,7,,0,2,1,1,B01
202000029559,0,7,,0,2,1,1,A01
202000029560,1,2,,0,2,1,2,A01
202000029560,1,7,,0,0,5,2,B01
202000029561,1,7,,2,0,5,15,A01
202000029562,1,7,,6,0,1,13,A01
202000029563,1,7,,5,0,1,1,A01
202000029564,2,30,,0,2,1,19,B01
202000029564,1,7,,0,2,8,1,A01
202000029565,2,7,,0,2,3,24,A01
202000029565,2,2,,1,0,1,17,B01
202000029566,2,7,,0,2,1,19,A01
202000029566,1,7,,0,2,3,1,B01
202000029567,2,2,,0,0,7,2,A01
202000029568,1,7,,0,1,1,1,A01
202000029569,1,33,,0,0,0,1,A01
202000029570,2,33,,0,2,1,1,B01
202000029570,1,7,,0,2,1,15,A01
202000029571,3,7,,1,1,1,1,A01
202000029572,1,7,,5,0,1,1,A01
202000029573,2,33,,0,2,2,1,B01
202000029573,3,7,,0,2,3,1,A01
202000029574,2,10,,4,0,1,1,A01
202000029575,1,7,,0,2,8,1,B01
202000029575,1,7,,0,2,1,1,A01
202000029576,1,7,,15,0,1,26,A01
202000029577,0,7,,0,2,2,1,A01
202000029577,3,10,,0,2,3,1,B01
202000029578,1,7,,0,1,1,1,A01
202000029579,1,17,,0,2,3,13,A01
202000029579,1,7,,0,2,7,2,B01
202000029579,1,7,,0,2,8,1,C01
202000029580,1,34,,13,0,2,13,A01
202000029581,2,7,,14,2,2,1,B01
202000029581,2,7,,4,2,3,17,A01
202000029582,2,31,,0,2,3,3,A01
202000029583,2,7,,0,2,3,11,A01
202000029583,1,31,,0,2,2,1,B01
202000029584,1,7,,3,0,4,9,A01
202000029585,3,7,,0,2,0,0,A01
202000029585,1,33,,0,2,1,1,B01
202000029586,2,7,,6,0,0,26,A01
202000029587,2,1,,0,2,1,1,B01
202000029587,1,7,,0,2,3,15,A01
202000029588,1,31,,0,2,6,0,B01
202000029588,1,7,,0,2,2,0,A01
202000029589,2,7,,0,1,0,1,Z01
202000029590,1,15,,0,2,1,1,B01
202000029590,1,7,,0,2,8,11,A01
202000029591,1,30,,0,2,7,2,B01
202000029591,1,30,,0,2,8,18,A01
202000029592,1,7,,0,1,3,1,A01
202000029593,1,33,,4,0,8,13,A01
202000029594,2,30,,0,2,4,2,B01
202000029594,2,7,,0,2,1,2,A01
202000029595,2,10,,4,0,3,1,A01
202000029596,1,43,,0,2,1,5,B01
202000029596,1,7,,0,2,8,23,C01
202000029596,1,34,,0,2,8,10,A01
202000029597,2,10,,0,2,5,2,B01
202000029597,2,7,,3,2,1,2,A01
202000029598,2,13,,0,2,1,1,B01
202000029598,1,30,,0,2,8,18,A01
202000029599,2,32,,0,0,9,3,A01
202000029600,2,7,,0,2,7,15,A01
202000029600,1,50,,0,2,8,1,B01
202000029601,2,7,,0,2,5,2,A01
202000029601,2,31,,0,2,1,2,B01
202000029602,2,33,,0,0,9,14,A01
202000029603,2,7,,0,2,2,16,A01
202000029603,2,50,,0,2,1,1,B01
202000029604,1,33,,0,2,1,3,B01
202000029604,1,7,,0,2,4,12,A01
202000029605,1,33,,0,2,1,1,A01
202000029605,1,7,,0,2,3,9,B01
202000029606,1,1,,0,2,8,1,B01
202000029606,1,7,,1,2,1,1,A01
202000029607,1,7,,0,2,6,1,B01
202000029607,1,7,,0,2,2,12,A01
202000029608,1,32,,0,2,1,2,A01
202000029608,1,7,,0,2,5,23,B01
202000029609,1,34,,0,0,2,1,A01
202000029610,1,7,,0,2,8,22,A01
202000029610,1,30,,0,2,1,17,B01
202000029611,3,7,,0,1,2,15,A01
202000029612,2,7,,0,1,2,16,A01
202000029613,2,7,,0,2,8,20,B01
202000029613,2,10,,0,2,2,1,A01
202000029614,1,10,,0,2,3,10,A01
202000029614,1,31,,0,2,2,1,B01
202000029615,2,1,,0,1,1,1,A01
202000029616,2,32,,0,2,1,17,B01
202000029616,2,20,,16,0,0,0,A01
202000029617,2,7,,0,2,3,10,A01
202000029617,1,32,,0,2,1,1,B01
202000029618,2,7,,0,2,5,2,A01
202000029618,2,7,,0,2,3,2,B01
202000029619,1,7,,0,2,5,22,B01
202000029619,1,32,,0,2,1,18,A01
202000029620,1,7,,0,1,2,1,A01
202000029621,1,37,1.0,0,2,1,7,B01
202000029621,2,1,,0,2,7,5,A01
202000029622,1,7,,0,0,0,26,A01
202000029623,1,10,,6,0,1,14,A01
202000029624,2,50,,0,0,0,21,A01
202000029625,2,7,,0,1,2,1,A01
202000029626,1,32,,0,2,0,5,Z01
202000029626,1,50,,0,2,8,1,A01
202000029627,3,99,,0,2,7,19,B01
202000029627,3,7,,0,2,2,1,A01
202000029628,1,10,,0,2,1,16,A01
202000029628,1,7,,0,2,3,7,B01
202000029629,1,7,,0,2,7,20,A01
202000029629,1,33,,0,2,1,1,B01
202000029630,2,32,,0,0,0,21,A01
202000029631,1,7,,0,1,7,1,A01
202000029632,2,7,,0,2,4,23,C01
202000029632,2,7,,0,2,4,23,B01
202000029632,2,7,,0,2,1,1,A01
202000029633,0,1,,0,2,1,1,A01
202000029633,0,7,,0,2,4,1,B01
202000029634,1,7,,7,0,1,14,A01
202000029635,1,15,,0,1,1,15,A01
202000029636,2,7,,8,0,1,26,A01
202000029637,1,7,,0,2,2,16,A01
202000029637,2,1,,0,2,7,1,B01
202000029638,1,1,,0,0,0,1,A01
202000029639,1,32,,0,2,7,17,A01
202000029639,1,7,,0,2,8,15,Z01
202000029640,1,7,,0,2,4,1,B01
202000029640,1,7,,0,2,1,2,A01
202000029641,1,32,,0,0,0,1,A01
202000029642,0,7,,0,2,5,26,B01
202000029642,0,7,,0,2,0,26,A01
202000029643,0,80,,0,0,1,1,A01
202000029644,1,7,,1,2,1,15,A01
202000029644,1,31,,0,2,0,0,B01
202000029645,1,7,,15,0,1,1,A01
202000029646,2,7,,0,9,4,1,B01
202000029646,2,31,,0,2,1,1,A01
202000029647,1,7,,0,1,1,15,A01
202000029648,2,7,,0,2,3,0,A01
202000029648,1,7,,0,2,2,0,B01
202000029649,2,7,,0,2,2,9,B01
202000029649,1,1,,0,2,1,25,A01
202000029650,1,7,,0,2,6,12,A01
202000029650,1,7,,0,2,1,2,B01
202000029650,1,7,,0,2,3,2,C01
202000029651,3,7,,0,2,7,2,B01
202000029651,3,37,2.0,0,2,3,9,A01
202000029652,2,7,,0,2,3,1,B01
202000029652,1,30,,0,2,1,17,A01
202000029653,2,34,,0,1,1,1,A01
202000029654,3,7,,0,2,3,1,B01
202000029654,3,7,,0,2,1,15,A01
202000029655,1,10,,0,2,3,1,B01
202000029655,2,50,,0,2,8,1,A01
202000029656,1,7,,0,2,2,1,B01
202000029656,2,7,,0,2,1,15,A01
202000029657,1,7,,0,2,1,1,B01
202000029657,1,10,,0,2,7,26,A01
202000029658,2,7,,0,1,8,1,A01
202000029659,1,1,,0,2,8,0,B01
202000029659,1,7,,0,9,2,26,A01
202000029660,1,7,,0,2,1,9,A01
202000029660,2,31,,0,2,7,13,C01
202000029661,1,7,,11,1,1,26,Z01
202000029662,1,7,,0,0,5,15,B01
202000029662,1,7,,0,2,3,18,A01
202000029663,1,3,,15,0,1,1,A01
202000029664,1,7,,0,9,6,9,B01
202000029664,1,7,,0,2,2,9,A01
202000029665,1,7,,0,2,8,11,B01
202000029665,1,32,,0,2,2,3,A01
202000029666,0,7,,0,1,4,20,A01
202000029667,2,40,,0,1,5,1,Z01
202000029668,1,7,,0,1,2,0,A01
202000029669,2,34,,0,2,1,2,A01
202000029669,2,7,,0,2,5,23,B01
202000029670,1,7,,0,2,8,0,B01
202000029670,1,7,,0,2,1,0,A01
202000029671,1,7,,0,2,4,2,B01
202000029671,1,13,,4,0,0,0,A01
202000029672,1,7,,0,2,8,0,A01
202000029672,1,2,,0,2,1,0,B01
202000029673,1,7,,0,2,5,20,B01
202000029673,1,30,,0,2,2,14,A01
202000029674,1,7,,1,0,7,0,A01
202000029675,1,7,,0,1,2,1,A01
202000029676,1,7,,0,2,1,0,A01
202000029676,1,7,,0,2,5,0,B01
202000029677,1,7,,0,2,9,0,A01
202000029677,1,7,,0,2,1,0,B01
202000029678,3,1,,0,2,8,1,A01
202000029678,0,7,,0,2,3,16,B01
202000029678,0,7,,0,2,2,16,C01
202000029679,3,32,,-1,-1,-1,1,A01
202000029679,3,7,,-1,-1,-1,1,B01
202000029680,2,7,,6,0,1,13,A01
202000029681,2,1,,0,2,1,1,B01
202000029681,1,7,,0,2,7,15,A01
202000029682,1,31,,0,2,1,1,B01
202000029682,2,7,,0,2,6,1,A01
202000029683,2,7,,0,2,7,15,A01
202000029683,1,32,,0,2,1,1,B01
202000029684,2,33,,0,2,1,1,B01
202000029684,1,7,,0,2,1,15,A01
202000029685,1,7,,2,0,1,14,A01
202000029686,1,7,,0,2,4,16,B01
202000029686,1,33,,0,2,1,1,A01
202000029687,1,7,,2,0,1,13,A01
202000029688,2,7,,0,9,1,1,A01
202000029688,2,1,,0,0,4,23,B01
202000029689,1,37,1.0,0,2,3,1,B01
202000029689,1,1,,0,2,1,9,A01
202000029690,2,7,,0,1,1,19,A01
202000029691,2,7,,0,1,1,1,A01
202000029692,1,1,,0,2,1,1,B01
202000029692,1,7,,0,2,3,26,A01
202000029693,1,7,,0,2,1,1,B01
202000029693,2,7,,0,2,8,6,A01
202000029694,1,7,,0,2,3,13,A01
202000029694,2,7,,14,0,3,1,B01
202000029694,2,7,,14,2,1,2,C01
202000029695,2,7,,0,2,8,1,B01
202000029695,1,10,,0,2,3,2,A01
202000029696,3,7,,0,0,3,1,B01
202000029696,3,33,,0,2,8,5,A01
202000029697,3,7,,0,0,0,1,A01
202000029698,1,7,,0,2,3,1,A01
202000029698,1,7,,0,2,3,13,B01
202000029699,3,7,,0,1,1,1,A01
202000029700,1,1,,15,0,3,1,A01
202000029701,1,2,,0,2,1,17,B01
202000029701,1,7,,0,2,3,15,A01
202000029702,2,7,,2,0,1,2,A01
202000029703,1,7,,0,2,1,1,A01
202000029703,2,7,,0,2,1,0,B01
202000029704,0,7,,0,2,0,0,B01
202000029704,0,7,,2,2,8,17,A01
202000029705,1,14,,0,2,3,1,B01
202000029705,1,7,,0,2,7,16,A01
202000029706,1,7,,0,2,1,15,A01
202000029706,2,33,,0,2,3,1,B01
202000029707,3,7,,0,2,1,1,B01
202000029707,3,7,,0,2,1,1,A01
202000029708,3,32,,0,2,1,2,A01
202000029708,3,7,,0,2,4,2,B01
202000029709,1,30,,0,2,7,17,A01
202000029709,1,7,,0,2,8,15,B01
202000029710,0,7,,0,2,7,1,A01
202000029710,1,7,,0,2,1,1,B01
202000029711,2,7,,0,2,1,9,B01
202000029711,1,34,,0,2,1,17,A01
202000029712,1,7,,0,1,1,1,A01
202000029713,1,33,,0,2,7,1,B01
202000029713,2,7,,0,2,7,5,A01
202000029714,2,7,,13,0,2,1,A01
202000029715,2,33,,0,2,4,1,A01
202000029715,2,7,,0,2,4,1,B01
202000029716,0,7,,13,0,0,1,A01
202000029717,1,7,,2,0,1,1,A01
202000029718,1,7,,0,2,1,9,A01
202000029718,1,1,,0,2,2,19,B01
202000029719,2,10,,0,2,2,2,A01
202000029719,2,35,,0,2,4,1,B01
202000029720,1,7,,0,2,8,11,Z01
202000029720,1,7,,0,2,2,1,B01
202000029720,1,43,,0,2,7,12,A01
202000029721,1,33,,0,2,4,11,B01
202000029721,1,10,,0,2,2,1,A01
202000029722,1,31,,0,0,0,1,A01
202000029723,1,7,,2,0,1,1,A01
202000029724,1,33,,0,0,0,1,A01
202000029725,3,7,,2,0,3,1,A01
202000029726,2,7,,0,2,3,13,A01
202000029726,1,10,,0,2,3,1,B01
202000029726,1,7,,0,0,3,1,C01
202000029727,2,10,,0,2,3,1,A01
202000029727,1,7,,0,2,3,1,B01
202000029728,1,32,,13,0,1,1,A01
202000029729,1,7,,0,2,1,2,A01
202000029729,1,7,,1,1,4,1,B01
202000029730,1,7,,14,2,1,1,B01
202000029730,1,7,,1,2,1,1,A01
202000029731,1,33,,0,0,7,1,A01
202000029732,2,7,,0,2,3,13,A01
202000029732,1,13,,0,2,3,0,B01
202000029733,1,1,,0,2,7,19,A01
202000029733,1,33,,1,2,8,1,B01
202000029734,2,7,,13,0,1,1,A01
202000029735,1,7,,0,1,1,1,A01
202000029736,1,7,,17,0,3,13,A01
202000029737,2,7,,0,2,1,1,A01
202000029737,2,7,,0,2,4,23,B01
202000029738,1,7,,15,0,0,0,A01
202000029739,1,7,,0,2,3,1,B01
202000029739,1,30,,0,2,2,17,A01
202000029740,1,7,,4,0,1,0,A01
202000029741,2,7,,0,2,4,23,C01
202000029741,2,7,,0,2,4,23,B01
202000029741,2,7,,0,2,1,2,A01
202000029742,1,1,,0,2,3,1,Y01
202000029742,2,33,,0,2,2,15,A01
202000029743,1,7,,0,9,7,15,A01
202000029743,2,31,,0,0,0,1,B01
202000029744,1,31,,0,2,7,23,A01
202000029744,2,30,,0,2,1,25,Z01
202000029745,2,7,,0,2,3,1,B01
202000029745,1,7,,0,2,3,1,A01
202000029746,1,7,,0,2,8,18,Z01
202000029746,1,30,,0,2,7,1,B01
202000029747,0,7,,0,2,2,1,A01
202000029747,0,7,,0,2,3,19,B01
202000029748,2,10,,0,2,3,15,A01
202000029748,2,2,,0,2,1,1,B01
202000029749,0,10,,0,2,3,2,A01
202000029749,0,7,,0,2,3,15,B01
202000029749,0,10,,0,0,6,23,C01
202000029750,0,7,,8,0,1,0,A01
202000029751,2,31,,0,2,1,1,B01
202000029751,2,1,,0,2,8,15,A01
202000029752,1,7,,0,2,3,1,B01
202000029752,2,7,,0,2,7,1,A01
202000029753,1,7,,0,2,2,9,B01
202000029753,1,34,,0,2,3,1,A01
202000029754,3,7,,0,2,1,1,A01
202000029754,3,7,,0,2,1,1,B01
202000029755,1,7,,0,2,1,2,Z01
202000029755,1,7,,0,2,6,23,B01
202000029755,1,31,,0,2,4,23,A01
202000029756,1,1,,0,2,3,1,B01
202000029756,1,7,,0,2,2,15,A01
202000029757,3,1,,0,1,1,1,A01
202000029758,2,10,,1,0,1,14,A01
202000029759,1,7,,0,0,6,23,A01
202000029759,1,7,,0,2,2,1,B01
202000029759,2,7,,0,2,3,1,C01
202000029760,1,7,,0,1,1,1,A01
202000029761,2,1,,0,1,8,7,A01
202000029762,1,7,,0,1,3,1,A01
202000029763,2,7,,0,2,3,0,A01
202000029763,1,7,,0,2,3,0,B01
202000029764,1,7,,0,2,1,13,A01
202000029764,2,1,,0,2,1,1,B01
202000029765,1,1,,0,2,8,19,B01
202000029765,1,7,,0,9,6,1,A01
202000029766,0,2,,0,0,2,1,B01
202000029766,0,7,,0,2,1,1,A01
202000029767,2,7,,0,2,1,9,A01
202000029767,2,1,,0,0,7,1,B01
202000029768,2,38,23.0,0,2,1,1,B01
202000029768,1,7,,0,2,8,15,A01
202000029769,3,36,,0,0,0,15,A01
202000029770,3,33,,0,0,0,1,A01
202000029771,2,7,,2,0,1,1,A01
202000029772,1,7,,13,0,3,16,A01
202000029773,1,7,,13,0,9,26,A01
202000029774,2,10,,0,2,1,1,C01
202000029774,2,7,,0,2,1,1,B01
202000029774,2,7,,0,2,5,9,A01
202000029775,0,7,,0,2,1,1,B01
202000029775,1,7,,0,2,6,1,C01
202000029775,0,7,,0,0,1,13,A01
202000029776,2,7,,0,1,1,2,A01
202000029777,1,7,,4,0,7,2,A01
202000029778,1,7,,4,0,8,2,A01
202000029779,2,7,,0,2,2,15,A01
202000029779,1,80,,0,2,1,1,Y01
202000029780,1,10,,0,2,3,1,C01
202000029780,1,10,,0,2,6,1,B01
202000029780,1,10,,0,2,2,1,A01
202000029781,3,7,,0,2,2,1,B01
202000029781,3,7,,0,2,7,15,A01
202000029782,1,33,,0,2,5,3,B01
202000029782,1,7,,0,2,5,12,A01
202000029783,1,7,,0,0,3,24,A01
202000029783,1,1,,1,0,1,1,B01
202000029784,2,7,,0,2,4,2,B01
202000029784,2,33,,0,2,1,2,A01
202000029785,-1,33,,0,2,2,15,B01
202000029785,-1,7,,0,2,3,15,A01
202000029786,2,7,,0,2,1,2,A01
202000029786,2,7,,0,2,4,2,B01
202000029787,1,7,,0,2,6,1,B01
202000029787,1,7,,0,2,1,26,A01
202000029788,2,7,,0,0,1,2,A01
202000029789,0,33,,0,2,3,1,B01
202000029789,0,7,,0,2,3,1,A01
202000029790,2,33,,0,2,1,2,B01
202000029790,2,7,,0,2,4,23,A01
202000029791,1,34,,0,2,2,5,B01
202000029791,1,7,,0,2,3,15,A01
202000029792,1,10,,0,2,4,1,B01
202000029792,1,10,,0,2,3,1,D01
202000029792,1,10,,0,2,4,1,C01
202000029792,1,99,,0,2,1,1,A01
202000029793,1,17,,0,2,6,1,C01
202000029793,1,7,,0,2,5,1,B01
202000029793,1,43,,0,2,1,3,A01
202000029794,1,10,,0,2,2,1,A01
202000029794,1,2,,0,2,1,1,B01
202000029795,1,7,,0,2,8,1,A01
202000029795,1,17,,0,2,2,12,B01
202000029796,2,7,,8,1,1,14,A01
202000029797,3,31,,0,2,1,1,A01
202000029797,3,10,,0,2,2,1,B01
202000029798,1,10,,0,1,2,15,A01
202000029799,1,1,,0,2,7,19,A01
202000029799,1,7,,0,2,3,2,B01
202000029800,1,7,,0,2,7,15,A01
202000029800,2,33,,0,2,1,1,B01
202000029801,1,37,1.0,0,1,8,2,A01
202000029802,2,1,,0,2,1,2,B01
202000029802,2,7,,0,2,4,23,A01
202000029803,1,7,,0,1,1,0,A01
202000029804,2,7,,0,1,3,16,A01
202000029805,2,10,,0,2,4,2,B01
202000029805,2,99,,0,2,1,2,A01
202000029806,1,7,,0,2,2,16,B01
202000029806,1,1,,0,2,1,1,A01
202000029807,2,7,,0,2,1,1,A01
202000029807,1,7,,0,2,7,1,B01
202000029808,1,7,,0,2,4,1,C01
202000029808,1,7,,0,2,1,2,A01
202000029808,1,33,,0,2,4,2,B01
202000029809,2,7,,0,2,2,15,B01
202000029809,1,32,,0,2,1,26,A01
202000029810,1,7,,1,0,0,1,A01
202000029811,2,7,,0,0,4,2,A01
202000029811,2,33,,0,2,1,0,B01
202000029812,1,10,,0,1,2,2,A01
202000029813,3,7,,0,1,2,1,A01
202000029814,1,33,,0,1,2,1,A01
202000029814,1,14,,0,2,1,1,C01
202000029815,2,7,,0,1,1,1,A01
202000029816,2,30,,0,1,1,1,A01
202000029817,3,33,,8,0,3,26,LA01
202000029818,3,7,,0,1,3,21,A01
202000029819,1,37,1.0,0,2,1,1,A01
202000029819,1,7,,0,2,4,23,B01
202000029820,3,33,,10,2,5,1,B01
202000029820,3,7,,0,2,3,11,A01
202000029821,1,7,,0,1,1,26,A01
202000029822,3,10,,2,0,3,15,A01
202000029823,3,7,,1,2,3,26,A01
202000029823,3,33,,0,0,2,1,B01
202000029824,3,10,,8,0,1,26,A01
202000029825,1,37,1.0,0,2,1,21,A01
202000029825,1,7,,0,2,6,2,B01
202000029826,3,7,,0,2,4,2,B01
202000029826,3,7,,0,2,1,2,A01
202000029827,1,7,,0,2,2,0,B01
202000029827,3,7,,0,2,6,18,A01
202000029828,1,7,,0,1,3,1,A01
202000029829,1,7,,0,2,7,9,A01
202000029829,1,33,,0,2,1,1,B01
202000029830,1,1,,0,2,4,2,B01
202000029830,1,7,,0,2,1,21,A01
202000029831,1,7,,0,2,1,13,A01
202000029831,2,7,,0,2,1,1,B01
202000029832,1,7,,6,0,3,1,A01
202000029833,2,7,,0,2,3,1,B01
202000029833,1,7,,0,2,2,15,A01
202000029834,0,2,,9,0,1,26,A01
202000029835,0,7,,0,0,7,1,A01
202000029836,1,7,,0,1,7,17,A01
202000029837,2,30,,0,2,1,0,A01
202000029837,2,10,,0,2,0,0,B01
202000029838,2,7,,14,0,2,1,A01
202000029839,1,10,,0,2,1,2,A01
202000029839,1,7,,0,2,9,2,B01
202000029839,1,7,,0,2,4,2,C01
202000029840,3,40,,0,2,2,1,B01
202000029840,3,7,,0,4,1,1,A01
202000029841,3,7,,0,1,0,0,Z01
202000029842,1,1,,0,2,1,19,A01
202000029842,2,10,,0,2,3,1,B01
202000029843,1,40,,0,2,1,1,B01
202000029843,1,7,,0,4,3,15,A01
202000029844,2,7,,4,0,1,9,A01
202000029845,1,7,,0,2,1,2,A01
202000029845,1,7,,0,2,4,2,B01
202000029845,1,10,,0,2,4,2,C01
202000029846,2,30,,0,2,3,1,A01
202000029846,2,7,,0,2,2,16,B01
202000029847,2,33,,0,2,1,2,B01
202000029847,2,7,,0,2,1,11,A01
202000029848,1,7,,0,2,4,2,B01
202000029848,1,7,,0,2,1,26,A01
202000029849,2,7,,0,2,1,1,B01
202000029849,1,7,,0,2,2,16,A01
202000029850,1,99,,9,2,1,1,A01
202000029850,2,7,,0,2,3,15,B01
202000029851,2,33,,0,0,0,26,A01
202000029852,1,7,,0,1,1,1,A01
202000029853,1,33,,0,2,1,1,B01
202000029853,1,7,,0,2,2,15,A01
202000029854,2,31,,0,2,1,2,A01
202000029854,2,7,,0,2,4,1,B01
202000029855,1,10,,0,2,3,0,B01
202000029855,1,7,,0,2,1,1,A01
202000029856,2,10,,0,1,6,4,A01
202000029857,1,7,,0,2,3,15,A01
202000029857,1,2,,0,2,1,17,B01
202000029858,1,7,,0,2,3,9,A01
202000029858,1,1,,0,2,1,1,B01
202000029859,3,7,,6,0,1,16,A01
202000029860,3,7,,0,2,0,0,Z01
202000029860,3,7,,0,2,5,1,A01
202000029861,1,33,,0,2,2,1,B01
202000029861,1,7,,0,2,3,15,A01
202000029862,2,2,,0,2,0,1,B01
202000029862,0,7,,0,2,0,14,Z01
202000029863,1,7,,0,2,7,12,B01
202000029863,1,31,,0,2,8,18,A01
202000029864,2,7,,0,2,2,15,A01
202000029864,2,30,,0,2,8,1,B01
202000029865,1,7,,0,1,2,1,A01
202000029866,2,1,,0,2,1,1,B01
202000029866,1,7,,0,2,2,15,A01
202000029867,1,15,,0,2,7,24,B01
202000029867,1,7,,1,0,1,26,A01
202000029868,1,7,,0,2,4,1,B01
202000029868,1,31,,0,2,1,1,A01
202000029869,0,7,,0,1,1,16,A01
202000029870,2,7,,0,2,6,1,B01
202000029870,2,33,,0,2,6,2,A01
202000029871,0,7,,0,2,6,2,B01
202000029871,1,34,,0,2,1,2,A01
202000029872,1,13,,0,2,4,23,C01
202000029872,1,7,,0,2,4,1,B01
202000029872,1,7,,0,2,1,2,A01
202000029873,1,43,,0,2,1,2,B01
202000029873,1,7,,0,2,8,10,Z01
202000029874,0,7,,0,1,2,1,A01
202000029875,1,7,,0,2,1,1,A01
202000029875,0,7,,0,2,5,15,B01
202000029876,2,33,,0,2,8,23,B01
202000029876,2,7,,0,2,2,2,A01
202000029877,2,33,,0,2,1,1,A01
202000029877,2,7,,0,2,4,22,B01
202000029878,2,7,,0,1,1,1,A01
202000029879,3,7,,0,2,0,15,A01
202000029879,3,2,,0,2,0,0,B01
202000029880,1,10,,0,1,1,1,Z01
202000029881,1,37,4.0,0,2,0,2,A01
202000029882,1,7,,0,2,1,1,A01
202000029882,1,7,,0,2,4,1,B01
202000029883,1,7,,0,2,5,12,B01
202000029883,1,33,,0,2,3,3,A01
202000029884,1,32,,0,1,8,1,A01
202000029885,3,32,,12,0,9,13,A01
202000029886,1,7,,0,2,3,15,B01
202000029886,1,1,,0,2,2,1,A01
202000029887,2,30,,0,2,1,1,A01
202000029887,2,10,,0,2,0,10,Z01
202000029888,2,7,,0,1,1,1,A01
202000029889,1,50,,0,2,7,17,B01
202000029889,1,1,,0,2,8,13,A01
202000029890,2,7,,0,2,5,23,B01
202000029890,2,1,,0,2,1,15,A01
202000029891,2,10,,0,2,3,20,B01
202000029891,1,7,,0,2,0,9,Z01
202000029891,1,33,,0,2,0,21,A01
202000029892,1,1,,0,1,1,1,A01
202000029893,2,33,,0,2,1,1,B01
202000029893,2,7,,0,2,0,9,A01
202000029894,3,7,,0,2,1,1,A01
202000029894,3,10,,0,2,2,1,B01
202000029895,2,14,,0,2,0,10,A01
202000029895,2,30,,0,2,0,1,B01
202000029896,2,7,,0,1,1,1,A01
202000029897,1,33,,0,0,2,16,A01