Num_Acc,senc,catv,occutc,obs,obsm,choc,manv,num_veh
202000029898,1,10,,0,2,8,15,B01
202000029898,1,31,,0,2,1,1,A01
202000029899,2,0,,0,1,2,1,A01
202000029900,2,7,,0,2,3,16,B01
202000029900,2,31,,0,2,1,1,A01
202000029901,1,7,,0,1,1,16,A01
202000029902,1,7,,12,0,2,1,A01
202000029903,2,7,,0,1,2,2,A01
202000029904,1,7,,0,2,1,15,A01
202000029904,2,33,,0,2,8,1,B01
202000029905,3,7,,6,0,1,1,A01
202000029906,1,7,,0,2,2,1,A01
202000029906,1,7,,1,0,6,2,B01
202000029907,3,7,,0,1,2,26,B01
202000029908,2,7,,14,2,3,26,B01
202000029908,2,33,,0,2,3,26,A01
202000029909,-1,7,,0,1,1,1,A01
202000029910,1,7,,0,2,0,12,Z01
202000029910,1,32,,0,2,8,26,A01
202000029911,1,7,,0,2,1,19,A01
202000029911,0,1,,0,2,8,1,B01
202000029912,3,7,,0,2,5,17,A01
202000029912,3,7,,0,2,3,1,B01
202000029913,3,7,,12,4,0,9,A01
202000029913,3,40,,0,2,7,0,B01
202000029914,1,7,,0,1,2,16,A01
202000029915,2,7,,8,0,1,12,A01
202000029916,1,32,,0,2,2,17,B01
202000029916,2,7,,0,2,3,15,A01
202000029917,1,7,,0,2,3,17,A01
202000029917,1,7,,0,2,6,15,B01
202000029918,1,7,,0,2,5,15,A01
202000029918,2,33,,0,2,1,18,B01
202000029919,1,7,,4,0,3,2,A01
202000029920,2,7,,0,2,1,2,A01
202000029920,2,1,,0,2,4,2,B01
202000029921,2,7,,2,0,9,1,A01
202000029922,2,17,,1,0,2,1,A01
202000029922,1,10,,3,1,6,23,B01
202000029923,2,10,,0,2,1,2,A01
202000029923,2,10,,3,0,4,2,B01
202000029924,1,7,,4,0,9,2,A01
202000029925,2,7,,4,0,1,1,A01
202000029926,0,7,,0,2,3,16,B01
202000029926,3,7,,6,1,3,13,A01
202000029927,1,7,,0,1,3,16,A01
202000029928,3,7,,6,0,1,1,A01
202000029929,2,7,,0,2,1,1,B01
202000029929,1,7,,0,2,1,13,A01
202000029930,2,7,,2,0,9,0,A01
202000029931,3,34,,8,0,1,1,A01
202000029932,1,17,,1,0,8,24,B01
202000029932,1,7,,1,0,2,0,A01
202000029933,1,7,,6,0,1,1,A01
202000029934,2,7,,0,2,1,1,A01
202000029934,2,7,,0,0,4,23,D01
202000029934,2,2,,0,2,4,23,C01
202000029934,2,30,,0,2,4,23,B01
202000029935,1,7,,7,0,3,0,A01
202000029936,1,1,,0,2,0,1,B01
202000029936,2,7,,0,2,2,1,A01
202000029937,2,7,,0,0,0,21,A01
202000029938,2,15,,0,9,4,24,A01
202000029938,2,1,,1,0,1,2,B01
202000029939,2,7,,6,0,2,21,A01
202000029940,2,7,,0,2,1,1,B01
202000029940,1,7,,0,2,2,19,A01
202000029941,2,17,,0,1,2,1,A01
202000029942,2,7,,0,2,3,15,A01
202000029942,1,7,,0,2,1,1,B01
202000029943,2,7,,0,2,3,5,A01
202000029943,1,14,,0,2,3,1,B01
202000029944,1,7,,0,2,4,2,B01
202000029944,1,7,,0,2,1,2,A01
202000029945,2,7,,0,2,3,9,A01
202000029945,1,2,,0,2,1,3,B01
202000029946,2,7,,4,0,1,0,A01
202000029947,1,2,,0,1,1,1,A01
202000029948,3,2,,0,9,3,1,A01
202000029949,1,7,,0,1,3,1,A01
202000029950,2,7,,16,2,2,0,A01
202000029950,1,10,,0,2,8,0,B01
202000029951,2,7,,8,0,1,1,A01
202000029952,2,7,,0,2,4,2,B01
202000029952,2,7,,0,2,1,2,A01
202000029953,0,7,,0,2,1,1,A01
202000029953,0,7,,0,2,4,1,B01
202000029953,0,7,,0,0,4,1,C01
202000029954,2,7,,0,2,3,15,A01
202000029954,1,2,,0,2,1,2,B01
202000029955,2,7,,0,2,1,1,A01
202000029955,2,7,,7,2,6,1,B01
202000029956,3,1,,0,2,4,14,A01
202000029956,3,7,,0,2,2,2,B01
202000029957,2,7,,2,0,9,1,A01
202000029958,2,3,,0,2,3,13,A01
202000029958,2,7,,0,2,3,1,B01
202000029959,2,7,,8,0,6,1,A01
202000029960,1,2,,0,2,1,17,A01
202000029960,1,7,,0,2,3,15,B01
202000029961,2,2,,0,2,1,11,B01
202000029961,1,7,,0,0,3,1,A01
202000029962,1,7,,13,0,1,14,A01
202000029963,2,7,,0,2,4,1,A01
202000029963,2,7,,0,2,1,2,B01
202000029963,1,7,,0,2,1,2,C01
202000029964,2,7,,4,0,1,1,A01
202000029965,3,14,,6,0,9,1,A01
202000029966,1,7,,0,2,4,2,C01
202000029966,1,7,,0,2,4,2,B01
202000029966,1,7,,0,2,1,1,A01
202000029967,1,10,,0,2,4,2,B01
202000029967,1,10,,0,2,4,2,D01
202000029967,1,10,,0,2,4,2,C01
202000029967,1,10,,0,2,1,2,A01
202000029968,1,7,,0,2,4,2,C01
202000029968,1,7,,0,2,4,2,B01
202000029968,1,10,,0,2,1,1,A01
202000029969,1,33,,3,0,1,2,A01
202000029970,2,7,,0,2,4,2,C01
202000029970,2,7,,0,2,1,2,A01
202000029970,2,7,,0,2,4,23,B01
202000029971,2,7,,4,0,9,2,A01
202000029972,1,7,,0,2,1,5,A01
202000029972,1,7,,0,2,1,2,B01
202000029972,1,7,,0,2,2,2,C01
202000029973,1,7,,4,0,9,2,A01
202000029974,1,7,,4,0,1,0,A01
202000029975,2,33,,0,2,8,11,A01
202000029975,2,7,,0,2,8,11,B01
202000029976,1,33,,12,0,2,14,A01
202000029977,1,7,,0,0,9,26,A01
202000029978,1,7,,4,0,9,1,A01
202000029979,2,7,,0,2,1,18,A01
202000029979,2,7,,0,2,4,26,B01
202000029980,1,7,,0,2,7,12,A01
202000029980,1,7,,0,2,3,1,B01
202000029981,3,60,,0,2,2,19,A01
202000029981,3,7,,6,2,2,16,B01
202000029982,2,33,,0,2,1,1,B01
202000029982,1,7,,0,2,2,15,A01
202000029983,1,7,,0,2,3,1,B01
202000029983,1,7,,0,2,2,1,A01
202000029984,3,10,,0,2,1,1,B01
202000029984,3,7,,0,2,1,5,A01
202000029985,3,10,,16,1,4,20,A01
202000029986,1,7,,0,1,1,26,A01
202000029987,2,7,,0,2,3,1,B01
202000029987,1,7,,0,2,2,26,A01
202000029988,3,1,,0,2,2,16,B01
202000029988,3,7,,0,9,3,16,A01
202000029989,1,7,,0,1,1,1,A01
202000029990,3,7,,0,2,1,9,A01
202000029990,1,7,,1,2,2,1,B01
202000029991,3,7,,15,0,4,1,A01
202000029992,1,30,,0,0,8,26,A01
202000029993,1,7,,0,2,1,1,B01
202000029993,2,7,,0,2,2,15,A01
202000029994,1,7,,0,2,6,15,B01
202000029994,1,0,,0,2,1,17,A01
202000029995,1,7,,0,2,6,1,B01
202000029995,3,7,,0,2,1,1,A01
202000029996,1,33,,0,2,1,26,A01
202000029996,1,7,,0,2,6,1,B01
202000029997,0,7,,0,2,3,15,A01
202000029997,0,1,,0,2,4,15,B01
202000029998,2,33,,0,2,1,3,A01
202000029998,2,7,,0,2,5,12,B01
202000029999,2,7,,0,2,8,1,B01
202000029999,1,31,,0,2,1,1,A01
202000030000,2,7,,0,2,2,15,A01
202000030000,1,30,,0,2,1,1,B01
202000030001,1,7,,0,2,1,1,B01
202000030001,2,32,,0,2,4,1,A01
202000030002,1,10,,0,2,2,14,A01
202000030002,2,33,,0,2,8,1,B01
202000030003,2,30,,0,0,8,1,A01
202000030004,1,7,,0,2,1,15,A01
202000030004,2,7,,0,2,1,1,B01
202000030005,2,7,,0,2,7,12,B01
202000030005,2,7,,0,2,1,1,A01
202000030006,2,7,,0,2,3,15,B01
202000030006,2,31,,0,2,1,1,A01
202000030007,2,31,,0,2,1,3,B01
202000030007,2,7,,0,2,8,15,A01
202000030008,1,31,,0,0,0,9,A01
202000030009,1,2,,0,2,1,11,A01
202000030009,1,7,,0,2,7,17,B01
202000030010,2,7,,0,1,1,1,A01
202000030011,1,7,,0,1,1,15,A01
202000030012,2,7,,0,2,4,1,C01
202000030012,2,7,,0,2,4,1,B01
202000030012,2,7,,0,2,1,1,A01
202000030013,2,7,,0,2,1,1,A01
202000030013,1,7,,0,2,5,15,B01
202000030014,0,7,,0,2,3,15,Z01
202000030014,0,7,,0,2,3,23,B01
202000030015,3,7,,0,1,2,2,A01
202000030016,2,7,,0,2,2,2,A01
202000030016,2,7,,0,2,6,1,B01
202000030017,1,2,,0,2,1,1,B01
202000030017,1,7,,0,2,3,15,A01
202000030018,2,7,,1,1,6,24,B01
202000030018,2,7,,1,0,2,1,A01
202000030019,3,30,,0,9,2,1,A01
202000030019,3,7,,0,2,3,16,B01
202000030020,2,7,,0,1,0,1,A01
202000030021,2,33,,0,2,1,1,B01
202000030021,1,7,,0,2,2,15,A01
202000030022,1,7,,0,1,1,2,A01
202000030023,3,7,,0,2,3,9,B01
202000030023,2,30,,0,2,5,1,A01
202000030024,1,32,,0,2,3,1,A01
202000030024,2,7,,0,2,2,15,B01
202000030025,1,7,,0,2,3,1,B01
202000030025,1,1,,0,2,2,1,A01
202000030026,2,7,,0,2,3,1,B01
202000030026,1,7,,0,2,3,13,A01
202000030027,1,10,,0,1,1,1,A01
202000030028,1,10,,0,2,3,9,A01
202000030028,1,30,,0,2,1,1,B01
202000030029,2,7,,0,2,1,1,A01
202000030029,3,60,,0,2,7,19,B01
202000030030,1,15,,0,2,2,19,A01
202000030030,2,7,,0,2,1,1,B01
202000030031,3,1,,0,2,2,19,B01
202000030031,2,7,,0,2,1,1,A01
202000030032,3,7,,0,1,0,26,A01
202000030033,0,7,,0,1,2,26,A01
202000030034,2,15,,0,2,1,1,A01
202000030034,2,10,,0,2,6,9,B01
202000030035,2,7,,0,2,3,13,A01
202000030035,1,37,1.0,0,2,3,23,B01
202000030036,2,7,,0,1,1,1,A01
202000030037,2,7,,0,2,8,22,A01
202000030037,2,1,,0,2,1,1,B01
202000030038,1,1,,0,2,8,23,B01
202000030038,1,33,,0,2,7,17,A01
202000030039,2,7,,0,1,2,1,A01
202000030040,1,31,,0,1,7,1,A01
202000030041,1,32,,0,1,1,1,A01
202000030042,2,31,,0,2,6,13,A01
202000030042,2,33,,0,2,2,17,B01
202000030043,1,1,,0,2,8,25,C01
202000030043,1,7,,0,2,1,15,A01
202000030043,2,7,,0,2,1,1,B01
202000030044,1,33,,0,2,1,1,B01
202000030044,1,7,,0,2,6,10,A01
202000030045,2,1,,0,2,1,1,B01
202000030045,1,7,,0,2,8,22,A01
202000030046,2,50,,0,2,1,1,A01
202000030046,1,7,,0,2,4,4,Z01
202000030047,1,1,,0,1,0,7,A01
202000030048,3,1,,12,0,8,1,A01
202000030049,2,30,,0,1,8,1,A01
202000030050,1,30,,0,2,1,2,A01
202000030050,1,7,,0,2,4,23,B01
202000030051,1,32,,0,2,1,1,A01
202000030051,2,7,,0,2,1,15,B01
202000030052,1,7,,0,1,1,16,A01
202000030053,2,7,,0,2,4,2,C01
202000030053,2,7,,0,2,4,2,B01
202000030053,2,10,,0,2,1,2,A01
202000030054,3,7,,0,1,2,1,A01
202000030055,2,7,,0,2,1,9,A01
202000030055,1,33,,0,2,8,1,B01
202000030056,1,7,,0,1,2,1,A01
202000030057,0,7,,1,1,6,20,B01
202000030058,3,7,,0,2,2,15,A01
202000030058,3,7,,0,2,1,1,B01
202000030059,0,7,,0,2,1,1,B01
202000030059,2,7,,0,2,3,16,A01
202000030060,2,2,,0,2,1,2,B01
202000030060,2,7,,0,2,8,10,A01
202000030061,2,7,,0,2,5,1,B01
202000030061,2,7,,8,2,2,1,A01
202000030062,3,7,,9,0,2,16,A01
202000030063,1,7,,0,2,1,9,B01
202000030063,1,31,,0,2,1,17,A01
202000030064,2,7,,0,2,3,9,B01
202000030064,1,1,,0,2,1,1,A01
202000030065,0,7,,1,0,1,19,A01
202000030065,0,34,,0,2,7,0,B01
202000030066,2,7,,0,2,2,1,A01
202000030066,1,7,,0,2,3,1,B01
202000030067,3,32,,0,2,1,1,A01
202000030067,3,10,,0,2,2,15,B01
202000030068,2,10,,0,1,3,16,A01
202000030069,3,7,,0,9,1,16,A01
202000030069,3,80,,0,2,7,1,B01
202000030070,1,10,,0,2,3,17,A01
202000030070,2,21,,0,2,1,1,B01
202000030071,1,7,,0,1,1,1,A01
202000030072,1,7,,3,0,3,21,A01
202000030073,1,17,,7,0,2,1,A01
202000030074,2,7,,0,1,2,1,A01
202000030075,1,7,,3,0,2,15,A01
202000030076,1,7,,0,2,3,19,A01
202000030076,1,33,,0,2,1,1,B01
202000030077,2,7,,0,2,1,1,B01
202000030077,2,7,,9,2,7,15,A01
202000030078,3,7,,0,1,3,19,A01
202000030079,2,7,,6,0,1,15,A01
202000030080,2,7,,0,2,1,2,A01
202000030080,2,7,,0,2,4,2,B01
202000030081,1,7,,0,2,3,15,A01
202000030081,1,7,,6,2,2,17,B01
202000030082,1,7,,2,0,7,0,A01
202000030083,2,7,,0,1,1,1,A01
202000030084,2,7,,0,2,3,1,A01
202000030084,2,2,,0,2,8,15,B01
202000030085,1,7,,0,1,3,1,A01
202000030086,2,7,,0,2,2,1,B01
202000030086,1,7,,0,2,3,19,A01
202000030087,2,7,,0,2,1,2,A01
202000030087,2,7,,0,0,4,23,B01
202000030088,1,10,,0,0,0,0,F01
202000030088,1,10,,0,0,4,0,E01
202000030088,1,7,,0,0,4,0,D01
202000030088,1,7,,0,0,7,11,C01
202000030088,1,10,,0,0,4,13,B01
202000030088,1,7,,0,0,1,2,A01
202000030089,2,7,,0,0,1,1,B01
202000030089,2,7,,0,0,4,9,A01
202000030090,1,7,,0,1,1,1,A01
202000030091,3,33,,0,2,8,1,B01
202000030091,3,10,,0,2,1,19,A01
202000030092,1,1,,0,2,3,26,B01
202000030092,1,10,,0,2,3,1,A01
202000030093,3,2,,1,2,1,18,B01
202000030093,3,7,,0,2,3,23,A01
202000030094,1,7,,0,0,4,1,B01
202000030094,1,7,,0,2,1,2,A01
202000030095,3,7,,7,2,7,19,A01
202000030095,1,7,,0,2,1,1,B01
202000030096,1,7,,13,0,1,1,A01
202000030097,1,7,,0,2,1,13,A01
202000030097,1,14,,0,0,8,15,B01
202000030098,3,7,,8,0,1,2,A01
202000030099,2,7,,0,0,7,21,B01
202000030099,1,7,,0,2,1,1,A01
202000030100,2,7,,4,2,4,2,A01
202000030100,2,7,,4,2,4,2,B01
202000030100,2,7,,4,2,1,2,C01
202000030101,2,14,,0,2,0,12,A01
202000030101,2,10,,0,2,8,1,B01
202000030102,2,7,,0,2,6,1,B01
202000030102,2,7,,0,2,1,11,A01
202000030102,2,7,,0,2,5,1,F01
202000030102,2,7,,0,2,6,1,D01
202000030102,2,7,,0,2,6,1,E01
202000030102,2,7,,4,2,4,1,C01
202000030103,1,33,,0,2,1,21,B01
202000030103,1,7,,0,2,8,15,A01
202000030104,2,7,,0,9,1,2,B01
202000030104,2,7,,0,0,9,2,A01
202000030105,1,7,,0,2,1,11,A01
202000030105,1,15,,0,2,0,1,B01
202000030106,1,15,,0,2,1,2,A01
202000030106,1,7,,0,2,4,2,B01
202000030107,2,7,,0,0,2,14,A01
202000030108,2,7,,0,2,5,12,B01
202000030108,2,33,,0,2,1,3,A01
202000030109,2,33,,0,2,1,3,A01
202000030109,2,7,,0,2,6,1,B01
202000030110,2,7,,0,2,2,2,A01
202000030110,2,7,,0,2,6,2,B01
202000030111,2,7,,0,2,5,1,B01
202000030111,2,33,,0,2,3,1,A01
202000030112,1,7,,1,0,1,12,A01
202000030112,1,7,,0,2,4,23,B01
202000030113,1,7,,0,2,1,1,A01
202000030113,1,7,,0,2,4,9,B01
202000030114,2,7,,0,2,1,2,A01
202000030114,2,7,,0,2,4,2,B01
202000030114,2,7,,0,2,4,2,C01
202000030115,2,7,,4,0,1,1,A01
202000030116,2,7,,0,2,4,23,A01
202000030116,2,7,,1,0,1,1,B01
202000030117,2,7,,4,0,1,13,A01
202000030118,2,7,,0,2,7,12,A01
202000030118,2,33,,0,2,8,1,B01
202000030119,3,31,,0,0,7,2,A01
202000030119,3,7,,0,2,8,2,B01
202000030120,1,7,,4,0,1,1,A01
202000030121,1,33,,6,0,8,1,A01
202000030122,1,7,,0,2,2,3,A01
202000030122,1,2,,0,2,6,23,B01
202000030123,2,7,,0,2,1,19,B01
202000030123,2,31,,0,2,1,1,A01
202000030124,1,10,,0,2,3,15,A01
202000030124,1,10,,0,2,3,1,B01
202000030125,1,7,,0,2,5,9,A01
202000030125,0,7,,0,2,2,2,B01
202000030126,1,30,,0,2,1,1,A01
202000030126,1,30,,0,2,4,1,B01
202000030127,1,30,,0,2,1,1,A01
202000030127,2,7,,0,2,2,15,B01
202000030128,2,7,,0,2,1,15,B01
202000030128,1,30,,0,2,1,1,A01
202000030129,2,7,,0,1,3,1,A01
202000030130,3,7,,0,2,2,15,A01
202000030130,3,2,,0,2,1,2,B01
202000030131,1,7,,12,0,1,1,A01
202000030132,2,7,,1,1,2,1,A01
202000030133,1,32,,0,2,8,2,A01
202000030133,0,7,,0,2,7,0,B01
202000030134,1,99,,0,0,4,26,B01
202000030134,3,37,1.0,0,0,1,26,A01
202000030135,3,7,,0,9,2,9,A01
202000030135,3,1,,0,2,4,1,B01
202000030136,3,7,,0,2,1,1,C01
202000030136,3,7,,0,2,4,1,B01
202000030137,2,1,,0,2,1,1,B01
202000030137,1,7,,0,2,2,15,A01
202000030138,1,7,,0,2,1,2,A01
202000030138,1,1,,0,2,4,2,B01
202000030139,1,7,,0,1,1,1,A01
202000030140,2,30,,0,2,1,1,A01
202000030140,2,7,,0,2,4,16,B01
202000030141,2,14,,0,1,3,16,A01
202000030142,1,7,,0,1,1,9,A01
202000030143,1,33,,14,0,4,2,B01
202000030143,1,10,,0,2,1,2,A01
202000030144,2,7,,0,2,7,19,B01
202000030144,1,37,1.0,0,0,3,1,A01
202000030145,1,7,,0,1,0,16,A01
202000030146,1,32,,0,2,1,1,B01
202000030146,2,7,,0,2,8,15,A01
202000030147,1,7,,0,1,3,1,A01
202000030148,0,7,,0,2,8,16,A01
202000030148,0,31,,0,0,0,0,B01
202000030149,0,7,,0,2,6,19,A01
202000030149,0,2,,0,2,1,1,B01
202000030150,2,7,,0,2,3,15,A01
202000030150,1,32,,0,2,7,21,B01
202000030151,1,7,,0,1,1,1,A01
202000030152,2,7,,0,2,1,2,A01
202000030152,2,7,,0,2,4,2,B01
202000030153,1,7,,0,1,1,15,A01
202000030154,2,30,,1,0,2,14,A01
202000030155,1,7,,0,9,1,1,A01
202000030156,1,7,,0,1,2,1,A01
202000030157,2,7,,0,2,5,10,A01
202000030157,2,7,,0,2,2,1,B01
202000030158,0,10,,0,1,1,1,A01
202000030159,1,10,,0,2,4,0,C01
202000030159,1,7,,0,2,4,0,B01
202000030159,1,7,,0,2,1,1,A01
202000030160,1,7,,0,2,4,1,A01
202000030160,1,7,,0,2,1,1,B01
202000030161,1,30,,0,0,0,15,A01
202000030162,0,7,,0,1,2,1,A01
202000030163,1,50,,0,2,1,2,C01
202000030163,1,37,2.0,0,9,2,1,B01
202000030163,2,7,,0,9,3,2,A01
202000030164,0,7,,2,0,9,14,A01
202000030165,1,7,,0,1,1,1,A01
202000030166,1,7,,0,1,1,15,A01
202000030167,3,7,,0,2,4,26,A01
202000030167,3,7,,0,2,1,1,B01
202000030168,1,7,,0,1,1,1,A01
202000030169,-1,7,,1,0,9,16,A01
202000030170,0,7,,9,0,1,1,A01
202000030171,2,32,,0,2,1,1,B01
202000030171,1,7,,0,2,5,15,A01
202000030172,0,7,,0,2,0,1,B01
202000030172,0,34,,0,2,0,1,A01
202000030173,1,7,,0,2,1,15,A01
202000030173,2,2,,0,2,1,1,B01
202000030174,0,31,,0,2,2,0,B01
202000030174,0,7,,0,2,3,2,A01
202000030175,1,34,,0,2,1,1,B01
202000030175,2,7,,0,2,3,15,A01
202000030176,1,7,,0,2,8,9,A01
202000030176,2,7,,0,2,1,1,B01
202000030177,2,7,,0,2,2,10,A01
202000030177,1,7,,0,2,4,1,B01
202000030177,2,7,,0,2,8,1,C01
202000030178,3,1,,0,2,0,19,A01
202000030178,1,30,,0,2,3,1,B01
202000030179,2,7,,0,2,2,20,A01
202000030179,2,2,,0,2,1,18,B01
202000030180,1,10,,0,2,1,2,A01
202000030180,1,7,,0,2,4,23,B01
202000030181,1,7,,0,1,1,1,A01
202000030182,1,7,,0,1,2,1,A01
202000030183,2,7,,0,1,2,1,A01
202000030184,1,7,,0,2,2,0,Z01
202000030184,1,7,,0,2,5,0,A01
202000030185,2,33,,0,1,1,1,A01
202000030186,0,7,,0,2,8,15,A01
202000030186,0,2,,0,2,1,17,B01
202000030187,1,10,,0,1,3,1,A01
202000030188,1,7,,0,0,1,26,A01
202000030189,3,7,,0,2,5,1,B01
202000030189,3,7,,0,2,1,9,A01
202000030190,2,33,,0,0,1,26,A01
202000030191,1,33,,0,2,7,2,A01
202000030191,1,7,,0,2,1,15,B01
202000030192,1,7,,0,2,0,11,C01
202000030192,2,33,,0,2,1,1,B01
202000030192,1,7,,0,2,1,21,A01
202000030193,1,32,,0,2,1,17,A01
202000030193,1,7,,0,2,6,22,B01
202000030194,2,7,,0,9,1,1,A01
202000030194,2,80,,0,2,7,19,B01
202000030195,1,33,,0,2,4,15,A01
202000030195,2,7,,0,2,1,1,Z01
202000030196,2,7,,0,2,7,1,A01
202000030196,2,1,,0,2,1,19,B01
202000030197,3,32,,0,0,2,16,A01
202000030198,2,7,,0,2,1,2,A01
202000030198,2,7,,0,2,4,2,B01
202000030199,2,7,,0,2,6,1,B01
202000030199,2,33,,0,2,1,21,A01
202000030200,2,7,,0,2,4,1,B01
202000030200,2,33,,0,2,1,3,A01
202000030201,1,33,,0,2,3,3,A01
202000030201,1,33,,0,2,5,3,B01
202000030202,1,7,,0,2,4,1,B01
202000030202,1,7,,0,2,4,1,C01
202000030202,1,10,,0,2,1,12,A01
202000030203,2,7,,0,2,1,1,B01
202000030203,2,10,,0,2,3,1,A01
202000030204,1,10,,0,1,1,1,A01
202000030205,2,10,,0,1,4,4,A01
202000030206,1,7,,0,2,2,14,B01
202000030206,1,30,,0,2,3,1,A01
202000030207,1,1,,0,0,1,1,A01
202000030208,1,30,,0,2,2,1,B01
202000030208,1,7,,0,2,3,10,A01
202000030209,2,1,,0,2,1,1,A01
202000030209,2,7,,0,2,4,23,B01
202000030210,1,10,,0,2,7,20,B01
202000030210,1,50,,0,2,1,1,A01
202000030211,1,34,,0,2,4,23,B01
202000030211,1,43,,0,2,1,1,A01
202000030212,2,7,,0,2,1,5,A01
202000030212,1,1,,0,2,1,5,B01
202000030213,2,50,,0,2,4,19,A01
202000030213,2,32,,0,2,1,15,B01
202000030214,2,7,,0,2,1,7,A01
202000030214,2,1,,0,2,1,19,B01
202000030215,1,33,,0,1,1,1,A01
202000030216,2,7,,0,2,1,1,Z01
202000030216,1,7,,0,2,8,1,A01
202000030217,1,50,,0,2,1,1,A01
202000030217,1,1,,0,2,5,15,B01
202000030218,1,7,,0,2,3,1,B01
202000030218,1,60,,0,2,1,19,A01
202000030219,2,1,,0,2,7,1,B01
202000030219,2,50,,0,2,1,13,A01
202000030220,1,30,,0,2,2,17,A01
202000030220,1,1,,0,2,2,17,B01
202000030221,2,37,2.0,0,2,8,15,B01
202000030221,2,43,,0,2,2,1,A01
202000030222,3,32,,12,0,3,13,A01
202000030223,1,7,,0,2,8,15,A01
202000030223,1,33,,0,2,7,15,B01
202000030224,1,30,,1,0,1,14,A01
202000030225,2,7,,0,2,1,1,B01
202000030225,2,31,,0,2,7,5,A01
202000030226,1,39,,0,2,1,1,A01
202000030226,2,10,,0,4,7,16,B01
202000030227,1,7,,14,0,1,19,A01
202000030227,1,99,,15,0,2,2,B01
202000030228,1,3,,0,1,2,14,A01
202000030229,2,7,,0,1,1,0,Z01
202000030230,1,2,,0,2,1,18,B01
202000030230,1,10,,0,2,2,10,A01
202000030231,-1,7,,0,0,1,9,A01
202000030231,-1,33,,0,0,4,9,B01
202000030232,0,32,,14,0,1,9,A01
202000030232,0,7,,14,2,6,1,B01
202000030233,0,7,,0,2,4,2,B01
202000030233,0,7,,0,2,1,2,A01
202000030234,1,7,,0,1,2,1,A01
202000030235,2,33,,0,0,2,15,A01
202000030235,2,7,,0,0,3,15,B01
202000030236,-1,7,,6,0,1,26,A01
202000030237,3,1,,0,2,3,9,A01
202000030237,1,32,,0,2,1,1,B01
202000030238,1,7,,0,2,1,1,B01
202000030238,1,7,,0,2,5,1,A01
202000030239,2,37,1.0,0,2,8,1,A01
202000030239,1,50,,0,2,1,13,B01
202000030240,1,7,,0,2,1,2,A01
202000030240,1,7,,0,2,4,2,B01
202000030240,1,7,,0,2,4,1,C01
202000030241,1,50,,0,2,8,0,Y01
202000030241,2,10,,0,2,1,15,A01
202000030242,2,10,,0,1,3,15,A01
202000030243,1,7,,0,2,1,9,B01
202000030243,1,30,,0,2,7,9,A01
202000030244,1,30,,0,0,0,0,A01
202000030245,3,33,,12,0,1,16,A01
202000030246,1,7,,0,1,2,26,A01
202000030247,1,7,,0,2,3,13,A01
202000030247,2,7,,0,2,8,1,B01
202000030248,2,7,,0,1,3,15,A01
202000030249,1,7,,0,2,2,14,A01
202000030250,2,7,,9,1,1,21,A01
202000030251,1,7,,13,0,2,1,A01
202000030252,1,7,,0,2,2,2,A01
202000030252,1,14,,0,0,6,2,B01
202000030253,2,7,,0,0,0,1,A01
202000030254,2,7,,3,0,1,0,A01
202000030255,1,7,,15,0,3,1,A01
202000030256,1,2,,0,2,1,2,A01
202000030256,1,7,,0,0,6,2,B01
202000030257,0,7,,2,0,1,1,A01
202000030258,3,2,,0,0,1,1,A01
202000030259,1,34,,13,0,1,1,A01
202000030260,2,1,,0,2,8,19,B01
202000030260,2,15,,0,2,3,1,A01
202000030261,3,31,,8,2,1,1,A01
202000030261,3,99,,0,2,2,1,B01
202000030262,2,21,,3,0,1,1,A01
202000030263,3,7,,0,0,6,15,A01
202000030263,2,2,,0,2,2,1,B01
202000030264,1,33,,15,0,1,1,A01
202000030265,2,34,,0,0,7,1,A01
202000030266,2,33,,0,2,6,1,B01
202000030266,1,7,,0,2,3,1,A01
202000030267,3,2,,0,2,1,1,A01
202000030267,3,7,,0,2,3,1,B01
202000030268,3,7,,0,2,1,16,A01
202000030268,1,7,,0,2,3,1,B01
202000030269,1,33,,0,0,0,1,A01
202000030270,2,7,,8,0,1,1,A01
202000030271,1,7,,0,2,3,1,B01
202000030271,2,32,,0,2,3,13,A01
202000030272,3,7,,0,2,2,19,B01
202000030272,2,7,,0,2,2,1,A01
202000030273,0,33,,0,0,5,26,B01
202000030273,0,10,,0,2,3,26,A01
202000030274,0,7,,0,2,3,15,B01
202000030274,0,33,,0,2,1,1,A01
202000030275,3,7,,0,0,8,16,A01
202000030276,3,33,,13,0,7,21,A01
202000030277,1,7,,0,2,3,13,A01
202000030277,2,33,,0,2,1,1,B01
202000030278,1,7,,0,9,0,1,A01
202000030279,1,7,,0,2,3,1,B01
202000030279,2,7,,0,2,1,13,A01
202000030280,2,7,,2,0,1,2,A01
202000030281,2,1,,0,2,1,1,B01
202000030281,2,7,,0,9,2,12,A01
202000030282,2,2,,0,2,1,15,B01
202000030282,1,7,,0,2,1,9,A01
202000030283,2,7,,6,0,9,17,A01
202000030284,1,2,,0,2,1,13,A01
202000030284,2,2,,0,2,1,0,B01
202000030284,2,7,,0,2,1,1,C01
202000030285,3,1,,15,0,1,26,A01
202000030286,2,7,,2,0,5,17,A01
202000030287,2,15,,0,0,7,14,A01
202000030288,1,2,,0,1,1,19,A01