Num_Acc,senc,catv,occutc,obs,obsm,choc,manv,num_veh
202000030289,2,7,,6,0,1,1,A01
202000030290,1,7,,0,0,0,0,A01
202000030290,1,1,,0,0,3,0,B01
202000030291,2,10,,0,2,1,1,C01
202000030291,2,7,,0,0,6,1,A01
202000030291,2,10,,0,0,4,1,B01
202000030292,3,1,,5,0,1,1,A01
202000030293,2,33,,0,2,4,1,B01
202000030293,2,33,,0,2,1,2,A01
202000030294,2,33,,0,0,0,15,A01
202000030295,2,1,,0,2,8,1,A01
202000030295,1,2,,0,2,1,1,B01
202000030296,2,33,,16,2,1,2,A01
202000030297,1,7,,0,9,2,17,A01
202000030297,1,1,,0,0,8,1,B01
202000030298,2,7,,0,2,6,1,C01
202000030298,1,15,,0,2,3,1,B01
202000030298,2,2,,0,2,1,13,A01
202000030299,1,33,,0,2,2,17,B01
202000030299,1,7,,6,2,8,15,A01
202000030300,3,7,,13,0,0,0,A01
202000030301,1,2,,0,2,7,1,B01
202000030301,1,7,,0,2,8,15,A01
202000030302,2,10,,0,2,7,15,B01
202000030302,1,33,,0,2,1,1,A01
202000030303,1,7,,0,2,8,1,B01
202000030303,1,2,,0,2,1,13,A01
202000030304,1,7,,0,0,6,23,B01
202000030304,1,2,,0,2,2,9,A01
202000030305,3,7,,0,2,1,1,A01
202000030305,3,33,,6,0,4,1,B01
202000030306,3,7,,6,0,3,1,A01
202000030307,1,7,,14,0,2,2,C01
202000030307,1,7,,14,0,1,2,B01
202000030307,1,7,,3,0,1,23,A01
202000030308,2,7,,5,0,1,14,A01
202000030309,2,7,,0,2,4,2,C01
202000030309,2,7,,0,2,4,2,D01
202000030309,2,7,,0,2,4,2,B01
202000030309,2,7,,0,2,1,2,A01
202000030310,1,7,,0,2,9,0,B01
202000030310,2,7,,0,2,2,26,A01
202000030311,2,7,,0,2,1,1,B01
202000030311,2,7,,0,2,1,1,A01
202000030311,2,7,,0,2,4,1,E01
202000030311,2,7,,0,2,4,0,D01
202000030311,2,7,,0,2,4,1,C01
202000030312,1,10,,0,2,6,2,B01
202000030312,1,33,,0,2,1,1,A01
202000030313,1,7,,0,2,5,26,C01
202000030313,1,10,,0,2,4,2,B01
202000030313,1,7,,0,2,1,2,A01
202000030314,1,7,,0,2,6,2,B01
202000030314,1,17,,0,2,1,2,A01
202000030315,1,7,,3,0,3,13,A01
202000030316,2,10,,0,1,3,1,A01
202000030317,1,30,,0,0,0,26,A01
202000030318,1,33,,0,9,8,1,B01
202000030318,1,21,,0,9,8,21,A01
202000030319,1,7,,0,2,1,1,B01
202000030319,2,33,,0,2,1,1,A01
202000030320,3,7,,0,2,1,1,A01
202000030320,3,2,,0,2,3,0,B01
202000030321,2,7,,0,2,3,15,A01
202000030321,2,30,,0,2,1,17,B01
202000030322,1,7,,0,2,8,1,B01
202000030322,1,7,,0,2,2,1,A01
202000030323,1,7,,0,1,1,15,A01
202000030324,2,2,,0,2,1,1,B01
202000030324,1,7,,0,2,1,1,A01
202000030325,1,7,,0,2,1,1,A01
202000030325,2,7,,0,2,2,1,B01
202000030326,1,7,,0,2,1,1,B01
202000030326,1,7,,0,2,5,15,A01
202000030327,2,7,,0,2,3,26,B01
202000030327,1,99,,0,2,3,26,A01
202000030328,3,7,,0,2,3,1,B01
202000030328,3,7,,0,2,2,19,A01
202000030329,1,7,,0,2,1,9,B01
202000030329,1,1,,0,2,6,15,A01
202000030330,3,7,,0,1,2,1,A01
202000030331,1,7,,0,1,2,25,A01
202000030332,1,7,,0,2,7,15,B01
202000030332,3,7,,0,2,1,19,A01
202000030333,1,7,,0,2,1,13,B01
202000030333,2,7,,0,2,1,1,A01
202000030334,1,40,,0,1,1,26,A01
202000030335,3,34,,0,2,0,0,B01
202000030335,3,7,,0,2,0,0,A01
202000030336,1,7,,1,0,9,1,A01
202000030337,3,1,,0,2,5,1,B01
202000030337,3,7,,0,2,3,9,A01
202000030338,1,7,,0,2,8,15,A01
202000030338,1,7,,0,2,0,1,B01
202000030339,0,7,,6,0,1,0,A01
202000030340,0,7,,0,2,1,1,B01
202000030340,0,7,,5,2,1,1,A01
202000030341,1,50,,0,1,1,25,A01
202000030342,2,7,,0,1,3,1,A01
202000030343,2,7,,15,0,1,14,A01
202000030344,2,7,,2,0,2,14,A01
202000030345,3,7,,0,9,3,9,A01
202000030345,3,2,,0,2,7,10,B01
202000030346,3,1,,15,2,1,1,A01
202000030346,3,1,,15,2,1,1,B01
202000030347,2,7,,0,1,2,16,A01
202000030348,1,34,,0,2,1,1,B01
202000030348,1,7,,0,2,4,12,Z01
202000030349,1,33,,0,2,0,12,B01
202000030349,1,7,,0,2,1,1,A01
202000030350,1,7,,0,1,3,2,A01
202000030351,2,7,,0,0,9,26,A01
202000030352,1,33,,0,0,0,1,A01
202000030353,2,7,,0,2,6,15,B01
202000030353,2,30,,0,2,8,17,A01
202000030354,2,80,,0,9,2,2,B01
202000030354,3,7,,0,9,3,22,A01
202000030355,2,7,,0,2,5,1,B01
202000030355,2,2,,0,2,8,13,A01
202000030356,2,7,,0,2,3,1,A01
202000030356,2,2,,0,2,1,1,B01
202000030357,2,30,,0,1,1,1,A01
202000030358,1,7,,0,2,4,23,B01
202000030358,2,32,,0,2,1,1,A01
202000030359,1,7,,0,1,4,4,A01
202000030360,2,7,,0,2,3,15,B01
202000030360,2,32,,0,2,1,1,A01
202000030361,1,32,,0,1,1,1,A01
202000030362,3,33,,0,2,1,1,B01
202000030362,3,7,,0,2,1,15,A01
202000030363,1,7,,0,1,6,4,A01
202000030364,0,7,,0,2,1,1,A01
202000030364,0,7,,0,2,8,1,B01
202000030365,2,7,,0,2,3,15,A01
202000030365,2,2,,0,2,2,7,B01
202000030366,1,7,,0,1,2,2,A01
202000030367,2,32,,0,0,0,16,A01
202000030368,1,32,,0,0,0,1,A01
202000030369,1,7,,0,1,2,15,A01
202000030370,1,7,,0,2,2,1,A01
202000030370,3,7,,0,2,1,1,B01
202000030371,1,33,,0,2,1,1,B01
202000030371,1,7,,0,2,8,10,A01
202000030372,3,50,,0,2,1,1,B01
202000030372,1,7,,0,2,2,1,A01
202000030373,1,1,,0,0,0,1,A01
202000030374,2,7,,11,0,1,14,A01
202000030375,2,1,,0,2,1,1,B01
202000030375,1,1,,0,2,1,1,A01
202000030376,1,34,,9,0,1,26,A01
202000030377,-1,32,,0,1,0,0,A01
202000030378,3,7,,0,2,3,9,A01
202000030378,3,33,,0,2,2,9,B01
202000030379,3,7,,2,0,2,26,A01
202000030380,1,32,,12,0,0,1,A01
202000030381,1,7,,0,1,0,0,A01
202000030382,2,7,,0,2,2,15,A01
202000030382,1,2,,0,2,1,1,B01
202000030383,2,7,,0,2,1,15,A01
202000030383,1,7,,0,2,3,1,B01
202000030383,2,7,,0,2,8,1,C01
202000030384,1,7,,6,0,2,1,A01
202000030385,2,10,,6,0,2,1,A01
202000030386,2,7,,0,2,2,1,A01
202000030386,0,7,,0,2,5,19,B01
202000030387,0,36,,13,0,2,1,A01
202000030388,1,15,,15,0,1,1,A01
202000030389,3,7,,0,2,7,1,A01
202000030389,0,33,,0,2,1,1,B01
202000030390,1,7,,2,0,1,26,A01
202000030391,2,7,,17,2,1,2,A01
202000030391,2,7,,0,2,4,2,B01
202000030392,3,2,,0,0,8,1,A01
202000030393,1,32,,0,2,1,1,A01
202000030393,1,7,,0,2,4,1,B01
202000030394,2,30,,0,2,2,1,B01
202000030394,2,33,,0,1,1,21,A01
202000030395,2,7,,0,2,2,10,B01
202000030395,2,33,,0,2,8,15,A01
202000030396,1,43,,1,0,3,1,A01
202000030397,0,7,,0,1,4,4,Z01
202000030398,2,32,,0,2,2,17,A01
202000030398,2,7,,0,2,3,15,B01
202000030399,1,30,,0,1,2,1,A01
202000030400,1,33,,0,1,3,1,A01
202000030401,2,7,,0,2,3,22,A01
202000030401,2,50,,0,2,1,1,B01
202000030402,2,7,,0,2,1,1,Z01
202000030402,2,1,,0,2,3,16,A01
202000030403,1,33,,1,2,2,17,B01
202000030403,1,7,,1,2,3,0,A01
202000030404,2,7,,0,1,1,16,A01
202000030405,1,33,,0,0,4,1,B01
202000030405,1,33,,0,2,1,2,A01
202000030406,-1,7,,0,1,6,4,A01
202000030407,3,7,,0,2,1,9,Z01
202000030407,0,1,,0,2,4,2,B01
202000030408,2,7,,0,1,1,1,A01
202000030409,2,7,,0,2,8,1,B01
202000030409,1,7,,0,2,1,15,A01
202000030410,2,33,,1,0,1,13,A01
202000030411,3,7,,0,1,1,1,A01
202000030412,2,2,,0,0,0,1,A01
202000030413,1,36,,0,0,0,0,A01
202000030414,3,31,,0,6,1,1,A01
202000030415,0,2,,0,2,8,1,B01
202000030415,0,7,,0,9,2,1,A01
202000030416,1,7,,0,0,0,26,D01
202000030416,1,10,,0,0,0,26,E01
202000030416,1,7,,4,0,1,11,A01
202000030416,1,7,,0,0,0,26,B01
202000030416,1,7,,0,0,0,26,C01
202000030417,3,7,,9,2,3,12,A01
202000030417,3,7,,0,2,2,1,B01
202000030418,2,7,,0,0,1,1,B01
202000030418,1,7,,0,2,1,13,A01
202000030419,2,10,,0,2,1,1,B01
202000030419,1,10,,0,2,1,10,A01
202000030420,2,7,,2,0,1,1,A01
202000030421,3,10,,0,2,1,19,A01
202000030421,3,10,,0,2,7,1,B01
202000030422,3,36,,0,0,9,1,A01
202000030423,2,7,,3,0,2,14,A01
202000030424,2,36,,6,0,2,15,A01
202000030425,2,7,,0,2,4,23,A01
202000030425,2,7,,1,1,1,1,B01
202000030426,1,7,,2,0,2,1,A01
202000030427,2,7,,0,2,3,15,A01
202000030427,1,7,,0,2,3,2,B01
202000030428,3,10,,0,2,3,1,A01
202000030428,3,7,,1,2,3,13,B01
202000030429,3,7,,0,0,6,19,A01
202000030429,3,7,,0,2,1,1,B01
202000030430,2,7,,2,0,8,1,A01
202000030431,1,7,,8,0,3,0,A01
202000030432,0,7,,0,2,8,16,B01
202000030432,1,2,,0,2,1,0,A01
202000030433,1,7,,0,2,6,1,B01
202000030433,1,33,,0,2,7,17,A01
202000030434,2,33,,0,2,7,17,B01
202000030434,2,7,,0,2,3,15,A01
202000030435,1,33,,15,0,1,1,A01
202000030436,2,7,,0,2,1,1,B01
202000030436,1,10,,0,2,7,21,A01
202000030437,1,7,,8,0,1,0,A01
202000030438,2,7,,6,0,1,1,A01
202000030439,1,7,,13,2,2,17,A01
202000030439,2,7,,0,2,2,1,B01
202000030439,1,7,,0,2,3,1,C01
202000030440,0,2,,0,2,1,0,A01
202000030440,0,7,,0,2,8,1,B01
202000030441,1,7,,0,0,5,2,A01
202000030441,3,32,,0,2,1,0,B01
202000030442,1,7,,0,0,6,1,A01
202000030442,1,15,,0,0,2,12,B01
202000030443,1,7,,8,0,3,1,A01
202000030444,1,10,,0,1,1,1,A01
202000030445,0,7,,8,2,3,1,A01
202000030445,3,7,,0,2,8,1,B01
202000030446,1,7,,0,2,1,1,B01
202000030446,2,7,,0,2,1,5,A01
202000030447,2,2,,0,0,0,0,A01
202000030448,1,10,,0,5,1,1,B01
202000030448,0,7,,0,5,1,0,A01
202000030449,1,7,,2,0,3,11,A01
202000030450,1,7,,0,2,8,19,B01
202000030450,2,33,,0,2,1,2,A01
202000030451,2,33,,0,0,7,0,A01
202000030452,1,31,,0,0,0,0,A01
202000030453,1,2,,0,2,1,1,B01
202000030453,2,7,,0,2,8,15,A01
202000030454,2,33,,8,0,1,1,A01
202000030455,1,7,,13,0,4,2,B01
202000030455,1,7,,0,2,2,1,A01
202000030456,2,7,,0,2,1,1,C01
202000030456,2,7,,0,2,4,15,B01
202000030456,2,7,,0,2,1,2,A01
202000030457,2,7,,0,2,7,14,A01
202000030457,2,7,,0,2,8,13,B01
202000030458,1,14,,0,2,2,1,B01
202000030458,1,7,,0,2,6,1,A01
202000030459,2,17,,0,2,6,1,B01
202000030459,2,7,,0,2,1,1,A01
202000030460,1,7,,0,2,1,1,B01
202000030460,1,7,,0,2,1,1,A01
202000030460,1,7,,0,2,4,1,F01
202000030460,1,7,,0,2,1,1,E01
202000030460,1,7,,0,2,1,1,D01
202000030460,1,7,,0,2,4,1,C01
202000030461,1,7,,4,0,1,21,A01
202000030462,1,10,,0,2,4,13,B01
202000030462,1,33,,0,2,1,2,A01
202000030463,1,7,,0,2,8,1,C01
202000030463,1,17,,0,2,6,1,D01
202000030463,1,7,,0,2,7,12,B01
202000030463,1,7,,0,2,2,1,E01
202000030463,1,7,,0,2,7,1,A01
202000030464,3,33,,0,5,1,21,A01
202000030465,3,7,,0,2,1,13,A01
202000030465,3,7,,0,2,1,1,B01
202000030466,3,30,,0,0,1,26,A01
202000030467,2,30,,0,2,1,1,B01
202000030467,1,7,,0,2,3,15,A01
202000030468,1,7,,0,2,1,1,A01
202000030468,1,2,,0,2,0,0,B01
202000030469,2,7,,0,2,5,16,B01
202000030469,2,2,,0,2,1,11,A01
202000030470,1,7,,0,2,2,1,A01
202000030470,1,7,,0,2,4,23,B01
202000030471,2,31,,0,2,2,17,A01
202000030471,2,7,,0,2,3,17,B01
202000030472,3,7,,0,2,7,15,A01
202000030472,3,7,,0,2,1,1,B01
202000030473,1,1,,0,1,1,1,A01
202000030474,2,7,,0,2,7,1,B01
202000030474,2,7,,0,2,1,1,A01
202000030475,1,7,,4,0,1,1,A01
202000030476,3,31,,0,1,1,1,A01
202000030477,1,7,,0,2,2,9,A01
202000030477,1,7,,0,2,7,15,B01
202000030478,2,7,,0,2,1,13,A01
202000030478,2,7,,0,2,1,1,B01
202000030479,2,32,,0,1,1,17,A01
202000030480,1,7,,0,1,1,0,A01
202000030481,3,7,,0,1,2,1,A01
202000030482,3,7,,0,2,1,9,B01
202000030482,3,7,,0,2,7,2,A01
202000030483,2,10,,3,0,1,13,A01
202000030484,1,7,,0,2,5,2,C01
202000030484,1,7,,0,2,4,2,B01
202000030484,1,7,,3,2,1,2,A01
202000030485,1,37,5.0,0,2,1,1,B01
202000030485,2,7,,0,2,1,13,A01
202000030486,2,7,,0,1,1,1,A01
202000030487,1,7,,0,2,7,15,A01
202000030487,2,7,,0,2,1,1,B01
202000030488,2,7,,0,2,3,15,A01
202000030488,1,7,,0,2,2,1,B01
202000030489,0,7,,0,2,2,15,A01
202000030489,0,2,,0,2,1,1,B01
202000030490,0,7,,0,2,4,15,B01
202000030490,0,7,,0,2,1,1,A01
202000030491,0,7,,0,1,1,16,A01
202000030492,0,10,,0,2,1,17,A01
202000030492,2,7,,0,2,1,1,B01
202000030493,1,7,,1,0,1,14,A01
202000030494,1,7,,3,0,8,1,A01
202000030495,2,99,,0,2,1,17,Z01
202000030495,0,99,,0,2,8,19,A01
202000030496,3,1,,0,2,1,19,B01
202000030496,3,7,,0,2,6,9,A01
202000030497,1,10,,0,2,1,2,A01
202000030497,1,10,,0,2,4,2,B01
202000030498,1,7,,0,1,3,1,A01
202000030499,1,30,,0,0,8,0,A01
202000030500,2,1,,0,2,0,1,B01
202000030500,1,7,,0,2,1,15,A01
202000030501,1,7,,0,1,4,20,A01
202000030502,1,7,,0,2,5,15,A01
202000030502,1,33,,0,2,1,1,B01
202000030503,2,7,,0,2,1,1,A01
202000030503,3,1,,0,2,7,19,B01
202000030504,1,7,,0,2,1,2,A01
202000030504,1,7,,0,2,3,15,B01
202000030504,2,7,,0,2,8,5,C01
202000030505,2,7,,0,1,2,1,A01
202000030506,2,7,,0,2,2,15,A01
202000030506,2,32,,0,2,1,1,B01
202000030507,3,7,,9,0,9,26,A01
202000030508,2,1,,0,2,4,1,B01
202000030508,2,7,,0,2,1,12,A01
202000030509,2,7,,0,2,3,1,B01
202000030509,1,7,,0,2,3,5,A01
202000030510,2,7,,0,2,1,1,B01
202000030510,2,7,,8,2,2,19,A01
202000030511,1,2,,0,2,7,1,B01
202000030511,1,7,,0,2,1,15,A01
202000030512,2,1,,1,0,1,1,B01
202000030512,2,7,,0,0,3,22,A01
202000030513,1,34,,0,2,1,1,B01
202000030513,1,7,,0,2,7,10,A01
202000030514,3,7,,13,0,3,13,A01
202000030515,2,7,,0,2,1,19,A01
202000030515,2,7,,0,2,8,1,B01
202000030516,3,7,,0,1,5,26,A01
202000030517,3,7,,0,2,2,15,B01
202000030517,3,7,,0,2,1,19,A01
202000030518,1,1,,0,2,0,0,B01
202000030518,1,7,,0,2,5,0,A01
202000030519,1,7,,5,0,9,0,A01
202000030520,1,1,,0,1,0,0,A01
202000030521,2,7,,0,1,2,1,A01
202000030522,3,1,,0,2,1,1,A01
202000030522,3,7,,0,2,8,1,B01
202000030523,2,7,,0,2,8,1,B01
202000030523,3,7,,0,2,1,16,A01
202000030524,2,10,,0,2,3,26,A01
202000030524,2,41,,0,2,1,1,B01
202000030525,1,7,,0,1,3,1,A01
202000030526,1,7,,0,2,4,1,B01
202000030526,1,7,,0,2,1,1,A01
202000030526,1,7,,0,2,4,1,C01
202000030527,2,7,,0,1,3,1,A01
202000030528,1,7,,0,1,1,15,A01
202000030529,0,7,,0,2,0,19,B01
202000030529,0,34,,0,2,1,17,A01
202000030530,1,34,,15,0,1,1,A01
202000030531,1,7,,0,2,8,15,A01
202000030531,2,7,,0,2,1,1,B01
202000030532,0,7,,0,0,9,1,A01
202000030533,3,2,,15,0,7,14,A01
202000030534,0,1,,0,2,7,1,B01
202000030534,0,7,,0,2,3,9,A01
202000030535,1,7,,0,2,5,15,B01
202000030535,1,7,,0,2,3,1,A01
202000030536,1,7,,0,2,1,2,A01
202000030536,1,7,,0,2,4,2,B01
202000030536,1,7,,0,2,4,2,C01
202000030537,1,7,,2,0,1,1,A01
202000030538,2,10,,0,1,4,4,A01
202000030539,2,10,,0,2,7,15,A01
202000030539,1,7,,0,2,1,2,B01
202000030540,3,7,,0,2,2,15,A01
202000030540,3,7,,0,2,3,1,B01
202000030541,3,7,,0,2,3,1,B01
202000030541,3,7,,0,2,3,13,A01
202000030542,1,7,,2,0,1,1,A01
202000030543,0,7,,0,2,2,1,A01
202000030543,0,7,,0,2,3,1,B01
202000030544,1,7,,0,9,1,2,A01
202000030544,1,31,,0,2,4,2,B01
202000030545,3,7,,0,1,7,17,A01
202000030546,2,1,,0,2,8,7,B01
202000030546,2,7,,0,2,7,16,A01
202000030547,1,37,1.0,0,1,6,15,A01
202000030548,1,10,,0,2,1,2,A01
202000030548,1,7,,0,2,4,2,B01
202000030549,3,7,,0,2,8,1,B01
202000030549,1,1,,0,2,1,1,A01
202000030550,1,2,,0,2,1,17,A01
202000030550,2,7,,0,2,3,1,B01
202000030551,2,7,,0,2,3,15,B01
202000030551,2,2,,0,2,1,17,A01
202000030552,2,7,,0,2,5,15,A01
202000030552,1,30,,0,2,1,1,B01
202000030553,2,1,,0,2,1,25,B01
202000030553,1,7,,0,2,2,1,A01
202000030554,2,7,,0,2,2,1,B01
202000030554,2,7,,0,0,6,1,Z01
202000030555,2,10,,0,2,5,2,B01
202000030555,3,7,,0,2,3,16,A01
202000030556,2,34,,0,1,1,1,A01
202000030557,1,10,,0,1,0,26,A01
202000030558,1,10,,0,2,1,1,A01
202000030558,1,7,,0,2,4,15,B01
202000030559,0,33,,0,0,0,17,A01
202000030560,2,7,,0,2,4,23,B01
202000030560,2,7,,0,2,4,23,C01
202000030560,2,7,,0,2,1,1,A01
202000030561,2,32,,0,2,6,2,B01
202000030561,2,10,,0,2,2,1,Z01
202000030561,2,32,,0,2,6,2,A01
202000030562,3,43,,0,2,1,1,A01
202000030562,3,10,,0,2,4,23,B01
202000030563,2,7,,0,1,1,1,A01
202000030564,2,32,,0,2,8,9,A01
202000030564,2,2,,0,2,0,17,Z01
202000030565,3,7,,0,2,6,23,A01
202000030565,3,2,,0,2,0,1,Z01
202000030566,2,34,,0,2,2,1,B01
202000030566,2,1,,0,2,0,15,A01
202000030567,2,7,,0,1,3,1,A01
202000030568,1,30,,0,2,7,17,A01
202000030568,1,7,,0,2,3,15,Z01
202000030569,1,32,,0,0,0,21,A01
202000030570,3,50,,0,2,4,19,B01
202000030570,3,32,,0,2,1,1,A01
202000030571,2,1,,0,2,8,13,A01
202000030571,2,32,,0,2,8,1,B01
202000030572,1,1,,1,0,1,14,A01
202000030573,1,7,,0,2,0,15,A01
202000030573,2,50,,0,2,3,1,B01
202000030574,2,7,,0,1,2,1,A01
202000030575,1,37,2.0,1,0,5,22,A01
202000030576,1,34,,8,2,1,2,B01
202000030576,1,7,,0,2,3,2,A01
202000030577,1,34,,0,2,1,2,B01
202000030577,1,7,,0,2,6,2,A01
202000030578,2,7,,0,1,1,15,A01
202000030579,0,7,,0,1,4,20,A01
202000030580,1,33,,0,2,1,1,B01
202000030580,2,7,,0,2,3,15,A01
202000030581,1,30,,0,2,1,1,B01
202000030581,2,7,,0,2,2,15,A01
202000030582,2,10,,0,2,8,15,A01
202000030582,1,33,,0,2,8,1,B01
202000030583,2,30,,0,2,1,17,A01
202000030583,2,7,,0,2,3,15,B01
202000030584,2,10,,0,0,4,23,A01
202000030584,2,10,,14,2,1,26,B01
202000030585,1,7,,0,2,0,0,A01
202000030585,1,30,,0,2,2,17,B01
202000030586,-1,7,,0,2,1,19,A01
202000030586,-1,7,,0,2,3,19,B01
202000030587,1,7,,0,2,3,9,B01
202000030587,0,7,,0,2,1,19,A01
202000030588,1,33,,1,0,1,15,A01
202000030588,-1,13,,0,2,6,0,B01
202000030589,1,34,,0,2,1,1,B01
202000030589,2,30,,0,2,3,15,A01
202000030590,0,33,,0,2,0,0,B01
202000030590,0,33,,0,2,1,19,A01
202000030591,2,10,,12,0,3,13,A01
202000030592,0,7,,0,2,1,1,A01
202000030592,0,1,,0,2,1,1,B01
202000030593,2,10,,0,1,1,1,A01
202000030594,1,7,,0,2,0,0,B01
202000030594,1,7,,0,2,0,0,A01
202000030595,2,7,,0,2,3,15,A01
202000030595,1,33,,0,2,8,1,B01
202000030596,1,7,,13,0,9,19,A01
202000030597,1,7,,0,2,1,5,A01
202000030597,2,33,,0,2,1,1,B01
202000030598,1,7,,0,2,1,1,B01
202000030598,2,7,,0,2,7,1,A01
202000030599,1,7,,0,2,5,15,A01
202000030599,2,1,,0,2,1,1,B01
202000030600,3,2,,0,0,2,16,A01
202000030601,1,7,,0,2,1,1,A01
202000030601,2,7,,0,2,1,1,B01
202000030602,1,7,,6,0,0,1,A01
202000030603,3,7,,6,0,1,14,A01
202000030604,1,33,,16,0,3,1,A01
202000030605,2,10,,13,0,2,0,A01
202000030606,2,7,,13,0,0,1,A01
202000030607,2,33,,0,0,0,1,A01
202000030608,3,1,,0,9,4,1,B01
202000030608,3,7,,0,9,3,1,A01
202000030609,2,7,,11,0,2,2,A01
202000030610,1,7,,0,2,2,1,A01
202000030610,2,7,,0,2,3,19,B01
202000030611,1,7,,0,2,3,1,A01
202000030611,2,7,,0,2,1,1,B01
202000030611,1,2,,0,2,1,2,C01
202000030612,1,7,,0,1,4,26,A01
202000030613,1,1,,0,2,3,19,B01
202000030613,2,7,,0,9,3,15,A01
202000030614,1,7,,0,1,1,15,A01
202000030615,1,7,,0,1,1,1,A01
202000030616,1,7,,3,0,2,14,A01
202000030617,0,7,,0,2,3,15,A01
202000030617,0,7,,0,2,1,16,B01
202000030618,1,7,,0,2,1,1,A01
202000030618,3,1,,0,2,0,1,B01
202000030619,1,7,,1,0,1,26,A01
202000030620,1,7,,0,1,3,1,A01
202000030621,0,7,,0,1,1,0,A01
202000030622,1,7,,8,0,1,0,A01
202000030623,2,2,,0,2,7,16,B01
202000030623,1,7,,0,2,2,15,A01
202000030624,2,7,,7,0,1,1,A01
202000030625,2,7,,12,0,2,10,A01
202000030626,0,7,,0,2,3,1,A01
202000030626,0,7,,0,2,1,1,B01
202000030627,-1,10,,0,1,1,1,A01
202000030628,1,10,,0,2,3,16,A01
202000030628,1,34,,0,2,8,1,B01
202000030629,1,2,,0,0,0,1,A01
202000030629,1,7,,0,0,0,1,B01
202000030630,1,1,,0,2,1,1,A01
202000030630,1,1,,0,2,4,1,B01
202000030631,0,7,,0,2,7,1,A01
202000030631,3,33,,0,2,7,1,B01
202000030632,3,2,,0,0,7,1,A01
202000030633,3,2,,6,0,0,16,A01
202000030634,2,10,,10,0,3,13,A01
202000030635,2,7,,2,0,1,15,A01
202000030636,2,7,,0,0,9,26,A01
202000030637,1,33,,2,0,0,0,A01
202000030638,1,7,,4,0,3,1,A01
202000030639,1,7,,0,2,1,1,A01
202000030639,1,7,,0,2,4,1,B01
202000030640,1,7,,0,2,3,18,A01
202000030640,1,7,,0,2,7,1,B01
202000030641,1,7,,0,2,4,2,Z01
202000030641,1,7,,0,2,1,2,B01
202000030642,1,7,,0,2,6,24,A01
202000030643,2,33,,0,2,1,3,A01
202000030643,2,7,,0,2,8,11,B01
202000030644,2,7,,0,1,3,26,A01
202000030645,2,7,,0,1,1,19,A01
202000030646,1,7,,8,0,1,16,A01
202000030647,2,99,,0,2,1,9,A01
202000030647,1,1,,0,2,7,0,B01
202000030648,2,7,,2,0,1,13,A01
202000030649,1,7,,2,0,1,14,A01
202000030650,2,2,,0,2,1,1,B01
202000030650,2,7,,0,0,4,0,A01
202000030651,2,7,,0,2,4,2,B01
202000030651,1,10,,0,2,1,2,A01
202000030652,1,7,,2,0,1,1,A01
202000030653,1,7,,0,1,1,1,A01
202000030654,2,7,,16,0,1,0,A01
202000030655,3,7,,0,2,2,19,B01
202000030655,3,32,,0,2,2,1,A01
202000030656,0,7,,8,1,2,26,A01
202000030657,1,10,,3,0,8,13,A01
202000030658,2,7,,0,1,2,7,A01
202000030659,1,7,,7,0,1,1,A01
202000030660,1,7,,0,1,3,16,A01
202000030661,3,34,,0,2,7,0,B01
202000030661,3,7,,0,2,3,11,A01
202000030662,2,33,,15,0,1,19,A01
202000030663,1,7,,0,2,2,1,A01
202000030663,2,7,,0,2,7,13,B01
202000030664,1,33,,0,0,7,17,A01
202000030664,1,7,,0,2,8,26,B01
202000030665,2,21,,0,2,1,15,B01
202000030665,1,33,,0,2,1,13,A01
202000030666,2,14,,8,0,3,13,A01
202000030667,0,7,,16,0,0,14,A01
202000030668,0,2,,0,2,9,0,A01
202000030669,2,7,,4,0,7,2,A01
202000030670,0,7,,0,2,3,16,B01
202000030670,0,7,,0,2,3,23,A01
202000030671,2,7,,1,0,1,1,A01
202000030672,1,7,,0,2,1,2,A01
202000030672,2,7,,0,2,3,15,B01
202000030673,1,7,,0,1,1,20,A01
202000030674,2,7,,0,2,2,17,A01
202000030674,2,7,,0,2,8,15,B01
202000030675,2,2,,0,2,7,1,B01
202000030675,1,7,,0,2,1,9,A01
202000030676,1,50,,0,2,4,1,Y01
202000030676,1,7,,0,2,1,1,Z01
202000030677,1,7,,4,0,0,1,A01
202000030678,1,7,,7,0,3,1,A01
202000030679,2,7,,0,2,2,15,B01
202000030679,1,30,,0,2,3,1,A01
202000030680,3,7,,0,2,4,2,B01
202000030680,3,7,,0,2,1,2,A01
202000030681,1,7,,0,2,6,1,B01
202000030681,1,7,,0,2,3,15,A01
202000030682,1,17,,0,0,4,2,D01
202000030682,1,13,,0,2,1,1,A01
202000030682,1,7,,0,2,4,2,B01
202000030682,1,14,,0,2,4,2,C01
202000030683,1,7,,0,2,2,1,A01
202000030683,1,7,,0,2,3,1,B01
202000030684,1,7,,0,2,3,13,A01
202000030684,2,7,,0,2,1,1,B01
202000030685,1,7,,6,0,1,14,A01
202000030686,2,7,,0,0,4,1,B01
202000030686,2,7,,1,0,1,1,A01
202000030687,1,7,,0,1,7,0,A01
202000030688,1,7,,0,1,1,1,A01
202000030689,2,7,,0,2,3,10,B01
202000030689,2,33,,0,0,1,21,A01
202000030690,0,7,,15,0,1,1,A01
202000030691,2,7,,0,2,8,18,A01