Num_Acc,senc,catv,occutc,obs,obsm,choc,manv,num_veh
202000031495,3,7,,0,2,7,1,A01
202000031495,3,30,,0,2,8,1,B01
202000031496,1,36,,2,0,3,1,A01
202000031497,1,7,,0,0,0,1,A01
202000031498,1,99,,1,2,1,0,B01
202000031498,1,7,,1,2,1,1,A01
202000031499,1,31,,0,0,9,21,A01
202000031500,1,7,,0,2,2,1,B01
202000031500,1,7,,0,2,1,1,A01
202000031501,1,7,,13,0,3,0,A01
202000031502,3,1,,0,2,3,26,B01
202000031502,2,7,,0,2,2,1,A01
202000031503,1,7,,0,2,3,13,A01
202000031503,2,7,,0,2,3,1,B01
202000031504,1,10,,0,2,8,2,AB01
202000031504,1,32,,0,2,7,17,A01
202000031505,2,2,,0,0,1,18,B01
202000031505,2,7,,0,0,2,16,A01
202000031506,1,7,,0,1,1,1,A01
202000031507,1,7,,0,2,1,1,B01
202000031507,2,33,,0,2,9,1,A01
202000031508,3,7,,0,1,1,19,A01
202000031509,2,7,,0,2,3,1,B01
202000031509,1,10,,0,2,1,13,A01
202000031510,-1,7,,0,2,1,26,A01
202000031510,-1,33,,0,0,0,0,B01
202000031511,1,2,,0,2,1,13,A01
202000031511,2,7,,0,2,2,1,B01
202000031512,2,7,,0,2,2,1,A01
202000031512,2,10,,0,2,1,1,B01
202000031513,3,33,,0,2,1,15,A01
202000031513,3,10,,0,2,1,2,B01
202000031514,1,99,,9,0,0,0,A01
202000031515,1,7,,0,2,2,15,A01
202000031515,2,34,,0,2,1,1,B01
202000031516,1,33,,12,0,0,14,A01
202000031517,1,33,,0,2,6,26,B01
202000031517,3,7,,0,2,2,15,A01
202000031518,2,10,,0,2,2,15,B01
202000031518,1,33,,0,2,1,1,A01
202000031519,1,10,,0,2,3,1,A01
202000031519,1,10,,0,2,2,0,B01
202000031520,0,33,,11,0,0,0,A01
202000031521,1,80,,0,0,0,1,A01
202000031522,2,35,,0,0,0,1,A01
202000031523,1,17,,0,0,4,1,C01
202000031523,1,7,,0,0,4,1,B01
202000031523,1,17,,0,2,1,1,A01
202000031524,1,7,,0,0,4,23,A01
202000031524,1,1,,1,0,1,1,B01
202000031525,1,33,,3,0,0,1,A01
202000031526,2,33,,0,2,1,2,B01
202000031526,2,7,,0,2,3,9,A01
202000031527,2,7,,0,2,1,13,B01
202000031527,1,7,,0,2,3,1,A01
202000031528,1,2,,0,9,0,1,A01
202000031529,2,1,,0,2,1,2,A01
202000031529,2,10,,0,9,4,1,B01
202000031530,3,21,,0,0,0,1,A01
202000031530,3,2,,0,0,0,1,B01
202000031531,1,33,,0,0,1,1,A01
202000031532,1,33,,15,0,1,1,A01
202000031533,1,2,,0,2,4,1,B01
202000031533,1,7,,0,2,3,1,A01
202000031534,2,7,,0,2,3,15,A01
202000031534,1,2,,0,2,8,1,B01
202000031535,3,7,,0,2,1,1,B01
202000031535,3,2,,0,2,3,19,A01
202000031536,1,7,,0,9,3,5,A01
202000031536,2,1,,0,2,8,1,B01
202000031537,2,10,,0,2,3,1,B01
202000031537,1,7,,0,2,1,13,A01
202000031538,0,0,,0,1,0,0,A01
202000031539,1,7,,0,2,8,1,B01
202000031539,1,7,,0,2,6,1,A01
202000031540,1,7,,0,2,1,1,B01
202000031540,1,7,,0,0,7,19,A01
202000031541,1,1,,0,2,6,13,A01
202000031541,1,7,,0,2,2,17,B01
202000031542,3,7,,0,1,7,1,A01
202000031543,1,7,,0,2,3,15,A01
202000031543,2,33,,0,2,3,1,B01
202000031544,1,30,,0,0,2,1,A01
202000031545,3,7,,0,2,3,15,A01
202000031545,3,1,,0,2,5,1,B01
202000031546,0,7,,2,0,1,1,A01
202000031547,2,10,,0,1,2,16,A01
202000031548,1,7,,1,0,1,1,A01
202000031549,2,7,,3,2,4,2,B01
202000031549,2,15,,0,2,4,2,C01
202000031549,2,15,,0,2,1,2,A01
202000031550,1,33,,0,0,7,1,A01
202000031551,2,7,,4,0,3,17,A01
202000031552,1,7,,0,0,0,1,A01
202000031553,2,2,,0,2,1,0,B01
202000031553,1,7,,0,2,3,15,A01
202000031554,1,7,,0,2,6,9,B01
202000031554,1,7,,0,2,2,12,A01
202000031555,1,33,,0,0,4,1,A01
202000031556,0,7,,0,2,7,24,B01
202000031556,0,2,,0,0,8,1,A01
202000031557,1,7,,0,2,2,1,B01
202000031557,2,33,,0,2,1,14,A01
202000031558,3,2,,0,0,8,1,A01
202000031559,1,7,,0,2,1,13,A01
202000031559,2,10,,0,2,3,1,B01
202000031560,2,7,,0,0,9,1,A01
202000031561,3,7,,0,2,1,1,B01
202000031561,3,31,,0,2,1,5,A01
202000031562,2,7,,0,9,2,15,A01
202000031562,1,1,,0,2,0,0,B01
202000031563,2,7,,0,2,4,26,B01
202000031563,2,10,,0,2,1,2,A01
202000031564,1,31,,14,0,1,17,A01
202000031565,1,10,,6,0,2,14,A01
202000031566,1,7,,0,1,7,1,A01
202000031567,3,10,,0,2,0,0,B01
202000031567,3,2,,0,2,1,1,A01
202000031568,3,30,,0,2,1,1,B01
202000031568,3,21,,0,2,3,9,A01
202000031569,3,7,,0,2,7,1,B01
202000031569,3,7,,0,2,1,9,A01
202000031570,3,7,,0,2,1,26,A01
202000031570,3,7,,10,2,8,1,B01
202000031571,2,7,,0,1,1,1,A01
202000031572,0,50,,0,2,1,16,B01
202000031572,0,30,,0,2,8,1,A01
202000031573,3,7,,0,2,5,20,B01
202000031573,3,2,,0,2,1,16,A01
202000031574,2,2,,0,2,8,13,B01
202000031574,2,37,1.0,0,2,2,17,A01
202000031575,2,7,,0,2,2,12,B01
202000031575,2,32,,0,2,6,2,A01
202000031576,1,7,,0,2,0,9,A01
202000031577,2,7,,0,2,1,2,A01
202000031577,2,7,,0,2,6,23,B01
202000031577,2,7,,0,2,5,23,C01
202000031578,2,7,,0,2,1,1,B01
202000031578,1,1,,0,2,3,19,A01
202000031579,1,7,,0,1,2,1,A01
202000031580,2,1,,0,2,7,1,B01
202000031580,2,7,,0,2,1,1,A01
202000031581,0,7,,0,2,3,13,A01
202000031581,0,7,,0,2,1,1,C01
202000031581,0,7,,0,2,8,1,B01
202000031582,1,7,,0,1,2,1,A01
202000031583,2,7,,0,1,6,1,A01
202000031584,1,30,,0,2,1,1,A01
202000031584,1,7,,0,2,8,1,B01
202000031585,2,1,,0,2,1,19,B01
202000031585,1,7,,0,9,2,1,A01
202000031586,1,7,,0,2,1,19,A01
202000031586,1,1,,0,2,7,1,B01
202000031587,1,7,,0,1,1,1,A01
202000031588,0,7,,0,1,2,15,A01
202000031589,2,2,,1,0,1,16,A01
202000031590,1,1,,0,2,0,0,B01
202000031590,0,10,,0,2,0,0,A01
202000031591,3,7,,0,2,1,0,A01
202000031591,0,7,,0,2,4,0,B01
202000031592,3,7,,0,1,3,1,Z01
202000031593,0,7,,0,1,2,26,A01
202000031594,0,14,,0,2,1,16,A01
202000031594,0,1,,0,2,1,1,B01
202000031595,2,7,,1,0,2,14,A01
202000031596,1,7,,0,1,2,1,A01
202000031597,1,7,,0,2,7,12,A01
202000031597,1,33,,0,2,8,9,B01
202000031598,1,7,,0,2,5,13,A01
202000031598,2,7,,0,2,1,1,B01
202000031599,1,7,,1,1,3,14,A01
202000031600,1,7,,6,0,1,13,A01
202000031601,2,1,,0,2,7,19,A01
202000031601,1,7,,0,2,1,1,B01
202000031602,1,31,,0,0,7,26,A01
202000031603,1,7,,0,2,1,0,A01
202000031603,1,7,,0,2,4,2,B01
202000031603,1,7,,0,2,4,2,C01
202000031604,2,34,,0,2,1,1,A01
202000031604,2,10,,0,2,4,19,B01
202000031605,3,7,,0,2,1,2,A01
202000031605,3,7,,0,2,4,2,B01
202000031606,2,30,,0,2,1,13,A01
202000031606,1,7,,0,2,3,1,B01
202000031607,1,7,,0,1,1,1,A01
202000031608,1,10,,0,1,3,9,A01
202000031609,1,30,,0,2,0,1,A01
202000031609,1,7,,0,2,0,23,B01
202000031610,1,7,,0,2,1,2,B01
202000031610,2,10,,0,2,7,19,A01
202000031611,2,7,,0,2,1,2,A01
202000031611,2,2,,0,2,4,2,B01
202000031612,1,7,,4,0,1,16,A01
202000031613,2,7,,2,1,3,13,A01
202000031614,1,7,,0,2,1,15,B01
202000031614,2,30,,0,2,7,1,A01
202000031615,3,7,,0,2,1,1,A01
202000031615,3,7,,0,2,4,1,B01
202000031616,3,7,,1,0,2,14,A01
202000031617,1,10,,0,2,7,0,B01
202000031617,1,7,,0,2,1,26,A01
202000031618,1,33,,0,2,7,17,A01
202000031618,2,7,,0,2,1,1,B01
202000031619,1,10,,0,2,1,1,B01
202000031619,1,2,,0,2,1,5,A01
202000031620,1,7,,0,2,2,14,A01
202000031620,1,2,,0,2,8,15,B01
202000031621,1,7,,0,2,4,23,B01
202000031621,1,7,,0,2,1,2,A01
202000031622,1,7,,0,2,6,9,B01
202000031622,1,17,,0,2,2,1,A01
202000031623,1,10,,4,0,1,13,A01
202000031624,1,1,,0,9,1,1,A01
202000031625,3,10,,0,2,1,1,A01
202000031625,3,32,,0,2,4,23,B01
202000031626,3,43,,0,2,1,1,B01
202000031626,3,7,,0,2,1,16,A01
202000031627,1,7,,0,1,1,1,A01
202000031628,3,32,,0,2,4,23,B01
202000031628,3,7,,0,2,1,1,A01
202000031629,1,80,,0,2,4,13,B01
202000031629,1,30,,0,2,1,17,A01
202000031630,2,30,,0,2,6,15,A01
202000031630,2,43,,0,2,1,1,B01
202000031631,1,7,,0,1,2,1,A01
202000031632,2,1,,0,1,1,1,A01
202000031633,3,32,,0,2,8,1,B01
202000031633,3,7,,0,2,2,1,A01
202000031634,1,1,,9,2,1,1,B01
202000031634,1,7,,0,2,2,16,A01
202000031635,2,7,,0,2,3,7,A01
202000031635,1,1,,0,2,1,8,B01
202000031636,1,1,,0,2,1,1,A01
202000031636,1,10,,0,2,2,16,B01
202000031637,2,32,,9,2,7,14,A01
202000031638,1,7,,0,2,3,9,A01
202000031638,1,33,,0,2,1,1,B01
202000031639,2,50,,1,0,1,1,B01
202000031639,2,10,,0,2,7,23,A01
202000031640,1,7,,1,1,3,1,A01
202000031640,1,7,,1,2,3,20,B01
202000031641,2,7,,0,2,2,21,A01
202000031641,2,7,,0,9,6,1,B01
202000031642,-1,7,,0,2,4,23,A01
202000031642,-1,7,,0,2,1,26,B01
202000031643,-1,13,,0,1,1,2,A01
202000031644,0,7,,0,2,1,2,A01
202000031644,0,7,,0,2,7,2,B01
202000031645,-1,37,1.0,0,1,2,9,A01
202000031646,1,34,,0,2,8,18,A01
202000031646,1,7,,0,0,7,16,B01
202000031647,2,7,,0,1,2,9,A01
202000031648,1,50,,0,2,1,11,B01
202000031648,1,10,,0,2,2,1,A01
202000031649,1,7,,0,1,4,4,A01
202000031650,2,20,,0,0,2,2,B01
202000031650,2,33,,0,0,9,18,A01
202000031651,1,7,,1,1,1,1,A01
202000031652,2,33,,0,2,3,26,B01
202000031652,2,7,,0,2,3,26,A01
202000031653,2,7,,1,0,4,0,C01
202000031653,2,32,,1,2,1,0,B01
202000031653,1,7,,0,2,1,10,A01
202000031654,2,7,,0,2,2,9,B01
202000031654,1,7,,0,2,1,9,A01
202000031655,2,7,,0,2,1,1,B01
202000031655,1,7,,0,2,2,1,A01
202000031656,1,33,,0,2,1,1,B01
202000031656,1,7,,0,0,4,15,A01
202000031657,0,7,,0,1,4,24,A01
202000031658,2,33,,0,2,1,17,A01
202000031658,1,7,,0,2,1,15,B01
202000031659,0,10,,0,2,1,1,B01
202000031659,0,7,,0,2,2,1,A01
202000031660,1,7,,13,0,1,17,A01
202000031661,2,2,,0,2,8,18,B01
202000031661,2,7,,0,2,2,12,A01
202000031662,1,7,,0,2,3,5,A01
202000031662,1,7,,0,2,3,17,B01
202000031662,1,7,,0,2,3,1,C01
202000031663,1,7,,6,0,1,19,A01
202000031664,1,7,,6,0,1,1,A01
202000031665,1,7,,3,0,2,0,A01
202000031666,1,7,,0,2,1,6,A01
202000031666,2,14,,0,2,1,1,B01
202000031667,2,7,,0,0,7,1,A01
202000031667,1,7,,0,2,1,1,B01
202000031668,1,1,,0,2,1,1,B01
202000031668,3,7,,0,2,3,5,A01
202000031669,2,7,,0,2,1,13,A01
202000031669,1,7,,0,2,1,1,B01
202000031670,2,7,,0,2,1,1,B01
202000031670,1,7,,0,2,1,1,A01
202000031671,1,7,,0,2,4,1,B01
202000031671,1,31,,0,2,1,1,A01
202000031672,1,7,,0,2,3,1,A01
202000031672,2,10,,0,2,3,1,B01
202000031673,2,7,,0,2,1,11,A01
202000031673,1,7,,0,2,1,1,B01
202000031674,3,7,,0,2,3,1,A01
202000031674,3,21,,0,2,6,3,B01
202000031675,1,7,,0,2,3,15,A01
202000031675,2,32,,0,2,1,1,B01
202000031676,3,7,,0,1,2,2,A01
202000031677,0,1,,0,2,8,19,A01
202000031677,2,7,,0,2,1,1,B01
202000031678,1,31,,0,2,2,17,A01
202000031678,1,1,,0,2,3,15,B01
202000031679,0,7,,0,2,6,9,A01
202000031679,3,33,,0,2,7,1,B01
202000031680,1,7,,0,1,5,26,A01
202000031681,0,7,,0,1,1,1,A01
202000031682,2,7,,0,2,3,0,A01
202000031682,1,7,,0,0,3,1,B01
202000031683,1,7,,0,1,3,1,A01
202000031684,2,7,,13,0,3,13,A01
202000031685,0,2,,0,0,0,1,A01
202000031686,1,7,,14,0,1,26,A01
202000031687,1,7,,0,2,7,13,A01
202000031687,2,7,,0,2,1,1,B01
202000031688,1,31,,16,0,7,2,A01
202000031689,1,7,,13,0,0,1,A01
202000031690,2,7,,0,2,3,21,A01
202000031690,1,17,,0,2,8,1,B01
202000031691,1,7,,0,2,3,13,A01
202000031691,2,7,,0,2,2,1,B01
202000031691,2,7,,0,2,1,1,C01
202000031692,1,17,,0,2,4,2,B01
202000031692,1,7,,3,2,1,2,A01
202000031693,1,7,,0,0,6,1,C01
202000031693,1,7,,0,2,4,1,B01
202000031693,1,7,,0,2,1,12,A01
202000031694,3,2,,13,0,0,1,A01
202000031695,2,33,,6,0,3,1,A01
202000031696,2,7,,0,2,1,1,C01
202000031696,1,7,,0,2,4,15,B01
202000031696,1,10,,0,2,1,2,A01
202000031697,1,10,,0,2,2,1,B01
202000031697,2,10,,0,2,8,16,A01
202000031698,3,7,,0,9,1,1,B01
202000031698,3,1,,0,2,5,2,A01
202000031699,1,2,,0,2,1,1,B01
202000031699,2,7,,0,2,8,15,A01
202000031700,1,10,,0,2,2,14,A01
202000031701,2,7,,0,2,1,0,Z01
202000031701,2,7,,0,2,4,1,B01
202000031702,1,7,,0,2,2,12,A01
202000031702,1,32,,0,2,3,3,B01
202000031703,2,7,,0,2,1,1,A01
202000031703,2,7,,0,2,4,2,B01
202000031704,2,7,,0,2,4,1,D01
202000031704,2,7,,0,2,4,1,C01
202000031704,2,7,,4,2,6,1,B01
202000031704,2,7,,4,2,2,12,A01
202000031705,1,33,,3,0,1,9,A01
202000031706,1,33,,0,2,2,0,B01
202000031706,1,10,,0,2,3,0,A01
202000031707,2,32,,0,2,1,2,A01
202000031707,2,7,,0,0,4,2,B01
202000031708,1,7,,4,0,1,9,A01
202000031709,2,99,,0,2,8,19,A01
202000031709,1,7,,0,2,1,1,B01
202000031710,2,33,,0,2,1,1,B01
202000031710,2,7,,0,2,3,15,A01
202000031711,2,33,,0,2,1,18,A01
202000031711,1,7,,0,2,7,15,B01
202000031712,1,7,,0,2,8,19,B01
202000031712,1,37,1.0,0,2,1,1,A01
202000031713,1,7,,0,1,1,1,A01
202000031714,1,7,,0,2,8,0,B01
202000031714,1,7,,0,2,3,15,A01
202000031715,3,7,,0,1,1,16,A01
202000031716,3,7,,0,2,4,23,A01
202000031716,3,30,,0,2,1,1,B01
202000031717,3,30,,0,0,0,26,A01
202000031718,0,7,,0,0,0,0,Z01
202000031718,2,7,,0,2,8,21,B01
202000031718,2,7,,0,2,5,2,C01
202000031719,3,10,,1,2,2,24,F01
202000031719,3,7,,0,2,1,24,D01
202000031719,1,7,,1,0,1,1,A01
202000031720,2,1,,0,2,8,15,A01
202000031720,1,7,,0,2,1,1,B01
202000031721,2,7,,8,0,1,14,A01
202000031722,1,7,,0,2,7,14,A01
202000031722,1,7,,0,2,8,1,B01
202000031723,3,31,,0,2,8,2,B01
202000031723,2,7,,0,2,1,9,A01
202000031724,1,1,,0,1,7,1,A01
202000031725,0,1,,0,2,1,1,B01
202000031725,0,32,,0,0,3,1,A01
202000031726,2,14,,0,0,7,1,A01
202000031727,0,7,,0,2,5,1,B01
202000031727,0,1,,0,2,1,1,A01
202000031728,3,7,,4,0,9,0,A01
202000031729,0,2,,0,2,4,1,A01
202000031729,0,7,,0,2,1,17,Z01
202000031730,3,30,,0,2,1,1,A01
202000031730,3,7,,0,2,2,15,B01
202000031731,1,7,,0,2,1,1,B01
202000031731,1,7,,0,2,6,1,A01
202000031732,1,37,1.0,0,1,2,21,A01
202000031733,2,7,,0,1,1,1,A01
202000031734,3,7,,0,2,0,1,B01
202000031734,3,7,,0,2,1,5,A01
202000031735,2,30,,0,4,8,1,B01
202000031735,1,40,,0,2,1,1,A01
202000031736,1,7,,0,2,3,16,A01
202000031736,2,1,,0,2,1,1,B01
202000031737,0,7,,0,2,1,9,A01
202000031737,0,32,,0,2,8,1,B01
202000031738,1,31,,0,2,1,17,A01
202000031738,1,7,,0,2,6,15,B01
202000031739,1,7,,0,2,6,10,A01
202000031739,1,33,,0,2,2,1,B01
202000031740,3,33,,0,2,7,17,A01
202000031740,3,10,,0,2,8,13,B01
202000031741,1,33,,0,0,7,1,A01
202000031742,2,1,,1,0,1,1,B01
202000031742,2,7,,1,0,3,26,A01
202000031743,2,7,,0,1,1,15,A01
202000031744,2,7,,8,0,1,14,A01
202000031745,0,7,,0,2,3,2,B01
202000031745,0,1,,0,2,1,19,A01
202000031746,3,7,,1,0,0,14,A01
202000031747,3,33,,1,0,1,12,A01
202000031748,1,14,,0,2,1,2,B01
202000031748,1,7,,0,2,4,2,A01
202000031749,1,7,,0,2,1,0,A01
202000031749,1,1,,0,2,1,0,B01
202000031750,2,7,,0,2,7,1,B01
202000031750,2,32,,0,2,1,16,A01
202000031751,0,1,,0,2,1,1,B01
202000031751,0,1,,0,2,1,1,A01
202000031752,1,7,,0,2,5,15,A01
202000031752,2,33,,0,2,7,1,B01
202000031753,2,7,,0,2,3,1,B01
202000031753,2,7,,0,2,1,1,A01
202000031754,2,7,,0,2,1,2,A01
202000031754,2,7,,0,2,4,2,B01
202000031755,0,2,,0,0,0,0,B01
202000031755,0,7,,0,0,8,15,A01
202000031756,0,7,,0,2,3,15,A01
202000031756,-1,7,,0,2,2,1,B01
202000031757,0,32,,0,0,0,1,A01
202000031758,0,30,,0,0,0,14,A01
202000031759,2,1,,0,2,2,13,A01
202000031759,1,7,,0,2,1,1,B01
202000031760,2,2,,0,2,1,18,B01
202000031760,2,7,,0,0,2,16,A01
202000031761,0,2,,0,2,8,1,B01
202000031761,0,10,,0,2,3,9,A01
202000031762,1,7,,0,2,2,19,A01
202000031762,2,2,,0,2,8,1,B01
202000031763,0,32,,0,2,1,1,B01
202000031763,3,33,,0,2,7,1,A01
202000031764,2,7,,13,0,7,26,A01
202000031765,3,1,,0,2,1,5,A01
202000031765,3,7,,0,2,2,16,B01
202000031766,1,7,,0,2,6,17,B01
202000031766,2,2,,0,2,8,1,A01
202000031767,2,7,,0,2,3,23,C01
202000031767,1,7,,9,2,3,1,B01
202000031767,1,7,,0,2,2,15,A01
202000031768,0,10,,0,1,1,1,A01
202000031769,2,3,,1,0,2,14,A01
202000031769,2,7,,0,0,6,0,B01
202000031769,2,7,,0,0,8,0,C01
202000031770,3,15,,0,2,8,15,A01
202000031770,2,33,,0,2,1,1,B01
202000031771,0,7,,2,0,2,1,A01
202000031772,2,7,,13,0,1,1,A01
202000031773,1,7,,0,2,8,15,A01
202000031773,1,33,,0,2,7,17,B01
202000031774,1,7,,10,0,1,15,A01
202000031775,0,7,,0,0,4,15,A01
202000031775,0,2,,0,2,1,2,B01
202000031776,1,7,,0,1,2,9,A01
202000031777,1,7,,0,2,1,1,B01
202000031777,2,7,,0,2,1,5,A01
202000031778,2,7,,13,0,1,1,A01
202000031779,2,7,,0,6,1,1,B01
202000031779,1,7,,0,6,1,1,A01
202000031780,1,7,,2,0,3,1,A01
202000031781,2,7,,0,2,0,0,A01
202000031781,2,7,,0,0,4,1,B01
202000031782,2,7,,13,0,3,1,A01
202000031783,2,15,,0,2,3,0,B01
202000031783,1,7,,0,2,3,5,A01
202000031784,0,2,,14,0,1,1,A01
202000031785,2,7,,0,0,1,15,B01
202000031785,1,33,,0,0,1,1,A01
202000031786,2,7,,0,2,5,15,A01
202000031786,1,33,,0,2,1,1,B01
202000031787,3,7,,0,2,1,1,B01
202000031787,3,7,,0,2,1,13,A01
202000031788,3,2,,0,2,5,1,B01
202000031788,3,7,,0,2,2,17,A01
202000031789,1,14,,0,2,1,1,A01
202000031789,0,7,,0,2,3,0,B01
202000031790,2,7,,0,2,1,1,B01
202000031790,1,7,,7,2,1,13,A01
202000031791,1,7,,2,0,1,2,A01
202000031792,2,7,,6,0,1,14,A01
202000031793,3,7,,6,0,1,1,A01
202000031794,0,7,,2,0,1,1,A01
202000031795,1,7,,16,0,3,9,A01
202000031796,3,7,,0,9,2,2,A01
202000031796,3,1,,0,0,4,1,B01
202000031797,1,7,,0,2,2,1,A01
202000031797,2,7,,0,2,3,1,B01
202000031798,3,7,,2,0,1,1,A01
202000031799,3,7,,0,1,1,9,A01
202000031800,2,10,,0,2,4,26,A01
202000031800,2,7,,1,0,4,0,B01
202000031800,2,7,,1,0,1,0,C01
202000031801,1,7,,0,2,4,2,A01
202000031801,1,7,,0,2,1,2,B01
202000031802,1,7,,0,2,4,1,A01
202000031802,1,7,,0,2,3,1,B01
202000031803,1,10,,9,0,1,1,A01
202000031804,1,7,,0,2,1,1,A01
202000031804,1,7,,0,2,4,1,B01
202000031805,2,7,,3,2,4,2,B01
202000031805,2,99,,0,2,4,2,Z01
202000031806,2,33,,3,0,0,14,A01
202000031807,2,7,,0,2,1,2,A01
202000031807,2,7,,0,2,6,2,B01
202000031808,2,7,,3,0,1,26,A01
202000031809,1,7,,4,0,7,1,A01
202000031810,2,7,,0,2,0,26,A01
202000031811,2,7,,0,2,4,2,C01
202000031811,2,7,,0,2,4,2,B01
202000031811,2,7,,0,2,1,2,A01
202000031812,1,7,,0,2,4,2,B01
202000031812,1,10,,0,2,1,2,A01
202000031813,1,7,,6,0,9,2,A01
202000031814,1,7,,0,2,5,18,A01
202000031814,1,7,,3,2,5,1,B01
202000031815,1,33,,12,0,1,26,A01
202000031816,1,1,,0,2,7,13,A01
202000031817,3,7,,0,2,7,16,A01
202000031817,3,1,,0,2,1,19,B01
202000031818,1,10,,0,2,3,14,B01
202000031818,1,7,,0,2,2,17,A01
202000031819,1,7,,0,2,8,10,B01
202000031819,1,10,,0,2,1,17,A01
202000031820,1,1,,0,2,8,1,B01
202000031820,0,7,,0,2,1,15,A01
202000031821,2,7,,0,1,3,15,A01
202000031822,1,7,,0,2,6,1,B01
202000031822,2,7,,0,2,3,13,A01
202000031823,1,33,,12,0,1,26,A01
202000031824,3,7,,0,2,0,1,B01
202000031824,3,7,,0,2,1,9,A01
202000031825,1,10,,0,2,4,1,B01
202000031825,1,31,,0,2,1,1,A01
202000031826,3,1,,8,0,1,26,Y01
202000031827,0,7,,1,0,0,0,G01
202000031827,0,7,,1,0,1,0,C01
202000031827,2,7,,1,0,3,1,A01
202000031827,0,7,,1,0,0,0,F01
202000031827,0,7,,1,0,0,0,D01
202000031827,0,7,,1,0,0,0,E01
202000031828,1,7,,0,2,1,26,A01
202000031828,1,7,,0,2,4,2,B01
202000031828,1,7,,0,2,4,2,C01
202000031829,1,7,,0,2,0,9,A01
202000031829,0,50,,0,0,0,0,B01
202000031830,2,7,,0,2,0,0,B01
202000031830,1,7,,0,2,0,0,A01
202000031831,1,7,,0,2,1,1,B01
202000031831,1,7,,0,2,5,1,D01
202000031831,1,7,,0,2,1,23,C01
202000031831,2,7,,0,2,1,1,A01
202000031832,3,7,,0,2,4,23,B01
202000031832,3,7,,0,2,1,2,A01
202000031833,1,7,,0,2,4,1,B01
202000031833,1,7,,1,0,4,20,C01
202000031833,1,10,,0,2,1,1,Z01
202000031834,1,7,,0,1,3,0,A01
202000031835,1,7,,12,1,1,26,A01
202000031836,1,10,,0,2,1,2,B01
202000031836,1,10,,4,2,4,26,A01
202000031837,1,7,,0,2,1,2,A01
202000031837,1,7,,0,2,4,23,B01
202000031838,1,80,,0,2,2,1,A01
202000031838,1,7,,0,2,3,1,B01
202000031839,1,7,,6,1,2,12,A01
202000031840,1,50,,0,2,0,1,B01
202000031840,1,7,,0,9,0,1,Z01
202000031841,1,30,,0,2,8,1,B01
202000031841,1,7,,0,2,1,15,A01
202000031842,3,33,,0,2,3,18,A01
202000031842,3,7,,0,2,5,2,B01
202000031843,3,7,,0,1,1,1,A01
202000031844,0,7,,0,2,3,1,B01
202000031844,0,1,,0,2,1,1,A01
202000031845,2,7,,0,1,2,15,A01
202000031846,2,7,,12,0,2,15,A01
202000031847,1,7,,0,2,3,1,B01
202000031847,1,7,,0,2,3,13,A01
202000031848,1,7,,0,2,1,1,B01
202000031848,1,7,,0,2,4,23,A01
202000031849,1,7,,0,2,3,15,A01
202000031849,1,30,,0,2,1,1,B01
202000031850,2,7,,1,0,1,1,A01
202000031851,1,7,,0,2,1,1,A01
202000031851,1,7,,0,2,4,1,B01
202000031852,3,7,,0,1,1,1,A01
202000031853,1,31,,0,2,8,9,B01
202000031853,1,14,,0,2,7,1,A01
202000031854,2,14,,0,1,3,15,A01
202000031855,1,7,,0,2,2,20,B01
202000031855,1,30,,1,2,9,1,A01
202000031856,3,7,,0,2,8,22,A01
202000031856,3,1,,0,2,1,1,B01
202000031857,3,7,,0,2,3,1,B01
202000031857,1,7,,0,2,2,15,A01
202000031858,1,10,,0,2,5,1,C01
202000031858,1,33,,0,2,1,2,A01
202000031858,1,7,,0,2,6,2,B01
202000031859,1,1,,0,1,1,1,A01
202000031860,2,30,,0,1,1,1,A01
202000031861,1,34,,0,2,3,9,A01
202000031861,2,50,,0,2,1,1,B01
202000031862,2,7,,0,2,8,23,C01
202000031862,2,43,,0,2,2,3,A01
202000031862,2,7,,0,2,7,23,B01
202000031863,1,1,,0,1,1,1,A01
202000031864,1,31,,0,2,1,2,A01
202000031864,2,7,,0,2,8,2,B01
202000031865,3,7,,0,2,6,26,A01
202000031865,2,7,,0,2,2,0,B01
202000031866,1,3,,0,1,1,13,A01
202000031867,3,7,,9,1,0,26,A01
202000031868,1,3,,0,2,3,9,B01
202000031868,2,3,,0,2,1,1,A01
202000031868,2,7,,0,2,5,1,C01
202000031869,1,7,,6,2,7,1,A01
202000031869,2,7,,0,2,1,0,B01
202000031870,2,32,,0,1,1,26,A01
202000031871,1,7,,0,1,2,2,A01
202000031872,3,7,,0,2,1,1,A01
202000031872,3,10,,0,0,0,0,B01
202000031873,1,7,,0,1,2,0,Z01
202000031874,3,7,,0,2,1,1,A01
202000031874,3,7,,0,2,4,2,B01
202000031875,2,2,,1,0,1,2,B01
202000031875,2,7,,0,2,4,23,A01
202000031876,1,7,,0,2,1,15,A01
202000031876,2,7,,0,2,3,1,B01
202000031877,1,2,,0,2,1,0,B01
202000031877,2,7,,0,2,3,13,A01
202000031878,1,1,,0,0,9,1,A01
202000031879,0,7,,0,2,3,1,A01
202000031879,0,7,,0,2,2,15,B01
202000031880,1,7,,7,0,1,2,A01
202000031881,2,7,,0,2,6,15,B01
202000031881,1,33,,0,2,1,1,A01