Num_Acc,senc,catv,occutc,obs,obsm,choc,manv,num_veh
202000031882,1,10,,0,1,2,1,A01
202000031883,2,7,,0,1,7,2,A01
202000031884,2,7,,15,0,1,1,A01
202000031885,2,15,,0,1,5,1,A01
202000031886,3,7,,0,9,1,15,A01
202000031886,3,1,,0,2,1,1,B01
202000031887,3,7,,6,0,2,1,A01
202000031888,1,7,,0,0,8,1,A01
202000031888,2,7,,0,0,8,13,B01
202000031889,2,7,,13,6,1,0,A01
202000031890,3,7,,0,2,7,19,B01
202000031890,2,7,,0,2,1,1,A01
202000031891,0,7,,0,0,8,15,A01
202000031891,1,7,,0,2,1,1,B01
202000031892,1,7,,13,0,9,1,A01
202000031893,2,7,,0,2,3,1,B01
202000031893,1,10,,0,2,3,13,A01
202000031894,2,7,,2,0,3,13,A01
202000031895,1,7,,2,0,1,1,A01
202000031896,1,32,,12,0,8,13,A01
202000031897,1,10,,0,2,5,1,B01
202000031897,1,7,,3,2,3,13,A01
202000031898,1,7,,13,0,1,1,A01
202000031899,1,7,,13,0,1,1,A01
202000031900,2,7,,13,0,1,14,A01
202000031901,2,30,,1,0,7,1,A01
202000031902,2,33,,0,0,7,17,A01
202000031903,1,2,,0,0,4,23,A01
202000031903,1,7,,0,2,1,0,B01
202000031904,1,7,,0,9,1,0,A01
202000031905,0,2,,0,2,1,1,B01
202000031905,0,2,,0,2,1,1,C01
202000031905,0,2,,0,2,1,1,D01
202000031905,0,7,,0,2,8,1,A01
202000031906,1,7,,0,2,2,9,A01
202000031907,1,7,,0,2,4,1,A01
202000031907,1,7,,0,2,4,2,B01
202000031907,1,7,,0,2,1,2,C01
202000031908,1,7,,16,0,1,26,A01
202000031909,2,15,,0,2,2,12,A01
202000031909,2,7,,0,2,6,1,B01
202000031910,2,7,,4,0,1,0,A01
202000031911,3,7,,4,0,2,1,A01
202000031912,1,7,,0,2,4,2,D01
202000031912,1,7,,0,2,4,2,C01
202000031912,1,7,,0,2,4,2,B01
202000031912,1,7,,0,2,1,14,A01
202000031913,1,7,,3,2,6,1,B01
202000031913,1,7,,0,2,1,12,A01
202000031914,1,7,,4,0,2,26,A01
202000031915,2,7,,3,0,1,1,A01
202000031916,2,7,,0,2,4,2,C01
202000031916,1,7,,0,2,6,2,B01
202000031916,2,7,,0,2,1,2,A01
202000031917,1,7,,0,2,4,2,B01
202000031917,1,7,,0,2,1,1,A01
202000031918,2,7,,4,0,1,1,A01
202000031919,2,10,,0,2,6,17,A01
202000031919,2,10,,0,2,3,13,B01
202000031919,2,7,,0,2,5,1,C01
202000031920,1,7,,0,2,4,2,A01
202000031920,1,7,,0,2,1,2,B01
202000031921,2,33,,0,1,1,1,A01
202000031922,1,40,,0,1,1,1,A01
202000031923,1,0,,0,1,1,1,A01
202000031924,1,7,,0,2,3,9,A01
202000031924,1,1,,0,2,1,2,B01
202000031925,1,7,,0,1,1,16,A01
202000031926,1,20,,0,1,1,26,A01
202000031927,3,1,,0,2,1,1,B01
202000031927,3,7,,0,9,7,9,A01
202000031928,1,7,,0,2,8,9,A01
202000031928,1,7,,0,2,1,1,B01
202000031929,1,7,,0,2,1,15,B01
202000031929,1,2,,0,2,7,5,A01
202000031930,1,7,,0,2,7,16,B01
202000031930,1,30,,0,2,8,18,A01
202000031931,2,2,,0,2,1,1,B01
202000031931,2,7,,0,9,8,15,A01
202000031932,1,2,,0,2,8,1,B01
202000031932,1,7,,0,2,1,15,A01
202000031933,1,30,,0,2,1,1,A01
202000031933,2,7,,0,2,2,1,B01
202000031934,2,7,,0,1,2,1,A01
202000031935,1,7,,0,2,6,2,B01
202000031935,1,7,,0,2,1,2,A01
202000031936,2,33,,0,2,0,12,A01
202000031936,2,7,,0,2,4,1,B01
202000031937,2,7,,0,1,3,15,A01
202000031938,3,7,,2,0,1,1,A01
202000031939,3,7,,0,1,2,9,A01
202000031940,1,30,,0,2,2,1,B01
202000031940,1,7,,0,2,8,15,A01
202000031941,2,10,,0,2,1,2,A01
202000031941,2,7,,0,2,9,2,B01
202000031941,2,10,,0,2,9,2,C01
202000031941,2,7,,0,2,4,2,D01
202000031942,1,7,,0,2,2,15,A01
202000031942,1,7,,0,2,6,1,B01
202000031943,1,33,,0,2,7,1,B01
202000031944,1,7,,0,0,0,9,A01
202000031944,1,34,,0,0,2,9,B01
202000031945,3,7,,0,1,1,1,A01
202000031946,2,10,,0,2,8,22,A01
202000031946,2,1,,0,2,1,1,B01
202000031947,2,7,,0,2,1,2,Z01
202000031947,2,30,,0,2,4,23,A01
202000031948,1,7,,0,1,7,1,A01
202000031949,3,30,,0,1,0,1,Z01
202000031950,2,7,,0,2,3,9,A01
202000031950,2,33,,0,2,7,1,B01
202000031951,1,1,,0,2,8,9,A01
202000031951,1,50,,0,2,1,7,B01
202000031952,3,7,,0,2,1,15,A01
202000031952,2,2,,0,2,1,1,B01
202000031953,2,33,,0,2,2,1,B01
202000031953,2,7,,0,2,3,9,A01
202000031954,1,7,,0,1,4,20,A01
202000031955,2,10,,0,2,2,2,A01
202000031955,1,10,,0,2,6,24,B01
202000031956,1,33,,0,2,1,2,A01
202000031956,1,1,,0,2,4,2,B01
202000031957,1,30,,1,0,7,14,A01
202000031958,1,33,,0,1,1,17,A01
202000031959,2,2,,0,0,7,1,A01
202000031960,1,50,,0,1,1,1,A01
202000031961,2,7,,0,1,6,4,A01
202000031962,2,34,,0,2,5,17,A01
202000031962,2,7,,0,2,5,23,B01
202000031963,2,7,,0,1,3,15,A01
202000031964,2,7,,0,2,3,22,A01
202000031964,2,1,,0,2,1,1,B01
202000031964,2,7,,0,2,0,1,C01
202000031965,1,1,,0,1,1,1,A01
202000031966,0,80,,0,0,0,9,A01
202000031967,2,7,,0,1,2,1,A01
202000031968,1,1,,0,0,2,1,A01
202000031969,0,7,,0,2,2,1,A01
202000031969,0,32,,0,2,1,1,B01
202000031970,1,7,,0,1,2,15,A01
202000031971,1,32,,0,2,0,5,A01
202000031971,1,7,,0,2,0,15,B01
202000031972,3,7,,14,0,1,9,A01
202000031973,2,32,,0,1,2,1,A01
202000031974,2,7,,0,1,1,1,A01
202000031975,2,7,,0,1,3,15,A01
202000031976,2,1,,0,2,1,1,B01
202000031976,1,7,,0,2,3,14,A01
202000031977,1,7,,0,1,4,2,A01
202000031978,2,7,,0,2,1,19,Z01
202000031978,2,7,,0,2,4,23,A01
202000031979,0,1,,0,2,0,26,A01
202000031979,3,7,,0,2,1,1,B01
202000031980,3,33,,0,2,8,1,B01
202000031980,3,7,,0,2,7,12,A01
202000031981,1,14,,0,2,1,2,IB01
202000031981,1,7,,0,2,4,23,A01
202000031982,2,32,,0,2,8,9,B01
202000031982,2,10,,0,2,1,1,A01
202000031983,1,7,,0,2,8,15,B01
202000031983,1,32,,0,2,7,17,A01
202000031984,3,30,,0,2,0,16,B01
202000031984,3,7,,0,2,1,1,A01
202000031985,1,7,,0,1,4,4,A01
202000031986,1,30,,0,1,1,0,Z01
202000031987,1,7,,0,1,3,15,A01
202000031988,2,1,,0,1,1,5,A01
202000031989,2,17,,1,0,1,14,A01
202000031989,2,10,,0,1,4,26,B01
202000031990,1,2,,13,0,0,1,A01
202000031991,1,17,,0,0,6,2,B01
202000031991,1,7,,0,2,2,2,A01
202000031992,1,7,,13,0,1,1,A01
202000031993,2,2,,0,2,1,9,A01
202000031993,1,7,,0,2,1,9,B01
202000031994,1,7,,0,2,2,15,A01
202000031994,2,2,,0,2,1,1,B01
202000031995,1,7,,0,2,1,1,B01
202000031995,2,7,,0,2,7,19,A01
202000031996,1,15,,3,0,1,1,A01
202000031997,2,7,,0,2,3,0,B01
202000031997,1,15,,0,2,3,1,A01
202000031998,2,7,,2,0,1,14,A01
202000031999,3,10,,0,1,3,15,A01
202000032000,1,7,,0,2,3,13,A01
202000032000,1,7,,0,2,3,1,B01
202000032001,2,7,,13,0,1,19,A01
202000032002,2,15,,0,2,2,2,A01
202000032002,2,15,,0,0,6,2,B01
202000032003,2,7,,0,1,1,1,A01
202000032004,2,7,,3,0,0,0,A01
202000032005,2,7,,6,0,1,1,A01
202000032006,1,7,,0,2,3,13,A01
202000032006,2,20,,0,2,3,1,B01
202000032007,3,7,,2,0,8,1,A01
202000032008,1,7,,13,0,1,2,A01
202000032009,1,7,,0,1,1,1,A01
202000032010,3,7,,6,0,1,13,A01
202000032011,2,7,,2,0,3,1,A01
202000032012,3,7,,0,2,3,9,A01
202000032012,3,1,,0,0,5,1,B01
202000032013,2,7,,15,0,1,21,A01
202000032014,1,33,,8,2,7,17,B01
202000032014,1,7,,0,2,3,15,A01
202000032015,2,7,,2,2,3,15,B01
202000032015,1,7,,0,2,6,1,A01
202000032016,2,7,,13,0,2,1,A01
202000032017,2,10,,0,2,8,9,A01
202000032017,2,33,,0,2,1,1,B01
202000032018,0,7,,0,0,4,1,A01
202000032018,0,33,,0,2,1,1,B01
202000032018,0,15,,0,0,0,1,C01
202000032019,3,14,,0,2,3,5,A01
202000032019,3,7,,0,2,2,23,B01
202000032020,2,2,,0,2,1,1,B01
202000032020,1,7,,0,2,3,15,A01
202000032021,2,10,,0,2,1,1,B01
202000032021,1,7,,0,2,1,13,A01
202000032022,0,2,,0,2,1,1,B01
202000032022,0,7,,0,2,1,15,A01
202000032023,2,7,,0,2,7,1,A01
202000032023,2,7,,0,2,1,19,B01
202000032024,1,33,,0,0,9,3,A01
202000032025,1,33,,12,0,1,17,A01
202000032026,1,7,,0,2,4,23,A01
202000032026,1,7,,1,0,1,1,D01
202000032026,1,7,,0,2,4,23,C01
202000032026,1,7,,0,2,4,23,B01
202000032027,3,37,1.0,0,1,2,1,A01
202000032028,2,7,,0,2,2,17,A01
202000032028,2,15,,0,0,3,1,B01
202000032028,2,15,,0,0,6,1,C01
202000032029,2,7,,0,2,7,15,B01
202000032029,1,33,,0,2,1,1,A01
202000032030,1,15,,0,2,3,1,C01
202000032030,1,7,,4,0,3,1,E01
202000032030,1,7,,0,0,4,23,A01
202000032030,1,7,,0,2,1,1,B01
202000032031,1,1,,0,2,1,5,A01
202000032031,1,7,,0,2,1,1,B01
202000032031,1,7,,0,2,1,1,C01
202000032032,2,7,,0,2,1,2,C01
202000032032,2,7,,0,0,4,2,A01
202000032032,2,7,,0,2,4,2,B01
202000032033,1,7,,3,0,2,1,A01
202000032034,2,7,,0,1,1,1,A01
202000032035,1,10,,0,6,1,1,A01
202000032036,2,7,,0,9,2,1,B01
202000032036,1,1,,0,2,0,13,A01
202000032037,2,2,,0,2,1,1,B01
202000032037,1,7,,0,2,3,15,A01
202000032038,1,7,,0,1,1,2,A01
202000032039,1,7,,3,0,0,1,A01
202000032040,1,30,,0,2,2,1,B01
202000032040,1,7,,0,2,3,20,A01
202000032041,1,2,,0,2,1,1,B01
202000032041,2,7,,0,2,3,17,A01
202000032042,1,7,,0,2,4,2,B01
202000032042,1,7,,0,2,3,26,A01
202000032043,2,10,,0,2,1,1,A01
202000032043,2,17,,0,2,4,2,B01
202000032044,1,7,,4,0,3,1,A01
202000032045,1,7,,0,0,0,0,B01
202000032045,1,7,,3,2,2,26,A01
202000032046,1,7,,0,2,7,12,A01
202000032046,1,34,,0,2,8,3,B01
202000032047,2,7,,3,0,1,14,A01
202000032048,1,7,,0,2,7,1,A01
202000032048,1,33,,0,2,6,3,B01
202000032049,1,7,,0,2,8,9,A01
202000032049,1,17,,0,2,7,12,B01
202000032049,1,7,,0,2,1,1,C01
202000032050,2,33,,0,2,7,3,B01
202000032050,2,7,,0,2,8,11,A01
202000032051,1,30,,0,2,4,1,B01
202000032051,1,7,,0,2,1,1,A01
202000032052,3,30,,0,1,0,26,A01
202000032053,3,32,,0,0,7,24,D01
202000032053,2,7,,0,2,3,1,C01
202000032053,1,7,,6,1,1,1,B01
202000032053,1,1,,0,2,6,19,A01
202000032054,0,7,,0,2,1,15,A01
202000032054,1,33,,0,2,7,1,B01
202000032055,2,10,,0,1,0,21,A01
202000032056,3,7,,0,1,2,1,A01
202000032057,0,32,,12,0,1,19,A01
202000032058,1,99,,0,2,4,23,A01
202000032058,1,7,,0,2,1,1,Z01
202000032059,2,7,,0,2,1,1,B01
202000032059,2,7,,0,2,2,15,A01
202000032060,3,7,,0,2,4,26,B01
202000032060,3,30,,0,2,1,2,A01
202000032061,2,7,,4,0,9,1,A01
202000032062,1,7,,0,2,3,15,A01
202000032062,2,32,,0,2,7,1,B01
202000032063,2,10,,0,2,3,1,B01
202000032063,1,32,,0,2,1,13,A01
202000032064,1,7,,0,2,2,1,A01
202000032064,1,1,,0,2,8,1,B01
202000032065,0,7,,0,1,1,13,A01
202000032066,0,7,,0,2,4,1,B01
202000032066,0,7,,1,2,1,1,A01
202000032067,2,10,,11,0,3,21,D01
202000032067,2,7,,0,2,4,2,C01
202000032067,2,7,,0,2,4,2,B01
202000032067,2,10,,0,2,1,2,A01
202000032068,2,33,,0,0,7,1,A01
202000032069,1,7,,0,1,1,9,A01
202000032070,1,2,,0,0,7,1,A01
202000032071,2,2,,0,2,4,23,B01
202000032071,2,7,,0,2,1,1,A01
202000032072,1,7,,0,2,4,1,C01
202000032072,1,7,,0,2,4,1,B01
202000032072,1,7,,0,2,1,2,A01
202000032073,0,7,,0,2,4,1,B01
202000032073,0,7,,0,2,1,1,A01
202000032074,0,7,,0,1,1,20,A01
202000032075,0,7,,0,2,2,16,B01
202000032075,0,7,,0,2,2,1,A01
202000032076,3,7,,0,1,1,1,A01
202000032077,2,14,,0,2,2,1,B01
202000032077,1,10,,0,2,2,13,A01
202000032078,2,7,,0,0,9,1,A01
202000032079,2,10,,0,2,6,24,B01
202000032079,2,7,,1,0,2,14,A01
202000032080,1,7,,0,2,1,1,A01
202000032080,3,1,,0,2,7,19,B01
202000032081,1,32,,14,0,1,17,A01
202000032082,2,7,,0,0,4,2,B01
202000032082,2,7,,0,2,1,2,A01
202000032083,3,7,,0,1,1,16,A01
202000032084,1,7,,9,1,1,1,A01
202000032085,1,7,,0,2,3,5,A01
202000032085,2,7,,0,2,3,1,B01
202000032086,3,7,,0,2,3,9,A01
202000032086,3,7,,0,2,2,1,B01
202000032087,1,10,,0,2,4,15,B01
202000032087,1,7,,0,2,1,2,A01
202000032088,2,3,,0,2,3,5,A01
202000032088,1,7,,0,2,2,0,B01
202000032089,1,7,,0,2,4,1,B01
202000032089,1,7,,0,2,1,0,A01
202000032090,1,7,,0,2,0,26,A01
202000032090,1,1,,0,2,0,26,B01
202000032091,1,7,,0,2,4,2,B01
202000032091,1,7,,0,2,1,2,A01
202000032092,1,7,,0,2,1,15,B01
202000032092,2,1,,0,2,1,5,A01
202000032093,1,7,,0,9,2,15,A01
202000032093,1,32,,0,2,0,1,B01
202000032094,1,10,,0,2,1,1,B01
202000032094,1,7,,1,2,9,1,A01
202000032094,2,7,,0,2,2,26,C01
202000032095,2,7,,0,2,7,15,A01
202000032095,1,33,,0,2,1,1,B01
202000032096,2,7,,0,1,1,15,A01
202000032097,1,7,,0,1,2,1,A01
202000032098,1,7,,0,1,3,15,A01
202000032099,1,7,,0,1,3,15,A01
202000032100,1,7,,0,1,3,2,A01
202000032101,2,7,,0,2,3,9,A01
202000032101,1,7,,0,2,2,1,B01
202000032102,2,7,,0,2,2,2,A01
202000032102,2,7,,0,2,6,23,B01
202000032103,0,7,,0,1,1,1,A01
202000032104,1,7,,0,1,0,1,A01
202000032105,1,7,,0,1,1,1,A01
202000032106,3,10,,0,1,4,4,A01
202000032107,1,37,3.0,0,2,2,1,B01
202000032107,1,7,,0,2,3,15,A01
202000032108,2,7,,0,1,1,1,Z01
202000032109,2,7,,0,2,2,15,A01
202000032109,1,32,,0,2,1,1,B01
202000032110,1,7,,0,2,3,15,B01
202000032110,1,7,,9,2,1,17,Z01
202000032111,1,7,,0,1,1,1,A01
202000032112,1,7,,0,2,7,15,A01
202000032112,2,7,,0,2,1,1,B01
202000032112,2,7,,0,2,1,0,C01
202000032113,0,7,,0,1,4,20,A01
202000032114,0,7,,0,2,3,1,A01
202000032114,0,1,,0,2,0,1,B01
202000032115,2,10,,0,2,1,2,A01
202000032115,2,33,,0,2,4,2,B01
202000032116,3,7,,0,1,1,1,A01
202000032117,1,7,,2,0,1,14,A01
202000032118,2,7,,0,1,0,0,Z01
202000032119,1,33,,0,1,1,7,A01
202000032120,2,7,,0,2,1,1,A01
202000032120,1,7,,0,2,1,1,B01
202000032121,1,7,,0,1,1,1,A01
202000032122,2,7,,0,2,4,2,C01
202000032122,2,7,,0,2,4,2,B01
202000032122,2,7,,0,2,1,1,A01
202000032123,2,7,,0,2,8,1,B01
202000032123,2,7,,0,2,0,9,A01
202000032123,2,7,,0,2,3,1,C01
202000032124,1,7,,0,2,1,1,A01
202000032124,2,7,,0,2,1,1,B01
202000032125,2,1,,0,2,0,9,A01
202000032125,2,7,,0,2,1,15,B01
202000032126,2,7,,0,1,1,1,A01
202000032127,3,10,,0,2,8,19,A01
202000032127,3,7,,0,2,2,1,B01
202000032128,1,7,,1,0,1,16,A01
202000032129,1,7,,6,0,1,1,A01
202000032130,2,30,,0,1,1,26,A01
202000032131,2,30,,0,2,8,1,A01
202000032131,3,7,,0,2,1,1,B01
202000032132,1,7,,15,0,2,15,A01
202000032133,1,7,,0,2,1,2,C01
202000032133,1,7,,0,2,1,2,B01
202000032133,3,7,,0,9,4,2,A01
202000032134,2,7,,3,2,4,2,A01
202000032134,1,7,,3,2,1,2,B01
202000032135,1,7,,0,0,0,1,A01
202000032136,2,30,,0,2,0,1,A01
202000032137,1,14,,0,1,2,16,A01
202000032138,2,7,,0,2,8,10,B01
202000032138,2,10,,0,2,1,1,A01
202000032139,3,7,,0,2,3,1,B01
202000032139,3,7,,0,2,2,1,A01
202000032140,2,15,,0,0,3,1,A01
202000032141,2,7,,2,0,1,1,A01
202000032142,2,7,,4,0,3,1,A01
202000032143,3,7,,0,2,2,1,A01
202000032143,0,7,,0,2,1,1,B01
202000032144,2,7,,0,2,1,17,B01
202000032144,2,1,,0,0,4,1,A01
202000032145,1,7,,13,0,2,0,A01
202000032146,1,7,,7,9,3,1,A01
202000032147,2,33,,0,2,1,1,B01
202000032147,2,7,,0,2,3,1,A01
202000032148,1,7,,0,2,2,1,B01
202000032148,2,7,,0,2,2,19,A01
202000032149,1,33,,0,0,8,1,A01
202000032150,1,33,,0,0,3,1,A01
202000032151,1,7,,0,2,1,1,B01
202000032151,2,2,,0,2,1,1,A01
202000032152,2,2,,0,0,0,1,A01
202000032153,1,7,,10,0,2,1,A01
202000032154,2,33,,0,2,2,17,B01
202000032154,2,7,,0,2,3,13,A01
202000032155,1,34,,0,0,0,1,A01
202000032156,1,7,,8,0,1,15,A01
202000032157,3,1,,14,0,1,2,A01
202000032158,1,7,,0,0,0,0,A01
202000032159,2,7,,0,1,2,5,A01
202000032160,3,7,,0,1,3,9,A01
202000032161,1,15,,0,2,3,1,C01
202000032161,2,7,,0,2,8,1,B01
202000032161,2,7,,0,2,3,13,A01
202000032162,2,7,,0,2,1,1,B01
202000032162,1,7,,0,2,7,13,A01
202000032163,1,7,,0,2,3,1,B01
202000032163,2,7,,0,2,3,13,A01
202000032164,1,7,,13,0,8,14,A01
202000032165,0,1,,0,2,0,0,B01
202000032165,0,7,,0,2,0,0,A01
202000032166,2,7,,0,2,2,19,B01
202000032166,1,7,,0,2,1,1,A01
202000032167,1,33,,6,0,8,11,A01
202000032168,0,7,,0,2,1,13,A01
202000032168,3,7,,0,2,1,1,B01
202000032169,1,15,,3,0,7,14,A01
202000032170,1,7,,13,0,2,1,A01
202000032171,2,10,,0,2,2,1,B01
202000032171,1,7,,4,2,5,13,A01
202000032172,2,7,,0,2,1,13,A01
202000032172,1,7,,0,2,1,1,B01
202000032173,1,33,,0,0,0,0,A01
202000032174,0,7,,0,1,1,16,A01
202000032175,1,7,,0,0,0,1,A01
202000032176,2,7,,2,0,1,1,A01
202000032177,1,7,,0,2,1,15,A01
202000032177,0,36,,0,2,1,1,B01
202000032178,3,7,,6,0,7,21,A01
202000032179,3,7,,1,0,3,1,A01
202000032179,3,7,,0,2,2,0,B01
202000032180,1,14,,0,2,8,1,B01
202000032180,2,10,,0,2,8,13,A01
202000032181,3,7,,0,9,7,1,B01
202000032181,3,1,,0,2,1,16,A01
202000032182,0,99,,0,0,8,2,A01
202000032183,2,1,,6,0,1,0,A01
202000032184,2,99,,0,2,1,15,B01
202000032184,2,7,,0,2,7,1,A01
202000032185,1,7,,0,0,9,1,A01
202000032186,0,7,,1,0,2,1,A01
202000032187,1,7,,3,0,1,26,A01
202000032188,1,33,,0,2,4,26,A01
202000032189,1,7,,0,2,4,1,C01
202000032189,1,7,,0,2,4,1,B01
202000032189,1,7,,0,2,1,1,A01
202000032190,1,7,,0,2,0,9,A01
202000032191,2,7,,0,2,3,9,A01
202000032191,2,7,,0,2,3,1,B01
202000032192,2,7,,4,0,7,14,A01
202000032193,1,7,,0,2,8,3,A01
202000032193,1,7,,0,2,5,1,B01
202000032193,1,7,,0,2,8,1,C01
202000032194,2,7,,4,0,3,17,A01
202000032195,1,7,,0,2,5,1,B01
202000032195,1,33,,0,2,1,3,A01
202000032195,1,7,,0,2,4,13,C01
202000032196,2,7,,0,2,8,11,A01
202000032196,2,7,,0,2,7,1,B01
202000032197,2,33,,16,0,5,12,A01
202000032198,3,7,,8,0,2,1,A01
202000032199,2,30,,0,2,1,1,B01
202000032199,2,7,,0,2,6,15,A01
202000032200,1,2,,0,2,7,1,B01
202000032200,1,7,,0,2,1,1,A01
202000032201,3,7,,0,2,1,2,A01
202000032201,3,7,,0,2,4,1,B01
202000032202,2,10,,0,1,1,2,A01
202000032203,1,0,,0,1,1,1,Z01
202000032204,2,7,,0,2,1,15,A01
202000032204,1,7,,0,2,1,1,C01
202000032204,1,34,,0,2,1,1,B01
202000032205,1,30,,0,2,1,26,A01
202000032205,1,7,,0,2,1,15,B01
202000032206,2,38,2.0,14,0,3,0,B01
202000032206,2,30,,14,0,1,26,A01
202000032207,3,30,,0,2,1,0,B01
202000032207,0,7,,1,0,6,0,A01
202000032208,1,7,,0,2,6,16,A01
202000032208,1,33,,0,2,1,1,B01
202000032209,1,37,1.0,0,1,2,9,A01
202000032210,1,7,,6,0,3,13,A01
202000032211,1,7,,0,2,8,1,B01
202000032211,1,7,,0,2,1,1,A01
202000032212,1,36,,15,0,1,14,A01
202000032213,1,7,,0,2,1,2,A01
202000032213,1,7,,0,2,4,2,B01
202000032214,1,7,,0,2,8,15,B01
202000032214,1,33,,0,2,1,17,A01
202000032215,3,3,,13,0,1,1,A01
202000032216,1,7,,0,2,1,2,A01
202000032216,1,7,,0,2,4,0,C01
202000032216,1,7,,0,2,4,2,B01
202000032217,1,33,,0,2,1,1,B01
202000032217,1,7,,0,2,2,9,A01
202000032218,2,7,,0,9,0,9,A01
202000032219,1,7,,6,2,1,13,A01
202000032219,2,7,,0,2,1,1,B01
202000032220,1,7,,0,2,4,23,B01
202000032220,1,7,,0,2,1,1,A01
202000032221,1,7,,1,0,3,1,A01
202000032222,3,7,,0,2,8,10,A01
202000032222,3,7,,0,2,1,1,B01
202000032223,1,30,,0,0,1,1,A01
202000032224,2,7,,2,0,1,14,A01
202000032225,2,31,,12,0,0,1,A01
202000032226,3,0,,0,1,0,15,A01
202000032227,3,31,,0,2,1,13,A01
202000032227,3,7,,0,2,1,0,B01
202000032228,1,7,,15,0,8,1,A01
202000032229,1,7,,0,2,1,2,Z01
202000032229,1,7,,0,2,4,1,A01
202000032230,3,7,,0,2,0,0,Z01
202000032230,2,34,,0,2,1,1,B01
202000032231,1,7,,6,2,1,13,A01
202000032231,1,7,,0,2,4,1,B01
202000032232,1,7,,3,0,7,15,A01
202000032233,3,10,,0,2,3,1,B01
202000032233,3,10,,0,2,2,19,A01
202000032234,2,7,,0,2,4,1,C01
202000032234,2,7,,0,2,4,1,B01
202000032234,2,7,,0,2,1,1,A01
202000032235,2,7,,0,1,2,1,A01
202000032236,2,33,,0,2,1,1,B01
202000032236,3,7,,0,2,3,15,A01
202000032237,2,1,,1,2,0,0,C01
202000032237,2,33,,0,0,0,0,B01
202000032237,2,33,,0,2,1,14,A01
202000032238,2,7,,0,2,1,13,A01
202000032238,1,10,,0,2,3,1,B01
202000032239,1,7,,0,2,1,1,B01
202000032239,1,7,,0,2,1,1,A01
202000032240,1,7,,0,2,7,12,A01
202000032240,1,43,,0,2,3,3,B01
202000032241,2,33,,0,0,8,9,A01
202000032242,1,33,,0,2,1,1,A01
202000032242,2,7,,0,2,8,1,B01
202000032243,1,7,,0,2,3,1,B01
202000032243,2,30,,0,2,1,1,A01
202000032244,1,7,,0,2,1,2,A01
202000032244,1,30,,0,2,4,24,B01
202000032245,1,7,,0,2,3,1,A01
202000032245,1,1,,0,2,1,1,B01
202000032246,2,7,,0,2,3,15,B01
202000032246,2,33,,0,2,2,17,A01
202000032247,0,50,,12,0,1,25,A01
202000032248,1,7,,0,1,2,1,A01
202000032249,1,7,,9,0,1,13,A01
202000032250,2,7,,0,2,3,10,A01
202000032250,2,33,,0,2,1,17,B01
202000032251,2,7,,0,1,2,1,Z01
202000032252,1,7,,0,2,2,16,A01
202000032252,1,33,,0,2,8,7,B01
202000032253,2,7,,0,2,1,15,A01
202000032253,1,33,,0,2,3,2,B01
202000032254,1,1,,0,2,2,2,A01
202000032254,1,50,,0,2,3,2,B01
202000032255,2,7,,0,2,8,13,A01
202000032255,2,2,,14,2,7,17,B01
202000032256,1,1,,0,2,3,1,A01
202000032256,1,7,,0,2,7,1,Z01
202000032257,1,1,,14,0,1,14,A01
202000032258,3,7,,0,2,8,1,B01
202000032258,3,7,,0,2,1,1,A01
202000032259,3,7,,0,2,0,0,B01
202000032259,3,1,,0,2,1,15,A01
202000032260,3,7,,0,2,3,23,C01
202000032260,2,7,,0,2,2,16,A01
202000032260,3,30,,0,2,1,16,B01
202000032261,1,7,,0,1,2,9,A01
202000032262,1,50,,0,2,1,1,Y01
202000032262,1,7,,16,2,5,4,A01
202000032263,3,10,,0,2,7,1,B01
202000032263,3,7,,0,2,3,14,A01
202000032264,1,7,,0,2,7,0,B01
202000032264,1,30,,0,2,1,19,A01
202000032265,1,10,,0,1,3,15,A01
202000032266,1,32,,0,2,8,1,B01
202000032266,1,7,,0,2,1,9,A01
202000032267,2,30,,1,0,7,14,A01
202000032268,1,7,,8,2,3,19,B01
202000032268,2,7,,0,2,2,19,A01
202000032269,1,37,1.0,0,2,0,1,B01
202000032269,2,1,,0,2,0,5,A01
202000032270,2,32,,0,1,2,17,A01
202000032271,1,10,,0,2,2,16,A01
202000032271,2,1,,0,2,1,2,B01
202000032272,2,7,,8,0,1,1,A01
202000032273,1,7,,0,9,3,1,B01
202000032273,2,15,,0,2,3,1,A01
202000032274,2,7,,0,0,0,15,A01
202000032274,2,33,,0,0,7,17,B01
202000032275,1,7,,13,0,9,1,A01
202000032276,2,7,,0,0,6,2,A01
202000032276,2,2,,0,2,1,1,B01
202000032277,1,33,,0,2,1,13,A01
202000032277,2,7,,0,2,1,1,B01
202000032278,2,7,,0,2,3,1,B01
202000032278,2,34,,0,2,1,13,A01
202000032279,1,10,,3,0,4,2,A01
202000032280,1,7,,0,2,6,18,A01
202000032280,1,7,,0,2,2,2,B01
202000032281,1,33,,16,0,0,2,A01
202000032282,2,37,1.0,0,2,3,1,B01
202000032282,3,7,,0,2,2,19,A01
202000032283,1,7,,0,2,1,9,A01
202000032283,1,7,,0,0,4,1,B01
202000032284,2,17,,0,2,6,2,B01
202000032284,2,7,,0,2,2,2,A01
202000032285,1,7,,0,1,3,21,A01
202000032286,1,7,,8,0,1,1,A01
202000032287,3,1,,0,2,1,1,B01