Num_Acc,senc,catv,occutc,obs,obsm,choc,manv,num_veh
202000032287,3,1,,0,0,4,13,A01
202000032288,1,7,,0,2,0,12,A01
202000032288,1,43,,0,2,8,18,B01
202000032289,2,7,,13,0,3,1,A01
202000032290,2,33,,0,2,1,13,A01
202000032290,1,7,,0,2,7,1,B01
202000032291,2,7,,0,2,1,13,A01
202000032291,1,17,,0,2,1,1,B01
202000032292,2,7,,0,2,3,21,B01
202000032292,1,1,,0,2,1,13,A01
202000032293,2,7,,6,0,3,13,A01
202000032294,1,33,,0,0,0,1,A01
202000032295,1,2,,15,0,7,1,A01
202000032296,1,7,,2,0,8,1,A01
202000032297,3,7,,16,0,9,14,A01
202000032298,1,7,,13,0,1,1,A01
202000032299,1,2,,0,2,4,9,B01
202000032299,1,7,,0,2,1,1,A01
202000032300,2,7,,1,1,2,17,A01
202000032301,1,3,,13,0,2,1,A01
202000032302,1,7,,0,2,2,15,A01
202000032302,2,1,,0,2,1,1,B01
202000032303,2,3,,0,2,1,1,B01
202000032303,2,7,,0,2,7,1,A01
202000032304,2,33,,0,2,1,1,B01
202000032304,1,7,,0,2,2,1,A01
202000032305,0,33,,2,0,0,1,A01
202000032306,0,33,,2,0,1,19,A01
202000032307,1,7,,0,2,3,15,A01
202000032307,2,33,,0,2,1,15,B01
202000032308,1,33,,0,2,1,1,B01
202000032308,1,7,,0,2,1,15,A01
202000032309,1,1,,0,0,0,1,A01
202000032310,2,7,,0,0,9,1,A01
202000032311,3,2,,0,2,1,21,A01
202000032311,3,2,,0,2,0,21,B01
202000032312,1,7,,6,0,1,13,A01
202000032313,1,7,,0,1,3,1,A01
202000032314,3,7,,0,2,2,1,B01
202000032314,3,2,,0,2,1,13,A01
202000032315,2,33,,6,0,2,13,A01
202000032315,2,10,,0,2,2,1,B01
202000032316,2,1,,4,0,1,1,A01
202000032317,1,1,,0,2,1,13,A01
202000032317,2,7,,6,2,3,1,B01
202000032318,2,10,,0,2,3,1,B01
202000032318,1,7,,0,2,3,13,A01
202000032319,1,33,,0,2,1,1,A01
202000032319,2,7,,0,2,3,1,B01
202000032320,1,7,,0,0,8,1,A01
202000032321,2,7,,0,2,6,1,B01
202000032321,2,2,,0,2,1,15,A01
202000032322,2,7,,0,2,1,1,B01
202000032322,1,7,,0,2,3,13,A01
202000032323,0,2,,0,2,1,16,A01
202000032323,0,7,,0,0,2,23,B01
202000032324,3,7,,0,2,3,15,A01
202000032324,2,7,,0,2,1,1,B01
202000032325,2,7,,4,0,2,21,A01
202000032326,2,7,,0,0,1,1,A01
202000032327,2,7,,2,0,1,2,A01
202000032328,2,7,,0,2,1,1,A01
202000032328,2,7,,0,0,4,1,B01
202000032329,2,33,,2,0,3,13,A01
202000032330,1,33,,11,0,1,1,A01
202000032331,3,7,,0,1,2,17,A01
202000032332,2,2,,0,0,7,1,B01
202000032332,3,7,,0,2,1,15,A01
202000032333,3,7,,13,0,1,1,A01
202000032334,2,7,,0,2,1,2,A01
202000032334,2,7,,0,2,4,2,B01
202000032335,2,17,,0,0,9,13,A01
202000032336,2,7,,0,0,9,21,A01
202000032337,3,7,,0,1,0,0,A01
202000032338,1,7,,0,0,0,9,B01
202000032338,1,33,,0,2,0,17,A01
202000032339,1,7,,0,1,0,0,B01
202000032339,2,7,,0,2,1,1,A01
202000032340,1,7,,12,0,0,1,A01
202000032341,2,30,,8,0,1,25,A01
202000032342,1,7,,8,0,1,1,A01
202000032343,0,7,,0,2,3,1,B01
202000032343,0,7,,0,2,3,13,A01
202000032344,3,7,,0,2,3,13,A01
202000032344,3,7,,0,2,3,1,B01
202000032345,1,7,,0,1,1,1,A01
202000032346,2,7,,2,0,1,14,A01
202000032347,2,7,,0,1,4,4,A01
202000032348,2,7,,0,2,2,16,B01
202000032348,2,33,,0,2,8,1,A01
202000032349,3,7,,0,2,1,1,A01
202000032349,2,7,,0,2,5,0,B01
202000032350,2,2,,0,2,3,1,B01
202000032350,1,10,,0,2,3,9,A01
202000032351,3,30,,0,0,0,0,A01
202000032352,2,33,,0,2,1,1,B01
202000032352,3,7,,0,2,3,15,A01
202000032353,1,33,,0,2,3,1,B01
202000032353,2,7,,0,2,2,1,A01
202000032354,3,7,,0,2,3,22,B01
202000032354,2,37,1.0,1,0,2,1,A01
202000032355,2,3,,0,2,8,1,Z01
202000032355,1,50,,0,2,2,1,A01
202000032356,3,33,,0,2,3,15,A01
202000032356,3,33,,0,2,2,26,B01
202000032357,2,7,,2,0,1,1,A01
202000032358,1,10,,0,2,3,9,B01
202000032358,2,35,,0,0,7,15,A01
202000032359,2,7,,17,0,3,17,A01
202000032360,1,7,,8,0,9,1,A01
202000032361,2,7,,13,0,8,13,A01
202000032362,1,7,,0,2,3,1,B01
202000032362,2,7,,0,2,1,1,A01
202000032363,2,7,,2,0,1,0,A01
202000032364,2,17,,0,2,1,1,C01
202000032364,1,14,,0,2,1,13,A01
202000032364,1,10,,0,0,0,15,B01
202000032365,1,7,,2,0,1,13,A01
202000032366,1,10,,0,2,1,16,A01
202000032366,1,7,,0,2,4,16,B01
202000032367,3,7,,0,2,3,1,B01
202000032367,3,32,,0,2,3,13,A01
202000032368,3,7,,0,1,2,21,A01
202000032369,3,7,,0,0,1,1,A01
202000032370,1,7,,0,1,1,15,A01
202000032371,2,7,,2,0,1,26,A01
202000032372,1,7,,0,2,1,1,A01
202000032372,1,1,,0,2,8,19,B01
202000032373,3,7,,0,2,3,2,B01
202000032373,3,30,,0,2,1,26,A01
202000032374,0,7,,8,2,1,1,A01
202000032374,2,7,,0,2,1,0,B01
202000032375,1,7,,15,0,1,14,A01
202000032376,2,7,,0,1,1,9,A01
202000032377,1,10,,9,0,1,1,A01
202000032378,2,10,,0,2,2,1,B01
202000032378,2,10,,0,2,3,1,A01
202000032379,2,2,,0,2,2,2,B01
202000032379,2,99,,0,2,3,2,Z01
202000032380,3,30,,14,0,2,23,A01
202000032381,2,7,,11,0,1,0,A01
202000032382,1,7,,0,9,1,1,A01
202000032382,3,1,,0,2,8,1,B01
202000032383,2,33,,0,0,2,1,A01
202000032384,1,7,,2,0,1,1,A01
202000032385,1,7,,0,2,2,13,B01
202000032385,2,7,,0,2,3,21,A01
202000032386,0,7,,8,0,2,1,A01
202000032387,1,7,,13,0,1,1,A01
202000032388,1,33,,0,1,2,1,A01
202000032389,2,10,,3,0,2,1,A01
202000032390,2,7,,0,2,1,13,A01
202000032390,1,37,5.0,0,2,1,1,B01
202000032391,3,33,,0,2,2,17,B01
202000032391,3,21,,0,2,3,15,A01
202000032392,3,36,,2,0,2,0,A01
202000032393,1,7,,6,0,2,2,A01
202000032394,2,37,2.0,0,2,3,1,B01
202000032394,2,7,,0,2,1,15,A01
202000032395,0,7,,0,1,0,1,A01
202000032396,0,7,,0,1,2,1,A01
202000032397,3,7,,0,1,2,26,A01
202000032398,1,7,,8,0,1,1,A01
202000032399,3,10,,0,2,3,17,A01
202000032399,3,7,,0,2,3,1,B01
202000032399,3,7,,0,2,8,1,C01
202000032400,1,7,,9,0,1,1,A01
202000032401,1,7,,0,2,1,15,A01
202000032401,1,7,,0,2,1,1,B01
202000032402,1,30,,15,0,1,2,A01
202000032403,1,10,,0,1,7,1,A01
202000032404,1,7,,0,1,1,1,A01
202000032405,2,7,,3,2,8,1,B01
202000032405,2,14,,0,2,7,12,A01
202000032406,1,10,,0,2,1,1,A01
202000032406,3,1,,0,2,8,19,B01
202000032407,2,33,,0,2,7,1,B01
202000032407,2,7,,0,2,1,26,A01
202000032408,1,10,,0,1,4,1,A01
202000032409,0,50,,0,2,1,19,B01
202000032409,0,7,,0,9,3,1,A01
202000032410,1,7,,0,0,1,1,A01
202000032411,2,30,,0,2,8,1,B01
202000032411,1,30,,0,2,1,5,A01
202000032412,2,33,,0,0,8,1,A01
202000032413,0,7,,0,0,0,0,B01
202000032413,1,30,,0,0,0,0,A01
202000032414,3,7,,0,1,4,20,A01
202000032415,2,7,,3,0,3,1,A01
202000032416,2,10,,0,0,6,1,B01
202000032416,2,10,,0,2,2,17,A01
202000032417,1,32,,0,2,8,1,B01
202000032417,1,7,,0,2,2,15,A01
202000032418,0,7,,0,0,3,0,B01
202000032418,3,7,,0,2,1,1,C01
202000032418,3,34,,12,2,0,0,A01
202000032419,1,7,,0,2,1,1,A01
202000032419,2,1,,0,2,1,1,B01
202000032420,1,14,,3,0,3,13,A01
202000032421,2,7,,0,2,1,18,A01
202000032421,2,7,,0,2,2,1,B01
202000032421,1,7,,0,9,1,1,C01
202000032422,2,10,,3,0,7,1,A01
202000032423,2,7,,1,0,1,14,B01
202000032423,2,7,,3,0,4,24,A01
202000032424,2,2,,17,0,1,1,A01
202000032425,1,2,,0,0,0,1,A01
202000032426,2,10,,13,0,2,1,A01
202000032427,1,7,,0,2,1,15,A01
202000032427,2,7,,0,2,1,1,B01
202000032428,1,10,,0,2,2,2,A01
202000032428,1,1,,0,0,0,23,B01
202000032429,1,7,,2,0,8,1,A01
202000032430,1,33,,6,0,3,21,A01
202000032431,2,38,1.0,0,2,8,15,A01
202000032431,1,1,,0,2,8,16,B01
202000032432,2,2,,6,0,1,15,A01
202000032433,2,7,,7,2,8,1,B01
202000032433,2,7,,0,2,1,6,A01
202000032434,2,7,,3,0,0,14,A01
202000032435,3,10,,0,1,4,4,A01
202000032436,2,7,,0,0,2,1,B01
202000032436,1,7,,0,2,1,1,A01
202000032437,3,7,,0,9,1,1,A01
202000032437,3,1,,0,2,7,19,B01
202000032438,1,7,,3,0,3,13,A01
202000032439,0,7,,0,1,4,4,A01
202000032440,1,7,,2,0,3,1,A01
202000032441,0,7,,0,2,3,2,B01
202000032441,0,33,,0,2,2,17,A01
202000032442,1,7,,6,0,1,1,A01
202000032443,1,7,,0,2,3,1,B01
202000032443,2,2,,0,2,1,13,A01
202000032444,0,7,,6,0,1,26,A01
202000032445,1,10,,3,0,8,11,A01
202000032446,1,7,,4,0,9,1,A01
202000032447,1,10,,0,2,8,15,A01
202000032447,1,7,,0,2,1,1,B01
202000032448,2,7,,0,2,1,2,D01
202000032448,2,10,,0,2,1,1,A01
202000032448,2,7,,0,2,4,2,B01
202000032448,2,7,,0,2,4,15,C01
202000032449,2,7,,13,0,1,1,A01
202000032450,0,7,,0,0,9,26,A01
202000032451,1,33,,0,0,0,1,A01
202000032452,2,7,,0,2,1,13,A01
202000032452,1,37,1.0,0,2,1,1,B01
202000032453,1,7,,0,2,1,6,A01
202000032453,1,7,,0,0,8,9,B01
202000032454,1,33,,8,0,1,1,A01
202000032455,2,7,,6,0,3,13,A01
202000032456,2,30,,0,2,0,1,B01
202000032456,1,7,,0,0,0,15,A01
202000032457,1,7,,0,1,2,19,A01
202000032458,3,1,,12,0,7,1,A01
202000032459,2,33,,0,2,1,0,B01
202000032459,1,7,,0,2,3,26,A01
202000032460,0,10,,6,0,4,26,A01
202000032461,1,31,,11,0,1,1,A01
202000032462,1,7,,0,2,1,1,B01
202000032462,2,7,,0,2,1,1,A01
202000032463,0,7,,0,2,2,15,A01
202000032463,1,33,,0,2,1,1,B01
202000032464,3,3,,0,2,1,10,A01
202000032464,3,33,,0,2,3,1,B01
202000032465,2,7,,1,0,1,1,A01
202000032465,2,7,,3,0,4,24,B01
202000032466,2,7,,2,0,1,0,A01
202000032467,1,7,,8,0,0,1,A01
202000032468,2,33,,13,0,1,17,A01
202000032469,1,7,,0,2,7,1,B01
202000032469,3,10,,0,2,1,19,A01
202000032470,2,7,,13,0,9,1,A01
202000032471,3,30,,0,2,7,1,C01
202000032471,3,7,,0,2,1,1,A01
202000032472,2,2,,6,0,1,1,A01
202000032473,1,7,,0,2,3,1,A01
202000032473,2,33,,0,2,1,0,C01
202000032473,2,33,,0,2,1,1,B01
202000032474,2,7,,0,2,1,17,A01
202000032474,1,7,,0,2,7,21,B01
202000032475,1,1,,12,2,8,1,B01
202000032475,3,7,,0,9,2,2,A01
202000032476,2,7,,13,0,1,1,A01
202000032477,2,7,,0,2,2,9,B01
202000032477,1,7,,0,2,3,1,A01
202000032478,1,10,,13,2,4,1,A01
202000032478,1,10,,0,2,9,1,B01
202000032479,2,7,,0,0,4,2,B01
202000032479,2,7,,0,2,1,2,A01
202000032480,1,7,,0,2,2,9,B01
202000032480,1,1,,0,2,6,1,A01
202000032481,1,7,,0,2,1,1,A01
202000032481,1,30,,0,2,8,0,B01
202000032482,1,1,,0,2,8,25,A01
202000032482,2,7,,0,9,3,23,B01
202000032483,1,33,,0,2,1,2,A01
202000032483,1,7,,0,0,4,2,B01
202000032484,2,7,,0,0,1,1,B01
202000032484,2,7,,0,2,1,9,A01
202000032485,3,32,,0,2,0,9,B01
202000032485,3,7,,0,2,2,13,A01
202000032486,2,33,,0,0,8,1,A01
202000032487,2,7,,12,0,8,26,A01
202000032488,2,7,,3,2,2,14,A01
202000032488,2,7,,3,2,1,2,C01
202000032488,2,7,,3,0,8,1,B01
202000032489,1,13,,0,0,3,15,A01
202000032489,1,31,,13,2,2,17,B01
202000032490,2,7,,0,2,1,2,A01
202000032490,2,7,,14,0,4,2,B01
202000032491,2,32,,8,0,9,0,A01
202000032492,1,33,,13,0,1,13,A01
202000032493,0,33,,0,0,0,0,A01
202000032494,1,30,,0,2,1,9,A01
202000032494,1,7,,0,2,6,1,B01
202000032495,1,7,,6,0,1,1,A01
202000032496,3,33,,0,0,0,2,A01
202000032497,3,7,,3,0,7,14,A01
202000032498,1,7,,0,2,2,26,A01
202000032499,2,7,,2,0,1,21,A01
202000032500,0,7,,0,2,1,13,A01
202000032500,0,37,1.0,0,2,1,1,B01
202000032501,3,7,,0,0,7,19,A01
202000032501,1,33,,0,2,1,1,B01
202000032502,0,7,,0,2,2,1,B01
202000032502,0,7,,0,2,3,1,A01
202000032503,3,80,,2,0,1,1,A01
202000032504,1,33,,3,0,4,17,A01
202000032505,2,7,,0,2,1,15,A01
202000032505,1,50,,0,2,8,1,B01
202000032506,1,7,,0,1,3,1,A01
202000032507,1,34,,0,0,2,15,A01
202000032508,0,33,,0,2,5,1,B01
202000032508,3,7,,0,2,2,15,A01
202000032509,1,7,,1,0,1,26,A01
202000032510,1,7,,0,1,0,1,A01
202000032511,1,3,,9,4,1,19,A01
202000032511,1,40,,0,2,1,1,B01
202000032512,1,7,,0,1,2,1,A01
202000032513,1,33,,0,0,0,1,A01
202000032514,2,50,,0,1,1,1,A01
202000032515,1,7,,0,1,4,20,A01
202000032516,1,7,,6,0,3,1,A01
202000032517,1,7,,13,0,1,1,A01
202000032518,-1,7,,0,2,2,2,A01
202000032518,-1,7,,0,0,6,2,B01
202000032519,3,7,,2,0,1,1,A01
202000032520,1,10,,0,2,7,1,A01
202000032520,2,42,,0,2,1,1,B01
202000032521,0,31,,0,0,0,0,A01
202000032522,2,7,,0,2,4,1,B01
202000032522,2,32,,0,2,1,2,A01
202000032523,2,7,,0,0,7,12,B01
202000032523,2,32,,0,2,1,3,A01
202000032524,0,7,,0,1,1,9,A01
202000032525,1,7,,0,2,2,12,A01
202000032525,1,7,,0,2,6,1,B01
202000032526,2,33,,0,0,3,2,A01
202000032527,0,7,,6,0,1,0,A01
202000032528,2,7,,0,2,5,1,B01
202000032528,2,33,,0,2,7,3,C01
202000032528,2,7,,0,2,8,11,A01
202000032529,2,7,,13,0,9,0,A01
202000032530,2,7,,0,2,1,2,A01
202000032530,2,7,,0,2,4,2,B01
202000032531,1,33,,0,2,5,1,B01
202000032531,1,33,,8,2,8,1,A01
202000032532,2,7,,0,2,4,2,C01
202000032532,2,7,,0,2,1,1,A01
202000032532,2,10,,0,2,4,2,B01
202000032533,1,7,,6,0,2,14,A01
202000032534,2,7,,0,2,4,1,B01
202000032534,2,7,,0,2,1,1,A01
202000032535,2,33,,12,0,1,1,A01
202000032536,2,7,,0,2,5,2,C01
202000032536,2,33,,0,2,3,3,A01
202000032536,2,7,,0,2,2,12,B01
202000032537,1,33,,0,6,1,1,A01
202000032538,2,10,,0,2,4,2,B01
202000032538,2,33,,0,2,1,2,A01
202000032539,1,7,,14,2,4,21,B01
202000032539,1,10,,14,2,1,21,A01
202000032540,1,7,,0,2,3,1,B01
202000032540,2,7,,0,2,3,13,A01
202000032541,1,7,,13,0,3,0,A01
202000032542,1,7,,0,2,4,2,C01
202000032542,1,7,,0,2,4,2,B01
202000032542,1,10,,0,2,1,2,A01
202000032543,1,33,,0,2,8,1,A01
202000032543,1,7,,0,2,0,12,Z01
202000032544,1,7,,4,2,5,2,B01
202000032544,1,7,,0,2,1,2,A01
202000032545,1,7,,0,2,2,1,A01
202000032545,1,7,,0,2,3,0,B01
202000032546,1,7,,4,0,1,13,A01
202000032547,0,2,,0,2,1,1,B01
202000032547,0,7,,0,2,7,15,A01
202000032548,3,7,,0,2,3,1,B01
202000032548,1,7,,0,2,2,1,A01
202000032549,1,10,,8,0,3,26,A01
202000032550,1,32,,0,1,1,1,A01
202000032551,3,14,,0,2,8,1,B01
202000032551,3,7,,0,2,1,1,A01
202000032551,3,7,,0,2,3,1,C01
202000032552,3,7,,0,2,2,26,B01
202000032552,3,2,,14,2,1,26,A01
202000032553,2,50,,0,1,1,1,A01
202000032554,2,7,,0,0,4,2,B01
202000032554,1,7,,0,2,1,2,A01
202000032555,3,33,,0,2,2,3,B01
202000032555,3,7,,0,2,3,15,A01
202000032556,1,7,,0,1,3,15,A01
202000032557,2,7,,0,2,0,0,C01
202000032557,2,7,,0,2,0,0,B01
202000032557,2,7,,0,2,0,0,A01
202000032558,1,34,,0,2,7,17,A01
202000032559,1,37,1.0,0,2,1,26,A01
202000032559,1,32,,0,2,3,0,B01
202000032560,2,33,,0,2,1,1,B01
202000032560,1,7,,0,2,2,15,A01
202000032561,2,7,,0,1,1,16,A01
202000032562,2,15,,0,2,4,24,A01
202000032562,2,7,,1,0,1,1,B01
202000032563,3,1,,0,2,2,26,A01
202000032563,3,7,,0,2,3,1,B01
202000032564,1,7,,0,0,6,9,A01
202000032564,1,7,,0,2,1,1,B01
202000032565,2,7,,0,2,2,11,B01
202000032565,1,30,,0,2,1,13,A01
202000032566,3,7,,0,2,1,2,A01
202000032566,3,7,,0,2,4,2,B01
202000032567,2,7,,0,2,6,15,A01
202000032567,1,30,,0,2,1,1,B01
202000032568,2,1,,0,2,0,0,B01
202000032568,1,7,,0,9,2,15,A01
202000032569,1,7,,0,1,1,1,A01
202000032570,1,7,,0,2,1,2,A01
202000032570,1,7,,0,2,4,2,B01
202000032571,1,7,,0,1,2,1,A01
202000032572,3,7,,0,2,2,1,B01
202000032572,3,7,,0,2,1,5,A01
202000032573,3,7,,0,1,1,16,A01
202000032574,1,0,,0,1,1,19,Z01
202000032575,3,36,,0,0,7,26,A01
202000032576,0,7,,0,2,3,1,B01
202000032576,3,7,,0,2,3,13,A01
202000032576,0,7,,0,2,6,1,C01
202000032577,3,7,,0,1,1,1,A01
202000032578,2,7,,0,2,3,9,A01
202000032578,2,2,,0,2,2,9,B01
202000032579,2,15,,0,2,8,1,B01
202000032579,1,7,,0,2,3,5,A01
202000032580,2,10,,0,2,3,9,A01
202000032580,2,31,,0,2,7,1,B01
202000032581,1,7,,0,2,3,26,A01
202000032581,3,7,,0,2,3,26,B01
202000032582,3,10,,0,1,4,4,A01
202000032583,3,33,,2,0,0,13,A01
202000032584,2,10,,0,2,8,9,A01
202000032584,1,1,,0,2,1,2,B01
202000032585,2,7,,0,2,1,1,A01
202000032585,1,10,,0,2,3,1,B01
202000032586,1,7,,0,2,8,15,A01
202000032586,1,2,,0,2,1,17,B01
202000032587,2,50,,0,0,0,1,A01
202000032588,2,7,,0,2,1,2,A01
202000032588,2,7,,0,1,4,2,B01
202000032589,3,32,,0,2,1,15,A01
202000032589,3,7,,0,2,1,1,B01
202000032590,1,7,,0,2,6,11,A01
202000032590,1,32,,0,2,2,1,B01
202000032591,3,3,,0,2,4,1,B01
202000032591,3,7,,0,2,1,1,A01
202000032592,1,7,,0,1,3,1,A01
202000032593,2,7,,0,2,1,1,B01
202000032593,1,7,,0,2,2,15,A01
202000032594,2,7,,13,0,1,21,A01
202000032595,2,7,,0,2,3,1,A01
202000032595,1,7,,0,0,0,0,B01
202000032596,2,7,,4,0,3,13,A01
202000032597,2,33,,13,0,1,1,A01
202000032598,1,10,,0,2,3,1,A01
202000032598,1,7,,0,2,2,1,B01
202000032599,1,7,,0,2,2,1,A01
202000032599,2,30,,0,2,1,17,B01
202000032600,1,1,,0,2,2,9,B01
202000032600,1,7,,0,2,1,9,A01
202000032601,1,3,,0,2,4,2,A01
202000032601,1,7,,0,2,4,2,B01
202000032602,1,17,,3,0,3,0,A01
202000032603,1,1,,0,2,6,26,B01
202000032603,1,7,,0,9,2,9,A01
202000032604,3,7,,4,0,1,26,A01
202000032605,1,7,,0,2,1,0,A01
202000032605,1,7,,0,2,7,0,B01
202000032606,3,7,,0,2,2,15,B01
202000032606,3,7,,0,2,1,16,A01
202000032607,1,7,,13,0,1,1,A01
202000032608,3,31,,0,2,3,1,B01
202000032608,3,21,,0,2,1,1,A01
202000032609,1,7,,8,0,4,2,B01
202000032609,1,7,,12,2,1,18,A01
202000032610,1,7,,13,2,4,23,C01
202000032610,1,7,,14,1,4,23,B01
202000032610,1,7,,14,1,1,2,A01
202000032611,2,7,,0,2,3,1,B01
202000032611,1,30,,0,2,3,9,A01
202000032612,2,2,,0,2,1,1,A01
202000032612,2,7,,0,2,3,1,B01
202000032613,1,7,,0,2,4,1,B01
202000032613,1,10,,0,2,1,1,A01
202000032614,2,7,,0,2,1,15,A01
202000032614,2,34,,0,2,7,1,B01
202000032615,0,7,,0,2,1,9,A01
202000032615,0,1,,0,2,5,1,B01
202000032616,0,1,,0,2,8,25,A01
202000032616,0,7,,0,2,3,1,B01
202000032617,1,41,,0,0,0,0,B01
202000032617,1,7,,0,2,8,15,A01
202000032618,0,7,,7,0,1,1,A01
202000032619,0,7,,0,2,2,1,A01
202000032619,0,31,,0,2,1,1,B01
202000032620,0,7,,0,2,3,15,A01
202000032620,0,33,,0,2,3,1,B01
202000032621,0,7,,0,2,1,1,A01
202000032621,0,7,,0,2,4,1,B01
202000032622,0,7,,0,2,1,9,A01
202000032622,0,31,,0,2,8,1,B01
202000032623,0,33,,0,2,1,1,B01
202000032623,1,7,,0,9,2,15,A01
202000032624,1,7,,1,0,1,1,A01
202000032625,0,1,,0,2,7,1,B01
202000032625,0,33,,0,2,7,1,A01
202000032626,3,7,,0,2,1,9,A01
202000032626,1,17,,0,2,2,1,B01
202000032627,1,1,,0,2,8,1,B01
202000032627,1,1,,0,2,2,17,A01
202000032628,1,7,,6,0,1,16,A01
202000032629,0,7,,0,2,5,1,A01
202000032629,0,7,,0,2,1,1,B01
202000032630,1,7,,15,0,1,0,A01
202000032631,1,7,,0,2,8,9,A01
202000032631,2,14,,0,2,2,1,B01
202000032632,1,7,,1,0,2,14,A01
202000032633,2,30,,0,2,1,2,A01
202000032633,2,0,,0,2,4,1,B01
202000032634,1,7,,0,2,1,1,B01
202000032634,2,7,,0,2,1,5,A01
202000032635,2,80,,0,2,5,1,B01
202000032635,1,7,,0,2,3,9,A01
202000032636,1,2,,0,2,1,1,A01
202000032636,1,7,,0,2,4,1,B01
202000032637,1,7,,0,1,3,1,A01
202000032638,0,7,,0,2,3,9,A01
202000032638,0,33,,0,2,1,1,B01
202000032639,1,33,,0,2,7,14,A01
202000032639,1,37,1.0,0,2,8,1,B01
202000032640,1,7,,0,1,3,1,A01
202000032641,1,10,,0,1,7,16,A01
202000032642,1,10,,0,2,1,1,A01
202000032642,1,7,,0,2,4,1,B01
202000032642,1,7,,0,2,4,1,C01
202000032643,2,7,,0,2,5,1,E01
202000032643,2,10,,0,2,4,1,D01
202000032643,2,7,,0,2,4,1,C01
202000032643,2,7,,0,2,4,1,B01
202000032643,2,17,,0,2,1,1,A01
202000032644,2,7,,0,2,4,1,B01
202000032644,2,2,,0,2,1,1,A01
202000032645,3,7,,0,2,8,15,A01
202000032645,3,2,,0,2,2,14,B01
202000032646,3,7,,1,1,4,26,A01
202000032647,1,34,,0,1,1,1,A01
202000032648,3,10,,0,1,2,0,A01
202000032649,2,43,,0,0,8,15,A01
202000032650,3,14,,8,0,9,14,A01
202000032651,2,33,,0,2,1,1,B01
202000032651,1,10,,0,2,5,1,A01
202000032652,1,7,,4,0,1,26,A01
202000032653,2,10,,0,2,1,15,A01
202000032653,1,10,,7,2,8,1,B01
202000032654,2,10,,0,2,2,9,A01
202000032654,2,33,,0,2,3,1,B01
202000032655,2,7,,2,0,1,1,A01
202000032656,1,30,,12,0,3,13,A01
202000032657,1,10,,0,1,1,1,A01
202000032658,1,33,,0,2,1,2,A01
202000032658,1,1,,0,2,5,19,B01
202000032659,2,7,,0,2,4,23,B01
202000032659,2,10,,0,2,1,2,A01
202000032660,2,7,,0,2,3,15,A01
202000032660,1,33,,0,2,1,1,B01
202000032661,1,14,,0,2,7,12,B01
202000032661,1,32,,0,2,3,1,A01
202000032662,2,7,,0,2,3,1,A01
202000032662,1,7,,0,2,3,1,B01
202000032663,2,32,,0,2,6,1,A01
202000032663,2,14,,0,2,7,18,Z01
202000032664,2,7,,16,0,9,1,A01
202000032665,2,7,,15,0,3,1,A01
202000032666,1,7,,8,0,1,0,A01
202000032667,1,10,,0,2,0,11,Z01
202000032667,1,43,,0,2,1,1,A01
202000032668,3,2,,0,0,0,1,A01
202000032669,1,30,,0,2,2,2,A01
202000032669,1,32,,0,2,6,23,B01
202000032670,1,7,,8,0,1,1,A01
202000032671,1,0,,0,1,0,0,A01
202000032672,1,7,,0,2,3,11,A01
202000032672,1,33,,0,2,7,2,B01
202000032673,1,1,,0,1,1,1,A01
202000032674,1,10,,0,1,3,1,A01
202000032675,1,7,,0,2,3,24,A01
202000032675,3,7,,1,0,2,1,Z01
202000032676,1,7,,0,1,4,4,A01
202000032677,2,32,,0,0,0,21,A01
202000032678,3,7,,0,2,2,15,A01
202000032678,2,43,,0,2,8,1,B01
202000032679,1,7,,0,2,8,22,A01
202000032679,1,50,,0,2,1,2,B01
202000032680,1,1,,0,2,0,1,A01
202000032680,1,7,,0,2,5,1,B01
202000032681,2,7,,0,1,3,7,A01
202000032682,1,1,,0,1,1,1,A01
202000032683,1,7,,0,2,5,1,A01
202000032683,2,7,,0,2,0,0,B01
202000032684,3,7,,0,2,3,1,A01
202000032684,3,50,,0,2,2,1,B01
202000032685,3,7,,0,1,1,0,A01
202000032686,3,10,,8,0,1,14,A01
202000032687,-1,7,,0,2,3,1,A01
202000032687,-1,7,,0,2,4,1,B01
202000032688,3,7,,0,1,1,9,A01
202000032689,-1,7,,0,1,3,26,A01
202000032689,-1,7,,14,2,1,15,B01
202000032690,3,7,,0,2,4,23,B01
202000032690,3,7,,0,2,1,2,A01
202000032691,2,33,,0,0,8,1,A01
202000032692,3,10,,0,2,1,1,A01
202000032692,3,10,,0,2,8,15,B01
202000032693,1,7,,0,1,1,1,A01
202000032694,3,7,,0,2,3,10,A01
202000032694,3,33,,0,2,1,3,B01
202000032695,1,10,,1,0,2,1,A01
202000032696,3,14,,0,2,1,2,B01
202000032696,0,7,,0,2,4,0,A01
202000032697,2,2,,0,2,1,1,B01
202000032697,2,10,,0,2,3,15,A01
202000032698,2,30,,0,2,0,0,B01
202000032698,1,7,,0,2,7,15,A01
202000032699,2,32,,0,2,4,23,B01
202000032699,2,7,,0,2,1,0,A01
202000032700,2,10,,0,2,2,1,A01
202000032700,2,14,,0,2,2,1,B01
202000032701,2,30,,0,2,7,23,B01
202000032701,2,10,,0,2,3,1,A01
202000032702,1,7,,0,1,3,2,A01