Num_Acc,senc,catv,occutc,obs,obsm,choc,manv,num_veh
202000032703,2,7,,0,2,3,1,A01
202000032703,1,7,,0,2,3,1,B01
202000032703,1,15,,0,9,6,1,C01
202000032704,2,7,,0,2,2,1,B01
202000032704,1,7,,0,2,2,13,A01
202000032705,1,7,,2,0,1,1,A01
202000032706,2,7,,8,0,1,14,A01
202000032707,1,33,,0,2,8,13,A01
202000032707,2,7,,0,2,8,1,B01
202000032708,2,7,,3,2,6,1,B01
202000032708,2,7,,0,2,1,17,A01
202000032709,1,7,,0,9,2,1,A01
202000032709,1,7,,0,9,1,1,B01
202000032710,1,2,,0,2,1,15,A01
202000032710,2,7,,0,0,2,1,B01
202000032711,1,7,,0,9,3,1,A01
202000032711,1,1,,0,2,4,5,B01
202000032712,1,33,,0,2,1,17,B01
202000032712,1,7,,0,2,3,19,A01
202000032713,2,17,,0,2,8,1,B01
202000032713,2,33,,0,2,7,1,A01
202000032714,1,15,,0,2,3,1,B01
202000032714,2,7,,0,2,3,1,A01
202000032715,1,33,,0,2,2,2,A01
202000032715,1,1,,0,2,4,2,B01
202000032716,3,1,,0,2,8,1,A01
202000032716,1,10,,0,2,1,1,B01
202000032717,2,7,,8,0,9,19,A01
202000032718,1,7,,0,2,2,1,B01
202000032718,2,33,,0,2,3,1,A01
202000032719,1,7,,0,0,9,0,A01
202000032720,1,10,,0,2,5,1,B01
202000032720,1,31,,0,2,1,3,A01
202000032721,1,7,,0,2,3,15,A01
202000032721,1,33,,0,2,2,1,B01
202000032722,3,1,,0,2,2,1,B01
202000032722,3,7,,0,9,8,9,A01
202000032723,2,10,,0,2,4,2,B01
202000032723,2,10,,0,2,1,2,A01
202000032724,1,10,,0,2,1,9,A01
202000032724,3,13,,0,2,5,1,B01
202000032725,2,1,,0,1,0,26,A01
202000032726,2,7,,0,2,6,2,B01
202000032726,2,32,,0,2,1,2,A01
202000032727,1,99,,0,2,1,15,A01
202000032727,1,7,,0,2,1,26,B01
202000032728,1,7,,0,1,7,1,A01
202000032729,3,34,,0,0,7,16,A01
202000032730,3,7,,0,2,2,19,A01
202000032730,3,7,,0,2,1,1,B01
202000032731,1,2,,12,0,1,26,A01
202000032732,3,1,,0,2,0,1,A01
202000032732,3,7,,0,9,0,0,B01
202000032733,3,7,,0,1,0,1,A01
202000032734,1,7,,0,1,1,1,A01
202000032735,2,7,,0,2,1,15,A01
202000032735,1,7,,0,2,1,1,B01
202000032736,1,33,,0,2,9,19,B01
202000032736,1,10,,0,2,0,0,A01
202000032737,0,7,,0,1,2,1,A01
202000032738,3,31,,0,2,2,1,B01
202000032738,3,7,,0,2,1,16,A01
202000032739,3,7,,0,1,0,0,Z01
202000032740,3,7,,0,1,1,1,A01
202000032741,2,30,,1,0,1,14,A01
202000032742,1,7,,0,1,2,1,Z01
202000032743,0,33,,0,0,7,17,A01
202000032744,2,7,,0,2,2,18,A01
202000032744,2,7,,0,2,6,1,B01
202000032745,0,7,,0,1,7,1,A01
202000032746,2,7,,0,1,2,1,A01
202000032747,0,10,,0,2,0,0,Z01
202000032747,0,33,,0,2,0,1,A01
202000032748,1,1,,0,0,4,26,B01
202000032748,1,10,,0,2,4,14,A01
202000032749,1,7,,6,0,1,14,A01
202000032750,2,32,,8,0,1,25,A01
202000032751,2,7,,0,2,1,1,B01
202000032751,2,7,,6,2,7,1,A01
202000032752,1,7,,0,2,2,1,B01
202000032752,1,1,,0,2,1,5,A01
202000032753,1,10,,0,2,3,1,B01
202000032753,2,7,,0,2,3,15,A01
202000032754,2,1,,0,2,7,9,A01
202000032754,2,7,,0,2,1,1,B01
202000032755,1,30,,0,2,1,26,A01
202000032755,3,7,,0,2,0,0,B01
202000032756,1,7,,0,2,4,1,B01
202000032756,1,32,,0,2,1,1,A01
202000032757,3,32,,0,1,2,21,A01
202000032758,1,32,,0,0,0,1,A01
202000032759,1,30,,0,2,8,21,A01
202000032760,2,7,,0,2,7,1,B01
202000032760,2,7,,0,2,1,9,A01
202000032761,3,10,,0,1,2,1,A01
202000032762,1,7,,0,2,4,23,B01
202000032762,1,30,,0,2,1,2,A01
202000032763,2,7,,16,1,7,16,A01
202000032764,3,1,,0,2,7,1,A01
202000032764,3,7,,0,2,0,0,B01
202000032765,2,2,,0,2,1,1,B01
202000032765,0,7,,0,2,3,20,A01
202000032766,2,50,,0,2,2,10,A01
202000032766,1,31,,6,2,3,21,B01
202000032767,2,1,,0,2,4,1,C01
202000032767,2,7,,0,2,4,1,B01
202000032767,2,7,,0,2,1,2,A01
202000032768,2,7,,0,2,1,1,A01
202000032768,3,1,,0,2,7,19,B01
202000032769,3,30,,12,0,2,14,A01
202000032770,0,7,,6,0,2,1,A01
202000032771,1,14,,0,2,1,12,A01
202000032771,1,7,,0,2,6,2,B01
202000032772,1,30,,0,2,1,1,A01
202000032772,2,7,,0,2,8,1,B01
202000032773,1,33,,0,2,6,3,A01
202000032773,1,10,,0,0,0,0,B01
202000032774,0,1,,0,2,1,0,B01
202000032774,2,7,,0,2,6,2,A01
202000032775,0,1,,0,2,7,1,B01
202000032775,0,7,,0,2,1,9,A01
202000032776,1,7,,0,1,3,1,A01
202000032777,1,7,,0,2,1,6,Z01
202000032777,2,7,,0,2,3,1,B01
202000032778,1,31,,0,2,1,17,A01
202000032778,2,7,,0,2,8,15,B01
202000032779,1,33,,0,2,1,1,A01
202000032779,1,7,,0,2,2,16,B01
202000032780,2,7,,0,2,4,1,B01
202000032780,1,7,,0,2,1,1,A01
202000032781,0,30,,0,0,0,0,A01
202000032782,1,7,,0,2,3,15,A01
202000032782,2,33,,6,2,1,1,B01
202000032783,1,7,,0,2,5,19,B01
202000032783,2,30,,0,2,1,1,A01
202000032784,1,7,,0,2,3,1,B01
202000032784,2,10,,0,2,2,19,A01
202000032785,2,7,,0,1,1,1,A01
202000032786,1,33,,0,0,8,1,A01
202000032787,1,7,,0,1,3,15,A01
202000032788,1,7,,1,2,3,13,A01
202000032788,2,7,,0,2,8,2,B01
202000032789,1,7,,0,1,2,9,A01
202000032790,1,7,,0,2,4,2,B01
202000032790,1,7,,0,2,1,2,A01
202000032791,3,7,,8,0,1,1,A01
202000032792,1,7,,0,2,2,15,A01
202000032792,1,2,,0,2,7,3,B01
202000032793,0,33,,0,1,1,3,A01
202000032794,0,7,,0,1,1,1,Z01
202000032795,3,7,,0,2,0,0,A01
202000032795,3,7,,0,2,4,26,B01
202000032796,2,32,,0,0,8,1,A01
202000032797,-1,7,,0,1,1,26,A01
202000032798,3,1,,0,2,7,1,B01
202000032798,3,7,,0,9,3,9,A01
202000032799,1,7,,7,0,9,0,A01
202000032800,1,7,,0,1,2,1,A01
202000032801,3,15,,0,2,2,12,A01
202000032801,3,34,,0,2,8,1,B01
202000032802,2,10,,0,2,8,22,A01
202000032802,2,1,,0,2,8,1,B01
202000032803,1,7,,0,2,6,16,Z01
202000032803,1,1,,0,2,1,1,A01
202000032804,1,7,,0,1,0,1,Z01
202000032805,2,7,,0,2,3,15,B01
202000032805,1,34,,0,2,8,1,A01
202000032806,1,50,,1,0,1,1,A01
202000032807,1,7,,0,2,2,15,A01
202000032807,1,7,,0,2,1,1,B01
202000032808,1,7,,0,2,4,23,C01
202000032808,1,10,,0,2,1,2,A01
202000032808,1,7,,0,2,4,23,B01
202000032809,1,7,,0,2,2,15,A01
202000032809,2,7,,0,2,1,1,B01
202000032810,1,10,,0,1,3,1,A01
202000032811,2,10,,0,2,1,13,A01
202000032811,2,1,,0,2,5,15,B01
202000032812,1,10,,0,2,3,22,A01
202000032812,1,1,,0,2,1,1,B01
202000032813,2,80,,0,1,1,2,A01
202000032814,1,7,,0,2,2,1,A01
202000032814,1,7,,0,2,1,1,B01
202000032815,3,7,,0,2,1,16,A01
202000032815,3,80,,0,2,0,21,B01
202000032816,1,30,,0,2,3,13,A01
202000032816,1,7,,0,2,0,1,Z01
202000032817,2,1,,0,2,4,1,B01
202000032817,2,1,,0,2,1,13,A01
202000032818,1,30,,0,2,4,15,A01
202000032818,1,10,,0,2,1,2,Z01
202000032819,1,1,,14,0,0,11,A01
202000032820,1,7,,0,2,1,15,A01
202000032820,2,1,,0,2,1,1,B01
202000032821,2,7,,0,1,1,15,A01
202000032822,2,7,,0,1,2,16,A01
202000032823,3,50,,0,2,7,1,A01
202000032823,3,7,,0,9,1,1,B01
202000032824,1,15,,0,1,1,26,A01
202000032825,1,33,,0,1,0,17,A01
202000032826,2,7,,0,2,3,15,A01
202000032826,2,33,,0,2,7,17,B01
202000032827,0,7,,0,2,2,15,B01
202000032827,0,33,,0,2,3,2,A01
202000032828,3,7,,0,1,7,16,Z01
202000032829,0,7,,0,1,3,15,A01
202000032830,0,7,,1,2,4,0,B01
202000032830,1,7,,14,2,1,19,A01
202000032831,2,32,,0,2,8,1,A01
202000032831,2,7,,0,2,0,2,B01
202000032832,2,7,,0,2,1,9,A01
202000032832,2,2,,0,2,1,5,B01
202000032832,-1,7,,0,2,8,26,C01
202000032833,2,33,,0,2,8,2,B01
202000032833,2,7,,0,2,7,22,A01
202000032834,1,34,,0,2,7,17,B01
202000032834,1,7,,0,2,8,15,A01
202000032835,1,14,,0,2,5,16,B01
202000032835,1,2,,0,2,5,18,A01
202000032836,2,7,,0,2,3,15,A01
202000032836,2,33,,0,2,1,21,B01
202000032837,1,7,,0,2,3,13,A01
202000032837,2,10,,0,2,3,13,B01
202000032838,1,32,,0,2,2,17,B01
202000032838,1,7,,0,2,6,15,A01
202000032839,1,30,,14,0,1,0,A01
202000032840,1,2,,0,2,7,1,B01
202000032840,1,10,,0,2,3,21,A01
202000032841,2,1,,0,1,1,26,A01
202000032842,1,1,,0,2,4,2,B01
202000032842,1,7,,0,2,2,1,A01
202000032843,2,7,,13,2,3,1,B01
202000032843,1,7,,13,2,2,15,A01
202000032844,2,7,,4,0,3,1,A01
202000032845,-1,14,,0,2,5,11,B01
202000032845,-1,33,,0,2,2,5,A01
202000032846,2,7,,0,2,1,1,B01
202000032846,1,7,,0,2,1,1,A01
202000032847,2,2,,12,0,1,0,A01
202000032848,2,7,,0,2,6,1,B01
202000032848,1,33,,0,2,7,1,A01
202000032848,2,7,,0,2,6,1,C01
202000032849,1,33,,2,0,3,16,A01
202000032850,2,33,,0,2,2,15,A01
202000032850,2,7,,0,2,3,9,B01
202000032851,2,7,,0,2,5,1,A01
202000032851,1,7,,0,2,1,1,B01
202000032852,1,10,,13,0,1,21,A01
202000032853,1,2,,0,1,2,1,A01
202000032854,2,7,,0,2,4,1,B01
202000032854,2,7,,0,2,1,1,C01
202000032854,2,7,,0,0,6,1,A01
202000032855,1,7,,0,0,6,10,B01
202000032855,1,33,,0,2,1,1,A01
202000032856,2,2,,0,0,0,0,A01
202000032857,2,15,,0,0,8,2,C01
202000032857,2,7,,0,0,5,2,B01
202000032857,2,33,,0,2,1,2,A01
202000032858,1,7,,0,2,1,0,A01
202000032858,2,14,,0,2,3,0,B01
202000032859,2,33,,0,0,0,21,A01
202000032860,2,7,,0,2,2,13,B01
202000032860,1,7,,0,2,1,1,A01
202000032861,1,1,,0,0,0,0,A01
202000032862,1,3,,0,2,8,1,B01
202000032862,1,2,,0,2,1,2,A01
202000032863,2,7,,13,0,1,1,A01
202000032864,2,33,,0,6,1,1,A01
202000032865,1,7,,13,0,3,13,A01
202000032866,3,14,,0,1,4,4,A01
202000032867,2,1,,0,0,0,16,A01
202000032868,1,33,,3,2,7,17,B01
202000032868,1,7,,0,2,8,17,A01
202000032869,0,33,,0,2,1,1,A01
202000032869,2,7,,0,2,3,9,B01
202000032870,1,33,,13,0,1,1,A01
202000032871,3,7,,2,0,3,1,A01
202000032872,3,7,,13,0,2,1,A01
202000032873,1,2,,1,0,1,17,A01
202000032874,2,33,,0,6,1,1,A01
202000032875,2,33,,0,0,0,1,A01
202000032876,1,7,,0,2,1,2,A01
202000032876,1,7,,0,2,4,1,B01
202000032877,2,7,,0,2,1,1,B01
202000032877,1,21,,0,2,3,13,A01
202000032878,2,7,,0,2,3,1,B01
202000032878,1,33,,0,2,1,13,A01
202000032879,1,17,,0,2,8,1,B01
202000032879,2,10,,0,2,3,13,A01
202000032880,3,33,,0,0,0,1,A01
202000032881,0,7,,0,1,1,9,A01
202000032882,1,7,,12,2,3,19,A01
202000032882,1,7,,15,2,2,1,B01
202000032883,2,33,,0,2,8,1,B01
202000032883,2,7,,0,2,2,19,A01
202000032884,3,33,,0,0,0,26,A01
202000032885,2,33,,13,0,8,13,A01
202000032886,1,7,,13,0,2,1,A01
202000032887,2,31,,0,2,1,1,A01
202000032887,1,7,,0,2,5,15,B01
202000032888,3,7,,2,0,1,1,A01
202000032889,2,10,,0,2,3,21,A01
202000032889,1,1,,0,2,1,1,B01
202000032889,1,1,,0,2,1,1,C01
202000032890,1,7,,0,2,5,10,A01
202000032890,1,33,,0,2,1,1,B01
202000032891,1,34,,0,1,1,1,A01
202000032892,2,7,,0,2,3,13,B01
202000032892,1,34,,0,2,3,1,A01
202000032893,2,7,,0,0,9,14,A01
202000032894,2,7,,3,0,1,17,A01
202000032895,2,7,,0,1,0,26,A01
202000032896,1,33,,0,2,7,1,B01
202000032896,2,7,,0,2,1,9,A01
202000032897,1,33,,6,0,2,1,A01
202000032898,3,7,,0,2,3,15,A01
202000032898,0,33,,0,2,1,1,B01
202000032899,1,33,,0,2,8,0,A01
202000032899,2,7,,0,2,3,1,B01
202000032900,2,15,,1,0,2,21,B01
202000032900,2,7,,0,0,6,23,A01
202000032901,1,7,,0,2,1,21,B01
202000032901,2,21,,0,2,1,26,A01
202000032902,1,7,,7,0,5,15,B01
202000032902,2,7,,0,0,2,1,A01
202000032903,1,33,,0,2,1,13,A01
202000032903,2,7,,0,2,3,1,B01
202000032904,3,7,,0,9,1,1,B01
202000032904,1,31,,0,0,7,1,A01
202000032905,0,10,,0,1,1,23,A01
202000032906,2,7,,0,2,3,0,B01
202000032906,1,7,,0,2,3,1,A01
202000032907,2,7,,0,1,1,15,A01
202000032908,1,31,,13,0,0,1,A01
202000032909,3,7,,0,2,3,19,B01
202000032909,1,17,,0,2,2,1,A01
202000032910,1,31,,0,2,1,1,B01
202000032910,0,7,,0,2,3,9,A01
202000032911,1,14,,0,2,3,2,A01
202000032911,1,50,,0,2,1,0,B01
202000032912,2,34,,0,2,1,1,B01
202000032912,2,7,,0,2,1,15,A01
202000032913,2,7,,0,2,4,1,B01
202000032913,2,1,,14,0,1,1,A01
202000032914,1,7,,0,2,2,15,A01
202000032914,2,7,,0,2,3,1,B01
202000032915,2,7,,1,0,2,2,A01
202000032916,3,7,,0,2,3,1,B01
202000032916,3,2,,0,2,1,13,A01
202000032917,1,7,,0,0,0,1,A01
202000032918,3,21,,0,2,3,1,A01
202000032918,3,10,,0,2,3,1,B01
202000032919,3,2,,0,2,7,15,A01
202000032919,3,2,,0,2,1,1,B01
202000032920,2,7,,0,2,1,1,B01
202000032920,1,7,,0,2,1,13,A01
202000032921,2,10,,13,0,3,1,A01
202000032922,1,2,,0,2,1,1,C01
202000032922,1,7,,0,2,1,1,B01
202000032922,3,7,,0,2,8,15,A01
202000032923,1,7,,13,0,3,1,A01
202000032924,0,10,,0,1,2,1,A01
202000032925,3,7,,0,2,1,2,B01
202000032925,3,2,,0,0,4,2,A01
202000032926,1,7,,6,0,1,14,A01
202000032927,2,7,,8,0,1,14,A01
202000032928,0,7,,0,1,3,1,A01
202000032929,2,7,,0,2,4,1,C01
202000032929,1,7,,0,2,1,1,B01
202000032929,2,7,,0,2,1,1,A01
202000032930,3,32,,0,2,1,13,A01
202000032930,3,7,,0,2,3,1,B01
202000032931,0,7,,0,2,1,17,A01
202000032931,0,13,,0,2,8,20,B01
202000032931,0,20,,0,2,8,21,C01
202000032932,2,7,,0,2,3,15,A01
202000032932,1,2,,0,2,1,1,B01
202000032933,3,7,,6,0,5,1,A01
202000032934,2,10,,0,2,1,1,A01
202000032934,2,10,,3,2,1,6,B01
202000032934,1,7,,14,2,1,1,D01
202000032934,1,14,,14,2,1,1,E01
202000032934,1,7,,14,2,1,0,F01
202000032935,2,7,,0,2,2,15,B01
202000032935,1,7,,0,2,1,1,A01
202000032936,2,7,,0,2,3,1,B01
202000032936,1,2,,0,2,1,13,A01
202000032937,2,7,,0,0,4,26,A01
202000032937,2,7,,0,2,1,2,B01
202000032938,3,2,,0,5,7,21,A01
202000032939,1,2,,0,9,1,1,B01
202000032939,2,1,,0,2,0,1,A01
202000032940,1,7,,0,2,8,1,B01
202000032940,1,7,,0,2,1,1,A01
202000032941,0,7,,0,2,2,15,A01
202000032941,0,34,,0,2,5,0,B01
202000032942,2,7,,0,2,1,2,A01
202000032942,2,7,,0,2,4,2,B01
202000032942,2,7,,0,2,4,2,C01
202000032942,2,7,,0,0,4,2,D01
202000032943,1,33,,0,2,1,1,B01
202000032943,1,7,,0,0,8,15,A01
202000032944,2,2,,0,2,1,1,A01
202000032944,2,7,,0,0,5,1,B01
202000032945,2,21,,0,2,2,15,A01
202000032945,1,34,,0,2,1,1,B01
202000032946,1,7,,0,1,3,1,A01
202000032947,3,7,,0,0,0,9,A01
202000032947,3,7,,8,0,1,21,B01
202000032948,0,7,,0,2,2,15,A01
202000032948,0,7,,0,2,1,1,B01
202000032949,0,7,,0,1,5,20,A01
202000032950,2,7,,0,2,2,15,A01
202000032950,1,33,,0,2,1,1,B01
202000032951,2,7,,0,2,1,1,B01
202000032951,2,31,,0,0,4,1,A01
202000032952,2,7,,0,2,4,1,B01
202000032952,2,7,,0,2,1,1,A01
202000032953,1,14,,0,2,1,0,A01
202000032953,1,7,,0,2,4,0,B01
202000032953,1,7,,0,2,4,0,C01
202000032954,2,7,,0,2,1,2,A01
202000032954,2,7,,0,2,4,2,C01
202000032954,2,31,,0,2,1,2,B01
202000032955,1,7,,0,2,4,2,B01
202000032955,1,7,,0,2,1,2,A01
202000032956,2,7,,0,2,4,9,A01
202000032956,2,10,,0,2,0,0,C01
202000032956,2,7,,0,2,4,2,B01
202000032957,2,7,,0,2,1,2,B01
202000032957,2,33,,0,2,4,2,A01
202000032958,1,7,,0,2,4,26,A01
202000032958,1,7,,0,2,2,2,B01
202000032958,0,7,,0,2,1,1,C01
202000032959,1,7,,0,2,4,1,A01
202000032959,1,7,,0,2,1,1,Z01
202000032960,2,7,,0,0,0,0,B01
202000032960,2,7,,0,0,0,0,C01
202000032960,2,7,,0,0,0,11,A01
202000032960,2,15,,0,0,0,0,D01
202000032961,1,7,,0,2,1,2,B01
202000032961,1,7,,0,2,4,23,A01
202000032962,0,50,,0,9,1,1,A01
202000032963,0,7,,0,1,0,1,A01
202000032964,0,10,,0,1,0,1,A01
202000032965,2,2,,0,2,1,1,A01
202000032965,3,10,,0,2,4,1,B01
202000032966,3,7,,3,0,9,17,A01
202000032967,2,7,,0,2,1,1,A01
202000032967,2,31,,0,2,7,1,B01
202000032968,3,7,,0,2,2,15,A01
202000032968,3,7,,0,2,3,1,B01
202000032969,1,7,,0,2,7,1,A01
202000032969,1,7,,0,2,1,1,B01
202000032970,1,2,,0,2,8,1,B01
202000032970,2,10,,0,2,1,15,A01
202000032971,2,7,,0,2,8,15,B01
202000032971,2,7,,12,2,7,2,A01
202000032972,2,7,,0,2,8,15,B01
202000032972,2,7,,0,2,1,1,A01
202000032973,3,7,,0,2,4,2,B01
202000032973,3,7,,0,2,1,2,A01
202000032974,1,33,,0,2,1,2,A01
202000032974,1,7,,0,2,5,2,B01
202000032975,3,7,,0,2,1,1,C01
202000032975,3,7,,0,0,0,15,A01
202000032975,3,32,,0,2,1,1,B01
202000032976,3,7,,0,1,7,26,A01
202000032977,3,33,,0,2,1,18,A01
202000032977,3,7,,0,2,5,16,B01
202000032978,1,33,,3,0,1,9,A01
202000032979,1,31,,0,2,9,1,A01
202000032979,1,7,,0,2,6,1,B01
202000032980,2,7,,0,1,1,15,A01
202000032981,0,30,,0,2,5,1,B01
202000032981,0,7,,0,2,3,20,A01
202000032982,2,30,,12,0,0,1,A01
202000032983,3,1,,0,2,7,1,B01
202000032983,3,3,,0,2,3,1,A01
202000032984,1,7,,9,0,1,1,A01
202000032985,2,10,,0,2,3,9,A01
202000032985,1,50,,0,2,7,1,B01
202000032986,2,7,,0,2,3,1,B01
202000032986,1,33,,0,2,3,17,A01
202000032987,1,7,,8,1,1,1,A01
202000032988,1,7,,0,2,1,1,A01
202000032988,2,1,,0,2,1,1,B01
202000032989,2,1,,0,2,1,1,B01
202000032989,1,7,,0,2,2,1,A01
202000032990,0,7,,0,2,1,1,B01
202000032990,0,7,,0,2,1,13,A01
202000032991,3,7,,0,2,3,9,A01
202000032991,3,32,,0,2,5,1,B01
202000032992,3,80,,0,2,4,1,A01
202000032992,3,10,,0,9,1,9,B01
202000032993,1,43,,0,1,2,17,A01
202000032994,1,7,,0,1,2,11,A01
202000032995,2,7,,16,0,0,1,A01
202000032996,3,2,,0,2,0,0,B01
202000032996,3,7,,0,2,0,0,A01
202000032997,3,32,,0,2,1,2,A01
202000032997,3,7,,0,2,4,2,B01
202000032998,1,7,,0,2,8,13,Z01
202000032998,1,7,,0,2,5,1,B01
202000032999,2,7,,0,2,4,1,D01
202000032999,2,10,,0,2,1,1,A01
202000032999,2,7,,0,2,4,1,B01
202000032999,2,7,,0,2,4,1,C01
202000033000,2,7,,3,0,3,13,A01
202000033001,0,7,,0,2,2,1,B01
202000033001,2,7,,0,2,2,15,A01
202000033002,0,30,,0,0,3,0,A01
202000033003,1,7,,0,2,1,0,B01
202000033003,1,7,,0,2,1,16,A01
202000033004,0,31,,0,0,0,0,A01
202000033005,0,7,,0,1,0,0,B01
202000033006,3,30,,0,2,8,11,A01
202000033006,3,7,,0,2,3,1,B01
202000033007,0,7,,0,2,3,9,A01
202000033007,3,7,,0,2,2,1,B01
202000033008,3,7,,0,1,8,21,A01
202000033009,0,7,,0,2,5,16,B01
202000033009,0,50,,0,2,5,0,A01
202000033010,1,7,,0,2,5,15,C01
202000033010,2,33,,0,2,1,7,B01
202000033011,3,36,,9,0,1,1,A01
202000033012,3,7,,14,2,5,15,B01
202000033012,3,7,,0,2,1,16,A01
202000033013,1,7,,3,0,3,14,A01
202000033014,3,7,,0,2,2,17,A01
202000033014,3,1,,0,2,1,1,B01
202000033015,2,7,,13,0,1,0,A01
202000033016,2,33,,0,0,7,16,A01
202000033017,3,7,,0,1,5,1,A01
202000033018,1,33,,0,0,0,1,A01
202000033019,2,1,,0,0,0,0,B01
202000033019,2,7,,0,2,7,16,A01
202000033020,1,33,,0,0,0,1,A01
202000033021,3,7,,0,2,1,1,B01
202000033021,3,7,,0,2,1,1,A01
202000033022,2,33,,0,0,8,1,A01
202000033023,1,7,,0,2,4,4,A01
202000033023,2,30,,0,2,1,1,B01
202000033024,1,33,,0,2,7,21,B01
202000033024,1,7,,0,2,8,15,A01
202000033025,3,1,,0,2,8,19,A01
202000033025,3,7,,0,2,1,1,B01
202000033026,3,1,,0,2,3,26,B01
202000033026,0,7,,0,0,2,15,A01
202000033027,1,7,,0,0,0,1,A01
202000033028,3,7,,1,2,1,1,A01
202000033028,3,7,,0,2,1,1,B01
202000033029,1,7,,6,0,1,1,A01
202000033030,2,10,,3,0,1,1,A01
202000033031,2,2,,0,2,1,1,A01
202000033031,2,7,,0,2,5,15,B01
202000033032,1,33,,0,9,0,1,D01
202000033032,1,7,,0,2,1,1,C01
202000033032,1,7,,0,2,1,1,B01
202000033032,2,7,,0,2,1,13,A01
202000033033,1,7,,6,0,1,2,A01
202000033034,1,33,,0,0,1,1,A01
202000033035,2,7,,16,0,1,19,A01
202000033036,1,7,,0,2,5,23,A01
202000033036,1,10,,0,2,3,2,B01
202000033037,1,33,,0,2,1,11,A01
202000033037,1,7,,0,2,6,1,B01
202000033037,1,7,,0,2,7,1,C01
202000033038,1,7,,0,0,9,19,A01
202000033039,0,1,,0,2,1,1,B01
202000033039,0,7,,0,2,2,15,A01
202000033040,1,7,,0,2,2,21,A01
202000033040,1,7,,0,2,1,21,B01
202000033040,2,7,,0,2,2,5,Z01
202000033041,2,7,,0,2,4,1,B01
202000033041,2,7,,0,2,1,1,Z01
202000033042,0,2,,0,1,1,26,A01
202000033043,1,7,,13,0,7,14,A01
202000033044,2,7,,0,0,8,24,C01
202000033044,2,7,,0,0,4,23,B01
202000033044,2,7,,0,2,1,1,A01
202000033045,1,7,,0,2,4,1,B01
202000033045,1,7,,0,2,1,26,A01
202000033046,2,7,,0,0,4,1,B01
202000033046,2,7,,0,2,1,2,A01
202000033047,2,7,,0,0,9,0,A01
202000033048,2,7,,0,2,4,23,A01
202000033048,2,7,,0,2,4,23,B01
202000033048,2,7,,0,2,4,23,C01
202000033048,2,7,,0,2,1,2,E01
202000033048,2,7,,0,2,1,1,D01
202000033049,0,7,,0,2,2,0,B01
202000033049,0,7,,0,2,1,1,A01
202000033050,2,7,,0,0,7,1,A01
202000033050,2,33,,0,2,1,3,B01
202000033051,1,7,,0,1,3,1,A01
202000033052,2,33,,0,2,7,3,B01
202000033052,2,10,,0,2,4,1,C01
202000033052,2,7,,0,2,8,11,A01
202000033053,3,7,,0,2,2,1,A01
202000033053,3,33,,0,2,1,1,B01
202000033054,1,7,,0,1,2,1,A01
202000033055,1,7,,0,2,1,1,A01
202000033055,2,7,,0,2,4,1,B01
202000033055,1,7,,0,2,4,1,C01
202000033056,2,30,,15,0,7,2,A01
202000033057,1,7,,1,2,1,15,B01
202000033057,2,30,,0,2,1,26,A01
202000033058,0,7,,0,2,3,11,A01
202000033058,0,33,,0,2,0,1,B01
202000033059,0,7,,0,0,0,0,D01
202000033059,0,7,,0,0,0,0,C01
202000033059,0,33,,0,2,2,1,B01
202000033059,0,7,,1,0,6,13,A01
202000033060,-1,7,,0,2,1,9,A01
202000033060,-1,33,,0,2,8,1,B01
202000033061,1,7,,0,2,8,10,A01
202000033061,1,30,,0,2,1,1,B01
202000033062,3,32,,0,2,1,2,B01
202000033062,3,7,,0,2,5,16,A01
202000033063,2,2,,0,2,1,1,B01
202000033063,1,7,,0,2,5,15,A01
202000033064,2,7,,0,2,5,15,B01
202000033064,1,7,,0,2,1,26,A01
202000033065,1,1,,0,2,6,1,B01
202000033065,1,10,,0,9,5,1,A01
202000033066,3,7,,0,2,3,26,A01
202000033066,3,2,,0,2,7,0,B01
202000033067,2,7,,0,1,1,1,A01
202000033068,2,7,,0,2,6,2,B01
202000033068,2,7,,0,2,1,2,A01
202000033069,1,1,,0,1,1,26,A01
202000033070,3,7,,0,2,2,1,B01
202000033070,1,7,,0,2,1,13,A01
202000033071,2,31,,0,2,1,14,A01
202000033071,3,7,,0,2,5,2,B01
202000033071,3,7,,0,2,4,24,C01
202000033072,2,10,,0,1,1,1,A01
202000033073,1,2,,0,2,1,1,B01
202000033073,1,7,,0,2,2,15,A01
202000033074,2,2,,0,2,7,1,B01
202000033074,1,7,,0,2,1,15,A01
202000033075,1,7,,0,2,1,16,A01
202000033075,1,1,,0,2,8,1,B01
202000033076,1,1,,1,0,1,1,B01
202000033076,1,7,,0,2,3,22,A01
202000033077,0,7,,0,1,1,1,A01
202000033078,3,32,,0,0,8,1,A01
202000033079,2,7,,0,1,0,23,A01
202000033080,1,7,,0,2,1,26,A01
202000033080,1,7,,0,2,8,19,B01
202000033081,1,7,,0,2,2,12,A01
202000033081,1,7,,0,2,3,1,B01
202000033082,1,1,,0,2,7,16,A01
202000033082,2,7,,0,2,1,1,B01
202000033083,2,10,,0,2,3,2,B01
202000033083,1,7,,0,2,3,13,A01
202000033084,1,10,,0,1,1,15,A01
202000033085,3,1,,0,2,1,1,B01
202000033085,3,7,,0,9,2,16,A01