Num_Acc,senc,catv,occutc,obs,obsm,choc,manv,num_veh
202000033086,1,7,,0,2,0,15,B01
202000033086,1,32,,0,2,0,15,A01
202000033087,1,7,,4,0,8,1,A01
202000033088,1,43,,0,0,0,21,A01
202000033089,3,10,,0,0,0,1,A01
202000033089,3,33,,0,2,8,1,B01
202000033090,1,7,,15,0,1,1,A01
202000033091,2,33,,0,2,3,7,A01
202000033091,1,7,,0,2,0,15,B01
202000033092,1,30,,0,1,1,26,A01
202000033093,3,34,,0,2,6,9,B01
202000033093,3,7,,0,2,2,14,A01
202000033094,3,10,,0,1,4,4,A01
202000033095,1,50,,0,1,1,1,A01
202000033096,1,50,,0,0,1,21,A01
202000033097,1,7,,12,2,8,1,B01
202000033097,2,7,,0,2,3,13,A01
202000033098,2,7,,0,1,3,1,A01
202000033099,1,7,,0,2,6,17,A01
202000033099,1,1,,0,2,0,0,B01
202000033100,2,10,,0,2,6,1,B01
202000033100,2,30,,1,2,8,17,A01
202000033101,1,7,,0,2,1,1,A01
202000033101,1,7,,0,2,6,23,B01
202000033102,2,7,,0,1,1,1,Z01
202000033103,1,32,,0,2,1,1,B01
202000033103,2,34,,0,2,7,15,A01
202000033104,3,80,,0,0,0,1,A01
202000033105,2,50,,0,2,1,2,B01
202000033105,1,7,,0,2,1,15,Z01
202000033106,2,30,,0,2,2,1,B01
202000033106,1,30,,0,2,3,1,A01
202000033107,2,1,,0,1,1,1,A01
202000033108,1,1,,11,0,1,13,A01
202000033109,3,7,,0,2,2,15,A01
202000033109,0,7,,0,2,1,1,B01
202000033110,1,32,,0,1,4,1,Z01
202000033111,1,30,,0,2,1,1,B01
202000033111,1,7,,0,2,8,17,Z01
202000033112,1,1,,0,2,0,1,B01
202000033112,2,50,,0,2,1,13,A01
202000033113,1,13,,0,0,8,1,A01
202000033114,1,33,,0,2,2,1,A01
202000033115,2,2,,0,2,8,19,B01
202000033115,2,7,,0,2,4,16,C01
202000033115,1,7,,0,2,2,1,A01
202000033116,0,7,,0,1,3,15,A01
202000033117,1,7,,0,2,1,1,A01
202000033117,1,7,,0,2,4,1,B01
202000033118,1,7,,0,2,1,23,B01
202000033118,2,2,,0,1,1,1,A01
202000033119,2,14,,0,1,7,1,A01
202000033120,1,7,,0,2,5,1,A01
202000033120,1,2,,0,2,1,1,B01
202000033121,1,7,,0,2,6,1,B01
202000033121,1,7,,0,2,2,17,A01
202000033122,1,7,,0,2,5,12,B01
202000033122,1,33,,0,2,1,1,A01
202000033123,1,7,,0,2,3,15,A01
202000033123,1,7,,0,2,1,1,B01
202000033124,1,2,,0,2,1,1,B01
202000033124,1,7,,0,2,7,15,A01
202000033125,2,7,,0,2,8,15,B01
202000033125,2,32,,0,2,1,17,A01
202000033126,1,33,,9,0,0,1,A01
202000033127,1,43,,0,2,9,17,B01
202000033127,1,7,,0,2,3,13,A01
202000033128,2,7,,0,2,6,23,B01
202000033128,2,2,,0,2,2,17,A01
202000033129,1,7,,0,2,1,15,A01
202000033129,2,32,,0,2,1,1,B01
202000033130,-1,7,,0,0,0,0,B01
202000033130,1,7,,0,2,3,1,A01
202000033130,1,15,,0,2,1,12,Z01
202000033131,2,1,,0,2,1,14,A01
202000033131,1,7,,0,2,1,1,B01
202000033132,1,7,,0,2,7,2,Z01
202000033132,1,50,,0,2,8,2,A01
202000033133,1,50,,0,2,2,1,B01
202000033133,1,10,,0,2,2,15,A01
202000033134,1,20,,0,1,5,14,A01
202000033135,2,7,,0,1,2,1,A01
202000033136,1,7,,0,9,1,9,A01
202000033136,3,2,,0,2,7,5,B01
202000033137,2,1,,0,2,1,1,A01
202000033137,2,7,,0,2,4,23,B01
202000033138,2,7,,0,2,8,15,B01
202000033138,2,7,,0,2,1,1,A01
202000033139,1,7,,0,2,3,10,A01
202000033139,1,7,,0,2,1,1,B01
202000033140,2,7,,0,2,3,26,B01
202000033140,2,31,,0,2,2,1,A01
202000033141,2,1,,0,2,4,1,B01
202000033141,1,10,,0,2,2,16,A01
202000033142,1,7,,0,1,1,15,A01
202000033143,1,50,,0,2,7,1,A01
202000033143,1,10,,0,2,1,1,B01
202000033144,2,32,,0,2,8,1,B01
202000033144,1,10,,0,2,1,15,A01
202000033145,0,33,,0,2,8,18,A01
202000033145,0,7,,0,2,5,15,B01
202000033146,3,7,,0,0,0,0,Z01
202000033146,2,1,,0,2,0,25,A01
202000033147,1,50,,14,0,1,21,A01
202000033148,3,7,,0,1,1,1,Z01
202000033149,1,7,,0,2,5,1,C01
202000033149,1,1,,0,2,3,17,B01
202000033149,1,10,,0,2,3,22,A01
202000033150,2,7,,0,2,2,16,A01
202000033150,2,50,,0,2,1,1,B01
202000033151,2,14,,0,2,1,9,A01
202000033151,2,10,,0,2,5,1,B01
202000033152,2,31,,0,2,3,17,B01
202000033152,2,7,,0,0,0,0,Z01
202000033153,1,7,,1,0,1,1,A01
202000033154,0,7,,0,1,7,1,A01
202000033155,0,7,,0,2,1,1,B01
202000033155,1,7,,0,2,7,1,A01
202000033156,2,7,,0,9,2,1,A01
202000033156,1,1,,0,2,1,1,B01
202000033157,0,2,,1,0,7,19,A01
202000033157,0,7,,0,2,2,1,B01
202000033158,3,7,,0,2,2,15,B01
202000033158,1,32,,0,2,1,1,A01
202000033159,1,7,,7,0,1,1,A01
202000033160,3,7,,0,1,3,15,A01
202000033161,2,7,,0,1,2,15,A01
202000033162,1,7,,0,2,1,1,B01
202000033162,2,7,,0,0,8,15,A01
202000033163,1,30,,0,0,0,26,A01
202000033164,1,1,,0,2,4,2,B01
202000033164,1,7,,0,9,2,2,A01
202000033165,2,7,,0,2,0,0,B01
202000033165,2,7,,0,2,1,1,A01
202000033166,2,7,,1,0,1,19,A01
202000033167,3,7,,0,9,3,17,A01
202000033167,3,1,,0,2,4,15,B01
202000033168,0,7,,2,0,2,2,A01
202000033169,0,7,,13,0,2,1,A01
202000033170,0,7,,0,2,3,1,B01
202000033170,0,7,,0,2,3,13,A01
202000033171,1,7,,0,2,6,9,A01
202000033171,1,34,,0,2,2,1,B01
202000033172,3,7,,0,1,3,1,A01
202000033173,1,34,,0,2,1,1,B01
202000033173,1,10,,0,2,3,26,A01
202000033174,1,7,,0,2,1,13,A01
202000033174,2,7,,0,2,1,1,B01
202000033175,2,7,,0,2,1,1,A01
202000033175,3,7,,0,2,8,16,B01
202000033176,2,7,,0,2,3,1,B01
202000033176,1,10,,0,2,1,13,A01
202000033177,2,7,,2,0,1,1,A01
202000033178,3,7,,0,2,6,23,B01
202000033178,3,7,,0,2,2,2,A01
202000033179,1,37,2.0,1,2,1,1,A01
202000033179,1,7,,0,2,6,20,B01
202000033180,1,7,,0,2,1,19,A01
202000033180,2,7,,0,2,1,1,B01
202000033181,2,7,,2,0,1,13,A01
202000033182,3,7,,0,2,1,1,C01
202000033182,3,7,,0,2,1,1,B01
202000033182,3,7,,0,2,4,1,A01
202000033183,3,7,,13,0,1,0,A01
202000033184,0,33,,3,0,1,1,A01
202000033185,0,7,,0,2,7,9,A01
202000033185,3,32,,0,2,1,0,B01
202000033186,2,33,,0,2,1,1,A01
202000033186,2,10,,0,2,2,9,B01
202000033187,2,10,,0,2,2,0,A01
202000033187,2,7,,0,9,6,0,B01
202000033188,1,13,,0,2,2,1,B01
202000033188,2,7,,0,2,1,1,A01
202000033189,2,15,,0,2,1,13,A01
202000033189,2,7,,6,1,4,26,B01
202000033190,2,7,,0,2,8,2,A01
202000033190,2,1,,0,2,1,2,B01
202000033191,1,7,,0,0,0,0,A01
202000033192,3,7,,13,0,3,21,A01
202000033193,2,2,,0,2,8,1,A01
202000033193,2,7,,0,2,7,17,B01
202000033194,1,7,,0,2,3,1,B01
202000033194,2,1,,0,2,1,13,A01
202000033195,1,7,,3,2,3,1,B01
202000033195,2,7,,0,2,3,0,A01
202000033196,1,7,,0,0,0,17,A01
202000033197,0,7,,0,2,3,9,A01
202000033197,0,7,,0,0,2,1,B01
202000033198,1,33,,0,2,1,26,B01
202000033198,3,7,,0,2,3,26,A01
202000033199,1,7,,2,0,1,1,A01
202000033200,2,7,,12,0,3,1,A01
202000033200,1,7,,12,0,3,1,B01
202000033201,2,7,,0,2,2,15,A01
202000033201,1,2,,0,2,1,17,B01
202000033202,2,7,,0,0,4,1,F01
202000033202,2,7,,0,2,4,2,E01
202000033202,2,7,,0,2,1,2,D01
202000033202,2,7,,0,2,4,2,C01
202000033202,2,7,,0,2,4,2,B01
202000033202,2,7,,0,2,3,2,A01
202000033203,2,7,,3,2,6,11,A01
202000033203,2,7,,0,2,1,1,B01
202000033204,1,15,,0,1,5,17,A01
202000033204,1,7,,0,2,3,23,B01
202000033205,2,15,,3,0,7,0,A01
202000033206,1,33,,6,0,1,0,A01
202000033207,2,7,,0,2,3,15,B01
202000033207,2,33,,0,2,1,1,A01
202000033208,2,50,,0,1,0,25,A01
202000033209,2,33,,6,0,8,1,A01
202000033210,1,7,,0,2,4,1,B01
202000033210,1,7,,0,0,4,1,A01
202000033210,1,7,,0,2,1,1,C01
202000033210,1,7,,0,2,1,1,D01
202000033210,1,7,,0,2,1,1,E01
202000033210,1,17,,0,2,1,1,F01
202000033211,1,7,,2,0,1,1,A01
202000033212,2,7,,4,0,3,13,A01
202000033213,1,50,,0,2,7,1,B01
202000033213,2,13,,0,2,3,9,A01
202000033214,3,33,,6,0,2,14,A01
202000033215,3,2,,0,2,1,1,B01
202000033215,3,7,,0,2,3,9,A01
202000033216,2,7,,0,0,8,9,A01
202000033216,1,31,,0,2,1,1,B01
202000033217,1,2,,0,0,4,16,B01
202000033217,1,7,,0,2,2,2,A01
202000033218,1,7,,8,0,1,13,A01
202000033219,3,2,,0,2,2,9,A01
202000033219,3,7,,0,2,8,26,B01
202000033220,-1,33,,0,2,0,0,B01
202000033220,1,7,,0,2,3,9,A01
202000033221,3,31,,0,2,2,21,A01
202000033221,3,7,,0,2,8,15,B01
202000033222,2,7,,13,0,2,1,A01
202000033223,1,7,,7,2,1,13,A01
202000033223,1,7,,0,2,6,1,B01
202000033224,1,2,,0,0,8,1,A01
202000033225,3,7,,0,2,1,1,A01
202000033225,3,7,,0,2,9,1,B01
202000033225,3,7,,0,2,4,15,C01
202000033226,2,32,,0,2,1,1,B01
202000033226,1,7,,0,0,2,15,A01
202000033227,2,33,,0,2,1,21,B01
202000033227,1,10,,0,2,1,14,A01
202000033228,2,7,,13,0,2,1,A01
202000033229,1,31,,9,9,0,0,A01
202000033230,3,2,,12,0,8,1,A01
202000033231,1,7,,0,2,3,1,A01
202000033231,2,33,,0,2,1,1,B01
202000033232,2,7,,0,1,1,1,A01
202000033233,1,2,,0,0,7,14,A01
202000033234,2,7,,6,0,1,1,A01
202000033235,1,7,,0,2,6,19,A01
202000033235,2,31,,0,2,1,1,B01
202000033236,1,1,,0,2,1,16,A01
202000033236,1,7,,0,2,6,1,B01
202000033237,3,33,,0,2,1,12,A01
202000033237,3,7,,0,0,5,12,B01
202000033238,2,14,,13,0,2,0,A01
202000033239,2,7,,0,0,8,23,B01
202000033239,2,7,,0,2,1,19,A01
202000033240,2,33,,3,0,9,2,A01
202000033241,3,13,,0,2,2,0,A01
202000033241,3,7,,0,2,8,2,B01
202000033242,1,7,,2,0,1,1,A01
202000033243,2,7,,0,2,4,2,B01
202000033243,2,7,,0,2,1,2,A01
202000033244,1,7,,4,0,7,1,A01
202000033245,1,7,,0,2,4,2,B01
202000033245,1,10,,0,2,4,2,C01
202000033245,1,7,,0,2,1,2,A01
202000033246,1,7,,0,1,2,16,A01
202000033247,3,1,,0,2,3,1,B01
202000033247,3,7,,0,2,2,16,A01
202000033248,2,33,,13,0,0,1,A01
202000033249,2,33,,0,2,3,3,B01
202000033249,2,10,,0,2,4,1,C01
202000033249,2,7,,0,2,7,12,A01
202000033250,1,7,,0,2,4,26,B01
202000033250,1,2,,0,2,1,26,A01
202000033251,1,7,,16,0,0,1,A01
202000033252,3,7,,0,2,4,15,B01
202000033252,3,2,,0,2,1,1,A01
202000033253,1,33,,14,0,1,0,A01
202000033254,2,7,,0,2,8,1,C01
202000033254,2,7,,0,2,3,1,B01
202000033254,1,7,,0,2,3,13,A01
202000033255,1,7,,0,2,1,15,A01
202000033255,2,33,,0,2,1,1,B01
202000033256,2,7,,0,2,3,9,A01
202000033256,2,32,,0,2,2,1,B01
202000033257,3,10,,0,1,4,4,A01
202000033258,3,7,,0,2,1,15,B01
202000033258,3,33,,0,2,1,1,A01
202000033259,2,10,,0,2,1,1,C01
202000033259,2,7,,0,2,8,1,B01
202000033259,1,7,,0,2,3,5,A01
202000033260,2,2,,0,0,1,18,A01
202000033261,2,33,,0,0,0,1,A01
202000033262,1,33,,7,0,8,1,A01
202000033263,1,7,,0,1,2,17,A01
202000033264,3,37,1.0,0,2,1,1,B01
202000033264,3,30,,0,2,1,13,A01
202000033265,1,7,,0,2,1,1,A01
202000033265,1,33,,0,2,7,19,B01
202000033266,3,7,,0,1,3,13,A01
202000033267,2,7,,0,2,3,2,C01
202000033267,1,33,,0,0,0,2,B01
202000033267,2,33,,0,2,1,10,A01
202000033268,1,30,,0,0,8,9,A01
202000033269,1,7,,0,1,1,1,A01
202000033270,1,33,,0,2,1,1,B01
202000033270,1,2,,0,0,8,15,A01
202000033271,1,7,,0,1,2,16,A01
202000033272,3,40,,0,2,2,1,A01
202000033272,3,10,,0,-1,7,1,B01
202000033273,3,7,,2,0,1,1,A01
202000033274,1,33,,0,2,7,1,B01
202000033274,1,1,,0,2,1,19,A01
202000033275,3,7,,15,0,2,0,A01
202000033276,1,10,,0,2,2,1,B01
202000033276,2,10,,0,2,8,1,A01
202000033277,2,7,,0,2,3,1,B01
202000033277,3,1,,0,2,6,19,A01
202000033278,2,7,,0,1,1,9,A01
202000033279,1,10,,0,2,1,26,A01
202000033279,2,31,,0,2,1,1,B01
202000033280,1,7,,15,0,1,1,A01
202000033281,1,7,,0,2,3,15,A01
202000033281,2,30,,0,2,1,1,B01
202000033282,2,33,,0,0,2,1,A01
202000033283,1,33,,3,0,2,26,A01
202000033284,1,33,,0,1,1,1,A01
202000033285,1,7,,0,2,4,23,B01
202000033285,1,30,,0,2,1,1,A01
202000033286,1,7,,0,1,2,1,A01
202000033287,1,17,,0,2,5,23,B01
202000033287,1,30,,0,2,1,1,A01
202000033288,2,7,,0,1,3,15,A01
202000033289,2,7,,15,0,1,6,A01
202000033290,1,7,,0,2,5,23,B01
202000033290,1,1,,0,2,3,1,A01
202000033291,1,7,,1,2,9,14,A01
202000033292,2,7,,0,2,4,15,B01
202000033292,2,33,,0,2,1,1,A01
202000033293,3,1,,0,2,1,1,B01
202000033293,3,7,,0,2,8,24,A01
202000033294,3,33,,0,2,1,1,B01
202000033294,3,10,,0,2,2,9,A01
202000033295,3,36,,0,0,0,14,A01
202000033296,1,7,,0,2,6,1,A01
202000033296,1,7,,0,2,2,12,B01
202000033297,3,7,,0,2,0,10,A01
202000033297,3,2,,0,2,0,17,B01
202000033298,1,10,,0,2,8,13,A01
202000033298,2,10,,0,2,8,1,B01
202000033299,2,7,,6,0,1,26,A01
202000033300,2,1,,0,2,8,1,B01
202000033300,2,10,,0,2,1,16,A01
202000033301,2,7,,0,2,3,17,A01
202000033301,1,2,,0,2,1,17,B01
202000033301,2,7,,0,2,8,1,C01
202000033301,1,7,,0,2,8,1,D01
202000033302,1,30,,0,0,0,21,A01
202000033303,0,7,,0,2,1,1,Z01
202000033303,0,7,,0,0,4,1,B01
202000033304,2,50,,0,1,1,1,A01
202000033305,2,31,,0,2,8,18,A01
202000033305,2,13,,0,2,5,16,B01
202000033306,1,7,,0,2,7,1,A01
202000033306,1,33,,0,2,1,1,B01
202000033307,1,33,,8,0,1,1,A01
202000033308,3,1,,0,0,1,0,A01
202000033309,2,33,,3,0,7,1,A01
202000033310,3,1,,4,0,1,14,A01
202000033311,1,7,,0,2,0,16,A01
202000033311,2,1,,0,2,0,1,B01
202000033312,1,7,,0,2,6,4,A01
202000033312,3,7,,0,2,3,23,Z01
202000033313,1,13,,0,2,2,15,A01
202000033313,2,30,,0,2,3,2,B01
202000033314,2,7,,0,2,2,1,B01
202000033314,2,7,,0,2,1,19,A01
202000033315,1,7,,0,2,8,13,B01
202000033315,2,33,,0,2,8,13,A01
202000033316,2,43,,0,2,1,17,B01
202000033316,2,7,,0,2,8,10,A01
202000033317,1,7,,0,2,4,9,A01
202000033317,1,34,,0,2,1,2,B01
202000033318,2,7,,0,1,0,0,A01
202000033319,1,7,,0,2,3,9,A01
202000033319,1,1,,0,2,3,1,B01
202000033320,0,36,,0,0,8,26,A01
202000033321,1,7,,0,2,3,13,A01
202000033321,1,33,,0,2,7,17,B01
202000033322,2,32,,0,2,1,18,A01
202000033322,2,10,,0,2,3,22,B01
202000033323,2,7,,0,2,1,2,A01
202000033323,1,7,,0,2,4,2,B01
202000033324,2,32,,0,0,0,2,A01
202000033325,1,7,,13,0,1,1,A01
202000033326,2,13,,0,2,2,1,B01
202000033326,2,7,,0,2,6,11,A01
202000033327,1,80,,12,0,1,9,A01
202000033328,1,7,,0,1,3,1,A01
202000033329,1,2,,0,2,7,9,A01
202000033329,1,13,,0,2,8,2,B01
202000033330,1,30,,8,0,0,14,A01
202000033331,1,7,,0,1,2,1,A01
202000033332,2,7,,0,1,2,1,Z01
202000033333,1,7,,0,2,1,1,A01
202000033333,2,2,,0,2,7,15,B01
202000033334,1,1,,0,2,3,1,B01
202000033334,2,7,,0,2,2,15,A01
202000033335,2,7,,0,1,1,1,A01
202000033336,3,7,,9,1,1,17,A01
202000033337,2,7,,0,2,1,23,A01
202000033337,2,7,,0,1,4,23,B01
202000033337,2,14,,0,1,4,23,C01
202000033338,1,1,,1,0,7,14,A01
202000033339,0,10,,0,2,1,10,Z01
202000033339,0,1,,0,2,1,1,A01
202000033340,2,7,,0,2,4,13,A01
202000033340,2,32,,0,2,1,1,B01
202000033341,3,7,,0,2,3,10,A01
202000033341,3,34,,0,2,1,1,B01
202000033342,2,33,,0,2,7,2,A01
202000033342,2,43,,0,2,7,2,B01
202000033343,2,7,,0,1,2,1,A01
202000033344,2,10,,0,2,4,2,C01
202000033344,2,10,,0,2,4,2,B01
202000033344,2,10,,0,2,1,26,A01
202000033345,2,10,,0,2,2,15,A01
202000033345,1,1,,0,2,1,16,B01
202000033346,1,7,,0,1,1,1,A01
202000033347,1,7,,4,0,2,0,A01
202000033347,1,7,,0,2,1,21,B01
202000033347,1,7,,0,2,3,0,C01
202000033347,1,7,,0,2,4,26,D01
202000033348,1,33,,0,2,8,5,A01
202000033348,2,7,,0,2,2,1,B01
202000033349,1,32,,0,2,2,17,B01
202000033349,1,1,,0,2,6,2,A01
202000033350,2,32,,0,0,1,1,B01
202000033350,0,2,,0,2,1,13,A01
202000033351,2,10,,0,1,3,15,A01
202000033352,1,30,,0,1,1,0,A01
202000033353,2,7,,0,2,6,2,A01
202000033353,2,7,,0,2,2,17,B01
202000033354,1,10,,0,1,2,1,A01
202000033355,1,1,,0,2,3,9,B01
202000033355,1,7,,0,9,2,9,A01
202000033356,1,7,,1,0,2,1,A01
202000033356,1,7,,1,1,8,24,B01
202000033356,1,7,,1,1,8,24,C01
202000033356,1,7,,0,1,6,24,D01
202000033357,2,7,,0,2,3,10,A01
202000033357,2,34,,0,2,1,1,B01
202000033358,3,7,,0,2,1,16,A01
202000033358,3,7,,0,2,8,0,B01
202000033358,3,7,,0,2,3,0,C01
202000033359,1,1,,0,2,4,13,B01
202000033359,1,33,,0,2,1,1,A01
202000033360,0,32,,15,9,1,25,A01
202000033361,2,32,,0,2,3,1,B01
202000033361,1,7,,0,2,3,15,A01
202000033362,1,7,,14,0,4,23,C01
202000033362,1,7,,14,0,4,23,B01
202000033362,1,10,,14,0,1,2,A01
202000033363,1,7,,2,0,1,14,A01
202000033364,2,7,,0,2,1,1,B01
202000033364,2,7,,0,2,4,2,A01
202000033365,0,7,,0,0,0,24,A01
202000033365,0,1,,1,0,1,0,B01
202000033366,3,7,,0,2,4,2,A01
202000033366,1,7,,0,2,0,0,B01
202000033367,0,30,,0,2,0,0,B01
202000033367,3,7,,0,2,3,1,A01
202000033368,2,7,,0,2,1,26,C01
202000033368,1,7,,0,2,1,21,B01
202000033368,2,7,,0,2,1,1,A01
202000033369,2,31,,0,2,2,0,B01
202000033369,1,7,,0,2,3,15,A01
202000033370,1,7,,0,2,4,26,A01
202000033370,1,7,,0,2,3,1,B01
202000033371,1,33,,0,2,1,1,B01
202000033371,2,7,,0,2,2,15,A01
202000033372,1,7,,0,2,8,21,B01
202000033372,2,7,,6,2,1,13,A01
202000033373,1,10,,0,2,1,13,Z01
202000033373,1,34,,0,2,5,2,C01
202000033374,1,7,,4,0,1,21,A01
202000033375,1,7,,0,2,8,15,A01
202000033375,1,33,,0,2,1,1,B01
202000033376,2,50,,0,1,2,5,AA01
202000033377,1,7,,0,2,4,2,B01
202000033377,1,7,,0,2,1,2,A01
202000033378,2,10,,0,2,0,0,Z01
202000033378,2,33,,0,2,3,1,A01
202000033379,2,7,,0,2,3,11,A01
202000033379,2,33,,0,2,2,1,B01
202000033380,1,33,,0,0,1,23,A01
202000033381,1,7,,0,2,4,2,C01
202000033381,1,10,,0,2,1,2,B01
202000033381,1,7,,0,2,1,2,A01
202000033382,1,7,,0,0,9,14,A01
202000033383,1,7,,0,2,2,14,A01
202000033383,1,2,,0,2,4,23,B01
202000033384,2,34,,0,2,1,9,A01
202000033384,1,7,,0,2,2,18,B01
202000033385,-1,7,,0,1,3,15,A01
202000033386,0,7,,0,2,0,10,A01
202000033386,1,30,,0,2,0,1,B01
202000033387,0,31,,0,2,1,1,B01
202000033387,0,10,,0,2,1,1,A01
202000033388,1,7,,0,2,4,2,B01
202000033388,1,7,,0,2,1,2,A01
202000033389,-1,7,,0,2,1,1,B01
202000033389,-1,7,,0,2,4,23,A01
202000033390,1,7,,0,2,1,1,A01
202000033390,2,32,,0,2,3,0,B01
202000033391,3,33,,0,2,4,1,A01
202000033392,1,31,,0,2,0,0,A01
202000033393,1,33,,0,2,8,1,B01
202000033393,2,7,,0,2,1,15,A01
202000033394,1,7,,0,1,2,1,A01
202000033395,1,7,,0,2,4,2,B01
202000033395,1,7,,0,2,1,2,A01
202000033396,1,10,,0,1,6,26,A01
202000033397,1,2,,0,0,0,26,A01
202000033398,2,0,,0,2,4,12,A01
202000033398,2,2,,0,2,1,1,B01
202000033399,3,32,,0,2,5,1,B01
202000033399,2,7,,0,2,2,1,A01
202000033400,2,37,3.0,0,0,1,1,A01
202000033401,1,30,,0,2,1,1,B01
202000033401,1,14,,0,2,6,26,A01
202000033402,2,33,,13,0,7,2,A01
202000033403,2,7,,3,2,2,6,A01
202000033403,1,7,,0,2,2,1,B01
202000033404,2,7,,0,2,5,15,A01
202000033404,2,2,,0,2,1,14,B01
202000033405,1,2,,0,2,1,2,A01
202000033405,1,7,,0,0,4,1,B01
202000033406,2,17,,0,0,6,1,B01
202000033406,2,10,,3,2,2,13,A01
202000033407,2,7,,0,2,7,12,A01
202000033407,2,43,,0,2,8,3,B01
202000033408,1,7,,0,2,3,17,A01
202000033408,2,7,,0,2,3,1,B01
202000033409,1,33,,0,2,8,1,B01
202000033409,2,7,,0,0,8,15,A01
202000033410,0,7,,2,0,3,1,A01
202000033411,-1,7,,0,2,6,2,B01
202000033411,-1,32,,0,2,1,2,A01
202000033412,2,2,,14,0,1,1,A01
202000033413,2,7,,13,0,9,1,A01
202000033414,1,7,,0,2,1,2,A01
202000033414,1,15,,0,2,4,2,B01
202000033415,2,7,,0,2,4,1,B01
202000033415,2,7,,0,2,1,2,A01
202000033416,1,7,,0,1,1,16,Z01
202000033417,3,33,,0,2,1,5,B01
202000033417,3,13,,0,2,3,1,A01
202000033418,2,7,,5,2,3,17,A01
202000033418,2,10,,0,2,1,1,B01
202000033419,1,7,,0,1,1,24,A01
202000033420,1,7,,0,2,5,15,B01
202000033420,2,2,,0,2,1,1,A01
202000033421,2,7,,0,2,3,15,B01
202000033421,2,31,,0,2,2,17,A01
202000033422,1,33,,0,2,2,17,A01
202000033422,1,17,,0,2,3,15,B01
202000033423,1,1,,0,0,0,1,A01
202000033424,2,10,,0,1,2,14,A01
202000033425,1,7,,0,2,3,1,B01
202000033425,2,7,,0,2,3,14,A01
202000033426,3,7,,0,2,5,15,A01
202000033426,3,33,,0,2,1,1,B01
202000033427,3,7,,0,2,9,2,A01
202000033427,3,7,,0,2,1,1,C01
202000033427,3,14,,0,2,0,0,B01
202000033428,2,2,,0,6,7,2,A01
202000033429,1,33,,0,0,7,21,B01
202000033429,1,33,,0,0,0,1,A01
202000033430,3,7,,0,1,1,2,A01
202000033431,2,7,,0,2,1,1,B01
202000033431,1,7,,0,0,2,15,A01
202000033432,0,33,,0,2,1,2,A01
202000033432,0,7,,0,0,4,15,B01
202000033433,2,7,,0,0,7,1,B01
202000033433,1,10,,0,2,1,1,A01
202000033434,1,7,,6,9,1,0,A01
202000033435,3,30,,0,2,1,1,A01
202000033435,3,7,,0,2,4,23,B01
202000033436,1,7,,13,0,1,14,A01
202000033437,0,2,,0,2,1,1,B01
202000033437,2,7,,0,2,3,15,A01
202000033438,1,1,,0,2,1,1,A01
202000033438,1,1,,0,2,1,1,B01
202000033438,3,7,,0,2,7,19,C01
202000033439,1,7,,2,0,3,0,A01
202000033440,1,7,,9,0,1,16,A01
202000033441,3,7,,0,1,1,26,A01
202000033442,2,7,,17,0,2,1,A01
202000033443,1,7,,15,0,3,13,A01
202000033444,2,33,,0,0,0,0,A01
202000033445,1,7,,0,2,3,1,A01
202000033445,2,7,,0,2,3,13,B01
202000033446,3,35,,0,0,1,1,A01
202000033447,2,7,,0,2,1,9,B01
202000033447,1,2,,12,2,1,1,A01
202000033448,1,33,,16,0,9,14,A01
202000033449,0,7,,0,2,2,1,A01
202000033449,0,2,,0,2,1,1,B01
202000033450,0,10,,0,1,2,1,A01
202000033451,1,7,,0,2,3,9,A01
202000033451,2,33,,0,2,1,1,B01
202000033452,1,7,,0,2,3,2,A01
202000033452,1,7,,0,2,4,1,B01
202000033453,2,33,,0,0,0,1,A01
202000033454,2,10,,0,2,0,17,A01
202000033454,2,1,,0,2,0,1,B01
202000033455,1,7,,0,1,1,1,A01
202000033456,2,7,,0,9,7,1,A01
202000033456,1,1,,0,2,1,19,B01
202000033457,1,7,,0,2,6,21,D01
202000033457,1,7,,0,2,1,1,B01
202000033457,2,10,,3,2,1,13,A01
202000033457,1,7,,0,2,2,21,C01
202000033458,1,7,,0,2,1,17,B01
202000033458,2,7,,0,2,1,5,A01
202000033459,2,7,,0,1,1,1,A01
202000033460,2,7,,0,2,0,15,A01
202000033460,2,33,,0,2,2,1,B01
202000033461,2,7,,0,1,1,1,A01
202000033462,1,7,,0,2,7,19,A01
202000033462,1,17,,0,2,3,1,B01
202000033463,1,1,,0,2,1,5,A01
202000033463,2,1,,0,2,1,1,B01
202000033464,2,7,,0,2,1,1,C01
202000033464,1,7,,0,0,4,1,A01
202000033464,1,7,,0,2,1,1,B01
202000033465,2,33,,0,0,8,1,A01
202000033466,0,7,,7,0,5,2,B01
202000033466,0,7,,0,2,2,2,A01
202000033467,2,20,,0,9,1,1,B01
202000033467,1,2,,0,2,3,1,A01
202000033468,2,7,,13,0,3,1,A01
202000033469,2,7,,6,0,1,1,A01
202000033470,2,7,,0,0,7,21,B01
202000033470,1,7,,0,2,1,16,A01
202000033471,1,7,,0,0,1,13,A01
202000033472,2,33,,4,0,3,16,A01
202000033473,1,7,,9,0,0,14,A01
202000033474,3,7,,0,2,8,0,B01