Num_Acc,senc,catv,occutc,obs,obsm,choc,manv,num_veh
202000033474,3,7,,0,2,1,0,A01
202000033475,1,7,,0,2,4,0,B01
202000033475,1,7,,0,2,0,1,A01
202000033476,3,33,,7,0,8,1,A01
202000033477,1,7,,7,0,7,15,A01
202000033478,1,7,,0,1,2,15,A01
202000033479,2,7,,8,0,3,13,A01
202000033480,3,31,,0,2,1,1,B01
202000033480,3,7,,0,2,2,10,A01
202000033481,3,31,,0,0,7,1,A01
202000033482,2,32,,0,2,7,17,B01
202000033482,2,10,,0,2,8,15,A01
202000033483,1,14,,0,1,2,1,A01
202000033484,1,33,,0,2,8,2,B01
202000033484,2,7,,0,2,1,19,A01
202000033485,1,7,,0,2,1,1,C01
202000033485,2,7,,0,2,4,23,B01
202000033485,2,7,,0,2,1,1,A01
202000033486,1,32,,0,0,1,1,A01
202000033487,1,7,,0,2,1,1,D01
202000033487,1,7,,0,2,8,17,B01
202000033487,1,7,,0,2,4,1,C01
202000033487,1,31,,0,2,3,5,A01
202000033488,2,7,,0,2,4,2,C01
202000033488,2,7,,0,2,4,2,B01
202000033488,2,7,,0,2,1,2,A01
202000033489,1,2,,0,2,3,1,B01
202000033489,2,33,,0,2,3,10,A01
202000033490,0,31,,0,0,0,2,A01
202000033491,2,33,,0,0,3,17,A01
202000033492,2,99,,5,0,3,1,A01
202000033493,1,7,,2,0,8,1,A01
202000033494,2,7,,0,1,2,1,A01
202000033495,1,7,,0,0,4,2,B01
202000033495,1,7,,0,2,1,2,A01
202000033496,0,33,,6,0,1,1,A01
202000033497,1,7,,0,2,3,1,A01
202000033497,2,2,,0,2,1,13,B01
202000033498,1,33,,0,0,7,0,A01
202000033499,1,7,,2,0,1,1,A01
202000033500,1,33,,0,2,1,1,B01
202000033500,1,7,,0,2,7,15,A01
202000033501,3,33,,0,0,7,26,A01
202000033502,1,7,,0,2,3,0,A01
202000033502,2,7,,0,2,3,0,B01
202000033503,2,7,,6,0,3,1,A01
202000033504,3,7,,0,2,1,1,B01
202000033504,3,7,,0,2,8,1,A01
202000033505,2,1,,0,2,1,13,B01
202000033505,1,7,,0,2,3,1,A01
202000033506,1,31,,0,2,1,1,A01
202000033506,1,15,,0,0,6,23,B01
202000033507,1,33,,0,2,8,1,A01
202000033507,2,7,,0,2,6,19,B01
202000033508,1,33,,5,0,3,1,A01
202000033509,1,7,,0,2,1,15,A01
202000033509,1,7,,0,2,8,1,B01
202000033510,2,33,,2,0,1,14,A01
202000033511,2,7,,0,2,3,1,B01
202000033511,1,2,,0,2,1,13,A01
202000033512,3,33,,15,0,1,1,A01
202000033513,2,7,,13,0,3,1,A01
202000033514,2,13,,16,0,9,1,A01
202000033515,0,7,,0,1,4,4,A01
202000033516,0,7,,0,2,2,15,B01
202000033516,0,2,,0,2,1,1,A01
202000033517,1,33,,13,0,7,2,A01
202000033518,2,7,,0,2,5,10,A01
202000033518,1,17,,0,2,1,1,B01
202000033519,2,7,,0,9,1,2,C01
202000033519,2,7,,0,9,1,1,B01
202000033519,1,10,,0,0,0,1,A01
202000033520,3,7,,0,2,3,1,B01
202000033520,3,33,,0,2,8,1,A01
202000033521,1,33,,0,0,0,1,A01
202000033522,1,7,,0,2,2,15,A01
202000033522,2,33,,0,2,1,1,B01
202000033523,3,7,,6,0,3,1,A01
202000033524,1,10,,13,0,1,1,A01
202000033525,0,7,,0,9,1,15,A01
202000033525,0,1,,0,2,8,1,B01
202000033526,1,15,,0,0,2,0,A01
202000033527,0,37,1.0,0,0,1,1,A01
202000033527,0,7,,0,0,4,1,C01
202000033527,0,7,,0,0,4,1,B01
202000033528,2,7,,4,2,1,2,A01
202000033528,2,7,,0,2,6,2,B01
202000033529,1,10,,0,2,0,1,C01
202000033529,1,33,,16,0,1,1,A01
202000033529,1,7,,0,2,0,1,B01
202000033530,1,7,,13,0,0,14,A01
202000033531,2,33,,0,2,1,1,B01
202000033531,2,7,,0,2,8,11,A01
202000033532,1,7,,4,0,3,0,A01
202000033533,2,7,,6,2,1,2,A01
202000033534,1,7,,4,2,1,0,A01
202000033534,1,7,,0,2,3,1,B01
202000033535,2,7,,0,1,2,1,A01
202000033536,2,7,,15,0,1,0,A01
202000033537,1,7,,10,0,1,1,A01
202000033538,3,33,,0,1,0,0,A01
202000033539,1,7,,0,2,4,0,A01
202000033539,1,7,,0,2,4,0,B01
202000033539,1,7,,0,2,4,0,C01
202000033539,1,7,,0,0,0,0,D01
202000033540,1,7,,0,2,4,2,B01
202000033540,1,7,,0,2,1,2,C01
202000033540,1,14,,0,2,4,1,A01
202000033541,2,7,,0,2,2,19,A01
202000033541,2,7,,0,2,5,23,C01
202000033541,2,33,,0,2,5,1,B01
202000033542,2,7,,0,2,3,9,A01
202000033542,2,7,,0,2,1,17,B01
202000033543,1,33,,0,2,7,1,B01
202000033543,1,7,,0,2,8,11,A01
202000033544,3,7,,0,1,1,19,A01
202000033545,2,7,,0,2,3,26,A01
202000033545,1,7,,0,2,3,26,B01
202000033545,1,7,,0,2,0,26,C01
202000033545,1,7,,0,2,3,0,D01
202000033546,1,7,,3,0,9,1,A01
202000033547,2,34,,0,2,1,12,A01
202000033547,2,7,,0,2,5,1,B01
202000033548,1,7,,0,2,8,17,B01
202000033548,1,33,,0,2,5,3,A01
202000033549,1,7,,15,1,9,7,A01
202000033549,3,7,,0,2,9,16,B01
202000033549,1,10,,0,2,5,1,C01
202000033549,1,10,,0,2,7,1,D01
202000033550,2,33,,0,0,7,14,A01
202000033551,1,1,,0,2,7,0,B01
202000033551,1,10,,0,2,1,1,A01
202000033552,1,7,,0,2,2,17,A01
202000033552,2,37,5.0,0,2,3,1,B01
202000033553,3,10,,0,1,4,20,A01
202000033554,2,7,,0,2,5,12,B01
202000033554,2,32,,0,2,1,3,A01
202000033555,0,7,,0,1,1,1,A01
202000033556,1,1,,0,2,8,1,B01
202000033556,1,7,,0,2,3,17,A01
202000033557,3,7,,2,0,7,2,A01
202000033558,2,7,,3,0,7,1,A01
202000033559,1,7,,0,2,1,24,B01
202000033559,2,30,,0,2,9,13,A01
202000033560,2,7,,0,2,3,9,A01
202000033560,2,1,,0,2,7,1,B01
202000033561,1,7,,9,0,1,1,A01
202000033562,3,32,,1,0,2,26,A01
202000033562,3,7,,1,0,0,0,B01
202000033563,1,15,,0,2,3,2,B01
202000033563,1,10,,0,2,1,2,C01
202000033563,1,7,,0,2,7,26,A01
202000033564,2,10,,0,0,3,2,A01
202000033565,1,7,,0,2,1,2,A01
202000033565,2,7,,0,2,1,15,B01
202000033566,1,7,,2,0,1,13,A01
202000033567,2,33,,3,0,8,21,A01
202000033568,3,7,,0,2,1,1,A01
202000033568,1,7,,0,2,2,1,B01
202000033569,0,7,,0,2,4,23,C01
202000033569,0,7,,0,2,4,23,B01
202000033569,0,7,,0,2,1,1,A01
202000033570,2,33,,4,0,8,13,A01
202000033571,0,7,,0,1,1,1,A01
202000033572,1,10,,0,2,3,5,C01
202000033572,2,10,,0,2,6,2,B01
202000033572,2,31,,0,2,6,2,A01
202000033573,2,15,,0,2,3,11,A01
202000033573,2,7,,0,2,4,1,B01
202000033573,2,10,,0,2,4,1,C01
202000033573,2,7,,0,2,4,1,D01
202000033574,1,7,,0,2,3,1,B01
202000033574,1,7,,0,2,1,1,A01
202000033575,2,7,,0,2,3,9,A01
202000033575,0,1,,0,2,4,26,Y01
202000033576,1,7,,1,0,1,2,A01
202000033576,1,7,,0,2,4,23,B01
202000033577,1,7,,0,1,1,26,A01
202000033578,1,7,,0,0,1,1,A01
202000033579,1,7,,0,0,4,2,C01
202000033579,1,7,,0,2,3,21,A01
202000033579,1,7,,0,2,3,2,B01
202000033580,3,7,,0,2,5,15,A01
202000033580,3,33,,0,2,1,21,B01
202000033581,1,33,,0,2,1,1,A01
202000033581,1,7,,0,2,4,1,B01
202000033582,2,7,,0,2,1,1,B01
202000033582,1,7,,0,2,1,16,A01
202000033583,3,10,,0,1,4,20,A01
202000033584,3,7,,3,0,5,26,A01
202000033585,1,7,,0,2,4,1,B01
202000033585,1,7,,0,2,1,1,A01
202000033586,2,7,,0,2,2,14,Z01
202000033586,2,7,,0,2,1,1,C01
202000033586,2,15,,0,2,2,1,B01
202000033587,2,7,,0,2,1,1,A01
202000033587,2,7,,0,2,4,2,B01
202000033588,1,7,,0,2,6,23,B01
202000033588,1,7,,0,2,2,2,A01
202000033589,2,7,,0,2,2,21,B01
202000033589,2,7,,0,2,8,1,A01
202000033590,1,1,,0,2,3,26,A01
202000033590,1,7,,0,2,2,1,B01
202000033591,2,1,,12,0,7,26,A01
202000033592,1,0,,1,0,0,25,A01
202000033593,1,7,,14,0,2,1,C01
202000033593,2,7,,0,2,1,1,B01
202000033593,2,7,,14,2,1,1,A01
202000033594,3,10,,0,2,1,1,B01
202000033594,3,10,,0,2,3,1,A01
202000033595,1,31,,0,0,3,3,A01
202000033596,3,7,,0,2,1,26,A01
202000033596,3,7,,0,2,4,26,C01
202000033596,3,7,,0,2,4,26,D01
202000033596,3,7,,0,2,4,2,B01
202000033597,3,7,,0,1,1,1,A01
202000033598,1,7,,6,0,1,26,A01
202000033599,2,7,,4,0,0,14,A01
202000033600,0,50,,0,0,1,1,A01
202000033601,1,7,,4,0,1,1,A01
202000033602,1,7,,0,2,0,1,A01
202000033602,1,7,,0,2,2,15,B01
202000033603,1,10,,0,2,6,11,A01
202000033603,1,33,,0,2,2,3,B01
202000033603,1,7,,0,2,4,1,C01
202000033604,1,7,,0,2,1,1,A01
202000033604,1,30,,0,2,4,1,B01
202000033605,1,7,,6,1,2,21,A01
202000033606,1,7,,14,0,1,13,A01
202000033607,2,7,,0,2,2,12,A01
202000033607,2,33,,0,2,3,3,B01
202000033608,1,33,,0,2,7,2,A01
202000033608,1,7,,0,2,8,15,B01
202000033609,1,7,,0,1,2,1,A01
202000033610,1,17,,4,0,8,13,A01
202000033611,1,7,,13,0,7,14,A01
202000033612,1,31,,0,2,7,0,B01
202000033612,1,7,,0,2,8,13,A01
202000033613,1,7,,0,1,0,1,Z01
202000033614,1,1,,0,2,2,19,B01
202000033614,1,7,,0,2,2,1,A01
202000033615,1,7,,0,1,3,5,A01
202000033616,2,7,,0,1,3,1,A01
202000033617,3,7,,0,0,1,1,B01
202000033617,3,7,,0,2,1,13,A01
202000033618,1,15,,0,2,7,12,A01
202000033618,1,7,,0,2,8,1,B01
202000033619,0,31,,0,2,7,12,B01
202000033619,0,7,,0,2,8,1,A01
202000033620,2,7,,0,2,1,9,A01
202000033620,2,10,,0,2,4,2,C01
202000033620,2,7,,0,2,4,2,B01
202000033621,3,99,,0,2,4,1,B01
202000033621,3,99,,0,2,1,26,A01
202000033622,0,1,,0,2,1,13,A01
202000033622,2,7,,0,2,1,1,B01
202000033623,1,30,,0,2,1,25,B01
202000033623,2,50,,0,2,1,25,A01
202000033624,3,0,,12,0,0,0,A01
202000033625,1,7,,0,1,0,1,A01
202000033626,1,7,,2,0,7,13,A01
202000033627,3,7,,0,2,0,23,B01
202000033627,1,30,,0,2,1,1,A01
202000033628,1,2,,0,2,3,9,A01
202000033628,1,7,,0,2,3,1,B01
202000033629,1,7,,0,2,1,11,B01
202000033629,1,7,,0,2,4,1,A01
202000033630,2,30,,0,0,8,16,A01
202000033631,2,7,,0,9,1,9,A01
202000033631,2,33,,0,2,7,2,B01
202000033632,2,7,,0,2,1,1,B01
202000033632,3,7,,0,2,8,1,A01
202000033633,2,7,,0,2,1,13,A01
202000033633,1,7,,0,2,1,1,B01
202000033634,2,7,,0,0,1,11,A01
202000033635,1,7,,0,1,1,1,A01
202000033636,3,7,,0,2,3,9,A01
202000033636,3,2,,0,2,1,9,B01
202000033637,2,7,,3,0,1,1,A01
202000033638,1,7,,0,9,3,15,A01
202000033638,2,1,,0,2,1,1,B01
202000033639,1,7,,0,1,2,1,A01
202000033640,2,7,,0,2,7,1,B01
202000033640,2,7,,0,2,1,1,A01
202000033641,1,7,,0,2,7,12,A01
202000033641,1,34,,0,2,8,3,B01
202000033642,3,7,,13,2,2,14,A01
202000033642,3,7,,0,2,3,1,B01
202000033643,1,30,,0,0,1,1,A01
202000033644,3,7,,0,2,3,9,A01
202000033644,2,33,,0,2,1,1,B01
202000033645,3,7,,0,2,2,1,A01
202000033645,3,7,,0,2,1,1,B01
202000033646,2,7,,0,1,1,15,A01
202000033647,1,7,,0,2,3,1,B01
202000033647,2,35,,0,2,1,5,A01
202000033648,2,7,,0,9,5,26,B01
202000033649,1,7,,0,1,1,1,A01
202000033650,1,7,,0,1,1,1,A01
202000033651,1,7,,0,2,1,26,A01
202000033651,2,33,,0,2,2,0,B01
202000033652,2,50,,0,2,1,1,B01
202000033652,1,7,,0,2,1,1,A01
202000033653,1,7,,0,2,4,2,B01
202000033653,1,10,,0,2,1,2,A01
202000033654,2,50,,12,0,0,1,A01
202000033655,3,7,,0,2,6,1,B01
202000033655,3,2,,0,2,1,2,A01
202000033656,1,7,,0,2,4,2,B01
202000033656,1,7,,0,2,4,2,C01
202000033656,1,7,,0,2,1,2,A01
202000033657,2,33,,0,2,1,2,A01
202000033657,2,7,,0,2,4,2,B01
202000033658,2,3,,0,2,3,15,A01
202000033658,2,80,,0,2,8,1,B01
202000033659,0,7,,0,2,1,1,A01
202000033659,0,7,,0,2,4,23,B01
202000033659,0,7,,0,2,8,1,C01
202000033659,0,7,,0,2,2,1,D01
202000033660,1,7,,0,1,5,1,A01
202000033661,2,7,,4,0,3,13,A01
202000033662,1,31,,0,2,1,1,B01
202000033662,1,7,,0,2,1,15,A01
202000033663,1,7,,0,1,1,1,Z01
202000033664,1,7,,0,2,1,2,A01
202000033664,1,7,,0,2,4,1,B01
202000033665,3,7,,0,1,3,1,A01
202000033666,1,7,,0,2,2,10,A01
202000033666,2,32,,0,2,1,1,B01
202000033667,1,7,,0,2,1,2,A01
202000033667,1,7,,0,0,4,2,B01
202000033668,1,7,,0,2,8,1,A01
202000033668,1,31,,0,2,7,0,B01
202000033669,0,3,,0,2,1,0,A01
202000033670,2,3,,0,1,3,0,A01
202000033671,0,7,,0,1,1,1,A01
202000033672,0,7,,0,1,1,1,A01
202000033673,1,7,,0,1,2,1,A01
202000033674,0,7,,0,2,3,1,B01
202000033674,0,7,,0,2,1,1,C01
202000033674,0,7,,0,2,1,13,A01
202000033675,1,7,,0,2,1,1,B01
202000033675,2,7,,0,2,7,1,A01
202000033676,1,1,,0,2,1,18,B01
202000033676,1,37,1.0,0,2,5,7,A01
202000033677,3,34,,5,0,1,15,A01
202000033678,2,7,,0,2,4,13,B01
202000033678,2,7,,0,2,1,1,A01
202000033679,1,1,,15,0,1,1,A01
202000033680,3,31,,0,1,0,1,A01
202000033681,3,7,,0,1,2,26,A01
202000033682,0,7,,2,0,8,0,A01
202000033683,1,7,,0,1,0,10,A01
202000033684,2,7,,0,2,1,15,A01
202000033684,2,33,,0,2,1,17,B01
202000033685,1,10,,0,1,2,15,A01
202000033686,2,1,,0,2,0,1,B01
202000033686,2,7,,0,2,2,1,A01
202000033687,0,7,,0,2,1,15,A01
202000033687,0,7,,0,2,3,1,B01
202000033688,2,7,,0,2,8,15,B01
202000033688,1,7,,0,2,8,1,A01
202000033689,1,7,,0,2,7,14,A01
202000033689,1,32,,0,2,8,1,B01
202000033690,2,7,,0,2,1,15,A01
202000033690,1,30,,0,2,7,1,B01
202000033691,0,30,,0,2,1,26,A01
202000033691,0,7,,0,2,2,1,B01
202000033692,1,7,,0,2,0,1,Z01
202000033692,1,7,,0,2,7,1,B01
202000033692,1,32,,0,2,6,11,A01
202000033693,1,10,,0,0,1,26,A01
202000033694,1,50,,0,2,7,1,A01
202000033694,1,30,,0,2,0,1,Z01
202000033695,0,20,,0,2,2,9,A01
202000033695,1,34,,0,2,2,26,B01
202000033696,3,7,,0,2,1,19,A01
202000033696,3,7,,0,2,7,1,B01
202000033697,3,7,,4,0,1,1,A01
202000033698,1,7,,0,2,1,15,A01
202000033698,2,7,,0,2,8,1,B01
202000033699,1,1,,0,2,1,1,A01
202000033699,2,1,,0,2,1,13,B01
202000033700,1,7,,0,1,1,1,A01
202000033701,1,7,,0,1,1,9,A01
202000033702,1,10,,0,1,1,15,A01
202000033703,1,1,,0,2,2,13,A01
202000033703,1,1,,0,2,8,13,B01
202000033704,1,7,,0,1,0,1,A01
202000033705,3,30,,0,2,4,1,B01
202000033705,1,7,,0,2,3,13,A01
202000033706,1,7,,0,2,4,1,B01
202000033706,1,10,,0,2,1,1,A01
202000033707,2,7,,0,2,3,19,A01
202000033707,2,7,,0,2,7,1,B01
202000033708,1,7,,0,2,3,20,A01
202000033708,1,1,,0,2,0,0,B01
202000033709,2,7,,0,2,1,1,A01
202000033709,2,7,,0,2,8,15,B01
202000033710,1,7,,0,2,2,15,A01
202000033710,1,1,,0,2,1,2,B01
202000033711,1,7,,0,1,1,1,A01
202000033712,2,7,,0,2,4,4,A01
202000033712,1,7,,0,0,2,1,B01
202000033713,1,7,,8,0,1,1,A01
202000033714,2,7,,0,2,7,19,A01
202000033714,1,7,,0,2,1,1,B01
202000033715,2,7,,2,0,1,9,A01
202000033716,1,2,,0,2,1,26,A01
202000033716,3,7,,0,2,0,26,B01
202000033717,1,7,,0,2,1,1,B01
202000033717,1,7,,0,2,1,1,Z01
202000033718,1,7,,3,0,2,1,A01
202000033719,1,7,,0,2,4,23,B01
202000033719,1,7,,0,2,1,2,A01
202000033720,0,31,,1,0,1,1,A01
202000033721,1,2,,0,0,0,1,A01
202000033722,1,1,,0,2,1,1,B01
202000033722,1,7,,0,2,1,1,A01
202000033723,1,32,,0,0,0,2,A01
202000033724,1,7,,0,0,4,2,B01
202000033724,1,10,,0,2,1,2,A01
202000033725,0,10,,0,4,7,19,A01
202000033725,0,40,,0,2,1,1,B01
202000033726,1,7,,0,1,8,26,A01
202000033727,2,7,,0,2,1,10,A01
202000033727,2,30,,0,2,5,1,B01
202000033728,3,99,,0,0,1,0,B01
202000033728,0,99,,0,0,4,26,A01
202000033729,1,7,,0,1,2,1,A01
202000033730,2,7,,0,1,2,21,A01
202000033731,-1,32,,0,2,4,11,B01
202000033731,-1,7,,0,2,2,1,A01
202000033732,2,30,,0,2,2,1,B01
202000033732,1,7,,0,2,2,10,A01
202000033733,2,10,,0,2,7,16,A01
202000033733,2,1,,0,2,1,1,B01
202000033734,1,7,,0,9,2,1,B01
202000033734,3,32,,0,2,0,0,A01
202000033735,0,7,,0,0,4,1,C01
202000033735,0,7,,0,2,1,1,A01
202000033735,0,7,,0,2,1,1,B01
202000033736,2,7,,0,1,1,15,A01
202000033737,1,7,,0,2,4,2,B01
202000033737,1,7,,0,2,1,26,A01
202000033738,3,7,,0,2,4,1,A01
202000033738,3,7,,0,2,1,1,Z01
202000033739,3,7,,1,0,2,14,A01
202000033740,3,2,,13,0,1,1,A01
202000033741,1,1,,0,1,1,1,A01
202000033742,2,33,,11,2,1,1,A01
202000033742,2,31,,0,2,4,1,B01
202000033743,1,33,,0,2,1,1,B01
202000033743,2,2,,0,2,7,15,A01
202000033744,2,7,,0,2,2,15,A01
202000033744,2,1,,0,2,1,1,B01
202000033745,0,33,,13,0,2,1,B01
202000033745,0,21,,0,0,0,1,A01
202000033746,2,1,,0,0,8,1,A01
202000033747,2,7,,4,0,1,1,A01
202000033748,2,7,,0,2,1,0,B01
202000033748,1,7,,0,2,7,13,A01
202000033749,2,1,,0,1,1,1,A01
202000033750,2,7,,0,2,7,15,A01
202000033750,2,7,,0,2,3,1,B01
202000033751,0,33,,0,0,1,1,B01
202000033751,0,33,,0,0,1,1,A01
202000033752,1,7,,13,0,0,1,A01
202000033753,1,7,,0,2,5,23,B01
202000033753,1,32,,0,2,1,1,A01
202000033754,2,7,,0,2,3,1,B01
202000033754,1,32,,0,2,7,15,A01
202000033755,2,7,,0,2,2,16,A01
202000033755,2,1,,0,2,0,1,B01
202000033756,1,33,,0,2,1,1,A01
202000033756,3,7,,0,2,3,16,B01
202000033757,0,1,,1,0,0,0,B01
202000033757,3,3,,0,2,0,0,A01
202000033758,3,7,,8,0,1,9,A01
202000033759,1,7,,8,0,1,14,A01
202000033760,1,33,,0,0,0,17,A01
202000033760,1,37,1.0,0,0,0,0,T01
202000033760,2,7,,0,0,0,15,B01
202000033761,3,50,,14,0,1,1,A01
202000033761,3,10,,0,2,3,1,B01
202000033762,1,7,,0,2,3,9,A01
202000033762,1,7,,0,2,1,1,B01
202000033763,1,7,,0,1,2,9,A01
202000033764,2,7,,0,2,1,1,A01
202000033764,2,7,,0,2,1,1,B01
202000033764,2,7,,0,0,4,1,C01
202000033765,1,7,,0,1,3,16,A01
202000033766,1,7,,0,9,2,1,A01
202000033766,1,1,,0,2,3,1,B01
202000033767,1,7,,0,2,5,24,B01
202000033767,1,7,,1,2,2,21,A01
202000033768,0,34,,0,2,3,21,A01
202000033768,0,7,,0,2,3,20,B01
202000033769,1,7,,1,1,1,16,A01
202000033770,1,7,,0,1,1,15,A01
202000033771,2,33,,0,2,1,2,B01
202000033771,2,7,,1,0,3,20,A01
202000033772,1,7,,0,2,0,0,B01
202000033772,1,80,,0,2,4,2,A01
202000033773,1,7,,0,1,2,15,A01
202000033774,1,50,,0,2,8,15,A01
202000033774,2,7,,0,2,2,1,B01
202000033775,1,34,,0,2,2,1,B01
202000033775,1,10,,0,2,3,15,A01
202000033776,1,10,,0,1,1,1,A01
202000033777,1,7,,0,1,3,1,A01
202000033778,1,7,,0,1,1,15,A01
202000033779,2,7,,0,2,1,15,B01
202000033779,2,7,,6,2,2,1,A01
202000033780,2,7,,15,0,3,13,A01
202000033781,2,38,1.0,0,9,1,9,A01
202000033781,2,1,,0,0,7,1,B01
202000033782,1,7,,0,2,1,1,B01
202000033782,1,7,,3,2,4,1,A01
202000033783,1,36,,13,0,3,1,A01
202000033784,2,7,,0,2,1,13,A01
202000033784,1,7,,0,2,3,1,B01
202000033785,2,7,,3,0,1,1,A01
202000033786,2,7,,13,0,9,14,A01
202000033787,2,7,,13,0,1,13,A01
202000033788,2,7,,2,0,1,1,A01
202000033789,2,7,,0,2,3,13,A01
202000033789,1,20,,0,0,3,1,B01
202000033790,2,7,,0,1,3,1,A01
202000033791,1,7,,2,0,3,13,A01
202000033792,0,7,,0,2,1,1,A01
202000033792,0,7,,0,2,4,15,B01
202000033793,3,30,,13,0,0,1,A01
202000033794,1,7,,2,0,1,1,A01
202000033795,1,7,,0,2,3,1,B01
202000033795,2,7,,0,2,2,1,A01
202000033796,2,1,,0,0,0,1,A01
202000033797,2,7,,2,0,3,0,A01
202000033798,2,7,,13,0,1,1,A01
202000033799,1,7,,2,0,1,1,A01
202000033800,1,10,,0,6,1,1,A01
202000033801,2,7,,0,2,1,2,A01
202000033801,2,17,,0,0,4,2,B01
202000033802,2,7,,0,2,0,23,A01
202000033802,2,10,,0,1,3,1,B01
202000033802,2,7,,1,0,1,2,C01
202000033803,2,7,,3,0,1,0,A01
202000033804,2,7,,0,2,1,2,A01
202000033804,2,7,,3,2,4,2,B01
202000033804,2,17,,0,0,4,1,C01
202000033805,1,7,,0,2,1,17,A01
202000033805,1,7,,0,2,1,1,B01
202000033806,1,7,,0,1,1,1,A01
202000033807,1,7,,6,0,1,1,A01
202000033808,1,7,,0,2,7,1,A01
202000033808,2,7,,0,2,1,1,B01
202000033809,1,7,,0,0,0,1,A01
202000033809,1,33,,0,0,0,21,B01
202000033810,3,7,,0,1,1,0,A01
202000033810,3,7,,0,2,1,0,B01
202000033811,2,7,,0,1,8,1,A01
202000033812,0,7,,0,0,3,15,A01
202000033812,0,7,,0,2,2,1,B01
202000033813,1,7,,0,2,1,2,B01
202000033813,1,7,,0,0,4,2,A01
202000033814,1,32,,0,2,4,1,B01
202000033814,1,7,,0,2,1,1,Z01
202000033815,1,7,,0,2,1,11,A01
202000033815,1,7,,0,2,6,2,B01
202000033815,1,7,,4,2,2,1,C01
202000033816,1,7,,0,2,6,2,B01
202000033816,1,7,,0,2,1,2,A01
202000033816,1,7,,0,2,4,1,C01
202000033817,1,7,,0,2,4,2,B01
202000033817,1,7,,0,2,1,2,A01
202000033818,2,33,,0,0,3,3,A01
202000033819,2,7,,0,2,2,2,A01
202000033819,2,7,,0,2,2,2,B01
202000033820,1,7,,0,2,2,15,A01
202000033820,1,14,,0,2,1,1,B01
202000033821,2,7,,4,0,2,26,A01
202000033822,2,33,,1,2,8,1,B01
202000033822,2,7,,0,2,7,26,A01
202000033823,2,7,,0,2,9,0,B01
202000033823,2,7,,0,2,4,0,C01
202000033823,2,7,,0,2,1,26,A01
202000033824,1,7,,0,2,1,2,A01
202000033824,1,7,,0,2,4,2,B01
202000033825,2,33,,0,2,3,3,A01
202000033826,1,17,,0,0,2,9,A01
202000033827,1,7,,0,2,6,2,C01
202000033827,1,7,,0,2,5,2,B01
202000033827,1,7,,0,2,3,2,A01
202000033828,2,15,,0,2,1,1,A01
202000033828,2,7,,0,2,4,11,B01
202000033829,2,7,,0,2,3,1,B01
202000033829,1,15,,0,2,3,1,A01
202000033830,3,7,,11,0,1,16,A01
202000033831,3,32,,0,0,2,0,A01
202000033832,1,33,,8,0,0,1,A01
202000033833,1,30,,0,1,8,17,A01
202000033834,1,7,,0,0,4,23,B01
202000033834,1,7,,0,2,1,9,A01
202000033835,1,10,,0,2,3,15,A01
202000033835,2,7,,0,2,8,1,B01
202000033836,3,7,,0,1,1,13,A01
202000033837,1,30,,1,0,8,13,A01
202000033838,1,7,,0,1,2,1,A01
202000033839,1,14,,0,1,8,1,A01
202000033840,1,7,,13,0,1,14,A01
202000033841,0,7,,0,2,6,1,B01
202000033841,0,7,,0,2,2,14,A01
202000033842,0,15,,0,2,7,15,B01
202000033842,0,15,,0,2,1,9,A01
202000033843,0,7,,0,2,7,15,A01
202000033843,0,7,,0,2,1,1,B01
202000033844,0,7,,0,2,1,1,A01
202000033844,0,7,,0,2,4,23,B01
202000033845,3,7,,0,1,3,9,A01
202000033846,3,7,,9,0,1,1,A01
202000033847,3,7,,0,1,1,1,A01
202000033848,1,7,,1,1,3,13,A01
202000033849,1,7,,0,2,1,1,Z01
202000033849,1,7,,0,2,4,1,A01
202000033849,1,7,,0,2,1,0,B01
202000033850,1,7,,1,1,8,4,A01
202000033851,3,7,,0,2,3,1,B01
202000033851,3,30,,0,2,8,15,A01
202000033852,0,0,,0,0,0,0,Z01
202000033852,1,50,,0,2,7,0,B01
202000033853,3,7,,0,1,0,0,A01
202000033854,2,7,,0,2,1,9,A01
202000033854,1,1,,0,2,7,1,B01
202000033855,1,7,,0,2,1,2,A01
202000033855,1,7,,0,1,4,2,B01
202000033856,2,1,,0,2,8,19,B01
202000033856,2,7,,0,2,1,15,A01
202000033857,1,7,,0,1,1,1,A01
202000033858,2,10,,0,2,1,17,A01
202000033858,1,10,,0,2,2,23,B01
202000033859,0,30,,0,2,1,1,B01
202000033859,1,7,,0,2,3,1,A01
202000033860,1,7,,4,0,3,1,A01
202000033861,3,7,,0,2,1,1,B01
202000033861,3,7,,0,2,2,16,A01
202000033862,3,7,,0,2,1,9,A01
202000033862,3,1,,0,2,7,15,B01
202000033863,2,7,,1,0,1,1,A01
202000033863,2,13,,0,2,6,0,B01
202000033864,1,32,,6,0,6,15,B01
202000033864,1,30,,0,2,1,15,A01
202000033865,1,7,,0,2,6,2,D01
202000033865,1,7,,0,2,4,2,C01
202000033865,1,7,,0,2,4,2,B01
202000033865,1,38,1.0,0,2,1,1,A01
202000033866,1,34,,0,2,1,1,A01
202000033866,2,7,,0,2,5,16,B01
202000033867,1,7,,0,2,2,19,A01
202000033867,1,33,,0,2,1,1,B01
202000033868,3,33,,0,1,3,2,A01