Num_Acc,senc,catv,occutc,obs,obsm,choc,manv,num_veh
202000033869,2,7,,0,1,1,15,A01
202000033870,1,0,,0,2,3,13,Z01
202000033870,1,10,,0,2,3,1,B01
202000033871,1,7,,0,2,1,1,B01
202000033871,2,7,,0,2,8,15,A01
202000033872,0,7,,0,2,2,15,A01
202000033872,0,7,,0,2,1,1,B01
202000033873,3,7,,0,9,2,15,A01
202000033873,3,1,,0,2,2,1,B01
202000033874,2,7,,14,0,1,2,B01
202000033874,2,10,,13,0,9,14,A01
202000033875,1,1,,0,1,1,1,A01
202000033876,1,1,,0,2,1,13,A01
202000033876,2,7,,0,2,1,1,B01
202000033877,1,32,,0,2,7,1,B01
202000033877,1,7,,0,2,8,11,A01
202000033878,2,32,,0,1,2,17,A01
202000033879,1,7,,0,2,3,9,B01
202000033879,2,32,,0,2,1,17,A01
202000033880,1,30,,0,1,1,1,Z01
202000033881,2,50,,0,1,1,1,A01
202000033882,1,33,,0,2,8,1,A01
202000033882,1,1,,0,2,7,15,B01
202000033883,2,7,,0,2,2,1,B01
202000033883,1,3,,0,2,1,1,A01
202000033884,1,1,,0,2,1,1,B01
202000033884,2,7,,0,2,2,1,A01
202000033885,1,50,,0,2,1,1,A01
202000033885,1,7,,0,2,3,1,B01
202000033886,2,1,,0,2,0,1,A01
202000033886,2,7,,0,2,8,22,B01
202000033887,1,30,,0,2,2,1,A01
202000033887,1,7,,0,2,3,15,B01
202000033888,2,1,,0,2,1,15,B01
202000033888,1,31,,0,2,1,17,A01
202000033889,1,7,,0,2,2,15,A01
202000033889,2,30,,0,2,1,8,B01
202000033890,1,7,,0,2,1,15,B01
202000033890,2,30,,0,2,2,1,A01
202000033891,1,7,,0,2,2,1,B01
202000033891,1,80,,0,2,8,13,A01
202000033892,1,7,,0,2,3,9,A01
202000033892,1,32,,0,2,1,1,B01
202000033893,2,7,,0,2,3,1,B01
202000033893,2,1,,0,2,7,14,A01
202000033894,1,31,,0,1,1,1,A01
202000033895,2,1,,0,1,1,7,A01
202000033896,1,7,,0,2,3,1,Z01
202000033896,2,1,,0,2,3,1,A01
202000033897,2,30,,0,0,8,1,A01
202000033898,3,7,,0,2,3,15,A01
202000033898,3,32,,0,2,7,1,B01
202000033899,1,33,,0,2,8,1,A01
202000033899,1,7,,0,2,7,12,Z01
202000033900,1,32,,0,1,1,1,A01
202000033901,3,30,,0,2,1,26,A01
202000033901,1,37,1.0,0,2,6,23,B01
202000033902,2,60,,0,0,0,25,B01
202000033902,3,30,,0,2,0,25,A01
202000033903,2,32,,0,2,3,1,B01
202000033903,1,7,,0,2,3,15,A01
202000033904,2,34,,0,2,4,23,B01
202000033904,2,37,1.0,0,2,1,26,A01
202000033905,2,7,,0,2,1,1,B01
202000033905,1,7,,0,2,3,13,A01
202000033906,1,7,,1,0,0,0,C01
202000033906,1,7,,1,0,0,0,B01
202000033906,1,7,,0,2,7,17,A01
202000033907,2,32,,0,2,1,1,A01
202000033907,1,7,,0,2,8,15,B01
202000033908,2,7,,0,2,1,1,A01
202000033908,1,7,,0,2,0,0,B01
202000033909,1,38,1.0,8,1,3,26,A01
202000033910,1,7,,0,2,3,2,B01
202000033910,1,7,,1,2,3,0,Z01
202000033911,1,7,,1,2,6,24,B01
202000033911,1,7,,0,2,2,14,A01
202000033912,2,7,,0,2,8,0,A01
202000033912,2,32,,0,2,1,3,B01
202000033913,1,7,,0,2,1,1,B01
202000033913,1,7,,0,2,6,15,A01
202000033914,1,7,,16,0,0,1,A01
202000033915,2,17,,0,0,4,1,A01
202000033915,2,7,,0,2,1,0,B01
202000033916,2,7,,3,0,3,26,A01
202000033917,3,2,,0,0,7,1,A01
202000033918,3,7,,0,9,2,2,A01
202000033918,3,1,,0,2,4,2,B01
202000033919,3,7,,0,1,2,1,A01
202000033920,1,7,,0,2,2,2,A01
202000033920,1,2,,0,2,4,2,B01
202000033921,1,7,,13,0,1,19,A01
202000033922,2,7,,13,0,9,13,A01
202000033923,2,33,,0,2,1,1,A01
202000033923,3,7,,0,2,3,19,B01
202000033924,3,10,,0,1,3,1,A01
202000033925,3,7,,0,2,7,19,A01
202000033925,1,7,,0,0,1,1,B01
202000033926,1,14,,0,2,3,1,B01
202000033926,2,7,,0,2,3,1,A01
202000033927,1,7,,1,0,2,1,A01
202000033928,2,7,,0,2,3,0,A01
202000033928,1,7,,0,2,3,13,B01
202000033929,1,7,,6,0,1,15,A01
202000033930,2,33,,4,0,1,1,A01
202000033931,3,7,,0,1,3,15,A01
202000033932,1,7,,0,0,1,1,A01
202000033933,2,7,,0,0,3,0,B01
202000033933,2,2,,0,0,4,2,A01
202000033934,0,2,,13,0,1,1,A01
202000033935,2,7,,0,2,1,1,B01
202000033935,1,7,,0,2,1,13,A01
202000033936,-1,7,,0,2,2,1,B01
202000033936,-1,7,,0,0,3,15,A01
202000033937,2,10,,0,2,1,1,B01
202000033937,2,7,,0,2,1,13,A01
202000033938,1,7,,0,2,5,15,B01
202000033938,2,7,,0,2,1,1,A01
202000033939,2,7,,6,0,2,1,A01
202000033940,1,7,,0,2,3,1,A01
202000033940,2,7,,0,2,3,1,B01
202000033941,0,7,,0,2,8,15,A01
202000033941,1,33,,0,2,1,1,B01
202000033942,1,2,,0,2,4,1,B01
202000033942,1,7,,0,2,1,2,A01
202000033943,1,10,,6,0,1,1,A01
202000033944,0,7,,0,2,3,19,A01
202000033944,0,7,,0,2,2,1,B01
202000033945,1,7,,13,0,0,0,A01
202000033946,2,7,,13,0,3,1,A01
202000033947,2,17,,0,2,3,1,B01
202000033947,1,7,,0,2,0,1,C01
202000033947,2,7,,0,2,6,15,A01
202000033948,1,7,,0,2,1,1,A01
202000033948,1,7,,0,2,2,1,B01
202000033948,1,7,,0,0,4,1,C01
202000033949,1,7,,0,2,1,2,A01
202000033949,1,13,,0,2,4,1,B01
202000033950,1,7,,3,2,1,2,B01
202000033950,1,7,,0,0,4,2,A01
202000033950,1,7,,0,2,1,2,C01
202000033950,1,33,,0,2,1,2,D01
202000033951,1,7,,0,1,1,1,A01
202000033952,2,7,,0,2,2,1,B01
202000033952,1,7,,0,2,2,13,A01
202000033953,1,7,,0,0,2,1,A01
202000033953,1,1,,0,2,4,0,B01
202000033954,2,7,,6,0,1,0,A01
202000033955,1,7,,0,2,3,1,B01
202000033955,2,7,,0,2,3,1,A01
202000033956,1,7,,0,2,2,19,A01
202000033956,2,2,,0,2,1,8,B01
202000033957,3,7,,0,1,1,1,A01
202000033958,2,2,,0,0,0,0,A01
202000033959,1,7,,0,2,3,10,A01
202000033959,1,34,,0,2,2,17,B01
202000033960,2,7,,0,2,1,1,B01
202000033960,3,7,,7,0,6,19,A01
202000033961,1,20,,3,0,3,1,A01
202000033962,1,33,,0,0,9,26,A01
202000033963,2,7,,0,2,4,1,A01
202000033963,2,7,,0,0,0,0,B01
202000033964,2,7,,0,2,5,1,B01
202000033964,2,33,,0,2,1,2,A01
202000033965,1,7,,4,0,2,2,A01
202000033966,1,7,,2,0,1,2,A01
202000033967,1,7,,0,2,1,2,A01
202000033967,1,7,,0,2,4,2,B01
202000033968,1,7,,0,2,4,2,B01
202000033968,1,15,,0,2,6,1,A01
202000033968,1,15,,0,2,1,2,C01
202000033969,2,10,,3,0,3,1,A01
202000033970,2,32,,0,2,7,3,A01
202000033971,1,7,,0,0,4,2,A01
202000033971,1,7,,0,2,1,2,B01
202000033972,2,10,,0,2,4,1,C01
202000033972,2,7,,0,2,9,1,B01
202000033972,2,7,,0,2,1,1,A01
202000033973,2,7,,0,2,4,1,A01
202000033973,2,33,,0,2,1,3,B01
202000033974,2,7,,4,0,1,1,A01
202000033975,1,7,,3,0,2,13,A01
202000033976,2,7,,15,0,9,1,A01
202000033977,3,7,,0,2,1,2,A01
202000033977,3,7,,0,2,4,2,B01
202000033978,2,33,,16,2,1,5,A01
202000033978,1,99,,16,2,1,1,B01
202000033979,1,7,,0,1,1,1,A01
202000033980,3,7,,4,0,9,1,A01
202000033981,1,30,,0,1,0,26,A01
202000033982,1,7,,0,1,2,13,A01
202000033983,2,33,,0,0,0,26,A01
202000033984,2,30,,0,0,7,1,A01
202000033985,1,7,,1,0,1,14,A01
202000033985,1,10,,0,2,6,0,B01
202000033986,2,31,,0,2,7,0,B01
202000033986,1,7,,0,2,1,10,A01
202000033987,1,7,,0,1,2,26,A01
202000033988,1,7,,0,2,4,26,B01
202000033988,1,7,,0,2,1,26,A01
202000033989,1,7,,0,1,1,1,A01
202000033990,2,7,,0,2,7,15,A01
202000033990,1,33,,0,2,1,1,B01
202000033991,2,7,,0,1,1,1,A01
202000033992,1,7,,6,0,7,13,A01
202000033993,0,7,,0,2,4,15,B01
202000033993,0,50,,0,2,1,1,A01
202000033994,3,7,,0,2,7,1,B01
202000033994,3,7,,0,2,1,6,A01
202000033995,2,7,,0,2,0,0,B01
202000033995,1,7,,0,2,1,26,A01
202000033996,2,2,,0,1,1,1,A01
202000033997,1,1,,0,2,1,1,B01
202000033997,2,7,,0,2,7,15,A01
202000033998,1,10,,0,1,2,1,A01
202000033999,2,14,,0,1,1,2,A01
202000034000,1,10,,0,1,1,1,A01
202000034001,0,7,,0,2,0,0,A01
202000034001,1,1,,0,2,1,19,B01
202000034002,1,10,,1,0,3,15,A01
202000034002,3,99,,0,1,1,0,B01
202000034003,3,7,,0,2,3,15,B01
202000034003,3,30,,0,2,1,1,A01
202000034004,1,3,,0,2,3,15,A01
202000034004,3,1,,0,2,4,1,B01
202000034005,2,7,,0,2,2,26,A01
202000034005,2,7,,0,2,1,1,B01
202000034006,1,7,,0,1,3,15,A01
202000034007,1,7,,0,2,3,10,A01
202000034007,1,7,,0,2,2,1,B01
202000034008,1,7,,0,2,3,1,B01
202000034008,1,33,,0,2,2,2,A01
202000034009,1,7,,2,0,1,16,A01
202000034010,1,10,,0,2,1,1,A01
202000034010,1,10,,0,2,5,1,B01
202000034011,2,7,,0,1,3,11,A01
202000034012,3,7,,9,2,3,2,B01
202000034012,3,7,,0,2,3,15,A01
202000034013,0,7,,0,1,1,1,A01
202000034014,3,3,,0,2,1,0,A01
202000034014,3,7,,0,2,1,1,B01
202000034015,3,1,,0,2,1,1,B01
202000034015,3,7,,0,2,3,15,A01
202000034016,1,7,,0,2,1,15,A01
202000034016,2,30,,0,2,1,1,B01
202000034017,1,1,,0,2,1,1,B01
202000034017,2,7,,0,2,1,15,A01
202000034018,2,33,,0,1,1,1,A01
202000034019,2,7,,4,0,1,14,A01
202000034020,2,7,,0,2,1,2,A01
202000034020,2,10,,0,1,2,23,B01
202000034021,1,7,,0,2,1,0,B01
202000034021,1,7,,0,2,3,0,A01
202000034022,3,30,,0,2,1,1,A01
202000034022,3,7,,0,9,4,23,B01
202000034023,1,10,,0,2,3,13,A01
202000034023,2,1,,0,2,1,1,B01
202000034024,1,7,,0,1,1,9,A01
202000034025,3,7,,0,2,1,1,A01
202000034025,3,7,,0,2,7,1,B01
202000034026,3,1,,0,2,1,1,B01
202000034026,3,7,,0,2,2,1,A01
202000034027,0,7,,0,1,3,19,A01
202000034028,2,7,,0,2,6,2,B01
202000034028,2,7,,0,2,1,2,A01
202000034029,0,7,,0,2,1,2,A01
202000034029,0,1,,0,2,3,15,B01
202000034030,0,80,,0,2,8,16,A01
202000034030,0,14,,0,2,7,16,B01
202000034031,2,7,,0,2,3,13,A01
202000034031,1,33,,0,2,1,2,B01
202000034032,1,7,,0,2,3,15,A01
202000034032,2,33,,0,2,1,2,B01
202000034033,1,7,,0,1,1,1,A01
202000034034,0,2,,0,2,2,0,A01
202000034034,0,7,,0,2,0,0,[01
202000034035,0,7,,0,2,1,15,A01
202000034035,0,38,2.0,0,2,1,1,B01
202000034036,1,7,,0,2,1,9,A01
202000034036,2,1,,0,2,8,1,B01
202000034037,1,7,,0,2,2,1,A01
202000034037,1,99,,0,2,4,1,B01
202000034038,2,7,,0,2,5,1,A01
202000034038,2,15,,0,2,3,11,B01
202000034039,2,7,,0,2,2,16,A01
202000034039,2,34,,0,2,2,1,B01
202000034040,2,7,,0,0,4,24,B01
202000034040,1,7,,0,1,2,19,A01
202000034041,1,7,,7,0,3,16,A01
202000034042,3,7,,0,2,8,15,B01
202000034042,3,7,,0,2,1,1,A01
202000034043,2,7,,0,1,2,19,A01
202000034044,2,7,,0,2,3,16,A01
202000034044,2,7,,0,2,1,1,B01
202000034045,3,1,,0,2,1,0,B01
202000034045,3,7,,0,2,1,26,A01
202000034046,3,1,,0,1,1,1,A01
202000034047,1,7,,0,2,1,2,A01
202000034047,1,7,,0,2,4,2,B01
202000034047,1,7,,0,2,4,2,C01
202000034048,2,7,,0,2,3,1,B01
202000034048,1,34,,0,2,3,17,A01
202000034049,1,10,,0,2,6,2,B01
202000034049,1,7,,0,2,1,1,A01
202000034050,2,7,,0,1,1,1,A01
202000034051,3,10,,0,1,0,0,A01
202000034052,1,7,,0,2,2,1,B01
202000034052,1,7,,0,2,3,2,A01
202000034052,1,7,,0,2,3,1,C01
202000034052,1,7,,0,2,2,1,D01
202000034053,3,7,,0,2,4,2,B01
202000034053,3,7,,0,2,1,2,A01
202000034054,1,7,,0,0,1,1,A01
202000034055,1,14,,0,2,8,1,C01
202000034055,1,7,,0,2,6,1,D01
202000034055,2,33,,0,2,8,17,A01
202000034055,2,33,,0,2,1,17,B01
202000034056,2,7,,0,2,1,19,A01
202000034056,3,7,,0,2,5,19,B01
202000034057,3,7,,0,0,0,0,T01
202000034057,3,30,,0,0,0,19,A01
202000034058,1,30,,0,0,7,2,A01
202000034059,1,30,,0,0,7,1,A01
202000034060,1,7,,0,2,8,1,B01
202000034060,1,2,,0,2,1,9,A01
202000034061,3,7,,0,2,1,1,A01
202000034061,3,7,,0,2,8,1,B01
202000034062,1,10,,0,2,5,2,B01
202000034062,1,32,,0,2,8,2,A01
202000034063,3,7,,1,2,8,19,A01
202000034063,2,7,,0,2,1,1,B01
202000034064,2,7,,3,0,8,1,A01
202000034065,1,7,,1,2,1,2,A01
202000034066,1,7,,0,0,6,2,B01
202000034066,1,7,,0,2,5,2,A01
202000034067,1,7,,3,0,1,1,A01
202000034068,3,32,,0,0,0,16,A01
202000034069,2,31,,12,0,1,1,A01
202000034070,2,7,,0,2,1,2,B01
202000034070,2,7,,0,0,4,2,A01
202000034071,2,7,,0,2,1,1,A01
202000034071,2,1,,0,2,8,15,B01
202000034072,0,7,,0,0,2,24,B01
202000034072,0,7,,1,0,2,13,A01
202000034073,3,33,,0,0,8,1,B01
202000034073,3,7,,0,2,3,15,A01
202000034074,3,7,,0,1,1,20,A01
202000034075,2,7,,0,2,3,1,B01
202000034075,2,7,,0,2,8,1,C01
202000034075,1,10,,0,2,3,13,A01
202000034076,1,7,,6,0,3,1,A01
202000034077,2,33,,0,2,1,1,B01
202000034077,1,7,,0,2,7,15,A01
202000034078,2,33,,0,0,8,1,A01
202000034079,1,7,,4,0,8,1,B01
202000034079,1,7,,13,2,3,2,A01
202000034080,1,7,,0,0,9,1,A01
202000034081,1,7,,1,0,2,14,A01
202000034082,1,13,,0,2,1,1,B01
202000034082,3,7,,0,2,8,1,A01
202000034083,1,33,,13,6,0,1,A01
202000034084,3,7,,0,2,1,1,A01
202000034084,3,1,,0,2,8,1,B01
202000034085,1,34,,13,0,1,1,A01
202000034086,2,7,,2,0,1,14,A01
202000034087,1,7,,0,2,1,12,A01
202000034087,1,7,,0,2,4,1,B01
202000034087,1,7,,0,0,4,1,C01
202000034088,2,1,,0,2,7,1,B01
202000034088,2,7,,0,2,3,9,A01
202000034089,2,7,,0,0,9,1,A01
202000034090,1,7,,3,0,2,0,A01
202000034091,1,7,,4,0,3,0,A01
202000034092,1,7,,0,2,1,2,B01
202000034092,1,7,,0,2,4,1,A01
202000034093,1,7,,0,2,7,2,A01
202000034094,1,7,,0,2,4,2,B01
202000034094,1,7,,0,2,1,2,A01
202000034095,2,13,,0,2,2,1,A01
202000034095,2,10,,0,2,6,1,B01
202000034096,2,33,,0,2,3,1,A01
202000034096,2,10,,0,2,0,0,Z01
202000034097,3,30,,0,2,1,1,B01
202000034097,3,7,,0,2,3,15,A01
202000034098,3,31,,0,2,1,17,A01
202000034098,3,7,,0,2,3,15,B01
202000034099,3,7,,0,2,5,2,B01
202000034099,3,7,,0,2,1,2,A01
202000034100,1,7,,0,1,1,15,A01
202000034101,3,7,,0,2,2,17,A01
202000034101,3,1,,0,2,4,0,B01
202000034102,1,2,,0,2,5,1,B01
202000034102,1,7,,0,2,3,9,A01
202000034103,0,7,,0,1,0,0,A01
202000034104,1,7,,0,2,2,0,B01
202000034104,1,80,,0,2,1,2,A01
202000034105,1,1,,0,0,0,1,A01
202000034106,1,60,,0,2,1,1,A01
202000034106,1,10,,0,2,7,1,B01
202000034107,2,7,,0,2,1,1,A01
202000034107,2,7,,0,9,4,1,B01
202000034108,0,7,,0,2,8,20,A01
202000034108,3,33,,0,2,1,1,B01
202000034109,1,33,,0,2,0,1,B01
202000034109,2,7,,0,2,7,15,A01
202000034110,2,10,,8,0,1,13,A01
202000034111,3,1,,0,2,1,0,B01
202000034111,3,1,,0,2,1,0,A01
202000034112,3,32,,0,2,7,1,B01
202000034112,3,33,,0,2,1,19,A01
202000034113,3,7,,15,2,3,1,B01
202000034113,3,7,,0,2,3,5,A01
202000034114,3,7,,0,0,0,0,B01
202000034114,2,7,,0,0,1,9,A01
202000034115,1,7,,0,2,1,1,B01
202000034115,1,33,,0,2,7,9,A01
202000034116,3,7,,0,2,2,1,B01
202000034116,3,7,,0,2,3,9,A01
202000034117,1,7,,0,2,2,1,B01
202000034117,1,7,,0,2,6,10,A01
202000034118,2,7,,0,2,1,1,A01
202000034118,1,33,,0,2,1,1,B01
202000034119,2,7,,0,2,1,15,Z01
202000034119,1,1,,0,2,7,1,A01
202000034120,0,7,,0,2,4,4,A01
202000034120,0,7,,0,2,3,15,B01
202000034121,2,7,,0,2,2,19,B01
202000034121,1,33,,0,2,1,1,A01
202000034122,2,33,,0,2,2,17,A01
202000034122,2,7,,0,2,8,15,B01
202000034123,1,7,,0,2,1,1,A01
202000034123,1,7,,0,2,8,1,B01
202000034124,-1,7,,0,2,5,17,A01
202000034124,-1,7,,0,2,3,17,B01
202000034125,0,1,,0,2,8,1,B01
202000034125,0,7,,0,2,1,9,A01
202000034126,1,7,,0,2,2,1,B01
202000034126,1,33,,0,2,3,16,A01
202000034127,3,7,,0,2,1,1,B01
202000034127,3,7,,0,2,7,15,A01
202000034128,3,7,,0,2,3,1,A01
202000034128,3,7,,0,2,3,1,B01
202000034129,1,1,,1,0,1,1,B01
202000034129,1,7,,0,0,8,22,A01
202000034130,2,7,,0,1,1,1,A01
202000034131,1,30,,0,2,1,1,A01
202000034131,1,7,,0,2,4,2,B01
202000034132,2,60,,0,2,3,19,B01
202000034132,1,7,,0,9,3,15,A01
202000034133,1,1,,0,2,8,19,B01
202000034133,1,7,,0,2,2,1,A01
202000034134,3,32,,0,2,1,0,A01
202000034134,3,1,,0,2,8,0,B01
202000034135,2,30,,0,2,8,17,A01
202000034135,2,10,,0,2,0,0,B01
202000034136,1,7,,0,9,5,16,A01
202000034136,0,1,,0,0,0,0,Y01
202000034137,0,32,,0,2,1,1,B01
202000034137,0,7,,0,2,1,26,A01
202000034138,1,7,,0,2,5,2,B01
202000034138,1,7,,0,2,1,2,A01
202000034139,1,1,,0,2,1,1,B01
202000034139,1,7,,0,9,8,9,A01
202000034140,3,2,,14,2,2,2,A01
202000034140,3,7,,0,2,6,2,B01
202000034141,0,7,,0,1,1,1,A01
202000034142,0,30,,0,1,1,1,A01
202000034143,1,31,,0,0,0,1,A01
202000034144,0,7,,0,2,5,15,A01
202000034144,1,33,,0,2,1,1,B01
202000034145,1,37,6.0,0,0,0,26,A01
202000034146,1,10,,0,2,1,1,A01
202000034146,1,10,,0,2,4,1,B01
202000034147,2,7,,0,2,3,9,B01
202000034147,2,30,,0,2,1,9,A01
202000034148,0,33,,0,2,8,2,B01
202000034148,0,7,,0,2,2,15,A01
202000034149,2,1,,0,0,1,26,A01
202000034150,1,7,,0,2,3,13,A01
202000034150,2,7,,0,2,3,1,B01
202000034151,3,1,,0,2,1,15,A01
202000034151,3,7,,0,9,2,1,B01
202000034152,2,2,,0,2,1,5,B01
202000034152,1,7,,0,2,2,1,A01
202000034153,1,7,,0,1,2,26,A01
202000034154,2,99,,0,0,4,1,B01
202000034154,2,7,,1,2,1,2,A01
202000034155,1,7,,2,0,2,19,A01
202000034156,1,7,,0,2,4,23,B01
202000034156,1,7,,0,2,1,2,A01
202000034157,1,30,,12,0,7,26,A01
202000034158,0,7,,13,0,2,1,A01
202000034159,0,7,,0,2,0,1,B01
202000034159,0,10,,0,2,0,1,A01
202000034160,2,7,,0,2,1,1,B01
202000034160,1,7,,0,2,1,13,A01
202000034161,0,7,,0,1,1,1,A01
202000034162,2,2,,0,2,1,1,A01
202000034162,2,7,,0,2,4,15,B01
202000034163,1,7,,0,2,4,2,A01
202000034163,1,7,,0,2,1,2,B01
202000034164,1,7,,0,2,5,15,A01
202000034164,2,33,,0,2,1,2,B01
202000034165,1,2,,0,9,1,0,B01
202000034165,1,7,,0,2,1,26,A01
202000034166,1,3,,0,1,3,15,A01
202000034167,1,33,,0,0,3,1,B01
202000034167,0,7,,0,0,0,0,Z01
202000034168,1,10,,0,2,5,15,C01
202000034168,1,32,,0,2,1,14,B01
202000034168,1,32,,0,2,1,14,A01
202000034169,3,7,,0,1,1,11,A01
202000034170,3,34,,0,1,0,26,Z01
202000034171,1,7,,14,2,6,15,B01
202000034171,1,31,,14,2,7,17,A01
202000034172,1,7,,0,2,5,15,B01
202000034172,1,10,,0,2,1,2,A01
202000034173,3,30,,0,1,8,26,A01
202000034174,2,7,,2,0,1,1,A01
202000034175,2,33,,0,0,0,15,A01
202000034176,1,7,,0,2,3,13,B01
202000034176,1,7,,0,2,2,17,A01
202000034177,1,7,,0,2,2,16,B01
202000034177,1,30,,8,2,3,18,A01
202000034178,3,10,,0,2,1,13,A01
202000034178,3,7,,0,2,3,1,B01
202000034179,3,34,,0,2,4,9,B01
202000034179,3,7,,0,2,1,1,A01
202000034180,1,32,,0,1,1,1,A01
202000034181,1,80,,0,2,0,0,A01
202000034181,1,7,,0,2,2,0,B01
202000034182,1,7,,0,2,4,2,B01
202000034182,1,33,,0,2,1,1,A01
202000034183,2,7,,0,0,0,0,X01
202000034183,1,30,,0,2,3,9,A01
202000034184,3,7,,6,1,1,26,A01
202000034185,1,99,,0,2,3,1,B01
202000034185,1,33,,0,2,3,17,A01
202000034186,1,10,,0,2,4,1,B01
202000034186,1,32,,0,2,1,1,A01
202000034187,2,32,,4,0,2,21,A01
202000034188,0,1,,14,0,1,13,A01
202000034189,1,1,,0,2,3,1,A01
202000034189,2,7,,0,0,0,16,Z01
202000034190,2,2,,0,1,0,1,Z01
202000034191,1,7,,1,1,3,1,Z01
202000034192,2,80,,0,1,1,25,A01
202000034193,3,7,,0,2,3,15,A01
202000034193,3,31,,0,2,2,17,B01
202000034194,3,7,,0,2,1,1,B01
202000034194,3,7,,0,2,1,1,A01
202000034195,2,1,,0,2,4,14,A01
202000034195,2,1,,0,2,1,1,B01
202000034196,2,7,,0,2,2,2,A01
202000034196,2,30,,0,2,4,2,C01
202000034196,2,32,,0,2,4,2,B01
202000034197,1,7,,0,2,6,11,A01
202000034197,1,32,,0,2,2,1,B01
202000034198,1,7,,8,0,1,14,A01
202000034199,1,1,,0,1,1,5,A01
202000034200,2,7,,0,2,7,17,A01
202000034200,2,1,,1,2,8,1,B01
202000034201,1,7,,0,1,2,1,A01
202000034202,2,30,,0,1,1,12,A01
202000034203,2,1,,0,2,1,1,A01
202000034203,1,7,,0,2,1,1,Z01
202000034204,3,50,,0,2,1,5,B01
202000034204,3,7,,0,2,8,1,A01
202000034205,1,7,,0,2,1,0,B01
202000034205,2,7,,0,2,0,26,A01
202000034206,2,30,,0,1,1,1,A01
202000034207,1,7,,0,2,1,15,A01
202000034207,2,7,,0,2,1,1,B01
202000034208,3,14,,0,2,2,1,A01
202000034208,1,7,,0,2,1,1,B01
202000034209,2,1,,0,2,8,21,B01
202000034209,2,7,,0,9,5,1,A01
202000034210,2,7,,0,2,1,2,A01
202000034210,2,31,,0,2,4,2,B01
202000034211,0,10,,0,2,1,16,B01
202000034211,3,10,,0,2,3,26,A01
202000034212,2,7,,0,2,1,9,A01
202000034212,1,37,3.0,0,2,3,1,B01
202000034213,1,33,,0,2,1,17,B01
202000034213,2,10,,0,2,6,11,A01
202000034214,0,7,,0,2,7,19,A01
202000034214,0,7,,0,2,1,1,B01
202000034215,1,7,,0,0,4,1,B01
202000034215,1,7,,0,2,1,1,A01
202000034216,-1,7,,0,2,1,24,C01
202000034216,2,31,,1,2,2,17,B01
202000034216,2,7,,0,2,3,15,A01
202000034217,1,7,,0,2,8,1,B01
202000034217,2,1,,0,2,3,1,A01
202000034218,1,7,,0,1,3,16,A01
202000034219,2,33,,0,2,1,1,B01
202000034219,1,7,,0,2,3,9,A01
202000034220,0,7,,0,2,3,15,A01
202000034220,0,33,,0,2,1,1,B01
202000034221,2,7,,0,2,3,15,A01
202000034221,2,31,,0,2,1,17,B01
202000034222,1,30,,0,1,0,26,A01
202000034223,2,7,,0,2,4,1,A01
202000034223,2,7,,0,2,1,1,B01
202000034224,1,1,,14,0,1,1,A01
202000034225,1,7,,0,2,7,1,A01
202000034225,1,1,,0,2,8,21,Y01
202000034225,1,7,,0,0,0,0,B01
202000034226,1,7,,0,9,4,16,B01
202000034226,1,1,,0,2,1,1,A01
202000034227,1,7,,0,2,8,23,A01
202000034227,1,1,,0,2,1,1,B01
202000034228,2,7,,0,1,7,2,A01
202000034229,1,10,,0,2,8,15,A01
202000034229,1,34,,0,2,0,1,B01
202000034230,3,10,,0,1,4,26,A01
202000034231,0,7,,0,2,1,9,B01
202000034231,0,1,,0,2,1,15,A01
202000034232,2,7,,0,2,1,1,B01
202000034232,1,7,,0,2,7,13,A01
202000034233,1,15,,0,2,6,2,B01
202000034233,1,7,,0,2,2,12,A01
202000034234,1,7,,0,2,7,19,B01
202000034234,1,7,,0,2,1,1,A01
202000034235,2,7,,4,0,2,1,A01
202000034236,1,7,,0,0,6,2,B01
202000034236,1,33,,0,2,1,2,A01
202000034237,0,7,,0,2,8,1,C01
202000034237,1,7,,6,2,1,1,B01
202000034237,0,7,,0,2,1,15,A01
202000034238,0,1,,0,0,0,0,A01
202000034239,2,7,,0,2,5,1,A01
202000034239,1,7,,0,2,1,1,B01
202000034240,2,2,,0,1,2,1,A01
202000034241,2,7,,0,2,1,2,A01
202000034241,2,7,,0,0,4,2,B01
202000034242,2,7,,0,0,0,0,A01
202000034243,2,7,,0,2,3,2,A01
202000034243,2,7,,0,0,5,1,B01
202000034244,2,7,,0,2,3,1,C01
202000034244,1,7,,0,2,4,1,B01
202000034244,1,33,,0,2,1,2,A01
202000034245,1,33,,0,0,1,14,A01
202000034246,2,33,,0,0,0,2,A01
202000034247,1,30,,0,2,3,1,A01
202000034247,2,7,,0,2,1,15,B01
202000034248,1,7,,0,2,2,1,A01
202000034248,1,1,,0,0,4,2,B01
202000034249,2,2,,12,0,3,1,A01
202000034250,2,7,,0,2,3,15,A01
202000034250,1,7,,0,2,1,1,B01
202000034251,2,33,,12,0,7,1,A01
202000034252,1,7,,0,0,6,15,B01
202000034252,1,7,,0,2,2,2,A01
202000034253,2,7,,0,2,1,13,A01
202000034253,1,7,,0,2,1,1,B01
202000034254,1,7,,0,2,8,1,A01
202000034254,2,31,,0,2,1,1,B01
202000034255,2,10,,0,2,7,2,A01
202000034255,2,1,,0,2,8,1,B01