Num_Acc,senc,catv,occutc,obs,obsm,choc,manv,num_veh
202000034256,0,7,,0,0,8,1,A01
202000034257,1,7,,0,2,2,1,A01
202000034257,2,7,,0,2,1,1,B01
202000034258,2,7,,13,0,1,1,A01
202000034259,2,7,,0,2,1,0,A01
202000034259,1,7,,0,2,1,0,B01
202000034260,2,7,,13,0,1,0,A01
202000034261,1,7,,2,0,8,13,A01
202000034262,1,7,,0,0,0,13,A01
202000034263,1,33,,0,0,0,1,A01
202000034264,1,17,,1,0,2,13,B01
202000034264,1,7,,0,0,4,23,A01
202000034265,2,10,,3,2,6,11,A01
202000034265,2,7,,0,2,2,1,B01
202000034266,2,7,,14,0,1,19,A01
202000034267,1,10,,0,2,1,2,A01
202000034267,1,7,,0,2,4,2,B01
202000034268,1,10,,0,2,1,1,A01
202000034268,1,13,,0,2,6,11,B01
202000034269,1,7,,3,0,1,1,A01
202000034270,1,7,,15,0,1,14,A01
202000034271,3,7,,0,2,3,15,B01
202000034271,3,2,,8,2,2,17,A01
202000034272,0,7,,0,2,2,19,Z01
202000034272,0,37,2.0,0,2,3,1,A01
202000034273,1,7,,0,2,2,15,A01
202000034273,1,33,,0,2,1,1,B01
202000034274,2,7,,0,2,2,2,B01
202000034274,0,30,,0,2,6,2,A01
202000034275,1,7,,0,1,4,26,A01
202000034276,1,2,,0,2,1,9,A01
202000034276,1,7,,0,2,2,1,B01
202000034277,1,10,,0,1,4,4,A01
202000034278,2,7,,0,2,1,1,B01
202000034278,2,7,,0,2,7,19,A01
202000034279,3,7,,9,2,7,19,B01
202000034279,1,7,,0,2,1,19,A01
202000034280,1,7,,0,2,1,2,A01
202000034280,1,7,,0,2,4,2,B01
202000034281,2,7,,0,1,1,1,A01
202000034282,2,7,,0,1,1,1,A01
202000034283,0,7,,0,2,7,1,B01
202000034283,0,7,,0,2,1,9,A01
202000034284,1,7,,0,2,7,17,A01
202000034284,1,1,,0,2,4,2,B01
202000034285,0,33,,0,0,9,1,A01
202000034286,1,7,,13,0,1,14,A01
202000034287,1,33,,0,2,9,0,B01
202000034287,1,7,,0,2,5,15,A01
202000034288,1,7,,8,0,2,14,A01
202000034289,1,10,,0,2,2,1,B01
202000034289,1,7,,0,2,6,1,A01
202000034290,3,7,,0,1,1,26,A01
202000034291,1,10,,0,0,1,21,A01
202000034291,2,7,,0,0,0,13,B01
202000034292,2,7,,0,2,3,1,B01
202000034292,2,80,,0,2,1,1,A01
202000034293,1,30,,0,2,3,1,B01
202000034293,1,7,,0,2,2,1,A01
202000034294,3,37,1.0,0,2,1,7,A01
202000034294,2,30,,0,2,7,1,B01
202000034295,2,7,,0,2,3,1,A01
202000034295,1,7,,0,2,2,15,B01
202000034296,2,7,,0,2,6,15,A01
202000034296,2,2,,0,2,2,17,B01
202000034297,2,7,,0,2,7,15,A01
202000034297,2,7,,0,2,1,1,B01
202000034298,1,7,,0,1,8,1,A01
202000034299,1,7,,1,0,0,26,A01
202000034300,1,7,,13,0,2,1,A01
202000034301,2,33,,2,0,1,1,A01
202000034302,2,7,,0,2,1,1,B01
202000034302,1,7,,0,2,4,1,A01
202000034303,1,7,,0,1,3,1,A01
202000034304,3,7,,0,1,5,1,A01
202000034305,2,7,,0,2,2,1,A01
202000034305,3,1,,0,2,1,26,B01
202000034306,1,10,,6,2,2,14,A01
202000034306,1,17,,0,2,6,1,B01
202000034307,3,7,,0,1,2,1,A01
202000034308,1,21,,0,0,0,1,A01
202000034309,1,7,,2,0,1,1,A01
202000034310,3,7,,0,1,1,1,A01
202000034311,1,7,,0,2,4,2,B01
202000034311,1,15,,0,2,1,2,A01
202000034312,1,10,,0,1,1,1,A01
202000034313,2,10,,0,2,3,1,B01
202000034313,2,1,,0,2,1,25,A01
202000034314,3,31,,0,2,4,2,B01
202000034314,3,31,,0,9,1,26,A01
202000034315,2,7,,0,2,1,15,A01
202000034315,2,34,,0,2,7,1,B01
202000034316,2,33,,0,2,1,1,B01
202000034316,1,7,,0,2,8,15,A01
202000034317,3,10,,0,1,2,1,A01
202000034318,1,7,,0,2,8,15,A01
202000034318,1,2,,0,2,1,1,B01
202000034319,2,7,,4,0,7,14,A01
202000034320,3,7,,0,1,2,1,A01
202000034321,3,7,,5,0,1,1,A01
202000034322,3,2,,0,2,7,17,B01
202000034322,3,7,,0,2,3,15,A01
202000034323,0,21,,0,2,1,15,A01
202000034323,0,7,,0,2,1,1,B01
202000034324,1,7,,0,2,1,1,B01
202000034324,1,7,,0,2,8,19,A01
202000034325,0,2,,0,1,7,0,A01
202000034326,2,7,,0,2,1,9,B01
202000034326,1,7,,0,2,3,9,A01
202000034327,1,7,,0,2,1,1,A01
202000034327,2,1,,0,2,1,1,B01
202000034328,1,30,,0,0,1,1,A01
202000034329,3,7,,2,0,1,0,A01
202000034330,2,7,,0,2,1,15,A01
202000034330,1,7,,0,2,3,1,B01
202000034331,1,7,,0,2,1,1,B01
202000034331,1,7,,0,2,1,1,A01
202000034332,1,7,,0,2,4,4,A01
202000034332,3,1,,0,2,8,15,B01
202000034333,2,31,,0,2,3,9,A01
202000034333,2,1,,0,2,1,9,B01
202000034334,2,33,,0,2,1,17,B01
202000034334,1,7,,0,2,2,17,A01
202000034335,1,7,,0,2,3,11,A01
202000034335,1,7,,0,2,2,1,B01
202000034336,1,1,,0,2,1,1,B01
202000034336,2,7,,0,2,3,9,A01
202000034337,3,7,,8,0,0,1,A01
202000034338,3,1,,0,2,0,0,B01
202000034338,3,7,,0,2,0,0,A01
202000034339,1,7,,3,0,3,13,A01
202000034340,3,10,,14,0,3,13,A01
202000034341,0,7,,0,2,3,9,A01
202000034341,0,33,,0,2,1,15,B01
202000034342,2,33,,0,2,1,1,B01
202000034342,1,7,,0,2,1,15,A01
202000034343,0,7,,0,2,8,20,A01
202000034343,0,31,,0,2,7,1,B01
202000034344,1,7,,0,2,2,9,B01
202000034344,1,7,,0,2,3,9,A01
202000034345,1,7,,0,2,7,1,B01
202000034345,1,7,,0,2,8,9,A01
202000034346,3,7,,0,2,1,2,A01
202000034346,3,33,,0,2,4,2,B01
202000034347,1,40,,0,1,2,26,A01
202000034348,0,7,,9,0,1,16,A01
202000034349,1,7,,0,2,1,1,B01
202000034349,1,32,,0,2,8,16,A01
202000034350,3,2,,0,2,7,1,B01
202000034350,3,7,,0,2,3,9,A01
202000034351,1,7,,0,2,1,1,B01
202000034351,1,30,,0,1,3,21,A01
202000034352,1,2,,1,0,1,13,A01
202000034353,2,33,,12,0,1,13,A01
202000034354,2,7,,0,1,1,1,A01
202000034355,0,33,,0,2,2,2,B01
202000034355,0,7,,0,2,3,15,A01
202000034356,1,7,,4,0,3,13,A01
202000034357,1,20,,0,2,3,1,B01
202000034357,1,43,,0,2,8,26,A01
202000034358,2,2,,0,2,7,1,B01
202000034358,1,7,,0,2,2,5,A01
202000034359,2,7,,0,2,4,16,A01
202000034359,2,7,,0,2,1,16,B01
202000034360,1,32,,0,2,1,26,A01
202000034360,2,37,1.0,0,2,3,23,B01
202000034361,1,7,,1,2,1,1,A01
202000034361,1,7,,0,2,4,24,B01
202000034362,1,3,,15,0,3,0,A01
202000034363,1,7,,0,2,1,15,A01
202000034363,2,7,,0,2,3,1,B01
202000034364,2,7,,0,2,1,19,A01
202000034364,2,7,,16,2,1,1,C01
202000034364,1,7,,13,2,8,15,B01
202000034365,2,7,,6,0,2,1,A01
202000034366,1,17,,0,2,5,1,A01
202000034366,1,1,,0,2,8,25,B01
202000034367,2,7,,0,2,1,13,A01
202000034367,1,10,,0,2,1,1,B01
202000034368,2,7,,2,0,9,13,A01
202000034369,1,33,,8,0,2,1,A01
202000034370,1,17,,0,2,1,2,A01
202000034370,1,17,,3,0,4,23,C01
202000034370,1,17,,0,2,4,23,B01
202000034371,2,14,,13,0,9,1,A01
202000034372,3,31,,0,0,0,0,A01
202000034373,1,7,,0,2,3,2,A01
202000034373,1,7,,0,0,5,15,B01
202000034374,1,7,,0,2,4,1,C01
202000034374,1,7,,0,2,4,1,B01
202000034374,1,17,,0,2,3,1,A01
202000034375,1,7,,0,2,1,2,A01
202000034375,1,7,,0,2,4,2,C01
202000034375,1,7,,0,2,4,2,D01
202000034375,1,7,,0,2,4,2,B01
202000034376,2,15,,0,2,2,12,B01
202000034376,2,7,,0,2,6,1,A01
202000034377,1,7,,0,2,4,1,B01
202000034377,1,33,,0,2,1,12,A01
202000034378,2,7,,3,0,8,1,A01
202000034379,2,32,,0,0,7,21,A01
202000034380,3,7,,15,0,1,1,A01
202000034381,3,38,1.0,0,1,3,15,A01
202000034382,1,7,,15,2,1,21,A01
202000034382,1,7,,0,2,5,2,B01
202000034383,1,7,,0,1,4,26,A01
202000034384,1,7,,0,0,0,11,A01
202000034384,2,1,,0,2,7,14,B01
202000034385,3,32,,0,2,4,2,B01
202000034385,3,7,,0,2,2,15,A01
202000034386,1,7,,0,1,4,4,A01
202000034387,2,1,,0,2,7,19,A01
202000034387,2,7,,0,2,0,0,B01
202000034388,1,7,,0,1,4,26,A01
202000034389,2,31,,8,2,3,18,A01
202000034389,2,7,,0,2,2,20,B01
202000034390,0,10,,0,0,4,26,A01
202000034390,3,10,,0,0,1,16,B01
202000034391,3,2,,0,2,1,0,B01
202000034391,1,7,,0,2,1,0,A01
202000034392,2,7,,0,2,1,2,A01
202000034392,1,7,,0,2,5,2,B01
202000034393,1,7,,0,1,0,0,A01
202000034394,1,37,1.0,0,1,2,26,A01
202000034395,2,33,,12,0,1,9,A01
202000034396,1,7,,0,2,1,2,A01
202000034396,1,7,,0,2,4,2,B01
202000034397,2,33,,0,2,1,5,A01
202000034397,1,7,,0,2,1,1,B01
202000034398,2,7,,0,1,1,16,A01
202000034399,1,31,,0,2,2,17,A01
202000034399,1,7,,0,2,3,15,B01
202000034400,3,7,,12,0,2,14,A01
202000034401,2,7,,0,1,1,26,A01
202000034402,1,1,,14,0,0,0,A01
202000034403,3,10,,0,1,4,4,A01
202000034404,1,7,,0,2,3,10,B01
202000034404,1,7,,0,2,1,17,A01
202000034405,1,10,,0,2,2,15,Z01
202000034405,2,33,,0,2,1,1,A01
202000034406,1,14,,0,0,2,16,A01
202000034406,1,1,,0,0,4,1,B01
202000034407,2,7,,0,1,1,1,A01
202000034408,2,40,,0,2,2,1,B01
202000034408,2,7,,0,4,1,15,A01
202000034409,2,31,,0,2,1,1,B01
202000034409,2,7,,0,2,2,1,A01
202000034410,1,2,,0,2,7,1,B01
202000034410,1,7,,0,2,8,9,A01
202000034411,0,33,,0,0,9,1,A01
202000034412,1,1,,1,0,1,1,A01
202000034412,1,7,,0,2,8,24,B01
202000034413,1,7,,8,0,1,14,A01
202000034414,2,2,,0,2,1,1,B01
202000034414,1,7,,0,2,3,10,A01
202000034415,2,7,,0,2,3,11,A01
202000034415,2,2,,0,2,7,1,B01
202000034416,3,10,,15,0,1,25,A01
202000034417,3,7,,13,0,1,1,A01
202000034418,2,7,,3,0,7,1,A01
202000034419,1,7,,8,0,1,13,A01
202000034420,2,10,,4,0,2,14,A01
202000034421,1,7,,0,1,1,1,A01
202000034422,2,7,,0,2,3,5,B01
202000034422,2,7,,0,2,2,26,C01
202000034422,1,7,,0,2,6,26,A01
202000034423,2,7,,6,0,1,1,A01
202000034424,1,7,,0,2,8,15,B01
202000034424,2,7,,0,2,1,1,A01
202000034425,0,7,,0,1,2,1,A01
202000034426,1,7,,0,1,3,1,A01
202000034427,1,30,,0,2,3,18,A01
202000034427,2,7,,0,2,2,16,B01
202000034428,1,7,,1,2,7,15,A01
202000034428,1,7,,1,2,3,1,B01
202000034429,1,34,,0,2,1,1,B01
202000034429,1,7,,0,2,3,15,A01
202000034430,2,7,,0,2,1,2,A01
202000034430,2,7,,0,2,4,2,B01
202000034430,2,7,,0,2,4,2,C01
202000034431,2,1,,0,2,1,1,B01
202000034431,2,7,,0,9,5,26,A01
202000034432,1,7,,0,2,4,2,B01
202000034432,1,30,,0,2,1,2,A01
202000034433,3,31,,8,0,1,16,A01
202000034434,1,33,,0,2,2,12,B01
202000034434,2,10,,0,2,1,10,A01
202000034435,1,10,,0,1,2,21,A01
202000034436,3,33,,9,4,8,19,A01
202000034436,3,40,,9,2,2,26,B01
202000034437,1,30,,0,1,7,1,A01
202000034438,1,7,,1,0,9,2,A01
202000034439,2,7,,0,2,8,9,A01
202000034439,3,50,,0,2,1,1,B01
202000034440,3,7,,0,2,2,15,A01
202000034440,3,33,,0,2,3,0,B01
202000034441,2,7,,0,1,2,1,A01
202000034442,2,7,,1,0,3,1,A01
202000034442,2,7,,0,0,7,23,C01
202000034442,2,7,,0,0,5,23,B01
202000034443,3,7,,1,0,5,10,A01
202000034443,3,7,,0,0,3,1,B01
202000034444,1,7,,6,0,1,16,A01
202000034445,1,7,,13,0,1,2,A01
202000034446,1,7,,0,2,3,15,B01
202000034446,2,7,,2,2,1,17,A01
202000034447,2,14,,0,2,3,1,B01
202000034447,1,7,,0,2,3,13,A01
202000034447,1,7,,13,2,1,2,C01
202000034448,0,7,,13,0,1,1,A01
202000034449,1,7,,0,2,1,1,B01
202000034449,2,7,,0,2,2,1,A01
202000034450,1,7,,0,2,3,1,B01
202000034450,1,33,,0,0,4,15,A01
202000034451,3,7,,2,0,3,1,A01
202000034452,1,7,,0,2,2,16,A01
202000034452,1,1,,0,0,4,26,B01
202000034453,1,7,,0,2,1,15,A01
202000034453,2,7,,0,2,1,1,B01
202000034454,1,34,,0,0,0,0,A01
202000034455,1,7,,13,0,3,0,A01
202000034456,3,7,,0,2,4,20,A01
202000034456,0,7,,0,0,4,2,B01
202000034457,2,7,,0,0,0,26,A01
202000034458,1,7,,0,2,4,2,D01
202000034458,1,7,,0,2,4,2,C01
202000034458,1,7,,0,2,1,2,A01
202000034458,1,7,,0,2,4,2,B01
202000034459,2,33,,7,0,1,2,A01
202000034460,2,7,,4,0,1,2,A01
202000034461,2,7,,14,2,6,1,B01
202000034461,2,15,,0,2,3,12,A01
202000034462,2,7,,0,2,5,12,A01
202000034462,2,33,,0,2,0,0,B01
202000034463,1,17,,0,2,4,2,B01
202000034463,1,33,,0,2,1,2,A01
202000034464,1,7,,14,0,1,14,A01
202000034465,1,33,,0,2,7,2,B01
202000034465,1,10,,0,2,8,11,A01
202000034466,2,10,,0,2,4,1,C01
202000034466,2,10,,0,2,4,1,D01
202000034466,2,17,,0,2,1,1,A01
202000034466,2,7,,0,2,4,1,B01
202000034466,2,7,,0,2,4,1,E01
202000034466,2,7,,0,2,4,1,F01
202000034466,2,7,,0,2,4,0,G01
202000034466,2,7,,0,2,4,1,H01
202000034467,2,7,,4,0,1,12,A01
202000034467,2,7,,4,0,9,1,B01
202000034467,2,7,,4,0,4,2,C01
202000034468,2,7,,3,0,1,14,A01
202000034469,2,7,,0,2,1,2,A01
202000034469,2,7,,0,2,4,2,B01
202000034470,2,33,,0,2,1,2,A01
202000034470,2,34,,0,2,4,2,B01
202000034471,1,7,,0,2,4,0,A01
202000034471,1,7,,0,2,1,0,B01
202000034472,1,7,,0,2,2,1,B01
202000034472,1,7,,0,2,6,1,A01
202000034473,2,10,,0,2,3,13,B01
202000034473,2,7,,0,2,5,1,A01
202000034474,2,10,,0,2,8,11,A01
202000034474,2,33,,0,2,1,3,B01
202000034475,2,10,,0,2,2,12,A01
202000034475,2,33,,0,2,9,3,B01
202000034476,1,30,,11,0,1,1,A01
202000034477,3,7,,1,1,2,1,A01
202000034478,0,7,,0,2,3,1,A01
202000034478,0,7,,0,2,3,26,B01
202000034479,2,10,,6,0,0,1,A01
202000034480,1,7,,1,1,3,13,A01
202000034481,3,1,,0,2,1,1,B01
202000034481,3,7,,0,2,3,15,A01
202000034482,3,7,,0,2,1,15,A01
202000034482,3,33,,8,2,4,16,B01
202000034483,2,7,,0,2,3,11,A01
202000034483,2,7,,0,2,2,1,B01
202000034484,3,7,,3,4,1,1,A01
202000034485,1,7,,0,2,1,1,B01
202000034485,1,10,,0,2,8,15,A01
202000034486,1,10,,0,2,2,2,A01
202000034486,1,99,,0,0,0,0,Z01
202000034487,1,7,,0,2,1,13,A01
202000034487,2,7,,0,2,1,1,B01
202000034487,2,7,,0,2,1,1,C01
202000034488,2,2,,0,2,1,1,A01
202000034488,2,7,,0,2,4,23,B01
202000034489,1,7,,0,2,7,19,A01
202000034489,1,33,,0,2,1,1,B01
202000034490,2,31,,0,2,1,1,B01
202000034490,1,10,,0,2,2,26,A01
202000034491,1,10,,0,1,6,1,A01
202000034492,1,7,,0,2,5,12,A01
202000034492,1,2,,0,2,1,1,B01
202000034493,1,20,,0,1,5,1,A01
202000034494,1,2,,0,2,4,2,B01
202000034494,1,7,,0,2,1,2,A01
202000034495,1,7,,0,2,2,1,A01
202000034495,0,1,,0,2,7,15,B01
202000034495,0,1,,0,2,2,15,C01
202000034496,1,30,,0,0,0,1,A01
202000034497,1,7,,0,2,1,2,A01
202000034497,1,7,,0,2,4,2,B01
202000034498,1,7,,0,2,1,2,A01
202000034498,1,7,,0,2,4,2,B01
202000034499,1,1,,0,2,2,1,B01
202000034499,1,7,,0,2,3,20,A01
202000034500,0,7,,0,2,3,1,B01
202000034500,0,2,,0,2,1,17,A01
202000034501,2,1,,0,2,1,1,B01
202000034501,1,7,,0,2,1,15,A01
202000034502,1,7,,8,2,1,1,A01
202000034502,1,7,,0,2,4,1,B01
202000034503,1,7,,0,1,1,1,A01
202000034504,3,7,,0,2,1,0,B01
202000034504,1,7,,0,2,6,0,A01
202000034505,3,7,,0,2,9,1,B01
202000034505,1,7,,0,2,3,2,A01
202000034506,1,10,,0,1,0,23,B01
202000034506,1,7,,0,1,2,19,A01
202000034507,1,37,1.0,0,1,2,1,A01
202000034508,3,7,,0,2,2,1,A01
202000034508,3,7,,0,2,3,9,B01
202000034509,2,33,,0,2,1,1,B01
202000034509,3,7,,0,2,2,15,A01
202000034510,3,32,,0,2,8,2,B01
202000034510,3,10,,0,2,0,17,A01
202000034511,3,10,,0,1,1,15,A01
202000034512,1,7,,15,0,1,1,A01
202000034513,3,7,,0,2,7,16,A01
202000034513,3,1,,0,2,1,1,B01
202000034514,2,7,,0,2,1,1,B01
202000034514,1,7,,0,2,1,13,A01
202000034515,0,7,,0,1,1,0,Z01
202000034516,1,7,,0,2,1,2,A01
202000034516,2,1,,0,2,7,19,B01
202000034517,1,17,,0,2,2,1,B01
202000034517,1,7,,0,2,6,16,A01
202000034518,0,32,,0,2,1,2,A01
202000034518,0,7,,0,2,4,1,B01
202000034519,1,31,,0,2,1,1,B01
202000034519,2,7,,0,2,3,15,A01
202000034520,0,34,,0,2,1,1,A01
202000034520,0,7,,0,2,2,15,B01
202000034521,1,7,,12,0,2,1,A01
202000034522,2,7,,0,2,1,2,A01
202000034522,2,7,,0,2,4,2,B01
202000034523,1,33,,0,2,1,1,B01
202000034523,2,7,,0,2,1,19,A01
202000034524,3,7,,0,2,7,14,A01
202000034524,3,33,,0,2,3,1,B01
202000034525,2,30,,0,2,1,1,B01
202000034525,1,7,,0,2,3,15,A01
202000034526,2,2,,0,2,7,1,B01
202000034526,2,7,,0,2,8,15,A01
202000034527,1,7,,0,2,6,11,A01
202000034527,1,33,,0,2,2,3,B01
202000034528,1,31,,0,2,3,3,B01
202000034528,1,7,,0,2,2,12,A01
202000034529,1,7,,0,2,8,1,A01
202000034529,1,7,,0,2,3,1,B01
202000034530,2,7,,0,2,4,2,B01
202000034530,2,10,,0,2,1,2,A01
202000034531,1,1,,0,2,1,1,B01
202000034531,1,7,,0,2,4,16,A01
202000034532,3,7,,0,2,5,23,B01
202000034532,3,32,,0,2,1,2,A01
202000034533,1,1,,0,2,3,1,B01
202000034533,1,7,,0,2,2,22,A01
202000034534,1,33,,0,2,5,16,A01
202000034534,1,10,,0,2,1,1,B01
202000034535,2,34,,0,2,1,1,B01
202000034535,1,7,,0,2,3,15,A01
202000034536,1,1,,0,2,3,16,A01
202000034536,3,7,,0,2,1,18,Z01
202000034537,1,1,,0,1,1,1,A01
202000034538,1,7,,0,2,3,10,A01
202000034538,2,32,,0,2,7,1,B01
202000034539,1,7,,0,2,8,16,B01
202000034539,2,31,,0,2,1,1,A01
202000034540,2,34,,0,2,8,1,B01
202000034540,2,10,,0,2,2,9,A01
202000034541,1,1,,0,2,1,1,B01
202000034541,1,7,,0,2,8,22,A01
202000034542,2,1,,0,2,1,1,B01
202000034542,1,7,,0,2,6,16,A01
202000034543,1,30,,0,2,3,18,A01
202000034543,1,7,,0,2,2,16,B01
202000034544,2,80,,0,0,0,1,A01
202000034545,1,1,,0,0,0,23,A01
202000034546,1,7,,0,1,1,16,Z01
202000034547,1,32,,0,0,4,1,B01
202000034547,1,7,,0,2,1,1,A01
202000034548,1,50,,0,2,1,9,A01
202000034548,2,7,,0,9,2,1,B01
202000034549,1,30,,0,2,3,1,A01
202000034549,1,10,,0,2,2,16,B01
202000034550,3,1,,6,9,3,1,A01
202000034550,3,1,,6,9,3,1,B01
202000034551,2,7,,0,2,4,23,A01
202000034551,2,7,,0,2,1,26,B01
202000034552,-1,7,,8,0,2,26,A01
202000034552,-1,7,,14,0,5,1,B01
202000034553,2,7,,0,2,2,1,B01
202000034553,2,2,,8,2,1,5,A01
202000034554,1,1,,0,2,1,2,B01
202000034554,1,7,,0,9,2,20,A01
202000034555,1,7,,0,2,1,2,B01
202000034555,1,7,,0,2,4,23,A01
202000034556,2,1,,0,2,1,1,B01
202000034556,1,7,,0,2,1,15,A01
202000034557,2,10,,0,2,7,15,B01
202000034557,1,7,,0,2,1,2,A01
202000034558,2,7,,0,2,2,15,A01
202000034558,1,7,,0,2,1,1,B01
202000034559,0,10,,0,0,6,2,B01
202000034559,2,7,,0,2,2,2,A01
202000034560,2,1,,0,0,0,1,A01
202000034561,2,33,,0,0,0,25,A01
202000034562,1,7,,0,2,1,1,A01
202000034562,1,7,,0,0,4,1,B01
202000034563,2,33,,0,6,2,1,A01
202000034564,1,17,,0,0,6,1,B01
202000034564,1,10,,0,2,1,1,A01
202000034565,1,33,,3,0,7,14,A01
202000034566,3,33,,15,0,1,0,A01
202000034567,1,80,,13,0,0,1,A01
202000034568,3,31,,12,0,8,21,A01
202000034569,1,7,,2,0,1,14,A01
202000034570,3,7,,0,2,1,19,A01
202000034570,2,33,,0,2,8,1,B01
202000034571,2,21,,0,0,1,23,A01
202000034571,1,7,,1,0,2,1,B01
202000034572,1,33,,11,0,1,17,A01
202000034573,1,7,,0,2,3,1,A01
202000034573,2,33,,0,2,1,13,B01
202000034574,3,10,,8,0,1,1,A01
202000034575,0,7,,2,0,1,1,A01
202000034576,2,7,,2,0,9,13,A01
202000034577,1,7,,0,2,5,15,B01
202000034577,1,7,,0,2,1,1,A01
202000034578,3,3,,0,1,0,4,A01
202000034579,1,7,,2,0,8,17,A01
202000034580,3,7,,0,2,3,13,B01
202000034580,3,7,,0,2,3,13,A01
202000034581,1,33,,13,0,1,1,A01
202000034582,1,7,,0,1,3,1,A01
202000034583,2,1,,0,2,8,1,B01
202000034583,2,7,,0,2,7,17,A01
202000034584,2,7,,13,0,3,17,A01
202000034585,2,7,,0,2,1,1,A01
202000034585,1,7,,0,2,8,1,B01
202000034586,1,7,,2,0,7,0,A01
202000034587,1,17,,3,0,8,1,A01
202000034588,1,15,,0,0,3,1,B01
202000034588,2,7,,0,2,3,1,C01
202000034588,2,7,,0,0,1,13,A01
202000034589,2,7,,0,0,9,1,A01
202000034590,1,7,,2,0,3,13,A01
202000034591,2,7,,0,0,9,1,A01
202000034592,1,2,,0,0,8,1,A01
202000034593,2,7,,15,0,9,2,A01
202000034594,0,7,,0,2,1,26,A01
202000034594,0,33,,0,0,6,1,B01
202000034595,3,7,,0,1,3,1,A01
202000034596,1,7,,0,0,0,17,B01
202000034596,2,1,,12,0,0,1,A01
202000034597,2,31,,3,0,7,2,A01
202000034598,3,2,,0,2,0,18,A01
202000034598,3,7,,0,2,7,14,B01
202000034599,1,2,,0,2,7,21,B01
202000034599,1,7,,0,2,3,10,A01
202000034600,1,7,,0,2,8,14,B01
202000034600,2,2,,0,2,8,13,A01
202000034601,2,36,,15,0,2,1,A01
202000034602,2,17,,0,2,8,1,C01
202000034602,1,14,,0,2,3,1,B01
202000034602,2,7,,0,2,1,17,A01
202000034603,2,7,,13,0,1,14,A01
202000034604,1,15,,0,2,0,17,A01
202000034604,1,1,,0,2,8,2,B01
202000034605,1,10,,0,9,2,2,A01
202000034605,1,1,,0,0,6,2,B01
202000034606,1,7,,15,0,2,1,A01
202000034607,3,7,,6,0,1,1,A01
202000034608,2,7,,0,2,8,21,B01
202000034608,1,7,,1,2,3,17,A01
202000034609,1,7,,2,0,3,26,A01
202000034610,1,15,,0,2,2,12,A01
202000034610,1,10,,4,2,6,1,B01
202000034610,1,7,,0,2,1,1,C01
202000034611,1,7,,0,1,2,1,A01
202000034612,1,30,,15,0,7,0,A01
202000034613,2,7,,3,0,3,1,A01
202000034614,2,7,,0,2,1,1,B01
202000034614,1,7,,0,2,1,13,A01
202000034615,1,7,,1,0,3,1,A01
202000034615,0,17,,0,0,5,24,B01
202000034616,2,7,,13,0,2,1,A01
202000034617,2,7,,13,0,3,1,A01
202000034618,1,7,,0,0,3,15,A01
202000034618,2,1,,0,0,1,21,B01
202000034619,1,7,,0,2,3,15,A01
202000034619,1,2,,0,2,1,17,B01
202000034620,2,33,,3,0,8,1,A01
202000034621,1,7,,4,0,5,0,B01
202000034621,1,33,,0,0,3,0,A01
202000034622,1,7,,0,2,3,1,B01
202000034622,2,14,,0,2,3,1,A01
202000034623,1,7,,0,2,1,13,A01
202000034623,2,15,,0,2,1,1,B01
202000034624,1,1,,3,0,1,1,A01
202000034625,1,15,,0,0,6,0,B01
202000034625,1,7,,3,0,1,0,A01
202000034626,1,33,,0,2,1,17,A01
202000034626,1,7,,0,2,8,15,B01
202000034627,3,33,,0,2,1,1,B01
202000034627,3,7,,0,2,2,15,A01
202000034628,1,7,,0,1,1,1,A01
202000034629,2,7,,0,2,3,1,B01
202000034629,1,32,,0,2,1,13,A01
202000034630,1,7,,6,0,2,13,A01
202000034631,0,7,,0,2,2,17,A01
202000034631,3,2,,0,2,6,1,B01
202000034632,1,7,,2,9,1,1,A01
202000034633,3,7,,0,1,1,1,A01
202000034634,2,33,,0,0,7,1,A01
202000034635,0,10,,3,0,1,16,A01
202000034636,3,33,,0,2,7,17,A01
202000034636,3,7,,0,2,8,17,B01
202000034637,2,7,,0,0,9,1,A01
202000034638,2,1,,0,2,1,1,A01
202000034638,2,7,,0,0,4,1,B01
202000034639,1,7,,0,2,3,10,A01
202000034639,1,2,,0,2,1,19,B01
202000034640,3,99,,0,0,7,1,A01
202000034641,1,7,,0,2,1,2,B01
202000034641,1,7,,0,2,4,1,A01
202000034642,1,7,,0,2,2,1,B01
202000034642,1,2,,0,2,1,1,A01
202000034643,1,33,,16,0,1,3,A01
202000034644,2,33,,6,0,1,16,A01
202000034645,1,7,,0,2,4,1,A01
202000034645,1,32,,0,2,4,1,B01
202000034645,1,7,,0,2,1,1,C01
202000034646,2,7,,0,2,4,2,B01
202000034646,2,10,,0,2,3,2,A01
202000034646,2,15,,0,2,4,2,C01
202000034647,1,7,,0,0,1,0,A01
202000034648,1,7,,4,0,1,1,A01
202000034649,1,7,,0,2,3,11,A01
202000034649,1,2,,0,0,7,17,B01
202000034650,1,7,,0,0,5,23,A01
202000034650,1,7,,0,2,1,2,B01
202000034650,1,17,,0,2,8,1,C01
202000034651,2,33,,0,0,8,1,A01
202000034652,2,7,,9,0,1,14,A01
202000034653,2,7,,0,2,1,2,A01