Num_Acc,senc,catv,occutc,obs,obsm,choc,manv,num_veh
202000034653,2,7,,0,2,4,2,B01
202000034653,2,7,,0,2,4,2,C01
202000034654,1,7,,13,0,1,0,A01
202000034655,1,7,,4,2,6,11,A01
202000034655,1,17,,0,2,2,1,B01
202000034656,1,7,,0,2,4,2,B01
202000034656,1,7,,0,2,1,2,A01
202000034657,1,7,,0,2,2,16,A01
202000034657,1,33,,0,2,1,18,B01
202000034658,1,7,,0,2,4,2,B01
202000034658,1,33,,0,2,1,2,A01
202000034659,0,33,,0,0,8,1,A01
202000034660,1,31,,0,2,1,3,B01
202000034660,1,10,,0,2,4,11,A01
202000034661,1,7,,0,2,2,1,A01
202000034661,1,34,,0,2,3,1,B01
202000034662,1,7,,0,2,4,2,A01
202000034662,1,7,,0,2,1,2,B01
202000034663,2,7,,13,0,2,1,A01
202000034664,2,30,,0,2,4,2,B01
202000034664,2,7,,0,2,2,2,A01
202000034665,3,7,,0,1,1,1,A01
202000034666,1,30,,0,2,1,13,A01
202000034666,2,99,,0,2,3,15,B01
202000034667,2,7,,0,2,3,15,A01
202000034667,1,2,,0,2,1,1,B01
202000034668,2,42,,0,0,0,26,A01
202000034669,1,7,,1,0,0,0,A01
202000034669,1,33,,1,0,0,0,B01
202000034670,3,7,,0,2,2,1,A01
202000034670,2,7,,0,2,8,1,B01
202000034671,3,7,,1,0,2,1,A01
202000034672,2,34,,4,0,1,1,A01
202000034673,1,33,,0,2,8,0,B01
202000034673,1,7,,0,2,3,15,A01
202000034674,1,7,,13,0,1,2,A01
202000034675,1,14,,0,2,7,26,A01
202000034675,1,30,,0,2,8,1,B01
202000034676,1,7,,13,0,1,2,A01
202000034677,1,60,,0,2,8,1,B01
202000034677,1,37,1.0,0,2,1,16,A01
202000034678,1,10,,0,1,4,4,A01
202000034679,2,7,,0,2,1,9,A01
202000034679,1,33,,0,2,1,1,B01
202000034680,1,7,,3,0,9,2,A01
202000034681,1,7,,0,2,1,1,D01
202000034681,1,7,,1,0,1,0,E01
202000034681,1,7,,0,2,1,0,C01
202000034681,1,7,,0,2,4,23,A01
202000034681,1,7,,0,2,1,1,B01
202000034682,1,7,,0,2,5,2,C01
202000034682,1,33,,0,2,1,2,B01
202000034682,1,7,,0,2,2,2,A01
202000034683,3,10,,11,0,0,1,A01
202000034684,2,7,,0,1,1,15,A01
202000034685,2,33,,0,2,1,1,B01
202000034685,1,7,,0,2,2,15,A01
202000034686,2,7,,0,2,1,26,A01
202000034686,2,7,,0,2,4,15,B01
202000034687,1,10,,0,2,4,2,B01
202000034687,1,10,,0,2,1,2,C01
202000034687,1,7,,0,2,4,2,A01
202000034688,2,7,,0,2,1,13,A01
202000034688,1,37,6.0,0,2,1,1,B01
202000034689,2,33,,0,2,1,3,B01
202000034689,2,7,,0,2,3,11,A01
202000034690,1,7,,1,0,8,23,B01
202000034690,1,7,,1,0,1,1,A01
202000034691,2,7,,0,2,4,2,A01
202000034691,0,10,,0,2,3,2,B01
202000034691,2,7,,0,2,4,2,C01
202000034692,1,7,,0,1,1,10,A01
202000034693,2,10,,0,2,1,2,A01
202000034693,2,7,,0,2,9,2,B01
202000034693,2,7,,0,2,4,2,C01
202000034694,2,1,,0,2,1,1,B01
202000034694,1,7,,0,2,1,19,A01
202000034695,1,31,,0,2,3,1,A01
202000034695,1,1,,0,2,4,9,B01
202000034696,1,7,,0,2,5,1,B01
202000034696,0,7,,0,0,0,26,C01
202000034697,2,33,,0,2,3,2,B01
202000034697,2,10,,0,2,2,14,A01
202000034698,2,7,,0,1,1,1,A01
202000034699,1,7,,0,1,0,1,A01
202000034700,1,10,,0,2,4,2,C01
202000034700,1,7,,0,2,4,2,B01
202000034700,1,14,,0,2,1,2,A01
202000034701,1,31,,0,2,1,26,A01
202000034701,1,7,,0,2,3,10,B01
202000034702,1,34,,0,2,1,1,A01
202000034702,1,7,,0,0,6,1,B01
202000034703,2,17,,0,2,7,12,A01
202000034703,2,7,,0,2,6,1,B01
202000034704,1,99,,0,2,1,1,A01
202000034704,1,7,,0,2,5,16,Z01
202000034705,2,7,,0,2,1,2,A01
202000034705,2,10,,0,2,4,2,B01
202000034705,2,7,,0,2,4,2,D01
202000034705,2,10,,0,2,4,2,C01
202000034706,2,7,,8,0,1,13,A01
202000034707,2,10,,4,0,1,13,A01
202000034708,3,7,,0,1,2,2,A01
202000034709,2,7,,0,2,1,1,Z01
202000034709,2,7,,0,2,4,1,B01
202000034710,1,7,,0,2,4,2,B01
202000034710,1,7,,0,0,4,2,C01
202000034710,1,7,,0,2,1,2,A01
202000034711,3,7,,15,0,2,15,A01
202000034712,1,15,,0,0,4,2,B01
202000034712,1,7,,0,2,1,2,A01
202000034713,1,7,,0,2,8,0,B01
202000034713,1,7,,0,2,1,0,A01
202000034713,1,7,,0,2,3,0,C01
202000034714,1,7,,0,2,2,1,B01
202000034714,1,7,,0,2,8,9,A01
202000034715,2,1,,0,2,1,1,B01
202000034715,2,7,,0,2,7,20,A01
202000034716,0,7,,0,2,3,1,B01
202000034716,2,37,2.0,0,2,2,1,A01
202000034717,2,10,,8,2,2,14,A01
202000034718,2,7,,0,2,4,1,B01
202000034718,2,34,,0,2,1,9,A01
202000034719,1,7,,0,2,1,1,B01
202000034719,2,7,,0,2,1,15,A01
202000034720,3,7,,0,2,1,1,A01
202000034720,3,10,,0,2,8,15,B01
202000034721,1,7,,3,2,8,1,B01
202000034721,1,17,,0,2,2,12,A01
202000034722,3,99,,0,0,7,15,A01
202000034723,2,33,,0,2,2,1,B01
202000034723,2,10,,0,2,1,15,A01
202000034724,2,7,,13,2,4,9,A01
202000034724,2,33,,13,2,1,9,B01
202000034725,0,7,,0,2,3,1,A01
202000034725,0,7,,0,2,8,1,B01
202000034726,0,1,,0,2,1,5,B01
202000034726,3,7,,0,2,1,26,A01
202000034727,0,33,,0,2,1,1,B01
202000034727,0,7,,0,2,5,1,A01
202000034728,2,37,1.0,0,1,1,1,A01
202000034729,1,15,,0,2,2,1,B01
202000034729,1,15,,0,2,8,24,C01
202000034729,1,7,,0,2,3,10,A01
202000034730,3,7,,0,2,4,23,B01
202000034730,3,30,,0,2,1,1,A01
202000034731,2,7,,0,2,3,11,B01
202000034731,2,33,,0,2,1,3,A01
202000034731,2,7,,0,2,5,1,C01
202000034731,2,7,,0,2,4,1,D01
202000034732,1,10,,0,2,3,1,B01
202000034732,2,30,,0,2,1,1,A01
202000034733,2,7,,0,1,2,1,A01
202000034734,1,1,,0,1,1,1,A01
202000034735,1,7,,0,2,4,23,A01
202000034735,1,7,,0,2,1,2,B01
202000034736,1,7,,0,1,3,15,A01
202000034737,1,1,,0,2,8,12,B01
202000034737,1,7,,0,2,7,16,A01
202000034738,0,7,,6,0,2,26,A01
202000034739,1,10,,0,2,1,1,B01
202000034739,1,34,,0,2,3,9,A01
202000034740,1,7,,1,2,7,1,B01
202000034740,2,7,,0,2,1,10,A01
202000034741,1,10,,0,1,2,1,A01
202000034742,2,34,,0,2,1,1,A01
202000034742,1,7,,0,2,2,15,B01
202000034743,1,7,,0,2,2,16,B01
202000034743,1,30,,0,2,3,1,A01
202000034744,3,7,,0,1,3,21,A01
202000034745,1,33,,0,0,1,26,A01
202000034746,1,10,,0,0,1,14,A01
202000034747,0,37,2.0,0,2,1,1,A01
202000034747,3,7,,0,2,0,0,B01
202000034748,2,7,,0,2,4,1,B01
202000034748,2,7,,0,2,1,1,A01
202000034749,1,30,,0,0,0,1,A01
202000034750,2,7,,0,2,3,1,B01
202000034750,1,10,,0,2,2,15,A01
202000034751,1,32,,0,2,1,3,A01
202000034751,1,7,,0,2,4,1,B01
202000034752,2,31,,0,2,1,2,A01
202000034752,2,7,,0,2,6,2,B01
202000034753,1,7,,0,2,0,1,B01
202000034753,1,43,,0,2,6,17,A01
202000034754,2,7,,0,1,2,1,A01
202000034755,0,10,,8,1,4,4,Z01
202000034756,2,7,,0,2,6,15,B01
202000034756,2,30,,0,2,1,17,A01
202000034757,1,33,,0,2,3,18,B01
202000034757,1,13,,0,2,5,1,A01
202000034758,2,7,,0,2,8,22,A01
202000034758,2,1,,0,2,1,1,B01
202000034759,1,10,,0,2,2,9,A01
202000034759,1,33,,0,2,1,1,B01
202000034760,1,33,,0,2,3,1,A01
202000034760,1,7,,0,2,5,14,B01
202000034761,2,30,,0,2,0,0,Z01
202000034761,2,1,,0,2,4,19,A01
202000034762,1,10,,0,2,1,2,A01
202000034762,1,10,,0,2,4,23,B01
202000034763,1,50,,0,1,1,25,A01
202000034764,2,7,,0,1,4,4,A01
202000034765,1,7,,0,2,4,1,B01
202000034765,1,7,,0,2,1,1,A01
202000034766,1,7,,0,2,2,1,B01
202000034766,1,7,,0,2,3,9,A01
202000034767,2,10,,0,2,7,23,B01
202000034767,2,32,,0,2,8,18,A01
202000034768,0,1,,0,2,0,9,Z01
202000034768,2,31,,0,2,1,1,A01
202000034769,3,33,,0,2,1,1,B01
202000034769,0,7,,0,2,1,5,A01
202000034770,2,10,,0,1,1,15,A01
202000034771,2,7,,0,2,0,26,A01
202000034771,2,31,,0,2,1,1,B01
202000034772,1,7,,0,2,4,1,B01
202000034772,1,33,,0,2,1,1,A01
202000034773,3,7,,0,1,1,1,A01
202000034774,1,33,,0,2,1,3,B01
202000034774,1,7,,0,0,3,23,A01
202000034775,1,30,,0,1,1,1,A01
202000034776,1,10,,0,2,3,15,A01
202000034776,1,33,,0,2,2,2,B01
202000034777,1,7,,0,2,3,13,B01
202000034777,1,34,,0,2,2,17,A01
202000034778,1,60,,9,9,0,26,A01
202000034779,2,10,,0,1,2,16,A01
202000034780,1,7,,0,1,1,26,A01
202000034781,2,7,,0,1,5,20,A01
202000034782,1,7,,0,1,1,15,A01
202000034783,1,7,,0,1,1,9,A01
202000034784,1,7,,0,1,1,2,A01
202000034785,0,1,,0,2,8,19,B01
202000034785,1,10,,0,2,8,15,A01
202000034786,2,15,,0,2,2,2,A01
202000034786,2,7,,0,2,4,2,B01
202000034786,2,7,,0,0,4,2,C01
202000034787,3,7,,0,9,3,1,B01
202000034787,3,50,,0,2,1,1,A01
202000034788,1,7,,0,2,8,15,B01
202000034788,1,32,,0,2,7,17,A01
202000034789,1,15,,0,1,1,1,A01
202000034790,1,7,,0,2,2,1,A01
202000034790,2,1,,0,2,8,19,B01
202000034791,2,7,,0,2,2,1,B01
202000034791,1,2,,0,2,7,19,A01
202000034792,1,7,,2,9,1,14,A01
202000034793,1,7,,0,2,1,1,B01
202000034793,2,7,,0,2,1,13,A01
202000034794,2,7,,0,2,1,1,B01
202000034794,1,7,,0,2,5,1,A01
202000034795,3,7,,0,2,3,1,B01
202000034795,3,7,,0,2,2,13,A01
202000034796,2,7,,0,0,9,1,A01
202000034797,1,7,,0,2,8,13,A01
202000034797,2,7,,0,2,3,1,B01
202000034798,1,7,,0,2,3,13,A01
202000034798,1,10,,0,2,3,1,B01
202000034799,1,7,,0,0,0,1,A01
202000034800,3,7,,0,1,2,16,A01
202000034801,1,1,,0,5,1,1,A01
202000034802,2,7,,0,2,1,1,A01
202000034802,1,7,,0,2,1,1,B01
202000034803,1,7,,0,2,1,1,A01
202000034803,1,7,,0,2,7,19,B01
202000034804,1,7,,0,2,3,13,A01
202000034804,2,7,,0,2,6,1,B01
202000034804,2,7,,0,2,3,1,C01
202000034805,1,2,,13,0,2,1,A01
202000034806,1,33,,0,0,1,14,A01
202000034807,2,7,,6,0,1,1,A01
202000034808,1,7,,0,1,1,1,A01
202000034809,1,7,,13,0,0,26,A01
202000034810,2,2,,0,2,1,1,A01
202000034810,1,7,,0,2,0,0,B01
202000034811,1,2,,0,2,1,2,A01
202000034811,3,7,,0,0,5,2,B01
202000034812,1,7,,0,2,2,15,A01
202000034812,1,2,,0,2,1,1,B01
202000034813,1,10,,0,2,1,2,A01
202000034813,1,17,,0,0,4,1,C01
202000034813,1,15,,0,0,0,1,B01
202000034814,2,10,,0,2,3,1,A01
202000034814,1,7,,0,2,1,1,B01
202000034815,1,7,,0,2,1,1,C01
202000034815,1,7,,0,2,1,1,B01
202000034815,2,7,,0,2,1,6,A01
202000034816,1,7,,0,2,1,0,B01
202000034816,2,7,,0,2,2,17,A01
202000034817,2,14,,0,2,8,1,B01
202000034817,1,7,,0,2,1,13,A01
202000034818,0,7,,0,1,3,1,A01
202000034819,0,15,,0,2,1,1,B01
202000034819,0,7,,0,2,1,1,A01
202000034820,2,7,,0,2,8,1,B01
202000034820,2,7,,0,2,2,15,A01
202000034821,1,7,,0,2,4,1,B01
202000034821,1,7,,0,2,1,9,A01
202000034822,2,7,,0,2,3,1,A01
202000034822,2,7,,0,2,4,2,B01
202000034823,1,7,,0,2,6,1,B01
202000034823,1,34,,0,2,1,2,A01
202000034824,2,7,,0,2,1,1,B01
202000034824,2,7,,0,2,1,1,A01
202000034824,2,7,,0,2,4,2,C01
202000034825,2,7,,0,2,4,2,B01
202000034825,2,10,,0,2,1,2,A01
202000034826,2,34,,0,2,1,0,B01
202000034826,2,7,,0,2,6,0,A01
202000034827,2,10,,0,2,1,2,A01
202000034827,2,7,,0,2,1,2,B01
202000034827,2,7,,0,2,1,2,C01
202000034827,2,7,,0,2,1,2,D01
202000034827,2,7,,0,2,4,9,E01
202000034828,2,7,,0,2,4,26,B01
202000034828,2,7,,0,2,1,26,A01
202000034828,2,7,,0,2,4,26,C01
202000034829,2,7,,0,2,4,2,B01
202000034829,2,7,,0,2,4,2,C01
202000034829,2,7,,0,2,1,2,A01
202000034830,1,7,,0,1,2,16,A01
202000034831,2,7,,0,1,4,4,A01
202000034832,1,7,,0,2,7,1,B01
202000034832,1,7,,0,2,1,1,A01
202000034833,2,7,,0,2,2,1,B01
202000034833,2,7,,6,2,9,7,A01
202000034834,1,30,,0,1,1,3,A01
202000034835,1,50,,0,0,2,1,A01
202000034836,3,7,,0,2,4,23,B01
202000034836,3,30,,0,2,1,2,A01
202000034837,1,7,,0,0,0,24,A01
202000034837,1,7,,0,2,6,13,B01
202000034837,1,33,,0,2,2,17,C01
202000034837,2,7,,0,2,1,21,D01
202000034838,1,7,,13,0,2,14,A01
202000034839,3,7,,0,2,4,1,B01
202000034839,3,7,,0,2,1,2,A01
202000034840,1,33,,0,2,3,21,B01
202000034840,1,10,,0,2,6,11,A01
202000034841,2,7,,15,2,7,1,B01
202000034841,3,7,,0,2,1,9,A01
202000034842,1,7,,0,1,1,1,A01
202000034843,2,7,,0,2,1,1,B01
202000034843,1,7,,0,2,1,13,A01
202000034844,1,17,,0,2,2,2,A01
202000034844,1,17,,0,0,0,0,B01
202000034845,1,7,,0,2,1,0,B01
202000034845,1,7,,0,2,3,0,A01
202000034846,0,1,,0,0,8,0,A01
202000034847,1,10,,0,2,1,2,A01
202000034847,1,10,,0,2,4,1,B01
202000034848,0,7,,0,1,1,1,A01
202000034849,3,7,,0,2,2,16,A01
202000034849,3,1,,0,2,1,5,B01
202000034850,3,32,,0,2,8,17,A01
202000034850,3,7,,0,2,8,15,B01
202000034851,3,10,,0,2,1,9,A01
202000034851,3,33,,0,2,7,0,B01
202000034852,3,31,,0,2,1,1,B01
202000034852,3,7,,0,2,3,9,A01
202000034853,0,32,,0,2,1,17,A01
202000034853,0,7,,0,2,6,1,B01
202000034853,0,10,,0,2,3,1,C01
202000034854,2,7,,0,2,0,15,A01
202000034854,2,31,,0,0,0,1,B01
202000034855,2,50,,14,0,1,1,A01
202000034856,1,1,,0,2,8,1,B01
202000034856,0,7,,0,2,3,9,A01
202000034857,2,1,,0,2,0,26,A01
202000034857,2,7,,0,2,0,0,Z01
202000034858,2,7,,0,2,5,15,A01
202000034858,1,7,,0,2,1,1,B01
202000034859,2,50,,0,2,0,0,B01
202000034859,1,7,,0,2,0,15,A01
202000034860,1,33,,0,2,8,17,A01
202000034860,1,7,,0,2,1,1,B01
202000034861,1,7,,0,1,2,25,A01
202000034862,1,31,,0,2,1,17,A01
202000034862,2,10,,0,2,3,26,B01
202000034863,2,30,,0,1,2,1,A01
202000034864,0,30,,0,2,1,9,A01
202000034864,0,32,,0,2,2,1,B01
202000034865,2,15,,0,1,1,0,A01
202000034866,2,7,,1,0,1,26,A01
202000034866,2,37,1.0,0,2,4,23,B01
202000034867,3,10,,1,0,1,1,A01
202000034868,0,7,,0,2,0,0,A01
202000034868,1,7,,0,2,0,0,B01
202000034869,2,7,,0,9,3,1,A01
202000034869,2,50,,0,2,7,1,B01
202000034870,2,32,,0,2,3,1,A01
202000034870,2,7,,0,2,5,17,Z01
202000034871,2,7,,0,2,3,1,B01
202000034871,1,7,,0,2,1,13,A01
202000034872,1,10,,0,2,3,13,A01
202000034872,2,10,,0,2,0,0,B01
202000034873,3,7,,0,2,2,9,A01
202000034873,0,7,,0,2,1,1,B01
202000034874,1,7,,13,0,9,13,A01
202000034875,1,7,,14,1,7,1,A01
202000034876,2,33,,0,2,1,1,B01
202000034876,2,7,,0,2,7,15,A01
202000034877,2,10,,0,2,1,1,E01
202000034877,1,15,,0,2,1,1,D01
202000034877,1,7,,0,2,4,1,C01
202000034877,1,10,,0,2,4,23,B01
202000034877,1,7,,0,2,6,1,A01
202000034878,1,50,,0,1,7,1,A01
202000034879,2,50,,1,0,0,14,A01
202000034880,2,10,,0,2,1,15,A01
202000034880,1,32,,0,1,1,1,B01
202000034881,1,7,,0,2,4,23,C01
202000034881,1,7,,0,2,4,23,B01
202000034881,1,7,,0,2,1,1,A01
202000034882,3,50,,0,2,8,9,A01
202000034882,3,7,,0,2,1,1,B01
202000034883,3,30,,0,2,4,1,A01
202000034883,3,7,,0,2,1,2,B01
202000034884,1,7,,0,2,3,13,A01
202000034884,2,1,,0,2,1,1,B01
202000034885,2,1,,0,2,7,1,B01
202000034885,2,7,,0,2,8,22,A01
202000034886,1,10,,0,1,5,4,A01
202000034887,1,7,,0,1,2,1,A01
202000034888,2,31,,0,0,0,2,A01
202000034889,1,1,,0,2,6,19,B01
202000034889,1,32,,0,2,1,1,A01
202000034890,2,32,,0,1,3,1,A01
202000034891,2,1,,0,2,1,13,A01
202000034891,1,50,,0,2,1,1,B01
202000034892,1,1,,0,2,1,1,Z01
202000034892,1,1,,0,2,2,23,A01
202000034893,2,50,,0,1,1,25,A01
202000034894,2,1,,0,2,0,1,B01
202000034894,1,1,,0,2,0,17,A01
202000034895,3,7,,0,2,2,15,A01
202000034895,1,7,,0,2,3,1,B01
202000034896,1,30,,0,2,1,1,B01
202000034896,2,7,,0,2,3,1,A01
202000034897,1,32,,0,0,0,21,A01
202000034898,2,7,,0,2,3,1,B01
202000034898,1,10,,0,2,1,1,A01
202000034899,2,1,,1,0,1,2,B01
202000034899,2,10,,0,2,3,24,A01
202000034900,1,10,,0,1,7,26,A01
202000034901,3,7,,0,1,6,4,A01
202000034902,3,32,,0,9,8,21,A01
202000034903,1,7,,0,2,3,1,A01
202000034903,2,60,,0,2,0,19,Y01
202000034904,3,1,,14,0,1,1,A01
202000034905,3,7,,1,0,0,0,A01
202000034906,2,7,,0,2,1,2,Z01
202000034906,2,31,,0,2,4,2,A01
202000034907,1,7,,0,1,1,16,A01
202000034908,2,7,,0,0,4,23,A01
202000034908,2,7,,0,2,4,2,B01
202000034908,2,7,,0,2,4,2,C01
202000034908,2,7,,0,2,1,2,D01
202000034909,0,31,,0,2,4,23,B01
202000034909,0,7,,0,2,1,1,A01
202000034910,3,7,,0,2,3,1,B01
202000034910,1,7,,0,2,5,1,A01
202000034911,2,7,,0,2,4,23,A01
202000034911,2,7,,0,2,1,1,B01
202000034912,3,7,,0,2,1,9,A01
202000034912,0,7,,0,0,1,0,D01
202000034912,0,7,,0,0,3,0,C01
202000034912,3,7,,0,2,7,1,B01
202000034913,1,7,,0,2,7,12,A01
202000034913,1,32,,0,2,1,0,B01
202000034914,2,7,,9,0,3,16,A01
202000034915,1,33,,0,2,7,1,B01
202000034915,1,10,,0,2,8,11,Z01
202000034916,1,32,,0,2,1,1,A01
202000034916,2,2,,0,2,8,19,B01
202000034917,1,1,,1,2,8,21,A01
202000034917,1,10,,0,0,0,0,B01
202000034918,1,7,,0,2,2,15,A01
202000034918,1,10,,0,2,1,1,B01
202000034919,3,7,,2,0,3,1,A01
202000034920,1,7,,3,0,0,1,A01
202000034920,1,7,,3,0,0,1,B01
202000034920,1,7,,14,0,1,1,C01
202000034921,2,7,,0,2,2,14,A01
202000034921,2,7,,0,0,6,1,B01
202000034922,1,7,,0,2,3,5,B01
202000034922,2,7,,0,2,3,1,A01
202000034923,1,33,,13,0,1,1,A01
202000034924,0,36,,15,0,1,1,A01
202000034925,2,33,,0,0,4,2,A01
202000034925,2,10,,0,2,3,2,B01
202000034926,2,7,,0,2,1,1,B01
202000034926,1,7,,0,2,1,13,A01
202000034927,2,10,,0,0,1,1,A01
202000034927,1,7,,0,0,3,1,B01
202000034928,0,7,,0,2,3,1,B01
202000034928,0,7,,0,2,8,1,C01
202000034928,0,10,,0,2,3,13,A01
202000034929,1,15,,13,0,3,1,B01
202000034929,2,7,,14,0,3,1,A01
202000034930,1,33,,0,0,0,2,A01
202000034931,3,1,,0,2,1,16,B01
202000034931,2,7,,0,9,2,1,A01
202000034932,0,7,,0,1,2,14,A01
202000034933,2,7,,0,2,1,1,A01
202000034933,2,7,,0,0,4,15,B01
202000034934,2,2,,0,0,0,14,A01
202000034935,2,33,,0,2,1,1,B01
202000034935,1,7,,0,2,7,15,A01
202000034936,1,33,,13,0,0,1,A01
202000034937,3,2,,0,2,1,0,B01
202000034937,3,7,,0,2,1,5,A01
202000034938,1,7,,13,0,1,0,A01
202000034939,1,7,,2,0,1,1,A01
202000034940,1,7,,0,2,8,15,B01
202000034940,2,33,,0,2,1,1,A01
202000034941,1,7,,2,0,1,1,A01
202000034942,2,1,,0,2,1,1,B01
202000034942,2,7,,0,2,3,15,A01
202000034943,1,80,,0,9,4,1,A01
202000034943,1,7,,0,9,2,1,B01
202000034944,2,7,,2,0,2,14,A01
202000034945,2,7,,0,2,0,17,A01
202000034945,2,1,,0,2,8,15,B01
202000034946,1,7,,0,2,3,1,A01
202000034946,2,7,,0,2,3,1,B01
202000034947,2,7,,2,0,2,13,A01
202000034948,2,7,,0,2,1,21,B01
202000034948,1,7,,0,2,1,13,A01
202000034949,1,7,,0,1,1,1,A01
202000034950,1,7,,0,1,1,2,A01
202000034951,1,7,,0,2,1,13,A01
202000034951,2,37,11.0,12,2,3,14,B01
202000034952,2,33,,0,6,1,1,A01
202000034953,1,31,,0,2,4,15,A01
202000034953,1,33,,0,2,1,15,B01
202000034954,2,7,,13,0,9,0,A01
202000034955,1,7,,0,0,2,1,A01
202000034956,1,7,,8,0,2,1,A01
202000034957,2,7,,2,0,3,14,A01
202000034958,2,7,,0,2,2,1,B01
202000034958,1,7,,13,2,1,13,A01
202000034959,3,15,,0,2,1,15,A01
202000034959,3,7,,0,2,4,23,B01
202000034960,2,33,,0,0,7,1,A01
202000034961,3,31,,0,2,8,15,B01
202000034961,2,7,,8,2,2,1,A01
202000034962,2,10,,0,2,1,1,B01
202000034962,1,7,,0,2,3,9,A01
202000034963,2,15,,0,0,4,1,B01
202000034963,2,10,,0,2,1,2,A01
202000034964,2,7,,0,2,1,1,A01
202000034964,2,30,,0,2,4,1,B01
202000034965,2,7,,0,2,5,11,B01
202000034965,2,33,,0,2,1,21,A01
202000034966,1,33,,0,2,1,17,B01
202000034966,1,7,,0,2,3,10,A01
202000034967,2,7,,4,0,3,17,A01
202000034968,1,7,,0,2,4,1,B01
202000034968,1,30,,0,2,1,1,A01
202000034969,2,7,,3,0,2,14,A01
202000034970,1,7,,0,2,2,15,A01
202000034970,2,1,,0,2,1,0,B01
202000034971,2,15,,0,0,6,2,B01
202000034971,2,10,,0,2,1,2,A01
202000034972,1,1,,0,0,0,0,B01
202000034972,1,37,1.0,0,2,5,1,A01
202000034973,1,7,,0,2,1,2,A01
202000034973,1,7,,0,0,4,1,B01
202000034974,1,33,,0,2,1,2,A01
202000034974,1,7,,0,2,4,2,B01
202000034975,2,7,,0,2,3,13,A01
202000034975,1,7,,0,2,3,1,B01
202000034976,2,7,,0,2,5,11,A01
202000034976,2,2,,0,2,3,18,B01
202000034977,1,33,,0,2,1,1,B01
202000034977,1,7,,0,2,4,17,A01
202000034978,1,7,,13,0,1,14,A01
202000034979,1,33,,0,2,1,1,B01
202000034979,1,7,,0,2,3,15,A01
202000034980,1,7,,0,1,1,1,A01
202000034981,1,33,,6,0,7,1,A01
202000034982,1,7,,0,2,1,15,A01
202000034982,1,7,,0,2,7,1,B01
202000034983,3,33,,0,2,1,1,A01
202000034983,0,7,,0,2,3,1,B01
202000034984,1,33,,0,6,2,1,A01
202000034985,0,7,,0,1,1,18,A01
202000034986,2,7,,0,2,2,1,C01
202000034986,2,7,,0,2,5,1,B01
202000034986,1,7,,0,2,2,1,A01
202000034987,2,7,,0,2,1,1,B01
202000034987,1,7,,0,2,1,15,A01
202000034988,-1,33,,13,0,9,14,A01
202000034989,1,33,,13,0,1,0,A01
202000034990,1,7,,0,2,3,26,B01
202000034990,2,7,,15,0,4,26,A01
202000034991,2,7,,8,0,8,1,A01
202000034992,2,7,,0,1,1,1,A01
202000034993,1,1,,0,2,1,1,B01
202000034993,2,7,,0,9,3,1,A01
202000034994,1,33,,0,2,8,1,B01
202000034994,1,99,,0,2,1,1,X01
202000034995,2,10,,0,2,2,13,A01
202000034995,1,7,,0,2,1,1,B01
202000034996,1,2,,0,2,7,1,B01
202000034996,1,7,,0,2,3,16,A01
202000034997,3,31,,11,0,0,17,A01
202000034998,1,7,,0,2,6,1,C01
202000034998,1,7,,0,2,2,12,A01
202000034998,1,43,,0,2,3,3,B01
202000034999,1,7,,4,0,1,14,A01
202000035000,2,7,,4,0,1,1,A01
202000035001,1,7,,4,0,1,14,A01
202000035002,2,7,,14,0,1,14,A01
202000035003,1,7,,0,2,2,16,Z01
202000035003,1,1,,0,2,8,1,A01
202000035004,2,7,,0,2,6,2,C01
202000035004,2,7,,0,2,1,2,A01
202000035004,2,7,,0,2,4,2,B01
202000035005,2,50,,0,1,7,1,A01
202000035006,2,7,,0,2,4,0,C01
202000035006,2,7,,0,2,1,2,A01
202000035006,2,7,,0,2,4,0,B01
202000035006,2,7,,0,2,0,0,Z01
202000035007,1,30,,0,0,0,21,A01
202000035008,1,32,,0,0,0,1,A01
202000035009,2,32,,0,0,0,1,A01
202000035010,1,7,,4,0,3,26,A01
202000035011,2,7,,0,2,3,9,B01
202000035011,2,15,,0,2,2,12,A01
202000035012,2,30,,0,1,0,1,Z01
202000035013,2,7,,0,2,1,0,B01
202000035013,2,7,,0,2,4,26,A01
202000035014,1,10,,0,2,5,1,B01
202000035014,1,1,,0,2,3,1,A01
202000035015,1,7,,0,1,7,15,A01
202000035016,2,7,,0,2,1,1,A01
202000035016,3,1,,0,2,1,1,B01
202000035017,2,7,,0,1,1,15,A01
202000035018,3,32,,0,2,7,1,A01
202000035018,3,7,,0,2,0,23,B01
202000035019,2,7,,0,2,7,1,A01
202000035019,1,7,,0,2,1,0,B01
202000035020,1,7,,0,2,2,15,A01
202000035020,2,1,,0,2,1,1,B01
202000035021,3,36,,0,0,0,1,A01
202000035022,2,10,,0,2,2,22,A01
202000035022,2,1,,0,2,3,1,B01
202000035023,1,1,,0,2,1,10,Z01
202000035023,2,1,,0,2,1,1,A01
202000035024,3,7,,0,2,1,2,A01
202000035024,3,7,,0,2,4,2,B01
202000035025,2,7,,0,2,7,1,A01
202000035025,2,7,,1,2,3,1,B01
202000035026,1,30,,0,2,1,17,A01
202000035026,1,7,,0,2,6,10,B01
202000035027,1,7,,0,2,3,10,B01