Num_Acc,senc,catv,occutc,obs,obsm,choc,manv,num_veh
202000035027,1,30,,0,2,0,0,A01
202000035028,0,7,,0,2,8,1,B01
202000035028,0,7,,0,2,7,9,A01
202000035029,1,7,,0,2,3,15,A01
202000035029,1,2,,0,2,7,1,B01
202000035030,3,7,,0,2,1,26,A01
202000035030,3,7,,0,2,4,23,B01
202000035031,3,7,,0,1,1,26,A01
202000035032,1,7,,0,2,1,1,C01
202000035032,1,7,,1,2,1,1,B01
202000035032,2,7,,0,2,1,17,A01
202000035033,1,7,,0,2,3,9,A01
202000035033,1,7,,0,2,2,15,B01
202000035034,3,33,,6,2,1,18,A01
202000035034,3,7,,0,2,2,16,B01
202000035035,0,7,,0,9,3,23,A01
202000035035,3,1,,0,2,1,15,B01
202000035036,1,1,,14,0,1,1,A01
202000035037,1,7,,0,1,1,26,A01
202000035038,2,10,,0,9,6,1,C01
202000035038,2,7,,0,2,5,1,B01
202000035038,2,7,,0,2,3,26,A01
202000035039,1,7,,0,1,2,16,A01
202000035040,2,7,,0,2,4,1,B01
202000035040,2,7,,0,2,1,26,A01
202000035041,1,43,,14,9,2,26,A01
202000035042,3,34,,0,2,1,3,B01
202000035042,3,7,,0,2,7,1,A01
202000035043,1,7,,0,2,2,1,B01
202000035043,1,30,,0,2,1,1,A01
202000035044,3,1,,0,2,3,19,B01
202000035044,3,7,,0,2,2,1,A01
202000035045,-1,7,,0,1,1,1,A01
202000035046,3,7,,0,2,4,0,C01
202000035046,3,7,,0,2,4,0,B01
202000035046,3,7,,0,2,1,0,A01
202000035047,3,7,,0,2,1,2,B01
202000035047,3,7,,0,2,1,16,A01
202000035048,3,7,,0,2,2,0,B01
202000035048,3,32,,0,2,8,1,A01
202000035049,1,1,,0,2,8,0,B01
202000035049,1,17,,0,2,5,16,A01
202000035050,0,7,,0,1,1,1,A01
202000035051,2,7,,0,1,2,1,A01
202000035052,3,1,,0,2,2,1,B01
202000035052,3,10,,0,2,3,3,A01
202000035053,2,33,,0,2,1,1,B01
202000035053,1,3,,0,2,6,15,A01
202000035054,2,7,,2,0,1,1,A01
202000035055,2,3,,3,0,0,0,A01
202000035056,0,14,,0,2,1,1,A01
202000035056,0,7,,0,2,7,1,B01
202000035057,2,7,,8,0,1,1,A01
202000035058,1,7,,0,2,1,1,A01
202000035058,1,2,,0,2,7,1,B01
202000035059,1,33,,0,2,1,0,B01
202000035059,2,7,,0,2,6,0,A01
202000035060,2,7,,0,2,3,20,A01
202000035060,2,32,,0,2,2,2,B01
202000035061,2,7,,0,2,1,2,A01
202000035061,2,7,,0,2,4,2,B01
202000035061,2,7,,0,2,4,2,C01
202000035062,2,15,,0,2,6,12,A01
202000035062,2,7,,0,2,6,1,B01
202000035063,1,7,,0,1,7,1,A01
202000035064,3,7,,0,2,2,9,B01
202000035064,1,7,,0,2,3,9,A01
202000035065,1,7,,0,2,1,2,A01
202000035065,1,7,,0,0,4,1,B01
202000035066,1,17,,0,1,1,21,B01
202000035067,1,33,,0,2,1,3,B01
202000035067,1,7,,0,2,8,15,A01
202000035068,0,31,,0,2,7,1,B01
202000035068,0,7,,0,2,8,10,A01
202000035069,1,33,,16,0,0,13,A01
202000035070,0,33,,0,0,0,0,A01
202000035071,1,7,,0,0,3,15,B01
202000035071,1,30,,0,0,7,17,A01
202000035072,2,7,,0,2,1,1,A01
202000035072,2,7,,0,2,4,2,B01
202000035072,2,7,,0,2,4,1,C01
202000035073,2,33,,0,0,3,1,A01
202000035074,2,33,,16,0,1,26,A01
202000035075,1,7,,0,2,2,15,A01
202000035075,2,32,,0,2,1,1,B01
202000035076,2,7,,0,1,3,26,A01
202000035077,2,33,,0,2,1,3,B01
202000035077,2,7,,0,2,5,12,A01
202000035078,2,7,,11,0,1,6,A01
202000035079,0,33,,0,2,1,3,B01
202000035079,0,7,,0,2,3,15,A01
202000035080,2,33,,0,2,1,21,A01
202000035080,2,7,,0,2,4,1,B01
202000035081,1,7,,0,2,4,20,A01
202000035081,1,30,,0,2,7,1,B01
202000035082,1,20,,4,0,7,26,A01
202000035082,1,32,,4,2,8,18,B01
202000035083,1,7,,0,2,9,2,A01
202000035083,1,7,,0,2,0,2,B01
202000035084,1,7,,0,2,8,1,B01
202000035084,1,33,,0,2,1,9,A01
202000035085,1,30,,0,2,4,0,A01
202000035085,1,7,,0,2,4,1,B01
202000035086,2,7,,0,2,4,2,B01
202000035086,2,7,,0,2,1,1,A01
202000035087,2,7,,0,2,1,1,B01
202000035087,2,1,,0,2,1,9,A01
202000035088,1,30,,8,0,1,1,A01
202000035089,2,10,,0,1,3,4,A01
202000035090,2,7,,0,2,1,2,A01
202000035090,2,7,,0,2,4,2,C01
202000035090,2,7,,0,2,4,2,B01
202000035091,1,7,,0,2,1,1,B01
202000035091,1,7,,0,2,4,26,Z01
202000035092,2,7,,8,0,1,26,A01
202000035093,1,37,1.0,0,1,2,15,A01
202000035094,1,10,,0,2,1,2,A01
202000035094,1,38,2.0,0,2,4,2,B01
202000035095,3,7,,0,1,2,26,A01
202000035096,1,7,,0,2,1,1,B01
202000035096,1,7,,0,2,3,10,A01
202000035097,1,7,,0,2,1,1,A01
202000035097,2,7,,0,2,4,1,B01
202000035098,2,7,,13,0,8,1,A01
202000035099,1,7,,0,2,1,1,B01
202000035099,2,7,,0,2,1,13,A01
202000035100,1,1,,1,0,1,0,A01
202000035101,1,7,,0,2,1,1,A01
202000035101,1,7,,0,2,5,23,C01
202000035101,1,7,,0,2,6,23,B01
202000035102,2,7,,0,2,3,17,A01
202000035102,1,7,,0,2,3,1,B01
202000035102,2,17,,0,9,1,1,C01
202000035103,1,33,,0,2,7,0,B01
202000035103,1,7,,0,2,0,0,A01
202000035104,2,7,,0,2,2,12,B01
202000035104,2,33,,0,2,6,1,A01
202000035105,2,31,,0,2,0,0,A01
202000035106,0,7,,0,2,6,1,B01
202000035106,0,7,,0,2,1,16,A01
202000035107,3,1,,0,2,3,2,B01
202000035107,0,7,,0,2,0,26,A01
202000035108,1,31,,0,2,1,1,B01
202000035108,1,7,,0,2,2,9,A01
202000035109,1,33,,4,2,1,1,B01
202000035109,1,10,,4,2,6,1,A01
202000035110,2,7,,0,2,4,2,B01
202000035110,2,7,,0,2,1,2,A01
202000035111,2,7,,0,2,0,0,A01
202000035111,0,1,,0,2,0,0,B01
202000035112,1,7,,0,0,5,15,A01
202000035112,2,80,,0,2,1,1,B01
202000035113,2,7,,3,0,2,1,A01
202000035114,2,7,,0,2,7,1,B01
202000035114,2,7,,0,2,8,13,A01
202000035115,3,80,,0,2,1,1,B01
202000035115,3,7,,0,2,3,9,A01
202000035116,2,7,,0,2,2,1,B01
202000035116,1,2,,0,2,3,1,A01
202000035117,2,2,,0,0,9,15,A01
202000035118,1,7,,0,2,8,11,A01
202000035118,1,7,,0,2,7,3,B01
202000035118,1,7,,0,2,6,1,C01
202000035119,2,33,,0,0,0,17,A01
202000035120,1,7,,0,2,4,2,D01
202000035120,1,10,,0,2,4,2,C01
202000035120,1,7,,0,2,4,2,B01
202000035120,1,7,,0,2,1,1,A01
202000035121,2,33,,12,0,1,1,A01
202000035122,3,7,,0,2,3,1,B01
202000035122,3,7,,0,2,1,1,A01
202000035123,2,7,,0,0,6,1,A01
202000035123,2,7,,0,2,4,1,B01
202000035123,2,7,,0,2,1,1,C01
202000035124,2,33,,0,2,1,21,A01
202000035125,1,7,,0,0,5,15,C01
202000035125,1,7,,0,2,5,15,B01
202000035125,1,7,,0,2,1,1,A01
202000035126,1,7,,0,9,5,1,B01
202000035126,2,1,,0,2,1,9,A01
202000035127,3,37,2.0,7,2,2,19,A01
202000035127,2,7,,0,2,1,1,B01
202000035128,0,30,,0,0,8,1,A01
202000035129,2,10,,0,2,1,1,C01
202000035129,3,10,,0,2,2,1,B01
202000035129,3,10,,0,2,1,26,A01
202000035130,1,7,,0,2,5,15,A01
202000035130,2,2,,0,2,1,1,B01
202000035131,3,37,1.0,0,1,7,1,A01
202000035132,2,7,,0,0,0,17,A01
202000035133,1,33,,0,0,7,15,A01
202000035134,0,7,,0,1,1,1,A01
202000035135,2,7,,0,1,2,16,A01
202000035136,2,7,,6,0,1,1,A01
202000035137,2,33,,0,2,1,1,B01
202000035137,1,7,,0,2,7,15,A01
202000035138,1,7,,0,2,3,1,C01
202000035138,1,7,,0,2,1,1,B01
202000035138,2,15,,0,2,6,1,A01
202000035139,3,7,,0,2,2,1,A01
202000035139,3,7,,0,2,3,16,B01
202000035140,2,2,,0,2,3,1,A01
202000035140,2,7,,0,2,3,1,B01
202000035141,2,10,,1,1,2,1,A01
202000035142,2,7,,2,0,3,1,A01
202000035143,2,3,,13,0,2,14,A01
202000035144,1,7,,0,2,2,1,A01
202000035144,2,32,,0,2,1,1,B01
202000035145,1,13,,0,2,1,15,B01
202000035145,2,33,,0,2,1,1,A01
202000035146,3,7,,0,2,1,1,A01
202000035146,3,1,,0,2,1,9,B01
202000035147,2,7,,0,1,0,1,A01
202000035148,3,21,,0,9,6,1,B01
202000035148,3,1,,0,9,3,1,A01
202000035149,2,7,,0,1,2,21,A01
202000035150,2,15,,0,2,8,17,A01
202000035150,1,7,,0,2,1,1,B01
202000035151,3,14,,0,2,1,0,A01
202000035151,0,7,,0,2,8,0,B01
202000035152,1,7,,0,2,2,1,A01
202000035152,1,99,,0,2,0,1,B01
202000035153,1,17,,13,0,2,1,A01
202000035154,3,31,,0,2,1,1,A01
202000035154,1,7,,0,2,3,15,B01
202000035155,1,14,,0,0,9,1,A01
202000035156,3,10,,3,0,1,14,A01
202000035157,0,7,,0,0,4,2,B01
202000035157,0,7,,7,1,1,2,A01
202000035158,1,7,,0,0,6,15,A01
202000035158,1,33,,0,2,1,17,B01
202000035159,1,7,,0,2,1,1,B01
202000035159,1,7,,0,2,4,1,A01
202000035160,1,1,,0,0,4,1,A01
202000035160,1,7,,0,2,2,14,B01
202000035161,2,7,,5,0,4,0,A01
202000035161,2,38,5.0,0,2,1,1,B01
202000035162,0,7,,0,0,0,0,B01
202000035162,0,2,,0,2,1,1,A01
202000035163,2,7,,3,2,1,26,A01
202000035163,2,7,,3,2,6,1,B01
202000035164,2,7,,0,2,5,19,A01
202000035164,1,7,,0,2,1,1,B01
202000035165,1,33,,0,2,2,17,B01
202000035165,1,13,,0,2,8,15,A01
202000035166,1,7,,13,0,9,1,A01
202000035167,2,7,,0,1,4,4,A01
202000035168,3,7,,0,1,2,20,A01
202000035169,2,33,,13,0,1,0,A01
202000035170,0,7,,13,0,3,13,A01
202000035171,1,33,,0,2,1,1,A01
202000035171,2,33,,0,2,1,1,B01
202000035172,2,7,,0,2,3,13,A01
202000035172,2,7,,0,2,7,1,B01
202000035172,2,10,,0,2,8,1,C01
202000035172,2,15,,0,0,0,1,D01
202000035173,1,7,,0,2,4,1,B01
202000035173,1,10,,0,2,1,2,A01
202000035174,2,7,,0,2,2,21,B01
202000035174,1,31,,3,2,2,13,A01
202000035175,1,1,,0,2,7,1,B01
202000035175,1,7,,0,2,1,9,A01
202000035176,2,7,,5,0,1,1,A01
202000035177,2,33,,6,0,1,1,A01
202000035178,2,7,,0,1,3,1,A01
202000035179,2,7,,0,2,3,1,B01
202000035179,1,7,,0,2,7,1,A01
202000035180,2,7,,0,2,1,1,A01
202000035180,2,33,,0,2,1,15,B01
202000035180,2,7,,0,2,1,1,C01
202000035181,0,7,,0,2,2,15,B01
202000035181,3,7,,2,2,7,1,A01
202000035182,1,7,,0,2,8,15,B01
202000035182,1,31,,0,2,1,17,A01
202000035183,1,3,,0,2,8,1,A01
202000035183,1,80,,0,2,1,1,B01
202000035184,2,33,,17,0,4,1,A01
202000035185,1,31,,0,2,3,1,B01
202000035185,2,10,,0,2,3,13,A01
202000035186,1,33,,0,2,1,1,B01
202000035186,2,7,,0,0,7,15,A01
202000035187,3,36,,16,0,0,1,A01
202000035188,1,33,,0,6,1,1,A01
202000035189,0,30,,0,2,2,1,B01
202000035189,0,7,,0,2,3,20,A01
202000035190,3,7,,0,1,1,0,A01
202000035191,0,7,,0,2,3,1,B01
202000035191,0,50,,0,2,1,19,A01
202000035192,2,33,,0,2,1,1,B01
202000035192,1,7,,0,2,3,1,A01
202000035193,2,7,,0,0,1,13,A01
202000035194,0,7,,0,1,6,26,A01
202000035195,2,7,,10,0,1,1,A01
202000035196,2,7,,0,2,1,13,A01
202000035196,1,7,,0,2,1,1,B01
202000035197,1,7,,2,0,1,19,A01
202000035198,2,7,,0,1,0,1,Z01
202000035199,1,33,,0,0,0,1,A01
202000035200,2,33,,13,0,2,1,A01
202000035201,1,7,,0,2,1,1,B01
202000035201,2,33,,0,2,1,1,A01
202000035202,2,10,,0,1,3,1,A01
202000035203,1,33,,0,0,8,1,A01
202000035204,1,10,,0,2,3,1,B01
202000035204,1,7,,0,2,6,1,A01
202000035205,1,7,,0,2,2,1,B01
202000035205,2,7,,3,2,2,0,A01
202000035206,1,7,,0,1,3,1,A01
202000035207,1,7,,0,2,1,1,B01
202000035207,1,7,,0,1,1,1,A01
202000035208,0,7,,0,1,1,1,A01
202000035209,1,7,,0,2,3,9,A01
202000035209,1,36,,0,0,5,1,B01
202000035210,3,7,,0,2,7,1,B01
202000035210,3,33,,0,2,1,19,A01
202000035211,3,99,,0,2,1,1,B01
202000035211,3,7,,0,9,2,15,A01
202000035212,1,2,,0,0,0,1,A01
202000035213,1,7,,0,2,1,2,B01
202000035213,1,7,,0,2,4,21,A01
202000035214,1,33,,0,6,2,0,A01
202000035215,2,10,,1,2,3,19,A01
202000035215,2,10,,1,2,2,1,B01
202000035216,3,7,,0,2,2,1,A01
202000035216,3,1,,0,2,8,15,B01
202000035217,3,7,,0,2,2,1,B01
202000035217,3,7,,0,0,6,1,A01
202000035218,1,33,,13,0,0,1,A01
202000035219,3,33,,3,0,8,1,A01
202000035220,2,7,,0,2,4,2,B01
202000035220,2,7,,0,2,4,2,A01
202000035220,2,7,,0,2,1,2,C01
202000035221,3,2,,0,2,1,1,A01
202000035221,3,99,,0,0,3,1,B01
202000035222,2,7,,0,2,2,1,B01
202000035222,2,7,,4,2,1,17,A01
202000035223,1,7,,0,2,3,1,B01
202000035223,2,31,,0,2,1,5,A01
202000035224,2,15,,0,2,1,1,B01
202000035224,2,30,,0,2,7,1,A01
202000035225,1,33,,0,2,7,1,B01
202000035225,1,7,,0,2,3,11,A01
202000035226,2,30,,0,2,1,1,B01
202000035226,1,7,,8,2,1,15,A01
202000035227,2,7,,0,2,2,16,A01
202000035227,2,1,,0,2,5,16,B01
202000035228,2,33,,13,0,1,1,A01
202000035229,2,7,,0,1,1,1,A01
202000035230,2,7,,0,1,1,1,A01
202000035231,1,7,,0,2,4,23,B01
202000035231,1,7,,0,2,4,23,C01
202000035231,1,10,,0,2,4,23,D01
202000035231,1,7,,0,2,4,23,E01
202000035231,1,17,,0,2,4,23,F01
202000035231,1,14,,0,2,1,1,A01
202000035232,1,7,,0,2,4,1,C01
202000035232,1,7,,0,2,9,1,B01
202000035232,1,7,,0,2,1,1,A01
202000035233,1,7,,0,1,1,2,A01
202000035233,1,7,,0,2,1,2,B01
202000035233,1,7,,0,2,1,2,C01
202000035234,1,7,,0,2,1,17,A01
202000035234,2,7,,0,2,3,21,B01
202000035235,1,7,,0,1,1,1,A01
202000035236,1,33,,0,0,9,2,A01
202000035237,2,33,,0,2,3,13,B01
202000035237,1,7,,0,2,3,13,A01
202000035238,2,7,,0,2,3,1,B01
202000035238,2,7,,0,2,2,1,A01
202000035239,2,33,,0,0,7,1,A01
202000035240,1,7,,0,2,1,2,B01
202000035240,1,7,,0,2,1,2,A01
202000035240,1,7,,0,2,1,2,C01
202000035241,2,7,,4,0,7,1,A01
202000035242,2,7,,0,0,6,23,A01
202000035242,2,1,,0,2,1,23,B01
202000035243,1,7,,0,2,1,2,A01
202000035243,1,7,,0,2,4,2,B01
202000035244,1,7,,0,2,7,1,B01
202000035244,1,7,,0,2,1,1,A01
202000035245,2,7,,0,0,9,1,A01
202000035246,2,1,,0,2,1,25,B01
202000035246,0,7,,0,2,2,26,A01
202000035247,2,7,,0,2,1,0,A01
202000035247,2,7,,0,2,2,1,B01
202000035248,0,7,,0,2,3,1,B01
202000035248,0,7,,0,2,1,1,A01
202000035249,1,7,,0,9,5,24,C01
202000035249,1,33,,0,2,1,1,B01
202000035249,2,7,,0,2,3,15,A01
202000035250,0,1,,0,2,1,1,A01
202000035251,2,33,,0,2,7,2,A01
202000035252,2,14,,3,0,2,14,A01
202000035253,0,50,,0,0,0,0,A01
202000035254,2,7,,0,2,2,13,A01
202000035254,2,7,,0,0,8,1,B01
202000035254,2,7,,0,2,1,1,C01
202000035255,1,10,,0,2,1,1,B01
202000035255,2,10,,0,2,1,13,A01
202000035256,0,30,,0,0,0,0,A01
202000035257,2,10,,13,0,2,1,A01
202000035258,1,7,,0,2,8,5,B01
202000035258,2,32,,0,2,2,5,A01
202000035259,1,33,,10,0,7,21,A01
202000035260,1,7,,0,2,2,15,A01
202000035260,2,31,,0,2,1,0,B01
202000035261,2,10,,13,0,6,23,B01
202000035261,2,15,,0,2,2,2,A01
202000035262,3,7,,0,2,2,12,A01
202000035262,3,33,,0,2,6,1,B01
202000035263,1,7,,0,0,9,1,A01
202000035264,3,7,,1,0,2,19,A01
202000035265,3,7,,0,4,1,1,A01
202000035265,3,40,,0,2,1,1,B01
202000035266,1,10,,0,1,1,1,A01
202000035267,3,7,,0,2,1,1,B01
202000035267,3,7,,0,2,1,13,A01
202000035268,2,7,,2,0,2,1,A01
202000035269,3,7,,0,1,1,1,A01
202000035270,0,7,,0,1,2,9,A01
202000035271,2,7,,0,2,1,17,A01
202000035271,3,33,,0,2,1,0,B01
202000035272,1,7,,0,2,3,16,B01
202000035272,1,33,,0,2,7,18,A01
202000035273,3,7,,0,2,4,4,A01
202000035273,3,32,,0,0,1,23,B01
202000035274,2,7,,6,0,1,1,A01
202000035275,2,33,,0,0,0,16,A01
202000035276,1,31,,0,2,0,1,B01
202000035276,2,7,,0,2,3,15,A01
202000035277,3,15,,0,2,4,9,A01
202000035277,3,32,,0,0,4,2,B01
202000035278,0,33,,0,2,1,0,B01
202000035278,2,99,,0,9,3,1,A01
202000035279,2,10,,0,2,6,11,A01
202000035279,2,32,,0,2,7,1,B01
202000035280,0,7,,0,2,1,1,B01
202000035280,0,7,,0,2,2,15,A01
202000035281,2,32,,0,2,3,3,A01
202000035281,2,7,,0,2,5,17,B01
202000035282,1,33,,0,9,1,1,A01
202000035282,2,1,,0,2,1,13,B01
202000035283,1,33,,0,2,5,23,B01
202000035283,1,7,,0,2,3,2,A01
202000035284,1,10,,0,2,1,1,A01
202000035284,1,7,,0,2,1,1,B01
202000035285,2,7,,0,0,1,1,A01
202000035286,0,40,,0,2,1,1,B01
202000035286,0,7,,0,4,3,1,A01
202000035287,1,7,,0,1,1,1,A01
202000035288,1,7,,0,2,1,2,A01
202000035288,1,7,,0,2,4,2,E01
202000035288,1,7,,0,2,4,2,B01
202000035288,1,7,,0,2,4,2,C01
202000035288,1,7,,0,2,4,2,D01
202000035289,2,30,,11,0,1,13,A01
202000035290,1,30,,0,2,1,9,Z01
202000035290,1,1,,0,2,2,1,A01
202000035291,2,1,,0,0,0,1,A01
202000035292,1,7,,0,2,2,11,B01
202000035292,1,30,,0,2,2,1,A01
202000035293,2,32,,0,2,1,5,A01
202000035293,1,33,,0,2,1,1,B01
202000035294,2,30,,1,0,3,13,A01
202000035295,1,7,,0,2,2,0,A01
202000035295,1,2,,0,2,1,1,B01
202000035296,3,10,,0,0,8,16,C01
202000035296,3,7,,0,2,5,15,B01
202000035296,3,33,,0,2,1,17,A01
202000035297,1,32,,0,2,5,16,A01
202000035297,1,7,,0,2,3,1,B01
202000035298,1,10,,0,2,1,1,A01
202000035298,1,7,,0,2,9,1,B01
202000035298,1,10,,0,2,9,1,C01
202000035298,1,7,,0,2,5,1,D01
202000035299,2,1,,0,1,1,1,A01
202000035300,3,7,,0,2,4,0,B01
202000035300,3,7,,0,2,1,1,A01
202000035301,2,7,,12,0,0,14,A01
202000035302,3,1,,0,0,1,1,A01
202000035303,1,7,,0,1,1,0,A01
202000035304,1,7,,0,2,2,1,B01
202000035304,1,7,,0,2,3,2,A01
202000035305,1,1,,0,1,1,1,A01
202000035306,1,20,,0,0,0,21,A01
202000035307,1,33,,0,0,7,1,A01
202000035308,1,7,,0,2,1,2,A01
202000035308,1,7,,0,2,4,2,B01
202000035308,1,7,,0,2,4,2,C01
202000035309,2,7,,7,0,2,1,B01
202000035309,1,33,,7,0,2,13,A01
202000035310,3,7,,0,2,7,1,B01
202000035310,0,1,,0,2,1,1,A01
202000035311,1,7,,0,2,1,2,A01
202000035311,2,7,,0,2,4,2,B01
202000035312,1,50,,8,0,1,1,A01
202000035313,2,31,,0,2,2,1,A01
202000035313,1,7,,0,2,4,1,Z01
202000035314,2,7,,0,2,0,8,Z01
202000035314,2,7,,0,2,8,15,A01
202000035315,2,99,,0,1,1,26,A01
202000035316,1,30,,0,2,4,1,A01
202000035317,1,33,,13,0,0,1,A01
202000035318,3,7,,0,2,1,1,A01
202000035318,3,7,,0,2,4,23,B01
202000035319,2,30,,0,2,1,5,A01
202000035319,2,7,,0,2,3,15,B01
202000035320,1,7,,0,1,3,15,A01
202000035321,2,7,,0,1,1,1,A01
202000035322,0,30,,0,1,1,21,A01
202000035323,0,32,,0,2,1,2,B01
202000035323,0,7,,0,2,2,15,A01
202000035324,1,37,1.0,0,1,3,26,A01
202000035325,1,30,,0,1,0,1,Z01
202000035326,2,33,,0,2,7,1,B01
202000035326,2,7,,0,2,3,9,A01
202000035327,1,7,,0,2,4,2,B01
202000035327,1,7,,0,2,1,1,A01
202000035328,1,31,,0,2,1,1,A01
202000035328,1,10,,0,2,2,14,B01
202000035329,3,7,,0,1,1,1,A01
202000035330,1,7,,0,2,6,20,B01
202000035330,1,7,,0,2,7,17,A01
202000035331,2,2,,0,2,1,0,B01
202000035331,1,7,,0,2,3,15,A01
202000035332,1,33,,13,0,1,1,B01
202000035332,1,33,,13,0,1,1,A01
202000035333,0,7,,0,1,1,0,A01
202000035334,1,99,,0,2,8,1,B01
202000035334,1,10,,0,2,1,1,A01
202000035335,1,7,,0,1,1,1,A01
202000035336,2,7,,0,2,0,0,A01
202000035336,1,34,,0,2,0,0,B01
202000035337,-1,1,,0,2,1,26,B01
202000035337,-1,7,,0,2,1,9,A01
202000035338,2,32,,0,2,1,17,A01
202000035338,2,7,,0,2,6,20,B01
202000035339,3,7,,2,0,0,1,A01
202000035340,1,32,,0,2,7,17,A01
202000035340,1,7,,0,2,3,15,B01
202000035341,2,14,,0,2,3,1,C01
202000035341,1,2,,1,0,1,3,B01
202000035341,1,7,,0,2,8,23,A01
202000035342,3,2,,0,2,7,3,B01
202000035342,3,7,,0,2,3,13,A01
202000035343,0,10,,0,9,8,9,A01
202000035343,0,32,,0,0,0,0,B01
202000035344,3,7,,0,2,2,1,A01
202000035344,3,2,,0,2,1,9,B01
202000035345,1,7,,0,1,7,1,A01
202000035346,1,7,,4,0,1,1,A01
202000035347,3,7,,0,1,4,4,A01
202000035348,1,7,,0,2,1,1,B01
202000035348,0,7,,0,2,2,15,A01
202000035349,3,7,,0,2,1,1,A01
202000035349,3,7,,0,2,1,1,B01
202000035350,2,15,,0,2,3,1,B01
202000035350,1,7,,0,2,8,1,C01
202000035350,1,7,,0,2,1,13,A01
202000035351,2,33,,0,2,7,3,A01
202000035351,2,7,,0,2,6,11,B01
202000035352,1,7,,0,2,1,1,A01
202000035352,1,7,,0,2,4,1,B01
202000035353,1,10,,0,2,4,3,B01
202000035353,1,31,,0,2,1,3,A01
202000035354,1,7,,0,0,4,0,B01
202000035354,1,7,,0,2,1,2,A01
202000035355,3,7,,0,2,0,15,A01
202000035355,3,30,,0,2,8,0,B01
202000035356,2,7,,17,0,1,1,A01
202000035357,2,7,,0,6,1,1,A01
202000035358,1,32,,0,2,2,1,B01
202000035358,1,7,,0,2,8,11,A01
202000035359,1,7,,0,1,0,1,A01
202000035360,0,7,,0,2,2,1,B01
202000035360,3,7,,8,0,8,1,A01
202000035361,1,7,,0,2,3,11,A01
202000035361,1,7,,0,2,2,1,B01
202000035362,1,10,,2,0,3,2,A01
202000035363,0,7,,12,0,1,15,A01
202000035364,2,7,,0,2,2,1,B01
202000035364,2,2,,0,2,1,1,A01
202000035365,3,7,,0,9,3,9,A01
202000035365,0,1,,0,2,8,1,B01
202000035366,3,7,,0,0,6,23,B01
202000035366,3,7,,0,2,2,2,A01
202000035367,1,7,,0,2,4,2,B01
202000035367,1,7,,0,2,4,2,A01
202000035367,1,7,,0,2,1,2,Z01
202000035368,1,7,,2,0,1,1,A01
202000035369,3,7,,0,2,4,14,A01
202000035369,3,10,,0,2,1,1,B01
202000035370,3,7,,15,0,3,1,A01
202000035371,1,43,,0,2,1,3,B01
202000035371,1,7,,0,2,6,11,A01
202000035372,1,10,,0,1,2,15,A01
202000035373,1,33,,0,2,6,23,B01
202000035373,1,7,,0,2,7,1,A01
202000035374,1,7,,0,2,1,17,A01
202000035374,1,7,,0,2,8,15,B01
202000035375,3,7,,0,2,2,1,A01
202000035375,3,2,,0,2,1,9,B01
202000035376,2,7,,0,2,4,23,B01
202000035376,2,50,,0,2,1,1,A01
202000035377,0,7,,0,0,0,0,A01
202000035378,1,2,,0,2,7,17,B01
202000035378,1,1,,0,2,8,15,A01
202000035379,2,3,,0,2,2,15,A01
202000035379,2,10,,0,2,1,1,B01
202000035380,1,33,,0,0,1,0,A01
202000035381,1,7,,0,1,7,1,A01
202000035382,0,33,,0,2,1,1,A01
202000035382,3,7,,0,2,5,1,Z01
202000035383,1,30,,0,2,8,1,A01
202000035383,2,7,,0,2,7,1,B01
202000035384,1,7,,13,0,3,1,A01
202000035385,2,50,,0,1,1,25,A01
202000035386,3,37,1.0,9,1,2,7,A01
202000035387,3,7,,0,2,1,1,A01
202000035387,3,1,,0,2,8,1,B01
202000035388,1,30,,0,2,0,1,B01
202000035388,2,10,,0,2,0,20,A01
202000035389,3,15,,0,0,4,1,B01
202000035389,0,7,,0,2,1,1,A01
202000035390,0,7,,11,0,3,1,A01
202000035391,0,7,,0,2,3,13,A01
202000035391,1,7,,0,2,3,1,B01
202000035392,2,7,,2,0,1,1,A01
202000035393,1,7,,0,0,0,17,A01
202000035394,3,1,,0,2,8,1,B01
202000035394,1,37,1.0,0,2,5,17,A01
202000035395,2,7,,0,2,2,1,B01
202000035395,1,7,,8,2,1,1,A01
202000035396,1,10,,11,0,1,1,A01
202000035397,2,7,,0,1,2,15,A01
202000035398,0,7,,0,2,8,1,A01
202000035398,0,33,,0,2,8,1,B01
202000035399,2,2,,0,1,1,2,Z01
202000035400,2,7,,0,2,2,15,A01
202000035400,2,10,,0,2,6,0,B01
202000035401,1,7,,0,2,4,21,B01
202000035401,1,31,,0,2,1,2,A01
202000035402,1,7,,13,0,1,1,A01
202000035403,1,7,,0,2,3,15,A01
202000035403,1,1,,0,2,1,1,B01
202000035404,2,7,,13,0,1,1,A01
202000035405,1,2,,0,2,1,17,B01
202000035405,1,7,,0,2,3,11,A01
202000035406,2,31,,0,0,8,1,A01
202000035407,1,34,,8,0,2,1,A01
202000035408,2,7,,0,2,3,1,B01
202000035408,1,7,,0,2,3,1,A01
202000035409,2,7,,4,0,3,1,A01
202000035410,3,7,,0,2,2,14,B01
202000035410,3,32,,0,2,3,15,A01
202000035411,1,21,,0,2,4,1,B01
202000035411,1,17,,0,2,1,1,A01
202000035412,2,7,,0,2,2,1,A01
202000035412,1,33,,15,2,1,1,B01