Num_Acc,senc,catv,occutc,obs,obsm,choc,manv,num_veh
202000035413,1,1,,0,0,8,1,A01
202000035414,1,2,,0,2,0,2,B01
202000035414,1,10,,0,2,8,15,A01
202000035415,1,30,,0,2,1,1,B01
202000035415,0,10,,0,2,7,15,A01
202000035416,1,7,,0,0,4,1,B01
202000035416,2,7,,0,0,3,1,C01
202000035416,1,33,,0,2,1,2,A01
202000035417,1,7,,0,1,1,9,A01
202000035418,2,32,,0,2,1,2,A01
202000035418,2,7,,0,2,4,2,B01
202000035419,2,1,,14,0,0,17,A01
202000035420,1,30,,0,0,3,15,A01
202000035421,3,7,,0,2,1,16,A01
202000035421,3,7,,0,2,1,5,B01
202000035422,3,30,,0,2,7,1,A01
202000035422,3,7,,0,2,1,1,B01
202000035423,3,10,,0,2,7,1,A01
202000035423,3,7,,0,2,6,1,B01
202000035424,3,7,,0,2,3,9,A01
202000035424,3,1,,0,2,7,1,B01
202000035425,1,10,,0,2,4,2,A01
202000035425,1,10,,0,2,1,2,B01
202000035426,1,10,,0,2,4,2,A01
202000035426,1,10,,0,2,1,2,B01
202000035427,2,7,,0,2,1,19,A01
202000035427,1,7,,0,2,1,1,C01
202000035427,1,7,,3,2,3,14,B01
202000035428,2,34,,3,2,3,0,B01
202000035428,2,7,,0,2,5,23,A01
202000035429,1,7,,6,2,8,1,A01
202000035429,1,7,,1,2,1,20,B01
202000035430,3,7,,0,2,4,1,B01
202000035430,3,7,,0,2,4,1,C01
202000035430,3,7,,0,2,1,1,A01
202000035431,2,7,,0,2,3,1,B01
202000035431,1,7,,0,2,3,1,A01
202000035432,2,7,,0,2,5,2,C01
202000035432,2,7,,0,2,4,2,B01
202000035432,2,7,,0,2,1,2,A01
202000035432,2,7,,0,2,6,2,D01
202000035433,0,7,,0,2,8,1,B01
202000035433,1,3,,0,2,1,26,A01
202000035434,1,7,,0,1,2,1,A01
202000035435,3,7,,0,2,3,1,B01
202000035435,3,7,,0,2,2,1,A01
202000035436,3,7,,0,1,2,1,A01
202000035437,1,7,,0,2,4,15,A01
202000035437,0,0,,0,2,1,0,B01
202000035438,2,7,,0,2,1,9,A01
202000035438,2,7,,0,2,2,9,B01
202000035439,1,7,,0,2,3,15,B01
202000035439,2,2,,0,2,7,17,A01
202000035440,3,7,,15,0,3,0,A01
202000035441,0,7,,0,2,1,1,B01
202000035441,1,7,,0,2,8,1,A01
202000035442,2,7,,0,2,6,2,B01
202000035442,2,7,,0,2,2,12,A01
202000035443,1,7,,0,2,8,15,B01
202000035443,2,7,,0,2,8,13,A01
202000035444,1,7,,2,0,3,1,A01
202000035445,2,7,,4,0,1,26,A01
202000035446,2,10,,0,2,2,17,A01
202000035446,2,10,,0,2,8,15,B01
202000035447,1,7,,0,2,1,1,B01
202000035447,2,7,,7,2,7,19,A01
202000035448,0,7,,0,9,7,15,A01
202000035448,2,1,,0,2,1,1,B01
202000035449,2,7,,16,0,9,1,A01
202000035450,1,7,,0,2,3,9,A01
202000035450,1,10,,0,2,7,1,B01
202000035451,1,7,,0,2,4,0,B01
202000035451,1,7,,0,2,1,2,A01
202000035452,2,30,,0,2,0,0,A01
202000035452,1,37,1.0,0,2,0,0,B01
202000035453,1,7,,13,1,1,13,A01
202000035454,1,7,,0,2,1,1,B01
202000035454,1,7,,0,2,2,15,A01
202000035455,0,10,,0,2,1,13,A01
202000035455,0,7,,0,2,1,1,B01
202000035455,0,7,,0,9,1,1,C01
202000035456,3,7,,13,0,2,1,A01
202000035457,2,7,,0,2,4,2,C01
202000035457,2,7,,0,2,4,2,B01
202000035457,2,7,,0,2,1,2,A01
202000035458,2,2,,8,0,1,2,A01
202000035459,1,7,,0,2,1,1,A01
202000035459,2,7,,0,2,1,13,B01
202000035460,1,7,,0,2,4,2,B01
202000035460,1,7,,0,2,1,2,A01
202000035460,1,10,,0,2,4,2,C01
202000035461,3,7,,0,1,1,1,A01
202000035462,2,7,,13,0,3,13,A01
202000035463,1,7,,0,1,1,19,Z01
202000035464,2,7,,0,2,1,13,A01
202000035464,1,13,,0,2,1,1,B01
202000035465,2,1,,0,2,1,1,B01
202000035465,2,80,,0,2,1,1,A01
202000035466,1,7,,2,0,2,14,A01
202000035467,3,31,,0,2,1,1,B01
202000035467,2,10,,0,2,5,15,A01
202000035468,2,7,,13,0,9,1,A01
202000035469,2,7,,0,2,4,1,E01
202000035469,2,7,,0,2,1,1,A01
202000035469,2,10,,0,2,4,1,B01
202000035469,2,7,,0,2,4,1,C01
202000035469,2,7,,4,2,4,1,D01
202000035470,2,7,,3,2,1,2,C01
202000035470,2,7,,0,2,3,2,A01
202000035470,2,17,,0,2,6,2,D01
202000035470,2,17,,0,0,5,1,B01
202000035471,3,7,,1,0,7,21,A01
202000035471,3,10,,0,2,8,22,B01
202000035472,2,33,,0,2,4,2,B01
202000035472,2,33,,0,2,2,1,A01
202000035473,2,7,,0,2,8,11,A01
202000035473,2,32,,0,2,2,1,B01
202000035474,1,32,,10,0,3,1,A01
202000035475,2,7,,0,2,4,2,B01
202000035475,2,7,,0,2,1,2,A01
202000035476,2,7,,0,2,4,1,A01
202000035476,2,7,,0,2,1,0,B01
202000035477,1,7,,0,1,1,19,A01
202000035478,1,33,,0,0,1,1,A01
202000035479,2,1,,0,2,3,1,A01
202000035479,2,30,,0,2,1,1,B01
202000035480,2,7,,0,2,1,13,A01
202000035480,1,7,,0,2,1,1,B01
202000035481,2,10,,0,2,1,1,B01
202000035481,1,7,,0,2,2,15,A01
202000035482,3,50,,0,2,3,15,A01
202000035482,3,31,,0,2,3,1,B01
202000035483,2,10,,0,2,3,13,A01
202000035483,1,7,,0,2,2,1,B01
202000035484,2,99,,13,0,1,17,A01
202000035485,1,7,,0,2,2,0,A01
202000035485,1,1,,0,0,4,1,B01
202000035486,1,7,,9,0,3,20,A01
202000035486,2,1,,0,2,1,1,B01
202000035487,0,2,,0,2,8,13,B01
202000035487,0,7,,0,2,5,17,A01
202000035488,1,33,,0,4,1,9,A01
202000035489,3,7,,6,0,9,13,A01
202000035490,1,3,,0,2,3,15,B01
202000035490,2,30,,0,2,2,1,A01
202000035491,0,2,,0,2,1,1,B01
202000035491,0,7,,0,0,7,19,A01
202000035492,1,7,,6,0,1,1,A01
202000035493,1,13,,0,1,2,17,A01
202000035494,1,2,,0,0,2,16,A01
202000035495,1,10,,0,2,1,2,A01
202000035495,1,7,,0,2,9,1,B01
202000035495,1,7,,0,2,4,1,C01
202000035496,1,7,,2,0,8,14,A01
202000035497,2,10,,0,2,7,1,A01
202000035497,2,1,,0,2,1,1,B01
202000035498,1,33,,0,2,0,1,B01
202000035498,1,7,,0,2,3,15,A01
202000035499,2,1,,0,2,1,1,B01
202000035499,2,1,,0,2,8,1,A01
202000035500,2,31,,0,2,1,2,A01
202000035500,2,7,,0,2,6,1,B01
202000035501,3,7,,0,1,6,1,A01
202000035502,2,30,,0,2,1,13,A01
202000035502,2,10,,0,2,2,23,B01
202000035502,2,33,,0,2,2,1,C01
202000035503,1,7,,0,2,2,19,B01
202000035503,1,38,1.0,0,2,6,26,A01
202000035504,0,30,,14,2,1,17,A01
202000035505,-1,15,,9,1,2,12,A01
202000035506,3,32,,0,0,7,16,A01
202000035507,2,21,,0,2,3,9,A01
202000035507,2,33,,0,0,2,1,B01
202000035508,2,10,,0,2,1,9,A01
202000035508,3,33,,0,2,7,1,B01
202000035509,1,7,,0,2,1,1,B01
202000035509,2,7,,0,2,1,1,A01
202000035510,1,34,,0,2,2,17,B01
202000035510,1,7,,0,2,3,10,A01
202000035511,1,99,,0,2,1,1,B01
202000035511,1,7,,0,2,6,23,A01
202000035512,2,7,,0,1,3,15,A01
202000035513,3,7,,0,0,8,1,C01
202000035513,3,7,,0,0,3,1,B01
202000035513,3,7,,0,2,8,13,A01
202000035514,1,7,,0,2,8,9,A01
202000035514,1,1,,0,2,1,1,B01
202000035515,1,7,,0,0,0,1,A01
202000035516,2,7,,0,1,2,1,A01
202000035517,3,7,,0,1,1,17,A01
202000035518,1,7,,0,9,1,14,A01
202000035519,1,7,,0,2,7,1,A01
202000035519,2,7,,0,2,1,1,B01
202000035520,3,7,,11,1,3,1,A01
202000035521,0,7,,13,2,1,19,A01
202000035521,0,7,,13,2,6,1,B01
202000035522,2,7,,6,2,5,1,A01
202000035522,1,15,,0,2,2,1,B01
202000035523,1,50,,14,0,0,1,A01
202000035524,3,34,,0,0,2,5,A01
202000035525,1,7,,0,1,3,1,A01
202000035526,1,7,,0,2,1,15,A01
202000035526,2,7,,0,2,1,1,B01
202000035527,3,7,,0,2,5,2,B01
202000035527,3,7,,0,2,2,2,A01
202000035528,2,7,,0,1,7,1,A01
202000035529,1,31,,9,2,6,18,B01
202000035529,1,7,,0,2,1,15,A01
202000035530,2,30,,0,2,6,21,B01
202000035530,1,3,,0,2,3,15,A01
202000035531,-1,7,,0,2,3,1,B01
202000035531,0,7,,0,2,1,15,A01
202000035532,1,80,,0,2,3,1,B01
202000035532,1,7,,0,2,2,16,A01
202000035533,2,1,,0,2,1,1,A01
202000035533,1,7,,0,9,3,19,B01
202000035534,1,33,,0,2,7,17,A01
202000035534,1,7,,0,2,3,13,B01
202000035535,1,32,,1,0,1,18,B01
202000035535,1,7,,0,2,4,14,A01
202000035536,1,15,,0,1,1,1,A01
202000035537,1,7,,0,0,6,1,B01
202000035537,1,7,,0,0,5,1,A01
202000035537,1,7,,0,2,4,1,C01
202000035537,1,10,,0,2,2,1,E01
202000035537,1,10,,0,2,1,1,D01
202000035538,2,80,,0,0,0,1,A01
202000035539,3,10,,0,2,2,1,A01
202000035539,3,33,,0,2,3,1,B01
202000035540,1,7,,0,2,1,9,A01
202000035540,1,7,,0,2,2,1,B01
202000035541,2,7,,0,2,4,1,A01
202000035541,2,7,,0,2,1,1,B01
202000035542,1,7,,0,0,5,15,A01
202000035542,2,33,,0,2,1,1,B01
202000035543,2,33,,0,2,1,1,B01
202000035543,3,7,,0,2,5,15,A01
202000035544,2,7,,0,2,2,0,A01
202000035544,2,15,,0,0,6,0,C01
202000035544,2,7,,14,0,1,0,D01
202000035544,2,7,,0,2,6,0,B01
202000035545,3,14,,1,0,1,1,A01
202000035546,1,0,,0,0,0,2,B01
202000035546,1,1,,0,0,0,2,A01
202000035547,0,7,,0,2,1,2,B01
202000035547,0,7,,0,2,4,2,C01
202000035547,0,7,,0,2,1,2,A01
202000035548,3,7,,0,1,3,15,A01
202000035549,2,7,,2,0,1,14,A01
202000035550,1,7,,0,1,2,2,A01
202000035551,1,7,,2,0,7,1,A01
202000035552,3,10,,0,1,8,15,A01
202000035553,1,7,,0,2,6,0,D01
202000035553,1,7,,0,2,3,0,C01
202000035553,1,7,,0,2,7,1,B01
202000035553,1,7,,0,2,8,1,A01
202000035553,1,7,,14,0,9,3,Z01
202000035554,1,7,,0,2,3,1,B01
202000035554,2,7,,0,2,3,1,A01
202000035555,2,7,,0,2,1,15,A01
202000035555,1,2,,15,2,7,1,B01
202000035556,2,7,,0,2,2,1,B01
202000035556,2,7,,0,2,3,1,A01
202000035557,1,7,,0,1,2,15,A01
202000035558,2,1,,0,1,7,18,A01
202000035559,1,34,,16,0,8,21,A01
202000035560,1,7,,2,0,1,1,A01
202000035561,1,99,,3,0,3,16,A01
202000035562,3,7,,0,1,2,16,A01
202000035563,2,7,,0,2,4,0,B01
202000035563,2,7,,0,2,1,26,A01
202000035564,1,7,,0,2,4,2,B01
202000035564,1,7,,0,2,4,2,A01
202000035565,1,7,,0,2,4,2,B01
202000035565,1,10,,0,2,1,2,A01
202000035566,0,7,,0,2,4,1,C01
202000035566,0,7,,0,2,4,1,B01
202000035566,0,10,,0,2,1,1,A01
202000035567,2,7,,0,2,1,2,B01
202000035567,2,7,,0,2,4,2,A01
202000035568,1,7,,0,2,3,17,A01
202000035568,2,30,,0,2,1,1,B01
202000035569,2,7,,0,2,4,23,B01
202000035569,2,10,,0,2,1,2,A01
202000035570,2,32,,0,2,1,1,A01
202000035570,2,7,,0,2,6,15,B01
202000035571,3,7,,0,2,1,1,A01
202000035571,3,7,,0,2,6,23,B01
202000035571,3,7,,0,2,5,23,C01
202000035572,3,7,,0,1,3,1,A01
202000035573,2,34,,0,0,1,2,A01
202000035574,2,10,,4,0,1,1,A01
202000035575,1,7,,0,2,2,1,B01
202000035575,1,32,,0,2,3,9,A01
202000035576,1,7,,0,2,4,1,B01
202000035576,1,34,,0,2,1,1,A01
202000035577,1,1,,0,2,1,0,A01
202000035577,1,7,,0,2,4,23,B01
202000035578,1,30,,12,0,3,1,A01
202000035579,1,7,,0,2,4,2,B01
202000035579,1,7,,0,2,1,2,A01
202000035579,1,7,,0,2,4,23,C01
202000035580,1,7,,0,2,1,2,C01
202000035580,1,7,,0,2,4,2,B01
202000035580,1,7,,0,2,4,2,A01
202000035581,2,7,,0,2,3,1,B01
202000035581,1,7,,0,2,3,1,A01
202000035582,2,7,,0,0,2,0,A01
202000035583,3,7,,0,2,8,1,B01
202000035583,3,7,,0,2,1,9,A01
202000035584,2,7,,2,0,0,1,A01
202000035585,1,7,,0,2,4,2,B01
202000035585,1,10,,0,2,1,2,A01
202000035586,2,7,,0,2,1,1,B01
202000035586,1,7,,0,2,1,17,A01
202000035587,1,37,1.0,0,1,5,1,A01
202000035588,1,7,,10,0,1,13,A01
202000035589,3,80,,0,2,8,1,B01
202000035589,3,7,,0,9,1,15,A01
202000035590,1,7,,0,2,1,1,A01
202000035590,1,7,,0,2,8,1,B01
202000035591,1,7,,3,0,1,0,A01
202000035592,2,7,,14,0,1,26,A01
202000035593,1,7,,3,0,8,1,A01
202000035594,2,7,,0,2,4,2,A01
202000035594,2,7,,0,2,1,2,B01
202000035595,1,33,,0,2,7,1,A01
202000035595,1,7,,0,2,6,13,Z01
202000035596,1,7,,0,2,3,1,B01
202000035596,2,10,,0,2,3,15,A01
202000035597,2,7,,0,1,4,4,A01
202000035598,2,7,,0,2,2,1,A01
202000035598,2,1,,0,2,4,1,B01
202000035599,1,7,,13,0,1,1,A01
202000035600,2,7,,8,0,2,1,A01
202000035601,1,7,,2,0,2,0,A01
202000035602,2,7,,0,2,0,17,A01
202000035602,2,7,,13,2,1,17,B01
202000035602,1,7,,0,2,0,1,D01
202000035602,2,7,,13,2,0,1,C01
202000035603,1,33,,0,2,2,1,B01
202000035603,1,7,,0,2,1,1,A01
202000035604,2,10,,0,2,3,16,A01
202000035604,1,50,,0,2,1,1,B01
202000035605,3,99,,0,2,6,15,B01
202000035605,3,33,,0,2,1,17,A01
202000035606,1,50,,0,1,1,1,Z01
202000035607,1,7,,0,1,7,1,A01
202000035608,2,1,,0,2,4,1,B01
202000035608,2,7,,0,2,2,1,A01
202000035609,1,7,,0,2,1,2,A01
202000035609,1,7,,0,2,4,2,B01
202000035610,3,33,,0,2,1,2,B01
202000035610,3,7,,0,2,6,26,A01
202000035611,0,7,,6,0,1,1,A01
202000035612,3,7,,0,1,0,20,Z01
202000035613,3,7,,0,2,4,16,A01
202000035613,3,1,,0,2,2,2,B01
202000035614,2,13,,0,2,5,17,A01
202000035614,2,1,,0,2,8,1,B01
202000035615,1,40,,0,2,2,2,B01
202000035615,1,30,,0,4,3,15,A01
202000035616,1,7,,0,2,3,13,A01
202000035616,2,7,,0,2,1,1,B01
202000035616,1,7,,0,2,1,1,C01
202000035617,2,7,,8,0,1,1,A01
202000035618,1,7,,2,0,8,1,A01
202000035619,2,37,1.0,0,2,0,1,C01
202000035619,2,7,,0,2,6,13,A01
202000035619,2,37,1.0,0,2,1,1,B01
202000035620,2,1,,0,2,7,1,A01
202000035620,1,7,,0,2,3,1,B01
202000035621,2,1,,0,2,1,7,C01
202000035621,2,7,,0,2,5,16,B01
202000035621,2,33,,0,2,1,18,A01
202000035622,1,7,,15,0,2,2,A01
202000035623,3,1,,0,2,7,19,B01
202000035623,3,7,,12,2,1,1,A01
202000035624,1,7,,0,2,3,10,A01
202000035624,1,33,,0,2,1,5,B01
202000035625,2,7,,0,2,1,1,A01
202000035625,1,7,,0,2,2,1,C01
202000035625,2,7,,0,0,6,1,B01
202000035626,2,7,,0,2,1,15,Z01
202000035626,1,50,,0,2,0,19,A01
202000035627,1,33,,0,2,1,17,A01
202000035627,1,7,,0,2,1,15,B01
202000035628,2,7,,13,0,3,26,A01
202000035629,2,7,,2,2,1,1,B01
202000035629,1,7,,1,2,1,15,A01
202000035630,2,7,,0,2,1,21,C01
202000035630,2,7,,0,2,4,0,B01
202000035630,2,7,,0,0,4,23,A01
202000035631,1,33,,6,0,1,15,A01
202000035632,1,7,,0,1,1,26,A01
202000035633,-1,32,,0,0,7,1,A01
202000035634,1,7,,0,1,3,15,A01
202000035635,1,7,,0,2,1,15,A01
202000035635,2,80,,0,2,8,15,B01
202000035636,1,50,,0,2,2,19,A01
202000035636,1,7,,0,2,1,1,Z01
202000035637,1,10,,0,1,1,2,A01
202000035638,1,33,,0,2,0,1,B01
202000035638,1,7,,0,2,6,11,A01
202000035639,1,7,,0,2,1,1,B01
202000035639,1,34,,0,2,7,1,A01
202000035640,1,7,,0,1,1,1,A01
202000035641,1,1,,0,2,1,13,A01
202000035641,1,7,,0,2,2,1,Z01
202000035642,1,7,,0,2,3,13,A01
202000035642,2,7,,0,2,3,1,B01
202000035643,2,32,,1,0,1,16,A01
202000035644,2,7,,0,2,1,1,B01
202000035644,1,33,,0,2,1,15,A01
202000035645,1,1,,0,2,8,26,A01
202000035645,2,31,,0,2,1,17,B01
202000035646,1,7,,0,2,1,5,A01
202000035646,2,7,,0,2,6,0,C01
202000035646,2,7,,0,2,1,1,B01
202000035647,1,2,,0,2,1,3,B01
202000035647,1,7,,0,2,3,9,A01
202000035648,2,34,,0,0,0,20,A01
202000035649,3,7,,0,2,1,1,B01
202000035649,3,10,,0,2,6,4,A01
202000035650,3,13,,2,0,1,10,A01
202000035651,3,7,,1,0,2,14,A01
202000035652,2,7,,0,0,2,15,B01
202000035652,1,33,,0,0,1,0,A01
202000035653,1,7,,0,2,7,16,Z01
202000035653,1,31,,0,2,8,1,A01
202000035654,2,7,,0,2,7,13,A01
202000035654,1,10,,0,2,1,1,B01
202000035654,1,10,,0,2,3,1,C01
202000035655,1,30,,0,2,0,16,B01
202000035655,1,7,,0,2,1,2,A01
202000035656,2,7,,0,1,8,2,A01
202000035657,1,7,,0,1,3,7,A01
202000035658,1,14,,6,2,3,13,A01
202000035658,2,7,,6,2,3,21,B01
202000035659,1,7,,13,2,2,13,A01
202000035659,2,7,,0,2,2,21,B01
202000035660,2,7,,0,2,1,1,B01
202000035660,1,1,,0,2,8,1,A01
202000035661,2,7,,0,2,0,15,A01
202000035661,1,33,,0,2,2,1,B01
202000035662,1,1,,0,1,1,1,Z01
202000035663,1,7,,0,2,3,10,A01
202000035663,1,32,,0,2,2,1,B01
202000035664,2,7,,0,2,3,1,B01
202000035664,1,30,,0,1,1,17,A01
202000035665,1,7,,0,2,6,9,B01
202000035665,2,34,,9,2,1,1,A01
202000035666,2,1,,0,1,1,1,Z01
202000035667,1,2,,0,2,1,1,B01
202000035667,2,7,,0,2,3,15,A01
202000035668,1,50,,0,1,1,1,A01
202000035669,2,7,,0,2,3,15,A01
202000035669,2,1,,0,2,1,1,B01
202000035670,1,7,,3,0,2,26,A01
202000035670,1,7,,14,0,2,21,B01
202000035671,1,7,,0,2,4,2,Z01
202000035671,1,30,,0,2,1,2,A01
202000035672,2,7,,0,2,2,1,A01
202000035672,2,7,,0,2,4,2,B01
202000035673,1,7,,0,2,2,15,A01
202000035673,2,2,,0,2,1,1,B01
202000035674,1,7,,0,2,4,2,A01
202000035674,1,2,,0,2,1,2,B01
202000035675,1,10,,0,0,4,1,B01
202000035675,1,7,,0,2,1,2,A01
202000035676,2,33,,0,2,1,17,A01
202000035676,2,7,,0,2,3,1,B01
202000035677,2,1,,0,2,1,2,A01
202000035678,1,7,,2,0,1,1,A01
202000035679,2,33,,0,2,3,1,B01
202000035679,1,7,,0,2,3,15,A01
202000035680,2,1,,0,2,1,1,B01
202000035680,2,7,,0,2,5,16,A01
202000035681,1,7,,13,0,2,1,A01
202000035682,1,7,,0,2,1,2,A01
202000035682,1,7,,0,2,1,2,B01
202000035682,1,17,,0,2,4,24,C01
202000035683,1,1,,0,0,0,1,A01
202000035684,2,15,,3,2,3,13,A01
202000035684,2,7,,3,2,0,17,B01
202000035685,2,1,,0,2,1,1,B01
202000035685,2,7,,0,2,8,22,A01
202000035686,2,15,,0,9,6,2,B01
202000035686,2,7,,0,2,2,2,A01
202000035687,1,7,,6,0,2,1,A01
202000035688,2,7,,0,2,2,15,A01
202000035688,1,43,,0,2,3,1,B01
202000035689,1,7,,0,2,2,13,A01
202000035689,2,7,,0,2,2,0,B01
202000035689,2,7,,0,2,1,0,C01
202000035690,1,7,,2,0,0,1,A01
202000035691,2,7,,0,2,2,1,A01
202000035691,2,7,,0,2,0,1,Z01
202000035692,2,17,,0,2,2,26,A01
202000035692,2,7,,0,2,8,2,B01
202000035693,1,1,,0,1,2,1,A01
202000035694,1,33,,0,2,7,1,A01
202000035694,1,7,,0,0,4,1,B01
202000035695,1,33,,0,2,1,1,B01
202000035695,1,10,,0,2,7,12,A01
202000035696,2,7,,0,2,1,1,B01
202000035696,2,7,,0,2,5,1,A01
202000035697,1,10,,2,0,5,1,A01
202000035698,1,10,,4,2,3,26,A01
202000035699,2,7,,0,1,1,0,A01
202000035700,2,32,,0,2,1,1,B01
202000035700,1,7,,0,2,2,20,A01
202000035701,1,31,,0,2,1,3,D01
202000035701,1,7,,0,2,2,1,C01
202000035701,1,7,,0,2,8,1,B01
202000035701,1,7,,0,2,6,1,A01
202000035702,1,7,,17,0,3,17,A01
202000035703,2,1,,0,2,0,1,B01
202000035703,2,10,,0,2,2,16,A01
202000035704,3,7,,0,0,1,2,A01
202000035704,1,7,,0,2,0,0,B01
202000035704,3,7,,0,2,1,5,C01
202000035705,1,7,,0,2,4,2,B01
202000035705,1,7,,0,2,4,2,A01
202000035705,1,7,,0,2,1,2,C01
202000035706,1,37,1.0,0,1,3,1,A01
202000035707,0,7,,0,0,0,0,Z01
202000035707,0,7,,0,0,0,0,A01
202000035707,0,7,,0,0,0,0,C01
202000035707,0,7,,0,0,0,0,B01
202000035708,1,7,,0,2,1,2,A01
202000035708,1,31,,0,2,4,23,B01
202000035709,1,10,,0,1,1,16,A01
202000035710,1,7,,3,0,2,2,A01
202000035711,2,7,,0,2,2,1,B01
202000035711,1,7,,0,2,3,2,A01
202000035712,1,7,,0,1,1,1,A01
202000035713,2,7,,0,2,1,26,A01
202000035713,1,7,,0,2,1,19,B01
202000035714,3,7,,0,2,7,16,B01
202000035714,3,30,,0,2,1,1,A01
202000035715,1,7,,0,2,8,1,B01
202000035715,2,7,,0,2,1,1,A01
202000035716,3,7,,0,2,1,19,A01
202000035716,3,10,,0,2,5,1,B01
202000035717,3,7,,0,1,1,16,A01
202000035718,3,50,,0,2,0,0,B01
202000035718,3,7,,0,9,4,4,A01
202000035719,2,20,,0,0,0,1,A01
202000035720,1,33,,14,0,7,14,A01
202000035721,2,31,,0,2,8,3,A01
202000035721,2,3,,0,2,0,0,Z01
202000035722,1,32,,0,2,0,0,B01
202000035722,1,7,,0,2,0,0,A01
202000035723,2,33,,0,0,8,0,A01
202000035724,1,7,,0,1,1,1,A01
202000035725,3,7,,0,2,2,18,A01
202000035725,3,7,,0,2,7,15,B01
202000035726,2,7,,0,2,3,22,A01
202000035726,2,1,,1,0,3,1,B01
202000035727,3,36,,4,0,1,1,A01
202000035728,1,7,,0,1,2,1,A01
202000035729,3,30,,0,2,2,1,A01
202000035729,3,1,,0,2,1,1,B01
202000035730,3,2,,0,0,0,0,B01
202000035730,3,7,,0,0,3,13,A01
202000035731,2,33,,0,2,3,7,A01
202000035731,1,7,,0,2,2,15,B01
202000035732,1,1,,0,2,1,1,B01
202000035732,1,7,,0,2,8,22,A01
202000035733,1,17,,0,2,3,1,B01
202000035733,2,7,,0,2,3,13,A01
202000035734,1,2,,0,2,2,1,B01
202000035734,1,7,,0,2,6,15,A01
202000035735,1,7,,0,1,3,1,A01
202000035736,1,32,,0,2,1,1,B01
202000035736,2,7,,0,2,8,15,A01
202000035737,2,0,,0,2,1,1,A01
202000035737,1,7,,0,2,7,15,B01
202000035738,0,10,,0,1,1,17,A01
202000035739,2,99,,0,2,3,1,A01
202000035739,2,7,,0,2,8,1,B01
202000035740,1,7,,0,0,4,10,B01
202000035740,1,33,,8,2,1,1,A01
202000035741,1,7,,8,0,8,1,A01
202000035742,1,7,,1,0,2,14,A01
202000035743,2,33,,0,2,7,1,B01
202000035743,3,7,,0,2,3,16,A01
202000035744,2,7,,0,2,3,23,B01
202000035744,2,33,,0,2,1,9,A01
202000035745,2,7,,0,0,8,19,A01
202000035745,2,7,,0,2,1,1,B01
202000035746,2,7,,13,0,8,1,A01
202000035747,2,7,,0,0,1,5,B01
202000035747,1,7,,0,0,1,1,A01
202000035748,2,7,,0,2,1,1,B01
202000035748,1,7,,0,2,1,13,A01
202000035749,2,7,,6,0,1,14,A01
202000035750,3,7,,0,1,2,25,A01
202000035751,2,7,,15,0,2,1,A01
202000035752,1,7,,0,2,8,26,A01
202000035752,1,1,,0,2,1,1,B01
202000035753,1,7,,0,2,1,1,C01
202000035753,2,17,,0,2,1,1,B01
202000035753,2,7,,0,2,0,17,A01
202000035754,1,7,,0,1,1,1,A01
202000035755,2,2,,0,2,8,15,A01
202000035755,1,99,,0,2,3,1,B01
202000035756,2,17,,0,2,1,1,B01
202000035756,1,2,,0,2,1,13,A01
202000035757,3,1,,0,2,1,19,Y01
202000035757,3,7,,0,9,3,15,A01
202000035758,1,7,,0,2,3,15,B01
202000035758,2,33,,0,2,3,1,A01
202000035759,3,10,,0,1,2,1,A01
202000035760,1,2,,0,2,4,1,B01
202000035760,-1,7,,4,2,1,2,Z01
202000035761,2,7,,2,0,1,1,A01
202000035762,1,7,,0,2,0,2,Z01
202000035762,2,2,,0,2,8,2,B01
202000035763,2,7,,8,0,8,1,A01
202000035764,1,7,,0,2,5,15,A01
202000035764,1,33,,0,2,1,1,B01
202000035765,3,7,,0,2,3,0,B01
202000035765,1,7,,0,2,1,1,A01
202000035766,2,7,,6,0,3,14,A01
202000035767,1,7,,0,2,2,2,B01
202000035767,1,30,,0,2,1,9,A01
202000035768,2,7,,0,2,1,1,A01
202000035768,2,7,,0,0,4,1,B01
202000035769,1,7,,3,0,7,1,A01
202000035770,1,1,,0,0,0,0,A01
202000035770,0,7,,0,0,3,26,B01
202000035771,2,7,,0,2,1,2,A01
202000035771,2,7,,0,2,4,2,B01
202000035772,1,7,,0,2,3,1,B01
202000035772,2,2,,0,2,1,1,A01
202000035773,1,10,,0,2,1,2,B01
202000035773,1,7,,0,2,4,15,A01
202000035774,2,7,,0,2,1,1,B01
202000035774,2,1,,0,2,4,11,A01
202000035775,2,33,,0,0,8,1,A01
202000035776,2,7,,0,2,7,21,A01
202000035776,2,1,,0,0,4,26,B01
202000035777,2,7,,0,2,3,13,A01
202000035777,1,7,,0,2,3,1,B01
202000035778,1,99,,0,2,9,1,B01
202000035778,1,10,,4,2,3,21,A01
202000035779,1,7,,8,0,5,1,A01
202000035780,2,7,,0,2,2,13,A01
202000035780,1,15,,0,2,1,1,B01
202000035780,2,7,,0,2,1,2,C01
202000035780,2,10,,0,2,8,2,D01
202000035781,1,7,,0,2,1,13,A01
202000035781,1,7,,0,2,1,1,B01
202000035782,1,7,,0,2,1,17,A01
202000035782,2,7,,0,2,1,1,B01
202000035783,2,80,,0,6,1,0,A01
202000035784,1,33,,6,0,0,17,A01
202000035785,2,7,,0,2,2,1,A01