Num_Acc,senc,catv,occutc,obs,obsm,choc,manv,num_veh
202000035785,2,17,,0,0,6,1,B01
202000035786,1,7,,0,1,2,1,A01
202000035787,1,1,,0,2,8,0,B01
202000035787,1,7,,0,2,2,1,A01
202000035788,1,10,,12,1,5,1,B01
202000035789,1,7,,2,0,1,1,A01
202000035790,0,33,,0,2,3,18,A01
202000035791,1,7,,8,0,1,13,A01
202000035792,1,7,,0,2,1,5,A01
202000035792,2,7,,0,2,1,1,B01
202000035793,2,7,,0,2,2,1,B01
202000035793,1,7,,3,2,5,1,A01
202000035794,1,7,,0,2,2,1,A01
202000035794,1,1,,0,2,4,2,B01
202000035795,2,7,,0,0,2,1,A01
202000035795,1,7,,0,2,1,10,B01
202000035796,1,7,,0,2,7,1,B01
202000035796,1,7,,0,2,1,15,A01
202000035797,1,7,,8,0,6,1,A01
202000035798,1,33,,16,0,0,1,A01
202000035799,2,33,,0,0,0,1,A01
202000035800,3,7,,0,1,2,15,A01
202000035801,3,7,,0,2,1,15,A01
202000035801,1,2,,0,2,7,1,B01
202000035802,1,7,,0,2,1,15,A01
202000035802,2,1,,0,2,1,1,B01
202000035803,2,7,,3,2,3,1,A01
202000035803,1,7,,3,2,3,1,B01
202000035804,3,2,,0,0,0,1,A01
202000035805,2,7,,0,0,1,1,B01
202000035805,1,7,,12,0,1,1,A01
202000035806,2,7,,13,0,1,1,A01
202000035807,1,7,,3,2,1,2,A01
202000035807,1,15,,0,2,6,2,B01
202000035808,1,7,,13,0,0,1,A01
202000035809,1,7,,0,2,1,1,B01
202000035809,1,7,,0,2,7,1,A01
202000035810,1,10,,0,2,4,1,B01
202000035810,1,33,,0,2,1,2,A01
202000035811,1,33,,0,0,0,0,A01
202000035812,1,7,,2,0,1,1,A01
202000035813,1,2,,0,0,9,1,A01
202000035814,2,7,,0,2,1,1,B01
202000035814,1,7,,0,2,2,15,A01
202000035815,1,33,,13,0,0,17,A01
202000035816,1,7,,0,0,9,1,A01
202000035817,1,7,,0,0,1,1,A01
202000035817,2,7,,0,0,2,9,B01
202000035818,1,33,,0,2,1,1,B01
202000035818,1,10,,0,2,5,19,A01
202000035819,3,7,,0,2,1,1,A01
202000035819,3,7,,6,2,3,17,B01
202000035820,1,7,,7,0,8,15,A01
202000035820,2,7,,0,0,1,1,B01
202000035821,1,15,,0,9,7,17,A01
202000035821,1,1,,13,0,8,2,B01
202000035822,2,7,,13,0,9,21,A01
202000035823,3,10,,2,0,7,14,A01
202000035824,2,7,,0,2,3,1,B01
202000035824,1,7,,0,2,3,13,A01
202000035825,3,7,,0,1,2,0,A01
202000035826,1,80,,0,2,1,9,B01
202000035826,2,7,,0,2,2,1,A01
202000035827,2,1,,1,0,0,21,B01
202000035827,1,7,,0,2,3,19,A01
202000035828,1,7,,4,0,0,17,A01
202000035829,1,7,,0,1,3,1,A01
202000035830,1,7,,2,0,9,0,A01
202000035831,2,7,,6,0,2,16,A01
202000035832,2,7,,6,9,1,1,A01
202000035833,1,7,,0,1,1,1,A01
202000035834,1,7,,13,0,2,1,A01
202000035835,2,33,,0,2,5,23,A01
202000035835,1,7,,0,2,3,1,B01
202000035836,2,7,,0,2,3,1,B01
202000035836,1,7,,0,2,3,13,A01
202000035837,0,7,,8,2,1,13,A01
202000035837,0,7,,0,2,8,1,B01
202000035838,0,99,,1,0,1,5,A01
202000035839,2,7,,0,2,2,2,A01
202000035839,2,1,,0,0,4,2,B01
202000035840,3,7,,0,2,1,1,B01
202000035840,0,7,,0,2,1,1,A01
202000035841,1,33,,13,0,1,1,A01
202000035842,0,7,,0,9,8,1,A01
202000035842,0,1,,0,2,7,1,B01
202000035843,1,33,,2,0,1,0,A01
202000035844,2,7,,0,1,2,1,A01
202000035845,1,7,,0,2,1,1,B01
202000035845,2,14,,0,0,6,15,A01
202000035846,1,33,,7,0,8,1,A01
202000035847,1,7,,0,2,1,9,Z01
202000035847,1,7,,0,2,4,9,B01
202000035848,1,7,,0,2,2,11,B01
202000035848,2,7,,0,2,3,1,A01
202000035849,2,33,,0,2,8,1,B01
202000035849,2,7,,0,2,7,12,A01
202000035850,1,7,,13,2,2,15,A01
202000035850,2,10,,13,2,1,1,B01
202000035850,2,7,,0,2,1,23,C01
202000035851,1,38,1.0,0,2,1,1,B01
202000035851,2,7,,0,2,1,13,A01
202000035852,1,7,,0,2,1,1,B01
202000035852,1,7,,3,0,1,1,A01
202000035852,1,7,,0,2,1,1,C01
202000035853,2,33,,3,0,1,1,A01
202000035854,1,7,,0,1,3,13,A01
202000035855,1,7,,3,0,8,13,A01
202000035856,2,7,,0,2,2,9,A01
202000035856,1,1,,0,0,5,15,B01
202000035857,2,7,,0,2,4,23,A01
202000035857,1,7,,0,2,4,23,B01
202000035857,2,7,,0,2,1,1,C01
202000035858,1,31,,3,2,8,13,A01
202000035858,2,7,,0,2,6,1,B01
202000035859,1,7,,7,0,1,14,A01
202000035860,2,7,,0,2,4,2,B01
202000035860,2,10,,0,2,4,2,C01
202000035860,2,10,,0,2,1,1,A01
202000035861,2,7,,0,0,4,26,A01
202000035861,2,7,,0,2,1,0,C01
202000035861,2,7,,0,0,0,0,B01
202000035862,1,2,,2,0,1,13,A01
202000035863,1,15,,0,2,4,24,A01
202000035863,1,7,,1,0,1,2,B01
202000035864,2,2,,0,0,0,0,A01
202000035865,1,7,,6,2,2,14,B01
202000035865,1,7,,0,2,6,1,A01
202000035866,2,7,,0,2,1,2,A01
202000035866,2,7,,0,2,4,2,B01
202000035867,1,7,,0,0,8,15,A01
202000035867,1,7,,0,2,1,17,B01
202000035868,2,7,,0,2,3,9,A01
202000035868,2,7,,0,2,8,1,B01
202000035869,2,33,,0,2,1,2,B01
202000035869,2,7,,0,2,5,2,A01
202000035870,1,33,,12,0,3,13,A01
202000035871,2,7,,0,2,4,1,B01
202000035871,2,33,,0,2,1,2,A01
202000035872,1,7,,0,2,5,1,C01
202000035872,1,7,,0,2,8,1,D01
202000035872,1,7,,0,2,3,11,A01
202000035872,1,33,,0,2,5,3,B01
202000035873,1,7,,4,0,1,21,A01
202000035874,1,33,,0,2,1,1,C01
202000035874,1,7,,3,2,7,14,B01
202000035874,1,13,,0,2,3,13,A01
202000035875,2,7,,13,0,9,14,A01
202000035876,1,33,,0,0,9,9,A01
202000035877,2,7,,4,0,1,13,A01
202000035878,1,7,,0,0,9,13,A01
202000035879,2,10,,0,2,1,1,A01
202000035879,2,7,,0,2,4,2,B01
202000035880,2,33,,0,2,1,13,A01
202000035880,1,7,,0,2,1,1,B01
202000035880,1,7,,0,9,4,1,C01
202000035881,1,7,,4,0,3,15,A01
202000035882,2,7,,0,2,1,21,B01
202000035882,1,7,,0,2,1,11,A01
202000035883,1,7,,0,2,1,1,Z01
202000035883,2,7,,0,2,4,1,A01
202000035884,2,1,,8,0,1,0,A01
202000035885,1,7,,2,0,8,1,A01
202000035886,1,1,,0,0,9,1,A01
202000035887,1,10,,0,2,1,2,C01
202000035887,1,7,,0,2,4,2,A01
202000035887,1,7,,0,2,4,2,B01
202000035888,1,7,,4,2,1,2,A01
202000035888,1,7,,0,2,4,2,B01
202000035889,2,10,,0,2,3,1,A01
202000035889,2,15,,0,2,8,14,Z01
202000035890,1,7,,0,2,4,1,B01
202000035890,2,7,,0,2,1,3,A01
202000035891,2,7,,0,2,1,1,B01
202000035891,2,7,,0,2,2,9,A01
202000035892,2,33,,0,2,3,11,A01
202000035892,1,7,,0,2,3,2,B01
202000035892,1,7,,0,2,3,2,C01
202000035893,1,7,,0,1,3,1,A01
202000035894,3,33,,0,2,1,0,B01
202000035894,3,7,,0,2,6,15,A01
202000035895,1,7,,0,2,1,1,A01
202000035895,1,33,,0,2,4,2,B01
202000035896,1,43,,0,2,1,3,A01
202000035896,1,7,,0,2,6,11,B01
202000035897,2,7,,0,2,0,0,B01
202000035897,1,7,,0,2,0,0,A01
202000035898,1,7,,4,0,8,13,A01
202000035899,2,34,,0,1,1,1,A01
202000035900,2,7,,5,2,5,1,B01
202000035900,2,7,,0,2,3,13,A01
202000035901,1,7,,0,2,4,26,B01
202000035901,1,7,,0,2,1,26,A01
202000035902,3,7,,16,0,3,9,A01
202000035902,0,2,,16,0,4,0,B01
202000035903,1,7,,0,2,3,12,Z01
202000035903,1,31,,0,2,1,3,A01
202000035904,1,33,,0,2,1,1,B01
202000035904,1,7,,0,2,6,11,A01
202000035905,3,33,,0,2,8,15,A01
202000035905,1,37,3.0,0,2,1,1,B01
202000035906,1,43,,0,2,1,3,B01
202000035906,1,7,,0,2,3,17,A01
202000035906,1,7,,0,2,8,2,C01
202000035906,1,7,,0,2,4,2,D01
202000035907,3,7,,0,1,3,2,A01
202000035908,2,7,,0,1,0,1,A01
202000035909,2,7,,0,1,1,5,Z01
202000035909,2,7,,0,2,1,5,A01
202000035910,2,7,,0,2,1,1,A01
202000035910,3,7,,0,2,1,1,B01
202000035911,3,33,,0,2,8,1,B01
202000035911,3,7,,0,2,2,1,A01
202000035912,1,30,,0,2,2,1,A01
202000035912,1,7,,0,2,3,1,B01
202000035913,3,7,,0,1,1,21,A01
202000035914,1,30,,8,2,0,1,A01
202000035914,1,7,,0,2,0,9,Z01
202000035915,0,7,,0,2,0,19,A01
202000035915,0,7,,0,2,0,1,B01
202000035916,2,1,,0,2,1,1,A01
202000035916,1,7,,0,2,5,15,B01
202000035917,1,7,,0,1,1,15,A01
202000035918,2,7,,0,2,2,1,A01
202000035918,2,80,,0,2,1,1,B01
202000035919,0,7,,0,1,1,16,A01
202000035920,1,7,,0,2,3,1,B01
202000035920,2,33,,0,2,2,1,A01
202000035921,1,7,,6,0,1,14,A01
202000035922,1,34,,0,1,1,1,A01
202000035923,2,7,,1,0,2,14,A01
202000035924,2,1,,0,2,2,1,B01
202000035924,1,7,,0,2,1,15,A01
202000035925,1,10,,0,1,3,4,A01
202000035926,1,30,,0,1,3,1,A01
202000035927,2,7,,0,2,2,15,B01
202000035927,1,1,,0,2,8,1,A01
202000035928,1,7,,0,2,7,16,A01
202000035928,1,50,,0,2,1,18,B01
202000035929,1,2,,0,2,1,1,B01
202000035929,1,7,,0,2,3,15,A01
202000035930,2,30,,15,0,0,18,A01
202000035931,2,7,,0,2,1,9,A01
202000035931,2,7,,1,0,7,1,B01
202000035932,1,10,,0,2,3,13,A01
202000035932,2,7,,0,2,8,1,B01
202000035933,1,32,,0,0,7,1,A01
202000035934,2,30,,0,2,1,1,B01
202000035934,2,7,,0,2,2,1,A01
202000035935,1,1,,0,0,1,12,A01
202000035936,1,7,,0,2,2,15,A01
202000035936,2,7,,0,2,1,1,B01
202000035937,1,31,,0,0,8,1,A01
202000035938,1,50,,0,2,2,1,B01
202000035938,1,7,,0,2,3,1,A01
202000035939,1,7,,0,2,6,2,B01
202000035939,1,7,,0,2,1,26,A01
202000035940,0,10,,0,1,1,15,A01
202000035941,2,50,,0,2,0,19,A01
202000035941,2,7,,0,2,2,16,B01
202000035942,2,80,,0,2,4,1,B01
202000035942,2,7,,0,2,2,1,A01
202000035943,1,1,,0,2,7,19,B01
202000035943,1,30,,0,2,1,1,A01
202000035944,2,31,,0,1,1,17,A01
202000035945,1,50,,0,2,7,1,B01
202000035945,2,7,,0,2,1,19,A01
202000035946,0,7,,0,2,7,1,A01
202000035946,0,7,,0,2,1,1,B01
202000035947,0,7,,0,2,3,15,A01
202000035947,0,7,,0,2,3,16,B01
202000035948,1,7,,0,1,0,1,A01
202000035949,3,7,,0,1,0,16,Z01
202000035950,3,7,,0,2,1,0,Z01
202000035950,0,99,,0,0,0,0,B01
202000035951,0,7,,0,1,1,15,A01
202000035952,3,7,,0,2,6,2,A01
202000035952,3,1,,0,2,1,1,B01
202000035953,2,30,,0,0,8,1,A01
202000035954,1,38,1.0,0,2,1,2,A01
202000035954,1,7,,0,0,4,2,B01
202000035955,3,7,,0,2,8,18,A01
202000035955,3,7,,0,2,2,12,B01
202000035956,0,7,,0,0,9,26,A01
202000035957,2,7,,0,1,7,26,A01
202000035958,3,30,,12,0,1,26,A01
202000035959,1,7,,0,2,3,26,A01
202000035959,1,33,,0,2,4,1,B01
202000035960,2,7,,0,2,8,1,A01
202000035960,1,1,,0,2,2,19,B01
202000035961,1,38,2.0,0,2,4,2,B01
202000035961,1,7,,0,2,1,26,A01
202000035962,3,7,,0,1,1,1,Z01
202000035963,1,7,,0,2,1,15,A01
202000035963,2,7,,0,2,3,1,B01
202000035964,0,7,,0,2,1,2,A01
202000035964,0,7,,0,2,4,2,B01
202000035965,1,7,,0,2,1,15,A01
202000035965,1,7,,0,2,7,1,B01
202000035966,1,7,,0,2,2,19,A01
202000035966,1,2,,0,2,1,2,B01
202000035967,2,7,,0,2,4,1,B01
202000035967,2,33,,0,2,1,2,A01
202000035968,1,7,,0,2,3,9,A01
202000035968,1,32,,0,2,1,1,B01
202000035969,1,10,,7,2,2,26,A01
202000035969,1,7,,0,2,3,26,B01
202000035970,1,33,,0,2,1,3,A01
202000035970,1,7,,0,2,5,1,B01
202000035970,1,7,,0,2,8,1,C01
202000035971,1,10,,0,2,6,2,B01
202000035971,1,33,,0,2,1,2,A01
202000035972,1,32,,0,2,2,3,A01
202000035972,1,7,,0,2,7,1,C01
202000035972,1,10,,0,2,6,1,B01
202000035973,2,14,,0,2,2,1,A01
202000035973,2,7,,0,2,8,9,B01
202000035974,2,32,,0,2,7,2,A01
202000035974,2,7,,0,2,0,18,Z01
202000035975,1,43,,4,0,3,13,A01
202000035976,2,33,,14,0,0,13,A01
202000035977,2,10,,0,1,4,4,A01
202000035978,1,10,,0,2,2,16,A01
202000035978,1,50,,0,2,1,1,B01
202000035979,1,7,,0,2,0,1,Z01
202000035979,2,2,,0,2,3,1,A01
202000035980,2,7,,0,2,3,8,A01
202000035980,1,1,,0,2,8,19,B01
202000035981,1,7,,0,2,8,22,A01
202000035981,1,1,,0,2,1,1,B01
202000035982,3,1,,0,2,1,19,A01
202000035982,3,7,,0,2,1,15,B01
202000035983,1,7,,0,1,2,1,A01
202000035984,1,7,,0,2,5,15,B01
202000035984,1,32,,0,2,2,2,A01
202000035985,1,43,,0,2,4,23,B01
202000035985,1,33,,0,2,1,2,A01
202000035986,1,32,,0,2,4,0,B01
202000035986,1,7,,0,2,4,2,A01
202000035987,2,7,,0,2,2,16,A01
202000035987,2,32,,0,2,3,1,B01
202000035988,1,7,,0,9,2,1,B01
202000035988,2,1,,0,2,8,15,A01
202000035989,2,7,,0,2,8,1,B01
202000035989,1,33,,0,2,1,17,A01
202000035990,1,7,,0,0,0,0,A01
202000035991,1,7,,0,0,6,15,B01
202000035991,1,33,,0,2,1,2,A01
202000035992,3,7,,0,2,3,9,A01
202000035992,1,7,,0,2,1,1,B01
202000035993,1,7,,0,0,0,1,A01
202000035993,2,7,,0,0,6,1,B01
202000035993,2,7,,0,0,1,1,C01
202000035994,2,7,,13,0,8,1,A01
202000035995,2,33,,0,2,7,15,A01
202000035995,1,7,,0,2,1,1,B01
202000035996,1,7,,0,2,3,1,B01
202000035996,2,7,,0,2,1,13,A01
202000035997,1,33,,0,0,8,1,A01
202000035998,1,7,,13,0,9,17,A01
202000035999,2,13,,6,0,1,1,A01
202000036000,3,32,,0,2,1,13,A01
202000036000,3,30,,0,2,1,1,B01
202000036001,3,7,,0,2,2,1,B01
202000036001,3,31,,0,2,1,13,A01
202000036002,3,7,,0,1,4,23,A01
202000036002,3,7,,0,2,1,1,B01
202000036003,1,7,,13,2,5,9,A01
202000036003,1,13,,0,2,3,9,B01
202000036004,3,7,,0,0,7,19,A01
202000036004,2,33,,0,2,1,1,B01
202000036005,2,7,,2,0,8,0,A01
202000036006,2,33,,0,2,5,2,B01
202000036006,2,7,,0,2,3,2,A01
202000036007,0,7,,0,2,1,2,A01
202000036007,0,1,,0,2,4,2,B01
202000036008,1,33,,3,0,7,1,A01
202000036009,0,7,,0,2,2,15,A01
202000036009,0,33,,0,2,1,1,B01
202000036010,0,7,,0,0,1,15,A01
202000036011,3,32,,0,0,7,16,A01
202000036012,1,2,,0,2,1,17,B01
202000036012,1,7,,0,2,3,15,A01
202000036013,2,33,,3,0,1,1,A01
202000036014,1,33,,0,0,8,2,A01
202000036015,1,7,,0,2,1,13,A01
202000036015,2,7,,0,2,1,1,B01
202000036016,1,7,,0,2,7,19,B01
202000036016,2,2,,0,2,1,1,A01
202000036017,1,33,,3,0,8,14,A01
202000036018,3,1,,0,2,0,13,B01
202000036018,3,7,,0,9,2,13,A01
202000036019,2,7,,0,2,3,1,B01
202000036019,1,7,,0,2,3,13,A01
202000036020,2,7,,0,2,6,1,B01
202000036020,2,7,,0,2,2,9,A01
202000036021,2,10,,0,2,1,1,B01
202000036021,1,7,,0,2,1,5,A01
202000036022,1,7,,0,2,1,2,A01
202000036022,1,7,,0,2,4,2,B01
202000036022,1,7,,0,2,1,2,C01
202000036023,1,34,,14,0,3,2,B01
202000036023,1,7,,0,2,2,2,A01
202000036024,2,7,,0,2,1,1,A01
202000036024,2,7,,0,2,4,2,B01
202000036025,2,7,,0,2,7,12,A01
202000036025,2,33,,0,2,8,3,B01
202000036026,1,31,,0,2,3,21,A01
202000036027,2,7,,0,2,5,2,B01
202000036027,2,33,,0,2,3,1,A01
202000036028,1,31,,0,2,3,21,A01
202000036028,1,7,,0,2,5,2,B01
202000036029,1,7,,0,2,3,21,A01
202000036029,1,7,,0,9,1,18,B01
202000036030,1,43,,0,2,3,3,A01
202000036030,1,7,,0,2,2,12,B01
202000036031,1,10,,0,2,4,2,B01
202000036031,1,7,,0,2,1,2,A01
202000036032,2,33,,0,2,2,3,A01
202000036032,2,7,,0,2,4,1,B01
202000036033,1,7,,0,2,6,1,B01
202000036033,1,14,,0,2,2,12,A01
202000036034,2,7,,4,2,4,1,B01
202000036034,2,15,,0,2,1,12,A01
202000036035,2,7,,0,2,1,16,A01
202000036035,1,7,,0,2,3,1,B01
202000036036,2,7,,1,0,2,10,A01
202000036036,2,32,,0,2,3,1,B01
202000036037,2,7,,0,1,1,26,A01
202000036038,1,10,,0,1,8,16,B01
202000036039,1,7,,0,2,7,9,A01
202000036039,1,32,,0,2,8,1,B01
202000036040,1,33,,0,2,1,17,A01
202000036040,1,7,,0,2,8,1,B01
202000036040,1,7,,0,2,8,1,C01
202000036040,1,2,,0,2,0,1,D01
202000036041,1,30,,0,2,4,9,B01
202000036041,1,7,,0,2,1,9,A01
202000036042,2,7,,0,2,2,26,A01
202000036042,2,1,,0,2,4,15,B01
202000036043,1,7,,1,0,1,21,A01
202000036044,1,7,,0,2,2,15,A01
202000036044,1,2,,0,2,6,2,B01
202000036045,2,10,,0,2,1,26,A01
202000036045,2,10,,0,2,4,1,B01
202000036046,1,7,,0,9,4,23,B01
202000036046,1,1,,0,2,1,1,A01
202000036047,2,7,,0,2,3,15,A01
202000036047,1,1,,0,2,1,1,B01
202000036048,2,2,,0,2,1,1,B01
202000036048,1,7,,0,2,3,15,A01
202000036049,3,7,,0,1,1,15,A01
202000036050,1,7,,0,2,2,1,A01
202000036050,1,7,,0,2,1,1,B01
202000036051,2,31,,0,2,1,0,B01
202000036051,2,7,,0,9,5,15,A01
202000036052,2,1,,8,0,1,13,A01
202000036053,2,1,,0,2,7,19,B01
202000036053,1,7,,0,2,3,1,A01
202000036054,2,7,,0,2,2,1,A01
202000036054,0,50,,0,2,3,1,B01
202000036055,0,10,,0,2,1,0,C01
202000036055,0,7,,0,2,5,1,B01
202000036055,0,7,,0,2,6,4,A01
202000036056,3,30,,14,0,0,0,A01
202000036057,1,7,,0,2,7,15,A01
202000036057,1,7,,0,2,1,1,B01
202000036058,2,7,,0,1,3,1,A01
202000036059,1,7,,0,9,1,19,A01
202000036059,2,1,,0,2,1,19,B01
202000036060,1,1,,0,2,1,9,A01
202000036060,2,7,,0,2,1,1,B01
202000036061,2,1,,0,2,0,19,B01
202000036061,1,7,,0,2,1,1,A01
202000036062,1,7,,0,1,1,16,A01
202000036063,1,33,,0,1,1,1,A01
202000036064,2,7,,0,2,4,23,D01
202000036064,2,7,,0,2,4,23,C01
202000036064,2,7,,0,2,4,23,B01
202000036064,2,7,,0,2,1,2,A01
202000036065,2,7,,0,2,4,2,B01
202000036065,2,7,,0,2,1,2,A01
202000036066,3,1,,0,2,0,0,B01
202000036066,2,7,,0,2,3,9,A01
202000036067,1,10,,0,2,2,16,A01
202000036067,1,2,,0,2,8,18,B01
202000036068,2,33,,0,0,9,17,A01
202000036069,0,1,,1,0,1,19,A01
202000036069,0,7,,1,0,2,1,B01
202000036070,2,7,,1,0,2,14,A01
202000036071,1,7,,0,2,8,15,A01
202000036071,1,30,,0,2,1,17,B01
202000036072,3,7,,1,0,0,1,A01
202000036073,2,10,,0,2,2,1,A01
202000036073,2,7,,0,2,1,1,B01
202000036074,0,37,1.0,0,1,3,15,A01
202000036075,1,1,,0,2,0,0,B01
202000036075,1,7,,0,2,2,0,A01
202000036076,2,31,,0,2,1,1,B01
202000036076,1,10,,0,2,5,15,A01
202000036077,2,34,,0,0,4,2,E01
202000036077,2,7,,14,2,1,26,A01
202000036078,1,1,,0,2,7,1,B01
202000036078,3,7,,0,2,1,1,A01
202000036079,0,33,,0,2,6,1,B01
202000036079,0,7,,0,2,2,1,A01
202000036080,2,7,,0,2,4,2,B01
202000036080,2,10,,0,2,1,2,A01
202000036081,1,7,,0,2,6,1,Z01
202000036081,1,33,,0,2,1,1,B01
202000036082,2,7,,0,2,8,15,B01
202000036082,1,33,,0,2,1,1,A01
202000036083,2,7,,0,0,9,13,A01
202000036084,1,7,,0,1,1,1,A01
202000036085,0,7,,0,1,3,1,A01
202000036086,2,1,,0,2,1,2,B01
202000036086,2,7,,0,9,1,9,A01
202000036087,3,30,,0,2,1,1,B01
202000036087,3,7,,0,2,3,1,A01
202000036088,1,7,,0,2,7,1,A01
202000036088,1,30,,0,2,8,1,B01
202000036089,1,7,,0,2,4,1,B01
202000036089,1,30,,0,2,1,1,A01
202000036090,1,7,,0,2,1,26,A01
202000036090,1,3,,0,2,5,26,B01
202000036091,2,7,,0,2,8,11,A01
202000036091,2,7,,0,2,2,2,B01
202000036092,0,7,,0,2,8,13,A01
202000036092,1,1,,0,2,7,1,B01
202000036093,1,7,,0,2,3,15,A01
202000036093,2,2,,0,2,1,0,B01
202000036094,1,30,,0,2,1,17,A01
202000036094,1,7,,0,2,3,15,B01
202000036095,1,7,,0,2,2,1,A01
202000036095,1,7,,0,2,3,1,B01
202000036096,2,7,,0,2,2,22,B01
202000036096,2,14,,1,1,6,1,A01
202000036097,3,7,,4,0,0,11,A01
202000036098,3,33,,0,0,0,1,A01
202000036099,1,7,,0,2,2,15,A01
202000036099,1,31,,0,2,1,1,D01
202000036100,2,7,,0,2,4,2,D01
202000036100,2,7,,0,2,4,2,C01
202000036100,2,7,,0,2,4,2,B01
202000036100,2,7,,0,2,1,2,A01
202000036101,2,32,,0,2,8,3,A01
202000036101,2,10,,0,2,6,1,B01
202000036102,2,33,,0,2,7,21,A01
202000036102,2,7,,0,2,8,1,B01
202000036103,2,30,,0,2,1,1,B01
202000036103,2,1,,0,2,4,1,A01
202000036104,2,1,,0,2,1,1,B01
202000036104,1,1,,0,2,1,5,A01
202000036105,1,1,,0,1,8,1,A01
202000036106,1,30,,0,1,3,17,A01
202000036107,2,33,,0,1,1,1,A01
202000036108,3,7,,0,2,3,1,A01
202000036108,3,50,,0,2,7,1,B01
202000036109,2,1,,0,0,0,1,A01
202000036110,1,7,,0,2,4,4,A01
202000036110,1,1,,0,2,1,1,B01
202000036111,2,50,,0,0,0,1,A01
202000036112,1,33,,0,2,1,2,B01
202000036112,1,10,,0,2,6,2,A01
202000036113,1,7,,0,2,1,19,A01
202000036113,2,31,,0,2,1,19,B01
202000036114,2,31,,0,1,1,1,A01
202000036115,0,7,,0,2,3,17,A01
202000036115,0,31,,0,2,1,17,B01
202000036116,2,7,,0,2,4,23,C01
202000036116,2,3,,0,2,4,23,B01
202000036116,2,7,,0,2,1,1,A01
202000036117,1,7,,1,1,3,11,A01
202000036118,3,7,,1,0,3,11,A01
202000036118,3,1,,1,0,0,0,B01
202000036119,1,7,,0,1,8,1,A01
202000036120,3,7,,0,2,0,15,B01
202000036120,-1,31,,0,2,0,17,A01
202000036121,2,10,,0,2,0,2,B01
202000036121,2,7,,0,2,4,23,A01
202000036122,-1,7,,0,2,2,9,A01
202000036122,-1,99,,0,2,0,26,B01
202000036123,0,7,,0,2,0,0,A01
202000036123,0,2,,0,2,0,0,B01
202000036124,2,2,,0,2,1,18,B01
202000036124,2,10,,0,2,2,1,A01
202000036125,2,80,,12,0,0,1,A01
202000036126,2,30,,0,2,1,2,A01
202000036126,2,7,,7,0,6,2,B01
202000036127,1,32,,0,2,1,2,A01
202000036127,1,7,,0,2,4,10,B01
202000036128,1,7,,0,1,5,4,A01
202000036129,1,33,,0,2,1,3,B01
202000036129,2,7,,0,2,2,15,A01
202000036130,2,7,,0,2,7,10,A01
202000036130,1,7,,0,2,1,1,B01
202000036131,1,31,,0,2,5,3,B01
202000036131,2,7,,0,2,8,15,A01
202000036132,0,7,,0,0,3,19,B01
202000036132,0,41,,0,0,1,0,A01
202000036133,2,7,,0,2,1,15,B01
202000036133,1,33,,0,2,3,18,A01
202000036134,1,7,,7,0,1,16,A01
202000036135,1,7,,0,2,6,13,A01
202000036135,2,7,,0,2,1,0,B01
202000036136,2,7,,0,2,8,11,A01
202000036136,2,33,,0,2,7,17,B01
202000036137,1,2,,0,2,4,1,B01
202000036137,1,10,,0,2,1,1,A01
202000036138,2,2,,0,2,1,19,A01
202000036138,2,7,,0,2,3,1,B01
202000036139,0,30,,0,2,4,0,B01
202000036139,0,7,,0,2,1,0,A01
202000036140,1,7,,0,2,1,1,A01
202000036140,1,7,,0,2,4,1,B01
202000036140,1,7,,0,2,4,1,C01
202000036141,1,33,,0,0,1,1,A01
202000036142,3,33,,0,0,9,1,A01
202000036143,2,1,,0,2,8,1,B01
202000036143,0,7,,0,9,3,1,A01
202000036144,1,31,,0,2,1,1,B01
202000036144,1,7,,0,2,7,9,A01
202000036145,2,10,,0,2,3,1,B01
202000036145,1,10,,12,2,3,1,A01
202000036146,1,33,,11,0,1,17,A01
202000036147,2,7,,0,2,2,1,B01
202000036147,1,31,,0,2,3,18,A01
202000036148,1,21,,0,0,7,1,A01
202000036149,1,33,,0,0,2,1,A01
202000036150,2,1,,0,2,3,1,B01
202000036150,1,7,,0,2,1,15,A01
202000036151,2,31,,0,0,0,0,A01
202000036152,1,2,,13,0,1,2,A01
202000036153,2,7,,0,2,1,1,B01
202000036153,1,7,,0,2,7,1,A01
202000036154,2,7,,0,2,3,13,A01
202000036154,1,7,,0,2,1,17,B01
202000036154,2,7,,5,2,1,2,C01
202000036154,1,7,,0,9,1,2,D01
202000036155,1,7,,0,0,1,19,A01
202000036156,2,1,,0,0,0,1,A01
202000036157,2,7,,2,0,3,13,A01
202000036158,2,10,,16,0,2,1,A01
202000036159,1,7,,0,2,2,21,B01
202000036159,1,7,,0,2,1,10,A01
202000036159,1,2,,0,2,1,1,C01
202000036160,2,10,,0,1,1,1,A01
202000036161,1,15,,0,0,8,1,B01
202000036161,1,7,,0,2,7,14,A01
202000036162,1,7,,13,0,1,2,A01
202000036163,0,7,,0,9,8,23,D01
202000036163,0,7,,0,2,8,23,C01
202000036163,1,7,,12,2,7,1,B01
202000036163,1,7,,12,2,1,17,A01
202000036164,2,7,,0,2,1,2,B01
202000036164,2,7,,0,0,4,1,A01
202000036165,2,7,,0,1,2,21,A01
202000036166,2,2,,0,0,7,1,A01
202000036166,1,7,,0,2,1,19,B01