Num_Acc,senc,catv,occutc,obs,obsm,choc,manv,num_veh
202000036167,1,31,,0,2,1,1,A01
202000036167,2,21,,0,0,8,1,B01
202000036168,0,31,,0,0,0,2,A01
202000036169,3,31,,0,2,8,1,B01
202000036169,2,7,,0,2,2,1,A01
202000036170,3,7,,0,2,3,26,A01
202000036170,3,7,,0,2,2,1,B01
202000036171,1,10,,0,2,8,13,A01
202000036171,2,7,,0,2,8,1,B01
202000036172,2,7,,0,2,1,26,A01
202000036172,2,2,,0,2,1,1,B01
202000036173,1,7,,15,0,1,0,A01
202000036174,0,10,,0,9,3,16,A01
202000036174,3,1,,0,0,8,19,B01
202000036175,3,1,,0,2,6,2,B01
202000036175,3,7,,0,2,2,2,A01
202000036176,2,7,,0,2,8,13,B01
202000036176,1,3,,0,2,8,13,A01
202000036177,2,7,,0,0,6,15,A01
202000036177,2,33,,0,2,1,17,B01
202000036178,1,7,,13,0,1,1,A01
202000036179,0,7,,0,9,3,1,A01
202000036179,0,1,,0,2,1,1,B01
202000036180,2,7,,0,2,8,9,A01
202000036180,2,30,,0,2,1,1,B01
202000036181,2,10,,0,1,2,1,A01
202000036182,1,34,,0,2,8,2,A01
202000036182,1,7,,0,2,7,16,B01
202000036183,2,7,,2,0,1,14,A01
202000036184,1,2,,0,2,3,9,A01
202000036184,1,7,,0,2,4,1,C01
202000036184,1,7,,0,2,1,1,B01
202000036185,2,7,,0,2,3,5,A01
202000036185,1,7,,0,2,2,1,B01
202000036186,1,10,,0,2,2,21,A01
202000036186,1,7,,0,0,6,23,B01
202000036187,2,15,,0,0,1,2,B01
202000036187,2,7,,0,0,4,0,A01
202000036188,2,7,,6,0,1,1,A01
202000036189,0,33,,0,2,1,26,B01
202000036189,3,7,,0,2,4,4,A01
202000036190,1,15,,0,1,2,1,A01
202000036191,0,2,,0,1,1,1,A01
202000036192,1,33,,15,0,8,2,A01
202000036193,1,7,,2,0,1,1,A01
202000036194,3,7,,0,2,3,10,A01
202000036194,3,2,,0,2,2,1,B01
202000036195,3,2,,0,0,5,0,A01
202000036196,3,33,,0,0,8,1,A01
202000036197,2,7,,4,2,6,13,B01
202000036197,2,0,,-1,2,-1,12,C01
202000036198,1,7,,0,2,6,15,B01
202000036198,1,30,,0,2,1,1,A01
202000036199,1,10,,0,2,2,1,B01
202000036199,2,33,,0,2,7,1,A01
202000036200,2,7,,0,2,7,17,A01
202000036200,2,33,,0,2,8,1,B01
202000036201,2,7,,0,1,2,1,A01
202000036202,3,7,,10,0,3,16,A01
202000036203,3,31,,0,2,1,1,B01
202000036203,3,7,,0,2,3,15,A01
202000036204,1,10,,0,2,2,1,A01
202000036204,1,2,,0,2,8,9,B01
202000036205,1,7,,0,2,2,9,B01
202000036205,1,10,,0,2,1,9,A01
202000036206,2,3,,0,2,2,1,C01
202000036206,1,33,,0,2,7,17,B01
202000036206,1,7,,0,2,3,15,A01
202000036207,1,2,,6,0,2,26,A01
202000036208,1,7,,0,2,1,1,A01
202000036208,1,7,,0,2,4,23,B01
202000036208,1,7,,0,2,4,23,C01
202000036209,2,7,,0,0,0,0,Z01
202000036209,1,7,,0,2,7,21,A01
202000036210,1,10,,0,2,1,2,A01
202000036210,1,7,,0,2,3,23,B01
202000036210,1,7,,0,2,4,23,C01
202000036211,1,7,,0,2,1,1,B01
202000036211,2,31,,0,2,8,1,A01
202000036212,2,2,,0,2,1,17,A01
202000036212,2,7,,0,2,3,15,B01
202000036213,2,7,,0,2,1,26,A01
202000036213,2,7,,0,2,6,0,C01
202000036213,2,7,,0,2,6,0,B01
202000036214,3,7,,0,9,1,1,A01
202000036214,1,1,,0,2,0,0,B01
202000036215,1,7,,13,0,1,13,A01
202000036216,1,30,,0,0,0,1,A01
202000036217,1,2,,0,2,2,21,B01
202000036217,1,7,,0,2,3,9,A01
202000036218,2,7,,15,0,5,1,A01
202000036219,2,1,,0,2,8,7,B01
202000036219,2,7,,0,2,2,16,A01
202000036220,2,37,1.0,0,1,5,7,A01
202000036221,1,7,,0,2,4,23,B01
202000036221,1,7,,0,2,1,2,A01
202000036222,2,1,,0,2,3,15,A01
202000036222,2,7,,0,2,0,1,Z01
202000036223,1,7,,0,1,4,4,A01
202000036224,2,10,,0,1,6,1,A01
202000036225,2,50,,0,2,1,5,A01
202000036225,1,30,,0,2,3,9,B01
202000036226,1,10,,0,0,9,0,A01
202000036227,2,7,,0,1,1,17,B01
202000036228,2,33,,1,2,1,21,B01
202000036228,1,7,,0,2,3,13,A01
202000036229,3,7,,14,0,4,2,B01
202000036229,3,7,,0,2,4,23,C01
202000036229,3,7,,14,0,1,2,A01
202000036230,0,7,,0,2,3,15,A01
202000036230,0,7,,0,2,3,16,B01
202000036231,3,7,,0,1,1,16,A01
202000036232,3,7,,0,1,0,0,B01
202000036232,1,7,,0,1,2,26,A01
202000036233,1,7,,0,9,7,26,B01
202000036233,1,1,,0,2,7,26,A01
202000036234,1,7,,0,2,1,1,A01
202000036234,2,31,,1,2,1,13,B01
202000036234,1,10,,0,2,3,24,C01
202000036235,1,0,,0,1,0,0,A01
202000036236,1,13,,0,2,5,12,A01
202000036236,1,7,,0,2,3,16,B01
202000036237,3,7,,0,2,1,1,A01
202000036237,3,7,,0,2,1,1,BB01
202000036238,1,50,,0,2,2,17,B01
202000036238,1,7,,0,2,3,15,A01
202000036239,2,7,,0,2,3,1,B01
202000036239,1,7,,0,2,3,13,A01
202000036240,1,1,,0,2,8,7,B01
202000036240,1,7,,0,2,2,16,A01
202000036241,1,33,,15,0,1,17,A01
202000036242,1,7,,15,0,1,1,A01
202000036243,1,7,,0,2,7,15,A01
202000036243,2,31,,0,2,1,1,B01
202000036244,2,7,,0,2,3,1,A01
202000036244,1,7,,0,0,8,1,B01
202000036245,3,33,,0,2,1,1,B01
202000036245,3,7,,0,2,7,15,A01
202000036246,0,7,,0,0,0,26,A01
202000036247,2,7,,2,0,1,1,A01
202000036248,3,7,,0,2,5,1,B01
202000036248,3,60,,0,2,1,19,A01
202000036249,2,7,,2,0,1,0,A01
202000036250,2,33,,0,0,0,1,A01
202000036251,1,2,,0,0,2,0,A01
202000036252,2,30,,0,2,1,2,A01
202000036252,2,7,,0,0,5,2,B01
202000036252,2,7,,0,0,7,2,C01
202000036253,2,33,,0,2,3,15,B01
202000036253,2,33,,0,2,2,17,A01
202000036254,2,7,,0,2,1,2,A01
202000036254,2,21,,0,2,4,1,B01
202000036255,2,33,,0,0,9,1,A01
202000036256,1,7,,13,0,3,1,A01
202000036257,0,7,,0,0,1,1,B01
202000036257,0,7,,0,0,2,0,A01
202000036258,2,14,,0,2,6,23,B01
202000036258,2,14,,0,2,2,1,A01
202000036259,1,17,,0,0,4,23,C01
202000036259,1,17,,0,0,4,23,B01
202000036259,1,17,,0,0,1,2,A01
202000036260,1,15,,0,0,5,1,A01
202000036260,1,7,,0,2,2,1,B01
202000036261,2,7,,0,2,2,15,A01
202000036261,1,2,,0,2,1,1,B01
202000036262,0,0,,0,0,0,0,A01
202000036263,3,36,,0,0,0,1,A01
202000036264,0,7,,6,2,3,0,B01
202000036264,0,7,,0,2,1,0,A01
202000036265,3,33,,0,2,1,1,A01
202000036265,3,31,,0,2,1,5,B01
202000036266,1,2,,13,0,1,1,A01
202000036267,1,33,,0,2,1,5,A01
202000036267,2,7,,0,2,3,1,B01
202000036268,2,33,,13,0,0,13,A01
202000036269,2,2,,0,0,7,1,A01
202000036270,2,14,,0,2,4,23,C01
202000036270,2,15,,0,2,4,23,B01
202000036270,2,15,,0,2,1,2,A01
202000036271,2,2,,0,0,7,1,A01
202000036271,1,7,,0,0,0,1,B01
202000036272,2,80,,0,2,1,1,B01
202000036272,1,7,,0,9,7,19,C01
202000036273,0,7,,0,2,3,1,A01
202000036273,3,7,,0,2,3,1,B01
202000036274,1,7,,0,2,3,23,C01
202000036274,1,7,,0,2,1,17,A01
202000036274,2,7,,0,2,1,1,B01
202000036275,1,7,,0,2,1,0,B01
202000036275,2,7,,0,2,8,0,A01
202000036276,2,7,,0,2,1,13,B01
202000036276,2,2,,0,2,1,17,A01
202000036277,2,10,,0,0,0,0,A01
202000036277,1,7,,16,0,6,0,B01
202000036278,1,7,,0,2,2,13,A01
202000036278,1,7,,0,2,6,1,B01
202000036279,1,7,,0,2,3,1,B01
202000036279,1,7,,0,2,2,14,A01
202000036280,1,7,,4,0,1,21,A01
202000036281,1,7,,3,0,3,6,A01
202000036281,1,7,,0,0,0,1,F01
202000036281,1,7,,0,0,0,1,E01
202000036281,1,7,,0,0,0,1,D01
202000036281,2,7,,3,0,0,1,B01
202000036281,1,7,,0,0,0,1,H01
202000036281,1,7,,0,0,0,1,G01
202000036281,2,7,,0,0,0,1,C01
202000036282,2,10,,0,2,1,2,A01
202000036282,2,7,,0,2,4,2,B01
202000036283,2,31,,0,2,8,2,B01
202000036283,2,7,,0,2,7,12,A01
202000036284,2,7,,0,2,3,1,B01
202000036284,1,7,,0,2,3,1,A01
202000036285,1,34,,0,2,1,1,A01
202000036285,1,1,,0,2,4,1,B01
202000036286,1,31,,0,2,7,21,A01
202000036286,1,34,,0,2,4,16,B01
202000036287,1,60,,0,1,1,1,A01
202000036288,0,7,,0,2,3,23,B01
202000036288,0,7,,0,2,3,15,A01
202000036289,2,7,,0,2,3,2,A01
202000036289,2,7,,0,2,4,2,C01
202000036289,0,7,,0,2,5,2,B01
202000036290,1,7,,0,2,1,9,B01
202000036290,1,32,,0,2,4,1,A01
202000036291,2,7,,0,0,0,2,A01
202000036292,1,7,,8,0,1,13,A01
202000036293,1,7,,13,2,3,1,A01
202000036294,2,7,,6,0,2,1,A01
202000036295,2,31,,8,1,1,17,A01
202000036296,1,7,,0,2,2,11,A01
202000036296,2,33,,0,2,1,1,B01
202000036297,1,10,,4,2,1,19,A01
202000036297,2,10,,0,2,1,0,B01
202000036298,1,7,,2,0,1,1,Z01
202000036299,1,33,,0,2,1,1,B01
202000036299,2,7,,0,2,3,19,A01
202000036300,1,7,,0,1,1,1,A01
202000036301,2,7,,0,2,1,15,A01
202000036301,1,7,,0,2,7,1,B01
202000036302,1,7,,8,0,1,1,A01
202000036303,2,0,,0,2,6,15,Z01
202000036303,1,7,,0,2,3,1,B01
202000036304,1,10,,0,2,1,1,A01
202000036304,2,7,,0,2,2,1,B01
202000036305,2,30,,0,0,8,1,A01
202000036306,1,33,,0,2,1,1,B01
202000036306,1,7,,0,2,5,15,A01
202000036307,1,10,,0,2,2,16,B01
202000036307,1,30,,0,2,3,18,A01
202000036308,1,7,,0,2,8,1,B01
202000036308,1,7,,0,2,1,1,A01
202000036309,2,7,,0,2,4,23,C01
202000036309,2,7,,0,2,1,1,A01
202000036309,2,7,,0,2,4,23,B01
202000036310,1,7,,0,9,7,1,A01
202000036310,2,1,,0,2,1,19,B01
202000036311,1,7,,0,2,4,0,B01
202000036311,1,32,,0,2,1,1,A01
202000036312,2,7,,0,2,2,16,A01
202000036312,2,2,,0,2,3,1,B01
202000036313,1,7,,0,2,8,15,B01
202000036313,1,30,,0,2,1,17,A01
202000036314,0,7,,0,2,1,26,A01
202000036314,0,7,,0,2,4,0,B01
202000036315,1,7,,0,2,3,9,A01
202000036315,1,2,,1,2,1,1,B01
202000036316,3,2,,0,2,8,10,A01
202000036316,3,33,,0,2,1,1,B01
202000036317,0,7,,0,2,1,15,A01
202000036317,0,10,,0,2,3,1,B01
202000036318,2,7,,0,2,8,26,B01
202000036318,1,32,,0,2,1,26,A01
202000036319,1,7,,7,0,1,1,A01
202000036320,1,10,,0,2,0,14,Z01
202000036320,2,7,,4,2,6,1,A01
202000036321,1,7,,0,2,3,11,A01
202000036321,1,33,,0,2,2,3,B01
202000036322,2,33,,0,0,8,1,A01
202000036323,2,7,,0,2,8,1,C01
202000036323,2,32,,0,2,6,11,B01
202000036323,2,33,,0,2,2,3,A01
202000036324,1,7,,14,0,3,1,A01
202000036325,1,43,,14,0,1,13,A01
202000036326,1,7,,0,2,2,16,B01
202000036326,1,30,,0,2,3,18,A01
202000036327,2,1,,1,0,1,14,A01
202000036328,2,1,,0,2,1,2,B01
202000036328,2,7,,0,2,4,23,A01
202000036329,2,7,,0,2,1,1,A01
202000036329,2,7,,0,2,4,23,B01
202000036330,2,10,,0,1,4,4,A01
202000036331,3,7,,0,1,3,1,A01
202000036332,2,7,,0,2,3,9,B01
202000036332,1,7,,0,2,2,1,A01
202000036333,1,50,,1,0,7,2,B01
202000036333,0,10,,0,0,0,0,A01
202000036334,2,7,,0,2,4,1,B01
202000036334,2,7,,0,2,1,1,A01
202000036335,2,7,,0,2,4,23,C01
202000036335,2,7,,0,2,1,7,B01
202000036335,2,7,,0,2,4,1,A01
202000036336,-1,10,,0,2,3,26,A01
202000036336,-1,99,,0,0,3,26,B01
202000036337,2,7,,0,1,2,1,A01
202000036338,2,7,,6,0,1,26,A01
202000036339,1,7,,0,0,1,1,A01
202000036340,1,7,,0,1,3,15,A01
202000036341,1,1,,0,1,3,26,A01
202000036342,1,1,,0,1,1,15,A01
202000036343,2,31,,0,2,1,12,B01
202000036343,2,7,,0,2,6,11,A01
202000036344,2,10,,0,2,8,1,A01
202000036344,1,7,,0,2,1,1,B01
202000036345,1,14,,0,1,2,1,A01
202000036346,2,7,,0,2,3,1,B01
202000036346,1,7,,0,2,1,15,A01
202000036347,1,7,,0,0,2,1,A01
202000036347,1,7,,0,0,5,1,B01
202000036348,2,7,,0,2,3,1,B01
202000036348,1,33,,0,2,1,13,A01
202000036349,2,2,,0,0,0,2,B01
202000036349,2,2,,0,0,0,0,A01
202000036350,2,7,,6,0,1,1,A01
202000036351,1,7,,6,0,1,1,A01
202000036352,1,7,,0,2,1,9,A01
202000036352,1,7,,0,2,3,1,B01
202000036353,1,7,,8,0,3,1,A01
202000036354,3,21,,0,0,9,0,A01
202000036355,1,2,,6,5,1,1,A01
202000036356,1,7,,0,2,3,15,A01
202000036356,2,7,,0,2,2,1,B01
202000036357,2,0,,0,1,2,0,A01
202000036358,2,7,,16,0,1,13,A01
202000036359,1,7,,0,9,8,19,A01
202000036359,2,80,,0,2,1,1,B01
202000036360,3,7,,6,0,1,1,A01
202000036361,1,7,,6,0,1,1,A01
202000036362,2,7,,0,0,4,24,A01
202000036362,2,1,,1,0,1,26,B01
202000036363,2,7,,0,2,2,1,B01
202000036363,1,7,,2,2,2,1,A01
202000036364,3,7,,0,2,3,1,A01
202000036364,3,1,,0,2,1,19,B01
202000036365,1,7,,16,0,9,1,A01
202000036366,0,36,,6,0,1,16,A01
202000036367,1,32,,5,0,2,1,A01
202000036368,2,7,,0,2,3,1,B01
202000036368,1,7,,0,2,1,5,A01
202000036369,0,2,,0,0,0,17,A01
202000036370,1,7,,0,2,3,15,A01
202000036370,1,33,,0,2,1,17,B01
202000036371,1,7,,0,1,1,1,A01
202000036372,2,33,,0,2,7,1,A01
202000036372,2,7,,0,2,1,9,B01
202000036373,1,7,,0,2,2,1,B01
202000036373,1,7,,0,2,6,1,A01
202000036374,1,7,,0,2,3,1,B01
202000036374,2,42,,0,2,1,1,A01
202000036375,3,10,,0,2,3,9,A01
202000036375,1,33,,0,2,2,2,B01
202000036376,3,7,,0,2,8,16,C01
202000036376,3,7,,0,2,4,2,B01
202000036376,3,13,,16,2,1,2,A01
202000036377,0,10,,1,0,3,17,A01
202000036377,3,2,,0,0,5,0,B01
202000036378,2,34,,0,2,7,17,A01
202000036378,2,7,,0,2,8,1,B01
202000036379,1,7,,0,2,3,1,B01
202000036379,1,33,,0,2,7,12,A01
202000036380,0,1,,0,1,1,1,A01
202000036381,3,10,,0,2,3,0,B01
202000036381,3,33,,0,2,0,16,A01
202000036382,2,7,,0,1,1,1,A01
202000036383,3,7,,0,1,2,26,A01
202000036384,1,32,,0,2,4,2,B01
202000036384,1,10,,0,2,1,2,A01
202000036385,3,10,,0,1,2,1,A01
202000036386,2,30,,0,2,1,17,B01
202000036386,1,7,,0,2,6,19,A01
202000036387,3,7,,0,2,6,1,B01
202000036387,3,30,,0,2,2,17,A01
202000036388,2,7,,0,2,1,2,B01
202000036388,1,7,,0,2,3,9,A01
202000036389,2,30,,9,0,1,13,A01
202000036390,2,33,,0,2,1,13,A01
202000036390,2,7,,0,2,5,1,B01
202000036391,3,7,,6,0,1,14,A01
202000036392,1,30,,8,0,1,1,A01
202000036393,1,7,,0,2,1,2,A01
202000036393,1,7,,0,2,0,2,B01
202000036394,2,50,,0,2,7,1,B01
202000036394,1,7,,0,2,1,9,A01
202000036395,2,7,,0,2,1,1,B01
202000036395,1,7,,0,2,1,6,A01
202000036396,3,10,,0,2,2,1,B01
202000036396,3,30,,0,2,3,15,A01
202000036397,2,30,,0,2,1,13,A01
202000036398,2,7,,0,1,1,1,A01
202000036399,1,7,,8,0,3,0,A01
202000036400,2,33,,3,0,8,1,A01
202000036401,3,14,,0,2,1,9,A01
202000036401,3,7,,0,2,4,23,B01
202000036402,2,7,,0,2,4,1,B01
202000036402,2,7,,0,2,1,1,A01
202000036402,2,7,,0,2,4,1,C01
202000036403,0,7,,0,2,2,16,A01
202000036403,1,1,,0,2,3,1,B01
202000036404,2,1,,0,2,1,5,B01
202000036404,1,7,,0,2,3,9,A01
202000036405,1,7,,0,0,0,0,Z01
202000036405,1,7,,0,2,2,1,A01
202000036406,1,2,,0,2,8,1,B01
202000036406,0,7,,0,0,0,0,Z01
202000036407,2,2,,0,0,8,21,A01
202000036408,1,7,,0,2,1,1,A01
202000036408,2,10,,0,2,1,1,B01
202000036409,0,7,,8,0,2,14,A01
202000036410,3,10,,0,2,2,2,B01
202000036410,3,33,,16,2,4,9,A01
202000036411,1,7,,0,2,2,15,A01
202000036411,2,2,,1,2,1,1,B01
202000036412,2,7,,0,2,4,2,B01
202000036412,2,7,,0,2,1,2,A01
202000036413,1,7,,0,2,1,1,A01
202000036413,1,7,,0,2,4,1,B01
202000036414,1,7,,0,2,1,2,A01
202000036414,1,1,,0,2,4,2,B01
202000036415,1,33,,0,2,1,1,B01
202000036415,1,13,,0,2,2,9,A01
202000036416,2,13,,0,2,2,16,A01
202000036416,3,7,,0,2,3,0,B01
202000036417,2,7,,0,2,1,1,B01
202000036417,1,7,,0,2,1,13,A01
202000036418,1,7,,0,2,1,13,C01
202000036418,2,7,,0,2,5,1,B01
202000036419,3,7,,6,1,5,4,A01
202000036420,1,31,,3,0,1,16,A01
202000036421,1,31,,0,2,8,1,B01
202000036421,1,10,,0,2,2,16,A01
202000036422,1,20,,0,2,2,9,A01
202000036422,2,30,,0,2,5,26,B01
202000036423,1,7,,0,2,1,1,C01
202000036423,2,7,,0,2,2,9,A01
202000036423,1,2,,0,2,7,1,B01
202000036424,1,7,,0,2,0,0,Z01
202000036424,1,31,,0,2,4,1,A01
202000036425,2,30,,0,2,2,15,A01
202000036425,1,32,,0,2,1,1,B01
202000036426,1,32,,0,1,2,17,A01
202000036427,1,1,,0,2,8,19,A01
202000036427,2,7,,0,9,0,0,Z01
202000036428,1,13,,0,2,4,23,B01
202000036428,1,1,,0,2,1,2,A01
202000036429,2,43,,0,1,1,1,A01
202000036430,1,1,,0,2,1,2,B01
202000036430,1,1,,0,2,1,2,C01
202000036430,1,1,,0,2,1,2,D01
202000036430,1,1,,14,2,1,14,A01
202000036431,2,30,,0,2,3,18,A01
202000036431,2,7,,0,2,5,16,B01
202000036432,1,30,,0,2,1,1,A01
202000036432,2,7,,0,2,7,15,B01
202000036433,1,7,,0,1,1,15,A01
202000036434,2,1,,0,2,1,17,B01
202000036434,2,7,,0,2,3,15,A01
202000036435,2,7,,0,1,3,1,A01
202000036436,3,7,,0,2,2,1,A01
202000036436,3,32,,0,2,1,1,B01
202000036437,1,7,,1,1,2,11,A01
202000036438,2,30,,0,2,1,2,A01
202000036438,2,7,,0,2,6,15,B01
202000036439,2,7,,0,1,1,17,A01
202000036440,2,1,,0,0,0,1,A01
202000036441,3,7,,0,1,2,26,A01
202000036442,-1,7,,0,1,2,1,A01
202000036443,3,7,,7,0,1,16,A01
202000036444,1,7,,0,2,1,1,B01
202000036444,1,7,,0,2,2,1,A01
202000036445,3,32,,0,0,0,26,A01
202000036446,1,34,,0,0,0,2,A01
202000036447,0,7,,0,2,3,9,A01
202000036447,0,31,,0,2,4,1,B01
202000036448,2,7,,0,2,6,1,B01
202000036448,2,34,,0,2,2,14,A01
202000036449,2,7,,1,0,1,13,A01
202000036450,1,7,,0,1,7,1,A01
202000036451,2,7,,0,2,3,1,A01
202000036451,2,10,,0,2,7,16,B01
202000036452,1,7,,0,9,3,15,A01
202000036452,2,1,,0,2,1,2,B01
202000036453,1,50,,0,9,8,11,A01
202000036453,1,60,,0,9,7,26,B01
202000036454,2,60,,0,2,8,26,Y01
202000036454,2,7,,0,2,2,21,A01
202000036455,2,7,,0,2,2,1,B01
202000036455,1,7,,0,2,3,19,A01
202000036456,2,7,,15,0,3,1,A01
202000036457,1,31,,0,1,1,1,A01
202000036458,2,33,,0,2,2,21,B01
202000036458,2,33,,0,2,6,1,A01
202000036459,3,10,,2,0,3,1,A01
202000036460,1,33,,0,2,1,17,A01
202000036461,1,7,,15,0,1,1,A01
202000036462,2,7,,0,2,2,11,A01
202000036462,1,33,,0,2,1,1,B01
202000036463,2,7,,0,2,3,11,A01
202000036463,1,14,,0,2,3,1,B01
202000036464,2,7,,0,2,3,5,A01
202000036464,1,7,,0,2,8,21,B01
202000036465,2,7,,0,2,3,15,B01
202000036465,1,33,,0,2,2,1,A01
202000036466,1,7,,13,0,3,14,A01
202000036467,2,10,,13,0,6,1,B01
202000036467,1,7,,13,2,3,13,A01
202000036468,0,7,,0,2,2,1,A01
202000036468,0,7,,0,2,7,11,B01
202000036469,0,1,,0,2,1,13,A01
202000036469,0,10,,0,2,3,1,B01
202000036470,1,33,,0,0,1,13,A01
202000036471,2,7,,0,1,2,1,A01
202000036472,2,10,,0,1,7,1,A01
202000036473,1,10,,0,2,3,13,A01
202000036473,2,43,,0,2,3,1,B01
202000036474,1,7,,17,0,4,14,A01
202000036475,3,33,,8,0,9,1,A01
202000036476,1,10,,15,2,7,1,B01
202000036476,2,10,,8,2,3,1,A01
202000036477,1,7,,0,1,2,13,A01
202000036478,2,7,,0,1,4,4,A01
202000036479,2,7,,0,1,1,1,A01
202000036480,2,7,,0,0,4,1,B01
202000036480,2,7,,0,2,1,2,A01
202000036481,2,2,,0,2,1,18,A01
202000036481,2,7,,0,0,5,16,B01
202000036482,2,7,,0,2,1,1,C01
202000036482,1,10,,0,2,8,1,B01
202000036482,1,7,,0,2,2,21,A01
202000036483,1,7,,0,2,2,2,A01
202000036483,1,1,,0,0,4,2,B01
202000036484,2,7,,0,2,1,13,A01
202000036484,1,7,,0,2,1,1,B01
202000036485,1,7,,0,2,1,2,B01
202000036485,2,7,,0,2,8,9,A01
202000036486,1,7,,2,0,1,14,A01
202000036487,2,7,,0,2,6,15,B01
202000036487,2,7,,0,2,2,1,A01
202000036488,2,10,,0,2,2,13,A01
202000036488,2,7,,6,2,6,16,B01
202000036489,2,7,,0,2,3,1,B01
202000036489,2,7,,0,9,1,1,C01
202000036489,1,7,,0,2,3,13,A01
202000036490,2,2,,4,0,1,14,A01
202000036491,1,7,,0,2,1,15,A01
202000036491,2,7,,0,2,1,1,B01
202000036492,3,7,,0,2,3,1,B01
202000036492,3,7,,0,2,1,19,A01
202000036493,2,7,,3,9,1,12,A01
202000036494,2,15,,0,0,6,2,B01
202000036494,2,7,,0,2,1,2,A01
202000036495,0,33,,0,2,7,15,A01
202000036495,0,7,,0,2,7,15,B01
202000036496,2,34,,0,0,8,1,B01
202000036496,1,7,,0,2,1,15,A01
202000036497,1,7,,0,2,3,1,B01
202000036497,2,7,,0,2,3,13,A01
202000036498,2,17,,4,0,7,1,A01
202000036499,1,7,,0,2,1,13,A01
202000036499,2,15,,0,2,1,1,B01
202000036500,0,7,,0,2,3,15,B01
202000036500,0,7,,0,2,1,1,A01
202000036501,2,7,,0,2,1,9,B01
202000036501,2,7,,0,2,7,9,A01
202000036502,2,7,,0,2,1,2,A01
202000036502,2,21,,0,0,4,1,B01
202000036503,2,7,,0,9,7,14,A01
202000036503,2,1,,0,2,8,1,B01
202000036504,1,50,,12,0,0,26,A01
202000036505,1,7,,0,1,0,0,B01
202000036506,0,31,,13,0,1,1,A01
202000036507,3,80,,0,0,8,21,A01
202000036508,0,10,,7,0,7,1,B01
202000036508,0,7,,1,0,1,16,A01
202000036509,1,43,,0,2,1,16,B01
202000036509,1,7,,8,2,7,1,A01
202000036510,3,33,,0,1,0,1,A01
202000036511,2,14,,0,2,1,1,B01
202000036511,1,17,,0,2,1,13,A01
202000036512,2,7,,0,2,3,15,Z01
202000036512,1,33,,0,2,8,1,A01
202000036513,2,10,,0,2,4,23,B01
202000036513,2,10,,0,2,1,1,A01
202000036514,1,7,,0,2,4,4,A01
202000036514,1,33,,0,2,1,0,B01
202000036515,2,7,,0,2,3,15,A01
202000036515,2,32,,0,2,1,17,B01
202000036516,1,7,,0,2,2,0,C01
202000036516,1,7,,0,2,6,0,B01
202000036516,1,7,,0,2,2,26,A01
202000036517,2,7,,0,2,5,1,A01
202000036517,2,33,,0,2,2,1,B01
202000036518,1,17,,0,2,2,14,A01
202000036518,1,7,,0,2,8,1,B01
202000036519,1,7,,0,2,3,22,A01
202000036519,1,43,,0,2,2,17,B01
202000036520,2,7,,0,2,1,1,B01
202000036520,2,7,,0,2,4,1,A01
202000036521,2,15,,0,2,2,12,A01
202000036521,2,7,,0,2,3,1,B01
202000036522,2,7,,3,2,3,2,B01
202000036522,2,7,,0,9,0,11,A01
202000036522,2,7,,0,2,1,12,C01
202000036523,1,32,,0,2,2,17,A01
202000036523,1,10,,0,2,8,13,B01
202000036524,2,10,,0,1,4,4,A01
202000036525,1,7,,0,2,3,9,A01
202000036525,1,7,,0,2,7,1,B01
202000036526,2,7,,3,0,9,2,A01
202000036527,1,10,,0,1,4,20,A01
202000036528,1,7,,0,2,2,0,B01
202000036528,1,7,,0,2,6,11,A01
202000036529,2,1,,0,2,8,1,B01
202000036529,1,30,,0,9,8,1,A01
202000036530,2,7,,0,2,1,1,C01
202000036530,2,7,,0,2,3,1,B01
202000036530,2,13,,0,2,2,1,A01
202000036531,2,15,,0,2,2,1,A01
202000036531,2,7,,0,2,4,0,B01
202000036532,3,7,,0,1,2,19,A01
202000036533,1,7,,0,2,1,2,A01
202000036533,1,7,,0,2,4,2,B01
202000036534,1,7,,0,2,6,23,B01
202000036534,2,33,,0,2,6,17,A01
202000036535,2,7,,0,2,4,2,A01
202000036535,2,33,,0,2,1,1,B01
202000036536,1,7,,0,1,1,1,A01
202000036537,2,33,,0,0,9,1,A01
202000036538,1,7,,0,2,5,1,A01
202000036538,1,33,,0,2,1,12,B01
202000036539,2,33,,0,2,1,3,A01
202000036539,2,10,,0,2,4,11,B01
202000036540,-1,7,,0,2,1,1,A01
202000036540,-1,7,,0,1,4,1,B01
202000036541,1,7,,0,2,3,11,Z01
202000036541,1,34,,0,2,2,1,B01
202000036542,1,7,,0,2,3,15,B01
202000036542,1,30,,0,2,7,17,A01
202000036543,1,7,,0,2,4,2,D01
202000036543,1,7,,0,2,4,2,B01
202000036543,1,7,,0,2,4,2,C01
202000036543,1,10,,0,2,1,2,A01
202000036544,3,14,,0,2,2,12,A01
202000036544,3,32,,0,2,3,2,B01
202000036545,1,17,,0,2,2,12,A01
202000036545,1,7,,0,2,3,1,B01
202000036546,2,7,,0,2,9,1,B01
202000036546,2,15,,0,2,2,12,A01
202000036546,2,7,,0,2,1,1,C01
202000036547,1,7,,0,1,1,15,A01