Num_Acc,senc,catv,occutc,obs,obsm,choc,manv,num_veh
202000036548,2,31,,0,2,8,3,B01
202000036548,2,7,,0,2,7,1,C01
202000036548,2,7,,0,2,7,12,A01
202000036549,1,33,,0,2,1,21,A01
202000036550,1,7,,0,2,4,1,D01
202000036550,1,7,,0,2,4,1,C01
202000036550,1,7,,0,2,5,12,B01
202000036550,1,33,,0,2,3,3,A01
202000036551,1,1,,0,1,2,25,A01
202000036552,1,32,,0,2,7,2,B01
202000036552,1,7,,0,0,5,2,A01
202000036553,1,7,,0,2,1,1,A01
202000036553,1,10,,0,2,6,1,B01
202000036554,3,7,,2,0,1,1,A01
202000036555,1,2,,0,2,1,21,B01
202000036555,1,99,,0,2,3,9,A01
202000036556,1,7,,8,0,3,1,A01
202000036557,3,31,,0,0,8,26,A01
202000036558,3,33,,0,0,7,14,A01
202000036559,1,7,,0,1,2,1,B01
202000036560,2,15,,0,0,6,1,B01
202000036560,2,7,,0,2,2,0,A01
202000036561,3,7,,0,2,2,2,B01
202000036561,1,30,,0,2,1,18,A01
202000036562,3,33,,0,0,9,1,A01
202000036563,2,7,,6,0,1,17,A01
202000036564,3,7,,0,2,1,1,A01
202000036564,0,33,,0,2,7,15,B01
202000036565,1,7,,13,2,1,12,A01
202000036565,1,7,,4,0,4,0,B01
202000036566,1,34,,6,2,5,13,A01
202000036566,2,7,,0,2,2,1,B01
202000036566,1,34,,0,2,3,13,C01
202000036567,1,0,,0,2,0,0,B01
202000036567,2,7,,0,2,3,15,A01
202000036568,1,33,,0,2,1,3,B01
202000036568,1,7,,0,2,3,16,A01
202000036569,1,7,,0,2,1,2,A01
202000036569,1,15,,0,0,6,2,B01
202000036570,2,1,,0,2,8,1,B01
202000036570,1,7,,0,2,1,15,A01
202000036571,2,7,,0,2,3,1,B01
202000036571,1,7,,0,2,1,13,A01
202000036572,3,10,,0,2,1,9,Z01
202000036572,3,10,,0,2,6,1,B01
202000036573,0,7,,0,2,1,2,E01
202000036573,0,7,,0,2,1,2,D01
202000036573,0,15,,0,2,3,1,A01
202000036573,0,7,,0,2,3,17,B01
202000036573,0,7,,0,0,4,1,C01
202000036574,1,7,,0,2,3,20,A01
202000036574,1,33,,0,2,0,1,B01
202000036575,2,7,,0,0,3,9,B01
202000036575,1,34,,0,0,2,15,A01
202000036576,2,7,,0,2,3,13,B01
202000036576,1,7,,8,2,3,1,A01
202000036577,1,7,,0,2,4,1,B01
202000036577,1,7,,0,2,1,1,A01
202000036578,2,7,,13,0,9,13,A01
202000036579,2,7,,0,1,2,15,A01
202000036580,2,7,,4,0,4,2,A01
202000036580,2,7,,0,2,1,0,B01
202000036581,2,7,,3,0,7,1,A01
202000036582,3,7,,0,2,7,0,B01
202000036582,3,7,,0,2,1,0,A01
202000036583,3,7,,0,1,2,1,A01
202000036583,3,7,,0,2,2,1,B01
202000036584,1,7,,16,0,0,14,A01
202000036585,1,10,,0,2,2,19,A01
202000036585,1,33,,0,2,7,26,B01
202000036586,1,14,,0,2,2,16,A01
202000036586,1,1,,0,2,0,0,B01
202000036587,2,7,,0,2,4,2,B01
202000036587,2,7,,0,2,1,2,A01
202000036588,1,10,,0,1,1,16,A01
202000036589,1,7,,9,0,9,1,A01
202000036590,2,7,,0,2,1,9,B01
202000036590,1,7,,0,2,1,1,A01
202000036591,1,7,,0,1,3,15,A01
202000036592,2,17,,0,2,3,1,B01
202000036592,1,7,,0,2,3,1,A01
202000036593,1,7,,11,2,1,1,A01
202000036593,1,7,,0,2,8,1,B01
202000036594,1,2,,0,2,1,16,B01
202000036594,1,7,,0,2,5,14,A01
202000036595,1,7,,0,2,1,1,B01
202000036595,1,7,,0,2,5,19,A01
202000036596,2,7,,0,9,2,26,A01
202000036596,3,1,,0,2,7,19,B01
202000036597,3,7,,2,1,1,1,A01
202000036598,1,7,,0,2,1,2,A01
202000036598,1,7,,0,2,4,1,B01
202000036599,2,30,,0,2,6,23,B01
202000036599,2,7,,0,2,2,2,A01
202000036600,1,31,,0,0,7,0,A01
202000036601,1,7,,0,2,6,1,A01
202000036601,1,33,,0,2,8,2,B01
202000036602,1,2,,0,0,0,21,A01
202000036603,0,1,,0,9,8,19,B01
202000036603,0,31,,0,9,1,19,A01
202000036604,2,7,,0,9,1,2,A01
202000036604,2,1,,0,2,4,2,B01
202000036605,1,7,,0,2,7,2,A01
202000036605,1,1,,0,0,8,2,B01
202000036606,1,31,,0,2,7,1,B01
202000036606,2,7,,0,2,1,19,A01
202000036607,2,7,,2,0,0,1,A01
202000036608,1,7,,14,0,1,1,A01
202000036609,1,7,,7,0,2,1,A01
202000036610,1,7,,13,0,8,1,A01
202000036611,1,43,,7,0,1,1,A01
202000036612,1,3,,2,0,1,1,A01
202000036613,1,7,,0,1,1,1,A01
202000036614,2,7,,0,2,3,1,B01
202000036614,1,7,,0,2,7,15,A01
202000036615,1,7,,4,0,1,1,A01
202000036616,1,7,,15,0,8,1,A01
202000036617,2,7,,13,0,1,13,A01
202000036618,1,7,,0,2,1,1,A01
202000036618,2,7,,0,2,1,1,B01
202000036619,1,7,,0,0,4,1,B01
202000036619,1,7,,0,2,1,1,A01
202000036620,2,7,,0,5,1,1,A01
202000036621,2,7,,0,0,9,1,A01
202000036622,3,7,,8,0,3,1,A01
202000036623,1,7,,1,0,1,1,A01
202000036624,1,7,,8,0,1,0,A01
202000036625,2,7,,0,2,2,21,A01
202000036625,2,17,,0,0,6,23,B01
202000036626,2,7,,0,1,2,1,A01
202000036627,0,7,,0,2,1,0,A01
202000036627,0,7,,0,2,1,0,B01
202000036628,1,7,,0,2,1,13,A01
202000036628,2,7,,0,2,1,1,B01
202000036628,2,33,,0,2,9,1,C01
202000036629,3,33,,0,2,2,17,A01
202000036629,3,7,,0,0,1,19,B01
202000036630,2,33,,0,2,2,17,A01
202000036630,2,7,,0,0,3,15,B01
202000036631,1,7,,8,0,1,1,A01
202000036632,2,7,,13,0,3,13,A01
202000036633,1,7,,0,2,1,1,D01
202000036633,1,7,,0,2,6,1,B01
202000036633,1,7,,0,2,1,1,C01
202000036633,2,7,,0,2,1,1,A01
202000036634,1,7,,0,1,1,1,A01
202000036635,1,2,,0,2,1,17,B01
202000036635,1,7,,0,0,5,20,A01
202000036636,3,7,,13,0,1,1,A01
202000036637,1,7,,0,2,1,1,D01
202000036637,1,7,,0,0,4,15,A01
202000036637,1,7,,0,2,4,2,B01
202000036637,1,7,,0,2,4,2,C01
202000036638,0,7,,13,0,1,1,A01
202000036639,2,7,,0,2,3,13,A01
202000036639,1,7,,0,2,3,1,B01
202000036640,2,7,,0,0,7,15,A01
202000036640,1,2,,0,0,1,1,B01
202000036641,2,1,,0,2,4,13,B01
202000036641,2,7,,0,9,1,2,A01
202000036642,2,7,,6,0,1,0,A01
202000036643,2,7,,0,2,1,1,A01
202000036643,2,7,,0,9,4,1,B01
202000036643,2,7,,3,2,1,0,C01
202000036644,2,7,,0,0,1,14,A01
202000036645,2,7,,0,2,6,21,A01
202000036645,2,7,,0,2,2,1,B01
202000036645,2,10,,0,2,1,1,C01
202000036645,2,10,,0,2,1,1,D01
202000036646,1,1,,0,2,1,5,B01
202000036646,1,7,,0,9,1,16,A01
202000036647,2,7,,13,0,2,0,A01
202000036648,1,2,,1,0,1,14,A01
202000036649,2,14,,0,2,3,1,B01
202000036649,1,3,,0,2,3,13,A01
202000036650,3,21,,0,2,3,1,B01
202000036650,3,38,2.0,0,2,3,1,A01
202000036651,2,7,,0,0,0,1,A01
202000036652,1,7,,0,0,0,20,B01
202000036652,1,2,,0,0,0,1,A01
202000036653,1,7,,0,0,0,1,A01
202000036654,1,7,,0,2,1,15,A01
202000036654,2,50,,0,2,1,26,B01
202000036655,1,7,,0,2,1,15,A01
202000036655,2,2,,0,2,1,0,B01
202000036655,2,2,,0,2,1,0,C01
202000036656,2,7,,0,0,2,24,B01
202000036656,1,10,,0,2,1,1,A01
202000036656,2,7,,1,0,8,1,C01
202000036657,3,31,,15,0,1,1,A01
202000036658,3,20,,2,0,2,1,A01
202000036659,2,10,,0,1,2,1,A01
202000036660,2,7,,0,1,2,1,A01
202000036661,3,7,,14,1,2,0,A01
202000036662,1,7,,0,9,3,9,A01
202000036662,2,1,,0,2,7,1,B01
202000036663,2,7,,0,2,3,1,A01
202000036663,1,7,,0,2,3,13,B01
202000036664,1,7,,0,2,8,9,A01
202000036664,2,34,,0,2,1,1,B01
202000036665,1,10,,0,2,5,26,D01
202000036665,1,7,,1,2,2,1,C01
202000036665,1,7,,0,2,9,11,A01
202000036665,1,7,,0,2,2,1,B01
202000036666,1,7,,0,1,1,1,A01
202000036667,3,7,,6,0,1,1,A01
202000036668,1,2,,0,0,0,1,A01
202000036669,3,10,,12,0,2,1,A01
202000036669,3,7,,0,0,3,15,B01
202000036670,1,7,,0,2,1,14,A01
202000036671,1,15,,16,0,0,1,A01
202000036672,1,7,,3,0,1,1,A01
202000036673,2,7,,0,2,2,15,A01
202000036673,1,2,,0,2,1,1,B01
202000036674,2,7,,0,2,8,19,A01
202000036674,1,7,,0,2,3,1,B01
202000036675,1,7,,0,1,0,1,A01
202000036676,1,7,,0,2,6,20,A01
202000036676,1,1,,0,2,2,1,C01
202000036676,1,1,,0,2,2,1,B01
202000036677,1,7,,13,0,1,1,A01
202000036678,0,39,,0,4,1,1,A01
202000036678,0,50,,0,4,8,23,B01
202000036679,2,7,,0,2,1,1,B01
202000036679,2,7,,0,2,8,1,A01
202000036679,2,7,,4,2,2,17,C01
202000036680,2,33,,0,2,1,2,A01
202000036680,2,14,,0,2,6,16,B01
202000036681,1,7,,0,1,3,1,A01
202000036682,1,7,,0,1,1,1,A01
202000036683,0,2,,0,0,2,0,B01
202000036683,0,10,,0,2,3,26,A01
202000036684,2,2,,0,2,1,0,A01
202000036684,1,7,,0,2,7,9,B01
202000036685,1,7,,0,2,2,17,A01
202000036685,1,7,,0,2,6,1,B01
202000036686,1,7,,0,2,7,1,A01
202000036687,2,7,,0,2,4,2,E01
202000036687,2,10,,0,2,4,2,D01
202000036687,2,7,,0,2,4,2,C01
202000036687,2,10,,0,2,1,1,A01
202000036687,2,7,,0,2,4,2,B01
202000036688,2,10,,0,2,1,2,B01
202000036688,2,7,,0,2,4,2,A01
202000036689,1,10,,0,2,4,1,B01
202000036689,1,10,,0,2,4,1,D01
202000036689,1,10,,0,2,4,1,E01
202000036689,1,10,,0,2,4,1,F01
202000036689,1,10,,0,2,4,1,C01
202000036689,1,15,,0,2,1,1,A01
202000036690,2,7,,0,2,7,12,A01
202000036690,2,33,,0,2,8,3,B01
202000036691,2,15,,0,2,7,9,B01
202000036691,2,7,,0,2,8,1,A01
202000036692,2,7,,0,2,2,13,A01
202000036692,2,7,,0,2,6,1,B01
202000036693,1,7,,0,2,4,2,B01
202000036693,1,10,,0,2,1,2,A01
202000036694,1,7,,0,2,7,1,B01
202000036694,1,10,,0,2,8,11,A01
202000036695,2,7,,3,0,9,1,A01
202000036696,1,34,,0,2,1,3,A01
202000036696,1,10,,0,2,4,1,B01
202000036697,1,7,,0,2,2,21,A01
202000036697,1,7,,0,2,6,23,B01
202000036698,1,10,,0,2,1,15,A01
202000036698,1,7,,0,2,4,15,B01
202000036699,2,30,,0,0,0,1,A01
202000036700,2,2,,0,2,0,0,B01
202000036700,1,7,,0,2,7,15,A01
202000036701,3,7,,0,2,5,2,D01
202000036701,3,7,,0,2,6,2,C01
202000036701,3,7,,0,2,5,2,B01
202000036701,3,7,,0,2,5,2,A01
202000036702,1,1,,0,2,1,26,B01
202000036702,1,99,,0,2,8,26,A01
202000036703,1,50,,0,0,0,16,A01
202000036704,1,7,,6,0,1,1,A01
202000036705,3,10,,0,1,1,1,A01
202000036706,3,7,,0,2,3,1,B01
202000036706,3,7,,0,2,3,1,A01
202000036707,2,32,,0,2,1,3,B01
202000036707,2,3,,0,2,3,13,A01
202000036708,2,7,,0,2,7,14,B01
202000036708,2,7,,1,0,1,1,E01
202000036708,2,7,,1,0,1,1,D01
202000036708,2,7,,1,0,1,1,C01
202000036708,2,7,,10,2,3,1,A01
202000036709,1,7,,0,2,3,15,A01
202000036709,2,2,,0,2,7,16,B01
202000036710,2,7,,0,2,6,2,A01
202000036710,2,7,,0,2,2,2,B01
202000036711,1,31,,0,0,0,15,A01
202000036712,2,7,,0,5,1,1,A01
202000036713,2,30,,0,1,1,1,A01
202000036714,2,1,,0,2,2,9,B01
202000036714,3,7,,0,2,3,9,A01
202000036715,2,43,,0,0,7,1,A01
202000036716,3,33,,0,2,1,17,A01
202000036716,3,7,,0,2,1,1,B01
202000036717,1,7,,0,2,6,15,A01
202000036717,2,33,,0,2,2,17,B01
202000036718,0,7,,0,1,7,1,A01
202000036719,2,37,4.0,0,0,0,1,A01
202000036720,0,7,,0,2,1,0,A01
202000036720,0,7,,0,2,8,0,B01
202000036721,3,7,,0,2,4,2,C01
202000036721,3,7,,0,2,4,2,B01
202000036721,3,7,,0,2,1,2,A01
202000036722,2,7,,0,1,2,1,A01
202000036723,1,14,,0,1,2,21,A01
202000036724,2,7,,0,1,1,1,A01
202000036725,1,7,,0,2,1,2,A01
202000036725,1,7,,0,2,4,2,B01
202000036726,1,1,,0,2,1,16,B01
202000036726,1,7,,0,2,7,1,A01
202000036727,1,7,,0,1,1,11,A01
202000036728,2,33,,0,2,1,1,B01
202000036728,1,7,,0,2,5,15,A01
202000036729,2,1,,0,2,1,1,A01
202000036729,1,7,,0,2,3,15,B01
202000036730,1,7,,0,2,1,15,A01
202000036730,2,31,,0,2,1,8,B01
202000036731,1,7,,0,2,3,1,B01
202000036731,2,7,,0,2,2,15,A01
202000036732,3,7,,0,1,1,15,Z01
202000036733,1,7,,0,1,0,0,A01
202000036734,3,7,,0,2,1,16,B01
202000036734,1,7,,0,2,1,13,A01
202000036735,1,10,,0,2,1,2,A01
202000036735,1,10,,0,2,4,2,B01
202000036736,3,1,,0,2,8,19,B01
202000036736,1,7,,0,2,1,1,A01
202000036737,2,7,,0,2,3,9,A01
202000036737,2,31,,0,2,1,1,B01
202000036738,2,10,,0,1,2,1,A01
202000036739,0,7,,0,0,0,0,B01
202000036739,1,7,,0,2,1,26,A01
202000036740,1,1,,0,9,4,1,B01
202000036740,1,7,,0,2,1,9,A01
202000036741,3,7,,0,1,2,1,A01
202000036742,1,7,,4,0,3,1,A01
202000036743,1,1,,0,2,0,0,B01
202000036743,1,7,,0,2,3,0,A01
202000036744,1,1,,0,2,8,0,B01
202000036744,1,7,,0,2,1,0,A01
202000036745,1,7,,0,2,2,0,B01
202000036745,1,7,,0,2,3,0,A01
202000036746,2,7,,0,1,1,1,A01
202000036747,1,7,,0,2,8,13,A01
202000036747,1,7,,0,2,7,1,B01
202000036748,3,7,,4,0,0,1,A01
202000036749,1,7,,0,1,2,1,A01
202000036750,3,7,,9,0,1,14,A01
202000036751,3,30,,6,0,1,19,A01
202000036752,1,2,,0,2,1,1,B01
202000036752,2,7,,0,2,3,15,A01
202000036753,1,7,,0,0,0,0,Z01
202000036753,1,7,,13,0,1,1,B01
202000036754,1,30,,0,2,1,1,B01
202000036754,2,7,,0,2,1,15,A01
202000036755,1,7,,0,2,5,23,Z01
202000036755,1,1,,0,2,1,2,A01
202000036756,2,10,,0,2,3,9,Z01
202000036756,2,33,,0,2,7,1,A01
202000036757,1,31,,0,2,1,2,A01
202000036757,1,7,,0,2,0,23,B01
202000036758,1,7,,0,2,4,23,B01
202000036758,1,1,,0,2,1,2,A01
202000036759,1,10,,0,2,7,19,B01
202000036759,1,32,,0,2,8,1,A01
202000036760,1,7,,0,2,5,12,Z01
202000036760,1,2,,0,2,3,1,A01
202000036761,2,30,,0,1,7,16,A01
202000036762,2,7,,0,2,8,15,A01
202000036762,2,1,,0,2,1,1,B01
202000036763,3,31,,0,1,1,1,A01
202000036764,1,7,,0,2,3,9,A01
202000036764,1,10,,0,2,3,1,B01
202000036765,1,7,,0,1,8,0,B01
202000036765,1,7,,0,1,3,26,A01
202000036766,2,7,,0,2,3,9,A01
202000036766,2,50,,0,2,7,14,B01
202000036767,2,7,,8,0,1,11,A01
202000036767,2,7,,0,2,1,26,B01
202000036767,2,7,,0,2,5,26,C01
202000036768,1,7,,0,2,4,0,B01
202000036768,1,7,,0,2,2,26,A01
202000036768,1,10,,0,2,5,0,C01
202000036769,1,32,,0,1,8,26,A01
202000036770,1,2,,0,2,1,1,B01
202000036770,1,7,,0,2,2,10,A01
202000036770,1,7,,0,2,6,24,C01
202000036771,1,13,,0,1,6,1,B01
202000036772,3,7,,0,1,1,14,A01
202000036773,1,10,,0,1,1,16,A01
202000036774,1,7,,0,2,2,19,A01
202000036774,1,34,,0,2,2,1,B01
202000036775,3,33,,0,0,0,1,A01
202000036776,3,1,,5,2,0,11,A01
202000036777,2,30,,0,2,0,1,A01
202000036778,2,10,,0,2,1,1,B01
202000036778,1,2,,0,2,0,21,A01
202000036779,1,7,,0,1,2,1,A01
202000036780,1,7,,0,2,2,1,A01
202000036780,2,7,,0,2,3,1,B01
202000036781,2,7,,0,2,4,20,B01
202000036781,2,7,,0,2,1,1,A01
202000036782,1,32,,0,2,4,26,B01
202000036782,1,32,,0,2,1,26,A01
202000036783,1,33,,0,2,7,1,B01
202000036783,1,7,,0,2,8,15,A01
202000036784,2,7,,16,0,1,0,A01
202000036785,3,7,,6,0,3,1,A01
202000036786,3,7,,2,0,1,14,A01
202000036787,2,30,,0,2,1,1,A01
202000036787,0,7,,0,2,6,9,B01
202000036788,1,7,,0,2,1,1,A01
202000036788,2,7,,0,2,1,1,B01
202000036789,2,7,,0,0,3,1,B01
202000036789,1,7,,0,0,3,13,A01
202000036790,0,7,,9,1,1,5,A01
202000036791,1,2,,11,0,1,1,A01
202000036792,2,7,,17,0,1,14,A01
202000036793,2,17,,13,0,9,0,A01
202000036794,2,7,,15,0,1,14,A01
202000036795,1,7,,2,0,1,13,A01
202000036796,2,7,,0,2,3,13,A01
202000036796,1,7,,2,2,3,1,B01
202000036797,2,33,,13,0,3,13,A01
202000036798,2,7,,0,2,3,17,A01
202000036798,1,7,,0,2,3,1,B01
202000036799,2,2,,0,0,0,14,A01
202000036800,3,2,,0,2,1,1,A01
202000036800,3,7,,0,2,3,15,B01
202000036801,1,7,,0,1,1,1,A01
202000036801,1,7,,0,1,1,1,B01
202000036802,2,7,,0,1,2,1,A01
202000036803,1,7,,0,2,1,17,A01
202000036803,2,7,,0,2,1,1,B01
202000036804,1,7,,2,0,8,0,A01
202000036805,1,7,,0,2,3,1,B01
202000036805,2,7,,0,2,3,13,A01
202000036806,1,33,,3,0,0,1,A01
202000036807,1,7,,0,0,3,6,A01
202000036808,1,33,,0,0,0,0,A01
202000036809,3,7,,5,0,0,0,A01
202000036810,1,34,,0,0,3,1,A01
202000036811,2,7,,0,1,1,1,A01
202000036812,1,2,,0,2,1,13,A01
202000036812,2,7,,0,2,1,1,B01
202000036813,2,1,,0,2,8,1,B01
202000036813,1,7,,0,9,1,15,A01
202000036814,2,7,,0,1,2,1,A01
202000036815,0,34,,0,0,0,1,A01
202000036816,1,7,,0,0,8,23,C01
202000036816,1,7,,0,1,0,23,B01
202000036816,1,7,,0,2,2,1,A01
202000036817,1,33,,0,0,8,15,A01
202000036818,2,2,,0,2,0,17,B01
202000036818,2,7,,0,2,6,15,A01
202000036819,1,7,,13,0,0,0,A01
202000036820,1,2,,0,0,8,0,A01
202000036820,1,7,,0,2,1,15,B01
202000036821,1,7,,2,0,1,1,A01
202000036822,0,7,,0,2,3,1,B01
202000036822,0,7,,0,2,1,1,A01
202000036823,3,7,,6,0,1,0,A01
202000036824,3,7,,0,0,3,1,A01
202000036825,3,2,,0,2,1,1,B01
202000036825,3,7,,0,2,3,9,A01
202000036826,2,7,,0,2,1,2,A01
202000036826,2,1,,0,0,4,2,B01
202000036827,2,7,,2,0,1,2,A01
202000036828,1,7,,0,2,8,1,A01
202000036828,1,17,,0,2,2,12,B01
202000036829,1,33,,0,2,1,1,A01
202000036829,1,7,,0,0,0,18,T01
202000036830,1,38,1.0,0,2,4,1,B01
202000036830,1,7,,0,2,1,2,A01
202000036831,2,7,,0,2,1,13,A01
202000036831,2,33,,0,2,7,0,B01
202000036832,1,7,,0,2,1,2,A01
202000036832,1,7,,0,2,4,1,B01
202000036833,1,7,,10,0,0,0,A01
202000036834,2,7,,0,2,1,2,A01
202000036834,2,7,,0,2,4,2,B01
202000036834,2,7,,0,2,4,23,C01
202000036835,1,7,,0,2,4,2,C01
202000036835,1,7,,0,2,4,2,B01
202000036835,1,7,,0,2,1,1,A01
202000036836,2,33,,0,2,2,21,A01
202000036836,2,7,,0,2,6,1,B01
202000036837,2,7,,0,2,4,23,C01
202000036837,2,7,,1,0,1,2,A01
202000036837,2,7,,0,2,4,23,B01
202000036837,2,7,,0,2,4,23,D01
202000036838,2,7,,4,0,1,13,A01
202000036839,2,31,,3,0,1,13,A01
202000036840,2,32,,0,0,9,1,A01
202000036841,2,7,,4,0,1,1,A01
202000036842,1,7,,4,0,3,13,A01
202000036843,2,1,,0,2,1,1,A01
202000036843,1,7,,0,2,2,1,B01
202000036844,3,7,,13,0,2,15,A01
202000036845,3,1,,15,0,1,1,B01
202000036845,3,10,,0,2,3,26,A01
202000036846,1,1,,0,2,8,1,B01
202000036846,1,7,,0,2,1,16,A01
202000036847,1,2,,0,2,1,1,B01
202000036847,1,7,,0,2,3,26,A01
202000036848,1,34,,0,0,8,16,A01
202000036849,1,32,,0,2,1,17,A01
202000036849,3,7,,0,2,5,26,C01
202000036849,1,7,,0,2,8,20,B01
202000036850,2,7,,0,2,3,0,B01
202000036850,1,7,,0,2,3,1,A01
202000036851,3,33,,0,2,1,1,A01
202000036851,3,7,,0,2,8,15,B01
202000036852,2,7,,0,1,2,1,A01
202000036853,0,7,,0,2,3,14,A01
202000036853,0,7,,0,2,4,1,B01
202000036854,2,7,,0,2,8,1,B01
202000036854,2,7,,0,2,1,5,A01
202000036854,2,7,,0,2,1,1,C01
202000036855,1,7,,0,2,1,23,C01
202000036855,2,7,,0,2,2,1,A01
202000036855,2,7,,0,2,3,1,B01
202000036856,3,7,,0,1,1,26,A01
202000036857,1,7,,13,0,1,1,A01
202000036858,0,37,1.0,0,1,2,1,A01
202000036859,1,7,,0,1,3,19,A01
202000036860,2,10,,2,0,1,14,A01
202000036861,0,1,,0,2,1,1,B01
202000036861,0,7,,0,2,3,26,A01
202000036862,2,33,,0,0,9,0,A01
202000036863,2,7,,0,2,4,1,B01
202000036863,2,33,,0,2,1,1,A01
202000036864,1,33,,8,0,1,1,A01
202000036865,1,33,,0,2,1,17,A01
202000036865,1,7,,0,2,8,1,C01
202000036865,2,17,,0,2,3,1,B01
202000036865,2,7,,0,9,1,1,D01
202000036866,2,33,,2,0,1,1,A01
202000036867,2,7,,8,0,1,1,A01
202000036868,1,7,,0,2,1,2,A01
202000036868,1,7,,0,2,4,2,B01
202000036869,1,33,,0,5,1,1,A01
202000036870,3,7,,0,2,1,1,B01
202000036870,3,7,,0,2,1,0,A01
202000036871,2,14,,0,2,5,15,B01
202000036871,2,7,,0,2,3,2,A01
202000036872,3,7,,0,2,1,19,A01
202000036872,3,31,,0,2,7,1,B01
202000036873,3,2,,0,2,1,26,A01
202000036873,3,7,,0,0,0,0,B01
202000036874,1,36,,2,0,1,13,A01
202000036875,2,3,,9,0,1,13,A01
202000036876,2,32,,11,0,1,17,A01
202000036877,1,20,,0,2,5,1,C01
202000036877,1,20,,0,2,4,0,B01
202000036877,1,20,,0,2,4,1,D01
202000036877,1,20,,0,2,4,26,A01
202000036877,1,7,,0,2,1,2,E01
202000036878,2,7,,0,2,2,15,A01
202000036878,1,7,,0,2,1,1,B01
202000036879,1,7,,0,2,2,1,B01
202000036879,1,7,,0,2,1,9,A01
202000036880,3,3,,0,0,0,1,A01
202000036881,3,2,,1,2,1,1,A01
202000036881,3,99,,0,2,1,1,B01
202000036882,1,2,,0,2,1,1,B01
202000036882,2,7,,0,2,3,15,A01
202000036883,2,7,,0,2,3,1,B01
202000036883,1,33,,0,2,1,1,A01
202000036884,2,1,,0,2,1,1,B01
202000036884,1,7,,0,2,3,9,A01
202000036885,2,7,,0,9,2,9,B01
202000036885,1,31,,0,2,1,1,A01
202000036886,2,7,,0,2,3,15,A01
202000036886,2,2,,0,2,1,0,B01
202000036887,2,7,,0,2,1,2,A01
202000036887,2,1,,0,0,4,2,B01
202000036888,2,7,,0,2,1,1,B01
202000036888,1,7,,0,2,2,15,A01
202000036889,1,7,,0,2,1,2,A01
202000036889,1,7,,0,2,1,2,B01
202000036889,1,10,,0,2,4,23,C01
202000036890,1,7,,0,2,2,1,A01
202000036890,1,7,,0,2,3,15,B01
202000036891,3,32,,7,0,1,1,A01
202000036892,1,7,,0,2,1,15,A01
202000036892,1,7,,0,2,2,1,B01
202000036893,3,30,,0,0,0,21,A01
202000036893,1,7,,0,2,4,9,Z01
202000036894,1,7,,0,2,1,1,A01
202000036894,1,7,,0,2,4,1,B01
202000036895,1,7,,0,2,4,1,B01
202000036895,1,31,,0,2,1,1,A01
202000036896,1,7,,0,1,1,1,A01
202000036897,1,7,,3,0,1,14,A01
202000036898,3,7,,0,1,8,9,Z01
202000036899,2,7,,0,2,1,2,A01
202000036899,2,7,,0,2,4,23,B01
202000036900,2,20,,0,2,1,2,A01
202000036900,2,7,,0,2,4,1,D01
202000036900,2,7,,0,2,6,1,E01
202000036900,2,7,,0,2,4,1,B01
202000036900,2,7,,0,2,8,1,C01
202000036901,3,7,,0,1,1,16,A01
202000036902,2,60,,14,0,8,2,A01
202000036903,1,7,,0,2,1,1,A01
202000036903,1,7,,0,1,4,1,B01
202000036904,0,7,,0,1,3,16,A01
202000036905,2,7,,0,1,3,7,A01
202000036906,1,7,,4,0,1,19,A01
202000036907,1,1,,0,2,4,1,B01
202000036907,1,10,,0,2,2,15,A01
202000036908,1,7,,0,1,1,9,A01
202000036909,3,7,,0,1,1,1,A01
202000036910,1,7,,0,2,1,1,B01
202000036910,1,7,,0,2,1,15,A01
202000036911,1,7,,0,2,1,1,B01
202000036911,1,7,,0,2,8,9,A01
202000036912,2,1,,0,2,7,1,B01
202000036912,2,7,,0,2,3,0,A01
202000036913,2,7,,0,1,6,19,A01
202000036914,2,7,,0,2,7,17,A01
202000036914,2,1,,0,2,8,1,B01
202000036915,1,7,,0,2,3,26,A01
202000036915,2,10,,0,2,6,1,B01
202000036916,2,7,,0,1,2,1,A01
202000036917,1,7,,0,2,6,2,B01
202000036917,1,7,,0,2,2,21,A01
202000036918,0,10,,0,0,4,15,B01
202000036918,0,33,,0,2,1,1,A01
202000036919,2,7,,0,2,8,20,Z01
202000036919,2,7,,1,0,2,1,B01
202000036920,1,7,,0,2,1,1,B01
202000036920,2,30,,0,2,8,19,A01
202000036921,1,7,,1,0,1,1,A01
202000036921,1,13,,0,2,5,24,B01
202000036922,2,7,,0,9,1,2,A01
202000036922,3,60,,0,2,8,19,B01
202000036923,2,7,,9,0,1,14,A01
202000036924,2,7,,0,1,3,15,A01
202000036925,2,7,,0,1,3,9,A01
202000036926,1,7,,0,1,3,1,A01
202000036927,1,7,,0,2,3,19,A01
202000036927,1,1,,0,2,7,19,B01
202000036928,1,7,,0,1,2,1,A01
202000036929,1,33,,0,0,9,3,A01
202000036930,2,33,,0,0,9,1,A01
202000036931,1,7,,0,2,1,1,B01
202000036931,1,7,,0,2,4,2,A01
202000036932,1,14,,0,2,5,2,B01
202000036932,1,33,,0,2,1,2,A01
202000036933,2,7,,3,0,1,14,A01
202000036934,1,99,,0,1,0,26,A01
202000036935,2,10,,0,2,1,1,B01