Num_Acc,senc,catv,occutc,obs,obsm,choc,manv,num_veh
202000036935,1,31,,0,2,1,1,A01
202000036936,1,7,,0,2,4,23,B01
202000036936,3,30,,0,2,1,1,A01
202000036937,2,30,,0,1,1,1,A01
202000036938,3,1,,0,2,0,0,B01
202000036938,2,7,,0,2,7,15,A01
202000036939,1,7,,0,2,4,1,B01
202000036939,1,7,,0,2,0,1,C01
202000036939,1,7,,0,2,1,1,A01
202000036940,1,43,,0,2,0,1,B01
202000036940,2,32,,0,0,0,15,A01
202000036941,1,7,,8,0,1,0,A01
202000036942,2,1,,0,2,8,1,B01
202000036942,2,7,,0,2,1,15,A01
202000036943,2,1,,0,2,1,1,A01
202000036944,2,7,,0,1,1,1,A01
202000036945,3,7,,0,1,3,15,A01
202000036946,1,7,,4,0,1,14,A01
202000036947,2,1,,0,2,6,1,B01
202000036947,2,7,,0,9,2,17,A01
202000036948,3,7,,12,2,1,1,A01
202000036948,3,7,,0,2,3,15,B01
202000036949,2,7,,0,2,2,1,B01
202000036949,3,2,,0,2,1,1,A01
202000036950,1,10,,0,2,1,1,A01
202000036950,3,10,,0,2,8,10,B01
202000036951,1,7,,0,1,3,15,A01
202000036952,1,1,,0,1,4,1,A01
202000036953,1,17,,0,2,7,14,Z01
202000036953,1,7,,3,2,8,1,B01
202000036954,1,7,,0,1,3,16,A01
202000036955,2,7,,0,2,1,1,B01
202000036955,1,7,,0,2,8,10,A01
202000036956,1,30,,0,2,7,1,A01
202000036956,1,7,,0,2,1,9,Z01
202000036957,2,7,,0,2,2,1,B01
202000036957,1,7,,0,2,3,19,A01
202000036958,0,7,,0,2,2,1,B01
202000036958,0,7,,0,2,3,1,A01
202000036959,1,10,,0,2,5,16,A01
202000036959,1,50,,0,2,0,1,B01
202000036960,0,7,,0,2,3,10,A01
202000036960,0,33,,0,2,1,1,B01
202000036961,2,7,,0,2,2,1,A01
202000036961,1,7,,0,2,0,15,Z01
202000036962,2,7,,0,2,7,15,A01
202000036962,1,33,,0,2,1,1,B01
202000036963,1,43,,0,1,1,1,A01
202000036964,1,1,,0,0,0,0,A01
202000036965,2,7,,0,2,3,23,C01
202000036965,1,7,,0,2,3,9,A01
202000036965,1,1,,0,2,7,1,B01
202000036966,3,31,,0,2,7,1,B01
202000036966,1,7,,0,2,1,9,A01
202000036967,2,1,,0,2,7,1,A01
202000036967,1,7,,0,2,1,15,B01
202000036968,1,7,,1,0,1,6,A01
202000036969,1,50,,0,2,4,9,Z01
202000036969,1,50,,0,2,1,1,A01
202000036970,2,7,,0,1,1,15,A01
202000036971,1,7,,0,2,6,2,B01
202000036971,1,7,,4,2,2,2,A01
202000036972,1,1,,0,1,1,7,A01
202000036973,3,7,,0,2,1,15,A01
202000036973,3,7,,0,2,3,1,B01
202000036974,2,7,,0,1,8,1,Z01
202000036975,2,50,,0,1,1,5,Z01
202000036976,1,7,,0,2,2,2,A01
202000036976,1,14,,0,2,6,23,B01
202000036977,1,33,,0,2,1,1,A01
202000036977,1,7,,0,2,4,0,B01
202000036978,2,32,,0,0,0,1,A01
202000036979,1,30,,0,0,6,21,A01
202000036980,2,32,,0,1,1,17,A01
202000036981,1,1,,0,1,1,1,A01
202000036982,1,7,,0,2,3,24,A01
202000036982,1,37,3.0,1,2,5,1,B01
202000036983,2,7,,0,2,4,1,B01
202000036983,2,7,,0,2,1,1,A01
202000036984,1,10,,0,1,8,22,A01
202000036985,1,7,,0,2,1,2,Z01
202000036985,1,7,,0,2,4,2,A01
202000036986,2,7,,0,1,1,4,Z01
202000036987,2,2,,0,1,1,1,A01
202000036988,3,7,,0,2,8,15,B01
202000036988,3,30,,0,2,1,17,A01
202000036989,1,7,,0,1,1,1,A01
202000036990,1,7,,0,2,1,2,B01
202000036990,1,7,,0,2,4,2,C01
202000036990,3,7,,0,2,0,9,A01
202000036991,1,7,,0,1,2,1,A01
202000036992,2,32,,0,1,1,18,A01
202000036993,2,7,,0,2,1,1,A01
202000036993,1,7,,0,2,2,1,B01
202000036994,1,7,,11,9,1,1,A01
202000036995,1,10,,0,2,4,23,B01
202000036995,1,2,,0,2,1,2,A01
202000036996,2,7,,0,2,2,15,A01
202000036996,1,2,,0,2,2,17,B01
202000036997,1,10,,0,1,1,16,A01
202000036998,3,32,,0,2,1,15,A01
202000036998,3,34,,0,2,1,1,B01
202000036999,1,7,,0,2,3,15,B01
202000036999,1,7,,0,2,2,1,A01
202000037000,2,7,,0,1,1,13,A01
202000037001,1,7,,12,0,7,1,A01
202000037002,2,10,,0,1,1,1,A01
202000037003,2,30,,6,1,3,13,A01
202000037004,2,7,,0,1,2,26,A01
202000037005,3,7,,0,0,0,0,C01
202000037005,1,7,,0,2,1,2,A01
202000037005,3,7,,0,0,0,0,B01
202000037006,2,7,,0,2,5,15,A01
202000037006,1,33,,0,2,1,1,B01
202000037007,2,33,,0,0,7,16,A01
202000037008,3,33,,0,2,5,2,A01
202000037008,1,30,,0,0,3,1,B01
202000037009,1,7,,0,2,4,1,B01
202000037009,1,7,,0,2,1,2,A01
202000037010,1,3,,8,0,1,26,A01
202000037011,3,1,,0,2,8,19,B01
202000037011,3,10,,0,2,2,26,A01
202000037012,1,1,,14,0,0,0,A01
202000037013,1,1,,0,2,9,0,B01
202000037013,1,7,,0,2,0,0,A01
202000037014,1,32,,0,2,1,17,A01
202000037014,0,7,,0,0,6,23,B01
202000037015,1,1,,0,2,6,19,B01
202000037015,2,7,,0,2,1,26,A01
202000037016,2,7,,0,2,8,15,B01
202000037016,2,32,,0,2,7,17,A01
202000037017,1,80,,0,2,3,5,A01
202000037017,3,7,,0,2,2,9,B01
202000037018,3,7,,0,2,5,2,B01
202000037018,3,2,,0,2,3,2,A01
202000037019,1,7,,0,2,1,2,A01
202000037019,1,33,,0,2,4,2,B01
202000037020,0,1,,0,0,0,0,B01
202000037020,0,7,,0,2,3,26,A01
202000037021,2,7,,13,0,1,1,A01
202000037022,1,50,,0,1,1,1,A01
202000037023,2,1,,0,2,0,25,B01
202000037023,2,7,,0,9,7,1,A01
202000037024,0,7,,0,1,1,1,Z01
202000037025,1,10,,0,2,2,15,A01
202000037025,2,7,,0,2,1,1,B01
202000037026,1,7,,0,2,1,15,A01
202000037026,2,33,,0,2,0,0,B01
202000037027,0,7,,9,1,1,14,A01
202000037028,1,30,,0,2,1,2,A01
202000037028,1,7,,0,0,6,2,B01
202000037029,1,7,,0,2,4,1,B01
202000037029,1,7,,0,2,1,2,A01
202000037030,3,7,,0,1,4,4,A01
202000037031,0,7,,0,1,4,4,A01
202000037032,3,1,,0,1,1,21,A01
202000037033,2,7,,0,2,8,15,B01
202000037033,1,7,,0,2,3,1,A01
202000037034,2,31,,0,2,1,1,B01
202000037034,1,7,,0,2,1,20,A01
202000037035,2,2,,0,1,1,1,Z01
202000037036,0,30,,0,1,1,1,A01
202000037037,1,7,,1,0,1,1,A01
202000037038,0,7,,0,2,3,15,A01
202000037038,0,31,,0,2,1,17,B01
202000037039,3,7,,0,1,2,9,A01
202000037040,2,1,,0,2,0,15,B01
202000037040,2,7,,0,2,0,15,A01
202000037041,2,10,,0,0,8,1,A01
202000037042,1,7,,6,0,1,14,A01
202000037043,0,7,,0,2,2,1,A01
202000037043,0,31,,0,2,4,23,B01
202000037044,2,43,,0,2,8,2,A01
202000037044,2,7,,0,2,4,2,B01
202000037045,2,7,,0,1,1,1,A01
202000037046,1,40,,0,2,3,1,A01
202000037046,1,1,,0,4,6,1,B01
202000037047,2,10,,0,2,3,5,B01
202000037047,2,30,,0,2,2,9,A01
202000037048,1,30,,0,1,8,1,A01
202000037049,1,7,,0,2,3,10,A01
202000037049,1,30,,0,2,2,17,B01
202000037050,2,32,,0,2,1,2,A01
202000037050,2,7,,0,2,5,23,B01
202000037051,2,33,,0,2,1,1,B01
202000037051,1,3,,0,2,7,15,A01
202000037052,1,7,,0,2,2,1,B01
202000037052,1,30,,15,2,1,18,A01
202000037053,1,30,,0,2,1,18,A01
202000037053,1,7,,0,2,2,16,B01
202000037054,2,1,,0,2,1,1,A01
202000037054,2,7,,0,2,4,23,B01
202000037055,2,10,,0,2,3,15,A01
202000037055,2,1,,0,2,1,1,B01
202000037056,2,1,,0,2,8,1,B01
202000037056,2,7,,0,2,0,1,A01
202000037057,1,50,,0,1,1,1,A01
202000037058,1,1,,0,2,1,1,A01
202000037058,1,1,,0,2,4,1,B01
202000037059,1,30,,0,2,6,23,B01
202000037059,1,10,,0,2,3,2,A01
202000037060,2,1,,0,1,1,1,A01
202000037061,1,1,,15,0,1,13,A01
202000037062,3,50,,8,0,1,1,A01
202000037063,2,7,,0,2,3,15,B01
202000037063,1,34,,0,2,1,1,A01
202000037064,1,7,,0,2,3,15,A01
202000037064,1,1,,0,2,1,1,B01
202000037065,1,10,,0,2,2,1,A01
202000037065,2,10,,0,2,7,1,B01
202000037066,2,10,,0,1,2,1,A01
202000037067,2,7,,0,2,3,15,A01
202000037067,2,32,,0,0,2,17,B01
202000037068,2,7,,0,1,3,15,A01
202000037069,1,2,,0,2,0,0,B01
202000037069,1,10,,0,2,2,10,A01
202000037070,-1,80,,0,2,1,9,A01
202000037070,3,7,,0,9,1,1,B01
202000037071,2,7,,0,1,2,1,A01
202000037072,1,7,,0,2,4,23,D01
202000037072,1,7,,14,0,4,1,C01
202000037072,1,7,,14,0,4,23,B01
202000037072,1,10,,14,0,1,1,A01
202000037073,3,1,,0,0,0,0,B01
202000037073,3,7,,0,0,0,15,A01
202000037074,3,30,,0,2,7,1,A01
202000037075,1,30,,0,2,7,17,A01
202000037075,1,7,,0,2,8,11,B01
202000037076,3,33,,0,2,1,1,B01
202000037076,3,7,,0,2,6,15,A01
202000037077,1,7,,0,2,1,15,A01
202000037077,2,1,,0,2,1,2,B01
202000037078,1,30,,0,1,1,3,A01
202000037079,1,30,,0,2,3,18,A01
202000037079,1,7,,0,2,2,16,B01
202000037080,1,7,,0,2,4,1,A01
202000037080,1,7,,0,2,1,2,B01
202000037081,2,33,,0,2,2,1,A01
202000037081,3,10,,0,2,8,15,B01
202000037082,2,15,,0,2,6,13,A01
202000037082,1,7,,7,2,1,0,B01
202000037083,1,7,,0,2,3,0,A01
202000037083,2,7,,0,2,3,21,B01
202000037084,1,33,,0,2,1,1,B01
202000037084,1,7,,0,2,3,20,A01
202000037085,2,32,,13,0,1,0,A01
202000037086,3,7,,0,0,6,19,A01
202000037086,2,33,,0,2,1,1,B01
202000037087,1,10,,0,0,0,1,A01
202000037087,1,30,,0,0,0,17,B01
202000037088,1,7,,0,2,1,1,B01
202000037088,1,7,,0,0,4,1,A01
202000037089,1,33,,0,0,8,1,A01
202000037090,2,33,,0,0,0,26,A01
202000037091,1,21,,0,2,8,13,A01
202000037091,2,7,,0,2,8,1,B01
202000037092,1,33,,0,2,1,1,B01
202000037092,1,7,,0,2,6,15,A01
202000037093,2,21,,0,0,5,15,A01
202000037093,1,33,,0,2,1,1,B01
202000037094,1,7,,0,2,2,15,A01
202000037094,2,33,,0,2,1,1,B01
202000037095,1,7,,0,2,3,13,A01
202000037095,2,7,,0,2,1,1,B01
202000037096,3,7,,13,0,1,15,A01
202000037097,2,7,,0,2,1,1,C01
202000037097,2,7,,0,0,4,1,A01
202000037097,2,7,,0,2,4,1,B01
202000037098,1,33,,13,0,0,1,A01
202000037099,2,7,,0,0,1,13,A01
202000037100,2,7,,3,2,8,16,A01
202000037100,2,15,,0,2,1,1,B01
202000037101,0,2,,0,0,0,15,A01
202000037102,2,33,,0,2,1,1,A01
202000037102,1,7,,0,2,3,1,B01
202000037103,2,7,,3,2,1,13,A01
202000037103,1,7,,0,2,1,1,B01
202000037104,1,7,,0,2,1,15,A01
202000037104,1,30,,0,2,1,16,B01
202000037105,3,7,,7,2,1,1,B01
202000037105,3,7,,7,0,7,19,A01
202000037106,2,2,,12,0,7,21,B01
202000037106,1,7,,0,0,0,13,A01
202000037107,2,7,,0,2,2,15,B01
202000037107,1,31,,0,2,1,1,A01
202000037108,0,1,,0,2,8,1,B01
202000037108,0,7,,0,2,2,19,A01
202000037109,2,7,,0,2,3,1,B01
202000037109,1,99,,3,2,9,2,A01
202000037110,1,33,,3,0,1,13,A01
202000037111,2,2,,0,2,1,5,A01
202000037111,1,7,,0,2,1,1,B01
202000037112,3,36,,2,0,7,1,A01
202000037113,3,13,,9,1,2,26,A01
202000037114,2,2,,13,0,2,0,A01
202000037115,2,7,,0,0,6,1,A01
202000037115,2,15,,0,2,2,1,B01
202000037116,1,15,,13,0,1,1,A01
202000037117,1,7,,13,0,7,1,A01
202000037118,1,7,,13,0,1,1,A01
202000037119,1,33,,0,2,1,1,C01
202000037119,1,33,,0,2,3,1,A01
202000037119,2,21,,0,2,8,1,B01
202000037120,2,7,,6,0,2,13,A01
202000037121,1,7,,2,0,1,1,A01
202000037122,2,7,,0,1,1,1,A01
202000037123,1,7,,0,9,2,2,A01
202000037123,1,1,,0,0,4,2,B01
202000037124,3,7,,0,1,1,9,A01
202000037125,1,7,,0,1,2,1,A01
202000037126,1,1,,0,0,1,1,B01
202000037126,2,7,,0,0,7,15,A01
202000037127,2,15,,13,0,2,14,A01
202000037128,1,7,,0,2,4,23,A01
202000037128,1,7,,0,2,1,1,B01
202000037129,1,7,,4,0,3,0,A01
202000037130,2,7,,0,2,7,1,B01
202000037130,2,33,,0,2,8,13,A01
202000037131,1,32,,0,2,1,15,A01
202000037131,2,31,,0,2,1,1,B01
202000037132,2,7,,0,0,5,2,B01
202000037132,2,30,,0,2,1,2,A01
202000037133,3,7,,0,2,5,1,A01
202000037133,3,10,,0,2,1,1,B01
202000037134,1,7,,0,2,2,19,B01
202000037134,1,7,,0,2,1,1,A01
202000037135,2,2,,0,2,3,3,B01
202000037135,2,34,,0,2,2,8,A01
202000037136,2,7,,0,2,5,15,B01
202000037136,2,7,,0,2,3,1,A01
202000037137,0,7,,0,2,2,2,B01
202000037137,0,7,,0,2,1,9,A01
202000037138,1,1,,0,2,4,15,A01
202000037138,1,7,,0,0,0,0,B01
202000037139,2,7,,0,2,3,1,B01
202000037139,1,7,,0,2,1,9,A01
202000037139,2,7,,0,2,1,1,C01
202000037140,1,10,,0,1,2,16,A01
202000037141,1,17,,0,2,2,2,B01
202000037141,1,7,,3,0,6,20,A01
202000037142,0,30,,0,1,1,14,A01
202000037143,2,32,,0,2,1,1,A01
202000037143,2,7,,0,2,4,15,B01
202000037144,1,7,,2,0,3,1,A01
202000037145,2,7,,0,2,3,1,B01
202000037145,1,7,,0,2,2,15,A01
202000037146,2,33,,0,2,1,2,A01
202000037146,2,7,,0,0,5,1,B01
202000037147,0,34,,0,2,1,17,B01
202000037147,0,13,,0,0,3,15,A01
202000037148,1,33,,0,0,0,1,A01
202000037149,0,33,,0,2,1,9,A01
202000037149,0,7,,0,2,3,9,B01
202000037150,2,2,,0,2,1,1,B01
202000037150,2,7,,0,2,3,2,A01
202000037151,0,33,,13,0,0,1,A01
202000037152,2,7,,4,0,1,1,A01
202000037153,1,7,,0,2,8,15,A01
202000037153,1,1,,0,2,1,1,B01
202000037154,1,7,,0,2,1,1,B01
202000037154,2,7,,0,2,1,13,A01
202000037155,3,33,,0,6,1,1,A01
202000037156,1,31,,0,2,7,1,B01
202000037156,2,7,,0,2,3,9,A01
202000037157,1,33,,0,2,1,1,D01
202000037157,1,7,,0,2,1,1,C01
202000037157,1,10,,0,2,1,1,B01
202000037157,1,7,,0,2,4,23,A01
202000037158,1,14,,4,0,8,1,A01
202000037159,3,21,,0,2,3,16,B01
202000037159,3,33,,0,2,7,1,A01
202000037160,3,7,,0,2,1,1,B01
202000037160,3,7,,0,2,1,1,A01
202000037161,2,7,,0,1,2,1,A01
202000037162,0,1,,0,2,1,1,B01
202000037162,0,7,,0,2,1,15,A01
202000037163,2,10,,0,2,4,1,B01
202000037163,2,10,,0,2,1,1,A01
202000037164,2,7,,0,1,1,15,A01
202000037165,1,34,,0,0,3,26,A01
202000037166,1,10,,0,2,8,15,A01
202000037166,1,7,,0,2,1,1,B01
202000037167,2,30,,1,0,1,1,A01
202000037168,2,7,,0,2,4,1,C01
202000037168,2,31,,0,2,8,3,B01
202000037168,2,31,,0,2,1,3,A01
202000037169,1,7,,0,1,1,16,A01
202000037170,3,7,,0,1,1,16,Z01
202000037171,2,7,,0,2,2,12,A01
202000037171,2,32,,0,2,3,1,B01
202000037172,2,1,,0,2,6,11,A01
202000037172,2,33,,0,2,1,1,B01
202000037173,2,50,,0,2,7,5,A01
202000037173,2,7,,0,2,1,9,B01
202000037174,2,50,,0,1,8,25,Z01
202000037175,1,33,,0,2,2,1,A01
202000037175,1,1,,0,2,6,11,B01
202000037176,2,7,,8,2,2,2,A01
202000037176,2,7,,0,2,6,2,B01
202000037177,2,40,,0,2,2,2,B01
202000037177,2,10,,0,4,8,13,A01
202000037178,1,15,,0,2,1,15,A01
202000037178,1,33,,0,2,0,15,B01
202000037179,1,7,,0,1,1,1,A01
202000037180,1,50,,0,0,3,16,A01
202000037181,2,2,,0,1,1,1,Z01
202000037182,2,7,,0,2,2,15,A01
202000037182,1,1,,0,2,0,1,B01
202000037183,1,50,,0,2,2,18,B01
202000037183,1,7,,0,2,2,15,A01
202000037184,1,7,,0,1,1,15,A01
202000037185,1,10,,0,2,3,10,A01
202000037185,1,2,,0,2,7,1,B01
202000037186,2,33,,0,2,8,1,A01
202000037186,2,7,,0,2,2,10,B01
202000037187,3,7,,1,1,8,1,A01
202000037188,2,10,,0,2,1,1,A01
202000037188,2,1,,0,2,4,0,B01
202000037189,3,7,,0,2,4,26,C01
202000037189,3,7,,0,2,4,0,B01
202000037189,3,7,,0,2,1,9,A01
202000037190,1,7,,0,2,1,9,A01
202000037190,1,2,,0,2,0,0,B01
202000037191,2,30,,9,2,0,17,B01
202000037191,2,7,,12,2,0,13,A01
202000037192,3,7,,0,1,1,15,A01
202000037193,1,7,,0,0,0,0,B01
202000037193,0,7,,0,2,8,16,A01
202000037194,1,33,,0,2,3,18,B01
202000037194,1,7,,0,2,2,0,A01
202000037195,1,7,,0,1,2,17,A01
202000037196,3,1,,0,2,8,1,A01
202000037196,3,7,,0,2,3,1,B01
202000037197,2,1,,0,1,1,1,A01
202000037198,1,30,,12,0,2,14,A01
202000037199,1,33,,0,2,0,0,B01
202000037199,1,7,,0,2,0,0,A01
202000037200,3,7,,0,2,3,15,B01
202000037200,1,34,,0,2,2,1,A01
202000037201,3,7,,0,2,8,15,A01
202000037201,3,32,,0,2,1,17,B01
202000037202,1,50,,0,2,1,1,B01
202000037202,1,7,,0,2,2,16,A01
202000037203,2,7,,0,2,5,15,A01
202000037203,1,34,,0,2,1,1,B01
202000037204,3,1,,0,2,7,5,B01
202000037204,3,99,,0,2,4,26,A01
202000037205,1,7,,0,2,2,16,A01
202000037205,1,1,,0,2,7,19,B01
202000037206,2,30,,0,2,8,15,A01
202000037206,1,36,,0,2,0,0,B01
202000037207,1,7,,0,1,2,1,A01
202000037208,1,7,,0,1,1,9,A01
202000037209,2,7,,0,2,2,2,B01
202000037209,1,7,,0,2,8,15,A01
202000037210,2,7,,0,9,4,1,B01
202000037210,2,7,,0,2,1,1,A01
202000037211,-1,99,,1,0,2,2,B01
202000037211,-1,99,,16,0,6,19,A01
202000037212,3,7,,0,1,1,26,A01
202000037213,2,7,,0,2,3,9,A01
202000037213,1,2,,0,2,1,1,B01
202000037214,2,7,,0,2,1,13,A01
202000037214,1,15,,0,2,3,1,B01
202000037215,1,10,,0,2,3,1,B01
202000037215,1,7,,0,2,6,2,C01
202000037215,1,7,,0,2,1,19,A01
202000037216,2,33,,0,9,1,26,B01
202000037216,1,1,,0,2,7,15,A01
202000037217,3,34,,0,2,2,1,B01
202000037217,3,7,,0,2,3,19,A01
202000037218,2,33,,7,2,1,17,B01
202000037218,2,7,,7,2,3,15,A01
202000037219,0,7,,0,1,1,1,A01
202000037220,3,30,,0,1,1,1,A01
202000037221,2,7,,0,2,3,1,A01
202000037221,1,2,,0,2,1,15,B01
202000037222,3,7,,1,2,3,14,A01
202000037222,2,30,,0,2,1,1,B01
202000037223,1,2,,0,1,2,26,A01
202000037224,1,2,,0,2,1,19,A01
202000037224,1,7,,0,2,8,1,B01
202000037225,2,7,,0,2,6,15,B01
202000037225,2,33,,0,2,1,17,A01
202000037226,3,7,,0,2,3,3,A01
202000037226,3,32,,0,2,1,1,B01
202000037227,0,7,,0,1,1,1,A01
202000037228,1,7,,13,0,9,1,A01
202000037229,1,7,,13,0,1,17,A01
202000037230,1,7,,13,0,2,1,A01
202000037231,2,10,,0,2,1,1,A01
202000037231,2,7,,0,2,4,1,B01
202000037231,1,17,,0,2,1,1,C01
202000037232,1,7,,13,0,1,1,A01
202000037233,1,2,,1,2,1,17,A01
202000037233,2,7,,0,0,8,15,B01
202000037234,1,7,,2,0,3,0,A01
202000037235,2,43,,0,2,1,1,B01
202000037235,1,7,,0,0,3,9,A01
202000037236,2,7,,0,2,3,1,B01
202000037236,1,7,,0,2,3,13,A01
202000037237,1,33,,6,0,3,16,A01
202000037238,2,2,,0,2,8,19,A01
202000037238,1,7,,0,2,2,1,B01
202000037239,3,7,,0,2,6,19,A01
202000037239,3,1,,0,2,1,1,B01
202000037240,2,7,,13,0,3,1,A01
202000037241,3,7,,0,1,3,20,A01
202000037242,2,7,,0,2,9,1,B01
202000037242,2,7,,0,2,3,19,A01
202000037243,1,10,,0,1,3,1,A01
202000037244,2,33,,0,2,1,17,A01
202000037244,2,21,,0,2,3,15,B01
202000037245,1,33,,0,2,1,17,A01
202000037245,1,7,,0,0,6,23,B01
202000037246,3,33,,13,0,3,1,A01
202000037247,0,2,,8,0,1,1,A01
202000037248,3,7,,13,2,7,9,A01
202000037248,1,7,,12,2,1,1,B01
202000037249,0,1,,0,2,8,1,B01
202000037249,0,7,,0,2,2,15,A01
202000037250,2,37,1.0,0,2,3,1,B01
202000037250,1,7,,0,2,7,1,A01
202000037251,3,33,,4,0,2,1,A01
202000037252,1,10,,0,1,3,16,A01
202000037253,2,7,,0,0,0,1,A01
202000037254,2,7,,2,0,1,1,A01
202000037255,1,10,,2,0,5,1,A01
202000037256,-1,7,,8,0,1,13,A01
202000037257,1,34,,0,0,0,0,A01
202000037258,2,7,,15,0,3,1,A01
202000037259,1,7,,0,1,2,1,A01
202000037260,2,7,,2,0,1,13,A01
202000037261,2,7,,0,2,3,1,B01
202000037261,1,7,,0,2,3,1,A01
202000037262,1,7,,0,2,3,13,A01
202000037262,1,7,,0,2,3,1,B01
202000037263,0,7,,3,0,3,0,A01
202000037264,0,7,,0,0,0,0,A01
202000037265,2,7,,0,2,1,1,B01
202000037265,1,7,,0,2,3,13,A01
202000037266,3,2,,13,0,1,1,A01
202000037267,2,7,,0,2,1,0,A01
202000037267,1,10,,0,2,1,0,B01
202000037268,2,7,,1,0,2,14,A01
202000037269,1,33,,0,2,1,1,B01
202000037269,0,7,,0,2,5,15,A01
202000037270,2,7,,13,0,1,13,A01
202000037271,1,7,,3,0,1,1,A01
202000037272,3,2,,10,0,1,1,A01
202000037273,2,7,,1,1,2,1,A01
202000037274,1,7,,0,2,3,10,A01
202000037274,1,33,,0,2,1,21,B01
202000037275,2,10,,0,2,1,1,C01
202000037275,2,7,,0,2,4,1,B01
202000037275,2,10,,0,2,4,1,A01
202000037276,2,33,,0,6,1,1,A01
202000037277,2,7,,0,2,4,2,B01
202000037277,2,7,,0,2,1,2,A01
202000037278,2,7,,0,2,7,2,A01
202000037278,1,7,,0,2,1,2,B01
202000037279,1,7,,3,0,1,2,A01
202000037280,2,34,,7,0,1,6,A01
202000037281,1,7,,3,0,1,2,A01
202000037282,-1,33,,0,2,3,1,A01
202000037282,-1,33,,0,2,5,9,B01
202000037283,2,10,,0,2,6,1,A01
202000037283,2,33,,0,2,1,2,B01
202000037284,2,7,,0,2,7,2,B01
202000037284,2,1,,0,2,3,0,A01
202000037285,2,7,,0,0,1,1,A01
202000037286,1,33,,0,2,3,1,B01
202000037286,1,7,,0,2,5,15,A01
202000037287,1,10,,0,2,8,15,B01
202000037287,1,33,,0,2,1,17,A01
202000037288,2,33,,0,0,0,1,A01
202000037289,1,7,,4,0,3,1,A01
202000037290,2,10,,0,2,4,2,B01
202000037290,2,15,,0,2,1,2,A01
202000037291,2,7,,0,2,4,2,B01
202000037291,2,7,,0,2,1,2,A01
202000037292,1,7,,15,0,8,26,A01
202000037293,1,10,,0,2,1,1,A01
202000037293,1,10,,0,2,4,2,B01
202000037294,3,2,,0,6,1,1,A01
202000037295,2,33,,4,0,9,1,A01
202000037296,1,33,,12,0,0,1,A01
202000037297,2,7,,0,2,8,11,A01
202000037297,2,33,,0,2,7,1,B01
202000037298,2,7,,0,2,3,1,B01
202000037298,1,2,,0,2,1,13,A01
202000037299,1,33,,0,2,6,1,A01
202000037299,2,10,,0,2,6,17,B01
202000037300,2,13,,0,0,1,1,A01
202000037301,1,7,,0,2,1,2,A01
202000037301,1,7,,0,2,4,2,B01
202000037302,2,33,,0,2,3,1,B01
202000037302,1,7,,0,2,3,17,A01
202000037303,1,34,,0,2,1,3,B01
202000037303,1,7,,0,2,4,11,A01
202000037304,1,7,,13,0,1,0,A01
202000037305,2,7,,0,1,1,1,A01
202000037306,1,16,,13,0,1,14,A01
202000037307,2,7,,0,2,6,1,B01
202000037307,1,7,,0,2,1,1,A01
202000037308,1,14,,3,2,3,21,B01
202000037308,2,7,,0,2,1,13,A01
202000037309,2,7,,0,2,1,13,A01
202000037309,1,17,,0,2,1,1,B01
202000037310,1,2,,0,9,8,15,A01
202000037310,1,2,,0,9,1,17,B01
202000037311,1,7,,4,0,3,21,A01
202000037312,0,7,,0,1,1,1,A01
202000037313,2,15,,0,2,3,1,A01
202000037313,2,10,,0,2,5,15,B01
202000037314,2,7,,0,0,9,14,A01
202000037315,2,7,,0,9,1,1,A01
202000037316,1,7,,0,9,0,1,A01
202000037316,2,1,,0,2,0,26,B01
202000037317,2,7,,2,0,7,1,A01
202000037318,2,30,,0,2,1,19,B01
202000037318,1,30,,0,2,7,19,A01
202000037319,1,7,,0,2,1,14,A01
202000037319,1,2,,0,2,4,23,B01
202000037320,2,7,,0,0,2,17,A01
202000037320,2,7,,0,0,3,15,B01
202000037321,2,1,,0,2,4,1,A01
202000037321,2,7,,0,2,1,1,B01
202000037322,1,50,,0,2,1,1,A01
202000037322,2,7,,0,2,2,1,B01
202000037323,2,7,,0,2,1,1,B01
202000037323,1,7,,0,2,1,17,A01
202000037324,0,7,,0,2,2,15,A01
202000037324,0,1,,0,2,8,1,B01
202000037325,2,7,,0,1,1,1,A01
202000037326,2,7,,0,1,8,16,A01
202000037327,1,7,,0,2,1,2,B01
202000037327,1,7,,0,2,1,2,C01
202000037327,1,7,,0,2,4,2,A01
202000037328,1,7,,0,2,1,5,A01
202000037328,2,7,,0,2,1,1,B01
202000037329,2,7,,0,2,7,20,B01
202000037329,2,7,,0,2,1,1,A01
202000037330,1,7,,0,2,1,5,A01
202000037330,2,7,,0,2,3,1,B01
202000037331,3,2,,0,0,0,1,A01
202000037332,3,7,,0,1,0,1,A01
202000037333,1,7,,0,2,1,5,B01
202000037333,2,7,,0,2,1,1,A01
202000037334,1,7,,0,1,2,25,A01
202000037335,2,7,,0,2,1,1,B01
202000037335,1,10,,0,2,1,13,A01
202000037336,3,37,1.0,0,1,2,16,A01
202000037337,0,7,,0,2,1,19,A01
202000037337,0,7,,0,0,3,1,B01
202000037338,2,7,,13,0,1,1,A01
202000037339,0,7,,0,2,1,1,A01
202000037339,0,14,,0,2,1,1,B01