Num_Acc,senc,catv,occutc,obs,obsm,choc,manv,num_veh
202000037340,2,2,,0,0,0,1,A01
202000037341,1,2,,0,1,1,17,A01
202000037342,2,7,,0,1,2,1,A01
202000037343,1,33,,0,0,7,1,A01
202000037344,3,7,,0,1,2,26,A01
202000037345,2,31,,11,0,1,6,A01
202000037346,1,7,,0,2,3,19,B01
202000037346,2,30,,0,2,1,1,A01
202000037347,1,7,,13,0,2,1,A01
202000037348,2,7,,0,1,2,13,A01
202000037349,2,7,,9,0,2,14,A01
202000037350,1,31,,0,1,1,1,A01
202000037351,0,7,,0,1,1,1,A01
202000037352,1,7,,0,2,3,13,A01
202000037352,2,7,,0,2,3,1,B01
202000037353,1,7,,0,2,3,1,B01
202000037353,2,21,,0,2,3,15,A01
202000037354,1,7,,0,1,1,1,A01
202000037355,0,30,,0,2,1,19,A01
202000037355,0,7,,0,2,2,1,B01
202000037356,1,7,,3,0,3,1,A01
202000037357,0,7,,0,1,3,1,A01
202000037358,2,7,,0,2,3,1,B01
202000037358,1,7,,0,2,3,1,A01
202000037359,0,31,,0,2,7,1,B01
202000037359,0,7,,0,2,8,9,A01
202000037360,0,7,,13,0,3,1,A01
202000037361,2,7,,0,2,3,1,C01
202000037361,2,7,,0,2,3,1,B01
202000037361,1,7,,0,2,1,11,A01
202000037362,0,33,,0,0,1,1,A01
202000037363,2,7,,0,2,1,13,A01
202000037363,1,7,,0,2,1,1,B01
202000037364,0,7,,10,0,3,1,A01
202000037365,1,10,,8,2,3,1,A01
202000037365,1,7,,0,2,2,9,B01
202000037366,1,30,,0,0,0,9,A01
202000037367,2,7,,0,2,3,1,A01
202000037367,2,1,,0,2,5,0,B01
202000037368,3,1,,0,2,7,6,B01
202000037368,1,7,,0,2,3,1,A01
202000037369,1,7,,4,0,1,14,A01
202000037370,0,7,,0,0,9,1,A01
202000037371,2,7,,0,1,8,1,A01
202000037372,1,7,,0,2,4,2,A01
202000037372,1,7,,0,2,4,2,B01
202000037372,1,7,,0,2,1,2,C01
202000037373,2,7,,0,2,2,1,A01
202000037373,1,1,,0,2,1,1,B01
202000037374,0,7,,0,2,1,2,A01
202000037374,0,7,,0,2,4,2,B01
202000037375,3,31,,0,0,7,1,A01
202000037376,2,7,,0,2,3,1,B01
202000037376,1,7,,0,2,3,13,A01
202000037377,1,7,,0,2,2,2,A01
202000037377,1,1,,0,2,4,16,B01
202000037378,2,33,,0,0,6,1,B01
202000037378,3,10,,0,2,3,1,A01
202000037379,2,7,,0,1,0,1,A01
202000037380,1,7,,0,2,4,9,C01
202000037380,1,7,,0,2,6,2,B01
202000037380,1,7,,0,2,2,21,A01
202000037381,0,34,,0,0,0,1,A01
202000037382,1,7,,0,2,1,2,A01
202000037382,1,7,,0,2,4,2,B01
202000037382,1,7,,0,2,4,2,C01
202000037382,1,7,,0,2,4,2,D01
202000037383,3,10,,0,1,3,1,A01
202000037384,3,7,,0,0,1,1,A01
202000037385,1,7,,0,2,8,1,B01
202000037385,1,33,,0,2,2,16,A01
202000037386,1,7,,0,1,1,1,A01
202000037387,0,31,,0,0,2,1,A01
202000037388,0,7,,0,1,3,1,A01
202000037389,0,7,,0,1,2,17,A01
202000037390,1,7,,6,0,1,1,A01
202000037391,3,7,,0,1,2,21,A01
202000037392,2,7,,0,2,4,1,D01
202000037392,2,7,,0,2,1,1,C01
202000037392,2,14,,0,2,4,1,B01
202000037392,2,7,,0,2,1,9,A01
202000037393,2,7,,0,2,3,1,B01
202000037393,1,33,,0,2,3,13,A01
202000037394,1,7,,0,1,1,1,A01
202000037395,2,33,,0,2,1,1,B01
202000037395,1,7,,0,2,2,19,A01
202000037396,3,99,,0,2,2,1,B01
202000037396,1,7,,0,9,1,1,A01
202000037397,1,7,,0,2,0,13,Z01
202000037397,1,7,,0,2,4,1,A01
202000037398,1,7,,0,1,2,1,A01
202000037399,1,7,,7,0,8,1,A01
202000037400,1,2,,0,2,8,2,B01
202000037400,1,2,,0,2,7,17,A01
202000037401,3,7,,1,1,1,25,A01
202000037402,1,7,,0,2,1,1,A01
202000037402,1,7,,0,2,4,1,B01
202000037402,2,16,,0,2,1,1,C01
202000037403,1,33,,0,0,7,16,A01
202000037404,1,33,,0,2,3,17,B01
202000037404,1,7,,0,2,8,10,A01
202000037405,1,7,,0,2,1,1,B01
202000037405,2,7,,0,2,4,1,A01
202000037406,2,10,,0,2,1,2,A01
202000037406,2,7,,0,2,4,2,B01
202000037407,2,20,,0,2,5,1,A01
202000037407,2,33,,0,2,1,1,B01
202000037408,1,7,,0,9,1,2,C01
202000037408,1,15,,3,0,8,2,B01
202000037408,1,7,,4,2,8,2,A01
202000037409,2,17,,0,2,2,12,A01
202000037409,2,7,,0,2,1,1,B01
202000037410,2,17,,0,2,6,13,A01
202000037410,2,7,,4,2,2,17,B01
202000037411,0,1,,0,2,7,19,B01
202000037411,0,7,,0,2,1,1,A01
202000037412,1,7,,4,0,1,0,A01
202000037413,0,50,,0,2,1,1,B01
202000037413,0,37,1.0,0,2,2,16,A01
202000037414,1,32,,0,2,8,3,B01
202000037414,1,7,,0,2,2,12,A01
202000037415,0,7,,0,2,1,1,B01
202000037415,0,7,,0,2,1,14,A01
202000037416,0,7,,0,1,7,1,A01
202000037417,0,7,,0,2,8,9,A01
202000037417,0,7,,0,2,9,1,B01
202000037418,1,7,,0,2,1,1,B01
202000037418,2,7,,0,2,1,1,A01
202000037419,1,7,,0,2,5,0,B01
202000037419,2,7,,0,2,1,21,A01
202000037420,3,1,,0,0,9,1,A01
202000037421,1,7,,0,2,4,23,B01
202000037421,1,7,,0,2,4,2,A01
202000037422,1,33,,0,2,2,2,A01
202000037423,3,7,,0,2,3,1,B01
202000037423,3,3,,0,2,3,13,A01
202000037424,1,33,,0,0,1,1,A01
202000037425,1,10,,0,2,2,1,C01
202000037425,1,7,,0,2,2,1,B01
202000037425,1,10,,14,2,7,9,A01
202000037426,2,7,,4,0,1,1,A01
202000037427,1,7,,0,2,2,2,A01
202000037427,1,7,,0,2,6,16,B01
202000037428,1,7,,0,0,3,15,A01
202000037428,2,7,,8,2,1,1,B01
202000037429,1,7,,0,2,6,15,A01
202000037429,1,33,,0,2,1,1,B01
202000037430,2,7,,0,2,7,19,A01
202000037430,1,33,,0,2,1,1,B01
202000037431,1,7,,0,2,3,1,A01
202000037431,2,7,,0,2,3,1,B01
202000037432,2,7,,4,0,1,1,A01
202000037433,1,10,,0,2,4,2,A01
202000037433,1,10,,0,2,1,2,B01
202000037434,2,15,,3,2,7,2,Z01
202000037434,2,15,,3,2,8,2,A01
202000037435,1,7,,0,2,6,1,B01
202000037435,1,33,,0,2,1,2,A01
202000037436,3,7,,4,2,2,1,A01
202000037437,3,7,,4,0,8,1,A01
202000037438,2,7,,4,0,1,1,A01
202000037439,1,10,,2,0,0,1,A01
202000037440,2,7,,0,2,4,26,A01
202000037440,2,7,,0,2,1,2,B01
202000037441,1,7,,0,2,4,9,B01
202000037441,1,7,,0,2,1,9,A01
202000037442,1,10,,0,2,4,1,B01
202000037442,1,7,,0,2,1,14,A01
202000037443,1,7,,0,2,4,1,F01
202000037443,1,7,,0,2,4,1,E01
202000037443,1,7,,0,2,4,1,D01
202000037443,1,7,,0,2,4,1,C01
202000037443,1,7,,0,2,4,1,B01
202000037443,1,7,,0,2,1,2,A01
202000037444,1,7,,3,0,1,13,A01
202000037445,2,7,,4,0,1,13,A01
202000037446,2,7,,3,0,2,14,A01
202000037447,1,7,,0,0,1,1,A01
202000037448,2,7,,0,0,1,1,A01
202000037449,2,42,,0,2,7,2,B01
202000037449,2,33,,0,2,3,18,A01
202000037450,2,1,,0,2,1,1,B01
202000037450,2,7,,0,2,1,15,A01
202000037451,2,7,,0,2,4,1,C01
202000037451,2,7,,0,2,4,1,B01
202000037451,2,7,,0,2,1,1,A01
202000037452,2,7,,4,0,1,0,A01
202000037453,1,7,,4,0,2,9,A01
202000037454,1,7,,0,2,5,12,A01
202000037454,1,33,,0,2,1,3,B01
202000037455,1,7,,4,0,1,1,A01
202000037456,1,10,,0,2,4,1,B01
202000037456,1,33,,0,2,1,3,A01
202000037457,2,50,,0,2,8,19,B01
202000037457,1,7,,0,2,2,16,A01
202000037458,1,7,,3,0,8,1,A01
202000037459,3,1,,0,2,1,19,B01
202000037459,1,16,,0,2,2,2,A01
202000037460,0,7,,0,2,1,2,A01
202000037460,0,2,,0,2,4,15,B01
202000037461,1,7,,0,1,1,1,A01
202000037462,2,7,,0,2,1,2,B01
202000037462,1,7,,0,2,2,15,A01
202000037463,2,7,,0,2,1,2,A01
202000037463,2,10,,0,2,4,2,C01
202000037463,2,10,,0,2,4,2,B01
202000037464,1,33,,0,2,1,3,B01
202000037464,1,33,,0,2,1,5,A01
202000037465,2,10,,0,2,2,14,A01
202000037465,2,10,,0,2,6,1,B01
202000037466,1,7,,0,2,0,1,Z01
202000037466,1,32,,0,2,0,1,B01
202000037466,1,7,,0,2,1,1,A01
202000037467,1,10,,0,2,1,2,A01
202000037467,1,10,,0,2,1,2,B01
202000037467,1,7,,0,2,4,2,C01
202000037468,1,7,,0,0,1,14,A01
202000037469,1,7,,0,2,3,1,B01
202000037469,1,7,,0,2,2,14,A01
202000037470,1,7,,0,2,1,2,B01
202000037470,1,7,,0,2,4,2,A01
202000037471,3,7,,0,2,3,1,B01
202000037471,3,2,,0,2,3,5,A01
202000037472,1,7,,0,1,2,1,A01
202000037473,2,7,,0,2,4,2,C01
202000037473,2,7,,0,2,4,2,D01
202000037473,2,7,,0,2,4,2,B01
202000037473,2,7,,0,2,1,2,A01
202000037474,1,50,,0,2,7,1,B01
202000037474,1,7,,0,2,1,9,A01
202000037475,1,7,,0,2,1,1,A01
202000037475,1,7,,0,2,4,2,B01
202000037476,2,7,,0,2,3,17,A01
202000037476,1,33,,0,2,1,17,B01
202000037477,1,7,,0,2,4,1,D01
202000037477,1,7,,0,2,3,1,C01
202000037477,1,7,,0,2,5,1,B01
202000037477,1,33,,0,2,8,3,A01
202000037478,1,31,,0,2,0,1,A01
202000037478,1,7,,0,2,0,0,Z01
202000037479,2,7,,0,2,1,2,A01
202000037479,2,7,,0,2,1,2,C01
202000037479,2,7,,0,2,4,2,B01
202000037480,2,31,,0,2,7,3,B01
202000037480,2,7,,0,2,3,11,A01
202000037481,2,10,,0,2,5,0,B01
202000037481,2,33,,0,2,8,0,A01
202000037482,1,7,,0,2,4,1,B01
202000037482,1,33,,0,2,1,12,A01
202000037483,2,7,,3,0,1,0,A01
202000037484,1,3,,6,0,1,14,A01
202000037485,1,1,,0,2,8,15,B01
202000037485,1,10,,0,2,2,1,A01
202000037486,2,7,,0,2,4,2,C01
202000037486,2,10,,0,2,4,2,B01
202000037486,2,7,,0,2,1,2,A01
202000037487,1,1,,0,2,1,19,B01
202000037487,1,7,,0,9,0,0,A01
202000037488,2,7,,0,2,4,2,B01
202000037488,2,10,,0,2,1,2,A01
202000037489,1,1,,0,2,0,26,A01
202000037489,1,7,,0,0,3,1,B01
202000037490,2,17,,0,2,4,1,B01
202000037490,2,10,,0,2,1,2,A01
202000037491,1,7,,0,9,0,16,A01
202000037491,1,80,,0,0,0,26,B01
202000037492,1,10,,0,2,3,2,B01
202000037492,1,7,,0,2,4,2,C01
202000037492,1,7,,0,2,6,2,D01
202000037492,1,7,,0,2,2,2,A01
202000037493,2,13,,1,0,3,26,A01
202000037493,1,50,,0,2,3,26,B01
202000037494,1,7,,0,1,3,19,A01
202000037495,2,13,,0,2,2,1,A01
202000037495,2,33,,0,2,3,11,B01
202000037496,1,1,,0,2,8,1,B01
202000037496,1,14,,0,2,5,14,A01
202000037497,1,2,,0,2,7,0,B01
202000037497,1,7,,0,2,3,9,A01
202000037498,3,37,1.0,0,2,1,1,B01
202000037498,1,7,,0,2,8,1,A01
202000037499,2,31,,0,2,2,3,A01
202000037499,2,7,,0,2,3,11,B01
202000037500,2,10,,0,2,1,1,B01
202000037500,1,10,,0,2,6,1,A01
202000037501,3,1,,0,2,1,9,A01
202000037501,3,7,,0,2,3,9,B01
202000037502,1,7,,4,0,1,17,A01
202000037503,1,7,,0,2,3,1,C01
202000037503,1,7,,0,2,1,1,B01
202000037503,1,7,,0,2,7,1,A01
202000037504,0,7,,0,2,8,1,C01
202000037504,0,7,,0,2,8,1,B01
202000037504,0,7,,0,2,7,13,A01
202000037505,3,10,,0,1,2,1,A01
202000037506,2,33,,13,0,0,17,A01
202000037507,3,7,,0,1,2,1,A01
202000037508,3,7,,0,2,1,1,B01
202000037508,3,2,,0,2,1,13,A01
202000037509,3,30,,0,2,0,0,A01
202000037509,3,7,,0,2,0,0,B01
202000037510,3,2,,0,2,0,0,A01
202000037511,2,1,,0,2,2,1,A01
202000037511,1,1,,0,2,1,1,B01
202000037512,3,7,,0,2,2,1,A01
202000037512,3,7,,0,2,6,23,B01
202000037513,1,32,,0,2,2,3,A01
202000037513,2,7,,0,2,6,11,B01
202000037514,2,7,,0,1,1,15,A01
202000037515,2,7,,0,2,2,2,A01
202000037515,2,2,,0,2,6,1,B01
202000037516,3,7,,0,2,8,13,A01
202000037516,3,30,,0,2,8,0,B01
202000037517,3,32,,0,2,0,1,B01
202000037517,2,7,,0,2,0,26,A01
202000037518,3,30,,0,2,1,2,A01
202000037518,3,7,,0,2,4,1,B01
202000037519,3,7,,0,2,5,12,A01
202000037519,3,33,,0,2,1,1,B01
202000037520,1,7,,13,0,1,14,A01
202000037521,0,7,,8,0,1,0,A01
202000037522,1,50,,0,2,7,19,B01
202000037522,1,7,,0,9,1,26,A01
202000037523,2,33,,0,2,1,1,B01
202000037523,2,7,,0,2,3,13,A01
202000037524,3,7,,0,2,3,9,A01
202000037524,3,30,,0,2,3,26,B01
202000037525,3,7,,0,2,8,0,B01
202000037525,0,2,,0,2,1,0,A01
202000037526,1,10,,0,2,6,10,A01
202000037526,1,32,,4,2,1,3,B01
202000037527,2,1,,0,2,1,5,B01
202000037527,1,7,,0,2,2,19,A01
202000037528,1,32,,0,2,1,19,A01
202000037528,1,10,,0,2,7,1,B01
202000037529,1,7,,0,1,0,1,A01
202000037530,2,1,,1,0,1,1,A01
202000037530,2,7,,0,2,4,23,B01
202000037531,0,1,,0,2,9,1,B01
202000037531,0,7,,0,2,1,1,A01
202000037532,1,7,,4,0,1,1,A01
202000037533,3,1,,0,2,8,19,A01
202000037533,3,33,,0,2,1,1,B01
202000037534,3,7,,0,2,2,1,B01
202000037534,3,1,,0,2,1,1,A01
202000037535,1,7,,0,2,1,26,B01
202000037535,1,7,,0,2,1,26,A01
202000037536,1,7,,0,2,4,9,A01
202000037536,1,33,,0,2,1,26,B01
202000037537,1,7,,0,2,3,1,C01
202000037537,1,10,,0,2,5,11,A01
202000037537,1,33,,0,2,3,21,B01
202000037538,1,10,,0,2,8,11,A01
202000037538,1,33,,0,2,7,1,B01
202000037539,2,7,,0,2,6,19,A01
202000037539,1,2,,0,2,1,1,B01
202000037540,3,34,,1,2,1,2,A01
202000037540,0,7,,0,0,2,0,B01
202000037541,1,7,,0,1,1,1,A01
202000037542,0,1,,12,0,0,1,A01
202000037543,1,7,,0,1,3,1,A01
202000037544,1,7,,0,1,1,1,A01
202000037545,1,7,,5,0,1,1,A01
202000037546,1,7,,0,1,1,1,A01
202000037547,0,7,,0,2,7,17,A01
202000037547,0,7,,0,2,8,1,B01
202000037548,1,30,,0,1,1,1,Z01
202000037549,3,7,,0,9,2,14,A01
202000037550,1,2,,0,1,1,1,A01
202000037551,3,10,,0,9,0,9,A01
202000037551,3,1,,0,2,0,1,B01
202000037552,2,37,3.0,0,2,3,1,B01
202000037552,3,7,,0,2,2,1,A01
202000037553,3,7,,0,1,2,1,A01
202000037554,0,7,,0,1,1,15,A01
202000037555,1,7,,9,1,1,16,A01
202000037556,1,7,,0,2,3,15,A01
202000037556,1,33,,2,2,2,17,B01
202000037557,1,7,,0,2,3,15,A01
202000037557,1,34,,0,2,1,2,B01
202000037558,1,7,,2,2,2,1,B01
202000037558,1,7,,0,2,1,1,A01
202000037559,1,7,,0,2,3,13,A01
202000037559,2,7,,0,2,3,1,B01
202000037560,2,7,,0,2,4,2,C01
202000037560,2,7,,0,2,4,2,B01
202000037560,2,7,,0,2,1,2,A01
202000037561,3,99,,0,0,0,26,A01
202000037562,0,7,,0,0,0,0,A01
202000037562,3,7,,0,1,1,2,B01
202000037563,3,50,,0,2,1,1,B01
202000037563,3,7,,0,2,3,25,A01
202000037564,1,10,,0,1,1,26,A01
202000037565,3,7,,0,1,7,17,A01
202000037566,2,2,,0,2,1,1,B01
202000037566,1,7,,0,2,2,26,A01
202000037567,1,7,,0,2,3,0,B01
202000037567,1,7,,0,2,3,15,A01
202000037568,2,7,,0,2,4,4,A01
202000037568,1,7,,0,2,1,1,B01
202000037569,1,31,,0,2,3,1,B01
202000037569,3,7,,0,2,1,15,A01
202000037570,3,7,,0,2,1,15,A01
202000037570,3,2,,0,2,2,17,B01
202000037571,2,7,,0,2,8,11,A01
202000037571,2,33,,0,2,2,2,B01
202000037572,1,10,,1,0,6,24,B01
202000037572,1,32,,0,2,1,2,A01
202000037573,0,7,,0,1,3,1,A01
202000037574,1,7,,0,2,4,2,B01
202000037574,1,33,,0,2,1,2,A01
202000037575,3,2,,0,2,0,0,B01
202000037575,3,7,,0,2,1,1,A01
202000037576,1,7,,0,2,4,2,B01
202000037576,1,7,,0,2,3,2,A01
202000037577,3,7,,0,2,6,15,A01
202000037577,3,33,,0,2,7,1,B01
202000037578,1,31,,0,2,1,1,A01
202000037578,1,10,,0,2,3,1,B01
202000037579,2,7,,0,1,3,1,A01
202000037580,1,2,,0,1,1,25,A01
202000037581,3,15,,0,2,3,1,A01
202000037581,3,33,,0,2,0,0,B01
202000037582,3,7,,0,1,1,1,A01
202000037583,3,32,,0,2,1,11,A01
202000037583,3,7,,0,2,3,1,B01
202000037584,1,7,,0,1,1,15,A01
202000037585,1,7,,0,2,4,0,B01
202000037585,1,7,,0,2,4,0,D01
202000037585,1,7,,0,2,4,0,C01
202000037585,1,7,,0,2,1,21,A01
202000037586,0,1,,0,2,1,1,B01
202000037586,0,1,,0,2,1,1,A01
202000037587,2,32,,0,2,1,15,A01
202000037587,2,33,,0,2,4,2,B01
202000037588,2,32,,0,2,7,17,B01
202000037588,2,7,,0,2,3,17,A01
202000037589,1,1,,0,0,0,0,A01
202000037590,1,34,,0,0,7,26,A01
202000037591,3,7,,0,9,2,1,B01
202000037591,3,3,,0,2,1,19,A01
202000037592,2,14,,0,2,1,1,B01
202000037592,1,15,,0,2,2,15,A01
202000037593,1,7,,0,2,1,1,B01
202000037593,1,7,,0,2,1,13,A01
202000037594,1,7,,0,1,3,15,A01
202000037595,1,43,,0,2,4,1,B01
202000037595,2,7,,0,2,6,2,A01
202000037596,2,7,,3,2,1,17,A01
202000037596,1,7,,3,2,1,0,B01
202000037596,1,7,,0,0,0,0,C01
202000037597,3,7,,0,2,2,0,A01
202000037597,3,7,,0,2,8,0,B01
202000037598,1,30,,0,0,0,23,A01
202000037599,3,31,,0,2,0,1,B01
202000037599,3,7,,0,0,0,11,A01
202000037600,3,7,,0,2,2,2,A01
202000037600,2,33,,0,2,1,1,B01
202000037601,2,33,,0,0,0,1,A01
202000037602,1,33,,0,2,1,3,B01
202000037602,2,10,,0,2,8,9,A01
202000037603,1,7,,0,2,2,1,B01
202000037603,2,7,,3,2,3,1,A01
202000037604,2,7,,0,0,0,23,B01
202000037604,2,7,,14,0,4,2,A01
202000037605,3,2,,8,0,0,0,B01
202000037605,1,7,,8,0,6,26,A01
202000037606,3,7,,0,2,1,1,A01
202000037606,3,80,,0,2,1,1,B01
202000037607,1,32,,0,0,0,21,A01
202000037608,2,10,,0,2,1,9,A01
202000037608,1,1,,0,2,7,1,B01
202000037609,2,50,,0,2,1,1,B01
202000037609,2,7,,0,2,2,16,A01
202000037610,2,7,,0,2,4,23,B01
202000037610,2,7,,0,2,1,2,A01
202000037611,1,10,,0,2,1,1,A01
202000037611,1,7,,0,2,4,1,B01
202000037612,2,7,,0,0,3,23,B01
202000037612,2,7,,2,2,9,17,A01
202000037613,2,2,,0,2,1,1,A01
202000037613,1,7,,0,0,7,15,B01
202000037614,1,7,,0,0,1,1,A01
202000037615,1,32,,0,1,1,1,A01
202000037616,1,7,,0,2,1,5,A01
202000037616,2,7,,0,2,1,1,B01
202000037617,1,7,,0,2,1,1,A01
202000037617,1,7,,0,2,5,1,B01
202000037618,1,2,,0,2,1,1,B01
202000037618,1,10,,0,2,2,16,A01
202000037619,1,2,,0,2,3,0,A01
202000037619,1,7,,0,2,2,26,B01
202000037620,1,7,,0,2,0,15,Z01
202000037620,2,30,,0,2,0,1,A01
202000037621,0,34,,0,2,7,1,B01
202000037621,0,7,,0,2,1,26,A01
202000037622,2,10,,0,2,4,4,A01
202000037622,2,2,,0,2,1,23,B01
202000037623,0,7,,0,2,2,1,B01
202000037623,0,7,,0,2,3,15,A01
202000037624,1,7,,0,1,1,1,A01
202000037625,1,1,,0,2,8,1,B01
202000037625,2,7,,0,2,1,15,A01
202000037626,2,1,,0,2,4,1,A01
202000037626,2,7,,0,2,2,1,Z01
202000037627,1,7,,0,2,8,22,A01
202000037627,1,80,,0,2,7,1,B01
202000037628,1,1,,0,2,2,1,B01
202000037628,1,7,,0,2,1,9,A01
202000037629,1,2,,0,2,2,1,B01
202000037629,1,7,,0,2,1,1,A01
202000037630,2,33,,14,0,7,13,A01
202000037631,2,7,,0,1,1,2,Z01
202000037632,1,10,,0,2,4,1,A01
202000037632,1,1,,0,2,1,1,B01
202000037633,1,7,,0,2,2,15,A01
202000037633,2,7,,0,2,1,2,B01
202000037634,3,7,,0,1,8,9,A01
202000037635,1,2,,0,2,4,0,B01
202000037635,1,7,,0,2,2,9,A01
202000037636,3,7,,0,2,3,15,A01
202000037636,1,32,,0,2,1,1,B01
202000037637,1,7,,0,1,1,1,A01
202000037638,3,7,,0,1,3,1,A01
202000037639,1,33,,0,2,1,1,B01
202000037639,2,7,,0,2,1,15,A01
202000037640,1,31,,0,2,1,1,B01
202000037640,2,7,,0,2,2,15,A01
202000037641,1,7,,0,2,8,1,B01
202000037641,2,10,,0,2,1,15,A01
202000037642,1,7,,0,2,4,10,A01
202000037642,2,32,,0,2,1,1,B01
202000037643,1,7,,0,2,7,15,A01
202000037643,2,34,,0,2,1,1,B01
202000037644,3,7,,0,2,3,9,A01
202000037644,3,34,,0,2,1,1,B01
202000037645,2,30,,14,0,8,13,A01
202000037646,2,7,,0,2,1,1,A01
202000037646,1,7,,0,2,1,1,B01
202000037647,2,1,,16,0,1,1,A01
202000037648,1,7,,0,2,2,1,A01
202000037648,1,2,,0,2,1,1,B01
202000037649,1,7,,0,2,4,23,D01
202000037649,1,10,,0,2,1,2,A01
202000037649,1,7,,0,2,4,23,B01
202000037649,1,7,,0,2,4,23,C01
202000037650,1,50,,0,2,1,1,A01
202000037650,3,7,,0,2,3,19,B01
202000037651,3,50,,0,2,1,1,B01
202000037651,3,7,,0,2,3,15,A01
202000037652,2,30,,0,0,8,1,A01
202000037653,1,32,,0,2,7,1,B01
202000037653,2,7,,0,0,0,15,A01
202000037654,1,10,,0,2,1,1,B01
202000037654,1,31,,0,2,8,1,A01
202000037655,3,33,,0,2,8,1,B01
202000037655,3,7,,0,2,1,1,A01
202000037656,0,33,,0,2,1,1,B01
202000037656,0,7,,0,2,2,15,A01
202000037657,2,7,,0,2,1,9,A01
202000037657,1,7,,0,2,7,1,B01
202000037658,2,7,,2,2,9,19,A01
202000037658,2,7,,8,2,3,7,B01
202000037659,3,7,,0,2,1,1,Z01
202000037659,3,7,,0,2,4,23,A01
202000037660,0,7,,0,2,2,26,A01
202000037660,0,7,,0,0,0,0,B01
202000037661,3,7,,0,2,4,23,A01
202000037661,3,2,,0,2,1,1,B01
202000037662,1,7,,0,2,8,1,B01
202000037662,1,7,,0,2,3,26,A01
202000037663,2,33,,0,2,1,1,B01
202000037663,1,7,,0,2,3,13,A01
202000037664,1,30,,0,2,1,26,A01
202000037664,2,10,,0,2,2,1,B01
202000037665,3,32,,0,0,0,0,A01
202000037666,1,7,,0,2,1,2,A01
202000037666,1,7,,0,2,4,2,B01
202000037666,2,7,,0,2,0,0,C01
202000037667,2,7,,0,1,3,1,A01
202000037668,2,10,,0,1,3,15,A01
202000037669,2,7,,0,2,2,9,B01
202000037669,1,1,,0,2,4,26,A01
202000037670,2,7,,0,2,1,15,A01
202000037670,2,33,,0,2,8,1,B01
202000037671,1,7,,0,2,2,0,A01
202000037671,1,1,,0,2,3,1,B01
202000037672,1,1,,0,2,1,23,B01
202000037672,1,7,,0,2,3,15,A01
202000037673,1,33,,0,1,2,1,A01
202000037674,3,32,,0,0,8,17,A01
202000037675,2,7,,0,2,8,9,A01
202000037675,1,31,,0,2,7,1,B01
202000037676,2,7,,0,2,8,15,A01
202000037676,2,32,,0,2,7,17,B01
202000037677,1,7,,0,2,1,26,A01
202000037677,1,1,,0,2,7,15,B01
202000037678,1,7,,0,2,3,2,A01
202000037678,2,7,,0,2,5,1,B01
202000037679,1,7,,0,2,3,11,B01
202000037679,1,32,,0,2,2,3,A01
202000037680,3,31,,12,0,0,26,A01
202000037681,1,37,1.0,0,1,7,7,A01
202000037682,3,30,,0,2,3,13,B01
202000037682,3,2,,0,2,1,26,A01
202000037683,2,7,,1,0,3,13,A01
202000037684,2,32,,0,2,8,1,B01
202000037684,2,7,,0,2,7,12,A01
202000037685,2,7,,0,2,8,15,B01
202000037685,2,33,,0,2,1,17,A01
202000037686,1,33,,0,2,1,1,A01
202000037686,3,7,,0,2,8,19,B01
202000037687,2,10,,0,1,4,4,A01
202000037688,3,7,,0,2,3,15,B01
202000037688,1,7,,0,2,1,1,A01
202000037689,1,7,,0,2,3,1,B01
202000037689,1,7,,8,2,5,17,A01
202000037689,1,7,,0,2,6,1,C01
202000037690,1,10,,0,2,1,2,A01
202000037690,1,7,,0,1,1,23,B01
202000037691,1,7,,0,2,3,1,B01
202000037691,2,7,,0,2,3,15,Z01
202000037692,1,7,,0,1,3,1,A01
202000037693,0,7,,0,2,2,1,B01
202000037693,0,30,,0,2,1,1,A01
202000037694,1,43,,0,2,8,1,B01
202000037694,2,7,,0,2,1,15,A01
202000037695,1,7,,0,2,1,1,A01
202000037695,1,1,,0,2,4,1,B01
202000037696,3,7,,0,2,7,16,A01
202000037696,3,32,,0,2,8,2,B01
202000037697,2,7,,0,1,4,20,A01
202000037698,3,7,,0,1,6,26,A01
202000037699,1,31,,0,2,8,3,A01
202000037699,1,7,,0,2,5,1,B01
202000037700,3,2,,0,2,1,1,B01
202000037700,3,7,,0,2,5,15,A01
202000037701,1,7,,0,2,3,11,A01
202000037701,1,33,,0,2,7,3,B01
202000037702,1,7,,0,1,4,4,A01
202000037703,1,7,,0,2,1,0,A01
202000037703,1,14,,0,2,6,0,B01
202000037704,1,2,,1,2,8,18,A01
202000037704,1,7,,0,2,2,22,B01
202000037705,3,7,,10,2,2,6,A01
202000037705,3,7,,0,2,3,1,B01
202000037706,1,7,,13,0,0,1,A01
202000037707,1,30,,11,0,1,26,A01
202000037708,2,7,,0,2,8,9,B01
202000037708,2,15,,0,2,2,1,A01
202000037708,2,10,,0,2,2,1,C01
202000037709,1,50,,0,2,1,21,A01
202000037710,2,1,,0,2,3,7,B01
202000037710,1,10,,0,2,7,10,A01
202000037711,1,17,,0,0,4,2,C01
202000037711,1,7,,0,2,8,2,B01
202000037711,1,10,,0,2,6,2,A01
202000037712,1,1,,0,1,1,1,A01
202000037713,1,32,,12,0,1,13,A01
202000037714,1,7,,0,2,1,0,A01
202000037714,1,7,,0,2,9,0,C01