Num_Acc,senc,catv,occutc,obs,obsm,choc,manv,num_veh
202000037714,1,7,,0,2,9,0,B01
202000037715,0,7,,0,2,3,26,A01
202000037715,0,7,,0,2,5,2,B01
202000037716,2,7,,15,0,2,14,A01
202000037717,0,7,,0,2,3,9,A01
202000037717,2,7,,0,2,3,1,B01
202000037718,2,7,,0,2,2,17,A01
202000037718,2,1,,0,2,8,2,B01
202000037719,1,37,1.0,0,2,6,23,C01
202000037719,1,33,,0,2,1,17,B01
202000037719,1,33,,0,2,1,17,A01
202000037720,1,32,,0,1,1,1,A01
202000037721,1,31,,0,2,8,1,B01
202000037721,2,7,,0,2,1,1,A01
202000037722,3,33,,1,2,3,1,B01
202000037722,3,7,,0,2,2,15,A01
202000037723,1,7,,0,2,3,26,C01
202000037723,1,7,,0,2,1,16,A01
202000037723,2,7,,0,2,2,15,B01
202000037724,3,32,,0,2,1,1,A01
202000037724,3,13,,0,2,5,23,Z01
202000037725,3,7,,0,2,1,15,A01
202000037725,1,10,,0,2,3,1,B01
202000037726,1,2,,0,2,1,1,B01
202000037726,2,7,,0,2,2,1,A01
202000037727,1,1,,0,1,1,5,A01
202000037728,3,7,,0,2,0,0,B01
202000037728,3,7,,0,2,1,2,A01
202000037729,2,1,,0,2,1,1,B01
202000037729,1,1,,0,2,1,13,A01
202000037730,3,7,,0,2,8,22,Z01
202000037730,1,1,,0,2,7,1,B01
202000037731,1,7,,0,2,2,16,Z01
202000037731,1,1,,0,2,2,1,A01
202000037732,2,7,,0,2,7,15,A01
202000037732,1,33,,0,2,1,1,B01
202000037733,3,33,,0,2,6,1,A01
202000037733,3,7,,0,2,6,23,B01
202000037734,3,33,,0,2,1,1,B01
202000037734,3,10,,0,2,2,15,A01
202000037735,2,7,,12,0,2,2,A01
202000037736,2,1,,0,2,1,15,A01
202000037736,2,1,,0,2,1,16,B01
202000037737,1,2,,0,2,3,1,B01
202000037737,1,7,,0,2,2,12,A01
202000037738,1,32,,0,2,3,18,A01
202000037738,2,7,,0,2,3,15,B01
202000037739,2,7,,0,2,2,1,A01
202000037739,1,7,,0,2,3,1,B01
202000037740,1,50,,8,0,1,25,A01
202000037741,1,80,,0,0,0,21,A01
202000037742,3,7,,0,2,2,21,B01
202000037742,0,7,,0,0,2,13,A01
202000037743,1,34,,0,1,1,1,A01
202000037744,2,7,,0,2,1,0,B01
202000037744,1,7,,0,2,7,1,A01
202000037745,0,7,,0,2,1,16,A01
202000037745,0,7,,0,2,1,0,B01
202000037746,0,34,,0,2,1,1,B01
202000037746,0,7,,0,0,6,16,A01
202000037747,1,7,,0,2,2,1,B01
202000037747,2,50,,0,2,2,19,A01
202000037748,1,7,,0,1,1,2,A01
202000037749,0,7,,0,9,3,15,A01
202000037749,2,50,,0,2,1,1,B01
202000037750,1,33,,0,2,1,17,A01
202000037750,1,7,,0,2,3,15,B01
202000037751,1,33,,0,2,1,6,A01
202000037751,1,7,,0,0,0,0,Y01
202000037752,3,32,,11,0,1,1,A01
202000037753,2,14,,0,1,3,26,A01
202000037754,3,7,,0,9,3,20,A01
202000037754,3,50,,0,2,1,5,B01
202000037755,1,32,,0,0,0,1,A01
202000037756,2,33,,1,0,7,1,A01
202000037757,3,7,,0,2,2,9,A01
202000037757,3,1,,0,2,7,19,B01
202000037758,2,10,,0,2,2,0,B01
202000037758,2,33,,0,2,1,0,A01
202000037759,-1,0,,0,1,1,1,Z01
202000037760,1,30,,0,0,0,21,A01
202000037761,2,10,,0,1,5,4,A01
202000037762,0,7,,1,1,2,1,A01
202000037763,2,2,,0,2,1,1,B01
202000037763,1,7,,0,2,7,15,A01
202000037764,3,7,,0,2,0,9,Z01
202000037764,1,30,,0,2,3,0,B01
202000037765,2,32,,0,0,4,0,B01
202000037765,2,10,,0,2,2,2,A01
202000037766,3,13,,2,0,6,19,B01
202000037766,3,7,,0,2,1,11,A01
202000037767,2,10,,0,2,1,1,C01
202000037767,1,7,,0,2,6,1,B01
202000037767,1,2,,0,2,1,17,A01
202000037768,2,7,,0,1,3,23,A01
202000037769,2,7,,0,2,2,1,B01
202000037769,2,7,,1,2,9,21,A01
202000037770,2,7,,0,1,1,1,A01
202000037771,2,30,,0,2,1,2,A01
202000037771,2,7,,0,2,4,2,B01
202000037772,-1,30,,0,0,8,18,B01
202000037772,-1,15,,0,2,8,2,A01
202000037773,3,7,,0,2,3,9,A01
202000037773,3,33,,0,2,1,1,B01
202000037774,3,30,,0,2,1,16,A01
202000037774,3,7,,0,2,2,1,B01
202000037775,3,7,,0,2,6,19,B01
202000037775,2,0,,0,2,1,17,A01
202000037776,1,7,,0,2,4,1,B01
202000037776,1,7,,0,2,4,2,C01
202000037776,1,7,,0,2,1,2,A01
202000037777,1,7,,0,2,1,2,A01
202000037777,1,7,,0,2,4,2,B01
202000037778,1,50,,0,2,2,1,B01
202000037778,1,7,,0,2,5,1,A01
202000037779,2,2,,0,2,1,1,B01
202000037779,1,7,,0,2,6,10,A01
202000037780,-1,7,,0,2,2,13,B01
202000037780,-1,7,,0,2,2,14,A01
202000037781,1,33,,0,2,1,1,B01
202000037781,1,7,,0,2,2,15,A01
202000037782,1,7,,0,1,3,15,A01
202000037783,2,7,,0,0,1,0,A01
202000037784,3,7,,0,2,2,15,A01
202000037784,1,30,,0,2,1,1,B01
202000037785,2,37,2.0,0,2,3,1,B01
202000037785,2,7,,0,2,5,16,A01
202000037786,1,10,,0,1,4,20,A01
202000037787,-1,7,,0,2,6,1,A01
202000037787,-1,7,,0,2,2,13,B01
202000037788,3,7,,0,1,0,2,A01
202000037789,1,7,,0,2,7,0,B01
202000037789,1,30,,0,2,7,0,A01
202000037790,1,7,,0,2,6,21,B01
202000037790,1,7,,0,2,3,13,A01
202000037791,2,7,,0,1,1,1,A01
202000037792,3,7,,0,2,3,15,B01
202000037792,1,33,,0,2,5,26,A01
202000037793,2,33,,0,0,0,0,B01
202000037793,2,7,,0,0,0,0,A01
202000037794,1,7,,0,1,1,15,A01
202000037795,1,80,,0,2,1,2,B01
202000037795,2,7,,0,2,2,15,A01
202000037796,2,7,,0,1,7,16,A01
202000037797,1,34,,0,2,1,2,B01
202000037797,1,7,,0,2,8,10,A01
202000037798,1,34,,0,2,1,1,B01
202000037798,1,10,,0,2,8,15,A01
202000037799,1,7,,0,2,2,0,A01
202000037799,1,7,,0,2,3,20,B01
202000037800,2,7,,0,1,3,1,A01
202000037801,1,7,,3,2,1,1,B01
202000037801,2,7,,3,2,7,1,A01
202000037802,1,30,,0,2,7,16,B01
202000037802,1,32,,0,2,1,1,A01
202000037803,2,7,,0,2,3,13,A01
202000037803,1,7,,0,2,0,1,B01
202000037803,1,7,,0,2,0,1,C01
202000037804,1,7,,0,1,3,26,A01
202000037805,2,7,,0,2,1,1,B01
202000037805,1,7,,0,2,1,13,A01
202000037806,1,7,,0,1,2,1,A01
202000037807,1,7,,0,2,5,23,D01
202000037807,1,7,,0,2,6,23,C01
202000037807,1,7,,0,2,3,23,B01
202000037807,1,2,,0,2,2,3,A01
202000037808,2,10,,0,2,1,1,B01
202000037808,1,7,,0,2,1,13,A01
202000037809,3,33,,0,0,0,9,A01
202000037810,1,7,,2,0,2,0,A01
202000037811,2,7,,15,0,2,1,A01
202000037812,2,1,,0,2,8,1,B01
202000037812,2,7,,0,2,3,15,A01
202000037813,2,99,,0,1,3,19,A01
202000037814,1,7,,6,0,2,1,A01
202000037815,1,10,,0,2,2,1,B01
202000037815,1,7,,0,2,5,19,A01
202000037816,2,2,,0,2,1,1,B01
202000037816,1,7,,0,2,2,15,A01
202000037817,3,7,,0,0,4,2,A01
202000037817,3,7,,6,0,1,2,B01
202000037818,2,33,,0,2,1,1,B01
202000037818,1,7,,0,2,2,13,A01
202000037819,1,7,,0,1,3,1,A01
202000037820,1,1,,0,2,6,1,A01
202000037820,1,7,,0,2,7,1,B01
202000037821,2,10,,13,0,0,17,A01
202000037822,1,17,,4,0,3,13,A01
202000037823,3,13,,0,2,4,26,A01
202000037823,3,10,,0,2,1,0,B01
202000037824,2,7,,0,1,2,1,A01
202000037825,1,7,,0,0,3,13,A01
202000037825,2,15,,0,0,3,1,B01
202000037826,2,7,,13,0,9,1,A01
202000037827,1,32,,0,0,7,1,A01
202000037828,2,33,,0,2,1,2,A01
202000037828,2,7,,0,0,4,2,B01
202000037829,2,7,,0,1,1,1,A01
202000037830,1,7,,0,2,1,1,B01
202000037830,2,7,,0,2,1,13,A01
202000037831,2,33,,0,0,1,16,A01
202000037831,1,10,,0,0,3,15,B01
202000037832,1,2,,0,0,6,1,A01
202000037833,1,7,,0,2,3,19,A01
202000037833,2,7,,0,2,1,1,B01
202000037834,1,7,,0,0,1,13,A01
202000037835,3,31,,0,0,3,15,A01
202000037836,1,7,,0,2,1,9,A01
202000037836,2,7,,0,2,5,1,B01
202000037837,2,10,,13,0,3,13,A01
202000037838,1,7,,0,2,3,1,A01
202000037838,2,15,,0,2,3,1,B01
202000037839,3,2,,0,2,1,1,B01
202000037839,0,7,,0,2,2,1,A01
202000037840,2,7,,0,2,2,15,A01
202000037840,1,7,,0,2,6,1,B01
202000037840,2,7,,0,2,3,1,C01
202000037841,1,7,,0,0,2,1,A01
202000037842,3,99,,13,1,8,14,A01
202000037843,2,7,,2,0,4,1,A01
202000037843,1,17,,0,0,2,1,B01
202000037844,1,7,,0,2,5,23,A01
202000037844,1,2,,0,2,1,2,B01
202000037845,1,7,,2,0,8,1,A01
202000037846,3,7,,0,2,2,1,B01
202000037846,3,7,,0,2,4,16,A01
202000037847,2,7,,0,2,8,22,A01
202000037847,2,1,,0,2,7,1,B01
202000037848,1,7,,0,2,3,15,B01
202000037848,1,33,,0,2,7,13,A01
202000037849,2,32,,0,2,3,2,B01
202000037849,2,7,,0,2,4,23,A01
202000037850,2,7,,0,2,2,1,B01
202000037850,3,7,,0,2,1,15,A01
202000037851,1,43,,0,1,1,1,A01
202000037852,2,38,1.0,0,9,3,1,A01
202000037853,1,7,,0,0,0,0,B01
202000037853,2,7,,0,0,0,0,A01
202000037854,1,1,,0,2,7,1,A01
202000037854,2,1,,0,2,8,19,B01
202000037855,2,7,,0,2,1,15,A01
202000037855,1,1,,0,2,1,1,B01
202000037856,3,10,,0,2,4,23,B01
202000037856,3,10,,0,2,1,2,A01
202000037857,3,7,,0,1,2,1,A01
202000037858,3,7,,0,2,3,16,B01
202000037858,2,30,,0,2,7,7,A01
202000037859,1,7,,0,2,2,1,B01
202000037859,2,2,,0,2,1,1,A01
202000037860,3,7,,0,2,3,19,A01
202000037860,1,7,,0,2,1,1,B01
202000037860,2,7,,0,2,3,1,C01
202000037861,1,31,,0,2,3,1,B01
202000037861,1,1,,0,2,1,14,A01
202000037862,1,7,,0,0,1,21,A01
202000037863,2,33,,0,2,1,1,B01
202000037863,1,7,,0,2,2,15,A01
202000037864,1,10,,0,1,4,4,A01
202000037865,1,7,,0,0,9,13,A01
202000037866,1,7,,0,2,1,1,A01
202000037866,1,33,,0,2,1,23,B01
202000037867,2,20,,0,2,8,15,B01
202000037867,2,7,,0,2,1,17,A01
202000037868,1,7,,0,2,3,13,A01
202000037868,2,7,,0,2,3,1,B01
202000037869,1,7,,0,1,1,1,A01
202000037870,2,7,,2,0,0,0,A01
202000037871,1,31,,0,2,3,13,A01
202000037871,2,7,,0,2,6,1,B01
202000037872,2,7,,2,0,3,1,A01
202000037873,2,31,,0,2,1,18,A01
202000037873,1,10,,0,2,7,15,B01
202000037874,3,1,,13,0,9,0,A01
202000037875,2,14,,3,0,3,0,A01
202000037876,3,43,,0,2,3,1,A01
202000037876,3,7,,0,2,2,1,Z01
202000037877,1,2,,0,0,0,1,A01
202000037878,1,15,,0,2,4,2,B01
202000037878,1,7,,0,2,1,2,A01
202000037879,1,2,,0,2,1,0,A01
202000037879,2,10,,0,2,3,0,B01
202000037880,2,7,,0,2,1,13,A01
202000037880,1,7,,0,2,1,1,B01
202000037880,1,7,,0,2,1,1,C01
202000037881,2,7,,0,2,2,1,A01
202000037881,2,2,,0,2,5,18,B01
202000037882,3,7,,0,2,1,19,B01
202000037882,1,1,,0,2,1,1,A01
202000037883,1,1,,0,2,4,7,A01
202000037883,1,1,,0,2,1,7,Z01
202000037884,1,7,,13,0,1,1,A01
202000037885,1,30,,0,2,1,5,A01
202000037885,2,7,,0,2,3,1,B01
202000037886,1,7,,0,2,1,2,A01
202000037886,1,50,,0,0,4,0,B01
202000037887,2,7,,2,0,7,1,A01
202000037888,0,7,,0,2,3,1,B01
202000037888,0,7,,0,2,2,5,A01
202000037889,-1,1,,0,5,2,1,A01
202000037890,2,33,,0,2,0,0,B01
202000037890,-1,7,,0,2,1,16,A01
202000037891,2,7,,0,2,3,1,A01
202000037891,1,2,,0,2,1,1,B01
202000037892,1,50,,0,2,7,19,A01
202000037892,1,3,,0,9,3,15,B01
202000037893,1,7,,0,2,1,1,A01
202000037893,1,7,,0,0,6,26,B01
202000037894,1,7,,8,0,5,1,A01
202000037895,1,7,,0,1,1,1,A01
202000037896,1,14,,0,1,3,1,A01
202000037897,2,33,,0,2,1,1,B01
202000037897,1,10,,0,2,2,15,A01
202000037898,1,7,,0,1,2,1,A01
202000037899,2,7,,0,2,2,13,A01
202000037899,1,7,,0,2,1,21,B01
202000037900,1,7,,0,2,1,1,B01
202000037900,2,7,,0,2,1,15,A01
202000037901,1,7,,0,2,2,15,A01
202000037901,1,7,,0,2,3,1,B01
202000037902,0,33,,0,2,1,1,B01
202000037902,0,7,,0,2,3,15,A01
202000037903,1,7,,0,1,1,16,A01
202000037904,2,7,,0,2,1,19,A01
202000037904,1,50,,0,2,8,2,B01
202000037905,3,7,,2,0,3,0,A01
202000037906,2,7,,0,1,2,1,A01
202000037907,1,33,,2,0,1,14,A01
202000037908,1,7,,0,2,2,2,A01
202000037908,1,7,,0,2,6,2,B01
202000037909,1,10,,0,1,2,15,A01
202000037910,1,7,,8,0,1,1,A01
202000037911,1,10,,0,2,1,2,C01
202000037911,1,7,,0,2,4,2,B01
202000037911,1,10,,0,2,1,2,A01
202000037912,2,1,,0,1,8,0,A01
202000037913,2,33,,0,2,8,3,B01
202000037913,2,7,,0,2,2,12,A01
202000037914,1,7,,0,0,0,0,A01
202000037915,2,7,,0,2,1,2,D01
202000037915,2,7,,0,2,4,2,C01
202000037915,2,7,,0,2,4,2,B01
202000037915,2,7,,0,2,4,2,A01
202000037916,3,7,,0,0,3,1,A01
202000037916,3,2,,0,0,3,13,B01
202000037917,1,7,,13,0,2,1,A01
202000037918,1,7,,0,2,4,2,B01
202000037918,1,7,,0,2,3,2,A01
202000037919,1,7,,0,1,3,1,A01
202000037920,1,10,,0,2,0,2,A01
202000037920,1,7,,0,2,4,2,B01
202000037921,1,7,,0,2,1,1,B01
202000037921,1,33,,0,0,4,1,A01
202000037922,1,7,,3,0,3,1,A01
202000037923,2,7,,0,2,4,1,B01
202000037923,2,99,,0,2,1,2,C01
202000037923,2,7,,0,0,4,15,A01
202000037924,1,99,,0,2,4,2,C01
202000037924,1,7,,0,2,4,2,B01
202000037924,1,99,,0,2,1,2,A01
202000037925,1,7,,0,2,1,2,A01
202000037925,1,17,,0,2,4,1,B01
202000037926,1,7,,0,2,4,2,B01
202000037926,1,7,,15,2,1,2,A01
202000037927,2,7,,0,2,3,1,A01
202000037927,1,7,,0,2,3,13,B01
202000037928,1,17,,3,0,2,1,A01
202000037929,2,32,,0,2,1,1,B01
202000037929,2,32,,0,2,3,15,A01
202000037930,1,7,,0,1,3,1,A01
202000037931,2,7,,16,0,0,0,A01
202000037932,2,7,,3,0,1,1,A01
202000037933,3,2,,0,2,1,1,B01
202000037933,3,7,,0,2,2,1,A01
202000037934,1,7,,4,0,1,2,B01
202000037935,1,7,,0,0,6,15,A01
202000037935,1,34,,0,2,2,17,B01
202000037936,3,7,,0,1,2,1,A01
202000037937,2,7,,0,2,1,2,A01
202000037937,2,7,,0,2,4,2,B01
202000037937,2,7,,0,2,4,2,C01
202000037937,2,7,,0,2,4,2,D01
202000037937,2,7,,0,2,4,2,E01
202000037938,3,36,,14,0,1,0,A01
202000037939,1,1,,0,2,8,15,B01
202000037939,1,7,,0,9,2,1,A01
202000037940,1,33,,0,0,0,0,A01
202000037941,2,33,,0,2,1,3,B01
202000037941,1,10,,0,2,1,13,A01
202000037941,2,7,,0,2,3,2,C01
202000037942,2,7,,0,2,1,19,A01
202000037942,0,1,,0,2,7,19,B01
202000037943,1,33,,0,0,0,1,A01
202000037944,1,7,,0,1,7,1,A01
202000037945,1,15,,0,2,2,1,B01
202000037945,1,7,,0,2,6,9,A01
202000037946,2,7,,0,2,1,17,A01
202000037946,1,7,,0,2,1,1,B01
202000037947,1,31,,16,0,2,16,A01
202000037948,2,31,,0,2,8,3,B01
202000037948,2,7,,0,2,7,12,A01
202000037949,0,7,,0,1,1,2,A01
202000037950,1,10,,0,2,6,24,B01
202000037950,1,7,,1,0,2,0,A01
202000037951,2,3,,17,0,3,1,A01
202000037952,2,7,,0,2,4,0,C01
202000037952,2,7,,0,2,4,0,B01
202000037952,2,7,,0,2,0,26,A01
202000037953,2,7,,0,0,6,1,A01
202000037953,2,7,,3,2,2,3,B01
202000037954,1,33,,0,2,1,1,A01
202000037954,1,21,,0,2,3,9,B01
202000037955,1,10,,6,2,1,1,A01
202000037955,1,7,,0,2,1,1,B01
202000037956,1,13,,0,0,0,26,A01
202000037956,1,32,,0,0,0,26,B01
202000037957,1,7,,0,0,1,1,A01
202000037958,2,7,,0,0,0,26,A01
202000037958,2,7,,0,0,0,0,B01
202000037959,1,1,,0,2,4,1,B01
202000037959,1,7,,0,2,2,17,A01
202000037960,1,7,,0,2,1,1,Z01
202000037960,1,7,,0,2,4,1,B01
202000037961,1,7,,0,2,8,26,A01
202000037961,1,7,,0,2,2,0,B01
202000037962,1,7,,0,1,2,1,A01
202000037963,1,33,,0,2,3,3,A01
202000037963,1,7,,0,2,0,12,B01
202000037964,2,7,,0,2,5,2,D01
202000037964,2,7,,0,2,6,2,B01
202000037964,2,7,,0,2,2,3,Z01
202000037964,2,7,,0,2,8,2,C01
202000037965,1,7,,0,2,1,1,A01
202000037965,2,7,,0,2,1,1,B01
202000037966,2,15,,0,2,2,21,A01
202000037966,2,7,,0,2,6,2,B01
202000037967,2,10,,0,2,4,1,A01
202000037967,2,10,,0,2,1,2,B01
202000037968,2,7,,0,2,1,26,A01
202000037968,2,7,,0,2,4,1,B01
202000037969,2,7,,3,2,5,1,B01
202000037969,2,7,,3,2,1,1,A01
202000037970,2,13,,4,0,0,1,B01
202000037970,2,30,,4,9,7,1,A01
202000037971,1,7,,0,2,2,1,A01
202000037971,3,1,,0,2,3,26,B01
202000037972,1,31,,0,0,0,26,A01
202000037973,1,7,,0,2,1,1,D01
202000037973,1,7,,0,2,4,1,C01
202000037973,1,7,,0,2,4,1,B01
202000037973,1,7,,0,2,1,2,A01
202000037974,1,7,,2,0,2,1,A01
202000037975,1,33,,0,2,8,3,B01
202000037975,1,7,,0,2,2,12,A01
202000037976,2,7,,0,2,4,2,B01
202000037976,2,10,,0,2,1,2,A01
202000037977,1,7,,0,1,2,1,A01
202000037978,2,7,,0,0,9,1,A01
202000037979,2,7,,13,0,2,1,A01
202000037980,2,7,,4,0,1,1,A01
202000037981,2,7,,0,0,0,1,A01
202000037981,1,33,,0,0,0,21,B01
202000037982,1,7,,0,2,3,9,B01
202000037982,1,33,,0,2,2,3,A01
202000037983,1,7,,0,2,1,13,A01
202000037983,2,7,,0,2,1,1,B01
202000037984,2,7,,0,2,3,9,A01
202000037984,2,17,,0,2,5,2,B01
202000037985,1,7,,0,2,2,13,A01
202000037985,2,7,,0,2,1,1,B01
202000037986,1,7,,0,2,2,5,A01
202000037986,2,7,,0,2,1,5,B01
202000037987,1,7,,14,1,2,23,A01
202000037988,2,7,,0,2,1,1,B01
202000037988,2,7,,12,2,1,11,A01
202000037989,2,7,,0,2,2,1,A01
202000037989,1,2,,0,2,1,15,B01
202000037990,3,2,,0,0,5,1,B01
202000037990,3,7,,0,2,2,9,A01
202000037991,1,10,,16,1,1,1,A01
202000037992,2,31,,0,2,1,17,B01
202000037992,2,7,,0,0,6,15,A01
202000037993,3,43,,0,2,7,21,B01
202000037993,3,7,,0,2,4,4,A01
202000037994,3,2,,0,2,1,1,B01
202000037994,3,7,,0,2,7,15,CA01
202000037995,2,7,,0,1,3,2,A01
202000037996,1,7,,0,1,2,16,A01
202000037997,0,50,,0,2,1,1,A01
202000037997,0,7,,0,2,1,1,B01
202000037998,2,7,,13,0,0,0,A01
202000037999,1,31,,8,0,1,8,B01
202000037999,2,7,,8,0,3,26,A01
202000038000,2,33,,0,2,1,1,B01
202000038000,3,7,,0,2,2,16,A01
202000038001,1,7,,9,0,3,1,A01
202000038001,1,7,,0,0,0,11,B01
202000038002,1,7,,0,2,3,1,C01
202000038002,1,7,,0,2,4,15,B01
202000038002,1,7,,0,2,1,9,A01
202000038003,2,1,,0,1,1,1,B01
202000038004,3,7,,0,2,3,15,D01
202000038004,2,33,,0,2,7,17,A01
202000038005,3,30,,0,0,0,0,A01
202000038006,0,7,,0,1,0,1,A01
202000038007,2,7,,0,1,1,19,A01
202000038008,1,7,,0,2,2,15,B01
202000038008,2,7,,0,2,8,1,A01
202000038009,1,7,,2,0,8,0,A01
202000038010,1,14,,0,0,9,2,A01
202000038011,1,50,,0,2,1,1,B01
202000038011,3,34,,0,9,7,23,A01
202000038012,1,2,,0,0,2,1,A01
202000038013,1,7,,0,2,2,1,B01
202000038013,1,14,,0,2,6,9,A01
202000038014,3,33,,0,0,0,1,A01
202000038015,2,7,,0,1,2,21,A01
202000038016,3,7,,13,0,1,13,A01
202000038017,1,7,,4,2,1,2,B01
202000038017,1,7,,0,2,3,19,A01
202000038018,0,2,,7,0,1,17,A01
202000038019,2,7,,0,2,8,1,B01
202000038019,1,7,,0,2,2,15,A01
202000038020,3,33,,0,2,7,13,A01
202000038020,3,13,,0,2,6,20,B01
202000038021,0,7,,0,1,2,16,A01
202000038022,0,7,,0,2,1,2,B01
202000038022,0,7,,0,1,1,23,A01
202000038023,0,2,,0,2,4,1,B01
202000038023,0,7,,0,2,2,9,A01
202000038024,1,7,,0,2,1,26,A01
202000038024,1,7,,0,2,4,1,B01
202000038025,1,7,,0,2,1,1,A01
202000038025,1,7,,0,2,3,9,B01
202000038026,2,7,,0,2,7,1,B01
202000038026,1,7,,0,2,1,9,A01
202000038027,1,31,,0,2,1,1,A01
202000038027,3,7,,0,2,6,9,B01
202000038028,2,7,,0,2,8,9,A01
202000038028,1,33,,0,2,1,1,B01
202000038029,2,1,,0,0,1,1,A01
202000038030,1,33,,0,2,7,1,B01
202000038030,0,7,,0,2,1,15,A01
202000038031,2,7,,0,0,8,1,C01
202000038031,1,33,,0,2,1,3,A01
202000038031,1,7,,0,0,6,15,B01
202000038032,2,7,,0,1,2,15,A01
202000038033,0,7,,0,1,1,1,A01
202000038034,1,7,,0,2,1,1,B01
202000038034,2,7,,0,2,1,13,A01
202000038035,2,33,,14,0,1,17,A01
202000038036,1,7,,0,9,7,1,B01
202000038036,2,1,,0,2,2,5,A01
202000038037,3,7,,0,1,4,20,A01
202000038038,1,7,,0,2,4,23,B01
202000038038,1,30,,0,2,1,2,A01
202000038039,2,7,,0,2,3,0,A01
202000038039,1,7,,0,2,2,0,B01
202000038040,1,7,,0,2,9,1,A01
202000038041,1,7,,0,2,3,2,A01
202000038041,2,7,,0,2,6,2,B01
202000038042,0,7,,0,2,2,1,A01
202000038042,0,7,,0,2,4,0,B01
202000038042,0,7,,0,2,6,1,C01
202000038042,0,7,,0,2,0,1,D01
202000038043,3,1,,0,2,1,9,B01
202000038043,3,7,,0,2,8,1,A01
202000038044,2,7,,0,2,3,23,C01
202000038044,1,31,,0,2,3,1,B01
202000038044,2,7,,0,2,1,15,A01
202000038045,1,1,,0,2,0,0,B01
202000038045,1,7,,0,2,7,1,A01
202000038046,1,7,,0,1,1,1,A01
202000038047,1,7,,0,2,2,9,A01
202000038047,2,7,,9,2,3,1,B01
202000038048,2,7,,0,2,6,15,B01
202000038048,1,30,,0,2,3,1,A01
202000038049,1,2,,14,2,1,1,A01
202000038049,2,21,,0,2,8,6,B01
202000038050,0,7,,0,2,8,0,B01
202000038050,0,7,,0,2,1,1,A01
202000038051,1,7,,0,1,2,1,A01
202000038052,1,7,,13,2,3,0,B01
202000038052,2,7,,0,2,3,13,A01
202000038053,2,7,,0,2,4,23,B01
202000038053,2,7,,0,2,1,1,A01
202000038054,1,14,,0,1,6,24,B01
202000038054,1,7,,1,2,1,1,A01
202000038055,0,7,,0,2,8,1,B01
202000038055,0,7,,0,2,1,1,A01
202000038056,3,31,,6,0,1,1,A01
202000038057,2,7,,0,2,1,1,B01
202000038057,1,7,,0,2,1,13,A01
202000038058,2,7,,0,2,4,1,C01
202000038058,2,7,,0,2,1,17,D01
202000038058,2,7,,0,2,1,2,A01
202000038058,2,7,,0,2,4,2,B01
202000038059,3,7,,0,2,4,2,B01
202000038059,3,7,,0,2,1,2,A01
202000038060,1,7,,0,1,1,15,A01
202000038061,2,10,,0,2,3,11,B01
202000038061,2,34,,0,2,2,3,A01
202000038062,1,7,,0,2,4,17,A01
202000038062,1,7,,0,2,1,16,C01
202000038062,1,7,,0,2,1,17,B01
202000038062,1,7,,0,2,1,17,D01
202000038062,1,10,,14,0,1,17,E01
202000038063,2,32,,16,0,3,1,A01
202000038064,1,7,,0,2,4,5,A01
202000038064,1,7,,0,2,1,1,B01
202000038065,2,17,,0,2,3,1,B01
202000038065,2,34,,0,2,2,12,A01
202000038066,0,7,,0,2,0,0,A01
202000038066,3,7,,0,0,0,0,B01
202000038067,3,33,,0,2,0,0,A01
202000038068,1,7,,0,2,4,2,A01
202000038068,1,33,,0,2,1,2,B01
202000038069,3,60,,0,0,0,26,A01
202000038070,3,80,,0,2,0,15,A01
202000038070,3,7,,0,0,0,0,B01
202000038071,0,33,,0,2,1,16,A01
202000038071,3,7,,0,2,8,1,AB01
202000038072,1,1,,0,2,1,1,A01
202000038072,1,7,,0,9,0,0,B01
202000038073,2,7,,0,0,4,2,B01
202000038073,2,33,,0,2,1,2,A01
202000038074,2,7,,0,2,4,2,C01
202000038074,2,7,,0,2,4,2,B01
202000038074,2,7,,0,2,1,2,A01
202000038075,2,7,,0,2,7,0,B01
202000038075,1,7,,0,2,1,1,A01
202000038076,2,7,,0,2,3,1,A01
202000038076,1,1,,0,2,0,0,B01
202000038077,2,14,,0,2,1,26,A01
202000038077,2,7,,0,2,0,1,B01
202000038078,1,7,,0,2,7,1,A01
202000038078,1,7,,0,2,1,1,B01
202000038079,2,7,,0,2,4,2,B01
202000038079,2,38,1.0,0,2,1,2,A01
202000038080,2,33,,0,2,4,2,B01
202000038080,2,7,,0,2,3,1,A01
202000038081,2,33,,0,2,1,2,B01
202000038081,2,7,,0,2,6,26,A01
202000038082,1,7,,0,2,5,1,B01
202000038082,2,7,,0,2,3,1,A01
202000038083,2,30,,12,0,3,13,A01
202000038084,1,7,,0,2,1,2,Z01
202000038084,1,7,,1,0,4,9,A01
202000038085,2,32,,0,1,0,17,A01
202000038086,1,1,,0,0,1,1,A01
202000038087,1,7,,0,1,3,16,A01
202000038088,1,30,,0,2,1,2,A01
202000038088,1,7,,0,2,4,23,B01
202000038089,0,7,,0,2,2,1,B01
202000038089,0,50,,0,2,1,16,A01
202000038090,0,7,,0,2,1,0,D01
202000038090,0,2,,0,2,1,1,B01
202000038091,1,31,,0,2,7,17,A01
202000038091,1,7,,0,2,8,17,B01
202000038092,2,37,1.0,1,0,7,17,A01
202000038092,2,20,,0,0,8,24,B01