Num_Acc,senc,catv,occutc,obs,obsm,choc,manv,num_veh
202000038093,3,7,,0,2,2,15,A01
202000038093,3,2,,0,2,1,1,B01
202000038094,2,7,,0,2,6,1,B01
202000038094,1,7,,0,2,8,1,A01
202000038095,3,50,,0,0,0,0,A01
202000038096,2,1,,0,2,0,15,B01
202000038096,1,7,,0,2,0,1,A01
202000038097,2,7,,0,2,2,1,B01
202000038097,1,7,,0,2,2,15,A01
202000038098,2,1,,0,2,1,13,A01
202000038098,0,7,,0,2,1,1,B01
202000038099,3,7,,0,1,1,19,A01
202000038100,1,7,,0,1,2,1,Z01
202000038101,1,2,,0,2,1,1,B01
202000038101,1,7,,0,2,8,15,Z01
202000038102,1,30,,3,0,0,1,A01
202000038103,2,7,,17,0,1,13,A01
202000038104,1,7,,0,2,3,5,B01
202000038104,2,33,,0,2,3,5,A01
202000038105,2,2,,0,2,1,1,B01
202000038105,1,7,,0,2,3,17,A01
202000038106,2,7,,4,0,1,1,A01
202000038107,1,33,,0,0,0,1,A01
202000038108,1,7,,0,2,2,10,A01
202000038108,2,7,,0,2,1,1,C01
202000038108,1,33,,0,2,0,1,B01
202000038109,1,7,,4,0,1,1,A01
202000038110,1,33,,0,2,3,1,A01
202000038110,1,7,,0,2,2,9,B01
202000038111,1,33,,0,0,7,1,A01
202000038112,1,7,,0,2,0,3,A01
202000038112,1,7,,0,2,2,1,B01
202000038112,1,7,,0,0,8,1,C01
202000038113,1,2,,0,2,1,1,B01
202000038113,1,7,,0,2,2,1,A01
202000038114,1,33,,0,2,9,13,A01
202000038114,2,33,,0,2,1,1,B01
202000038115,2,7,,0,1,2,19,A01
202000038116,1,7,,16,0,9,0,A01
202000038117,1,7,,4,0,1,0,A01
202000038118,3,31,,0,0,8,19,A01
202000038118,3,34,,0,0,2,26,B01
202000038119,1,33,,7,0,1,1,A01
202000038120,1,7,,3,0,1,1,A01
202000038121,1,33,,0,0,0,21,A01
202000038122,1,33,,13,0,2,1,A01
202000038123,2,7,,7,0,1,1,A01
202000038124,1,2,,13,0,1,14,A01
202000038125,0,1,,0,9,0,0,A01
202000038126,3,1,,0,2,1,1,B01
202000038126,3,7,,0,9,2,1,A01
202000038127,1,7,,3,0,4,0,A01
202000038128,1,1,,0,0,0,1,A01
202000038129,1,20,,0,2,1,26,A01
202000038129,1,7,,0,2,4,1,B01
202000038130,2,10,,0,2,6,1,B01
202000038130,2,34,,0,2,1,0,A01
202000038131,1,17,,0,2,6,1,B01
202000038131,1,7,,0,2,2,14,A01
202000038132,2,7,,3,2,1,2,A01
202000038132,2,7,,0,2,4,2,B01
202000038133,1,7,,0,2,1,2,A01
202000038133,1,7,,0,2,4,2,B01
202000038133,1,7,,0,2,1,2,C01
202000038133,1,7,,0,2,4,2,D01
202000038134,1,7,,3,0,0,1,A01
202000038135,2,7,,0,0,1,0,A01
202000038136,2,7,,3,0,1,2,A01
202000038137,1,38,1.0,0,2,5,1,B01
202000038137,1,7,,0,2,1,12,A01
202000038138,1,33,,0,2,1,2,B01
202000038138,1,7,,0,2,4,2,A01
202000038139,1,7,,3,0,1,1,A01
202000038140,1,7,,1,0,1,2,B01
202000038141,1,43,,14,0,8,9,A01
202000038142,1,10,,0,2,4,2,D01
202000038142,1,7,,0,2,4,2,C01
202000038142,1,7,,0,2,4,2,B01
202000038142,1,10,,0,2,1,2,A01
202000038143,1,33,,14,0,1,9,A01
202000038144,2,7,,0,2,4,23,A01
202000038144,2,7,,0,2,1,11,B01
202000038145,1,33,,4,0,8,0,A01
202000038146,0,7,,0,1,7,1,A01
202000038147,1,7,,0,1,1,1,A01
202000038148,3,7,,0,1,6,4,A01
202000038149,2,7,,0,1,8,14,A01
202000038150,3,7,,0,2,4,1,B01
202000038150,3,7,,0,2,1,1,A01
202000038151,2,7,,0,2,3,9,A01
202000038151,2,31,,0,2,1,2,B01
202000038152,2,7,,0,2,1,15,B01
202000038152,1,7,,15,2,3,1,A01
202000038153,1,7,,8,0,1,1,A01
202000038154,3,7,,0,2,1,2,A01
202000038154,3,7,,0,2,4,2,B01
202000038155,2,7,,0,1,2,15,A01
202000038156,2,7,,0,2,1,1,B01
202000038156,1,7,,0,2,1,5,A01
202000038157,3,99,,0,0,0,0,A01
202000038158,1,2,,0,2,2,1,B01
202000038158,1,7,,0,2,3,9,A01
202000038159,3,7,,0,1,3,15,A01
202000038160,3,7,,0,2,3,26,A01
202000038160,1,33,,0,2,1,1,B01
202000038161,2,31,,0,1,1,17,A01
202000038162,3,7,,3,0,1,1,A01
202000038163,1,7,,2,0,8,14,A01
202000038164,2,7,,0,1,2,1,A01
202000038165,2,7,,0,2,5,1,A01
202000038165,2,7,,0,2,2,15,B01
202000038166,0,32,,0,2,7,12,A01
202000038166,0,7,,0,2,8,1,B01
202000038167,2,7,,0,2,1,15,A01
202000038167,1,10,,0,2,2,1,B01
202000038168,1,33,,0,2,4,2,B01
202000038168,1,7,,0,2,1,2,A01
202000038169,3,7,,13,0,1,1,A01
202000038170,1,33,,0,2,3,1,B01
202000038170,2,7,,0,2,1,15,A01
202000038171,2,31,,0,2,8,1,B01
202000038171,2,7,,0,2,7,12,A01
202000038172,3,7,,0,2,1,1,B01
202000038172,3,2,,0,2,1,26,A01
202000038173,3,1,,0,2,1,1,A01
202000038173,3,7,,0,2,6,1,B01
202000038174,1,1,,0,2,8,1,B01
202000038174,1,7,,0,9,1,16,A01
202000038175,1,7,,1,0,2,14,A01
202000038176,2,10,,0,2,1,2,A01
202000038176,2,7,,0,2,1,2,C01
202000038176,2,7,,0,2,4,2,B01
202000038177,2,10,,0,2,1,2,A01
202000038177,2,10,,0,2,1,2,B01
202000038177,2,10,,0,2,4,2,C01
202000038178,2,2,,0,2,1,13,B01
202000038178,1,7,,0,2,6,1,A01
202000038179,1,7,,0,2,8,10,A01
202000038179,2,2,,0,2,1,1,B01
202000038180,1,10,,6,2,0,6,A01
202000038180,1,10,,0,0,0,2,B01
202000038181,2,1,,0,0,0,1,A01
202000038181,2,10,,0,0,0,20,Z01
202000038182,3,1,,1,0,0,0,B01
202000038183,1,37,4.0,0,2,1,1,B01
202000038183,1,7,,0,2,7,1,A01
202000038184,1,7,,0,0,1,1,A01
202000038185,3,33,,0,0,0,26,A01
202000038186,1,7,,0,2,3,20,A01
202000038186,1,33,,0,2,4,21,B01
202000038187,3,7,,0,2,0,0,B01
202000038187,3,7,,0,2,4,1,A01
202000038188,2,7,,0,2,3,1,B01
202000038188,1,7,,0,2,3,1,A01
202000038189,2,7,,13,0,2,1,A01
202000038190,1,7,,0,2,2,1,A01
202000038190,1,31,,0,2,1,2,B01
202000038191,2,7,,0,2,2,9,A01
202000038191,2,7,,9,0,1,0,B01
202000038192,2,2,,1,0,1,1,A01
202000038193,2,33,,0,0,8,16,A01
202000038194,1,10,,0,1,1,1,A01
202000038195,2,33,,0,2,2,17,B01
202000038195,2,7,,0,2,3,15,A01
202000038196,1,33,,0,0,8,26,A01
202000038197,0,31,,1,0,6,14,A01
202000038198,1,7,,0,1,3,1,A01
202000038199,3,7,,1,0,2,1,A01
202000038200,3,7,,0,2,3,11,A01
202000038200,3,2,,0,2,5,12,B01
202000038201,3,1,,0,2,0,0,B01
202000038201,3,7,,0,2,2,2,A01
202000038202,0,30,,0,1,0,1,A01
202000038203,1,7,,0,2,1,1,A01
202000038203,1,7,,0,2,1,1,B01
202000038204,3,7,,0,2,4,0,B01
202000038204,3,7,,0,2,4,2,C01
202000038204,3,10,,0,2,1,2,A01
202000038205,0,7,,0,1,1,26,A01
202000038206,2,40,,0,1,3,26,A01
202000038207,1,7,,0,2,2,15,A01
202000038207,2,7,,0,2,1,1,B01
202000038208,1,7,,0,1,7,1,A01
202000038209,1,31,,0,2,1,7,B01
202000038209,1,7,,0,2,7,16,A01
202000038210,1,7,,8,0,1,1,A01
202000038211,2,7,,0,0,0,0,B01
202000038211,1,7,,0,0,1,9,A01
202000038212,1,7,,0,1,1,1,A01
202000038213,1,7,,0,2,1,1,A01
202000038213,1,31,,0,2,7,1,B01
202000038214,1,7,,0,2,3,15,B01
202000038214,1,33,,0,2,1,17,A01
202000038215,1,7,,13,0,2,14,A01
202000038216,1,7,,3,0,0,14,A01
202000038217,1,7,,0,2,3,13,A01
202000038217,2,7,,0,2,1,1,B01
202000038217,1,7,,0,2,1,1,C01
202000038218,0,7,,0,2,4,1,E01
202000038218,0,7,,0,2,1,1,A01
202000038218,0,7,,0,2,4,1,B01
202000038218,0,7,,0,2,4,1,C01
202000038218,0,7,,0,2,4,1,D01
202000038219,1,7,,0,2,2,15,A01
202000038219,2,30,,0,2,1,2,B01
202000038220,1,7,,0,2,1,15,A01
202000038220,1,32,,0,2,7,0,B01
202000038221,2,34,,0,1,1,1,A01
202000038222,2,7,,8,0,2,16,A01
202000038223,2,7,,0,2,4,2,B01
202000038223,2,7,,0,2,1,2,A01
202000038224,1,7,,0,2,4,23,B01
202000038224,1,33,,0,2,2,2,A01
202000038225,2,1,,0,2,3,15,A01
202000038225,1,7,,0,2,2,1,B01
202000038226,2,33,,0,2,1,1,B01
202000038226,1,7,,0,2,2,15,A01
202000038227,2,7,,0,2,1,1,A01
202000038227,1,7,,0,2,4,23,B01
202000038228,2,50,,0,2,1,9,B01
202000038228,2,7,,0,2,3,17,A01
202000038229,2,7,,0,2,3,5,Z01
202000038229,1,1,,0,2,1,13,A01
202000038230,1,33,,1,1,2,21,A01
202000038231,1,7,,0,2,2,16,B01
202000038231,1,32,,0,2,8,1,A01
202000038232,1,7,,0,2,2,10,A01
202000038232,1,7,,0,2,3,1,B01
202000038233,1,1,,0,2,1,1,B01
202000038233,1,7,,0,2,2,16,A01
202000038234,3,31,,0,2,5,1,B01
202000038234,3,7,,0,2,5,15,A01
202000038235,1,30,,0,2,1,2,A01
202000038235,1,33,,0,2,7,1,B01
202000038236,1,30,,0,2,8,15,A01
202000038236,1,43,,0,2,2,1,B01
202000038237,1,30,,14,0,1,13,A01
202000038238,1,50,,0,2,3,5,B01
202000038238,1,7,,0,2,2,15,A01
202000038239,2,1,,0,2,1,1,B01
202000038239,1,32,,0,2,5,15,A01
202000038240,1,1,,0,2,1,1,B01
202000038240,2,7,,0,2,2,16,A01
202000038241,2,34,,0,2,1,1,A01
202000038241,2,7,,0,2,4,23,B01
202000038242,1,10,,0,2,5,23,B01
202000038242,1,43,,1,0,3,21,A01
202000038243,1,33,,0,2,4,1,C01
202000038243,1,7,,0,2,5,16,A01
202000038243,1,33,,0,2,3,1,B01
202000038244,1,10,,0,2,4,14,A01
202000038244,2,33,,0,0,1,1,B01
202000038245,2,7,,0,2,1,2,Z01
202000038245,1,7,,0,2,4,23,B01
202000038246,3,7,,8,0,1,14,A01
202000038247,1,7,,0,2,1,26,A01
202000038247,1,7,,0,2,3,15,B01
202000038248,0,7,,0,2,1,0,B01
202000038248,3,7,,0,2,8,9,A01
202000038249,1,7,,0,2,4,23,A01
202000038249,1,7,,0,2,1,1,B01
202000038250,2,33,,0,2,1,17,A01
202000038250,1,7,,0,2,2,1,B01
202000038251,1,7,,0,1,5,1,A01
202000038252,1,2,,0,2,3,2,B01
202000038252,1,7,,0,2,7,15,A01
202000038253,2,38,1.0,0,1,3,24,A01
202000038254,3,32,,0,1,1,1,A01
202000038255,1,7,,0,1,2,2,A01
202000038256,2,2,,0,2,2,15,B01
202000038256,1,7,,0,2,3,19,A01
202000038257,1,7,,0,2,1,1,A01
202000038257,1,7,,0,2,4,1,B01
202000038258,1,32,,0,2,2,17,A01
202000038258,1,7,,0,2,3,15,B01
202000038259,2,7,,8,0,1,1,A01
202000038260,2,7,,0,2,3,0,A01
202000038260,2,30,,0,2,0,0,B01
202000038261,1,14,,0,0,2,1,A01
202000038262,1,7,,2,0,9,1,A01
202000038263,2,33,,0,2,1,1,A01
202000038263,2,7,,0,2,7,20,B01
202000038264,2,7,,0,2,3,13,A01
202000038264,1,21,,0,2,3,1,B01
202000038265,1,7,,0,2,3,1,B01
202000038265,2,7,,0,2,7,15,A01
202000038266,1,7,,0,2,8,1,B01
202000038266,2,7,,0,2,8,1,A01
202000038267,2,7,,0,2,7,15,B01
202000038267,1,33,,0,2,1,1,A01
202000038268,3,7,,2,0,3,0,A01
202000038269,3,36,,0,0,7,1,A01
202000038270,2,33,,1,0,1,26,A01
202000038271,1,7,,1,0,0,1,A01
202000038272,2,21,,0,2,6,15,B01
202000038272,2,33,,0,2,1,17,A01
202000038273,0,7,,0,1,3,1,A01
202000038274,1,7,,15,0,1,13,A01
202000038275,1,7,,0,2,2,1,B01
202000038275,1,7,,0,2,1,9,A01
202000038276,1,7,,7,0,1,21,B01
202000038276,1,7,,2,0,1,21,C01
202000038276,2,7,,0,0,0,9,A01
202000038277,2,7,,15,0,2,1,A01
202000038278,1,7,,0,0,0,1,A01
202000038279,2,33,,3,0,3,1,A01
202000038280,2,7,,0,2,3,1,A01
202000038280,1,15,,0,2,3,1,B01
202000038281,2,7,,13,0,9,13,A01
202000038282,1,10,,0,2,3,9,B01
202000038282,2,33,,0,2,2,21,A01
202000038283,1,7,,3,0,2,1,A01
202000038284,0,2,,13,0,0,1,A01
202000038285,2,33,,2,0,1,14,A01
202000038285,2,33,,16,0,8,1,B01
202000038286,1,7,,0,2,4,0,B01
202000038286,1,7,,0,2,1,0,A01
202000038287,2,7,,0,2,2,15,A01
202000038287,1,33,,0,2,7,1,B01
202000038288,2,7,,13,0,3,13,A01
202000038289,1,7,,2,0,1,1,A01
202000038290,2,33,,0,2,1,1,C01
202000038290,1,7,,13,2,1,1,A01
202000038290,2,7,,0,2,4,1,B01
202000038291,1,7,,0,1,2,1,A01
202000038292,2,7,,13,0,1,1,A01
202000038293,2,7,,0,2,3,2,B01
202000038293,1,7,,0,2,1,13,A01
202000038294,1,7,,0,0,7,21,B01
202000038294,2,7,,15,0,2,5,A01
202000038295,2,33,,0,2,5,3,A01
202000038295,2,7,,0,2,3,1,B01
202000038295,2,10,,0,2,7,1,C01
202000038296,2,10,,0,2,1,2,A01
202000038296,2,10,,3,0,4,1,B01
202000038297,2,7,,0,-1,1,1,B01
202000038297,2,7,,-1,-1,4,1,A01
202000038298,3,7,,0,1,1,1,A01
202000038299,2,7,,0,2,5,1,B01
202000038299,2,31,,0,2,1,18,A01
202000038300,1,0,,0,2,0,0,B01
202000038300,2,10,,0,2,8,2,A01
202000038301,2,7,,0,2,2,15,A01
202000038301,1,50,,0,2,1,1,B01
202000038302,2,7,,0,2,1,1,A01
202000038302,2,7,,0,2,4,1,B01
202000038303,2,1,,0,2,8,1,B01
202000038303,1,1,,0,2,1,9,A01
202000038304,1,7,,4,0,3,13,A01
202000038305,1,32,,6,0,1,1,A01
202000038306,1,7,,0,2,3,9,A01
202000038306,1,2,,0,2,7,1,B01
202000038307,1,7,,4,0,9,1,A01
202000038308,3,7,,8,0,1,1,A01
202000038309,2,30,,0,2,2,2,A01
202000038309,2,7,,0,2,6,1,B01
202000038310,3,7,,0,2,1,1,B01
202000038310,3,7,,0,2,1,1,A01
202000038311,1,7,,0,2,8,1,B01
202000038311,2,7,,0,2,3,15,A01
202000038312,1,7,,0,2,1,1,B01
202000038312,1,7,,8,2,1,16,A01
202000038313,2,7,,0,2,2,16,A01
202000038313,2,2,,0,2,1,1,B01
202000038314,1,33,,0,2,1,1,B01
202000038314,1,7,,0,2,2,19,A01
202000038315,1,7,,0,2,1,1,A01
202000038315,1,7,,0,2,4,1,B01
202000038316,1,2,,0,2,6,2,A01
202000038316,1,7,,0,2,2,16,B01
202000038317,2,2,,1,0,1,13,A01
202000038318,1,34,,0,2,8,18,A01
202000038318,1,31,,0,2,7,3,B01
202000038318,1,10,,0,2,7,1,C01
202000038319,1,10,,0,2,4,2,B01
202000038319,1,7,,0,2,1,2,A01
202000038320,1,43,,12,0,3,13,A01
202000038321,2,30,,0,1,1,1,Z01
202000038322,3,7,,0,2,3,1,A01
202000038322,3,7,,0,2,2,1,B01
202000038323,1,33,,0,2,3,1,A01
202000038323,2,7,,0,2,3,15,B01
202000038324,1,43,,0,2,2,17,B01
202000038324,1,7,,0,2,8,13,A01
202000038325,3,7,,0,2,8,16,B01
202000038325,3,7,,0,2,2,1,A01
202000038326,2,7,,0,1,2,1,A01
202000038327,1,7,,0,2,1,15,A01
202000038327,2,1,,0,2,1,1,B01
202000038328,2,10,,0,2,3,15,B01
202000038328,2,1,,0,2,1,1,A01
202000038329,2,7,,0,2,7,1,C01
202000038329,2,7,,0,2,3,22,A01
202000038329,2,80,,0,2,9,1,B01
202000038330,2,33,,1,2,1,17,B01
202000038330,2,10,,0,2,3,22,A01
202000038331,1,33,,12,2,8,1,B01
202000038331,1,7,,12,2,8,14,A01
202000038332,2,30,,0,0,0,21,A01
202000038333,1,30,,0,1,1,1,Z01
202000038334,1,30,,0,2,1,2,A01
202000038334,1,7,,0,2,6,23,B01
202000038335,1,32,,0,2,0,1,B01
202000038335,2,10,,0,2,0,10,A01
202000038336,2,30,,0,2,1,1,A01
202000038336,1,7,,0,2,8,15,B01
202000038337,2,7,,0,2,2,1,B01
202000038337,2,50,,0,2,3,15,A01
202000038338,1,7,,0,2,3,9,A01
202000038338,1,99,,0,2,2,1,B01
202000038339,1,33,,1,2,7,2,B01
202000038339,1,7,,1,0,6,20,A01
202000038340,2,7,,0,1,3,1,A01
202000038341,0,7,,0,2,2,15,B01
202000038341,0,10,,0,2,7,1,A01
202000038342,2,0,,0,2,8,1,X01
202000038342,2,33,,0,2,1,1,A01
202000038343,2,7,,0,2,5,15,A01
202000038343,1,7,,0,2,1,1,B01
202000038344,1,10,,0,1,2,16,B01
202000038345,0,14,,1,1,3,9,A01
202000038346,1,7,,1,2,7,26,A01
202000038346,1,7,,1,2,7,26,B01
202000038347,0,1,,0,2,3,9,B01
202000038347,2,37,2.0,0,2,2,9,A01
202000038348,3,99,,0,9,0,16,A01
202000038348,0,50,,0,2,0,1,B01
202000038349,1,7,,0,2,3,2,A01
202000038349,1,2,,0,2,1,2,B01
202000038350,1,32,,8,0,2,14,A01
202000038351,3,34,,14,0,1,1,A01
202000038352,2,7,,0,0,8,15,B01
202000038352,2,2,,0,2,2,17,A01
202000038353,1,7,,0,2,3,13,A01
202000038353,2,7,,15,2,3,1,B01
202000038354,2,7,,16,0,0,0,A01
202000038355,0,1,,0,9,1,2,B01
202000038355,0,1,,0,9,1,2,A01
202000038356,1,7,,16,0,1,14,A01
202000038357,2,7,,0,0,1,1,A01
202000038358,1,7,,0,2,8,15,A01
202000038358,1,33,,0,2,1,17,B01
202000038359,2,32,,0,2,5,1,B01
202000038359,2,7,,0,2,3,15,A01
202000038360,2,1,,16,0,0,21,A01
202000038361,2,1,,0,2,3,1,B01
202000038361,1,7,,0,2,5,15,A01
202000038362,1,10,,6,0,1,0,A01
202000038363,1,33,,6,0,1,1,A01
202000038364,1,2,,0,2,1,2,A01
202000038364,1,3,,0,0,4,1,B01
202000038365,1,7,,0,2,1,21,A01
202000038365,2,7,,0,2,1,1,B01
202000038366,1,7,,0,2,3,13,A01
202000038366,2,7,,0,2,3,1,B01
202000038367,2,33,,13,0,7,1,A01
202000038368,1,0,,0,1,1,16,A01
202000038369,2,7,,0,2,5,15,A01
202000038369,2,7,,0,2,3,2,B01
202000038370,3,33,,7,0,7,0,A01
202000038371,1,7,,13,0,8,13,A01
202000038372,2,7,,13,0,1,13,A01
202000038373,3,7,,0,2,2,17,A01
202000038373,3,1,,0,2,8,2,B01
202000038374,1,33,,16,0,0,1,A01
202000038375,3,33,,0,0,0,0,A01
202000038376,1,7,,0,2,5,24,A01
202000038376,1,1,,1,0,1,25,B01
202000038377,2,15,,0,0,8,10,B01
202000038377,1,7,,0,2,1,1,A01
202000038378,1,7,,0,0,0,17,A01
202000038379,3,7,,0,9,3,13,A01
202000038379,3,1,,0,2,1,0,B01
202000038380,1,7,,0,1,2,2,A01
202000038381,1,7,,0,2,8,19,A01
202000038381,2,7,,0,2,1,1,B01
202000038382,2,7,,0,0,4,1,A01
202000038382,2,7,,0,2,1,1,B01
202000038382,2,7,,0,2,1,1,C01
202000038383,1,17,,0,0,4,2,B01
202000038383,1,33,,0,2,1,2,A01
202000038384,2,33,,0,0,4,1,A01
202000038384,2,33,,0,2,1,1,B01
202000038385,0,2,,0,2,3,1,B01
202000038385,0,7,,0,2,3,0,A01
202000038386,2,31,,0,0,9,1,A01
202000038387,1,33,,0,2,1,17,A01
202000038387,1,7,,0,0,5,15,B01
202000038387,1,7,,0,0,3,1,C01
202000038388,1,36,,12,0,2,1,A01
202000038389,1,7,,0,2,2,1,B01
202000038389,2,33,,0,2,1,0,A01
202000038390,2,7,,2,0,1,1,A01
202000038391,3,2,,0,2,1,1,A01
202000038391,3,7,,0,2,5,1,B01
202000038392,2,7,,2,0,2,14,A01
202000038393,1,7,,0,2,3,1,B01
202000038393,2,7,,0,2,7,1,A01
202000038394,1,33,,0,2,7,1,B01
202000038394,2,7,,0,2,2,15,A01
202000038395,2,21,,0,2,3,1,B01
202000038395,1,33,,0,2,1,21,A01
202000038396,1,2,,0,2,1,17,A01
202000038396,2,7,,0,2,3,1,B01
202000038397,2,21,,0,0,4,2,B01
202000038397,1,7,,0,2,1,2,A01
202000038398,2,7,,0,2,1,1,B01
202000038398,1,7,,0,2,7,17,A01
202000038399,1,7,,0,2,3,9,A01
202000038399,1,1,,0,2,2,1,B01
202000038400,3,60,,0,1,7,19,B01
202000038400,3,7,,0,2,2,1,A01
202000038401,1,7,,0,2,4,0,A01
202000038401,1,7,,0,2,1,0,B01
202000038402,2,7,,0,2,4,1,A01
202000038402,2,7,,0,2,4,2,B01
202000038402,2,7,,0,2,1,2,C01
202000038403,1,7,,0,2,0,1,B01
202000038403,1,15,,0,2,2,12,A01
202000038404,1,31,,0,2,1,2,A01
202000038404,1,7,,0,2,4,2,B01
202000038405,2,7,,0,9,2,14,A01
202000038406,2,7,,4,0,5,26,A01
202000038407,1,7,,0,2,4,9,Z01
202000038407,1,33,,0,2,1,1,B01
202000038408,1,30,,0,2,0,0,B01
202000038408,1,7,,0,2,0,11,A01
202000038409,1,7,,0,2,3,16,B01
202000038409,1,13,,0,2,6,15,A01
202000038410,2,7,,0,2,4,26,B01
202000038410,2,7,,0,2,1,2,A01
202000038411,3,7,,4,2,2,16,A01
202000038412,1,7,,6,0,1,13,A01
202000038413,3,7,,0,1,4,4,A01
202000038414,2,7,,0,2,1,1,A01
202000038414,2,7,,0,2,4,1,B01
202000038415,1,7,,10,0,2,1,A01
202000038416,3,33,,0,2,0,2,B01
202000038416,3,7,,0,0,0,14,A01
202000038417,2,7,,0,9,1,1,A01
202000038417,3,60,,0,2,7,0,B01
202000038418,3,2,,0,2,1,1,A01
202000038418,3,7,,0,2,0,0,B01
202000038419,2,7,,0,2,6,24,B01
202000038419,2,7,,1,0,2,1,A01
202000038420,1,7,,0,2,7,17,A01
202000038420,1,1,,0,2,8,1,B01
202000038421,2,2,,0,2,1,2,B01
202000038421,1,7,,0,2,3,15,Z01
202000038422,1,30,,0,0,7,16,A01
202000038423,0,7,,6,0,1,0,A01
202000038424,2,7,,0,2,5,15,B01
202000038424,1,7,,0,2,2,26,A01
202000038425,2,7,,3,0,2,11,A01
202000038426,3,7,,0,2,4,23,C01
202000038426,3,7,,0,2,4,2,A01
202000038426,3,7,,0,2,4,23,B01
202000038427,1,7,,6,0,1,1,A01
202000038428,0,7,,0,2,1,5,A01
202000038428,3,7,,0,2,0,0,B01
202000038429,1,7,,8,0,2,1,A01
202000038430,2,7,,0,2,4,0,B01
202000038430,2,7,,0,2,1,2,A01
202000038431,3,7,,0,2,3,13,Z01
202000038431,3,7,,0,2,3,13,A01
202000038432,3,30,,0,0,7,1,A01
202000038433,2,50,,0,2,1,19,A01
202000038433,1,7,,0,2,1,1,B01
202000038434,1,7,,0,2,4,1,C01
202000038434,1,7,,0,2,1,1,A01
202000038434,1,7,,0,2,4,1,B01
202000038435,2,43,,14,0,8,21,A01
202000038436,1,7,,4,0,8,13,A01
202000038437,2,7,,4,0,2,14,A01
202000038438,1,7,,0,2,5,1,A01
202000038438,1,7,,0,2,5,23,B01
202000038439,2,30,,0,2,4,23,A01
202000038439,2,7,,0,2,1,2,Z01
202000038440,1,30,,0,0,0,21,A01
202000038441,2,7,,0,2,5,15,B01
202000038441,1,30,,0,2,1,8,A01
202000038442,3,30,,0,2,4,15,B01
202000038442,3,30,,0,2,1,1,A01
202000038443,2,30,,12,0,1,14,A01
202000038444,2,7,,0,2,2,1,A01
202000038444,2,7,,0,2,4,23,B01
202000038444,2,7,,0,2,4,23,C01
202000038444,1,7,,0,2,2,1,D01
202000038445,1,7,,0,2,3,15,B01
202000038445,1,31,,0,2,8,17,A01
202000038446,3,7,,0,1,0,1,A01
202000038447,1,7,,0,2,4,2,B01
202000038447,1,7,,0,2,1,2,A01
202000038448,0,7,,0,2,3,16,B01
202000038448,2,32,,0,2,1,1,A01
202000038449,2,7,,0,0,2,14,A01
202000038450,3,7,,0,0,2,14,A01
202000038451,3,30,,0,0,7,15,A01
202000038452,1,7,,1,1,3,9,A01
202000038453,0,7,,0,0,0,19,A01
202000038453,0,32,,0,2,0,1,B01
202000038454,3,1,,0,2,2,19,Y01
202000038454,3,7,,0,2,1,1,A01
202000038455,1,7,,0,2,2,2,B01
202000038455,1,7,,0,0,3,9,A01
202000038456,2,30,,0,1,1,2,A01
202000038457,2,10,,0,0,5,15,A01
202000038457,2,33,,0,2,1,17,B01
202000038458,1,7,,0,9,3,11,B01
202000038458,3,1,,0,2,3,23,A01
202000038459,1,33,,12,0,1,1,A01
202000038460,0,33,,14,0,1,17,A01
202000038461,2,7,,2,0,9,1,A01
202000038462,0,33,,1,0,1,6,A01
202000038463,1,33,,0,0,1,1,A01
202000038464,1,7,,0,1,5,1,A01
202000038465,1,7,,0,2,3,13,A01
202000038465,2,7,,0,2,3,1,B01
202000038466,1,33,,13,0,8,1,A01
202000038467,1,7,,0,2,7,19,A01
202000038467,1,7,,0,2,1,1,B01
202000038468,1,7,,0,9,7,2,A01
202000038468,1,1,,0,2,8,2,B01
202000038469,1,2,,0,2,1,1,A01
202000038469,0,7,,0,2,3,10,B01
202000038470,1,7,,0,2,1,1,B01
202000038470,2,7,,0,2,1,13,A01
202000038471,2,7,,0,1,1,2,A01
202000038472,3,7,,0,2,6,15,A01
202000038472,2,33,,0,2,2,1,B01
202000038473,2,7,,0,1,3,1,A01
202000038474,1,7,,0,2,3,1,B01
202000038474,2,7,,0,2,3,13,A01
202000038475,2,1,,0,2,1,5,A01
202000038475,1,7,,0,2,3,1,B01
202000038476,1,2,,13,0,1,1,A01
202000038477,2,7,,0,2,1,1,B01
202000038477,1,7,,0,2,1,13,A01
202000038478,1,7,,8,0,1,1,A01
202000038479,2,14,,0,2,0,1,A01
202000038479,1,33,,0,9,1,1,B01
202000038480,1,2,,0,0,1,1,B01
202000038480,1,2,,0,0,0,13,A01
202000038481,1,7,,0,2,1,1,A01
202000038481,2,7,,0,2,1,1,B01
202000038482,2,2,,0,2,1,13,A01
202000038482,1,7,,0,2,3,1,B01
202000038483,2,7,,0,2,3,1,B01
202000038483,1,3,,3,2,7,1,A01
202000038484,1,7,,2,0,8,1,A01
202000038485,1,7,,2,0,1,1,A01
202000038486,3,2,,16,0,7,1,A01
202000038487,3,7,,13,0,2,0,A01
202000038488,0,80,,0,0,0,1,A01
202000038489,1,32,,0,2,8,17,A01
202000038489,2,7,,0,2,8,1,B01
202000038490,1,7,,6,0,1,1,A01
202000038491,1,33,,0,0,8,26,A01
202000038492,2,7,,3,0,2,2,B01