Num_Acc,senc,catv,occutc,obs,obsm,choc,manv,num_veh
202000038492,2,7,,0,0,1,2,A01
202000038493,1,7,,0,0,0,19,Z01
202000038493,2,1,,0,2,1,1,A01
202000038494,1,7,,0,1,2,16,A01
202000038495,2,10,,0,2,2,1,B01
202000038495,1,7,,0,2,1,9,A01
202000038496,3,7,,0,2,2,1,A01
202000038496,3,7,,0,2,8,1,B01
202000038497,1,7,,9,0,1,1,A01
202000038498,0,7,,0,2,1,5,A01
202000038498,0,7,,0,2,8,1,B01
202000038499,1,32,,0,2,7,17,A01
202000038499,1,7,,0,2,8,15,B01
202000038500,2,10,,0,2,5,2,B01
202000038500,2,30,,0,2,1,1,A01
202000038501,1,7,,0,2,5,10,A01
202000038501,1,7,,0,2,3,1,B01
202000038502,0,10,,0,2,1,1,B01
202000038502,0,7,,0,2,3,16,A01
202000038503,0,7,,0,1,3,1,A01
202000038504,1,7,,0,1,1,1,A01
202000038505,2,14,,0,2,3,1,B01
202000038505,1,33,,0,2,1,17,A01
202000038506,2,7,,0,2,1,9,A01
202000038506,2,7,,0,2,8,1,B01
202000038507,2,7,,0,2,2,1,A01
202000038507,2,33,,0,0,6,1,B01
202000038508,3,7,,1,0,1,13,A01
202000038509,1,7,,0,1,1,13,A01
202000038510,3,1,,0,2,7,1,B01
202000038510,2,7,,0,2,2,16,A01
202000038511,2,10,,0,2,4,12,Z01
202000038511,2,7,,0,2,1,2,B01
202000038511,2,7,,0,2,1,2,A01
202000038512,1,7,,0,2,1,11,A01
202000038512,1,7,,0,2,4,23,B01
202000038513,2,7,,0,1,1,1,A01
202000038514,3,42,,0,2,3,13,B01
202000038514,3,7,,0,2,2,1,A01
202000038515,1,7,,0,1,3,1,A01
202000038516,2,30,,0,0,0,21,A01
202000038517,2,1,,0,0,0,1,A01
202000038518,1,7,,0,2,6,10,A01
202000038518,1,7,,0,2,1,1,B01
202000038519,1,43,,1,2,1,17,B01
202000038519,2,7,,0,2,2,10,A01
202000038520,1,7,,0,1,1,1,A01
202000038521,3,10,,0,1,3,1,A01
202000038522,1,30,,0,1,1,1,A01
202000038523,1,7,,0,1,2,1,A01
202000038524,3,10,,0,2,3,1,B01
202000038524,3,7,,0,2,2,1,A01
202000038525,2,7,,0,2,1,15,A01
202000038525,2,2,,0,2,2,1,B01
202000038526,2,7,,0,2,5,23,B01
202000038526,2,50,,0,2,1,17,A01
202000038527,1,32,,0,1,1,26,A01
202000038528,1,10,,0,1,1,15,A01
202000038529,1,7,,0,2,8,22,A01
202000038529,1,1,,1,0,1,1,B01
202000038530,1,7,,0,2,2,1,B01
202000038530,2,7,,0,2,3,1,C01
202000038530,2,7,,0,2,0,5,A01
202000038531,3,7,,0,2,1,1,B01
202000038531,3,7,,15,0,1,5,A01
202000038532,1,10,,0,2,5,4,A01
202000038532,1,2,,0,2,2,1,B01
202000038533,1,7,,0,2,1,1,A01
202000038533,1,7,,0,2,3,1,B01
202000038534,1,7,,0,1,1,15,A01
202000038535,1,7,,0,1,2,1,A01
202000038536,1,7,,0,2,5,12,A01
202000038536,1,17,,0,2,1,1,B01
202000038537,2,32,,0,2,0,3,B01
202000038537,2,7,,0,2,6,11,A01
202000038538,1,7,,4,0,7,2,A01
202000038539,1,14,,0,2,1,2,B01
202000038539,1,13,,0,2,2,2,A01
202000038539,1,14,,0,2,4,2,C01
202000038540,1,10,,0,2,3,2,A01
202000038540,1,7,,0,2,5,2,B01
202000038541,2,7,,0,2,1,2,Z01
202000038541,2,7,,0,2,4,2,A01
202000038542,1,10,,1,0,1,14,A01
202000038542,1,7,,0,2,4,24,B01
202000038543,2,7,,4,0,1,0,A01
202000038544,2,7,,4,0,1,14,A01
202000038545,2,7,,0,0,9,21,A01
202000038546,2,7,,0,2,1,1,B01
202000038546,2,16,,0,2,9,1,C01
202000038546,2,7,,4,2,9,1,A01
202000038547,3,80,,0,2,7,1,B01
202000038547,3,7,,0,2,1,15,A01
202000038548,1,10,,0,2,1,15,A01
202000038548,1,2,,0,2,1,1,B01
202000038549,1,2,,0,9,0,14,B01
202000038549,3,7,,0,2,0,1,A01
202000038550,1,99,,0,2,8,9,A01
202000038550,2,33,,0,2,1,0,B01
202000038551,1,10,,0,2,6,26,B01
202000038551,1,7,,1,0,2,1,A01
202000038552,1,7,,0,2,1,2,A01
202000038552,1,7,,0,2,4,2,C01
202000038552,1,7,,0,2,4,2,B01
202000038553,2,7,,0,1,2,1,A01
202000038554,2,7,,0,2,6,1,B01
202000038554,2,7,,0,2,2,1,A01
202000038555,3,7,,12,0,1,14,A01
202000038556,2,1,,0,2,0,26,B01
202000038556,1,31,,0,2,2,1,A01
202000038557,1,30,,0,1,1,17,A01
202000038558,1,7,,0,2,5,15,A01
202000038558,2,33,,0,2,0,0,B01
202000038559,1,7,,0,2,1,1,B01
202000038559,2,3,,0,2,4,9,A01
202000038560,2,7,,1,0,8,13,A01
202000038561,2,10,,0,1,2,1,A01
202000038562,1,30,,0,2,1,1,B01
202000038562,0,7,,0,2,8,15,A01
202000038563,1,7,,0,2,1,13,A01
202000038563,2,7,,0,2,1,1,B01
202000038564,3,7,,0,2,1,13,A01
202000038564,3,3,,0,2,3,1,B01
202000038565,2,10,,1,0,1,14,A01
202000038565,2,7,,0,2,4,24,B01
202000038566,1,7,,2,0,2,1,A01
202000038567,1,7,,0,2,7,19,B01
202000038567,1,7,,0,2,1,19,A01
202000038568,2,31,,0,0,0,9,B01
202000038568,0,7,,0,2,0,9,A01
202000038569,1,10,,0,2,1,1,A01
202000038569,1,7,,0,2,4,1,C01
202000038569,1,7,,0,2,4,1,B01
202000038570,2,1,,0,4,8,19,B01
202000038570,2,40,,0,2,2,1,A01
202000038571,2,33,,9,0,1,14,A01
202000038572,2,7,,0,2,2,17,A01
202000038572,2,7,,0,2,6,2,B01
202000038573,1,7,,0,2,4,1,B01
202000038573,1,7,,0,2,1,1,A01
202000038574,0,10,,0,2,7,26,A01
202000038575,1,7,,0,1,1,1,A01
202000038576,2,7,,0,2,3,26,A01
202000038576,2,7,,0,2,2,1,B01
202000038577,2,7,,0,2,1,1,B01
202000038577,3,1,,0,2,1,19,A01
202000038578,2,7,,0,2,6,12,A01
202000038578,2,7,,0,2,3,14,B01
202000038579,3,7,,0,2,2,1,B01
202000038579,3,7,,7,2,8,1,A01
202000038580,1,0,,-1,1,1,1,Z01
202000038581,2,7,,0,2,5,4,A01
202000038581,1,7,,0,2,2,1,B01
202000038582,1,33,,0,2,1,1,A01
202000038582,1,7,,0,2,4,23,B01
202000038583,1,7,,0,2,3,13,A01
202000038583,1,33,,0,2,2,17,B01
202000038584,1,2,,0,2,1,26,A01
202000038584,1,7,,0,2,8,19,B01
202000038585,2,10,,0,1,1,1,A01
202000038586,2,43,,0,0,0,14,A01
202000038587,2,33,,0,2,0,14,A01
202000038587,2,7,,0,2,4,1,B01
202000038588,2,2,,0,1,1,1,A01
202000038589,1,2,,0,2,1,1,B01
202000038589,1,7,,0,2,2,9,A01
202000038590,1,7,,0,2,3,16,A01
202000038590,1,50,,0,2,1,1,B01
202000038591,1,7,,0,2,8,11,Z01
202000038591,1,32,,0,2,7,1,A01
202000038592,1,7,,0,1,3,1,A01
202000038593,2,7,,11,0,3,13,A01
202000038594,2,7,,0,2,3,1,A01
202000038594,1,7,,0,2,1,2,B01
202000038595,-1,7,,0,2,1,1,A01
202000038595,-1,7,,0,2,4,1,B01
202000038596,2,7,,0,2,7,15,Z01
202000038596,1,34,,0,2,1,1,B01
202000038597,1,10,,0,1,3,15,A01
202000038598,1,33,,0,2,7,2,A01
202000038598,1,7,,0,2,8,13,Z01
202000038599,1,7,,0,2,4,2,A01
202000038599,1,7,,0,2,1,2,B01
202000038600,2,20,,5,0,1,26,A01
202000038601,1,7,,0,2,1,2,C01
202000038601,1,7,,0,2,4,2,B01
202000038601,1,7,,0,2,4,2,A01
202000038602,1,7,,4,0,1,16,A01
202000038603,2,17,,0,2,2,13,A01
202000038603,2,17,,4,2,6,1,B01
202000038604,1,7,,3,0,1,19,A01
202000038605,1,3,,4,0,3,11,A01
202000038606,2,7,,0,2,1,2,C01
202000038606,2,7,,0,2,1,2,D01
202000038606,2,7,,0,2,1,2,A01
202000038606,2,7,,0,2,1,2,B01
202000038607,3,7,,0,2,7,1,A01
202000038607,3,7,,0,2,3,9,B01
202000038608,1,7,,0,2,3,0,A01
202000038608,1,7,,0,2,5,0,B01
202000038608,1,7,,0,2,2,0,C01
202000038609,1,60,,0,2,1,15,A01
202000038609,2,7,,0,2,6,9,B01
202000038610,2,7,,0,2,4,9,B01
202000038610,2,7,,0,2,1,1,A01
202000038611,0,7,,0,1,4,26,A01
202000038612,3,7,,0,2,4,1,B01
202000038612,3,7,,0,2,1,1,A01
202000038612,3,7,,0,2,4,1,C01
202000038613,1,7,,0,2,4,12,D01
202000038613,1,7,,3,0,9,23,B01
202000038613,1,7,,1,2,1,1,E01
202000038613,1,7,,0,2,0,23,C01
202000038613,1,7,,1,2,1,14,A01
202000038614,3,1,,0,1,1,2,A01
202000038615,2,7,,4,2,1,1,A01
202000038615,2,7,,0,0,4,1,B01
202000038616,2,7,,0,0,4,18,B01
202000038616,2,30,,0,2,1,26,A01
202000038617,1,7,,0,0,5,2,B01
202000038617,1,7,,0,2,3,2,A01
202000038618,2,7,,0,2,1,10,A01
202000038618,2,2,,0,2,2,3,B01
202000038619,2,31,,0,2,7,19,A01
202000038619,3,7,,0,2,1,1,B01
202000038620,1,7,,4,2,4,1,C01
202000038620,1,10,,0,2,4,2,B01
202000038620,1,7,,0,2,4,2,D01
202000038620,1,7,,0,2,4,2,E01
202000038620,1,7,,0,2,1,2,A01
202000038621,1,3,,0,2,4,1,A01
202000038621,1,7,,0,2,4,1,B01
202000038622,3,7,,1,2,7,1,A01
202000038622,3,7,,9,2,1,1,B01
202000038623,2,7,,0,2,2,1,A01
202000038623,2,50,,0,2,1,19,B01
202000038624,3,7,,0,2,1,19,A01
202000038624,3,1,,0,2,7,1,B01
202000038625,1,34,,0,1,1,19,A01
202000038626,1,7,,0,0,4,10,A01
202000038626,1,33,,0,2,1,2,B01
202000038627,3,31,,0,9,0,26,A01
202000038628,2,14,,15,1,2,26,A01
202000038629,1,7,,0,2,2,15,A01
202000038629,2,7,,0,2,1,1,B01
202000038630,0,10,,0,2,7,15,B01
202000038630,0,34,,0,2,3,1,A01
202000038631,2,2,,0,2,0,5,A01
202000038631,3,7,,0,2,8,15,B01
202000038632,1,7,,0,1,3,1,A01
202000038633,2,7,,0,1,6,4,A01
202000038634,1,7,,0,2,2,17,A01
202000038634,1,7,,0,2,3,2,B01
202000038635,2,7,,10,0,1,0,A01
202000038636,3,7,,0,9,1,1,A01
202000038636,3,1,,0,1,1,16,B01
202000038637,1,7,,0,2,1,19,A01
202000038637,2,7,,0,2,3,1,B01
202000038638,1,7,,0,1,2,0,A01
202000038639,1,7,,0,9,1,2,A01
202000038639,1,1,,0,2,4,2,B01
202000038640,2,7,,1,1,2,1,A01
202000038641,1,1,,0,2,0,0,B01
202000038641,2,7,,0,2,0,1,A01
202000038642,0,7,,8,0,2,14,A01
202000038643,2,33,,0,2,7,17,B01
202000038643,2,7,,0,2,3,15,A01
202000038644,3,99,,9,0,1,12,A01
202000038645,3,7,,0,1,2,1,A01
202000038646,1,7,,0,2,1,1,B01
202000038646,2,7,,0,2,1,11,A01
202000038647,1,7,,6,0,1,5,A01
202000038648,1,7,,6,2,3,19,A01
202000038648,2,7,,0,2,1,1,B01
202000038649,1,33,,0,2,1,1,B01
202000038649,1,7,,0,2,1,13,A01
202000038650,1,7,,0,2,4,23,B01
202000038650,1,7,,0,2,1,2,A01
202000038651,2,7,,0,2,8,9,A01
202000038651,2,7,,0,2,1,1,B01
202000038652,1,7,,0,2,2,17,A01
202000038652,1,1,,0,0,0,1,B01
202000038653,1,7,,0,2,7,1,A01
202000038653,1,7,,0,2,1,1,B01
202000038654,3,7,,0,1,2,1,A01
202000038655,2,7,,0,1,1,1,A01
202000038656,2,7,,0,2,2,16,B01
202000038656,2,32,,0,2,8,16,A01
202000038657,3,80,,0,2,7,1,B01
202000038657,2,7,,0,9,3,9,A01
202000038658,1,7,,13,2,3,1,A01
202000038658,2,2,,0,2,7,1,B01
202000038659,1,31,,0,0,1,17,A01
202000038659,2,7,,0,0,6,15,B01
202000038660,1,7,,0,1,2,16,A01
202000038661,2,7,,0,2,4,23,B01
202000038661,1,7,,14,0,1,2,A01
202000038662,2,1,,0,2,1,0,B01
202000038662,2,7,,0,9,2,1,A01
202000038663,2,7,,16,2,4,19,B01
202000038663,1,7,,0,2,1,1,A01
202000038664,3,7,,0,2,2,16,A01
202000038664,3,1,,0,2,3,15,B01
202000038665,1,7,,3,2,3,1,A01
202000038665,2,7,,0,2,3,1,B01
202000038666,1,1,,0,2,3,1,B01
202000038666,1,7,,0,9,5,17,A01
202000038667,1,7,,6,0,7,21,A01
202000038668,1,7,,0,0,0,21,A01
202000038669,2,7,,0,1,2,1,A01
202000038670,2,7,,0,2,1,2,A01
202000038670,2,10,,0,2,7,2,B01
202000038671,1,33,,0,2,7,12,A01
202000038671,1,7,,0,2,3,1,B01
202000038672,1,7,,0,1,2,1,A01
202000038673,2,17,,0,2,6,1,B01
202000038673,2,10,,0,2,2,14,A01
202000038674,1,7,,0,1,1,1,A01
202000038675,1,7,,0,2,4,1,A01
202000038675,1,7,,0,2,1,1,B01
202000038676,1,7,,0,1,3,1,A01
202000038677,1,10,,0,2,3,17,B01
202000038677,2,7,,0,2,1,1,A01
202000038678,2,1,,0,0,0,1,B01
202000038678,1,7,,0,2,0,13,A01
202000038679,1,7,,0,0,4,2,B01
202000038679,1,7,,0,0,1,1,A01
202000038680,2,7,,0,2,4,1,C01
202000038680,2,7,,0,2,1,1,A01
202000038680,2,7,,0,2,1,1,B01
202000038681,0,10,,0,2,3,1,B01
202000038681,3,10,,0,2,3,1,A01
202000038682,2,7,,3,2,7,9,A01
202000038682,2,7,,0,2,1,1,B01
202000038683,3,7,,0,2,1,2,B01
202000038683,3,7,,0,2,4,2,A01
202000038684,1,7,,0,1,1,1,A01
202000038685,1,7,,0,9,2,13,A01
202000038685,2,1,,0,2,1,1,B01
202000038686,2,7,,0,2,2,1,A01
202000038686,2,7,,0,2,1,9,B01
202000038687,3,7,,6,0,1,16,A01
202000038688,2,2,,0,2,3,2,B01
202000038688,2,7,,0,2,7,17,A01
202000038689,1,7,,9,0,1,1,A01
202000038690,1,30,,0,0,0,5,A01
202000038691,1,7,,0,1,1,1,A01
202000038692,3,7,,0,1,2,1,A01
202000038693,0,7,,0,0,7,1,A01
202000038693,1,7,,0,2,1,1,B01
202000038694,1,1,,0,0,4,1,B01
202000038694,1,7,,0,2,2,1,A01
202000038695,2,7,,0,2,7,12,A01
202000038695,2,33,,0,2,5,3,B01
202000038695,2,10,,0,2,6,1,C01
202000038695,2,10,,0,2,2,1,D01
202000038696,2,7,,0,2,1,2,A01
202000038696,2,7,,0,2,4,2,B01
202000038697,2,33,,0,2,1,3,B01
202000038697,2,10,,0,2,5,12,A01
202000038698,1,33,,0,2,8,1,A01
202000038699,1,33,,0,2,4,1,A01
202000038699,1,33,,0,2,3,3,B01
202000038699,1,7,,0,2,8,1,C01
202000038700,2,10,,0,2,6,1,B01
202000038700,2,34,,0,2,2,3,A01
202000038701,1,7,,0,2,3,1,B01
202000038701,1,33,,0,2,2,3,A01
202000038702,2,1,,0,2,1,1,A01
202000038702,1,7,,0,2,3,1,B01
202000038703,2,7,,0,0,0,12,A01
202000038703,2,32,,0,2,3,1,B01
202000038704,2,10,,0,2,4,0,B01
202000038704,2,32,,0,2,1,0,A01
202000038705,1,31,,0,1,1,1,A01
202000038706,1,33,,0,2,3,2,B01
202000038706,1,7,,0,2,2,12,A01
202000038707,1,7,,1,1,1,1,A01
202000038708,1,7,,3,0,1,14,A01
202000038709,3,60,,0,2,8,19,B01
202000038709,2,7,,0,2,1,1,A01
202000038710,1,7,,4,0,3,13,A01
202000038711,2,32,,1,0,1,13,A01
202000038712,1,10,,0,2,5,14,B01
202000038712,1,43,,0,2,3,3,A01
202000038713,3,7,,0,2,6,23,B01
202000038713,3,7,,0,2,2,2,A01
202000038714,1,2,,0,2,2,17,B01
202000038714,1,7,,0,2,3,13,A01
202000038715,2,7,,0,2,3,11,A01
202000038715,2,17,,0,2,2,1,B01
202000038715,2,33,,0,2,1,1,C01
202000038716,1,37,1.0,0,1,2,7,A01
202000038717,2,33,,0,0,7,3,A01
202000038718,2,33,,0,9,7,1,A01
202000038719,1,32,,0,0,7,1,A01
202000038720,2,33,,0,2,7,1,A01
202000038720,2,7,,0,2,8,11,B01
202000038721,2,10,,0,2,7,11,A01
202000038721,2,14,,0,2,7,12,B01
202000038721,2,7,,0,2,8,1,C01
202000038722,2,7,,0,2,3,10,A01
202000038722,2,1,,0,2,1,1,B01
202000038723,1,33,,0,2,4,1,A01
202000038723,1,7,,0,2,6,1,B01
202000038724,1,7,,0,2,0,22,B01
202000038724,1,1,,0,2,0,1,A01
202000038725,1,7,,0,2,8,1,B01
202000038725,1,14,,0,2,2,12,A01
202000038726,3,7,,0,1,3,15,A01
202000038727,1,33,,4,2,8,3,B01
202000038727,2,7,,0,2,4,1,A01
202000038728,1,7,,11,2,1,17,A01
202000038728,1,32,,0,2,6,23,B01
202000038729,2,7,,0,2,1,15,A01
202000038729,3,1,,0,2,0,0,B01
202000038730,1,7,,0,2,2,1,B01
202000038730,1,7,,0,2,3,15,A01
202000038731,1,32,,0,0,0,26,A01
202000038732,3,1,,0,2,1,9,B01
202000038732,3,7,,0,2,6,26,A01
202000038733,1,7,,0,1,3,1,A01
202000038734,3,7,,0,2,3,1,B01
202000038734,3,7,,0,2,2,15,A01
202000038735,2,10,,12,0,1,1,A01
202000038736,3,80,,0,2,1,1,B01
202000038736,1,7,,0,2,3,9,A01
202000038737,2,7,,0,1,3,1,A01
202000038738,2,7,,0,2,7,15,B01
202000038738,2,31,,0,2,1,1,A01
202000038739,3,7,,0,1,3,17,A01
202000038740,1,7,,2,0,1,1,A01
202000038741,2,7,,0,2,3,20,A01
202000038741,2,2,,0,2,1,1,B01
202000038742,3,7,,0,1,2,20,A01
202000038743,1,30,,8,0,9,26,A01
202000038744,3,32,,11,0,7,1,A01
202000038745,2,32,,0,2,0,2,A01
202000038745,2,7,,0,2,5,2,B01
202000038746,3,10,,0,1,1,1,A01
202000038747,3,32,,0,2,1,1,B01
202000038747,3,7,,0,2,3,15,A01
202000038748,1,7,,0,1,3,26,A01
202000038749,2,3,,15,0,1,14,A01
202000038750,2,0,,0,2,3,2,B01
202000038750,1,30,,0,2,1,2,A01
202000038751,2,7,,0,1,2,1,A01
202000038752,1,10,,0,2,3,26,A01
202000038752,2,2,,0,2,1,1,B01
202000038753,2,7,,0,2,1,1,B01
202000038753,1,10,,0,2,7,15,A01
202000038754,1,10,,0,1,1,1,A01
202000038755,2,33,,0,2,7,17,B01
202000038755,2,7,,0,2,3,15,A01
202000038756,3,7,,0,2,8,1,B01
202000038756,3,33,,0,2,0,17,A01
202000038756,3,7,,0,2,3,1,C01
202000038757,1,7,,0,2,1,2,A01
202000038757,1,7,,0,2,4,1,B01
202000038758,2,33,,3,0,0,1,A01
202000038759,1,2,,0,2,1,13,A01
202000038759,2,7,,0,2,3,1,B01
202000038760,3,7,,0,2,3,15,A01
202000038760,3,7,,0,2,2,1,B01
202000038761,2,7,,2,0,1,16,A01
202000038762,1,80,,0,2,4,1,B01
202000038762,3,7,,0,2,1,9,A01
202000038763,1,2,,0,2,3,15,B01
202000038763,1,7,,0,2,2,17,A01
202000038764,3,1,,0,2,0,26,B01
202000038764,3,7,,0,2,3,1,A01
202000038765,0,20,,0,2,1,16,A01
202000038765,0,60,,0,2,0,0,B01
202000038766,1,7,,6,0,4,16,B01
202000038766,1,7,,0,2,1,2,A01
202000038767,0,7,,0,1,2,1,A01
202000038768,1,7,,0,2,8,1,B01
202000038768,2,7,,0,2,3,13,A01
202000038769,2,7,,0,1,4,23,B01
202000038769,2,7,,0,2,1,2,A01
202000038770,2,7,,0,2,3,1,B01
202000038770,1,7,,11,2,1,6,A01
202000038771,2,7,,0,2,8,1,A01
202000038771,3,1,,0,2,1,19,B01
202000038772,1,10,,0,2,1,1,C01
202000038772,2,7,,0,2,3,17,A01
202000038772,1,7,,0,2,3,1,B01
202000038773,1,10,,0,1,1,1,A01
202000038774,2,7,,13,0,1,1,A01
202000038775,2,7,,0,2,3,15,A01
202000038775,1,2,,0,2,1,1,B01
202000038776,1,7,,13,0,1,0,A01
202000038777,1,33,,4,0,7,1,A01
202000038778,2,7,,0,0,0,1,A01
202000038779,1,7,,0,1,1,1,A01
202000038780,1,7,,0,2,3,17,A01
202000038780,1,7,,0,2,4,26,B01
202000038781,1,10,,0,0,2,15,A01
202000038781,2,33,,0,2,2,1,B01
202000038782,2,7,,0,2,5,15,A01
202000038782,1,2,,0,2,3,1,B01
202000038783,2,1,,0,2,1,16,B01
202000038783,1,7,,0,2,5,15,A01
202000038784,0,7,,0,1,1,20,A01
202000038785,1,1,,0,1,7,25,A01
202000038786,1,7,,8,2,1,17,Z01
202000038786,1,7,,0,2,6,19,B01
202000038787,2,7,,0,1,2,26,A01
202000038788,1,31,,0,2,8,26,A01
202000038788,1,7,,0,2,6,0,B01
202000038789,2,1,,0,2,1,1,B01
202000038789,1,7,,0,2,0,15,A01
202000038790,1,1,,0,2,1,26,A01
202000038790,2,7,,0,2,3,15,B01
202000038791,2,30,,0,2,3,18,A01
202000038791,2,7,,0,2,2,16,B01
202000038792,0,33,,0,2,4,1,B01
202000038792,0,7,,0,2,1,1,A01
202000038793,2,7,,0,2,1,9,A01
202000038793,1,30,,0,2,1,17,B01
202000038794,3,7,,0,2,3,13,A01
202000038794,3,10,,0,2,3,1,B01
202000038795,2,7,,2,0,1,9,A01
202000038796,1,7,,9,2,1,13,A01
202000038796,2,30,,0,2,1,1,B01
202000038797,1,2,,0,2,5,1,B01
202000038797,3,7,,0,2,3,9,A01
202000038798,1,10,,0,1,3,1,Z01
202000038799,1,7,,0,1,3,26,A01
202000038800,1,7,,0,2,1,1,A01
202000038800,1,7,,0,2,4,1,B01
202000038801,1,7,,0,2,2,5,A01
202000038801,1,2,,0,2,3,1,B01
202000038802,1,31,,0,0,0,15,A01
202000038802,0,0,,0,0,0,0,B01
202000038803,1,7,,0,2,1,2,B01
202000038803,1,7,,0,2,1,2,A01
202000038803,1,10,,0,2,4,2,D01
202000038803,1,7,,0,2,1,2,C01
202000038804,1,7,,0,2,8,23,C01
202000038804,1,10,,0,2,5,23,B01
202000038804,1,32,,1,2,7,3,A01
202000038805,1,32,,14,0,0,17,A01
202000038806,1,7,,0,2,8,1,B01
202000038806,1,15,,0,2,2,12,A01
202000038807,2,7,,0,2,5,1,C01
202000038807,2,33,,0,2,2,3,A01
202000038807,2,7,,0,2,6,1,B01
202000038808,1,10,,0,1,1,16,A01
202000038809,1,33,,0,2,2,17,B01
202000038809,1,10,,0,2,3,13,A01
202000038810,1,30,,0,1,1,1,A01
202000038811,2,7,,0,2,1,15,A01
202000038811,1,31,,0,2,1,1,B01
202000038812,1,33,,0,1,1,1,A01
202000038813,2,10,,0,1,3,1,A01
202000038814,1,7,,0,2,1,10,A01
202000038814,2,7,,0,2,1,7,B01
202000038815,1,7,,0,1,1,15,A01
202000038816,1,7,,0,2,6,15,B01
202000038816,1,1,,0,2,1,1,A01
202000038817,2,7,,0,2,3,1,B01
202000038817,1,32,,0,2,6,17,A01
202000038818,1,1,,0,2,1,19,A01
202000038818,1,30,,0,2,1,1,B01
202000038819,1,50,,0,2,7,1,B01
202000038819,1,7,,0,2,2,1,A01
202000038820,1,30,,0,2,8,18,A01
202000038820,1,13,,0,2,2,16,B01
202000038821,1,7,,0,1,3,16,A01
202000038822,1,33,,0,2,1,1,B01
202000038822,1,1,,0,2,8,19,A01
202000038823,1,50,,0,1,1,1,A01
202000038824,2,7,,0,2,2,0,A01
202000038824,2,1,,0,2,3,1,B01
202000038825,1,7,,0,2,1,15,A01
202000038825,1,33,,0,2,8,1,B01
202000038826,3,7,,0,2,4,0,B01
202000038826,3,31,,0,2,1,2,A01
202000038827,1,10,,1,0,5,1,A01
202000038828,1,7,,0,1,2,15,A01
202000038829,3,3,,0,2,2,1,B01
202000038829,3,7,,0,2,3,15,A01
202000038830,2,7,,0,1,1,15,A01
202000038831,1,7,,0,1,2,10,Z01
202000038831,1,32,,0,2,3,26,B01
202000038832,1,10,,0,1,1,1,A01
202000038833,3,7,,0,1,3,1,A01
202000038834,2,7,,0,1,1,1,A01
202000038835,1,7,,0,2,2,9,B01
202000038835,1,7,,0,2,1,1,A01
202000038836,2,32,,0,2,5,17,A01
202000038836,2,7,,0,2,3,15,B01
202000038837,3,7,,0,1,0,16,A01
202000038838,2,32,,0,2,1,1,B01
202000038838,1,7,,0,2,1,10,A01
202000038839,1,7,,0,1,3,1,A01
202000038840,1,30,,14,0,1,0,A01
202000038841,2,30,,0,2,3,21,A01
202000038841,1,7,,0,2,3,1,B01
202000038842,2,7,,0,1,1,9,A01
202000038843,3,7,,0,1,1,16,A01
202000038844,2,7,,0,2,1,1,C01
202000038844,1,7,,0,2,3,1,B01
202000038844,2,7,,0,2,1,19,A01
202000038845,3,7,,5,0,3,2,A01
202000038846,1,17,,0,2,1,1,B01
202000038846,2,7,,0,2,7,13,A01
202000038847,2,33,,14,0,1,17,A01
202000038848,2,7,,0,2,1,1,A01
202000038848,2,1,,0,0,4,15,B01
202000038849,1,7,,2,0,3,1,A01
202000038850,3,7,,0,2,2,1,A01
202000038850,3,7,,0,2,1,1,B01
202000038851,1,7,,7,0,9,1,A01
202000038852,1,7,,0,1,3,9,A01
202000038853,2,7,,0,2,8,19,A01
202000038853,1,7,,0,2,1,2,B01
202000038854,2,7,,0,2,3,11,B01
202000038854,2,7,,0,2,1,2,C01
202000038854,1,15,,0,2,3,13,A01
202000038855,3,7,,0,1,1,1,A01
202000038856,1,7,,2,0,0,1,A01
202000038857,1,10,,13,0,7,1,D01
202000038857,1,7,,14,0,1,1,C01
202000038857,2,7,,0,2,1,1,B01
202000038857,1,10,,0,2,3,1,A01
202000038858,2,7,,2,0,2,1,A01
202000038859,1,7,,0,2,2,2,B01
202000038859,1,7,,0,0,6,1,A01
202000038860,2,7,,6,0,1,1,A01
202000038861,1,33,,0,0,0,17,A01
202000038862,2,10,,0,2,1,1,A01
202000038862,2,7,,0,2,4,15,B01
202000038862,2,7,,0,2,1,1,C01
202000038863,2,7,,0,0,3,15,B01
202000038863,1,2,,0,0,3,17,A01
202000038864,2,7,,2,0,7,1,A01
202000038865,2,7,,0,2,1,1,B01
202000038865,1,7,,0,0,8,13,A01
202000038866,2,7,,0,1,7,1,A01
202000038867,1,7,,13,0,0,1,A01
202000038868,1,7,,0,2,1,1,B01
202000038868,2,7,,0,2,1,13,A01
202000038869,1,7,,2,0,1,1,A01
202000038870,1,7,,6,0,1,1,A01
202000038871,1,7,,3,0,6,1,B01
202000038871,1,7,,0,2,2,0,A01
202000038872,2,7,,0,2,6,11,A01
202000038872,2,7,,0,2,2,1,B01
202000038872,2,17,,0,2,8,1,C01
202000038873,2,2,,0,2,1,1,A01
202000038873,1,7,,0,2,5,15,B01
202000038874,3,7,,0,1,2,1,A01
202000038875,1,33,,3,0,1,1,A01
202000038876,1,31,,0,2,1,13,A01
202000038876,2,7,,0,2,1,1,B01
202000038877,2,7,,0,2,1,13,A01
202000038877,1,15,,0,2,1,1,B01
202000038878,2,10,,0,2,3,2,D01