Num_Acc,senc,catv,occutc,obs,obsm,choc,manv,num_veh
202000038878,2,7,,0,2,7,2,C01
202000038878,2,7,,0,2,2,1,B01
202000038878,2,15,,0,2,6,2,A01
202000038879,1,33,,0,2,1,2,A01
202000038879,1,7,,0,2,4,2,B01
202000038880,2,34,,0,0,3,2,A01
202000038881,1,7,,0,2,2,1,A01
202000038881,1,7,,0,2,6,9,B01
202000038882,2,7,,13,0,1,1,A01
202000038883,1,7,,0,2,4,2,C01
202000038883,1,7,,0,2,4,2,B01
202000038883,1,7,,0,2,1,2,A01
202000038884,1,33,,0,2,9,3,A01
202000038884,1,10,,0,0,7,12,B01
202000038885,1,7,,0,2,7,1,C01
202000038885,1,10,,0,2,1,1,Z01
202000038885,1,34,,0,2,4,2,B01
202000038885,1,7,,0,2,4,1,D01
202000038886,1,0,,0,2,1,2,Z01
202000038886,1,7,,0,2,1,2,B01
202000038886,1,33,,0,2,4,2,A01
202000038887,1,1,,0,2,1,1,A01
202000038887,1,1,,0,2,4,1,B01
202000038888,2,30,,0,1,1,19,A01
202000038889,2,10,,0,2,8,15,B01
202000038889,1,30,,0,2,7,17,A01
202000038890,2,31,,0,2,8,26,A01
202000038891,1,30,,0,9,1,26,A01
202000038892,3,39,,0,2,1,1,B01
202000038892,3,31,,0,4,7,1,A01
202000038893,3,10,,0,1,2,13,A01
202000038894,1,7,,0,0,6,0,B01
202000038894,1,1,,0,2,1,17,A01
202000038895,1,7,,0,2,1,2,A01
202000038895,1,10,,0,0,4,1,B01
202000038896,2,99,,0,1,1,0,A01
202000038897,1,1,,0,2,1,1,B01
202000038897,2,7,,0,2,2,16,A01
202000038898,3,1,,0,2,4,9,B01
202000038898,3,7,,0,2,0,0,Z01
202000038899,0,7,,1,0,1,1,A01
202000038900,1,7,,0,2,1,9,A01
202000038900,2,2,,0,2,2,1,B01
202000038901,1,33,,0,2,1,1,B01
202000038901,1,7,,0,2,4,1,A01
202000038902,3,7,,0,2,2,15,B01
202000038902,3,7,,0,2,1,1,A01
202000038903,2,7,,0,2,2,17,B01
202000038903,2,30,,0,2,8,13,A01
202000038904,0,1,,0,2,5,19,B01
202000038904,0,33,,0,2,1,1,A01
202000038905,2,7,,0,2,3,1,A01
202000038905,1,31,,0,2,1,17,C01
202000038905,1,7,,0,0,0,1,B01
202000038906,3,32,,0,2,1,26,D01
202000038906,3,7,,0,2,2,19,A01
202000038907,1,30,,1,0,2,14,A01
202000038908,1,7,,4,0,0,1,A01
202000038909,1,33,,0,2,1,1,A01
202000038909,2,7,,0,2,6,10,B01
202000038910,3,1,,0,2,1,1,B01
202000038910,2,7,,0,2,3,15,A01
202000038911,2,10,,0,9,2,1,A01
202000038911,2,1,,0,2,8,13,B01
202000038912,3,7,,0,2,5,26,A01
202000038912,0,33,,0,2,1,0,B01
202000038913,1,2,,0,2,1,1,A01
202000038913,2,7,,0,2,2,20,B01
202000038914,1,10,,0,2,2,15,A01
202000038914,2,33,,0,2,1,2,B01
202000038915,3,7,,0,2,2,15,A01
202000038915,3,33,,0,2,1,1,B01
202000038916,1,7,,0,2,1,13,A01
202000038916,2,7,,0,2,1,1,B01
202000038917,1,7,,0,2,6,1,A01
202000038917,1,7,,0,2,1,0,B01
202000038918,2,7,,0,1,3,1,A01
202000038919,1,7,,0,2,4,0,B01
202000038919,1,7,,0,2,1,0,A01
202000038920,1,7,,0,2,3,0,B01
202000038920,1,7,,0,2,1,0,A01
202000038921,3,7,,0,2,1,1,B01
202000038921,1,7,,0,2,1,9,A01
202000038922,2,7,,1,0,3,1,A01
202000038923,3,30,,12,0,1,1,A01
202000038924,1,7,,0,2,8,10,A01
202000038924,1,34,,0,2,1,1,B01
202000038925,1,33,,0,2,2,11,B01
202000038925,2,10,,0,2,8,13,A01
202000038926,1,7,,0,2,1,1,A01
202000038926,1,1,,0,2,4,1,B01
202000038927,1,7,,0,1,1,15,A01
202000038928,2,7,,0,2,6,1,A01
202000038928,2,33,,0,2,1,14,B01
202000038929,1,7,,5,0,1,1,A01
202000038930,1,7,,0,2,2,1,B01
202000038930,2,30,,0,2,1,1,A01
202000038931,2,1,,0,2,1,1,B01
202000038931,1,7,,0,2,1,15,A01
202000038932,2,7,,0,2,1,1,A01
202000038932,2,7,,0,2,4,1,B01
202000038933,3,1,,0,1,0,1,A01
202000038934,2,7,,0,2,3,1,B01
202000038934,1,7,,0,2,3,13,A01
202000038935,2,1,,0,0,0,26,A01
202000038936,1,1,,0,2,1,1,B01
202000038936,1,7,,0,2,1,15,A01
202000038937,2,7,,0,2,3,15,A01
202000038937,1,2,,8,2,3,1,B01
202000038938,1,7,,1,1,1,17,A01
202000038939,1,7,,0,2,2,1,A01
202000038939,1,1,,0,0,4,1,B01
202000038940,0,37,2.0,0,0,0,26,A01
202000038941,2,99,,0,0,0,1,A01
202000038942,0,99,,0,0,0,0,B01
202000038942,0,7,,0,2,0,0,A01
202000038943,2,1,,0,2,0,16,B01
202000038943,2,10,,0,2,7,15,A01
202000038944,2,10,,0,2,2,15,A01
202000038944,1,32,,0,2,1,1,B01
202000038945,3,15,,0,2,2,9,A01
202000038945,3,7,,0,2,8,9,B01
202000038946,1,33,,0,2,7,2,A01
202000038946,1,10,,0,2,8,2,B01
202000038947,1,10,,0,2,4,0,C01
202000038947,1,20,,0,9,9,0,B01
202000038947,1,10,,0,0,0,0,A01
202000038948,2,7,,0,2,2,2,A01
202000038948,2,7,,0,2,6,26,B01
202000038949,2,7,,0,2,2,17,B01
202000038949,2,7,,8,2,9,15,A01
202000038950,1,7,,0,1,1,15,A01
202000038951,1,10,,9,2,5,23,B01
202000038951,1,30,,0,2,1,1,A01
202000038952,1,10,,0,1,3,15,A01
202000038953,1,32,,0,1,8,17,A01
202000038954,2,1,,0,2,1,1,B01
202000038954,2,7,,0,2,3,13,A01
202000038955,1,32,,0,2,3,1,B01
202000038955,2,7,,0,2,1,15,A01
202000038956,1,7,,0,1,0,2,A01
202000038957,1,30,,0,2,8,15,B01
202000038957,2,7,,0,2,2,1,A01
202000038958,2,43,,0,2,8,5,B01
202000038958,1,43,,0,2,1,1,A01
202000038959,2,7,,1,2,3,13,A01
202000038959,2,10,,0,2,5,23,B01
202000038960,2,30,,0,2,1,5,A01
202000038960,2,7,,0,0,8,15,B01
202000038961,2,7,,0,2,4,23,A01
202000038961,2,1,,0,2,1,7,B01
202000038962,1,7,,0,2,8,1,A01
202000038962,1,1,,0,2,2,1,B01
202000038963,2,10,,0,2,5,15,A01
202000038963,1,1,,0,2,0,1,B01
202000038964,2,1,,0,2,3,13,B01
202000038964,1,7,,0,2,3,1,A01
202000038965,1,43,,0,2,3,1,B01
202000038965,2,1,,0,2,1,5,A01
202000038966,2,1,,0,2,1,13,A01
202000038966,1,1,,0,2,1,1,B01
202000038967,1,33,,0,2,0,15,Z01
202000038967,1,1,,0,2,7,1,A01
202000038968,1,1,,0,2,4,1,B01
202000038968,1,30,,0,2,1,2,A01
202000038969,3,7,,0,2,3,15,A01
202000038969,3,32,,0,2,2,1,B01
202000038970,1,10,,1,0,0,0,X01
202000038970,1,33,,0,2,5,1,B01
202000038970,1,33,,1,0,2,1,A01
202000038970,1,10,,1,0,0,0,Y01
202000038971,1,7,,0,0,3,1,B01
202000038971,2,31,,0,2,1,1,A01
202000038972,1,1,,1,2,8,21,B01
202000038972,1,7,,0,2,7,17,A01
202000038973,3,7,,0,2,0,0,A01
202000038973,0,7,,0,1,3,1,B01
202000038974,1,7,,0,2,4,1,B01
202000038974,1,32,,0,2,1,1,A01
202000038975,0,7,,0,2,2,15,A01
202000038975,0,2,,0,2,1,1,B01
202000038976,0,7,,9,2,1,1,A01
202000038976,0,7,,0,0,4,0,C01
202000038976,0,7,,0,2,2,0,B01
202000038977,1,7,,0,1,1,26,A01
202000038978,2,7,,0,2,1,2,B01
202000038978,1,7,,0,2,4,23,A01
202000038979,1,99,,0,0,8,24,A01
202000038979,1,30,,1,0,1,2,B01
202000038980,1,7,,0,2,4,23,D01
202000038980,1,7,,0,2,1,2,A01
202000038981,3,99,,8,9,0,0,A01
202000038982,1,33,,0,1,3,1,A01
202000038983,2,10,,0,1,2,1,A01
202000038984,1,32,,1,2,7,26,A01
202000038984,1,7,,0,2,7,15,B01
202000038985,1,7,,1,0,8,1,A01
202000038986,1,32,,0,2,1,1,B01
202000038986,1,7,,0,2,2,15,A01
202000038987,3,7,,0,1,3,1,A01
202000038988,2,15,,0,0,0,9,A01
202000038988,1,42,,0,0,0,1,B01
202000038989,1,7,,0,2,7,17,B01
202000038989,1,2,,0,2,8,11,A01
202000038990,1,34,,12,0,1,0,A01
202000038991,3,7,,13,0,0,1,A01
202000038992,1,2,,-1,2,1,19,C01
202000038992,1,17,,0,2,3,1,B01
202000038993,3,7,,6,0,1,14,A01
202000038994,0,2,,0,0,8,1,A01
202000038995,2,14,,6,0,1,14,A01
202000038996,2,31,,0,0,4,1,B01
202000038996,2,7,,0,2,1,2,A01
202000038997,0,7,,2,0,1,14,A01
202000038998,3,33,,13,0,0,0,A01
202000038999,1,7,,2,0,7,15,A01
202000039000,1,2,,15,0,2,14,A01
202000039001,1,2,,7,0,1,1,A01
202000039002,2,33,,8,0,1,14,A01
202000039003,3,7,,0,2,3,1,A01
202000039003,3,1,,0,2,1,1,B01
202000039004,1,7,,0,2,9,1,B01
202000039004,2,7,,0,2,2,13,A01
202000039005,2,7,,0,2,6,23,B01
202000039005,2,31,,0,2,1,2,A01
202000039006,2,33,,0,0,1,13,A01
202000039007,3,7,,0,2,3,20,B01
202000039007,3,7,,0,2,1,21,A01
202000039008,3,7,,13,0,2,1,A01
202000039009,2,7,,0,0,9,1,A01
202000039010,2,7,,0,1,2,19,A01
202000039011,3,7,,2,0,2,1,A01
202000039012,1,7,,0,2,1,1,B01
202000039012,2,7,,0,2,1,13,A01
202000039013,1,7,,0,2,1,1,B01
202000039013,2,7,,0,2,1,13,A01
202000039014,2,31,,0,0,0,17,A01
202000039015,2,7,,2,0,1,1,A01
202000039016,2,32,,0,2,1,1,B01
202000039016,1,10,,0,2,7,15,A01
202000039017,1,7,,0,1,1,1,A01
202000039018,0,32,,0,2,1,1,B01
202000039018,0,7,,0,2,3,15,A01
202000039019,1,31,,0,2,1,1,B01
202000039019,2,7,,4,2,2,13,A01
202000039020,2,13,,0,1,1,1,A01
202000039021,1,33,,0,2,1,2,A01
202000039021,1,7,,0,0,4,1,B01
202000039022,3,80,,0,2,8,15,B01
202000039022,0,7,,0,9,1,1,A01
202000039023,2,7,,0,1,2,1,A01
202000039024,1,7,,0,1,2,1,A01
202000039025,3,7,,0,2,3,1,A01
202000039025,3,33,,0,2,1,17,B01
202000039026,1,50,,4,0,1,1,A01
202000039027,1,10,,0,0,3,1,B01
202000039027,1,7,,4,0,5,17,A01
202000039028,2,7,,0,2,4,2,B01
202000039028,2,2,,0,2,1,2,A01
202000039029,1,7,,0,1,1,1,A01
202000039030,2,34,,0,2,1,2,B01
202000039030,2,7,,0,2,4,1,A01
202000039031,2,7,,4,2,2,21,A01
202000039031,2,33,,0,2,3,1,B01
202000039032,1,10,,2,0,3,14,A01
202000039033,2,7,,4,0,1,14,A01
202000039033,1,7,,0,2,4,1,B01
202000039034,2,10,,0,2,6,12,A01
202000039034,2,33,,0,2,7,3,B01
202000039035,1,7,,3,0,1,14,A01
202000039036,2,33,,0,2,8,3,C01
202000039036,2,10,,0,2,7,14,A01
202000039036,2,7,,0,2,5,1,B01
202000039037,1,7,,0,1,0,15,A01
202000039038,3,7,,0,2,1,15,B01
202000039038,2,7,,0,2,1,16,A01
202000039039,2,7,,0,2,3,1,B01
202000039039,1,7,,0,2,3,13,A01
202000039040,2,7,,0,2,4,26,B01
202000039040,2,7,,0,2,1,26,A01
202000039041,1,7,,0,2,7,15,A01
202000039041,2,1,,0,2,0,0,B01
202000039042,0,32,,0,1,3,1,A01
202000039043,3,7,,8,0,1,26,A01
202000039044,1,7,,4,0,3,1,A01
202000039045,3,40,,0,1,2,26,A01
202000039046,3,1,,0,2,1,19,B01
202000039046,3,7,,0,2,3,16,A01
202000039047,3,7,,0,2,3,15,A01
202000039047,3,32,,0,2,5,17,B01
202000039048,1,33,,0,2,3,1,B01
202000039048,1,7,,0,2,3,13,A01
202000039049,3,30,,0,2,7,9,A01
202000039049,3,33,,0,2,3,1,B01
202000039050,2,7,,0,2,8,9,A01
202000039050,2,15,,0,2,7,1,B01
202000039051,3,2,,0,2,1,1,B01
202000039051,3,7,,0,2,3,13,A01
202000039052,1,7,,0,2,1,14,A01
202000039052,1,7,,0,2,4,23,B01
202000039052,1,7,,0,2,4,23,C01
202000039052,1,7,,0,2,4,23,D01
202000039053,3,1,,0,2,4,1,B01
202000039053,3,7,,0,2,2,1,A01
202000039054,2,7,,0,2,3,15,A01
202000039054,1,31,,0,2,8,1,B01
202000039055,2,7,,0,1,1,1,A01
202000039056,2,7,,0,2,8,15,A01
202000039056,1,2,,0,2,1,17,B01
202000039057,1,17,,0,2,1,1,B01
202000039057,2,7,,3,2,1,1,A01
202000039058,0,7,,0,1,1,9,A01
202000039059,1,14,,0,2,0,15,A01
202000039059,1,1,,0,2,0,17,B01
202000039060,2,17,,0,9,6,1,A01
202000039060,2,50,,0,2,3,1,B01
202000039061,1,7,,0,1,2,1,A01
202000039062,1,1,,1,0,1,1,B01
202000039062,1,7,,0,9,8,24,A01
202000039063,1,7,,0,1,2,1,A01
202000039064,1,99,,0,2,1,2,A01
202000039064,1,7,,0,2,4,2,B01
202000039064,1,7,,0,2,4,2,C01
202000039065,1,10,,0,1,8,1,A01
202000039066,1,7,,6,2,3,1,A01
202000039066,2,7,,0,2,3,1,B01
202000039067,2,7,,0,2,1,1,A01
202000039067,1,1,,0,2,7,1,B01
202000039068,3,7,,1,1,8,24,B01
202000039068,3,10,,1,0,1,0,A01
202000039069,2,7,,0,2,1,1,A01
202000039069,3,7,,0,2,8,1,B01
202000039070,2,7,,0,2,1,13,A01
202000039070,1,10,,0,2,8,1,B01
202000039070,1,10,,0,2,1,1,C01
202000039071,1,7,,13,0,2,13,A01
202000039072,1,7,,0,0,9,1,A01
202000039073,1,7,,0,2,1,1,B01
202000039073,2,1,,0,2,8,1,A01
202000039074,3,10,,0,2,3,15,B01
202000039074,3,1,,0,2,2,16,A01
202000039075,2,15,,3,0,2,1,A01
202000039076,2,32,,0,2,3,13,A01
202000039076,1,7,,0,2,3,1,B01
202000039077,1,15,,6,0,7,1,A01
202000039078,1,7,,0,2,1,2,A01
202000039078,1,7,,0,2,4,1,B01
202000039079,2,7,,3,0,1,1,A01
202000039080,2,7,,0,2,1,2,A01
202000039080,2,7,,0,0,4,1,B01
202000039081,2,7,,0,2,1,13,A01
202000039081,1,36,,0,2,3,1,B01
202000039082,1,7,,3,0,1,1,A01
202000039083,0,7,,0,1,1,1,A01
202000039084,1,10,,0,2,1,1,A01
202000039084,1,30,,0,2,1,26,B01
202000039085,0,7,,6,0,2,16,A01
202000039086,0,10,,14,2,7,15,B01
202000039086,1,7,,0,2,1,1,A01
202000039087,1,17,,7,2,7,6,A01
202000039087,2,7,,0,2,8,1,B01
202000039087,2,17,,0,2,1,1,C01
202000039088,1,10,,0,2,1,1,A01
202000039088,2,37,7.0,0,2,1,1,B01
202000039089,2,7,,0,2,3,9,A01
202000039089,1,3,,0,2,2,1,B01
202000039090,3,33,,6,0,2,1,A01
202000039091,1,7,,8,2,1,13,A01
202000039091,2,7,,0,2,1,1,B01
202000039092,2,7,,0,2,7,15,A01
202000039092,2,7,,0,2,1,1,B01
202000039093,1,7,,0,2,1,19,B01
202000039093,1,7,,0,6,1,19,A01
202000039094,2,30,,0,2,1,1,B01
202000039094,1,7,,0,2,2,15,A01
202000039095,3,7,,0,2,3,1,B01
202000039095,3,7,,0,2,6,26,A01
202000039096,2,7,,0,2,3,1,C01
202000039096,2,7,,0,2,8,1,B01
202000039096,1,7,,0,2,3,1,A01
202000039097,1,15,,0,2,7,1,C01
202000039097,2,7,,0,2,1,0,A01
202000039097,2,7,,0,2,4,0,B01
202000039098,3,7,,0,2,3,0,A01
202000039098,3,7,,0,2,3,0,B01
202000039099,2,7,,0,2,3,1,B01
202000039099,1,7,,0,2,3,1,A01
202000039100,1,7,,0,2,3,13,A01
202000039100,2,7,,0,2,3,1,B01
202000039101,1,7,,13,0,3,13,A01
202000039102,3,7,,0,2,1,1,A01
202000039102,3,7,,0,2,1,15,B01
202000039103,2,2,,0,2,1,1,A01
202000039103,1,7,,0,2,8,9,B01
202000039104,2,7,,0,2,4,1,D01
202000039104,2,7,,0,2,1,1,A01
202000039104,2,10,,0,2,4,1,B01
202000039104,2,7,,0,2,1,1,C01
202000039105,2,15,,0,2,1,2,C01
202000039105,2,10,,0,2,4,2,B01
202000039105,2,7,,0,2,4,2,A01
202000039106,2,7,,1,0,2,9,A01
202000039107,1,7,,0,2,1,2,B01
202000039107,1,7,,0,2,4,2,A01
202000039108,3,7,,0,2,3,1,B01
202000039108,3,7,,0,2,1,19,A01
202000039109,1,7,,0,2,4,23,A01
202000039109,1,7,,0,2,1,0,B01
202000039109,1,7,,0,2,1,0,C01
202000039110,1,1,,0,2,1,26,B01
202000039110,1,7,,0,2,8,9,A01
202000039111,1,7,,0,2,1,1,B01
202000039111,1,7,,0,2,1,1,D01
202000039111,1,7,,0,2,1,1,C01
202000039111,1,7,,0,2,4,1,A01
202000039112,1,10,,0,2,1,1,A01
202000039112,1,7,,0,2,4,2,B01
202000039113,2,7,,0,2,1,9,A01
202000039113,1,7,,0,2,2,1,B01
202000039114,3,1,,2,0,1,14,A01
202000039115,1,32,,15,0,0,0,A01
202000039116,1,2,,12,0,0,15,A01
202000039117,3,10,,0,1,4,26,A01
202000039118,1,10,,0,2,1,2,A01
202000039118,1,7,,0,2,4,14,B01
202000039118,1,7,,0,2,1,2,C01
202000039118,1,10,,0,2,0,0,D01
202000039119,1,31,,11,2,1,21,A01
202000039119,1,15,,0,2,4,1,B01
202000039120,1,7,,0,2,4,1,A01
202000039120,1,7,,0,2,1,1,B01
202000039121,1,36,,0,2,9,1,A01
202000039122,1,41,,8,0,7,25,A01
202000039123,1,7,,0,2,1,1,B01
202000039123,3,7,,0,2,8,19,A01
202000039124,2,7,,0,2,2,11,B01
202000039124,2,7,,0,2,3,1,A01
202000039125,2,7,,0,2,4,1,C01
202000039125,2,7,,0,2,7,12,B01
202000039125,2,33,,0,2,3,3,A01
202000039126,0,33,,0,2,1,1,B01
202000039126,1,7,,0,2,1,15,A01
202000039127,1,7,,0,9,5,17,A01
202000039127,1,1,,0,2,3,13,B01
202000039128,0,7,,0,2,2,26,A01
202000039128,0,7,,0,2,6,0,B01
202000039129,2,10,,0,2,1,0,A01
202000039129,2,15,,0,2,4,0,B01
202000039130,3,7,,0,2,0,1,B01
202000039130,3,7,,0,2,7,1,A01
202000039131,1,7,,0,2,7,1,B01
202000039131,1,32,,0,2,8,11,A01
202000039132,2,50,,0,2,1,23,B01
202000039132,2,7,,0,2,3,15,A01
202000039133,2,7,,0,2,5,2,B01
202000039133,2,37,1.0,0,2,3,2,A01
202000039134,1,7,,0,2,4,2,C01
202000039134,1,17,,0,2,1,9,A01
202000039134,1,7,,0,2,4,2,B01
202000039135,3,7,,0,1,1,1,A01
202000039136,2,7,,0,2,3,11,A01
202000039136,2,33,,0,2,2,1,B01
202000039137,2,7,,0,2,1,1,B01
202000039137,1,7,,0,2,3,19,A01
202000039138,1,7,,0,2,6,9,A01
202000039138,1,33,,0,2,1,1,B01
202000039139,2,7,,0,0,0,26,A01
202000039139,2,7,,0,0,0,0,B01
202000039139,2,10,,0,0,0,0,C01
202000039140,1,30,,0,2,1,19,A01
202000039140,1,7,,0,2,3,19,B01
202000039141,1,33,,0,2,3,3,C01
202000039141,1,7,,0,2,3,1,B01
202000039141,1,7,,0,2,5,1,A01
202000039142,2,10,,0,2,3,12,A01
202000039142,2,32,,0,2,4,1,B01
202000039143,3,30,,0,1,1,1,A01
202000039144,1,33,,0,2,1,3,B01
202000039144,1,7,,0,2,5,12,A01
202000039145,2,7,,0,2,2,16,A01
202000039145,2,32,,0,2,8,1,B01
202000039146,1,7,,0,2,4,23,B01
202000039146,1,7,,0,2,1,2,A01
202000039147,3,7,,0,2,4,1,B01
202000039147,3,15,,0,2,1,1,A01
202000039148,1,32,,0,2,1,1,A01
202000039148,1,7,,0,2,4,23,B01
202000039149,0,7,,0,2,3,19,A01
202000039149,0,32,,0,0,2,1,B01
202000039150,1,50,,0,2,1,1,B01
202000039150,1,10,,0,2,2,16,A01
202000039151,1,1,,0,2,7,1,B01
202000039151,1,37,1.0,0,2,3,9,A01
202000039152,2,7,,0,2,1,1,B01
202000039152,1,7,,0,2,2,1,A01
202000039153,2,7,,8,0,1,14,A01
202000039154,1,7,,0,2,1,2,A01
202000039154,0,7,,0,2,4,2,B01
202000039155,0,10,,0,1,1,15,A01
202000039156,2,50,,0,1,1,1,A01
202000039157,2,1,,0,2,3,10,A01
202000039157,2,37,1.0,0,2,7,17,B01
202000039158,0,33,,0,0,0,14,A01
202000039159,3,50,,14,0,1,1,A01
202000039160,3,31,,0,2,8,9,A01
202000039160,3,10,,0,2,2,1,B01
202000039161,1,13,,0,2,2,22,A01
202000039161,1,32,,0,2,3,18,B01
202000039162,2,7,,0,2,3,1,B01
202000039162,1,33,,0,2,2,1,A01
202000039163,1,7,,0,2,4,2,A01
202000039163,1,30,,0,2,1,2,B01
202000039164,1,34,,0,2,1,1,A01
202000039164,1,7,,0,2,2,1,B01
202000039165,2,33,,0,2,1,1,B01
202000039165,1,7,,0,2,7,15,A01
202000039166,2,7,,0,2,1,1,B01
202000039166,2,30,,0,2,8,19,A01
202000039167,1,10,,1,0,2,15,A01
202000039167,1,7,,0,2,6,23,B01
202000039168,2,7,,0,2,2,15,B01
202000039168,1,2,,0,2,1,1,A01
202000039169,3,1,,0,2,6,1,B01
202000039169,3,7,,0,2,2,16,A01
202000039170,2,7,,0,2,1,2,A01
202000039170,2,10,,0,2,4,23,B01
202000039171,1,7,,0,2,7,1,B01
202000039171,1,7,,0,2,3,1,A01
202000039172,2,10,,0,2,1,2,A01
202000039172,2,10,,0,2,4,2,B01
202000039173,2,7,,0,1,1,14,Z01
202000039174,1,7,,0,2,7,0,B01
202000039174,2,2,,0,2,1,26,A01
202000039175,2,2,,0,2,3,1,B01
202000039175,1,7,,1,2,2,9,A01
202000039176,-1,33,,8,0,8,1,B01
202000039176,-1,7,,0,2,1,15,A01
202000039177,3,30,,0,0,0,0,A01
202000039178,1,1,,14,2,1,19,B01
202000039178,1,7,,0,2,1,19,A01
202000039179,3,7,,0,2,1,14,A01
202000039179,3,7,,0,2,8,2,B01
202000039180,3,7,,0,2,3,15,Z01
202000039180,2,30,,0,2,1,16,B01
202000039181,2,7,,0,1,2,1,A01
202000039182,-1,7,,0,2,7,1,B01
202000039182,-1,30,,0,2,8,18,A01
202000039183,2,7,,0,1,1,16,A01
202000039184,0,7,,0,1,1,9,A01
202000039185,1,10,,0,2,1,1,B01
202000039185,1,7,,0,2,2,15,A01
202000039186,-1,7,,0,2,1,1,A01
202000039186,-1,7,,0,2,4,1,B01
202000039187,2,30,,0,2,1,2,A01
202000039187,2,7,,0,0,4,2,B01
202000039188,3,7,,0,1,2,15,A01
202000039189,2,7,,0,2,3,16,A01
202000039189,1,1,,0,2,1,1,B01
202000039190,2,33,,0,2,5,9,A01
202000039190,2,7,,0,2,5,1,B01
202000039191,1,7,,15,2,6,5,A01
202000039191,1,7,,0,2,3,2,B01
202000039192,3,7,,0,2,2,17,A01
202000039192,3,7,,0,2,3,15,B01
202000039193,3,32,,0,5,7,19,A01
202000039194,2,7,,0,2,7,15,A01
202000039194,1,7,,0,2,1,1,B01
202000039195,3,30,,0,2,1,2,A01
202000039195,0,7,,0,2,4,23,B01
202000039196,3,30,,0,2,1,2,A01
202000039196,3,7,,0,2,4,1,B01
202000039197,3,7,,0,2,2,2,A01
202000039197,3,2,,0,2,1,1,C01
202000039198,2,2,,0,2,7,1,B01
202000039198,3,7,,0,2,1,19,A01
202000039199,0,7,,0,1,4,20,A01
202000039200,3,7,,0,2,8,19,A01
202000039200,2,10,,0,2,1,19,B01
202000039201,3,31,,0,0,7,26,A01
202000039202,2,31,,0,2,1,1,B01
202000039202,2,7,,0,2,7,9,A01
202000039203,2,7,,0,2,4,23,D01
202000039203,2,7,,0,2,4,23,E01
202000039203,2,7,,0,2,4,1,C01
202000039203,2,10,,0,2,1,1,B01
202000039203,2,7,,0,2,1,1,A01
202000039204,0,10,,0,1,1,26,A01
202000039205,1,7,,0,2,8,1,B01
202000039205,1,7,,0,2,7,17,A01
202000039206,2,7,,1,0,9,5,A01
202000039207,2,7,,0,2,3,1,B01
202000039207,1,7,,0,2,3,1,A01
202000039208,3,50,,0,2,7,0,A01
202000039208,3,7,,0,9,2,1,B01
202000039209,1,2,,0,2,0,17,A01
202000039209,1,2,,0,2,8,1,B01
202000039210,0,1,,0,2,1,1,B01
202000039210,0,7,,0,2,4,4,A01
202000039211,2,7,,0,2,9,0,B01
202000039211,2,7,,0,2,1,26,A01
202000039212,2,7,,0,2,2,1,B01
202000039212,1,7,,0,2,3,5,A01
202000039213,0,7,,0,2,0,16,Z01
202000039213,1,50,,0,2,7,1,B01
202000039214,1,7,,14,0,1,0,A01
202000039215,1,7,,0,2,4,1,A01
202000039215,1,33,,0,2,1,1,B01
202000039216,2,7,,0,2,1,1,B01
202000039216,3,7,,2,2,2,1,A01
202000039217,2,33,,14,0,8,11,A01
202000039218,-1,2,,0,2,1,2,A01
202000039218,-1,2,,0,2,4,2,B01
202000039219,1,7,,0,2,3,15,A01
202000039219,1,30,,0,2,8,19,B01
202000039220,1,7,,0,2,7,15,A01
202000039220,2,33,,0,2,1,1,B01
202000039221,2,7,,13,0,1,14,A01
202000039222,1,7,,0,1,3,-1,A01
202000039223,1,7,,0,1,1,1,A01
202000039224,0,2,,0,2,2,2,A01
202000039224,1,7,,0,2,1,9,B01
202000039225,1,7,,16,0,9,1,A01
202000039226,2,7,,0,2,2,2,A01
202000039226,2,2,,0,2,8,15,B01
202000039227,1,7,,0,2,1,20,A01
202000039228,2,7,,0,2,1,15,A01
202000039228,1,7,,0,2,1,1,B01
202000039229,1,7,,0,1,1,1,A01
202000039230,1,15,,13,0,2,14,A01
202000039231,3,7,,0,2,1,9,A01
202000039231,3,7,,0,2,7,1,B01
202000039232,2,33,,0,2,1,1,B01
202000039232,1,7,,0,2,5,15,A01
202000039233,2,30,,0,2,1,2,A01
202000039234,1,7,,0,1,1,1,A01
202000039235,0,7,,0,2,1,6,A01
202000039235,0,7,,0,2,3,0,B01
202000039235,0,7,,0,2,6,1,C01
202000039235,0,7,,0,2,3,0,D01
202000039236,3,7,,0,2,1,2,A01
202000039236,3,7,,0,2,4,2,B01
202000039237,2,1,,0,0,4,1,B01
202000039237,2,14,,0,2,7,2,A01
202000039238,0,33,,8,2,1,3,B01
202000039238,0,7,,0,2,0,15,A01
202000039239,0,30,,12,0,7,16,A01
202000039240,2,33,,0,0,7,1,A01
202000039241,0,32,,0,0,0,0,A01
202000039242,1,7,,0,1,0,0,A01
202000039243,2,7,,0,0,8,17,A01
202000039244,3,7,,0,9,1,26,A01
202000039244,3,80,,0,2,7,1,B01
202000039245,1,7,,0,2,7,1,B01
202000039245,2,33,,8,2,1,17,A01
202000039246,1,7,,0,2,7,17,B01
202000039246,1,33,,0,2,8,17,A01
202000039247,2,33,,6,0,2,0,A01
202000039248,2,1,,0,2,2,17,B01
202000039248,2,7,,0,2,3,11,A01