Num_Acc,senc,catv,occutc,obs,obsm,choc,manv,num_veh
202000039249,0,7,,13,0,9,1,A01
202000039250,1,2,,0,0,0,1,A01
202000039251,2,10,,0,2,4,2,C01
202000039251,2,7,,0,2,1,2,A01
202000039251,2,7,,0,2,4,2,B01
202000039252,1,7,,0,2,1,15,A01
202000039252,2,7,,0,2,1,1,B01
202000039253,1,7,,0,1,3,1,A01
202000039254,2,7,,8,0,0,1,A01
202000039255,3,7,,0,2,4,2,B01
202000039255,3,7,,0,2,1,2,A01
202000039256,2,7,,0,2,1,1,B01
202000039256,1,7,,0,2,1,13,A01
202000039257,1,1,,0,2,2,1,B01
202000039257,1,7,,0,2,3,22,A01
202000039258,2,32,,0,0,0,1,A01
202000039259,2,34,,8,0,2,11,A01
202000039260,0,7,,0,2,1,1,A01
202000039260,0,7,,0,0,4,1,B01
202000039261,2,21,,0,2,2,16,A01
202000039261,2,1,,0,2,4,15,B01
202000039262,2,33,,0,2,6,15,B01
202000039262,2,7,,0,2,2,17,A01
202000039263,3,33,,0,2,1,1,B01
202000039263,3,7,,0,0,4,1,A01
202000039264,2,33,,0,2,1,19,B01
202000039264,0,7,,1,2,5,0,C01
202000039264,1,7,,0,2,3,15,A01
202000039265,2,30,,0,2,3,1,B01
202000039265,1,10,,0,2,8,15,A01
202000039266,2,7,,0,2,3,3,A01
202000039266,1,33,,0,0,1,1,B01
202000039267,3,7,,0,2,7,15,A01
202000039267,2,7,,0,2,2,1,B01
202000039268,1,10,,0,1,2,2,A01
202000039269,1,7,,0,1,3,14,A01
202000039270,1,1,,0,2,3,1,A01
202000039270,1,1,,0,2,2,17,B01
202000039271,3,2,,0,2,1,19,A01
202000039271,0,15,,0,2,6,1,B01
202000039272,0,1,,0,2,6,1,B01
202000039272,0,7,,0,2,2,1,A01
202000039273,0,7,,0,1,1,1,A01
202000039274,3,30,,0,1,1,1,A01
202000039275,1,33,,0,0,8,1,A01
202000039276,1,7,,0,1,3,15,A01
202000039277,2,31,,0,2,1,23,B01
202000039277,2,10,,0,2,4,4,A01
202000039278,1,33,,0,2,1,2,A01
202000039278,1,7,,0,0,5,1,B01
202000039279,3,7,,0,2,3,1,B01
202000039279,2,34,,0,2,1,1,A01
202000039280,2,7,,0,2,1,2,A01
202000039280,2,15,,0,0,4,2,B01
202000039281,2,2,,0,2,1,1,C01
202000039281,2,7,,1,0,2,1,A01
202000039282,1,7,,14,0,1,1,B01
202000039282,1,7,,4,0,3,1,A01
202000039283,2,31,,0,2,1,1,B01
202000039283,2,7,,0,2,7,16,A01
202000039284,1,31,,4,0,3,13,A01
202000039285,3,7,,6,0,1,1,A01
202000039286,1,7,,0,2,1,1,B01
202000039286,2,7,,0,2,7,1,A01
202000039287,2,7,,0,2,1,17,A01
202000039287,1,7,,0,2,1,1,B01
202000039288,2,7,,0,0,9,17,A01
202000039289,1,7,,1,0,1,2,A01
202000039289,1,2,,0,2,0,0,B01
202000039290,1,0,,0,1,0,0,A01
202000039291,1,33,,0,2,1,2,A01
202000039291,1,7,,0,2,4,1,B01
202000039292,2,30,,0,0,8,15,B01
202000039292,2,33,,0,2,1,1,A01
202000039293,3,7,,0,1,1,15,A01
202000039294,1,10,,6,1,2,14,A01
202000039295,1,7,,0,2,2,0,B01
202000039295,2,7,,0,2,7,14,A01
202000039296,1,32,,0,2,1,1,B01
202000039296,2,10,,0,2,2,15,A01
202000039297,2,32,,0,2,2,0,B01
202000039297,2,1,,0,2,3,13,A01
202000039298,1,7,,0,2,1,2,A01
202000039298,1,7,,3,2,4,23,B01
202000039298,1,7,,0,0,4,23,C01
202000039299,2,7,,0,2,2,16,A01
202000039299,2,2,,0,2,3,1,B01
202000039300,1,10,,0,2,3,17,B01
202000039300,2,7,,3,2,3,5,A01
202000039300,1,7,,0,2,3,11,C01
202000039301,1,7,,0,2,4,15,B01
202000039301,1,34,,0,2,1,17,A01
202000039302,3,32,,0,2,1,1,B01
202000039302,3,7,,0,2,7,1,A01
202000039303,1,7,,0,2,1,1,B01
202000039303,2,7,,0,2,3,15,A01
202000039304,2,33,,0,0,7,1,A01
202000039305,3,99,,0,9,7,2,A01
202000039305,3,1,,0,2,4,2,B01
202000039306,2,10,,2,0,3,1,A01
202000039307,2,7,,0,2,3,2,B01
202000039307,2,15,,0,2,5,2,A01
202000039308,2,7,,7,0,1,1,A01
202000039309,1,7,,2,0,9,1,A01
202000039310,0,7,,0,2,3,15,A01
202000039310,0,7,,0,2,1,26,B01
202000039311,1,7,,0,2,1,21,A01
202000039311,2,7,,0,2,1,1,B01
202000039312,2,7,,0,0,3,1,B01
202000039312,1,1,,0,2,3,16,A01
202000039313,2,33,,0,2,8,21,B01
202000039313,1,7,,0,2,5,15,A01
202000039314,2,7,,1,0,2,0,A01
202000039315,1,2,,0,0,0,1,A01
202000039316,0,10,,0,1,4,4,A01
202000039317,0,80,,0,2,1,23,B01
202000039317,1,7,,0,2,3,15,A01
202000039318,2,10,,0,2,7,2,A01
202000039318,2,1,,0,2,8,2,B01
202000039319,2,7,,0,0,3,1,B01
202000039319,1,2,,0,2,1,1,A01
202000039320,2,7,,0,2,1,19,A01
202000039320,1,7,,0,2,8,1,B01
202000039321,3,7,,0,2,3,1,B01
202000039321,3,30,,0,2,1,13,A01
202000039322,1,7,,0,1,7,1,A01
202000039323,1,33,,0,2,2,1,A01
202000039323,1,7,,0,2,4,1,B01
202000039324,1,7,,0,2,3,1,A01
202000039324,2,2,,0,2,1,13,B01
202000039325,3,1,,0,0,0,1,A01
202000039326,2,7,,2,0,1,13,A01
202000039327,1,33,,0,2,1,1,B01
202000039327,2,7,,0,2,2,15,A01
202000039328,2,2,,0,0,7,1,B01
202000039328,2,7,,0,2,3,9,A01
202000039329,1,10,,0,1,1,1,A01
202000039330,2,7,,3,0,1,26,A01
202000039331,1,10,,0,2,1,0,B01
202000039331,1,7,,0,2,4,0,A01
202000039332,3,7,,0,2,1,1,B01
202000039332,3,7,,0,2,1,13,A01
202000039333,1,33,,0,0,0,1,A01
202000039334,2,31,,0,2,1,2,A01
202000039334,2,10,,0,2,4,1,B01
202000039335,1,30,,0,2,1,1,B01
202000039335,2,7,,0,2,8,1,A01
202000039336,1,0,,0,2,1,0,Z01
202000039336,1,31,,0,2,1,1,C01
202000039336,1,7,,0,2,4,2,B01
202000039337,2,2,,0,2,1,1,B01
202000039337,3,7,,0,0,5,26,A01
202000039338,1,7,,0,1,3,1,A01
202000039339,1,15,,0,2,1,2,A01
202000039339,1,7,,0,2,4,2,B01
202000039340,1,32,,0,2,1,1,A01
202000039340,1,7,,0,0,6,23,B01
202000039341,2,7,,4,0,0,2,A01
202000039342,3,7,,0,1,4,4,A01
202000039343,1,17,,4,0,7,15,A01
202000039344,0,7,,2,0,1,1,A01
202000039345,1,7,,0,0,0,1,A01
202000039346,1,7,,0,2,4,1,A01
202000039346,2,10,,0,2,1,1,B01
202000039347,2,7,,3,0,6,26,A01
202000039347,2,10,,0,2,2,12,B01
202000039348,2,7,,0,1,3,1,A01
202000039349,1,7,,0,2,2,2,A01
202000039349,1,1,,0,0,4,2,B01
202000039350,2,7,,0,2,1,2,A01
202000039350,2,20,,0,0,4,2,B01
202000039351,1,2,,0,2,1,1,B01
202000039351,1,7,,0,2,7,1,A01
202000039352,2,17,,0,2,6,14,A01
202000039352,1,17,,0,2,3,14,B01
202000039353,2,33,,0,0,8,1,A01
202000039354,1,7,,0,1,1,1,A01
202000039355,3,7,,0,1,3,1,A01
202000039356,3,7,,0,2,3,19,A01
202000039356,1,7,,0,2,1,1,B01
202000039357,0,7,,0,1,2,0,A01
202000039358,2,17,,0,0,6,2,B01
202000039358,2,10,,0,2,1,2,A01
202000039359,1,7,,0,2,3,1,A01
202000039359,2,30,,0,2,2,15,B01
202000039360,2,7,,0,2,2,2,A01
202000039360,2,7,,0,2,6,2,B01
202000039361,1,99,,0,2,4,26,A01
202000039361,1,7,,0,9,3,1,B01
202000039362,1,7,,4,0,9,12,A01
202000039363,3,7,,0,2,1,15,A01
202000039363,3,80,,0,2,0,0,B01
202000039364,1,33,,0,2,1,2,B01
202000039364,1,7,,0,2,3,11,A01
202000039365,2,7,,0,1,3,16,A01
202000039366,2,7,,13,0,1,1,A01
202000039367,1,20,,0,1,4,26,A01
202000039368,3,7,,0,2,3,26,B01
202000039368,3,50,,0,2,1,5,A01
202000039369,2,7,,8,0,1,1,A01
202000039370,1,33,,0,2,2,2,B01
202000039370,1,7,,0,2,3,10,A01
202000039371,1,7,,4,0,1,13,A01
202000039372,3,99,,0,1,8,1,B01
202000039372,3,7,,0,1,3,1,A01
202000039373,3,7,,0,1,1,26,A01
202000039374,1,7,,0,2,1,13,B01
202000039374,2,7,,0,2,1,1,A01
202000039375,2,7,,0,2,2,1,B01
202000039375,1,7,,0,2,3,9,A01
202000039376,1,33,,0,6,3,19,A01
202000039377,1,7,,0,2,3,1,B01
202000039377,1,7,,0,2,1,19,A01
202000039378,1,7,,0,2,4,23,D01
202000039378,1,7,,0,2,4,23,C01
202000039378,1,7,,0,0,4,23,B01
202000039378,1,10,,14,0,1,1,A01
202000039379,3,7,,0,2,1,1,B01
202000039379,3,7,,0,2,1,1,A01
202000039380,2,7,,17,0,1,17,A01
202000039381,3,7,,0,2,3,1,A01
202000039381,0,7,,0,2,3,1,B01
202000039382,2,7,,0,2,3,1,B01
202000039382,1,7,,0,2,3,13,A01
202000039383,0,7,,0,1,8,4,A01
202000039384,3,7,,0,1,3,1,A01
202000039385,1,7,,0,9,1,13,A01
202000039386,0,33,,1,2,1,1,B01
202000039386,0,7,,0,2,8,15,A01
202000039387,2,7,,0,2,1,1,A01
202000039387,2,7,,0,2,4,2,B01
202000039388,2,7,,0,2,1,2,B01
202000039388,2,33,,0,2,4,2,A01
202000039389,3,30,,0,2,1,2,A01
202000039389,3,10,,0,2,4,23,B01
202000039390,1,2,,0,0,7,1,A01
202000039391,1,7,,0,0,0,0,C01
202000039391,1,7,,0,0,0,0,B01
202000039391,1,7,,0,0,0,26,A01
202000039392,2,7,,0,2,4,2,B01
202000039392,2,7,,0,2,4,2,C01
202000039392,2,7,,0,2,1,2,A01
202000039393,1,7,,0,0,9,9,A01
202000039394,2,7,,0,1,3,15,A01
202000039395,3,7,,4,0,3,1,A01
202000039396,1,33,,0,2,3,1,B01
202000039396,2,7,,0,2,3,15,A01
202000039397,2,2,,0,2,3,2,B01
202000039397,2,7,,0,2,3,13,A01
202000039398,3,7,,0,2,3,19,A01
202000039398,1,2,,0,2,1,1,B01
202000039399,2,10,,0,2,2,15,A01
202000039399,1,2,,0,2,1,1,B01
202000039400,2,7,,0,2,3,1,C01
202000039400,1,37,1.0,0,2,5,1,B01
202000039400,1,7,,0,2,8,9,A01
202000039401,1,7,,0,2,1,1,B01
202000039401,1,10,,0,2,1,1,A01
202000039401,1,7,,0,2,4,23,C01
202000039402,2,7,,0,2,1,1,B01
202000039402,2,7,,0,2,4,1,A01
202000039403,1,32,,0,0,1,26,A01
202000039404,2,1,,0,2,8,1,B01
202000039404,2,7,,0,2,2,16,A01
202000039405,2,7,,0,1,2,1,A01
202000039406,1,7,,0,0,0,11,B01
202000039406,1,2,,0,0,0,1,A01
202000039407,1,7,,9,2,3,1,B01
202000039407,0,7,,8,2,1,9,Z01
202000039407,3,7,,8,0,2,1,C01
202000039408,1,13,,0,2,4,1,A01
202000039408,1,30,,0,2,1,2,B01
202000039409,1,20,,0,0,1,13,A01
202000039410,2,7,,0,2,1,1,B01
202000039410,3,7,,0,2,1,9,A01
202000039411,1,7,,0,9,7,16,A01
202000039411,1,33,,0,2,1,1,B01
202000039412,1,7,,0,2,1,2,A01
202000039412,1,7,,0,2,4,0,B01
202000039413,1,7,,0,1,1,16,A01
202000039414,1,7,,0,2,1,26,A01
202000039414,1,7,,0,2,4,16,B01
202000039415,3,7,,0,2,2,1,A01
202000039416,0,2,,0,2,2,15,B01
202000039416,0,7,,0,2,3,15,A01
202000039417,2,7,,0,2,7,13,A01
202000039417,1,7,,0,2,1,1,B01
202000039418,1,7,,0,2,9,0,A01
202000039418,1,7,,0,2,3,0,B01
202000039419,1,30,,0,0,8,0,A01
202000039420,2,7,,0,2,4,2,B01
202000039420,2,30,,0,2,1,2,A01
202000039421,2,7,,0,1,1,15,A01
202000039422,1,7,,0,2,1,0,B01
202000039422,1,7,,0,2,7,0,A01
202000039423,1,7,,0,2,0,0,A01
202000039423,1,80,,0,2,8,0,B01
202000039424,1,7,,3,0,1,9,A01
202000039425,0,7,,2,0,0,1,A01
202000039426,2,7,,0,2,8,16,C01
202000039426,1,7,,0,2,3,26,A01
202000039426,1,7,,0,2,3,15,B01
202000039427,0,14,,0,2,8,1,B01
202000039427,0,33,,0,2,1,13,A01
202000039428,3,30,,0,2,1,1,B01
202000039428,3,7,,0,2,3,26,A01
202000039429,2,7,,1,2,2,1,B01
202000039429,2,7,,15,2,2,1,A01
202000039430,1,7,,0,1,2,1,A01
202000039431,3,7,,0,9,7,15,A01
202000039431,3,1,,0,2,1,1,B01
202000039432,-1,7,,2,0,1,26,A01
202000039433,0,7,,12,0,3,1,A01
202000039434,1,33,,0,2,1,1,A01
202000039434,1,7,,0,2,3,1,B01
202000039435,2,7,,13,0,2,14,A01
202000039436,1,7,,1,0,1,21,A01
202000039437,0,7,,0,2,0,1,B01
202000039437,3,7,,0,2,1,1,A01
202000039438,3,33,,0,2,8,15,A01
202000039438,3,7,,0,2,3,16,B01
202000039439,1,7,,0,2,1,1,B01
202000039439,2,30,,0,2,5,15,A01
202000039440,1,7,,0,1,2,1,A01
202000039441,1,7,,0,2,4,20,A01
202000039441,1,1,,0,2,1,1,B01
202000039442,2,7,,0,1,2,16,A01
202000039443,1,7,,7,0,3,15,A01
202000039444,1,1,,0,2,0,0,B01
202000039444,2,7,,0,2,1,9,A01
202000039445,1,7,,0,1,1,1,Z01
202000039446,1,14,,0,1,2,1,A01
202000039447,1,40,,0,1,2,1,A01
202000039448,1,33,,0,2,3,13,A01
202000039448,2,10,,0,2,8,1,B01
202000039449,1,10,,0,2,1,13,A01
202000039449,2,7,,0,2,1,1,B01
202000039450,3,1,,0,9,4,1,B01
202000039450,3,1,,0,9,1,1,A01
202000039451,0,7,,0,2,0,0,B01
202000039451,0,7,,0,2,2,0,A01
202000039452,3,2,,0,2,1,1,B01
202000039452,3,7,,0,2,8,1,A01
202000039453,3,7,,0,2,4,2,B01
202000039453,3,7,,0,2,1,2,A01
202000039454,1,32,,0,2,3,1,B01
202000039454,1,34,,1,2,1,17,A01
202000039455,0,7,,0,1,3,15,A01
202000039456,1,1,,0,2,3,1,B01
202000039456,1,7,,0,2,3,17,A01
202000039457,0,7,,0,2,8,15,A01
202000039457,0,32,,0,2,1,0,B01
202000039458,1,7,,5,2,1,13,A01
202000039458,2,10,,2,2,2,13,B01
202000039459,0,3,,0,2,1,1,B01
202000039459,0,7,,0,2,3,8,A01
202000039460,2,20,,0,1,0,26,Z01
202000039461,3,30,,0,2,1,0,A01
202000039461,3,1,,0,2,0,26,B01
202000039462,1,32,,9,0,1,13,A01
202000039463,1,7,,0,2,8,1,B01
202000039463,1,7,,0,2,1,9,A01
202000039464,2,7,,0,2,5,1,B01
202000039464,2,33,,0,2,1,2,A01
202000039465,2,7,,0,2,6,15,A01
202000039465,1,7,,0,2,1,1,B01
202000039466,1,7,,0,2,1,9,A01
202000039466,2,7,,1,2,3,1,B01
202000039467,1,10,,16,0,9,1,A01
202000039468,3,7,,0,2,1,9,A01
202000039468,2,33,,0,2,2,1,B01
202000039469,1,7,,0,2,8,10,A01
202000039469,1,33,,0,2,7,17,B01
202000039470,0,33,,0,2,7,17,A01
202000039470,0,7,,0,2,8,15,B01
202000039471,1,7,,0,2,7,16,A01
202000039471,1,1,,0,2,1,25,B01
202000039472,3,7,,0,1,2,1,A01
202000039473,-1,7,,2,0,1,13,A01
202000039474,2,7,,0,2,6,1,B01
202000039474,3,7,,0,2,1,19,A01
202000039475,0,7,,0,2,3,1,B01
202000039475,2,7,,0,2,1,1,A01
202000039476,1,10,,0,1,3,15,A01
202000039477,3,7,,0,2,4,0,C01
202000039477,3,7,,0,2,1,0,A01
202000039477,3,7,,0,2,4,0,B01
202000039478,1,7,,0,2,8,9,A01
202000039478,1,15,,0,2,7,1,B01
202000039479,2,7,,0,2,1,13,A01
202000039479,1,7,,0,2,1,1,B01
202000039480,3,10,,0,2,2,10,A01
202000039480,3,33,,0,2,3,1,B01
202000039481,1,7,,0,1,1,1,A01
202000039482,3,7,,0,1,1,17,A01
202000039483,1,7,,0,2,1,9,A01
202000039483,1,7,,0,2,1,1,B01
202000039484,2,1,,0,2,1,1,B01
202000039484,2,7,,0,9,2,16,A01
202000039485,0,7,,0,2,1,1,B01
202000039485,0,7,,0,2,1,5,A01
202000039486,1,2,,0,0,0,9,B01
202000039486,1,7,,0,0,0,2,A01
202000039487,1,1,,0,2,9,0,B01
202000039487,1,7,,0,2,2,0,A01
202000039488,2,33,,14,2,1,17,B01
202000039488,1,7,,14,0,3,19,A01
202000039489,1,1,,0,2,4,0,B01
202000039489,1,7,,0,2,3,0,A01
202000039490,1,30,,0,2,1,18,A01
202000039490,1,7,,0,2,2,16,B01
202000039491,2,7,,0,1,8,1,A01
202000039492,1,7,,0,1,3,1,A01
202000039493,3,7,,0,1,0,15,Z01
202000039494,3,1,,0,2,8,1,B01
202000039494,3,13,,0,2,7,9,A01
202000039495,2,14,,0,1,1,19,A01
202000039496,2,7,,0,1,1,1,A01
202000039497,0,30,,0,1,1,1,A01
202000039498,3,7,,0,1,5,1,A01
202000039499,1,7,,7,1,1,14,A01
202000039500,1,7,,0,2,3,2,A01
202000039500,1,7,,0,2,6,2,B01
202000039501,0,3,,0,1,1,1,A01
202000039502,2,1,,0,2,6,13,B01
202000039502,2,7,,0,2,2,1,A01
202000039503,2,30,,0,0,0,1,A01
202000039504,3,10,,0,1,4,4,A01
202000039505,2,7,,0,1,1,1,A01
202000039506,1,14,,0,1,8,16,A01
202000039507,2,10,,0,2,8,10,A01
202000039507,2,34,,0,2,1,3,B01
202000039508,2,1,,0,2,3,16,B01
202000039508,2,7,,0,2,5,14,A01
202000039509,1,31,,0,2,4,1,B01
202000039509,1,7,,0,2,1,17,A01
202000039510,1,7,,1,0,3,13,A01
202000039511,2,10,,0,2,3,10,A01
202000039511,2,33,,0,2,3,1,B01
202000039512,1,31,,0,2,1,1,B01
202000039512,1,7,,0,2,8,15,A01
202000039513,2,7,,1,0,1,14,A01
202000039514,1,7,,0,1,1,1,A01
202000039515,0,30,,0,0,7,1,A01
202000039516,1,1,,0,2,1,2,A01
202000039516,1,7,,0,2,4,2,B01
202000039517,1,1,,0,2,1,1,B01
202000039517,1,7,,0,9,0,1,Z01
202000039518,1,2,,0,2,4,1,B01
202000039518,1,7,,0,2,1,1,A01
202000039519,0,7,,0,1,1,1,A01
202000039520,1,7,,0,1,1,1,A01
202000039521,1,7,,0,2,2,1,B01
202000039521,2,7,,0,2,2,13,A01
202000039522,3,7,,0,2,1,5,A01
202000039522,3,7,,0,2,1,1,B01
202000039522,3,7,,1,2,6,26,C01
202000039523,1,34,,0,1,7,1,A01
202000039524,3,7,,0,1,2,9,A01
202000039525,1,7,,0,2,6,15,B01
202000039525,1,32,,0,2,1,17,A01
202000039526,2,33,,0,2,1,1,B01
202000039526,1,7,,0,2,1,17,A01
202000039527,2,7,,0,1,2,16,A01
202000039528,1,32,,0,2,1,1,B01
202000039528,2,7,,0,2,5,15,A01
202000039529,1,10,,0,2,3,1,A01
202000039529,1,30,,0,2,8,1,B01
202000039530,0,7,,0,2,1,15,A01
202000039530,0,7,,0,2,3,1,B01
202000039531,1,10,,0,2,1,2,A01
202000039531,1,7,,0,2,6,2,B01
202000039532,1,1,,0,2,1,1,A01
202000039532,1,7,,0,2,1,1,B01
202000039533,3,7,,0,1,3,15,A01
202000039534,1,7,,0,2,1,1,A01
202000039534,1,2,,0,2,1,1,B01
202000039535,3,7,,0,2,2,26,A01
202000039535,3,7,,0,2,6,1,B01
202000039536,2,15,,0,2,0,16,B01
202000039536,2,10,,0,2,1,1,A01
202000039537,3,10,,0,1,4,4,A01
202000039538,3,50,,0,2,4,1,B01
202000039538,3,7,,0,2,1,15,A01
202000039539,0,7,,0,1,0,0,A01
202000039540,3,30,,0,0,0,15,A01
202000039541,3,7,,1,0,0,0,B01
202000039541,1,7,,6,0,1,1,A01
202000039542,3,7,,0,2,4,26,B01
202000039542,3,33,,0,2,1,26,A01
202000039543,3,7,,0,0,0,0,B01
202000039543,3,33,,0,0,0,0,A01
202000039544,1,7,,0,1,2,1,A01
202000039545,3,7,,0,2,8,1,B01
202000039545,3,7,,0,2,7,12,A01
202000039546,1,7,,6,0,1,14,A01
202000039547,1,7,,0,2,4,23,C01
202000039547,1,7,,0,2,4,23,B01
202000039547,1,7,,0,2,1,2,A01
202000039548,3,30,,0,0,0,1,A01
202000039549,1,7,,0,2,1,1,B01
202000039549,2,7,,0,2,1,15,A01
202000039550,3,7,,0,2,2,15,A01
202000039550,3,7,,0,2,1,1,B01
202000039551,1,31,,0,2,1,11,A01
202000039551,1,7,,0,2,7,12,B01
202000039552,2,7,,2,0,1,1,A01
202000039553,1,7,,0,2,3,11,A01
202000039553,1,31,,0,2,2,3,B01
202000039554,1,7,,0,2,4,1,B01
202000039554,1,7,,0,2,6,1,C01
202000039554,1,7,,0,2,1,1,A01
202000039554,1,7,,0,2,4,1,D01
202000039555,1,7,,0,2,1,2,A01
202000039555,1,7,,0,2,4,2,B01
202000039555,1,7,,0,2,2,2,C01
202000039556,1,7,,0,1,1,1,A01
202000039557,2,7,,0,2,4,2,B01
202000039557,2,7,,0,2,4,2,A01
202000039557,2,7,,0,2,1,2,Z01
202000039558,1,1,,0,1,1,1,A01
202000039559,3,31,,0,0,0,1,A01
202000039560,1,7,,0,2,4,1,B01
202000039560,1,7,,0,2,1,2,A01
202000039561,1,14,,0,1,1,16,A01
202000039562,3,7,,0,0,0,0,A01
202000039562,0,1,,0,0,0,0,B01
202000039563,2,7,,0,1,2,1,A01
202000039564,1,7,,0,1,3,26,A01
202000039565,2,7,,0,2,6,2,B01
202000039565,2,14,,0,2,2,14,A01
202000039566,2,50,,0,2,0,1,B01
202000039566,2,7,,0,0,0,0,Z01
202000039567,3,30,,0,2,1,1,A01
202000039567,3,7,,0,2,6,23,B01
202000039568,2,1,,0,2,1,1,B01
202000039568,1,10,,0,2,1,15,A01
202000039569,0,7,,10,0,9,17,A01
202000039570,2,50,,0,2,1,15,A01
202000039570,2,7,,0,9,2,1,B01
202000039571,2,7,,0,2,1,1,A01
202000039571,2,7,,0,2,4,26,B01
202000039572,0,80,,0,2,5,19,B01
202000039572,2,1,,0,2,1,1,A01
202000039573,0,33,,12,0,1,1,A01
202000039574,1,10,,0,1,6,16,A01
202000039575,1,7,,0,2,8,22,A01
202000039575,1,1,,0,2,1,1,B01
202000039576,2,10,,0,2,0,1,Z01
202000039576,2,7,,0,2,4,1,C01
202000039576,2,7,,0,2,4,1,B01
202000039576,2,7,,0,2,4,1,D01
202000039577,1,33,,0,2,7,16,B01
202000039577,1,43,,0,2,1,7,A01
202000039578,1,30,,0,1,7,18,A01
202000039579,1,10,,0,2,2,1,B01
202000039579,2,32,,0,2,1,7,A01
202000039580,2,1,,0,0,8,17,A01
202000039581,2,32,,0,2,1,2,A01
202000039581,2,80,,0,2,4,2,B01
202000039582,3,50,,0,2,1,13,A01
202000039582,3,50,,0,2,1,1,B01
202000039583,1,7,,1,2,8,24,C01
202000039583,1,7,,0,2,7,20,B01
202000039583,1,30,,0,2,2,1,A01
202000039584,1,7,,6,0,1,3,A01
202000039585,1,50,,0,1,1,1,A01
202000039586,0,7,,0,2,3,1,B01
202000039586,0,30,,0,2,1,1,A01
202000039586,0,14,,0,2,0,1,C01
202000039587,1,7,,0,1,3,15,A01
202000039588,0,7,,0,2,0,1,Z01
202000039588,0,2,,0,2,0,1,A01
202000039589,1,7,,0,0,0,16,A01
202000039589,2,31,,0,0,0,15,B01
202000039590,2,7,,0,2,4,23,B01
202000039590,2,7,,0,2,1,1,A01
202000039591,1,30,,0,2,1,16,A01
202000039591,1,7,,0,2,4,16,B01
202000039592,1,7,,0,2,1,1,A01
202000039592,2,1,,0,2,7,19,B01
202000039593,1,60,,0,2,1,0,B01
202000039593,1,7,,0,2,7,16,A01
202000039594,0,80,,1,0,1,1,B01
202000039594,0,7,,0,2,3,24,A01
202000039595,2,7,,0,2,1,2,A01
202000039595,2,7,,0,2,5,23,B01
202000039596,2,7,,0,1,1,1,A01
202000039597,3,10,,0,2,1,14,C01
202000039597,3,7,,0,2,4,2,B01
202000039597,3,34,,0,2,1,26,A01
202000039598,2,7,,0,1,0,26,A01
202000039599,1,7,,0,2,9,1,C01
202000039599,1,10,,0,2,9,1,B01
202000039599,1,17,,0,2,2,12,A01
202000039600,2,7,,0,1,5,16,A01
202000039601,1,7,,0,2,4,1,C01
202000039601,1,7,,1,1,1,1,A01
202000039602,2,33,,0,2,5,0,A01
202000039602,2,42,,0,2,3,0,B01
202000039602,-1,7,,0,0,0,23,T01
202000039603,1,7,,0,0,0,0,A01
202000039603,1,7,,0,-1,0,0,B01
202000039604,1,7,,0,2,1,1,B01
202000039604,1,30,,0,2,1,19,A01
202000039605,0,7,,0,1,3,1,A01
202000039606,3,10,,0,2,3,17,A01
202000039606,3,7,,0,2,3,15,B01
202000039607,1,7,,0,2,3,15,B01
202000039607,1,7,,3,0,2,1,A01
202000039608,2,2,,0,2,3,1,B01
202000039608,2,7,,0,2,7,16,A01
202000039609,2,30,,0,2,1,19,Z01
202000039609,2,31,,0,2,8,19,A01
202000039610,2,7,,0,2,2,1,B01
202000039610,2,7,,0,2,3,19,A01
202000039611,1,7,,0,2,1,9,B01
202000039611,1,7,,0,2,2,1,A01
202000039612,1,7,,0,2,2,15,A01
202000039612,2,7,,0,2,8,1,B01
202000039613,3,50,,0,2,1,15,B01
202000039613,3,7,,0,9,3,1,A01
202000039614,1,7,,15,0,1,13,A01
202000039615,2,7,,0,1,1,1,A01
202000039616,1,7,,0,2,3,0,B01
202000039616,1,31,,0,2,7,17,A01
202000039617,1,1,,0,2,1,16,A01
202000039617,1,50,,0,2,1,15,B01
202000039618,1,7,,0,2,3,11,A01
202000039618,1,2,,0,2,1,1,B01
202000039619,1,7,,0,2,7,16,A01
202000039619,1,50,,0,2,8,1,B01
202000039620,3,7,,0,2,3,15,A01
202000039620,3,2,,0,2,1,1,B01
202000039621,2,30,,0,2,1,1,A01
202000039621,2,7,,0,2,7,9,B01
202000039622,3,1,,15,0,1,21,A01
202000039623,1,7,,0,2,1,13,A01
202000039623,1,7,,0,2,4,23,B01
202000039624,1,7,,0,2,8,11,Z01
202000039624,1,7,,0,0,7,26,B01
202000039625,1,10,,1,0,7,17,A01
202000039625,1,14,,1,0,4,24,B01
202000039626,0,37,1.0,0,1,3,7,A01
202000039627,3,7,,9,0,2,0,A01
202000039628,1,34,,0,2,1,1,B01
202000039628,1,10,,0,2,2,19,A01
202000039629,3,7,,0,2,3,17,A01
202000039629,3,15,,0,0,0,26,B01
202000039629,3,15,,0,2,3,0,C01
202000039630,1,7,,0,2,1,2,A01
202000039630,2,7,,15,2,4,2,B01
202000039631,1,7,,0,9,2,9,A01
202000039631,1,99,,0,2,1,0,B01
202000039632,1,7,,0,1,2,1,A01
202000039633,1,20,,0,2,1,1,A01
202000039633,1,60,,0,2,1,1,B01
202000039634,2,33,,0,0,2,17,A01
202000039634,1,7,,0,2,7,1,B01