Num_Acc,senc,catv,occutc,obs,obsm,choc,manv,num_veh
202000040423,2,7,,0,2,1,1,A01
202000040423,1,7,,0,2,7,1,B01
202000040424,1,7,,0,2,4,2,B01
202000040424,1,7,,0,2,1,2,A01
202000040425,1,31,,0,2,1,1,B01
202000040425,1,37,1.0,0,2,7,15,A01
202000040426,1,7,,0,2,3,9,A01
202000040426,1,7,,0,2,2,1,B01
202000040427,3,33,,0,2,7,1,B01
202000040427,3,7,,0,2,3,9,A01
202000040428,2,7,,0,2,1,2,A01
202000040428,2,7,,0,2,4,2,B01
202000040429,2,7,,0,2,1,2,A01
202000040429,2,7,,0,2,4,2,B01
202000040430,3,7,,0,0,4,23,A01
202000040430,3,1,,0,2,1,1,B01
202000040431,1,7,,0,2,3,1,B01
202000040431,2,7,,0,2,1,2,C01
202000040431,2,7,,0,2,3,15,A01
202000040432,3,7,,13,0,1,1,A01
202000040433,1,33,,11,0,0,0,A01
202000040434,2,33,,4,0,1,0,A01
202000040435,1,7,,8,0,3,1,A01
202000040436,2,7,,0,1,2,1,A01
202000040437,1,33,,0,2,7,2,B01
202000040437,1,33,,13,0,1,1,A01
202000040437,1,33,,0,0,8,2,C01
202000040438,3,7,,0,0,0,1,A01
202000040439,2,7,,2,0,2,1,A01
202000040440,1,33,,3,0,2,1,A01
202000040441,1,7,,0,2,2,1,A01
202000040441,1,2,,0,2,1,19,B01
202000040442,1,33,,0,2,1,1,A01
202000040442,2,7,,0,2,5,15,B01
202000040442,2,7,,0,2,3,1,C01
202000040443,3,7,,2,0,3,14,A01
202000040444,1,7,,6,0,1,1,A01
202000040445,1,7,,13,0,9,14,A01
202000040446,1,7,,0,2,8,19,A01
202000040446,1,33,,0,2,1,1,B01
202000040447,1,10,,0,0,4,16,B01
202000040447,1,17,,0,2,1,1,A01
202000040448,2,7,,0,2,3,1,A01
202000040448,1,7,,0,2,3,1,B01
202000040449,2,1,,0,2,1,9,B01
202000040449,1,1,,0,2,1,1,A01
202000040450,1,50,,0,0,0,0,A01
202000040451,1,7,,8,1,2,1,A01
202000040452,2,7,,0,2,1,1,B01
202000040452,1,33,,0,2,1,13,A01
202000040453,1,33,,8,0,2,1,A01
202000040454,1,7,,0,0,2,15,A01
202000040454,2,7,,0,2,8,1,B01
202000040455,1,7,,0,2,3,1,B01
202000040455,2,7,,0,2,3,5,A01
202000040456,2,7,,13,2,6,1,B01
202000040456,2,7,,0,2,2,17,A01
202000040457,2,32,,0,0,0,1,A01
202000040458,2,7,,0,2,8,13,A01
202000040458,1,7,,0,2,8,1,B01
202000040459,2,7,,0,1,0,1,A01
202000040460,0,7,,2,0,2,1,A01
202000040461,3,7,,0,0,5,2,A01
202000040461,3,14,,5,0,3,2,B01
202000040462,2,7,,0,0,3,1,B01
202000040462,1,7,,0,0,3,1,A01
202000040463,1,7,,4,0,9,1,A01
202000040464,1,7,,1,0,1,1,B01
202000040464,1,10,,0,2,4,23,A01
202000040465,1,7,,0,2,3,1,A01
202000040465,1,7,,9,2,7,12,B01
202000040466,1,7,,0,2,1,2,A01
202000040466,1,7,,0,2,4,2,B01
202000040466,1,7,,0,2,4,2,C01
202000040467,2,7,,4,0,0,14,A01
202000040468,2,33,,0,2,7,3,B01
202000040468,2,7,,0,2,8,11,A01
202000040469,1,7,,0,2,1,1,A01
202000040469,1,7,,0,2,4,1,B01
202000040469,1,7,,0,2,4,1,C01
202000040470,1,30,,0,0,2,1,A01
202000040471,1,7,,4,2,5,2,B01
202000040471,1,7,,0,2,3,2,A01
202000040472,1,7,,14,0,8,2,E01
202000040472,1,7,,14,0,2,2,D01
202000040472,1,7,,0,1,2,2,C01
202000040472,1,15,,0,2,8,13,B01
202000040473,3,14,,0,2,3,1,B01
202000040473,3,7,,0,2,6,15,A01
202000040474,1,7,,4,0,2,17,A01
202000040475,1,1,,0,2,3,1,B01
202000040475,1,7,,0,2,2,16,A01
202000040476,1,32,,0,2,7,17,B01
202000040476,1,7,,0,2,2,15,A01
202000040477,0,7,,0,2,2,15,A01
202000040477,0,2,,0,2,1,17,B01
202000040478,1,30,,0,1,1,21,A01
202000040479,1,7,,0,1,7,1,A01
202000040480,2,2,,0,2,0,0,B01
202000040480,3,7,,0,2,0,26,A01
202000040481,2,2,,0,2,3,1,B01
202000040481,2,7,,0,2,3,15,A01
202000040482,3,30,,12,0,1,15,A01
202000040483,1,33,,0,2,0,1,B01
202000040483,1,7,,0,0,0,9,A01
202000040484,2,33,,0,2,1,2,B01
202000040484,2,7,,0,2,8,9,A01
202000040485,0,7,,0,2,1,1,B01
202000040485,0,7,,0,2,1,15,A01
202000040486,0,7,,0,2,1,0,B01
202000040486,0,10,,0,2,4,20,A01
202000040487,2,37,1.0,0,2,2,1,B01
202000040487,1,7,,0,2,8,16,A01
202000040488,3,7,,0,2,1,26,C01
202000040488,3,7,,0,2,1,26,B01
202000040488,3,7,,0,0,4,26,A01
202000040489,3,7,,0,1,0,20,A01
202000040490,2,7,,0,2,1,2,A01
202000040490,2,7,,0,2,4,23,B01
202000040491,2,7,,0,1,1,1,A01
202000040492,2,7,,0,1,2,1,A01
202000040493,3,14,,0,2,0,0,A01
202000040493,3,2,,0,2,0,0,B01
202000040494,2,30,,0,2,1,18,A01
202000040494,2,10,,0,2,2,16,B01
202000040495,0,10,,0,2,1,15,B01
202000040495,0,2,,0,2,1,1,A01
202000040496,1,7,,0,1,3,1,A01
202000040497,3,7,,0,2,1,1,A01
202000040497,3,2,,0,2,4,1,B01
202000040498,2,7,,1,1,1,16,A01
202000040499,2,7,,0,2,2,15,A01
202000040499,2,30,,0,2,1,1,B01
202000040500,1,7,,0,2,2,2,A01
202000040500,2,7,,0,5,4,1,B01
202000040501,1,33,,0,2,1,17,A01
202000040501,2,7,,0,2,2,15,B01
202000040501,2,7,,0,2,1,23,C01
202000040502,2,14,,0,2,2,1,B01
202000040502,2,7,,0,2,8,9,A01
202000040503,2,33,,0,2,1,7,A01
202000040503,2,7,,0,2,4,1,C01
202000040503,3,7,,0,2,3,9,B01
202000040504,2,7,,0,2,4,2,B01
202000040504,2,7,,0,2,4,2,C01
202000040504,2,7,,0,2,1,2,A01
202000040505,1,2,,0,2,2,1,B01
202000040505,1,7,,0,2,1,9,A01
202000040506,2,1,,0,2,8,1,B01
202000040506,1,7,,0,9,3,15,A01
202000040507,0,31,,0,2,1,1,B01
202000040507,1,7,,0,2,8,10,A01
202000040508,1,7,,0,1,1,15,A01
202000040509,1,34,,14,2,1,17,A01
202000040509,1,7,,0,2,6,1,B01
202000040510,3,7,,0,1,1,1,A01
202000040511,3,2,,0,2,1,0,B01
202000040511,3,7,,0,2,3,20,A01
202000040512,1,7,,0,2,1,2,A01
202000040512,1,7,,13,0,4,2,B01
202000040513,1,7,,0,2,9,1,B01
202000040513,1,7,,0,2,4,1,C01
202000040513,1,7,,0,2,1,1,A01
202000040514,1,7,,0,2,1,1,B01
202000040514,2,7,,0,2,2,15,A01
202000040515,1,1,,0,2,1,0,B01
202000040515,1,7,,0,2,1,0,A01
202000040516,1,7,,0,2,1,1,A01
202000040516,1,7,,0,2,5,1,B01
202000040517,2,30,,0,2,7,1,B01
202000040517,1,7,,0,2,8,1,A01
202000040518,3,10,,0,9,2,26,A01
202000040518,3,1,,0,2,1,1,B01
202000040519,1,7,,13,0,1,13,A01
202000040520,3,7,,0,1,1,15,A01
202000040521,2,10,,0,2,1,26,A01
202000040521,2,10,,0,2,7,1,B01
202000040522,1,7,,0,1,0,16,A01
202000040523,2,7,,0,1,1,1,A01
202000040524,2,7,,0,1,0,1,Z01
202000040525,0,33,,0,2,1,1,B01
202000040525,0,7,,0,2,2,1,A01
202000040526,2,7,,0,2,3,15,A01
202000040526,2,1,,0,2,1,17,B01
202000040527,1,7,,0,2,1,1,A01
202000040527,2,7,,0,2,7,16,B01
202000040528,0,7,,0,1,1,1,A01
202000040529,2,7,,0,2,8,1,B01
202000040529,2,30,,0,2,8,15,A01
202000040530,1,7,,0,2,1,13,A01
202000040530,2,31,,0,2,1,1,B01
202000040531,1,30,,1,0,2,14,A01
202000040532,2,1,,0,2,6,19,B01
202000040532,1,33,,0,2,1,1,A01
202000040533,2,7,,0,1,1,15,A01
202000040534,1,33,,0,2,7,1,B01
202000040534,1,1,,0,2,0,11,A01
202000040535,2,7,,0,1,3,1,A01
202000040536,1,7,,0,2,4,23,B01
202000040536,1,7,,0,2,1,1,A01
202000040537,1,7,,0,2,0,2,Z01
202000040537,1,1,,0,2,4,1,A01
202000040538,1,10,,0,2,2,19,A01
202000040538,2,7,,0,2,3,1,B01
202000040539,2,7,,0,2,3,15,B01
202000040539,2,30,,0,2,2,7,A01
202000040540,3,7,,0,2,6,4,A01
202000040540,3,31,,0,2,3,1,B01
202000040541,2,30,,0,0,0,21,A01
202000040542,2,2,,0,1,2,1,A01
202000040543,0,7,,0,9,0,0,Z01
202000040543,0,1,,0,2,0,0,B01
202000040544,3,30,,0,2,1,1,A01
202000040544,3,7,,0,2,2,1,B01
202000040545,2,7,,1,0,8,24,A01
202000040545,2,30,,0,2,1,1,B01
202000040545,2,7,,0,2,7,1,C01
202000040546,0,7,,2,0,9,1,A01
202000040547,2,30,,0,2,8,13,A01
202000040547,2,10,,0,2,7,1,B01
202000040548,0,7,,0,1,1,1,A01
202000040549,-1,7,,4,0,0,1,A01
202000040550,3,1,,0,2,0,26,B01
202000040550,3,7,,0,2,2,9,A01
202000040551,2,7,,0,2,4,2,B01
202000040551,2,7,,0,2,1,2,A01
202000040552,2,10,,0,2,1,2,A01
202000040552,2,7,,0,2,4,2,B01
202000040552,2,7,,0,0,4,2,C01
202000040553,2,7,,9,9,1,26,A01
202000040554,1,60,,0,2,0,19,B01
202000040554,1,7,,0,2,1,1,A01
202000040555,3,7,,6,0,1,13,A01
202000040556,1,7,,2,0,1,13,A01
202000040557,2,0,,0,1,3,15,A01
202000040558,2,7,,0,2,1,1,D01
202000040558,2,14,,0,2,1,1,B01
202000040558,2,99,,13,2,1,1,C01
202000040558,1,7,,0,2,0,1,A01
202000040559,2,7,,2,0,1,13,A01
202000040560,2,10,,0,2,1,1,A01
202000040560,2,7,,0,2,4,1,B01
202000040561,2,7,,0,1,1,15,A01
202000040562,2,2,,0,2,1,2,B01
202000040562,2,2,,0,2,8,2,A01
202000040563,1,7,,0,2,2,16,B01
202000040563,1,32,,0,2,3,18,A01
202000040564,2,7,,0,0,9,21,A01
202000040565,1,7,,0,2,3,10,Z01
202000040565,1,32,,0,2,3,1,A01
202000040566,2,7,,0,2,1,13,A01
202000040566,1,14,,0,2,1,1,B01
202000040567,1,10,,0,1,3,1,A01
202000040568,2,7,,8,0,1,1,A01
202000040568,1,34,,14,0,1,1,C01
202000040569,0,7,,0,2,3,2,B01
202000040569,0,33,,0,2,4,10,A01
202000040570,1,33,,0,2,1,17,A01
202000040570,1,7,,0,2,6,15,B01
202000040571,2,10,,3,2,2,17,A01
202000040571,2,10,,13,2,3,1,B01
202000040572,0,7,,13,0,2,1,A01
202000040573,1,1,,0,2,8,1,A01
202000040573,1,7,,0,2,7,2,B01
202000040574,2,7,,0,1,3,1,A01
202000040575,3,7,,1,0,1,1,A01
202000040576,2,7,,0,1,2,2,A01
202000040577,3,7,,0,2,1,15,A01
202000040577,3,2,,0,2,7,1,B01
202000040578,2,2,,0,2,1,1,B01
202000040578,1,7,,0,2,8,15,A01
202000040579,1,7,,16,0,1,2,A01
202000040580,2,7,,0,2,3,13,A01
202000040580,1,7,,0,2,3,1,B01
202000040581,1,33,,0,2,1,3,A01
202000040581,1,10,,0,2,5,1,B01
202000040582,2,7,,0,2,3,1,B01
202000040582,1,7,,0,2,1,1,A01
202000040583,1,33,,10,0,1,12,A01
202000040584,2,7,,0,1,1,1,A01
202000040585,1,32,,0,0,8,1,A01
202000040586,2,7,,0,2,0,17,A01
202000040586,2,1,,0,2,0,15,B01
202000040587,2,30,,0,2,1,15,B01
202000040587,2,7,,0,2,2,1,A01
202000040588,2,32,,0,2,1,1,B01
202000040588,1,7,,0,2,5,15,A01
202000040589,1,7,,3,2,1,1,A01
202000040589,2,7,,0,2,1,1,B01
202000040590,1,7,,0,1,2,1,A01
202000040591,2,7,,0,2,4,2,D01
202000040591,2,7,,3,0,1,12,A01
202000040591,2,7,,0,2,1,2,C01
202000040591,2,7,,3,0,1,2,B01
202000040592,1,43,,0,2,1,1,B01
202000040592,2,1,,0,2,8,5,A01
202000040593,1,2,,0,2,1,5,B01
202000040593,2,2,,0,2,1,1,A01
202000040594,1,10,,0,1,7,16,A01
202000040595,1,10,,16,0,0,0,A01
202000040596,2,32,,12,0,3,13,A01
202000040597,2,10,,13,0,2,1,A01
202000040598,1,7,,0,2,1,2,Z01
202000040598,1,7,,0,2,4,23,A01
202000040599,2,7,,0,0,1,1,B01
202000040599,1,7,,0,0,1,17,A01
202000040600,2,10,,0,2,5,24,B01
202000040600,2,7,,1,2,3,13,A01
202000040601,1,10,,0,2,8,1,B01
202000040601,2,30,,0,2,1,1,A01
202000040602,3,1,,0,2,4,1,B01
202000040602,3,2,,0,9,1,1,A01
202000040603,1,13,,0,1,2,23,B01
202000040603,2,7,,1,0,2,1,A01
202000040604,2,1,,0,2,1,19,A01
202000040604,3,34,,0,2,3,1,B01
202000040605,2,33,,6,0,7,1,A01
202000040606,1,37,1.0,0,2,6,15,B01
202000040606,1,32,,0,2,2,15,A01
202000040607,2,7,,0,2,8,15,B01
202000040607,2,33,,0,2,1,17,A01
202000040608,1,7,,0,2,3,0,B01
202000040608,2,7,,0,2,3,1,A01
202000040609,1,1,,0,2,8,15,A01
202000040609,1,34,,0,2,2,5,B01
202000040610,1,7,,2,0,8,1,A01
202000040611,2,32,,0,1,1,1,A01
202000040612,2,3,,0,0,4,1,B01
202000040612,2,10,,0,2,1,1,A01
202000040613,0,7,,0,2,8,22,B01
202000040613,1,1,,1,2,8,1,A01
202000040614,3,30,,0,0,0,1,A01
202000040615,1,33,,0,2,1,12,A01
202000040615,1,99,,0,2,3,1,B01
202000040616,2,7,,15,0,3,13,A01
202000040617,1,33,,0,2,8,1,B01
202000040617,1,10,,0,2,8,11,A01
202000040618,1,7,,0,2,3,1,B01
202000040618,1,50,,0,2,7,1,A01
202000040619,1,7,,0,1,2,1,A01
202000040620,1,7,,0,2,5,20,C01
202000040620,1,7,,0,2,4,23,B01
202000040620,1,7,,0,2,1,1,A01
202000040621,2,33,,12,0,1,16,A01
202000040622,1,15,,0,2,1,1,C01
202000040622,2,7,,0,2,3,1,B01
202000040622,2,7,,3,2,1,13,A01
202000040623,1,33,,0,2,5,2,A01
202000040623,1,7,,0,2,5,16,B01
202000040624,1,7,,0,2,3,1,B01
202000040624,1,2,,0,2,1,13,A01
202000040625,3,1,,0,5,1,1,A01
202000040626,2,7,,0,2,1,1,A01
202000040626,2,7,,0,2,4,23,B01
202000040626,2,7,,0,2,4,23,C01
202000040627,1,7,,0,0,0,0,A01
202000040627,1,1,,0,0,8,1,B01
202000040628,2,7,,0,2,6,23,B01
202000040628,2,33,,0,2,2,1,A01
202000040629,2,7,,0,1,7,2,A01
202000040630,1,7,,0,2,3,15,A01
202000040630,1,33,,0,2,2,21,B01
202000040631,2,7,,14,2,7,21,C01
202000040631,2,31,,0,2,4,1,A01
202000040631,2,7,,0,2,2,1,B01
202000040632,2,7,,1,0,1,19,A01
202000040632,1,7,,1,0,8,1,B01
202000040633,1,7,,0,2,1,2,B01
202000040633,1,7,,0,0,4,1,A01
202000040634,3,7,,0,1,3,17,A01
202000040635,1,32,,3,0,1,1,A01
202000040636,-1,7,,0,2,2,26,A01
202000040636,-1,33,,0,2,1,0,B01
202000040637,-1,43,,0,1,3,1,A01
202000040638,-1,32,,0,1,0,-1,A01
202000040639,1,30,,0,1,8,1,A01
202000040640,1,7,,0,2,3,26,B01
202000040640,1,7,,8,0,2,14,A01
202000040641,2,7,,4,0,5,0,A01
202000040642,3,1,,1,0,7,18,B01
202000040642,3,7,,0,9,7,23,A01
202000040643,1,7,,0,0,9,26,A01
202000040644,-1,32,,0,2,1,17,A01
202000040644,-1,7,,0,2,8,15,B01
202000040645,1,7,,0,0,9,1,A01
202000040646,1,7,,4,0,2,1,A01
202000040647,0,10,,0,1,1,15,A01
202000040648,2,7,,0,2,1,2,A01
202000040648,2,7,,0,2,4,2,B01
202000040649,1,33,,0,2,4,1,B01
202000040649,1,7,,0,2,2,14,A01
202000040650,2,7,,4,0,1,2,A01
202000040651,3,7,,9,0,2,14,A01
202000040652,1,10,,0,2,4,26,A01
202000040652,1,7,,0,2,3,0,B01
202000040653,3,37,9.0,6,0,6,26,A01
202000040654,1,7,,0,2,1,23,B01
202000040654,2,7,,14,0,1,5,A01
202000040655,1,7,,0,2,3,1,B01
202000040655,2,7,,3,2,3,13,A01
202000040656,2,7,,0,1,1,1,A01
202000040657,3,33,,0,0,0,17,A01
202000040658,1,7,,0,2,1,1,A01
202000040658,1,32,,0,2,4,1,B01
202000040659,1,7,,0,1,2,9,A01
202000040660,1,2,,1,0,1,2,B01
202000040660,1,7,,1,0,4,24,A01
202000040661,1,7,,0,2,4,2,B01
202000040661,1,7,,0,2,2,2,A01
202000040662,1,7,,0,2,1,2,A01
202000040662,1,7,,0,2,4,1,B01
202000040662,1,7,,0,2,4,1,C01
202000040663,1,7,,0,1,2,2,A01
202000040664,1,7,,0,2,5,15,B01
202000040664,1,7,,0,2,3,2,A01
202000040665,2,50,,0,1,1,1,A01
202000040666,1,33,,0,2,0,1,A01
202000040666,1,0,,0,2,0,0,B01
202000040667,0,7,,0,1,1,1,A01
202000040668,2,7,,0,2,1,1,C01
202000040668,2,7,,0,2,1,21,B01
202000040668,1,7,,0,2,1,5,A01
202000040669,1,10,,0,2,8,15,B01
202000040669,1,30,,1,2,7,17,A01
202000040670,1,7,,0,2,3,26,A01
202000040670,1,7,,14,0,3,9,B01
202000040671,2,7,,0,2,1,0,B01
202000040671,1,7,,0,2,1,0,A01
202000040672,2,32,,0,2,7,19,A01
202000040672,2,7,,0,2,1,1,B01
202000040673,2,7,,0,2,8,1,C01
202000040673,2,7,,0,2,1,1,B01
202000040673,1,7,,0,2,7,13,A01
202000040674,2,32,,0,2,7,17,B01
202000040674,2,7,,0,2,3,15,A01
202000040675,1,7,,0,9,3,2,A01
202000040675,1,1,,0,2,7,19,B01
202000040676,1,2,,0,0,0,21,A01
202000040677,1,31,,0,0,7,1,A01
202000040678,2,10,,9,0,1,2,A01
202000040679,3,39,,0,1,0,1,A01
202000040680,1,7,,16,0,2,1,A01
202000040681,2,7,,0,2,5,14,A01
202000040681,2,33,,0,2,8,18,B01
202000040682,1,37,1.0,0,2,2,17,A01
202000040682,1,7,,0,2,6,0,B01
202000040683,3,7,,0,0,9,17,A01
202000040684,2,7,,0,2,4,1,A01
202000040684,2,7,,0,2,1,1,D01
202000040684,2,7,,0,2,1,1,C01
202000040684,2,7,,0,2,4,1,B01
202000040685,1,33,,0,2,1,13,A01
202000040685,2,7,,0,2,1,1,B01
202000040686,2,30,,0,2,1,1,A01
202000040686,1,7,,0,2,3,1,B01
202000040687,1,2,,0,0,7,21,A01
202000040688,1,33,,0,2,1,2,B01
202000040688,1,7,,0,2,4,2,A01
202000040689,2,7,,0,2,7,0,A01
202000040689,1,7,,0,2,1,1,B01
202000040690,1,7,,0,2,1,1,B01
202000040690,1,7,,3,0,4,1,A01
202000040691,1,7,,0,2,8,14,A01
202000040691,1,15,,0,2,1,2,B01
202000040692,2,32,,0,2,1,1,B01
202000040692,2,7,,0,2,6,13,A01
202000040693,1,7,,13,0,7,1,A01
202000040694,1,7,,4,2,6,13,A01
202000040694,1,7,,4,0,4,1,B01
202000040694,1,7,,4,2,2,1,C01
202000040695,2,7,,15,0,0,2,A01
202000040696,3,7,,2,0,1,1,A01
202000040697,1,7,,0,2,5,11,A01
202000040697,1,2,,0,2,1,3,B01
202000040698,0,1,,0,0,0,0,B01
202000040698,1,7,,1,0,4,4,A01
202000040699,1,7,,1,0,1,1,A01
202000040700,2,33,,4,0,3,1,A01
202000040701,3,7,,0,2,3,15,A01
202000040701,3,7,,0,2,1,1,B01
202000040702,3,7,,0,2,2,15,A01
202000040702,3,7,,0,2,1,1,B01
202000040703,2,10,,0,2,4,1,B01
202000040703,2,33,,0,2,1,23,A01
202000040704,2,7,,0,2,8,11,A01
202000040704,2,31,,0,2,1,3,B01
202000040705,3,7,,0,1,4,2,B01
202000040705,3,7,,0,2,1,16,A01
202000040706,2,7,,0,1,7,17,A01
202000040707,2,7,,0,2,0,0,B01
202000040707,1,7,,0,2,2,0,A01
202000040708,3,2,,12,0,0,1,A01
202000040709,2,34,,0,0,8,1,A01
202000040710,2,7,,0,1,1,1,A01
202000040711,2,7,,0,0,9,0,A01
202000040712,2,7,,0,1,2,1,A01
202000040713,2,33,,0,2,3,3,A01
202000040713,2,7,,0,2,5,11,B01
202000040714,3,31,,0,2,2,1,B01
202000040714,1,7,,0,2,3,9,A01
202000040715,1,7,,16,0,0,14,A01
202000040716,1,7,,0,2,1,11,A01
202000040716,1,7,,0,2,4,2,B01
202000040717,2,7,,0,2,3,1,B01
202000040717,1,7,,0,2,1,13,A01
202000040718,1,7,,0,2,3,9,A01
202000040718,1,7,,0,2,2,1,B01
202000040718,2,7,,0,2,6,1,C01
202000040719,2,7,,0,2,1,1,B01
202000040719,2,7,,0,2,8,13,A01
202000040720,1,7,,0,2,1,1,A01
202000040720,2,50,,0,2,1,5,B01
202000040721,1,2,,0,2,1,1,B01
202000040721,1,7,,0,2,2,19,A01
202000040722,2,7,,4,0,1,2,A01
202000040723,1,21,,0,2,8,1,A01
202000040723,2,1,,0,2,8,1,B01
202000040724,0,7,,0,1,2,1,A01
202000040725,2,7,,0,0,0,2,A01
202000040726,2,42,,0,0,7,1,A01
202000040727,2,7,,0,2,2,15,A01
202000040727,2,30,,0,2,1,1,B01
202000040728,2,7,,2,0,8,1,A01
202000040729,3,7,,0,2,4,1,B01
202000040729,3,7,,0,2,1,2,A01
202000040730,2,7,,0,2,4,2,B01
202000040730,2,7,,0,2,1,26,A01
202000040731,0,7,,0,2,1,9,B01
202000040731,3,7,,0,2,1,13,A01
202000040732,1,7,,0,2,1,2,A01
202000040732,1,7,,0,2,4,1,C01
202000040732,1,7,,0,2,4,2,B01
202000040733,3,7,,0,2,3,1,B01
202000040733,3,2,,0,2,6,13,A01
202000040734,3,7,,0,1,2,26,A01
202000040735,0,7,,0,2,4,23,B01
202000040735,0,7,,0,2,1,1,A01
202000040736,1,7,,2,0,0,0,A01
202000040737,3,37,1.0,0,1,3,1,A01
202000040738,3,3,,0,2,2,16,B01
202000040738,3,7,,0,2,3,11,A01
202000040739,3,7,,0,2,3,19,A01
202000040739,3,2,,0,2,1,1,B01
202000040740,1,7,,0,1,7,1,A01
202000040741,1,7,,0,2,1,1,B01
202000040741,2,7,,0,2,1,17,A01
202000040742,1,7,,0,2,4,17,A01
202000040742,1,7,,0,2,3,2,B01
202000040743,3,7,,0,1,2,13,A01
202000040744,1,1,,0,2,3,1,B01
202000040744,2,30,,0,9,1,1,A01
202000040745,3,34,,0,2,2,1,B01
202000040745,3,7,,0,2,3,15,A01
202000040746,2,7,,0,0,5,23,A01
202000040746,2,2,,0,2,2,2,B01
202000040747,1,7,,0,1,2,1,A01
202000040748,2,7,,0,2,3,1,A01
202000040748,1,7,,0,2,2,0,B01
202000040749,2,7,,0,2,3,15,A01
202000040749,2,7,,0,2,1,1,B01
202000040750,2,7,,0,2,5,15,B01
202000040750,2,7,,0,2,1,1,A01
202000040751,3,7,,0,2,3,19,A01
202000040751,3,7,,2,2,1,1,B01
202000040752,3,32,,0,2,0,0,A01
202000040752,3,30,,0,2,0,0,B01
202000040752,3,7,,0,2,0,0,Z01
202000040753,2,7,,1,1,8,26,A01
202000040754,2,31,,0,2,8,1,B01
202000040754,2,7,,0,2,3,15,A01
202000040755,2,7,,0,2,3,9,B01
202000040755,1,2,,0,2,1,26,A01
202000040756,1,7,,16,0,4,1,C01
202000040756,3,7,,0,2,6,1,B01
202000040756,1,7,,0,2,1,1,A01
202000040757,3,7,,0,2,3,1,A01
202000040757,3,80,,0,2,7,19,B01
202000040758,2,32,,0,2,1,13,A01
202000040758,1,10,,0,2,3,1,B01
202000040759,2,1,,6,0,1,26,A01
202000040760,1,30,,0,2,1,1,A01
202000040760,3,10,,0,2,7,19,B01
202000040761,3,33,,0,2,8,0,B01
202000040761,3,7,,0,2,1,6,A01
202000040762,1,33,,0,2,0,0,B01
202000040762,1,33,,0,2,1,1,C01
202000040762,1,7,,0,2,1,1,D01
202000040762,1,33,,0,2,0,26,A01
202000040763,1,7,,0,2,6,16,A01
202000040763,1,14,,0,2,2,16,B01
202000040764,1,32,,0,2,1,1,B01
202000040764,1,7,,0,2,3,15,A01
202000040765,2,1,,0,2,0,1,B01
202000040765,1,7,,0,2,3,9,A01
202000040766,3,1,,0,2,0,0,B01
202000040766,1,7,,0,2,1,15,A01
202000040767,2,33,,0,2,1,2,A01
202000040767,2,7,,0,2,4,2,B01
202000040768,2,7,,6,0,1,14,A01
202000040769,1,7,,0,2,1,1,A01
202000040769,1,7,,0,2,4,0,B01
202000040769,1,7,,0,2,4,1,C01
202000040770,3,7,,0,1,2,7,A01
202000040771,2,7,,0,2,1,1,A01
202000040771,2,7,,0,2,4,2,B01
202000040772,2,7,,0,2,1,19,A01
202000040772,2,7,,0,2,2,2,C01
202000040772,2,7,,0,2,7,2,B01
202000040773,0,7,,0,2,1,13,A01
202000040773,0,7,,0,2,1,1,B01
202000040774,2,31,,0,0,7,1,A01
202000040775,3,33,,0,2,1,26,B01
202000040775,3,7,,0,2,1,21,A01
202000040776,1,7,,0,2,8,1,B01
202000040776,1,17,,0,2,2,14,A01
202000040777,1,7,,0,2,1,1,A01
202000040777,1,7,,0,2,4,23,B01
202000040778,2,7,,0,2,3,10,A01
202000040778,1,1,,0,2,1,1,B01
202000040779,3,7,,2,0,1,14,A01
202000040780,1,1,,0,0,7,19,C01
202000040780,1,7,,0,0,1,1,A01
202000040780,1,33,,0,0,4,1,B01
202000040781,1,50,,0,2,9,19,B01
202000040781,1,99,,0,9,1,1,A01
202000040782,3,7,,0,2,3,25,B01
202000040782,1,1,,0,2,1,25,A01
202000040783,2,7,,0,1,1,1,A01
202000040784,1,50,,0,2,1,1,B01
202000040784,2,10,,0,2,7,16,A01
202000040785,1,1,,0,2,7,2,A01
202000040785,1,13,,0,2,8,17,B01
202000040786,2,7,,0,1,1,16,A01
202000040787,0,7,,0,1,1,1,A01
202000040788,2,7,,6,0,1,1,A01
202000040789,1,7,,0,2,3,10,A01
202000040789,1,31,,0,2,1,1,B01
202000040790,1,7,,0,1,1,1,A01
202000040791,2,7,,4,0,3,13,A01
202000040792,2,7,,0,2,4,23,B01
202000040792,2,30,,0,2,1,2,A01
202000040793,1,7,,0,1,3,15,A01
202000040794,0,7,,9,0,1,26,A01
202000040795,1,10,,0,2,1,1,B01
202000040795,1,7,,0,2,3,9,A01
202000040796,3,7,,0,2,1,1,A01
202000040796,3,1,,0,0,4,1,B01
202000040797,1,37,1.0,0,2,3,1,B01
202000040797,1,7,,0,2,1,1,A01
202000040798,1,7,,0,1,1,1,A01
202000040799,1,7,,0,2,7,15,A01
202000040799,0,33,,0,2,1,1,B01
202000040800,2,10,,0,1,3,15,A01
202000040801,2,7,,0,1,0,18,A01
202000040802,1,13,,0,2,1,1,A01
202000040802,1,10,,0,2,4,23,B01
202000040802,1,7,,0,2,4,23,C01
202000040803,1,1,,0,2,4,15,A01
202000040803,1,7,,0,2,2,1,B01
202000040804,1,7,,0,1,1,1,Z01