Num_Acc,senc,catv,occutc,obs,obsm,choc,manv,num_veh
202000040805,1,30,,0,0,1,1,A01
202000040806,1,7,,0,1,2,1,A01
202000040807,1,7,,12,2,0,1,B01
202000040807,1,0,,0,2,0,18,A01
202000040808,2,7,,8,0,2,1,A01
202000040809,2,7,,0,1,2,1,A01
202000040810,2,30,,0,2,1,1,B01
202000040810,1,7,,0,2,3,15,A01
202000040811,1,7,,1,0,2,14,A01
202000040812,2,7,,0,2,2,1,A01
202000040812,2,50,,0,2,0,19,B01
202000040813,1,7,,14,0,3,13,A01
202000040814,2,7,,0,1,2,1,A01
202000040815,1,7,,0,2,2,17,A01
202000040815,2,7,,0,2,3,1,B01
202000040816,2,10,,0,2,3,13,Z01
202000040816,2,31,,0,2,2,23,A01
202000040817,1,7,,0,1,2,2,A01
202000040818,1,7,,0,2,3,15,A01
202000040818,2,32,,0,2,1,5,B01
202000040819,3,7,,8,0,1,1,A01
202000040820,2,7,,0,2,3,1,B01
202000040820,1,30,,0,2,1,15,A01
202000040821,2,7,,0,1,5,4,A01
202000040822,2,7,,0,2,1,1,B01
202000040822,2,7,,0,2,3,15,A01
202000040823,1,7,,0,2,1,15,A01
202000040823,2,7,,0,2,3,1,B01
202000040824,0,7,,0,2,3,9,Z01
202000040824,0,2,,0,0,0,0,B01
202000040825,1,7,,1,2,1,1,Z01
202000040825,1,7,,0,2,3,10,B01
202000040826,0,7,,0,2,6,9,A01
202000040826,-1,32,,0,2,1,0,B01
202000040827,2,0,,0,1,1,1,Z01
202000040828,1,7,,0,2,3,9,B01
202000040828,3,7,,0,2,1,17,A01
202000040829,1,7,,0,9,8,22,A01
202000040829,1,1,,1,0,0,0,Y01
202000040830,1,32,,0,2,2,17,B01
202000040830,3,7,,0,2,3,19,A01
202000040831,3,10,,0,1,2,25,A01
202000040832,2,7,,0,1,2,7,A01
202000040833,0,7,,0,2,8,1,B01
202000040833,0,7,,0,2,2,1,A01
202000040834,2,33,,0,2,2,2,B01
202000040834,2,10,,0,2,8,9,A01
202000040835,3,37,0.0,0,1,0,26,Z01
202000040836,1,2,,0,2,3,1,B01
202000040836,0,7,,0,2,3,26,A01
202000040837,0,7,,1,1,0,0,Z01
202000040838,2,10,,0,2,3,4,B01
202000040838,2,30,,0,2,3,13,A01
202000040839,1,7,,0,2,1,2,A01
202000040839,1,7,,0,2,5,2,B01
202000040839,1,7,,0,2,4,2,C01
202000040840,1,7,,0,1,7,16,A01
202000040841,2,3,,0,2,3,13,A01
202000040841,1,7,,0,2,3,1,B01
202000040842,3,7,,0,2,6,0,B01
202000040842,3,33,,0,2,1,1,A01
202000040843,1,7,,0,2,4,17,B01
202000040843,1,7,,0,2,8,17,A01
202000040844,0,7,,0,2,3,1,B01
202000040844,0,2,,0,2,3,13,A01
202000040845,1,7,,13,0,2,1,A01
202000040846,1,7,,0,1,2,1,A01
202000040847,2,7,,11,0,1,6,A01
202000040848,3,7,,6,0,9,0,A01
202000040849,0,7,,0,1,4,4,A01
202000040850,3,7,,0,2,3,2,A01
202000040850,3,7,,0,9,4,2,B01
202000040851,1,7,,0,0,0,26,A01
202000040852,1,7,,0,2,1,1,B01
202000040852,2,10,,0,2,1,15,A01
202000040853,2,7,,0,0,3,0,A01
202000040854,2,7,,0,1,3,26,A01
202000040855,2,7,,0,1,1,1,B01
202000040856,2,33,,0,2,1,3,A01
202000040856,2,7,,0,2,4,11,B01
202000040857,2,31,,0,2,1,2,A01
202000040857,2,7,,0,2,5,2,B01
202000040858,2,7,,2,0,2,0,A01
202000040859,1,33,,0,2,1,1,A01
202000040859,3,10,,0,2,5,1,B01
202000040860,2,7,,13,0,3,1,A01
202000040861,3,30,,0,1,2,1,A01
202000040862,0,33,,12,0,1,1,A01
202000040863,3,7,,0,2,2,15,B01
202000040863,3,32,,0,2,1,1,A01
202000040864,2,7,,0,1,1,1,A01
202000040865,1,1,,0,0,1,1,A01
202000040866,2,34,,0,2,7,17,B01
202000040866,1,7,,0,2,1,15,A01
202000040867,2,7,,13,0,1,1,A01
202000040868,1,10,,0,1,1,1,A01
202000040869,3,7,,0,2,1,1,A01
202000040869,3,7,,0,2,4,23,B01
202000040870,3,33,,2,0,1,1,A01
202000040871,3,30,,0,2,1,1,B01
202000040871,3,7,,0,2,3,13,A01
202000040872,1,7,,0,2,3,13,B01
202000040872,1,33,,0,2,7,17,A01
202000040873,1,34,,0,1,3,1,A01
202000040874,2,7,,0,1,1,1,A01
202000040875,2,10,,0,1,1,1,A01
202000040876,1,1,,0,2,8,1,A01
202000040876,1,7,,0,2,2,17,Z01
202000040877,3,7,,0,2,3,1,B01
202000040877,3,7,,0,2,3,11,A01
202000040878,1,33,,7,6,1,1,A01
202000040879,2,33,,13,0,7,0,A01
202000040880,3,33,,0,2,1,3,B01
202000040880,3,43,,0,2,1,3,D01
202000040880,3,43,,0,2,4,3,A01
202000040880,3,33,,0,2,1,3,C01
202000040881,2,7,,0,0,4,2,B01
202000040881,2,7,,0,2,1,2,A01
202000040882,2,7,,0,0,6,2,B01
202000040882,2,7,,0,2,2,2,A01
202000040883,1,30,,0,1,1,1,A01
202000040884,1,7,,0,2,1,0,A01
202000040884,2,10,,0,2,1,0,B01
202000040885,1,13,,0,2,3,0,B01
202000040885,2,7,,0,2,3,13,A01
202000040886,3,7,,0,1,4,4,A01
202000040887,1,32,,6,0,2,16,A01
202000040888,3,7,,0,2,3,1,A01
202000040888,3,2,,0,2,7,1,B01
202000040889,1,30,,0,2,3,18,A01
202000040889,1,7,,0,2,2,1,B01
202000040890,2,7,,0,1,2,16,A01
202000040891,1,7,,0,1,2,1,A01
202000040892,2,7,,0,2,1,1,B01
202000040892,1,7,,0,2,1,13,A01
202000040893,1,1,,0,1,1,1,A01
202000040894,1,10,,0,2,3,1,B01
202000040894,2,7,,0,2,3,13,A01
202000040895,1,7,,0,2,1,2,C01
202000040895,2,7,,0,2,5,15,B01
202000040895,1,30,,0,2,1,1,A01
202000040896,2,7,,0,1,6,23,A01
202000040896,2,99,,1,2,5,1,B01
202000040897,1,7,,15,0,7,1,B01
202000040897,2,7,,15,2,1,1,A01
202000040898,1,7,,0,2,8,1,A01
202000040898,1,50,,0,2,1,1,B01
202000040899,1,7,,0,2,1,15,B01
202000040899,1,32,,0,2,7,1,A01
202000040900,3,7,,0,9,2,1,A01
202000040900,3,1,,0,2,8,1,B01
202000040901,1,7,,0,2,3,13,A01
202000040901,2,7,,0,2,3,1,B01
202000040902,2,32,,7,0,9,1,A01
202000040903,1,7,,0,1,2,2,A01
202000040904,2,13,,0,2,1,1,A01
202000040904,2,7,,0,2,8,9,B01
202000040905,1,1,,0,1,8,1,A01
202000040906,2,7,,4,2,1,12,A01
202000040906,2,7,,0,2,6,1,B01
202000040907,1,10,,0,2,2,15,A01
202000040907,2,33,,0,2,1,1,B01
202000040908,2,10,,0,2,1,2,A01
202000040908,2,7,,0,2,4,2,D01
202000040908,2,7,,0,2,4,2,B01
202000040908,2,7,,0,2,4,2,C01
202000040909,2,7,,4,0,9,21,A01
202000040910,1,7,,0,2,5,23,B01
202000040910,1,30,,0,2,1,2,A01
202000040911,2,7,,0,2,0,1,B01
202000040911,2,33,,0,2,0,17,A01
202000040912,1,7,,0,2,9,1,C01
202000040912,1,7,,0,2,4,1,B01
202000040912,1,7,,0,2,1,1,A01
202000040913,1,37,1.0,0,1,8,7,A01
202000040914,3,50,,0,0,0,1,A01
202000040915,2,7,,0,2,3,2,C01
202000040915,2,7,,0,2,4,2,B01
202000040915,2,7,,0,2,4,2,A01
202000040916,1,7,,0,2,4,23,C01
202000040916,1,7,,0,2,1,1,A01
202000040916,1,7,,0,2,4,23,B01
202000040917,2,30,,8,0,7,16,A01
202000040918,1,7,,4,0,1,1,A01
202000040919,1,31,,0,0,9,1,A01
202000040920,0,7,,0,2,1,21,B01
202000040920,3,7,,0,2,3,15,A01
202000040921,1,32,,0,2,1,1,A01
202000040921,1,7,,0,2,5,1,Z01
202000040922,2,32,,0,1,1,3,A01
202000040923,2,50,,0,2,7,16,B01
202000040923,2,7,,0,2,3,1,A01
202000040924,1,7,,0,2,7,16,A01
202000040924,1,32,,0,2,3,16,B01
202000040925,1,7,,0,2,3,9,A01
202000040925,1,7,,0,2,5,23,B01
202000040925,1,7,,0,2,4,1,C01
202000040925,1,7,,0,2,4,1,D01
202000040926,2,7,,0,2,1,1,B01
202000040926,2,17,,0,2,7,12,A01
202000040926,2,10,,0,2,8,1,C01
202000040927,1,1,,0,2,8,19,A01
202000040927,1,33,,0,2,1,1,B01
202000040928,2,15,,0,2,7,12,A01
202000040928,2,7,,0,2,8,1,B01
202000040929,1,7,,0,2,3,15,A01
202000040929,2,1,,0,2,1,1,B01
202000040930,1,43,,0,2,1,1,B01
202000040930,1,33,,0,2,7,1,A01
202000040931,2,1,,0,1,0,1,A01
202000040932,1,1,,0,2,1,3,A01
202000040932,1,7,,0,2,5,1,B01
202000040933,2,7,,1,0,3,20,A01
202000040933,2,2,,1,0,2,1,B01
202000040934,2,7,,4,0,3,1,A01
202000040935,2,7,,0,2,3,10,A01
202000040935,2,32,,0,2,2,1,B01
202000040936,1,7,,0,2,4,1,C01
202000040936,1,7,,0,2,4,1,B01
202000040936,1,7,,0,2,1,2,A01
202000040937,2,7,,0,2,2,12,A01
202000040937,2,31,,0,2,3,3,B01
202000040938,1,33,,0,2,3,1,A01
202000040938,1,7,,0,2,5,15,B01
202000040939,2,7,,0,0,1,12,A01
202000040940,2,7,,0,2,2,15,A01
202000040940,2,7,,0,2,1,1,B01
202000040941,2,7,,0,2,8,22,Z01
202000040941,2,1,,0,2,1,1,A01
202000040942,1,7,,0,2,2,1,B01
202000040942,2,7,,0,2,1,6,A01
202000040943,2,7,,0,2,4,26,B01
202000040943,2,7,,0,2,1,26,A01
202000040944,1,7,,0,2,1,1,F01
202000040944,1,7,,0,2,1,1,E01
202000040944,1,7,,0,2,1,1,D01
202000040944,1,7,,0,2,1,1,C01
202000040944,1,7,,0,2,4,1,B01
202000040944,1,7,,0,2,1,1,A01
202000040945,3,7,,0,2,5,16,B01
202000040945,3,7,,0,2,3,1,A01
202000040946,1,10,,0,1,1,1,A01
202000040947,1,7,,4,0,3,0,A01
202000040948,1,37,1.0,0,1,2,1,A01
202000040949,2,33,,0,2,1,1,B01
202000040949,1,10,,0,2,1,15,A01
202000040950,2,7,,4,0,1,13,A01
202000040951,2,7,,0,2,1,26,B01
202000040951,2,7,,0,2,4,23,A01
202000040952,2,7,,0,2,6,23,B01
202000040952,2,30,,11,2,2,17,A01
202000040953,2,7,,0,2,7,16,B01
202000040953,2,2,,0,2,1,18,A01
202000040954,1,32,,1,2,3,1,B01
202000040954,1,50,,0,2,1,19,A01
202000040955,1,7,,0,1,2,1,A01
202000040956,1,7,,0,2,1,2,A01
202000040956,1,33,,0,2,5,2,B01
202000040956,1,33,,0,2,5,2,C01
202000040957,1,17,,0,2,0,0,B01
202000040957,1,33,,12,2,1,17,A01
202000040958,1,7,,0,2,3,15,A01
202000040958,1,33,,0,2,2,1,B01
202000040959,3,7,,0,1,2,16,A01
202000040960,2,15,,0,2,8,14,A01
202000040960,2,7,,0,2,3,1,B01
202000040961,2,7,,4,0,1,13,A01
202000040962,1,7,,0,2,8,24,A01
202000040962,2,1,,1,0,1,1,B01
202000040963,3,7,,0,2,2,26,A01
202000040964,1,7,,0,1,3,1,A01
202000040965,1,7,,1,0,7,1,A01
202000040966,2,7,,0,2,8,15,B01
202000040966,2,32,,0,2,1,17,A01
202000040967,1,7,,0,2,7,10,A01
202000040967,2,7,,0,2,1,1,B01
202000040968,2,7,,0,1,4,24,A01
202000040969,1,2,,0,2,1,1,B01
202000040969,1,7,,0,2,3,26,A01
202000040970,3,99,,0,1,4,20,A01
202000040971,3,7,,0,2,5,0,B01
202000040971,3,34,,0,2,1,1,A01
202000040972,0,7,,0,2,1,26,A01
202000040972,0,30,,0,2,1,0,B01
202000040973,1,7,,0,1,3,15,A01
202000040974,0,7,,12,2,6,1,A01
202000040974,0,7,,0,2,1,1,B01
202000040975,1,30,,0,1,2,15,A01
202000040976,1,7,,0,1,2,1,A01
202000040977,-1,7,,0,0,0,0,Z01
202000040977,-1,1,,14,2,0,26,A01
202000040978,1,32,,0,1,1,1,A01
202000040979,1,34,,14,0,1,2,A01
202000040980,2,7,,0,2,2,1,B01
202000040980,2,7,,0,2,8,9,A01
202000040981,0,7,,0,1,7,26,A01
202000040982,2,7,,0,1,1,15,A01
202000040983,3,7,,0,2,2,15,A01
202000040983,1,7,,0,2,6,1,B01
202000040984,1,1,,0,2,7,19,B01
202000040984,1,7,,0,9,1,1,A01
202000040985,3,7,,0,2,1,2,A01
202000040985,0,7,,0,2,4,23,B01
202000040985,0,7,,0,1,4,23,C01
202000040986,3,7,,0,1,2,1,A01
202000040987,2,7,,0,1,2,17,A01
202000040988,1,7,,0,0,2,2,A01
202000040988,1,33,,0,2,1,2,B01
202000040989,1,10,,1,0,1,1,A01
202000040990,1,7,,8,0,1,16,A01
202000040991,1,99,,13,2,8,1,B01
202000040991,2,7,,13,2,3,13,A01
202000040992,3,7,,0,2,1,1,B01
202000040992,3,7,,0,2,4,1,A01
202000040993,1,10,,0,2,2,15,B01
202000040993,2,7,,0,2,3,9,A01
202000040994,2,7,,0,2,7,16,A01
202000040994,2,2,,0,2,1,18,B01
202000040995,2,0,,0,1,0,0,A01
202000040996,2,7,,8,0,3,1,A01
202000040997,1,7,,0,1,2,1,A01
202000040998,1,33,,0,2,2,3,A01
202000040998,1,7,,0,2,3,9,B01
202000040998,1,7,,0,2,4,1,C01
202000040999,3,7,,0,2,1,2,A01
202000040999,3,7,,0,2,4,23,B01
202000040999,3,7,,0,2,4,23,C01
202000041000,2,33,,0,2,1,3,A01
202000041000,2,7,,0,2,4,0,B01
202000041000,2,7,,0,2,2,1,C01
202000041001,2,7,,0,2,3,0,B01
202000041001,2,30,,0,2,1,17,A01
202000041002,3,7,,0,1,3,26,A01
202000041003,1,7,,0,1,4,20,AA01
202000041004,1,1,,1,2,4,1,B01
202000041004,1,7,,1,2,2,1,A01
202000041005,2,10,,2,0,5,1,A01
202000041006,3,7,,0,2,3,15,A01
202000041006,3,1,,0,2,1,1,B01
202000041007,1,50,,0,2,2,1,B01
202000041007,3,7,,0,2,3,10,A01
202000041008,1,7,,13,0,3,1,A01
202000041009,1,32,,0,9,0,21,A01
202000041010,3,7,,0,2,2,15,A01
202000041010,3,33,,0,2,2,1,B01
202000041011,1,33,,0,2,8,18,A01
202000041011,1,7,,0,2,2,16,B01
202000041012,1,7,,0,2,4,23,C01
202000041012,1,2,,0,2,1,12,B01
202000041013,2,2,,0,2,1,1,B01
202000041013,2,7,,0,2,3,23,A01
202000041014,3,7,,0,2,2,1,B01
202000041014,3,7,,0,2,3,9,A01
202000041015,2,32,,0,2,1,21,B01
202000041015,1,7,,0,2,6,9,A01
202000041016,1,60,,0,0,0,1,A01
202000041017,1,1,,0,2,0,1,A01
202000041017,1,7,,0,2,0,0,Z01
202000041018,2,30,,0,0,0,1,A01
202000041019,3,7,,0,1,1,9,A01
202000041020,1,7,,0,2,1,1,A01
202000041020,2,7,,0,2,7,1,B01
202000041021,1,10,,0,2,2,12,A01
202000041021,2,7,,0,2,3,9,B01
202000041022,3,7,,0,1,2,9,A01
202000041023,1,7,,2,0,0,0,A01
202000041024,1,7,,0,2,8,2,B01
202000041024,1,7,,0,2,2,12,A01
202000041025,2,7,,0,1,3,15,B01
202000041026,1,1,,0,2,7,17,B01
202000041026,1,7,,0,2,8,22,A01
202000041027,1,7,,0,0,4,15,B01
202000041027,1,7,,0,2,1,2,A01
202000041028,1,7,,0,2,8,15,B01
202000041028,1,31,,0,2,1,17,A01
202000041029,1,7,,0,2,3,2,B01
202000041029,1,7,,0,2,2,15,A01
202000041030,1,50,,15,0,1,25,A01
202000041031,1,7,,0,2,1,1,B01
202000041031,2,7,,0,2,2,15,A01
202000041032,1,7,,0,1,2,1,A01
202000041033,2,7,,0,2,6,1,B01
202000041033,2,7,,0,2,1,1,A01
202000041034,2,7,,8,0,1,14,A01
202000041035,1,7,,0,1,1,1,Z01
202000041036,1,30,,14,0,7,1,A01
202000041037,1,7,,0,0,9,1,A01
202000041038,1,30,,0,2,7,17,B01
202000041038,1,7,,0,2,3,15,A01
202000041039,1,20,,0,1,1,26,A01
202000041040,1,34,,0,1,1,19,A01
202000041041,3,7,,0,1,1,15,A01
202000041042,1,33,,0,6,7,1,A01
202000041043,1,7,,0,2,4,1,B01
202000041043,1,30,,0,2,1,2,A01
202000041044,3,10,,0,1,2,1,A01
202000041045,1,7,,0,2,2,2,A01
202000041045,1,33,,0,9,4,2,B01
202000041046,2,7,,0,1,1,1,A01
202000041047,1,7,,0,2,2,1,B01
202000041047,1,31,,0,2,3,10,A01
202000041048,2,7,,0,2,3,1,B01
202000041048,1,7,,0,2,1,13,A01
202000041049,1,33,,0,2,1,1,B01
202000041049,2,7,,7,2,7,15,A01
202000041050,1,34,,1,1,1,17,A01
202000041051,1,14,,0,1,5,1,A01
202000041052,1,7,,16,0,9,1,A01
202000041053,1,7,,0,1,1,1,A01
202000041054,2,10,,0,1,2,2,A01
202000041055,1,7,,6,0,2,26,A01
202000041056,2,7,,3,0,1,1,A01
202000041057,2,7,,9,0,1,1,B01
202000041057,1,7,,0,2,2,1,A01
202000041058,0,7,,0,1,1,0,A01
202000041059,1,7,,0,2,3,1,A01
202000041059,1,7,,0,2,1,1,B01
202000041060,2,7,,13,0,1,1,A01
202000041061,1,7,,0,2,2,0,B01
202000041061,1,7,,0,2,1,0,A01
202000041062,2,7,,4,0,9,1,A01
202000041063,2,7,,0,0,2,1,A01
202000041064,1,7,,3,0,8,1,A01
202000041065,1,7,,0,1,2,1,A01
202000041066,2,3,,0,2,5,15,B01
202000041066,1,2,,0,2,1,1,A01
202000041067,3,7,,0,2,1,9,A01
202000041067,3,7,,0,2,3,16,B01
202000041068,3,7,,0,2,1,1,C01
202000041068,3,7,,0,0,8,26,B01
202000041068,3,7,,1,0,8,26,A01
202000041069,2,7,,0,2,5,19,A01
202000041069,2,7,,0,2,1,26,B01
202000041070,1,10,,0,2,3,2,A01
202000041070,1,1,,0,2,7,2,B01
202000041071,2,33,,0,2,1,1,A01
202000041071,1,7,,0,0,7,15,B01
202000041072,2,7,,0,2,3,13,A01
202000041072,1,7,,0,2,3,1,B01
202000041073,3,7,,0,2,0,9,A01
202000041073,2,2,,0,2,4,1,B01
202000041074,2,7,,13,0,1,13,A01
202000041075,1,31,,0,2,1,1,B01
202000041075,1,7,,0,2,8,10,A01
202000041076,1,7,,0,0,3,15,B01
202000041076,2,7,,13,2,2,1,A01
202000041077,2,3,,0,2,3,1,A01
202000041077,0,1,,0,1,7,19,B01
202000041078,1,7,,0,2,4,2,B01
202000041078,1,7,,0,2,1,1,A01
202000041079,3,7,,0,2,3,1,B01
202000041079,3,7,,0,2,1,1,A01
202000041080,1,7,,0,2,1,0,B01
202000041080,2,7,,0,2,1,0,A01
202000041081,1,34,,0,2,1,2,B01
202000041081,1,7,,0,9,8,15,A01
202000041082,1,7,,0,0,6,2,C01
202000041082,1,7,,0,2,4,2,B01
202000041082,1,7,,0,2,1,1,A01
202000041083,0,31,,0,2,7,9,A01
202000041083,0,10,,0,2,1,1,B01
202000041084,2,7,,2,0,1,1,A01
202000041085,0,7,,6,1,6,26,A01
202000041086,2,7,,0,2,1,1,B01
202000041086,1,7,,0,2,1,13,A01
202000041087,-1,1,,-1,-1,-1,-1,C01
202000041087,3,10,,0,9,3,19,A01
202000041088,2,2,,0,2,8,1,B01
202000041088,1,7,,0,2,2,15,A01
202000041089,1,7,,0,2,2,2,B01
202000041089,1,7,,0,2,6,2,A01
202000041090,2,33,,0,2,1,1,B01
202000041090,1,7,,0,2,3,15,A01
202000041091,1,2,,8,0,0,1,A01
202000041092,1,7,,2,0,1,1,A01
202000041093,2,7,,0,0,7,9,A01
202000041093,1,34,,0,2,1,1,B01
202000041094,2,7,,8,2,1,19,A01
202000041094,1,7,,8,0,2,1,B01
202000041095,2,7,,1,0,1,14,A01
202000041096,1,7,,0,2,7,17,B01
202000041096,1,33,,7,0,8,1,A01
202000041097,2,7,,0,2,8,21,B01
202000041097,1,7,,0,2,8,19,A01
202000041098,1,7,,0,1,6,2,A01
202000041099,3,10,,0,1,1,1,A01
202000041100,1,7,,0,9,2,1,C01
202000041100,1,7,,0,2,3,1,B01
202000041100,2,7,,0,2,3,13,A01
202000041101,1,7,,0,2,1,1,A01
202000041101,1,7,,0,2,4,1,B01
202000041102,3,7,,0,2,1,15,A01
202000041102,3,10,,0,2,3,16,B01
202000041103,1,7,,0,2,1,13,A01
202000041103,2,7,,0,2,1,1,B01
202000041104,2,10,,0,2,2,15,A01
202000041104,1,10,,0,2,1,1,B01
202000041105,1,7,,0,1,1,1,A01
202000041106,2,1,,0,0,0,15,A01
202000041107,3,7,,0,2,3,15,A01
202000041107,3,7,,0,2,2,1,B01
202000041108,1,7,,0,0,6,19,A01
202000041108,2,33,,0,2,3,1,B01
202000041109,2,7,,0,1,1,1,Z01
202000041110,1,7,,0,2,3,1,A01
202000041110,1,60,,0,2,8,19,B01
202000041111,1,7,,0,2,1,1,B01
202000041111,1,7,,0,2,3,15,A01
202000041112,1,33,,12,0,2,1,A01
202000041113,1,7,,13,0,1,1,A01
202000041114,1,7,,0,1,7,14,A01
202000041115,1,7,,8,0,9,26,A01
202000041116,2,1,,0,0,0,1,A01
202000041117,1,33,,0,2,1,1,B01
202000041117,2,7,,0,2,3,15,A01
202000041118,2,10,,0,9,5,15,B01
202000041118,1,31,,0,2,1,2,A01
202000041119,2,7,,0,2,3,1,B01
202000041119,1,7,,0,2,6,13,A01
202000041120,1,7,,0,1,1,1,A01
202000041121,2,7,,0,2,3,1,B01
202000041121,1,7,,0,2,3,13,A01
202000041122,2,31,,0,1,1,1,A01
202000041123,1,7,,0,9,2,1,A01
202000041123,3,1,,0,2,8,16,B01
202000041124,1,2,,0,2,1,2,A01
202000041124,1,7,,0,2,4,2,B01
202000041125,2,10,,0,0,6,23,B01
202000041125,2,1,,0,2,1,1,A01
202000041126,2,7,,0,2,3,1,B01
202000041126,1,7,,0,2,7,1,A01
202000041127,2,7,,0,2,2,11,A01
202000041127,2,21,,0,2,0,1,B01
202000041128,2,7,,0,2,8,17,B01
202000041128,1,33,,0,2,7,17,A01
202000041129,1,7,,0,9,2,16,A01
202000041129,1,1,,0,2,3,1,B01
202000041130,1,7,,0,2,1,1,B01
202000041130,3,7,,0,2,3,15,A01
202000041131,2,34,,0,0,0,1,A01
202000041132,0,7,,5,0,9,1,A01
202000041133,2,10,,0,2,2,17,A01
202000041133,2,15,,0,0,6,1,B01
202000041134,1,7,,0,1,2,1,A01
202000041135,1,15,,3,0,9,0,A01
202000041136,3,7,,0,0,7,15,A01
202000041136,3,32,,0,2,1,1,B01
202000041137,2,7,,0,2,1,15,B01
202000041137,2,30,,0,2,2,9,A01
202000041138,1,32,,0,2,1,5,B01
202000041138,2,7,,0,2,1,1,A01
202000041139,2,7,,3,0,1,1,A01
202000041140,2,17,,0,2,2,1,B01
202000041140,1,7,,14,2,1,6,A01
202000041141,2,7,,6,0,1,0,A01
202000041142,1,7,,0,2,4,2,C01
202000041142,1,7,,0,2,4,23,B01
202000041142,1,7,,0,2,1,2,A01
202000041143,1,7,,0,0,0,19,B01
202000041143,0,7,,6,0,1,1,A01
202000041144,1,7,,0,2,1,2,A01
202000041144,1,16,,0,2,4,2,B01
202000041144,1,99,,0,2,4,2,C01
202000041145,1,1,,0,2,8,18,B01
202000041145,1,7,,0,2,5,22,A01
202000041146,2,7,,0,2,1,1,B01
202000041146,1,7,,0,2,2,1,A01
202000041147,2,7,,0,2,8,22,A01
202000041147,2,50,,0,2,1,17,B01
202000041147,2,33,,0,2,1,1,C01
202000041148,1,7,,0,2,8,13,Z01
202000041148,1,30,,0,2,7,1,A01
202000041149,3,7,,0,2,8,19,A01
202000041149,1,7,,0,2,1,1,B01
202000041150,2,7,,0,2,2,17,Z01
202000041150,2,60,,0,2,0,1,A01
202000041151,0,1,,0,0,0,1,A01
202000041152,1,7,,0,2,1,2,B01
202000041152,1,7,,0,2,4,23,A01
202000041153,2,31,,0,0,8,1,A01
202000041154,1,43,,0,1,1,1,A01
202000041155,1,32,,0,1,1,16,A01
202000041156,2,7,,2,0,8,1,A01
202000041157,1,33,,0,0,2,21,A01
202000041158,1,7,,4,0,1,16,A01
202000041159,2,30,,0,1,1,1,Z01
202000041160,2,33,,0,2,7,17,B01
202000041160,2,7,,0,2,8,10,A01
202000041161,2,1,,0,2,1,1,B01
202000041161,1,7,,0,2,2,15,A01
202000041162,2,31,,0,2,7,1,B01
202000041162,2,7,,0,2,3,10,A01
202000041163,1,31,,0,2,1,1,B01
202000041163,2,7,,0,2,2,15,A01
202000041164,1,43,,0,2,2,17,A01
202000041164,1,7,,0,2,3,10,Z01
202000041165,1,7,,0,2,8,1,A01
202000041165,3,60,,0,2,1,19,B01
202000041166,3,31,,0,0,3,1,A01
202000041167,2,33,,0,0,9,1,A01
202000041168,1,7,,0,1,2,1,A01
202000041169,2,31,,0,1,2,1,A01
202000041170,1,7,,0,2,6,23,B01
202000041170,1,1,,0,2,1,2,A01
202000041171,1,30,,0,2,4,1,B01
202000041171,1,7,,0,2,2,15,A01
202000041172,1,7,,0,2,4,1,A01
202000041172,1,34,,0,2,1,1,B01
202000041173,1,7,,0,2,3,1,B01
202000041173,1,7,,3,2,1,2,A01
202000041174,2,2,,0,2,0,1,B01
202000041174,3,1,,0,2,0,9,A01
202000041175,1,7,,3,0,3,14,A01
202000041176,1,7,,0,2,8,9,A01
202000041176,2,31,,0,2,1,1,B01
202000041177,1,1,,0,1,1,1,A01
202000041178,1,17,,0,2,0,1,A01
202000041178,2,17,,0,2,8,1,B01
202000041178,2,17,,0,9,3,1,C01
202000041178,2,7,,0,9,1,1,E01
202000041179,1,10,,0,2,1,16,A01
202000041179,1,30,,0,2,1,7,B01
202000041180,2,10,,1,0,3,0,A01
202000041180,2,17,,0,0,5,0,B01
202000041181,1,33,,13,0,0,14,A01
202000041182,1,7,,0,1,1,1,A01
202000041183,2,14,,0,0,9,1,A01
202000041184,0,2,,0,0,8,2,A01
202000041185,2,7,,0,2,0,0,X01
202000041185,2,50,,0,2,7,19,B01
202000041186,1,33,,0,0,7,16,A01
202000041187,2,7,,8,0,1,1,A01
202000041188,2,7,,0,1,1,1,A01
202000041189,2,7,,0,9,3,16,A01
202000041189,1,1,,0,1,1,1,B01
202000041190,1,10,,0,2,3,15,B01
202000041190,1,31,,8,2,2,17,A01
202000041191,1,7,,0,1,2,0,A01
202000041192,2,7,,0,2,1,2,B01
202000041192,2,7,,15,0,4,2,A01
202000041193,1,2,,0,2,7,18,B01
202000041193,1,7,,0,2,6,16,A01
202000041194,1,33,,0,2,2,5,A01
202000041194,1,7,,0,2,6,15,B01
202000041195,1,1,,1,0,7,0,B01
202000041195,1,7,,0,2,8,24,A01
202000041196,2,2,,0,2,1,16,B01
202000041196,1,7,,0,2,7,15,A01
202000041197,1,3,,0,2,4,2,A01
202000041197,1,7,,0,2,1,2,B01
202000041198,1,7,,0,9,1,2,B01
202000041198,1,1,,0,2,4,2,A01
202000041199,2,7,,0,1,1,1,A01
202000041200,0,7,,2,0,0,1,A01
202000041201,1,7,,14,0,1,26,A01
202000041202,1,10,,0,1,2,26,A01
202000041203,3,7,,8,0,1,0,A01
202000041204,1,2,,0,0,1,26,A01
202000041205,1,7,,16,0,9,1,A01