Num_Acc,senc,catv,occutc,obs,obsm,choc,manv,num_veh
202000041206,1,7,,0,0,4,2,B01
202000041206,1,7,,2,0,6,26,A01
202000041207,3,7,,0,2,1,1,A01
202000041207,3,7,,0,2,1,1,B01
202000041208,1,10,,0,1,4,4,A01
202000041209,1,33,,0,2,0,1,B01
202000041209,1,7,,0,2,0,12,A01
202000041210,2,33,,0,0,8,1,A01
202000041211,2,7,,0,0,4,1,B01
202000041211,2,37,3.0,0,2,1,1,A01
202000041212,1,7,,2,0,1,13,A01
202000041213,2,32,,0,2,2,3,A01
202000041213,2,7,,0,2,8,1,B01
202000041214,2,33,,0,2,6,1,B01
202000041214,1,7,,0,2,3,15,A01
202000041215,1,7,,0,0,5,16,B01
202000041215,1,7,,0,2,1,1,A01
202000041216,2,30,,14,0,8,0,A01
202000041217,1,2,,0,2,1,2,B01
202000041217,1,7,,0,0,4,1,A01
202000041218,1,50,,0,2,1,25,A01
202000041218,1,7,,0,2,3,9,B01
202000041219,2,16,,1,0,2,14,B01
202000041219,2,7,,0,2,6,24,A01
202000041220,2,33,,0,2,8,1,B01
202000041220,2,7,,0,2,3,15,A01
202000041221,2,10,,0,2,1,2,C01
202000041221,2,7,,0,2,4,1,B01
202000041221,2,7,,0,2,4,26,A01
202000041222,1,1,,0,0,0,26,A01
202000041223,1,33,,0,2,1,3,B01
202000041223,1,7,,0,2,1,2,A01
202000041223,1,7,,0,2,4,2,C01
202000041224,1,7,,0,0,8,0,A01
202000041224,2,7,,0,2,1,1,B01
202000041225,1,7,,0,2,2,2,Z01
202000041225,1,10,,0,2,6,23,A01
202000041226,2,10,,0,2,2,12,A01
202000041226,2,43,,0,2,4,1,B01
202000041227,1,33,,0,2,1,2,A01
202000041227,1,7,,0,2,4,2,B01
202000041228,2,33,,0,2,7,2,B01
202000041228,2,15,,0,2,6,11,A01
202000041229,2,15,,0,2,2,2,A01
202000041229,2,7,,0,2,4,0,B01
202000041230,1,7,,0,2,1,1,A01
202000041230,2,7,,2,2,2,13,B01
202000041231,2,33,,0,0,7,14,A01
202000041232,1,7,,0,9,1,15,A01
202000041232,2,1,,0,2,7,1,B01
202000041233,1,7,,0,2,4,1,C01
202000041233,1,33,,0,2,1,3,A01
202000041233,1,7,,0,2,5,1,B01
202000041234,2,7,,0,1,2,1,A01
202000041235,1,7,,0,2,2,2,A01
202000041235,1,7,,0,2,3,3,C01
202000041235,1,7,,0,2,5,1,B01
202000041236,3,7,,0,2,7,13,A01
202000041236,3,7,,0,2,1,1,B01
202000041237,2,33,,14,0,0,2,A01
202000041237,2,7,,0,9,8,2,B01
202000041238,2,7,,0,9,1,2,D01
202000041238,2,7,,0,2,1,2,C01
202000041238,2,7,,0,2,9,2,B01
202000041238,1,15,,3,2,2,13,A01
202000041239,1,7,,0,2,1,13,A01
202000041239,2,7,,0,2,1,1,B01
202000041240,2,10,,4,2,7,12,A01
202000041240,2,7,,0,2,3,1,C01
202000041240,2,7,,0,2,7,14,B01
202000041241,2,7,,0,0,2,2,A01
202000041241,2,7,,0,2,6,2,B01
202000041242,1,7,,2,0,9,1,A01
202000041243,1,7,,0,2,4,2,B01
202000041243,1,13,,0,2,1,1,A01
202000041244,1,7,,0,2,3,5,A01
202000041244,2,17,,0,2,3,0,B01
202000041245,2,7,,0,0,1,1,A01
202000041246,2,7,,0,2,4,2,C01
202000041246,2,7,,0,2,4,2,B01
202000041246,2,7,,0,2,1,2,A01
202000041247,1,7,,0,0,1,1,A01
202000041248,1,7,,0,0,9,16,A01
202000041249,1,7,,0,2,7,26,A01
202000041249,1,7,,0,2,1,1,B01
202000041250,1,7,,0,2,2,15,A01
202000041250,2,7,,0,2,1,1,B01
202000041250,2,7,,0,2,2,1,C01
202000041251,1,7,,2,0,2,1,A01
202000041252,2,7,,0,2,3,19,B01
202000041252,2,7,,0,2,1,1,A01
202000041253,1,1,,0,9,6,0,B01
202000041253,1,30,,0,9,2,2,A01
202000041254,2,10,,0,2,3,1,B01
202000041254,1,15,,0,2,3,1,A01
202000041255,1,7,,0,2,1,2,A01
202000041255,1,2,,0,2,4,23,B01
202000041256,2,7,,0,2,3,13,A01
202000041256,1,15,,0,2,3,1,B01
202000041257,2,7,,0,2,2,17,A01
202000041257,2,7,,0,2,1,1,B01
202000041257,1,2,,0,2,1,1,C01
202000041258,2,7,,2,0,1,2,A01
202000041259,3,7,,0,2,1,2,B01
202000041259,3,7,,0,2,1,15,A01
202000041260,1,7,,0,1,1,2,A01
202000041261,2,7,,0,2,3,15,A01
202000041261,1,7,,0,2,3,1,B01
202000041262,2,7,,12,0,2,14,A01
202000041263,3,2,,0,2,1,26,B01
202000041263,3,7,,0,2,3,24,A01
202000041264,1,7,,0,1,2,1,A01
202000041265,1,7,,0,1,2,15,A01
202000041266,1,7,,16,0,0,14,A01
202000041267,2,7,,15,0,1,1,A01
202000041268,2,7,,0,1,3,15,A01
202000041269,2,7,,0,2,1,1,B01
202000041269,1,33,,0,2,1,17,A01
202000041270,2,38,1.0,0,1,0,1,A01
202000041271,1,0,,0,2,3,1,A01
202000041271,1,30,,0,2,1,26,B01
202000041272,1,7,,0,1,2,1,A01
202000041273,1,7,,0,1,2,21,A01
202000041274,1,7,,0,2,3,1,B01
202000041274,2,2,,0,2,1,13,A01
202000041275,1,7,,0,2,4,2,C01
202000041275,1,7,,0,2,4,2,B01
202000041275,1,7,,14,0,1,1,A01
202000041276,1,2,,0,2,1,9,B01
202000041276,2,7,,0,2,1,1,A01
202000041277,1,7,,0,2,4,2,C01
202000041277,1,7,,0,2,1,2,B01
202000041277,1,10,,0,2,1,2,A01
202000041278,1,10,,0,2,2,17,A01
202000041278,1,17,,0,2,6,1,B01
202000041279,2,7,,0,2,6,0,C01
202000041279,2,7,,0,2,8,1,B01
202000041279,2,7,,0,2,9,18,A01
202000041280,2,7,,0,1,2,1,A01
202000041281,0,7,,0,2,8,1,B01
202000041281,0,7,,0,2,1,1,A01
202000041282,2,7,,4,0,9,0,A01
202000041283,1,7,,0,2,3,26,A01
202000041283,2,2,,0,2,1,2,B01
202000041284,1,17,,3,0,8,6,A01
202000041285,2,33,,0,2,2,1,B01
202000041285,1,7,,0,2,1,11,A01
202000041286,1,38,2.0,0,2,3,1,B01
202000041286,2,7,,0,2,3,1,A01
202000041287,1,33,,0,2,1,1,B01
202000041287,1,7,,0,2,2,10,A01
202000041288,2,10,,14,0,2,1,A01
202000041289,1,31,,0,2,1,1,B01
202000041289,1,7,,0,2,3,10,A01
202000041290,1,1,,0,2,1,1,B01
202000041290,2,7,,0,2,2,15,A01
202000041291,2,7,,2,0,1,13,A01
202000041292,1,7,,0,2,3,15,A01
202000041292,1,50,,0,2,1,1,B01
202000041293,1,7,,1,2,2,17,A01
202000041293,1,17,,0,2,6,23,B01
202000041294,3,1,,0,2,1,1,B01
202000041294,3,7,,0,2,8,9,A01
202000041295,1,1,,0,2,1,1,A01
202000041295,1,7,,0,9,3,15,B01
202000041296,0,7,,0,1,3,26,A01
202000041297,2,7,,6,0,3,1,B01
202000041297,1,7,,0,0,1,15,A01
202000041298,1,7,,0,9,1,2,A01
202000041298,1,1,,0,0,0,2,B01
202000041299,2,2,,0,2,1,13,A01
202000041299,1,7,,0,2,1,1,B01
202000041300,0,1,,0,2,1,15,B01
202000041300,0,7,,0,2,7,1,A01
202000041301,1,7,,0,0,0,1,A01
202000041302,1,1,,0,2,1,1,B01
202000041302,1,7,,0,2,5,1,A01
202000041303,2,2,,0,2,4,1,B01
202000041303,2,7,,0,2,1,1,A01
202000041304,2,7,,0,2,4,2,A01
202000041304,2,7,,0,2,1,2,B01
202000041305,1,50,,0,2,5,2,B01
202000041305,1,3,,0,2,8,15,A01
202000041306,1,34,,0,2,0,17,A01
202000041306,1,7,,0,2,0,13,B01
202000041307,1,2,,0,2,3,13,A01
202000041307,2,10,,0,2,8,21,B01
202000041307,2,7,,0,9,3,21,C01
202000041308,3,7,,0,0,3,19,A01
202000041308,2,2,,0,2,1,1,B01
202000041309,2,7,,0,1,2,15,A01
202000041310,3,7,,0,1,2,4,A01
202000041311,1,2,,0,2,1,2,B01
202000041311,1,7,,0,0,5,23,A01
202000041312,0,7,,0,1,3,1,A01
202000041313,1,33,,0,2,1,18,A01
202000041313,1,7,,0,2,2,1,B01
202000041314,1,7,,4,0,3,13,A01
202000041315,0,2,,0,0,3,9,A01
202000041315,1,7,,0,0,2,0,B01
202000041316,1,7,,0,0,0,0,B01
202000041316,1,7,,0,2,1,26,A01
202000041317,2,7,,0,2,4,24,A01
202000041317,2,7,,1,2,1,2,B01
202000041318,1,31,,0,2,7,17,B01
202000041318,1,7,,0,2,8,21,A01
202000041319,3,80,,0,2,3,2,B01
202000041319,3,7,,0,9,7,2,A01
202000041320,1,7,,0,2,3,2,A01
202000041320,1,7,,0,2,2,12,Z01
202000041321,2,32,,0,1,1,1,A01
202000041322,1,7,,0,1,1,1,B01
202000041322,1,7,,0,1,2,1,A01
202000041323,1,1,,0,2,1,1,B01
202000041323,1,7,,0,2,2,15,A01
202000041324,1,7,,0,2,2,1,B01
202000041324,1,1,,0,2,1,15,A01
202000041325,1,10,,0,1,2,1,A01
202000041326,2,37,1.0,0,1,1,1,A01
202000041327,1,7,,0,2,4,1,C01
202000041327,1,7,,0,2,4,1,B01
202000041327,1,7,,0,2,4,1,D01
202000041327,1,7,,0,2,1,14,A01
202000041328,2,7,,0,2,2,2,A01
202000041328,1,7,,0,2,8,15,B01
202000041329,2,33,,0,2,4,2,B01
202000041329,2,7,,0,2,3,2,A01
202000041330,1,7,,0,2,3,9,A01
202000041330,3,7,,0,2,2,26,B01
202000041331,1,30,,8,2,1,17,A01
202000041331,1,7,,0,2,8,15,B01
202000041332,1,7,,15,1,0,0,A01
202000041333,3,1,,0,0,1,1,A01
202000041334,2,37,2.0,0,0,0,0,B01
202000041334,2,7,,0,2,6,15,A01
202000041335,2,31,,0,2,5,12,B01
202000041335,2,7,,0,2,8,3,A01
202000041336,2,43,,0,0,1,1,A01
202000041337,2,33,,0,2,0,0,B01
202000041337,2,7,,0,2,3,13,A01
202000041338,0,3,,0,2,0,0,A01
202000041338,0,32,,0,2,2,17,B01
202000041339,1,33,,0,2,3,18,A01
202000041339,1,7,,0,2,2,1,B01
202000041340,2,7,,0,2,8,9,A01
202000041340,1,2,,0,2,1,1,B01
202000041341,2,7,,0,2,1,2,A01
202000041341,2,14,,0,2,4,2,B01
202000041342,2,32,,0,0,8,1,A01
202000041343,1,10,,0,2,2,2,A01
202000041343,1,7,,0,2,6,2,B01
202000041343,1,7,,0,2,4,2,C01
202000041343,1,10,,0,2,4,2,D01
202000041344,2,7,,4,0,3,13,A01
202000041345,2,7,,0,2,3,15,B01
202000041345,2,30,,0,2,1,17,A01
202000041346,2,33,,0,0,9,1,A01
202000041347,0,30,,0,2,1,1,B01
202000041347,0,60,,0,2,1,1,A01
202000041348,1,7,,0,2,4,2,C01
202000041348,1,7,,0,2,4,2,B01
202000041348,1,7,,0,2,1,2,A01
202000041349,1,7,,4,0,1,14,A01
202000041350,1,7,,0,2,8,15,A01
202000041350,2,7,,0,2,3,1,B01
202000041351,2,33,,0,2,1,3,A01
202000041351,2,10,,0,2,6,11,B01
202000041352,1,30,,9,0,2,1,A01
202000041353,1,33,,0,2,0,13,A01
202000041354,1,1,,0,2,8,2,B01
202000041354,1,7,,0,2,7,1,A01
202000041355,1,7,,0,2,4,2,A01
202000041355,1,7,,0,2,1,2,B01
202000041356,1,7,,0,2,3,1,B01
202000041356,2,7,,0,2,1,9,A01
202000041357,1,7,,0,9,0,15,A01
202000041357,2,33,,0,2,0,1,B01
202000041358,2,7,,0,2,8,13,A01
202000041358,2,1,,0,2,7,14,B01
202000041359,3,7,,0,1,3,15,A01
202000041360,1,7,,9,0,0,14,A01
202000041361,2,7,,0,2,2,0,A01
202000041361,2,10,,0,2,3,9,B01
202000041362,1,10,,0,2,4,1,A01
202000041362,1,7,,0,2,1,13,B01
202000041363,-1,7,,0,1,8,1,A01
202000041364,1,7,,0,1,1,1,A01
202000041365,2,30,,0,2,1,1,A01
202000041365,1,7,,0,2,2,1,B01
202000041366,2,7,,0,2,1,1,A01
202000041366,1,2,,0,2,8,2,B01
202000041367,1,7,,0,2,1,1,A01
202000041367,2,34,,0,2,7,1,B01
202000041368,1,30,,0,2,1,1,B01
202000041368,1,7,,0,2,6,1,A01
202000041369,1,33,,0,0,1,16,A01
202000041370,1,7,,0,2,7,26,A01
202000041370,2,17,,0,2,1,1,B01
202000041371,3,7,,0,2,1,1,B01
202000041371,3,7,,0,2,4,1,A01
202000041372,1,34,,0,2,1,15,B01
202000041372,2,34,,0,2,1,17,A01
202000041373,3,7,,0,1,3,26,A01
202000041374,0,7,,0,0,9,1,A01
202000041375,0,10,,0,2,7,19,A01
202000041375,0,30,,0,2,1,1,B01
202000041376,0,7,,0,1,1,0,A01
202000041377,0,2,,0,2,1,19,B01
202000041377,0,0,,0,2,0,9,A01
202000041378,2,7,,0,2,4,26,C01
202000041378,2,7,,0,2,0,1,A01
202000041378,2,7,,0,9,1,21,B01
202000041379,2,34,,0,2,1,1,A01
202000041379,2,7,,0,2,4,23,B01
202000041380,1,10,,0,2,2,1,B01
202000041380,1,1,,0,1,3,13,A01
202000041381,2,7,,15,0,2,14,A01
202000041382,1,7,,0,2,4,23,A01
202000041382,1,7,,0,2,1,1,C01
202000041382,1,7,,0,2,4,1,B01
202000041383,3,2,,0,2,1,1,B01
202000041383,3,7,,0,2,6,1,A01
202000041384,2,34,,0,2,1,3,A01
202000041384,2,7,,0,2,5,1,B01
202000041385,1,7,,4,0,1,14,A01
202000041386,2,7,,0,2,1,2,A01
202000041386,2,7,,0,2,4,2,B01
202000041387,0,1,,0,2,7,1,B01
202000041387,0,7,,0,2,1,1,A01
202000041388,3,1,,0,2,7,0,B01
202000041388,3,30,,0,2,0,26,A01
202000041389,2,2,,0,2,1,17,A01
202000041389,2,7,,0,0,0,0,B01
202000041390,2,7,,0,2,3,1,B01
202000041390,1,7,,0,2,1,15,A01
202000041391,0,30,,0,2,1,9,A01
202000041391,0,7,,0,2,1,1,B01
202000041392,1,1,,0,4,4,15,A01
202000041392,1,40,,0,2,1,1,B01
202000041393,1,1,,0,2,1,1,A01
202000041393,2,7,,0,2,3,1,B01
202000041393,0,7,,0,2,0,15,C01
202000041394,3,2,,0,2,1,1,B01
202000041394,3,7,,6,2,7,21,A01
202000041395,2,7,,14,0,0,0,A01
202000041395,2,7,,0,2,3,1,B01
202000041396,1,33,,13,0,1,13,A01
202000041397,1,7,,0,2,4,0,B01
202000041397,1,7,,0,2,1,2,A01
202000041398,3,30,,0,2,8,26,A01
202000041398,3,7,,0,2,2,16,B01
202000041399,3,30,,0,0,2,15,A01
202000041400,2,7,,9,2,7,1,B01
202000041400,1,7,,0,2,1,9,A01
202000041401,1,7,,0,2,1,15,B01
202000041401,1,7,,0,2,1,1,A01
202000041402,3,7,,0,2,5,12,B01
202000041402,3,33,,0,2,1,1,A01
202000041403,1,7,,0,2,1,2,A01
202000041403,1,7,,0,0,4,15,B01
202000041404,2,7,,1,0,7,24,B01
202000041404,1,7,,0,2,7,13,A01
202000041405,1,7,,0,2,3,21,C01
202000041405,1,33,,0,2,0,1,B01
202000041405,1,7,,0,2,1,21,A01
202000041405,1,7,,0,2,1,0,D01
202000041405,1,13,,0,0,0,0,E01
202000041406,1,38,1.0,0,2,3,16,B01
202000041406,2,7,,0,2,5,19,A01
202000041407,1,1,,1,0,1,16,B01
202000041407,3,7,,0,2,8,24,A01
202000041408,1,7,,0,2,7,1,A01
202000041408,1,7,,0,2,1,1,B01
202000041409,1,7,,0,1,2,1,A01
202000041410,2,10,,0,2,4,2,B01
202000041410,2,7,,0,2,4,2,C01
202000041410,2,7,,0,2,1,2,A01
202000041411,1,7,,0,2,4,1,B01
202000041411,1,7,,0,2,1,1,A01
202000041412,1,32,,0,1,0,18,Z01
202000041413,2,50,,0,2,1,1,A01
202000041413,2,7,,0,2,8,9,B01
202000041414,2,80,,1,0,7,14,A01
202000041415,2,32,,0,2,1,17,A01
202000041415,2,1,,0,2,8,15,B01
202000041416,2,30,,0,1,1,1,A01
202000041417,1,7,,0,1,1,1,A01
202000041418,1,7,,0,1,1,1,A01
202000041419,1,7,,0,2,5,15,B01
202000041419,1,32,,0,2,1,17,A01
202000041420,2,7,,0,1,1,1,A01
202000041421,3,1,,0,1,4,1,A01
202000041422,3,33,,0,2,3,18,B01
202000041422,3,10,,0,2,2,17,A01
202000041423,1,7,,0,0,0,26,A01
202000041423,1,7,,0,0,0,26,B01
202000041424,2,7,,0,1,2,1,A01
202000041425,-1,7,,0,1,1,19,A01
202000041426,0,2,,0,2,7,2,B01
202000041426,3,7,,0,2,3,15,A01
202000041427,2,33,,0,2,1,2,B01
202000041427,2,15,,0,2,2,16,A01
202000041428,1,7,,0,0,0,0,C01
202000041428,1,7,,0,0,0,0,B01
202000041428,1,37,1.0,0,2,2,15,A01
202000041429,1,10,,0,2,1,1,A01
202000041429,1,7,,0,2,4,1,B01
202000041430,1,33,,0,2,7,17,B01
202000041430,1,7,,0,2,8,13,A01
202000041431,2,32,,0,1,1,1,A01
202000041432,3,1,,0,2,4,9,A01
202000041432,3,10,,0,2,1,2,B01
202000041433,1,32,,0,2,1,17,B01
202000041433,1,7,,0,2,6,13,A01
202000041434,1,32,,0,2,2,17,A01
202000041434,1,7,,0,2,6,15,B01
202000041435,1,0,,0,1,2,0,Z01
202000041436,1,2,,0,2,1,1,B01
202000041436,1,10,,0,2,7,15,A01
202000041437,1,7,,0,1,1,1,A01
202000041438,1,30,,0,2,1,1,B01
202000041438,1,7,,0,2,4,26,A01
202000041439,2,7,,0,2,8,15,A01
202000041439,1,7,,0,2,7,1,B01
202000041440,1,7,,0,1,2,1,A01
202000041441,2,7,,13,0,1,13,A01
202000041442,2,7,,0,2,3,13,A01
202000041442,2,7,,0,2,5,26,B01
202000041443,1,33,,0,2,8,1,B01
202000041443,2,7,,0,2,2,15,A01
202000041444,1,7,,0,2,1,13,A01
202000041444,2,3,,0,2,1,1,B01
202000041445,1,33,,12,0,4,1,A01
202000041446,2,7,,0,2,1,13,A01
202000041446,2,2,,0,2,1,1,B01
202000041447,1,10,,13,1,4,23,B01
202000041447,1,15,,1,1,1,1,A01
202000041448,1,30,,1,0,1,1,B01
202000041448,2,15,,0,2,3,24,A01
202000041449,2,7,,0,0,1,26,C01
202000041449,2,7,,0,2,6,16,A01
202000041449,1,7,,0,2,2,9,B01
202000041450,1,7,,1,0,1,1,A01
202000041451,2,7,,0,2,1,13,A01
202000041451,1,7,,0,2,1,1,B01
202000041452,2,7,,0,2,1,1,B01
202000041452,1,7,,0,2,3,19,A01
202000041453,2,2,,0,2,1,17,A01
202000041453,1,7,,0,0,3,26,B01
202000041454,1,7,,0,2,2,19,A01
202000041454,2,15,,0,2,3,1,B01
202000041455,0,7,,0,2,3,1,B01
202000041455,0,7,,0,2,3,13,A01
202000041456,1,7,,13,0,1,1,A01
202000041457,3,10,,0,2,1,1,A01
202000041457,1,7,,0,2,2,1,B01
202000041458,2,7,,0,2,7,1,A01
202000041458,2,33,,0,2,1,1,B01
202000041459,2,7,,3,0,1,13,A01
202000041460,3,7,,0,1,1,1,A01
202000041461,3,36,,0,0,1,2,A01
202000041461,2,7,,0,2,8,2,B01
202000041462,3,7,,0,2,8,1,B01
202000041462,3,7,,0,2,1,1,A01
202000041463,3,1,,0,0,0,1,A01
202000041464,0,10,,0,2,7,19,A01
202000041464,1,10,,0,2,1,1,B01
202000041465,1,7,,6,0,7,1,A01
202000041466,2,2,,14,0,0,1,A01
202000041467,1,7,,8,0,4,16,A01
202000041467,2,10,,0,2,1,1,B01
202000041468,3,1,,0,0,0,0,A01
202000041469,1,7,,0,2,3,15,A01
202000041469,2,7,,0,2,3,1,B01
202000041470,1,7,,0,9,2,15,A01
202000041470,3,1,,0,2,1,1,B01
202000041471,1,7,,2,0,1,14,A01
202000041472,2,7,,0,2,3,1,B01
202000041472,1,33,,0,2,1,13,A01
202000041473,2,33,,0,2,1,1,A01
202000041473,3,21,,0,2,3,26,B01
202000041474,2,33,,0,0,8,1,A01
202000041475,1,14,,4,0,3,2,A01
202000041476,1,7,,0,2,3,1,A01
202000041476,2,10,,13,2,3,1,B01
202000041477,1,7,,8,2,3,1,B01
202000041477,2,2,,0,2,7,15,A01
202000041478,3,10,,0,2,3,1,B01
202000041478,3,7,,6,2,2,1,A01
202000041479,1,34,,0,6,1,1,A01
202000041480,3,7,,0,2,1,1,A01
202000041480,0,7,,0,2,3,16,B01
202000041481,2,33,,0,2,3,1,A01
202000041481,1,33,,0,2,3,13,B01
202000041482,1,7,,0,1,2,1,A01
202000041483,2,7,,13,0,2,0,A01
202000041484,0,33,,0,2,1,1,B01
202000041484,0,10,,0,2,8,9,A01
202000041485,1,1,,0,0,1,1,A01
202000041486,2,7,,7,0,5,1,C01
202000041486,1,7,,0,2,3,2,A01
202000041486,1,7,,0,0,5,15,B01
202000041487,1,7,,0,2,1,1,B01
202000041487,1,7,,0,2,1,13,A01
202000041488,3,7,,0,2,7,1,B01
202000041488,3,7,,0,2,1,1,A01
202000041489,1,1,,0,1,1,1,A01
202000041490,1,7,,0,2,2,17,A01
202000041490,1,1,,0,2,8,15,B01
202000041491,2,2,,0,0,8,1,A01
202000041492,1,7,,0,0,6,15,A01
202000041492,1,7,,0,2,1,15,B01
202000041493,1,7,,0,2,6,23,B01
202000041493,1,7,,0,2,7,21,A01
202000041494,2,7,,0,2,8,5,A01
202000041494,1,7,,0,2,8,1,B01
202000041494,1,7,,0,2,3,1,C01
202000041494,1,7,,0,2,7,1,E01
202000041494,1,7,,0,2,2,1,F01
202000041494,1,7,,0,2,7,1,D01
202000041495,1,7,,0,2,4,2,B01
202000041495,1,15,,0,2,1,2,A01
202000041496,1,34,,0,2,5,1,A01
202000041496,1,7,,0,0,5,1,B01
202000041497,1,7,,4,0,3,13,A01
202000041498,2,7,,0,2,4,2,B01
202000041498,2,15,,0,2,1,2,A01
202000041499,2,33,,0,0,9,3,A01
202000041500,1,7,,0,2,1,2,A01
202000041500,1,10,,0,2,4,2,B01
202000041501,1,34,,0,1,1,0,A01
202000041502,2,7,,0,1,3,15,A01
202000041503,2,10,,0,2,1,2,A01
202000041503,2,10,,0,2,4,1,B01
202000041504,2,7,,0,2,1,2,A01
202000041504,2,2,,0,2,4,2,B01
202000041505,1,2,,1,2,4,26,A01
202000041505,1,7,,1,0,4,26,B01
202000041506,3,10,,0,2,7,16,A01
202000041506,3,1,,0,2,8,1,B01
202000041507,1,2,,0,2,8,1,B01
202000041507,1,7,,0,9,2,16,A01
202000041508,1,7,,0,9,0,15,A01
202000041508,1,1,,0,2,0,1,B01
202000041509,3,1,,0,2,1,19,B01
202000041509,3,10,,0,0,5,1,A01
202000041510,3,7,,0,2,1,15,B01
202000041510,0,7,,0,2,1,17,A01
202000041511,1,7,,0,2,0,1,A01
202000041511,1,7,,0,2,3,1,B01
202000041512,3,33,,0,2,1,0,B01
202000041512,0,7,,0,2,1,26,A01
202000041513,1,31,,0,2,2,17,A01
202000041513,2,7,,0,2,3,26,B01
202000041514,1,7,,13,0,3,13,A01
202000041515,3,7,,0,1,1,17,A01
202000041516,1,33,,0,2,3,1,A01
202000041516,1,33,,0,2,1,1,B01
202000041517,1,7,,0,2,3,14,A01
202000041517,1,7,,0,2,7,1,B01
202000041518,1,7,,0,2,3,20,A01
202000041518,2,31,,0,2,1,1,B01
202000041519,2,1,,0,2,8,25,A01
202000041519,2,1,,0,2,8,25,B01
202000041519,2,10,,0,2,7,1,C01
202000041520,1,7,,0,2,6,23,B01
202000041520,1,7,,0,2,2,2,A01
202000041521,1,7,,6,0,1,14,A01
202000041522,1,7,,0,2,1,1,C01
202000041522,2,33,,0,2,7,1,A01
202000041522,3,7,,0,2,1,9,B01
202000041523,1,7,,0,1,3,1,A01
202000041524,0,30,,0,1,0,1,A01
202000041525,3,7,,0,2,2,25,A01
202000041525,3,50,,0,2,1,25,B01
202000041526,1,7,,0,2,2,9,B01
202000041526,2,7,,1,0,2,1,A01
202000041527,1,7,,8,0,1,1,A01
202000041528,1,7,,0,1,2,1,A01
202000041529,1,7,,0,2,8,1,B01
202000041529,1,33,,0,2,1,12,A01
202000041530,0,7,,0,1,2,1,A01
202000041531,2,80,,1,0,1,1,B01
202000041531,2,7,,0,2,8,22,A01
202000041532,3,10,,0,2,1,2,B01
202000041532,3,10,,0,2,4,2,C01
202000041532,3,10,,0,2,1,2,A01
202000041533,1,30,,6,0,1,14,A01
202000041534,1,7,,0,2,3,1,B01
202000041534,2,7,,0,2,3,1,A01
202000041535,1,7,,0,2,1,1,B01
202000041535,1,7,,0,2,0,0,A01
202000041536,1,7,,0,2,7,15,A01
202000041536,2,33,,0,2,1,26,B01
202000041537,1,50,,0,2,1,1,B01
202000041537,1,7,,0,9,2,1,A01
202000041538,3,7,,7,0,1,1,B01
202000041538,3,7,,0,0,0,15,A01
202000041539,0,7,,0,1,4,23,B01
202000041539,0,7,,0,2,1,2,A01
202000041540,2,30,,1,0,1,2,A01
202000041541,1,10,,0,2,5,15,A01
202000041541,2,2,,0,2,1,1,B01
202000041542,1,7,,0,2,0,0,C01
202000041542,2,7,,0,2,1,26,A01
202000041542,1,7,,0,2,1,0,B01
202000041543,2,7,,0,2,1,26,A01
202000041543,2,7,,0,2,4,23,B01
202000041544,0,1,,0,2,1,19,A01
202000041544,0,38,1.0,0,2,5,1,B01
202000041545,1,33,,0,2,1,15,A01
202000041545,2,7,,0,2,2,1,B01
202000041546,1,7,,0,2,2,1,B01
202000041546,1,30,,0,2,8,16,A01
202000041547,1,7,,0,2,3,9,A01
202000041547,1,1,,0,2,4,1,B01
202000041548,1,30,,0,2,1,2,A01
202000041548,1,7,,0,0,4,2,B01
202000041549,2,7,,0,2,4,23,B01
202000041549,2,7,,0,2,1,2,A01
202000041550,1,7,,0,1,2,16,A01
202000041551,2,7,,0,2,2,1,B01
202000041551,2,7,,0,2,9,9,A01
202000041552,1,1,,0,2,1,1,B01
202000041552,1,7,,0,2,1,15,A01
202000041553,1,7,,0,2,1,2,A01
202000041553,1,15,,0,0,4,1,B01
202000041554,1,7,,0,1,1,7,A01
202000041555,1,7,,0,2,3,9,A01
202000041555,1,7,,0,2,3,0,B01
202000041556,1,7,,0,1,7,1,A01
202000041557,2,7,,0,1,3,19,A01
202000041558,2,7,,0,2,4,1,B01
202000041558,2,7,,14,0,1,1,A01
202000041559,3,33,,0,0,2,1,A01
202000041560,2,33,,0,1,2,3,A01
202000041561,1,7,,0,2,4,1,B01
202000041561,1,7,,0,2,1,2,A01
202000041562,1,7,,0,2,1,2,A01
202000041562,1,7,,1,0,4,23,B01
202000041563,1,33,,0,2,4,2,B01
202000041563,1,10,,0,2,4,2,A01
202000041564,1,1,,0,0,0,0,B01
202000041564,1,1,,0,0,0,26,A01
202000041565,1,10,,0,1,1,1,A01
202000041566,1,1,,0,0,8,1,A01
202000041567,1,7,,12,2,2,13,A01
202000041568,1,33,,0,2,3,7,B01
202000041568,1,7,,0,2,2,12,A01
202000041569,1,1,,0,2,1,13,A01
202000041569,1,7,,0,2,5,23,B01
202000041570,3,1,,0,2,6,7,B01
202000041570,3,7,,0,2,3,14,A01
202000041571,2,10,,0,2,4,1,B01
202000041571,2,7,,0,2,1,1,A01
202000041572,2,33,,0,2,1,1,B01
202000041572,1,7,,0,2,2,15,A01
202000041573,2,7,,0,2,5,12,A01
202000041573,2,1,,0,2,3,1,B01
202000041574,1,7,,0,2,3,15,A01