Num_Acc,senc,catv,occutc,obs,obsm,choc,manv,num_veh
202000041574,1,31,,0,2,7,17,B01
202000041575,1,10,,0,2,1,1,A01
202000041575,2,1,,0,2,2,5,B01
202000041576,1,7,,0,1,3,1,A01
202000041577,1,2,,0,2,2,17,B01
202000041577,1,7,,0,2,8,11,A01
202000041578,0,32,,0,2,1,1,B01
202000041578,0,10,,0,2,3,15,A01
202000041579,2,7,,0,2,3,15,A01
202000041579,2,31,,0,2,8,17,B01
202000041580,2,7,,0,2,1,2,B01
202000041580,2,7,,0,1,1,23,A01
202000041581,1,7,,6,0,1,1,A01
202000041582,1,30,,0,1,1,1,A01
202000041583,1,1,,0,2,1,1,B01
202000041583,2,7,,0,2,2,15,A01
202000041584,1,7,,6,0,1,1,A01
202000041585,1,7,,0,2,1,1,B01
202000041585,2,7,,0,2,1,13,A01
202000041586,1,7,,13,0,1,13,A01
202000041587,1,0,,0,1,0,0,Z01
202000041588,1,7,,12,0,3,17,A01
202000041589,1,34,,16,0,1,14,A01
202000041590,1,7,,0,2,3,15,A01
202000041590,2,31,,0,2,3,0,B01
202000041591,2,7,,0,1,2,1,A01
202000041592,2,7,,0,2,2,20,A01
202000041592,2,33,,0,2,1,1,B01
202000041593,1,10,,0,2,1,26,A01
202000041593,1,33,,0,2,4,15,B01
202000041594,2,7,,0,2,1,13,A01
202000041594,2,7,,0,2,1,21,D01
202000041594,2,7,,0,2,4,21,C01
202000041594,1,10,,0,2,1,1,B01
202000041595,1,7,,0,2,7,1,D01
202000041595,1,7,,0,2,3,1,B01
202000041595,1,7,,0,2,2,12,Z01
202000041595,1,7,,0,2,5,1,C01
202000041596,2,7,,0,2,6,1,B01
202000041596,2,43,,0,2,2,3,A01
202000041597,1,7,,0,1,1,1,A01
202000041598,1,1,,0,0,0,1,A01
202000041599,2,2,,0,1,1,16,Z01
202000041600,1,7,,0,2,3,22,A01
202000041600,1,32,,0,2,2,17,B01
202000041601,1,30,,1,0,2,14,A01
202000041602,0,7,,0,1,1,1,A01
202000041603,2,7,,0,1,0,4,A01
202000041604,2,37,1.0,0,1,2,1,A01
202000041605,1,7,,0,2,3,1,C01
202000041605,2,7,,0,2,3,1,B01
202000041605,1,30,,0,2,1,17,A01
202000041606,2,50,,0,0,0,21,A01
202000041607,2,1,,0,1,1,1,A01
202000041608,1,7,,0,2,2,1,B01
202000041608,1,50,,0,2,4,15,A01
202000041609,2,1,,0,0,1,1,B01
202000041609,2,7,,0,2,3,22,A01
202000041610,2,37,4.0,2,0,1,1,A01
202000041611,3,7,,0,2,4,17,A01
202000041611,3,7,,0,2,4,2,B01
202000041611,3,7,,0,2,4,2,C01
202000041612,1,50,,0,0,0,15,A01
202000041613,1,7,,0,2,4,23,D01
202000041613,1,7,,0,2,4,0,C01
202000041613,1,7,,0,2,4,23,B01
202000041613,1,7,,0,2,1,1,A01
202000041614,2,7,,0,1,1,26,A01
202000041615,1,7,,0,0,8,15,B01
202000041615,1,30,,0,2,7,17,A01
202000041616,1,1,,0,1,1,9,A01
202000041617,-1,7,,0,1,2,26,A01
202000041618,2,34,,0,2,1,17,B01
202000041618,2,10,,0,2,3,13,A01
202000041619,1,7,,1,1,7,2,DB01
202000041619,1,1,,1,2,8,3,A01
202000041620,0,7,,0,2,1,9,A01
202000041620,1,7,,0,2,8,1,B01
202000041621,-1,7,,0,1,1,1,Z01
202000041622,2,7,,0,1,1,9,A01
202000041623,2,32,,0,2,1,2,B01
202000041623,1,7,,0,2,3,15,A01
202000041624,3,37,5.0,0,2,1,1,B01
202000041624,3,7,,0,2,4,1,A01
202000041625,1,7,,0,1,1,1,A01
202000041626,1,1,,0,2,1,1,A01
202000041626,1,10,,0,2,8,1,B01
202000041627,1,7,,0,1,0,0,A01
202000041628,2,7,,0,2,1,15,A01
202000041628,1,7,,0,2,1,1,B01
202000041629,2,7,,0,2,3,15,A01
202000041629,1,31,,0,2,1,1,B01
202000041629,2,7,,0,9,1,23,C01
202000041630,2,7,,0,2,5,15,A01
202000041630,1,33,,0,2,1,1,B01
202000041631,3,80,,0,0,9,1,A01
202000041632,1,33,,3,0,7,1,A01
202000041633,1,7,,0,2,3,13,A01
202000041633,2,7,,0,2,3,1,B01
202000041634,1,21,,0,2,3,15,B01
202000041634,1,7,,0,2,2,17,A01
202000041635,1,31,,0,2,1,1,B01
202000041635,2,7,,0,2,7,15,A01
202000041636,1,7,,5,2,2,13,B01
202000041636,2,7,,5,2,3,1,A01
202000041637,2,10,,13,2,9,2,B01
202000041637,2,7,,0,2,2,9,A01
202000041638,1,33,,15,0,1,26,A01
202000041639,1,7,,0,1,1,1,A01
202000041640,2,7,,13,0,0,0,A01
202000041641,2,2,,0,0,0,1,A01
202000041642,3,7,,0,2,7,1,A01
202000041642,3,1,,0,2,1,1,B01
202000041643,1,7,,15,0,2,21,A01
202000041644,2,30,,0,2,1,2,A01
202000041644,2,7,,0,0,4,2,B01
202000041645,2,7,,0,0,1,19,A01
202000041645,1,33,,0,0,8,1,B01
202000041646,1,7,,13,0,1,13,A01
202000041647,1,7,,13,0,1,14,A01
202000041648,2,10,,0,2,3,15,A01
202000041648,1,33,,0,2,1,1,B01
202000041649,1,7,,0,1,2,16,A01
202000041650,3,7,,14,0,0,0,A01
202000041651,2,7,,0,2,3,15,A01
202000041651,2,33,,0,2,1,17,B01
202000041652,1,1,,0,2,2,26,A01
202000041652,1,7,,0,2,2,1,B01
202000041653,3,2,,6,0,5,1,A01
202000041654,1,15,,0,2,7,1,B01
202000041654,1,7,,0,2,8,0,A01
202000041655,1,7,,0,2,1,17,A01
202000041655,2,7,,0,2,2,1,B01
202000041656,2,7,,0,2,4,2,B01
202000041656,2,33,,0,2,1,2,A01
202000041656,1,7,,0,2,3,1,D01
202000041656,2,7,,0,2,4,2,C01
202000041657,2,7,,0,2,6,15,A01
202000041657,2,1,,0,2,1,17,B01
202000041657,2,1,,0,2,1,17,C01
202000041658,1,7,,6,0,1,14,A01
202000041659,3,7,,1,0,3,0,A01
202000041660,2,7,,9,2,1,1,B01
202000041660,3,7,,9,2,7,19,A01
202000041661,1,7,,0,2,3,9,A01
202000041661,1,1,,0,2,2,1,B01
202000041662,1,7,,0,1,2,1,A01
202000041663,2,7,,15,0,1,14,A01
202000041664,1,33,,0,0,8,1,A01
202000041665,1,7,,0,1,2,1,A01
202000041666,2,7,,0,9,3,0,B01
202000041666,1,2,,0,2,3,0,A01
202000041667,1,7,,0,9,1,15,A01
202000041667,2,1,,0,2,1,1,B01
202000041668,3,43,,12,0,7,1,A01
202000041669,1,7,,0,1,1,1,A01
202000041670,1,32,,0,0,7,2,A01
202000041671,2,1,,0,2,1,1,B01
202000041671,1,7,,0,9,3,1,A01
202000041672,2,33,,0,0,4,2,B01
202000041672,2,17,,0,2,2,17,A01
202000041673,2,10,,0,2,1,1,A01
202000041673,2,17,,0,0,4,1,B01
202000041674,1,15,,0,0,6,1,B01
202000041674,1,7,,4,2,1,14,A01
202000041675,0,34,,0,2,1,1,B01
202000041675,0,7,,0,2,1,1,A01
202000041676,1,17,,13,0,8,14,A01
202000041677,1,7,,16,0,7,1,A01
202000041678,2,7,,16,0,3,1,A01
202000041679,3,33,,2,0,1,1,A01
202000041680,1,2,,12,2,8,10,A01
202000041680,1,7,,12,2,2,13,B01
202000041681,2,1,,0,0,7,0,A01
202000041682,2,7,,0,2,3,13,A01
202000041682,1,33,,0,2,8,1,B01
202000041683,3,7,,13,0,1,14,A01
202000041684,3,7,,0,2,3,1,A01
202000041684,3,36,,0,2,3,1,B01
202000041685,2,10,,0,1,4,23,B01
202000041685,2,10,,0,2,1,1,A01
202000041686,2,7,,3,0,0,1,A01
202000041687,2,10,,0,1,1,1,A01
202000041688,1,34,,12,0,7,0,A01
202000041689,1,7,,0,0,7,15,A01
202000041689,1,2,,0,2,1,18,B01
202000041690,3,30,,0,2,1,1,B01
202000041690,3,7,,0,2,7,15,A01
202000041691,3,2,,0,0,9,1,A01
202000041692,2,7,,0,2,8,19,B01
202000041692,1,33,,0,2,1,21,A01
202000041693,2,7,,0,0,0,26,B01
202000041693,2,1,,0,9,1,17,A01
202000041694,1,7,,0,0,4,24,B01
202000041694,1,2,,1,0,1,2,A01
202000041695,1,10,,0,2,6,15,A01
202000041695,3,33,,0,2,1,1,B01
202000041696,1,10,,0,0,0,13,B01
202000041696,1,7,,17,0,1,21,A01
202000041697,2,7,,0,2,1,2,A01
202000041697,2,7,,4,2,4,2,B01
202000041698,2,33,,0,2,3,3,A01
202000041698,2,17,,0,2,0,0,C01
202000041698,2,10,,0,2,5,0,B01
202000041699,2,7,,0,2,9,2,B01
202000041699,2,7,,0,2,9,2,A01
202000041699,2,7,,0,2,9,2,C01
202000041700,1,10,,0,2,3,1,A01
202000041701,2,31,,0,2,1,1,A01
202000041701,2,7,,0,0,5,1,B01
202000041702,2,7,,0,2,2,1,B01
202000041702,1,33,,0,2,2,3,C01
202000041702,2,7,,0,2,3,1,D01
202000041702,2,33,,0,2,3,3,A01
202000041703,2,7,,4,2,6,1,A01
202000041703,2,10,,0,2,2,1,B01
202000041704,1,7,,13,0,0,1,A01
202000041705,2,7,,0,9,2,16,B01
202000041705,2,1,,0,2,1,18,A01
202000041706,2,7,,4,0,2,15,A01
202000041707,2,34,,0,2,1,17,A01
202000041707,2,7,,0,2,6,15,B01
202000041708,3,50,,0,2,8,25,A01
202000041708,1,10,,0,2,1,2,B01
202000041709,1,31,,0,2,7,15,A01
202000041709,1,3,,0,2,0,1,B01
202000041710,1,7,,0,2,1,16,A01
202000041710,1,37,1.0,0,2,2,1,B01
202000041711,1,33,,0,2,7,1,B01
202000041711,1,14,,0,2,6,21,A01
202000041712,3,7,,1,0,2,14,A01
202000041713,3,33,,0,0,1,1,A01
202000041714,1,30,,0,0,0,1,A01
202000041715,3,32,,0,2,7,9,B01
202000041715,3,7,,0,2,3,9,A01
202000041716,1,33,,8,0,2,26,A01
202000041717,1,7,,0,2,6,1,A01
202000041717,1,60,,0,2,1,19,Y01
202000041718,2,7,,0,1,2,1,A01
202000041719,2,7,,1,0,1,19,A01
202000041720,3,2,,0,2,1,1,B01
202000041720,3,7,,0,0,3,15,A01
202000041721,1,10,,0,2,1,1,B01
202000041721,2,7,,0,2,1,5,A01
202000041722,1,7,,0,9,2,1,A01
202000041722,1,1,,0,2,1,19,B01
202000041723,1,7,,0,2,1,19,A01
202000041723,1,7,,0,2,7,1,B01
202000041724,1,2,,0,0,7,25,A01
202000041724,1,7,,0,0,3,20,B01
202000041725,1,40,,0,2,2,1,B01
202000041725,1,7,,0,4,3,19,A01
202000041726,2,1,,1,0,7,1,A01
202000041726,2,7,,0,2,8,20,B01
202000041727,2,7,,9,2,6,16,B01
202000041727,2,7,,1,1,1,1,A01
202000041728,1,7,,1,0,2,14,A01
202000041729,1,2,,0,2,1,1,C01
202000041729,1,7,,0,2,4,1,A01
202000041729,1,7,,0,2,0,9,B01
202000041730,0,7,,0,2,1,1,B01
202000041730,0,7,,0,2,7,26,A01
202000041731,1,30,,12,0,2,0,A01
202000041732,3,7,,0,0,9,0,A01
202000041733,3,7,,0,1,2,26,A01
202000041734,1,7,,0,2,2,20,A01
202000041734,1,2,,0,2,1,1,B01
202000041735,0,7,,0,2,1,1,B01
202000041735,0,7,,0,2,8,15,A01
202000041736,2,30,,0,0,7,16,A01
202000041737,2,7,,4,0,7,14,A01
202000041738,1,7,,0,2,5,1,B01
202000041738,1,30,,0,2,3,1,A01
202000041739,1,1,,0,2,1,1,D01
202000041739,1,1,,0,2,1,1,C01
202000041739,1,1,,0,2,1,1,B01
202000041739,2,7,,7,2,7,5,A01
202000041740,1,1,,0,2,1,7,B01
202000041740,2,7,,0,2,2,16,A01
202000041741,2,7,,9,0,1,5,Z01
202000041742,3,7,,0,1,1,15,A01
202000041743,1,7,,1,0,2,5,Z01
202000041744,2,1,,0,1,1,1,Z01
202000041745,2,7,,1,0,1,13,A01
202000041746,2,7,,0,2,8,13,A01
202000041746,2,32,,0,2,5,1,B01
202000041747,2,30,,14,0,1,14,A01
202000041748,1,1,,0,2,1,5,B01
202000041748,2,30,,0,2,1,1,A01
202000041749,2,43,,0,2,0,2,A01
202000041749,2,7,,0,0,0,16,B01
202000041750,2,7,,0,1,3,19,A01
202000041751,2,14,,12,2,1,14,A01
202000041752,-1,3,,0,1,2,9,A01
202000041753,0,7,,9,0,2,1,A01
202000041754,1,7,,0,2,1,1,B01
202000041754,-1,32,,0,2,5,10,A01
202000041755,3,34,,0,0,0,2,B01
202000041755,3,34,,4,0,0,2,A01
202000041756,2,7,,0,2,3,15,A01
202000041756,2,1,,0,2,1,17,B01
202000041757,3,33,,4,0,7,0,A01
202000041758,2,10,,0,2,7,15,A01
202000041758,1,33,,0,2,1,1,B01
202000041759,1,33,,0,6,1,1,A01
202000041760,2,36,,13,0,0,14,A01
202000041761,2,7,,0,2,6,2,B01
202000041761,2,7,,0,2,3,13,A01
202000041761,1,7,,0,2,3,1,C01
202000041761,2,7,,0,2,3,2,D01
202000041762,1,7,,0,2,3,1,B01
202000041762,3,7,,0,2,2,19,A01
202000041763,1,7,,0,0,4,15,B01
202000041763,1,33,,0,2,1,2,A01
202000041764,1,33,,0,0,0,1,A01
202000041765,2,7,,0,0,4,1,A01
202000041765,2,7,,0,2,1,1,C01
202000041765,2,7,,0,2,1,1,B01
202000041766,1,34,,9,0,1,1,A01
202000041767,2,1,,0,1,1,26,A01
202000041768,3,7,,15,0,1,26,A01
202000041768,3,7,,15,0,7,2,B01
202000041769,1,7,,0,2,1,16,A01
202000041769,2,31,,0,2,1,17,B01
202000041770,2,7,,0,0,1,1,A01
202000041771,1,10,,0,1,2,15,A01
202000041772,2,60,,0,2,1,1,A01
202000041772,1,7,,0,2,8,26,B01
202000041773,2,33,,0,2,1,1,B01
202000041773,1,7,,0,2,1,15,A01
202000041774,1,33,,0,0,8,15,A01
202000041775,2,7,,0,2,8,13,A01
202000041775,2,31,,0,2,7,17,B01
202000041776,0,7,,0,2,2,26,B01
202000041776,0,7,,0,2,3,26,A01
202000041777,1,7,,0,2,9,1,A01
202000041777,1,7,,0,2,1,1,B01
202000041778,2,7,,0,1,2,15,A01
202000041779,3,7,,0,1,1,15,A01
202000041780,1,7,,13,0,3,14,A01
202000041781,1,40,,0,2,7,1,B01
202000041781,1,7,,0,4,3,15,A01
202000041782,1,7,,4,0,3,1,A01
202000041783,2,7,,0,2,4,15,B01
202000041783,2,7,,0,2,3,1,A01
202000041784,2,7,,0,2,7,0,B01
202000041784,2,33,,0,2,1,2,A01
202000041785,3,7,,9,0,1,1,A01
202000041786,1,7,,1,0,1,2,A01
202000041787,1,7,,0,1,1,1,A01
202000041788,3,2,,0,2,6,15,B01
202000041788,3,7,,0,2,2,17,A01
202000041789,2,1,,0,2,0,0,B01
202000041789,2,7,,0,9,0,0,A01
202000041790,2,1,,12,2,1,9,B01
202000041790,2,7,,12,9,1,9,A01
202000041791,1,7,,0,2,1,1,B01
202000041791,2,80,,0,2,7,1,A01
202000041792,2,7,,8,0,8,13,A01
202000041793,0,30,,0,2,0,9,A01
202000041793,1,10,,0,2,1,1,B01
202000041794,1,7,,0,2,1,0,Z01
202000041794,1,32,,0,2,4,0,A01
202000041795,1,7,,0,2,1,1,A01
202000041795,2,7,,0,2,0,1,B01
202000041796,1,7,,4,0,1,1,A01
202000041797,2,7,,0,1,1,1,A01
202000041798,2,33,,0,2,1,13,A01
202000041798,1,7,,0,2,1,1,B01
202000041799,3,7,,0,2,5,15,A01
202000041799,3,33,,0,2,8,0,B01
202000041800,1,10,,0,2,8,1,C01
202000041800,1,7,,0,2,7,12,B01
202000041800,1,33,,0,2,1,3,A01
202000041801,2,7,,0,1,2,15,Z01
202000041802,2,10,,0,1,2,20,A01
202000041803,3,7,,0,1,1,1,A01
202000041804,2,30,,0,1,1,1,A01
202000041805,3,33,,0,2,1,1,B01
202000041805,3,30,,0,1,1,1,A01
202000041806,1,32,,0,2,2,15,Z01
202000041806,1,30,,0,2,3,1,A01
202000041807,1,7,,0,1,0,0,Z01
202000041808,2,7,,0,1,8,1,A01
202000041809,1,7,,0,2,4,23,C01
202000041809,1,7,,0,2,9,23,B01
202000041809,1,7,,0,2,1,1,A01
202000041810,1,30,,0,2,3,1,B01
202000041810,1,43,,0,2,2,1,A01
202000041811,2,33,,0,2,1,1,Z01
202000041811,2,1,,0,2,4,11,A01
202000041812,2,7,,0,1,8,1,Z01
202000041813,2,7,,0,2,2,1,A01
202000041813,2,50,,0,2,1,19,B01
202000041814,1,30,,14,0,1,14,A01
202000041815,2,7,,0,2,7,14,A01
202000041815,2,32,,0,2,3,1,B01
202000041816,1,1,,0,2,1,1,Z01
202000041816,2,1,,0,2,1,9,A01
202000041817,1,1,,0,0,0,21,A01
202000041818,3,33,,0,2,1,3,A01
202000041818,3,7,,0,2,6,15,B01
202000041819,1,7,,0,2,3,15,A01
202000041819,1,32,,0,2,1,1,B01
202000041820,1,10,,0,2,7,15,B01
202000041820,1,36,,0,2,1,1,A01
202000041821,3,1,,0,1,1,1,A01
202000041822,1,33,,0,2,1,1,A01
202000041822,2,7,,0,2,1,19,B01
202000041823,-1,7,,0,2,1,15,A01
202000041823,-1,30,,0,0,8,1,B01
202000041824,1,10,,0,2,2,16,A01
202000041824,1,34,,0,2,3,18,B01
202000041825,1,10,,0,2,2,9,A01
202000041825,2,30,,0,2,1,2,B01
202000041826,1,10,,0,2,1,2,B01
202000041826,1,7,,0,9,4,23,A01
202000041827,1,7,,0,2,0,1,B01
202000041827,1,32,,0,2,1,18,A01
202000041828,1,7,,0,2,3,13,A01
202000041828,2,7,,0,2,3,1,B01
202000041829,3,7,,0,1,3,26,A01
202000041830,2,7,,4,0,3,14,A01
202000041831,1,7,,0,2,1,15,B01
202000041831,2,7,,0,2,1,1,A01
202000041832,1,1,,0,2,1,13,A01
202000041832,2,7,,0,2,1,1,B01
202000041833,2,7,,0,2,3,1,B01
202000041833,1,7,,0,2,2,11,A01
202000041834,2,7,,8,0,1,13,A01
202000041835,2,7,,0,2,1,1,B01
202000041835,1,10,,0,2,1,5,A01
202000041836,2,7,,11,0,0,0,A01
202000041837,2,10,,0,2,3,1,B01
202000041837,1,7,,0,2,3,13,A01
202000041838,1,7,,0,2,3,13,B01
202000041838,2,7,,0,2,3,1,A01
202000041839,1,7,,0,2,3,1,B01
202000041839,2,10,,0,2,1,13,A01
202000041840,3,7,,0,2,2,20,A01
202000041840,3,2,,0,2,1,1,B01
202000041841,1,7,,1,0,1,1,A01
202000041842,1,2,,12,0,7,1,A01
202000041843,1,7,,2,0,1,1,A01
202000041844,3,7,,17,0,6,0,A01
202000041845,1,36,,6,0,1,1,A01
202000041846,2,2,,0,2,1,0,A01
202000041846,1,2,,0,2,1,0,B01
202000041847,1,7,,8,0,1,1,A01
202000041848,3,7,,0,2,1,1,A01
202000041848,0,7,,0,2,8,1,B01
202000041849,1,2,,0,0,8,1,A01
202000041850,1,7,,2,0,3,1,A01
202000041851,1,7,,13,0,2,1,A01
202000041852,3,7,,0,2,1,15,A01
202000041852,3,1,,0,2,8,1,B01
202000041853,3,7,,1,1,1,13,A01
202000041854,3,7,,0,2,1,1,B01
202000041854,3,33,,0,2,1,17,A01
202000041855,1,33,,0,0,3,1,A01
202000041856,0,10,,0,2,3,15,B01
202000041856,2,7,,0,2,3,1,A01
202000041857,0,7,,9,2,7,19,B01
202000041857,3,7,,9,2,1,26,A01
202000041858,1,7,,2,0,2,1,A01
202000041859,3,7,,0,0,0,1,A01
202000041860,2,7,,2,0,6,13,A01
202000041861,1,7,,0,2,2,2,B01
202000041861,1,3,,2,0,6,1,A01
202000041862,1,33,,0,9,3,1,A01
202000041862,2,7,,0,9,2,1,B01
202000041863,2,7,,0,2,1,17,A01
202000041863,1,7,,0,2,1,1,B01
202000041864,1,32,,14,0,1,13,A01
202000041865,1,7,,2,0,7,1,A01
202000041866,0,7,,0,0,4,14,C01
202000041866,0,7,,0,2,3,14,B01
202000041866,3,7,,1,0,1,17,A01
202000041867,0,7,,0,1,2,21,A01
202000041868,0,7,,0,9,1,9,A01
202000041868,0,1,,0,2,7,1,B01
202000041869,2,7,,8,2,6,1,B01
202000041869,2,7,,0,2,1,1,A01
202000041870,1,7,,0,2,3,1,A01
202000041870,2,33,,0,2,1,1,B01
202000041871,0,7,,0,2,2,19,A01
202000041871,0,2,,0,2,1,1,B01
202000041872,1,1,,0,2,0,5,A01
202000041872,2,7,,0,9,3,1,B01
202000041873,0,7,,13,0,9,1,A01
202000041874,2,7,,4,0,3,1,A01
202000041875,2,7,,0,2,1,2,A01
202000041875,2,7,,0,0,4,1,B01
202000041876,1,7,,0,2,1,2,A01
202000041876,1,7,,0,2,4,1,B01
202000041877,2,7,,0,0,4,1,C01
202000041877,2,31,,0,2,5,1,B01
202000041877,2,7,,0,2,8,11,A01
202000041878,2,32,,0,2,1,3,B01
202000041878,2,7,,0,2,5,1,A01
202000041879,2,10,,0,2,1,2,A01
202000041879,2,7,,0,2,4,2,C01
202000041879,2,7,,0,2,4,2,B01
202000041880,1,7,,0,2,4,2,C01
202000041880,1,7,,0,2,4,2,B01
202000041880,1,7,,0,2,1,2,A01
202000041880,1,7,,0,2,4,2,D01
202000041881,1,7,,0,0,9,1,A01
202000041882,1,7,,0,2,4,2,B01
202000041882,1,10,,0,2,1,2,A01
202000041882,1,7,,0,2,4,2,C01
202000041883,1,7,,0,2,5,1,C01
202000041883,1,7,,0,2,6,1,B01
202000041883,1,10,,0,2,2,14,A01
202000041884,2,33,,0,2,0,0,B01
202000041884,2,7,,0,2,0,11,Z01
202000041885,2,33,,0,2,1,3,B01
202000041885,2,7,,0,2,6,11,A01
202000041885,1,7,,0,2,6,1,C01
202000041886,3,1,,0,2,1,1,B01
202000041886,3,7,,0,2,2,16,A01
202000041887,1,30,,9,0,1,26,A01
202000041888,2,7,,0,2,6,26,B01
202000041888,2,7,,0,2,1,1,A01
202000041889,3,99,,0,2,1,26,A01
202000041890,1,7,,0,2,1,1,A01
202000041890,1,7,,0,2,4,1,B01
202000041891,2,7,,0,2,2,15,B01
202000041891,1,7,,0,2,3,19,A01
202000041892,0,7,,0,2,7,1,B01
202000041892,0,30,,0,2,1,9,A01
202000041893,1,7,,0,1,4,20,A01
202000041894,2,13,,0,2,6,23,B01
202000041894,2,7,,1,0,1,1,A01
202000041895,1,33,,14,2,1,16,A01
202000041896,1,7,,0,2,1,5,A01
202000041896,1,30,,0,2,1,1,B01
202000041897,1,7,,0,1,2,1,A01
202000041898,2,7,,0,2,1,15,A01
202000041898,1,7,,0,2,3,1,B01
202000041899,3,7,,0,2,1,1,B01
202000041899,3,7,,0,2,1,15,A01
202000041900,1,3,,0,1,5,13,A01
202000041901,3,10,,0,1,0,0,A01
202000041902,1,7,,0,2,4,2,B01
202000041902,1,30,,0,2,1,2,A01
202000041903,2,7,,0,1,2,1,A01
202000041904,1,7,,0,2,1,2,A01
202000041904,1,7,,0,2,4,0,B01
202000041905,1,7,,0,1,3,17,A01
202000041906,0,10,,0,2,8,1,B01
202000041906,0,7,,0,2,2,1,A01
202000041907,1,10,,0,2,3,13,A01
202000041907,2,10,,0,2,3,13,B01
202000041908,3,1,,0,2,7,9,B01
202000041908,3,7,,0,2,3,9,A01
202000041909,1,7,,0,1,1,26,A01
202000041910,2,7,,0,2,1,1,A01
202000041910,2,7,,8,2,7,15,B01
202000041911,0,99,,0,0,0,0,A01
202000041911,0,3,,0,0,1,9,Z01
202000041912,3,7,,0,2,1,26,A01
202000041912,3,7,,0,2,3,26,B01
202000041913,1,10,,0,2,1,1,D01
202000041913,2,7,,0,2,0,1,C01
202000041913,1,7,,0,2,0,1,B01
202000041913,2,7,,0,2,0,13,A01
202000041914,2,7,,0,1,2,1,A01
202000041915,3,7,,0,2,0,0,A01
202000041915,3,7,,0,2,0,0,B01
202000041916,3,7,,0,2,7,1,B01
202000041916,3,7,,0,2,1,1,A01
202000041917,0,17,,0,2,2,15,A01
202000041917,0,2,,0,2,1,1,B01
202000041918,3,80,,0,2,3,0,B01
202000041918,3,7,,0,2,3,1,A01
202000041919,1,7,,0,2,4,0,C01
202000041919,1,7,,0,2,0,0,B01
202000041919,1,7,,0,2,1,0,A01
202000041920,2,7,,0,1,1,1,A01
202000041921,1,7,,0,2,1,1,B01
202000041921,2,7,,0,2,1,5,A01
202000041922,3,99,,0,2,7,1,B01
202000041922,2,10,,0,2,8,9,A01
202000041923,3,7,,0,2,4,1,A01
202000041923,3,30,,0,2,1,1,B01
202000041924,2,10,,0,2,1,16,A01
202000041924,2,50,,0,2,1,1,B01
202000041925,1,7,,0,2,4,1,B01
202000041925,1,7,,0,2,1,1,A01
202000041926,1,7,,0,2,3,15,A01
202000041926,2,33,,0,2,8,1,B01
202000041927,2,33,,0,2,1,21,B01
202000041927,1,7,,0,2,2,15,A01
202000041928,1,7,,1,0,0,14,A01
202000041929,1,7,,0,2,4,1,C01
202000041929,1,7,,0,2,4,1,B01
202000041929,1,21,,0,2,1,1,A01
202000041930,1,7,,0,1,1,1,A01
202000041931,1,7,,0,1,3,15,A01
202000041932,3,7,,0,2,3,1,B01
202000041932,3,7,,0,2,8,1,A01
202000041933,3,7,,0,2,7,9,B01
202000041933,3,7,,0,2,1,9,A01
202000041934,3,7,,6,0,1,1,A01
202000041935,1,7,,0,2,7,23,A01
202000041935,1,7,,12,0,3,15,B01
202000041936,2,7,,0,1,1,15,A01
202000041937,1,7,,2,0,1,14,A01
202000041938,0,60,,0,1,1,21,A01
202000041939,0,7,,0,2,1,1,B01
202000041939,0,7,,0,2,1,15,A01
202000041940,2,30,,0,2,1,1,B01
202000041940,2,7,,0,2,3,15,A01
202000041941,3,1,,0,2,6,2,B01
202000041941,3,7,,0,2,2,2,A01
202000041942,0,10,,0,1,3,15,A01
202000041943,2,7,,0,2,1,1,A01
202000041943,1,7,,0,0,4,1,B01
202000041944,1,7,,0,2,4,12,B01
202000041944,1,7,,0,2,1,11,A01
202000041945,3,10,,9,0,1,26,A01
202000041946,1,7,,0,2,4,2,B01
202000041946,1,7,,14,2,1,21,A01
202000041947,1,7,,12,2,4,13,A01
202000041947,2,7,,0,2,1,1,B01
202000041948,1,10,,0,4,8,26,A01
202000041948,2,40,,0,2,1,1,B01
202000041949,2,7,,0,1,1,1,Z01
202000041950,2,7,,0,2,1,1,C01
202000041950,2,7,,0,2,1,1,B01
202000041950,1,7,,0,2,1,13,A01
202000041951,1,7,,12,0,1,15,A01
202000041952,1,10,,0,2,3,1,B01
202000041952,1,7,,0,2,2,15,A01
202000041953,3,7,,1,0,0,1,A01
202000041954,1,7,,0,2,1,1,B01
202000041954,1,7,,0,2,8,16,A01
202000041955,2,33,,8,0,1,1,A01
202000041956,1,3,,12,0,2,16,A01
202000041957,2,7,,0,2,1,0,A01
202000041957,1,7,,0,2,3,1,C01
202000041957,2,7,,0,2,4,1,B01
202000041958,1,7,,0,1,2,1,A01
202000041959,2,7,,0,2,2,15,A01
202000041959,1,2,,0,2,8,1,B01
202000041960,0,7,,0,2,2,15,A01
202000041960,0,7,,0,2,1,1,B01
202000041961,1,7,,0,0,2,26,A01
202000041962,3,7,,0,2,1,1,C01
202000041962,3,7,,0,2,3,1,B01
202000041962,3,7,,0,2,3,13,A01
202000041963,1,7,,0,2,2,1,B01
202000041963,1,7,,0,2,4,20,A01
202000041964,3,7,,0,1,1,1,A01
202000041965,1,7,,0,1,1,26,A01
202000041966,2,7,,0,2,4,1,B01
202000041966,2,7,,0,2,1,1,A01