Num_Acc,senc,catv,occutc,obs,obsm,choc,manv,num_veh
202000041967,2,7,,2,0,9,26,A01
202000041968,3,7,,0,2,1,5,A01
202000041968,3,30,,0,2,1,1,B01
202000041969,2,30,,0,2,1,1,B01
202000041969,2,7,,0,2,2,15,A01
202000041970,0,7,,0,2,4,1,A01
202000041970,0,7,,0,2,1,1,B01
202000041971,3,7,,0,2,8,11,A01
202000041971,3,2,,0,2,7,1,B01
202000041972,1,34,,0,0,0,1,A01
202000041973,1,7,,0,2,3,13,B01
202000041973,2,7,,0,2,3,1,A01
202000041974,3,2,,0,2,1,5,A01
202000041974,3,7,,0,2,2,1,B01
202000041975,2,7,,0,2,0,9,A01
202000041975,2,34,,0,2,7,12,B01
202000041976,1,1,,1,0,7,1,A01
202000041977,2,7,,0,2,7,16,A01
202000041977,2,30,,0,2,1,1,B01
202000041978,3,7,,0,1,2,20,A01
202000041979,2,7,,0,2,6,0,A01
202000041979,2,7,,14,2,2,2,B01
202000041980,2,7,,0,2,4,1,D01
202000041980,2,7,,0,2,4,1,B01
202000041980,2,7,,0,2,1,1,A01
202000041980,2,7,,0,2,4,1,C01
202000041981,2,3,,0,2,1,9,A01
202000041981,2,33,,0,2,7,1,B01
202000041982,1,10,,0,2,1,1,A01
202000041982,1,7,,0,2,4,1,B01
202000041983,1,7,,0,1,4,4,Z01
202000041984,1,33,,0,2,1,17,B01
202000041984,1,7,,0,2,6,15,A01
202000041985,1,10,,0,2,1,1,A01
202000041985,1,10,,0,2,4,1,B01
202000041985,1,10,,0,2,4,1,C01
202000041986,1,10,,0,2,1,2,B01
202000041986,1,7,,0,2,1,1,A01
202000041986,2,50,,0,2,8,5,Y01
202000041987,1,30,,0,2,4,1,B01
202000041987,1,7,,0,0,1,0,A01
202000041988,3,7,,0,2,3,1,B01
202000041988,3,34,,0,2,1,17,A01
202000041988,0,7,,0,2,3,1,C01
202000041989,2,7,,0,1,2,13,Z01
202000041990,1,7,,0,0,0,0,C01
202000041990,2,7,,0,2,1,1,A01
202000041990,1,7,,0,2,7,1,B01
202000041991,0,7,,1,2,3,1,A01
202000041991,0,7,,0,2,2,1,B01
202000041992,1,10,,0,2,1,13,A01
202000041992,2,15,,0,2,1,21,B01
202000041993,1,33,,0,2,8,18,B01
202000041993,1,7,,0,2,7,22,A01
202000041994,2,7,,2,0,1,13,A01
202000041995,2,7,,0,2,3,9,A01
202000041995,2,1,,0,2,0,1,B01
202000041996,2,7,,0,1,1,1,A01
202000041997,1,34,,8,2,7,11,A01
202000041997,1,33,,0,2,8,1,B01
202000041998,1,32,,0,2,2,5,A01
202000041998,1,7,,0,2,3,13,B01
202000041999,1,7,,0,2,3,10,Z01
202000041999,2,32,,0,2,6,17,A01
202000042000,2,60,,0,1,1,8,A01
202000042001,2,7,,0,2,2,15,A01
202000042001,1,2,,0,2,1,1,B01
202000042002,3,1,,0,2,7,1,B01
202000042002,3,7,,0,2,3,1,A01
202000042003,2,1,,8,0,1,25,A01
202000042004,1,33,,0,2,8,1,B01
202000042004,2,7,,0,2,3,16,A01
202000042005,1,7,,0,2,2,15,A01
202000042005,1,7,,0,2,3,0,B01
202000042006,1,7,,0,2,2,15,A01
202000042006,2,7,,0,2,3,1,B01
202000042007,3,7,,3,0,1,1,A01
202000042008,0,7,,0,2,3,23,B01
202000042008,3,7,,0,2,1,16,A01
202000042009,-1,7,,0,1,1,1,A01
202000042010,3,7,,0,2,1,9,A01
202000042010,3,33,,0,2,4,2,B01
202000042010,0,7,,0,2,7,2,C01
202000042011,3,7,,0,1,4,20,A01
202000042012,1,7,,0,2,1,11,A01
202000042012,1,33,,0,2,1,1,B01
202000042013,2,31,,0,2,7,1,B01
202000042013,1,7,,0,2,5,15,A01
202000042014,2,30,,0,0,0,26,A01
202000042015,2,32,,0,2,5,10,A01
202000042015,2,43,,0,2,1,1,B01
202000042016,2,50,,0,2,1,1,B01
202000042016,1,1,,0,2,7,15,A01
202000042017,2,10,,0,2,3,15,A01
202000042017,1,33,,0,2,3,1,B01
202000042018,2,7,,0,2,0,15,A01
202000042018,3,42,,0,2,7,14,B01
202000042018,1,7,,0,2,3,2,C01
202000042019,2,20,,0,2,0,0,B01
202000042019,2,32,,0,2,0,0,A01
202000042020,2,7,,1,0,0,26,A01
202000042020,1,7,,0,2,6,24,B01
202000042021,1,32,,0,2,7,7,A01
202000042021,1,7,,0,2,3,15,B01
202000042022,1,7,,13,0,1,0,A01
202000042023,1,7,,15,0,2,1,A01
202000042024,1,7,,0,2,1,1,B01
202000042024,1,7,,0,2,1,15,A01
202000042024,1,7,,0,2,3,1,C01
202000042025,1,7,,8,0,0,1,A01
202000042026,1,7,,0,1,2,1,A01
202000042027,2,33,,0,2,1,1,A01
202000042027,3,7,,0,2,3,19,B01
202000042028,1,7,,13,2,3,13,A01
202000042028,2,7,,0,0,6,1,B01
202000042029,1,33,,0,2,8,1,B01
202000042029,2,7,,0,2,1,15,A01
202000042030,1,7,,0,0,2,0,A01
202000042030,1,1,,0,0,4,1,B01
202000042031,2,7,,1,1,7,0,A01
202000042032,2,7,,0,2,7,1,B01
202000042032,1,10,,0,2,1,1,A01
202000042033,1,7,,0,2,1,1,A01
202000042033,2,7,,0,2,1,1,B01
202000042034,3,2,,0,2,7,1,A01
202000042034,3,7,,0,2,1,1,B01
202000042035,3,1,,0,2,7,17,B01
202000042035,3,7,,0,9,1,9,A01
202000042036,1,7,,0,2,3,1,B01
202000042036,2,1,,0,2,3,16,A01
202000042037,2,7,,0,2,3,15,A01
202000042037,1,1,,0,2,8,1,B01
202000042038,1,99,,0,0,0,1,A01
202000042039,2,7,,0,2,3,1,A01
202000042039,1,7,,0,2,3,1,B01
202000042040,3,10,,0,2,3,1,B01
202000042040,3,7,,0,2,3,1,A01
202000042041,1,7,,2,0,1,1,A01
202000042042,1,7,,0,0,2,2,A01
202000042042,1,1,,0,0,4,2,B01
202000042043,1,2,,0,0,8,15,A01
202000042044,3,33,,0,0,0,1,A01
202000042045,1,7,,8,0,3,1,B01
202000042045,2,7,,3,0,2,13,A01
202000042046,2,7,,13,9,1,1,A01
202000042047,2,7,,2,0,0,13,A01
202000042048,0,21,,0,0,0,26,A01
202000042049,1,32,,0,2,6,2,A01
202000042049,1,7,,0,2,2,2,B01
202000042050,1,10,,0,2,1,1,A01
202000042050,2,10,,0,2,3,1,B01
202000042051,0,7,,0,0,4,1,A01
202000042051,0,7,,0,2,1,1,B01
202000042052,2,7,,0,2,3,1,B01
202000042052,1,33,,0,2,1,1,A01
202000042053,1,7,,2,0,0,13,A01
202000042054,3,2,,6,0,2,16,A01
202000042055,1,7,,0,2,2,2,C01
202000042055,1,1,,0,2,4,1,B01
202000042055,1,1,,0,2,4,2,A01
202000042056,2,7,,0,0,0,1,A01
202000042057,2,7,,0,2,1,1,B01
202000042057,2,7,,0,2,6,19,A01
202000042058,3,7,,0,2,8,19,A01
202000042058,2,7,,0,2,1,1,B01
202000042059,2,7,,2,0,2,1,A01
202000042060,1,7,,8,0,8,1,A01
202000042061,1,1,,2,0,3,1,A01
202000042062,1,1,,0,2,3,1,B01
202000042062,2,7,,0,9,3,1,A01
202000042063,2,2,,0,9,1,2,A01
202000042063,2,1,,0,2,4,2,B01
202000042064,2,7,,13,0,1,1,A01
202000042065,3,7,,4,1,2,1,A01
202000042066,2,80,,0,2,3,1,B01
202000042066,2,7,,0,0,7,16,A01
202000042067,1,7,,2,2,3,13,A01
202000042067,2,15,,0,2,6,1,D01
202000042067,2,1,,0,2,8,1,C01
202000042067,2,1,,0,2,0,1,B01
202000042068,2,2,,0,0,0,2,A01
202000042069,1,7,,0,2,1,0,A01
202000042069,1,7,,0,2,1,0,B01
202000042070,1,7,,0,1,2,14,A01
202000042071,0,7,,8,0,1,1,A01
202000042072,2,7,,0,2,3,21,A01
202000042072,1,33,,0,2,1,13,B01
202000042073,1,7,,13,0,2,14,A01
202000042074,1,7,,0,2,2,5,A01
202000042074,2,7,,0,2,2,1,B01
202000042075,2,7,,0,2,1,1,B01
202000042075,1,7,,0,2,1,13,A01
202000042076,3,36,,13,0,0,1,A01
202000042077,2,31,,0,2,1,1,B01
202000042077,1,7,,0,2,2,13,A01
202000042078,1,7,,6,0,1,13,A01
202000042079,0,1,,0,2,8,1,B01
202000042079,0,7,,0,9,1,15,A01
202000042080,1,7,,6,0,8,0,A01
202000042081,1,7,,0,2,3,1,A01
202000042081,1,7,,16,2,3,1,B01
202000042082,2,7,,0,2,3,14,B01
202000042082,1,7,,0,2,3,13,A01
202000042083,2,7,,4,2,1,1,B01
202000042083,1,7,,0,2,3,13,A01
202000042084,1,7,,0,2,2,1,A01
202000042084,2,7,,0,2,1,1,B01
202000042085,1,7,,0,2,3,15,A01
202000042085,2,2,,0,2,0,1,B01
202000042086,2,13,,0,2,1,13,A01
202000042086,1,15,,0,2,1,1,B01
202000042087,2,7,,6,2,3,1,B01
202000042087,1,7,,0,2,3,13,A01
202000042088,1,7,,0,2,7,17,A01
202000042088,1,1,,0,2,8,1,B01
202000042089,1,7,,0,1,1,1,A01
202000042090,2,7,,4,0,3,26,A01
202000042091,2,7,,0,2,4,2,B01
202000042091,2,7,,0,2,1,1,A01
202000042091,2,7,,0,2,4,2,C01
202000042092,2,7,,0,2,1,1,A01
202000042092,2,10,,0,2,0,2,B01
202000042093,1,7,,0,2,4,4,A01
202000042093,1,17,,0,2,1,1,B01
202000042094,2,7,,4,0,4,0,C01
202000042094,2,7,,1,2,2,12,B01
202000042094,2,33,,4,0,1,3,A01
202000042095,1,7,,3,2,2,2,A01
202000042095,1,7,,0,2,3,1,B01
202000042096,2,7,,0,2,1,2,A01
202000042096,2,7,,3,2,4,2,B01
202000042096,2,7,,4,2,5,2,C01
202000042097,2,7,,0,2,4,2,B01
202000042097,2,10,,0,2,1,2,A01
202000042098,2,14,,1,0,1,14,A01
202000042098,2,7,,0,2,4,23,B01
202000042099,1,7,,0,2,1,13,A01
202000042099,2,7,,4,0,1,21,C01
202000042099,1,7,,0,2,1,1,B01
202000042100,2,7,,0,2,4,1,B01
202000042100,2,7,,0,2,1,1,A01
202000042101,2,7,,0,2,1,1,A01
202000042101,2,7,,0,2,4,1,C01
202000042101,2,7,,0,2,5,1,B01
202000042101,2,7,,0,2,3,21,E01
202000042101,2,7,,0,2,4,1,D01
202000042102,1,7,,0,2,9,11,A01
202000042103,2,1,,0,1,8,1,A01
202000042104,0,13,,0,2,2,12,A01
202000042104,3,7,,0,2,3,1,B01
202000042105,3,80,,14,0,1,1,A01
202000042106,2,7,,0,1,2,0,A01
202000042107,1,40,,0,2,1,1,B01
202000042107,2,1,,0,4,1,1,A01
202000042108,1,7,,0,2,5,23,B01
202000042108,1,33,,14,2,1,14,A01
202000042109,2,7,,4,0,3,13,A01
202000042110,1,34,,0,2,3,1,B01
202000042110,1,7,,0,2,3,15,A01
202000042111,1,7,,0,2,2,1,A01
202000042111,1,7,,0,2,7,1,B01
202000042111,2,7,,0,2,3,15,C01
202000042112,1,1,,0,1,1,26,A01
202000042113,1,33,,0,2,1,1,B01
202000042113,1,7,,0,2,8,10,A01
202000042114,3,7,,1,1,3,16,A01
202000042114,3,0,,1,2,3,16,B01
202000042115,3,10,,0,2,3,13,A01
202000042115,3,10,,0,2,3,1,B01
202000042116,1,2,,0,2,7,1,B01
202000042116,1,7,,0,2,1,9,A01
202000042117,3,7,,0,2,3,15,A01
202000042117,3,7,,0,2,7,1,B01
202000042118,0,7,,0,2,4,2,B01
202000042118,0,3,,0,2,1,2,A01
202000042119,0,1,,0,2,1,5,A01
202000042119,0,7,,0,2,2,0,B01
202000042120,1,1,,0,2,1,1,B01
202000042120,1,7,,0,2,1,15,A01
202000042121,1,33,,0,2,1,1,A01
202000042121,1,7,,0,0,0,0,B01
202000042122,1,7,,0,1,0,1,Z01
202000042123,1,7,,0,2,2,9,A01
202000042123,1,7,,0,2,3,2,B01
202000042124,3,1,,0,2,2,0,B01
202000042124,2,13,,0,2,7,26,A01
202000042125,1,7,,1,0,3,13,A01
202000042126,3,1,,0,2,1,1,A01
202000042126,1,7,,0,2,1,1,B01
202000042127,2,7,,0,9,7,1,A01
202000042127,2,1,,0,2,1,1,B01
202000042128,1,7,,0,2,2,26,A01
202000042128,1,7,,0,2,8,1,B01
202000042129,2,7,,0,2,1,1,B01
202000042129,2,7,,0,2,7,1,A01
202000042130,3,1,,0,2,8,1,B01
202000042130,3,7,,0,2,3,13,A01
202000042131,2,7,,1,2,8,24,A01
202000042131,2,1,,1,0,1,24,B01
202000042132,0,33,,0,0,8,1,A01
202000042133,3,1,,0,1,1,5,A01
202000042134,0,7,,0,2,3,10,A01
202000042134,0,32,,0,0,0,0,B01
202000042135,0,1,,0,0,0,0,B01
202000042135,0,7,,0,1,2,26,A01
202000042136,3,7,,9,0,2,19,A01
202000042136,2,33,,0,2,1,1,B01
202000042137,3,30,,0,2,7,19,A01
202000042137,3,7,,0,2,1,1,B01
202000042138,1,1,,0,2,1,1,B01
202000042138,2,7,,0,2,2,1,A01
202000042139,3,7,,9,2,3,5,A01
202000042139,1,7,,0,2,8,1,B01
202000042140,2,7,,0,0,0,1,A01
202000042141,1,7,,0,2,3,15,A01
202000042141,1,2,,0,2,1,1,B01
202000042142,1,7,,0,2,2,15,A01
202000042142,2,31,,0,2,1,18,B01
202000042143,3,50,,0,0,0,0,A01
202000042144,2,7,,0,2,1,1,B01
202000042144,2,7,,0,0,4,16,A01
202000042144,2,7,,0,2,1,1,C01
202000042145,3,7,,0,9,2,1,A01
202000042145,3,1,,0,2,2,26,B01
202000042146,3,7,,0,1,1,26,A01
202000042147,1,7,,0,2,1,1,A01
202000042147,2,10,,0,2,1,1,B01
202000042148,2,33,,0,2,8,1,B01
202000042148,2,7,,0,2,2,16,A01
202000042149,1,7,,0,2,4,1,C01
202000042149,1,7,,0,2,1,1,A01
202000042149,1,7,,0,2,4,1,B01
202000042150,1,7,,0,2,1,1,A01
202000042150,1,7,,0,2,4,1,B01
202000042151,1,14,,0,2,5,1,A01
202000042151,1,32,,0,2,5,2,B01
202000042152,1,31,,0,2,1,23,C01
202000042152,1,7,,0,2,8,23,B01
202000042153,1,30,,0,2,1,21,A01
202000042153,1,14,,0,2,3,1,B01
202000042154,3,33,,0,2,1,17,A01
202000042154,3,7,,0,2,8,15,B01
202000042155,3,31,,0,2,1,1,A01
202000042155,3,10,,0,2,2,15,B01
202000042156,2,7,,0,2,3,13,A01
202000042156,1,7,,0,2,3,1,B01
202000042157,2,7,,0,2,1,2,A01
202000042157,2,7,,0,2,4,2,C01
202000042157,2,7,,0,2,1,2,B01
202000042158,2,7,,0,1,2,1,A01
202000042159,1,10,,0,1,3,15,A01
202000042160,1,2,,0,2,0,13,B01
202000042160,1,7,,0,2,0,26,A01
202000042161,2,7,,0,2,8,15,B01
202000042161,1,7,,0,2,0,0,Z01
202000042162,3,7,,0,2,1,9,A01
202000042162,3,2,,0,2,1,1,B01
202000042163,1,7,,12,0,1,9,A01
202000042164,0,7,,0,2,2,15,B01
202000042164,1,30,,0,2,1,19,A01
202000042165,0,7,,0,1,2,16,A01
202000042166,0,7,,0,2,4,1,C01
202000042166,0,7,,0,2,1,1,A01
202000042166,0,7,,0,2,9,1,B01
202000042167,0,7,,0,2,4,1,B01
202000042167,0,10,,0,2,1,1,A01
202000042168,3,7,,0,2,6,23,C01
202000042168,3,7,,0,2,3,15,A01
202000042168,3,33,,0,2,5,1,B01
202000042169,2,1,,0,2,3,2,B01
202000042169,2,7,,0,9,2,2,A01
202000042170,2,7,,0,1,1,6,A01
202000042171,1,7,,0,2,2,1,B01
202000042171,2,7,,0,2,1,19,A01
202000042172,1,10,,0,1,7,1,A01
202000042173,0,1,,0,2,0,0,B01
202000042173,0,7,,0,9,1,15,A01
202000042174,2,7,,0,2,4,2,Z01
202000042174,2,7,,0,2,9,2,C01
202000042174,2,7,,0,2,1,2,D01
202000042174,2,7,,0,2,9,2,B01
202000042175,1,7,,0,2,8,6,A01
202000042175,1,7,,0,2,7,1,B01
202000042176,2,7,,0,2,1,0,B01
202000042176,1,2,,0,2,0,13,A01
202000042177,1,7,,0,1,1,1,A01
202000042178,2,30,,0,2,1,2,A01
202000042178,2,14,,0,2,4,2,B01
202000042179,1,7,,0,2,6,23,B01
202000042179,2,7,,1,0,1,5,A01
202000042180,2,7,,0,2,8,1,B01
202000042180,2,7,,0,2,1,26,A01
202000042181,1,7,,0,2,4,2,B01
202000042181,1,7,,0,2,1,2,C01
202000042181,1,7,,0,2,9,2,A01
202000042182,1,7,,0,2,7,1,B01
202000042182,1,7,,0,2,1,1,A01
202000042183,3,7,,0,2,1,11,B01
202000042183,3,10,,0,2,1,21,A01
202000042184,1,7,,0,1,3,13,Z01
202000042185,1,40,,0,2,3,1,B01
202000042185,1,7,,0,4,2,16,A01
202000042186,1,7,,0,1,0,1,Z01
202000042187,1,7,,0,1,7,1,A01
202000042188,1,7,,0,2,3,9,A01
202000042188,1,7,,0,2,1,1,B01
202000042189,1,7,,0,1,2,16,A01
202000042190,1,7,,0,2,3,13,A01
202000042190,2,7,,0,2,3,1,B01
202000042191,2,7,,0,2,1,1,A01
202000042191,1,1,,0,2,1,1,B01
202000042192,2,7,,8,1,1,20,A01
202000042193,1,7,,0,2,2,13,A01
202000042193,2,2,,0,2,3,1,B01
202000042194,1,7,,0,2,3,23,B01
202000042194,1,7,,0,2,1,15,A01
202000042195,2,7,,0,2,2,9,A01
202000042195,1,1,,0,2,4,1,B01
202000042196,1,7,,0,2,8,15,A01
202000042196,1,2,,0,2,1,17,B01
202000042197,1,7,,0,1,2,21,A01
202000042198,1,7,,0,2,4,1,B01
202000042198,1,32,,0,2,1,1,A01
202000042199,1,10,,0,1,0,0,Z01
202000042200,1,2,,0,2,7,1,B01
202000042200,2,7,,0,2,3,26,A01
202000042201,1,34,,0,2,4,2,B01
202000042201,1,15,,0,2,1,15,A01
202000042202,1,7,,0,2,4,1,B01
202000042202,1,7,,0,2,4,1,C01
202000042202,1,7,,0,2,1,1,A01
202000042203,2,7,,0,1,2,1,A01
202000042204,3,33,,0,0,3,15,A01
202000042205,3,7,,0,2,6,9,B01
202000042205,3,2,,0,2,1,17,A01
202000042206,3,7,,0,2,8,15,B01
202000042206,3,34,,0,2,1,2,A01
202000042207,1,32,,0,2,1,1,B01
202000042207,2,7,,0,2,8,9,A01
202000042207,3,7,,1,0,0,0,W01
202000042208,2,1,,0,2,5,1,B01
202000042208,2,7,,0,2,1,1,A01
202000042209,2,33,,0,2,1,21,A01
202000042209,2,7,,0,2,5,1,B01
202000042210,3,7,,0,2,3,11,A01
202000042210,3,2,,0,2,7,1,B01
202000042211,1,7,,0,2,7,17,B01
202000042211,1,2,,0,2,8,2,A01
202000042212,1,30,,0,0,0,15,A01
202000042213,2,80,,0,1,1,1,A01
202000042214,2,1,,0,2,2,1,B01
202000042214,2,10,,0,2,2,9,A01
202000042215,2,10,,0,2,7,16,B01
202000042215,2,31,,0,2,1,18,A01
202000042216,2,7,,0,2,2,16,A01
202000042216,2,30,,0,2,6,18,B01
202000042217,2,34,,0,1,8,1,A01
202000042218,2,1,,0,2,7,1,B01
202000042218,1,7,,0,2,3,1,A01
202000042219,1,7,,0,2,3,15,A01
202000042219,2,2,,0,2,2,8,B01
202000042220,1,1,,0,2,8,15,A01
202000042220,1,32,,0,2,7,2,B01
202000042221,1,33,,1,0,1,1,A01
202000042222,1,34,,12,2,4,23,B01
202000042222,1,33,,0,2,1,1,A01
202000042223,2,30,,0,1,3,2,Z01
202000042224,0,7,,0,2,2,9,A01
202000042224,0,99,,0,2,7,1,B01
202000042225,2,32,,0,1,1,1,A01
202000042226,2,10,,0,2,5,12,A01
202000042226,2,7,,0,2,5,23,B01
202000042227,1,7,,8,0,1,1,A01
202000042228,1,32,,0,2,1,1,A01
202000042228,1,7,,0,2,3,15,B01
202000042229,1,7,,0,2,4,23,B01
202000042229,1,7,,0,2,1,13,A01
202000042230,1,1,,1,0,1,1,B01
202000042231,2,7,,0,2,2,15,A01
202000042231,1,7,,0,2,1,1,B01
202000042232,3,7,,0,2,1,2,A01
202000042232,3,7,,0,2,1,2,B01
202000042232,3,7,,0,2,4,2,C01
202000042233,1,7,,0,2,3,15,A01
202000042233,1,32,,0,2,1,0,B01
202000042234,3,32,,0,2,7,17,B01
202000042234,3,7,,0,2,3,15,A01
202000042235,2,10,,0,1,3,1,A01
202000042236,2,1,,0,2,2,1,A01
202000042236,2,7,,0,2,3,15,B01
202000042237,1,7,,0,2,3,15,A01
202000042237,1,32,,0,2,2,17,B01
202000042238,1,7,,0,2,3,20,B01
202000042238,1,31,,0,2,2,13,A01
202000042239,1,1,,1,0,0,0,B01
202000042239,1,10,,0,2,0,22,C01
202000042239,1,7,,0,2,3,26,A01
202000042240,1,10,,0,2,1,1,A01
202000042240,1,7,,0,2,4,1,B01
202000042241,1,33,,0,1,2,1,A01
202000042242,3,13,,0,1,3,1,A01
202000042243,1,7,,0,2,1,1,A01
202000042243,1,7,,0,2,4,1,B01
202000042244,2,7,,4,0,3,11,A01
202000042245,0,7,,0,2,1,1,B01
202000042245,3,2,,0,2,1,19,A01
202000042246,1,7,,6,0,1,13,A01
202000042247,1,7,,0,2,8,21,B01
202000042247,2,7,,0,2,3,26,C01
202000042247,1,7,,0,2,1,21,A01
202000042248,1,7,,0,2,1,1,C01
202000042248,2,7,,0,2,4,1,B01
202000042248,2,15,,0,2,1,2,A01
202000042249,2,7,,0,2,2,13,A01
202000042249,1,7,,0,2,1,1,B01
202000042250,2,15,,0,2,1,1,B01
202000042250,1,7,,0,2,1,13,A01
202000042251,2,33,,6,2,2,0,A01
202000042252,2,7,,0,2,1,13,A01
202000042252,1,7,,0,2,1,1,B01
202000042253,1,7,,0,2,1,1,B01
202000042253,2,7,,0,2,1,13,A01
202000042254,1,2,,0,2,8,16,B01
202000042254,1,7,,0,2,2,1,A01
202000042255,3,21,,0,2,4,26,A01
202000042255,3,1,,0,2,1,25,B01
202000042256,1,2,,0,2,1,1,B01
202000042256,2,7,,0,2,8,15,A01
202000042257,1,7,,8,0,1,1,A01
202000042258,0,7,,0,2,1,1,B01
202000042258,1,7,,0,2,8,19,A01
202000042259,2,31,,0,2,1,17,A01
202000042259,2,21,,0,0,6,1,B01
202000042260,2,36,,0,2,3,1,B01
202000042260,2,7,,0,2,2,1,A01
202000042261,0,10,,16,0,0,1,A01
202000042262,1,2,,0,2,1,1,C01
202000042262,2,7,,0,2,2,16,A01
202000042263,1,33,,7,0,1,1,A01
202000042264,1,7,,3,2,3,1,B01
202000042264,2,7,,0,2,3,13,A01
202000042265,1,7,,15,0,1,1,A01
202000042265,2,7,,0,2,1,1,B01
202000042266,1,7,,2,0,9,1,A01
202000042267,2,7,,0,2,3,1,B01
202000042267,1,7,,0,2,3,13,A01
202000042268,1,7,,0,1,1,1,A01
202000042269,1,15,,0,0,2,12,B01
202000042269,1,7,,0,0,6,1,A01
202000042270,1,7,,0,2,8,1,B01
202000042270,2,38,1.0,0,2,3,1,A01
202000042271,2,7,,8,0,2,14,A01
202000042272,1,7,,0,2,5,23,A01
202000042272,1,31,,0,2,1,18,B01
202000042273,2,7,,0,2,3,15,A01
202000042273,2,34,,0,2,1,1,B01
202000042274,1,7,,0,2,3,1,B01
202000042274,2,7,,0,2,3,13,A01
202000042274,2,7,,0,0,0,1,D01
202000042274,1,10,,3,0,8,1,C01
202000042275,1,7,,0,2,3,1,A01
202000042275,2,7,,0,2,3,1,B01
202000042276,2,33,,12,0,1,1,A01
202000042277,1,7,,0,2,2,1,B01
202000042277,2,7,,3,2,1,5,A01
202000042277,1,99,,0,2,1,1,C01
202000042278,2,7,,4,0,1,1,A01
202000042279,1,7,,0,2,4,2,C01
202000042279,1,7,,0,2,4,2,B01
202000042279,1,7,,0,2,1,2,A01
202000042280,1,7,,0,2,1,2,A01
202000042280,1,7,,0,2,1,2,B01
202000042280,1,7,,0,2,4,2,C01
202000042281,2,7,,4,0,3,21,A01
202000042282,1,7,,2,0,1,12,A01
202000042283,2,7,,0,2,3,11,A01
202000042283,2,34,,0,2,1,1,B01
202000042284,1,7,,0,2,1,0,A01
202000042284,1,14,,0,0,4,0,B01
202000042285,2,7,,0,2,4,1,B01
202000042285,2,7,,0,2,1,12,A01
202000042286,1,7,,0,2,2,1,A01
202000042286,1,17,,0,2,8,11,B01
202000042287,1,10,,0,1,1,1,A01
202000042288,1,33,,0,2,0,17,A01
202000042288,0,7,,0,2,1,15,B01
202000042289,1,7,,0,2,2,1,A01
202000042289,1,7,,0,2,3,16,B01
202000042290,2,7,,0,2,2,0,B01
202000042290,2,7,,0,0,0,11,A01
202000042291,1,7,,0,2,3,2,A01
202000042291,1,7,,0,2,3,26,B01
202000042291,1,7,,0,2,3,0,C01
202000042291,1,7,,0,2,6,2,D01
202000042292,2,33,,0,2,7,2,B01
202000042292,3,7,,0,2,1,16,A01
202000042293,3,10,,0,1,6,26,A01
202000042294,1,7,,0,2,8,9,A01
202000042294,2,7,,0,2,3,1,B01
202000042295,2,7,,0,2,8,15,B01
202000042295,2,30,,0,2,1,1,A01
202000042296,3,7,,0,0,1,1,B01
202000042296,3,30,,0,2,1,1,A01
202000042297,0,7,,0,2,1,2,A01
202000042297,1,2,,0,2,4,2,B01
202000042298,1,7,,0,2,4,23,B01
202000042298,1,14,,0,2,1,2,A01
202000042299,2,7,,0,2,8,13,A01
202000042299,2,7,,0,2,7,2,B01
202000042300,1,7,,0,2,1,2,A01
202000042300,1,7,,0,2,4,2,B01
202000042301,2,30,,0,2,0,17,A01
202000042301,2,7,,0,2,8,15,B01
202000042302,2,7,,0,2,1,1,B01
202000042302,2,7,,12,2,7,15,A01
202000042303,1,7,,0,2,3,1,B01
202000042303,1,32,,0,2,3,17,A01
202000042304,1,32,,0,2,1,17,B01
202000042304,1,7,,0,2,8,15,A01
202000042305,2,7,,0,1,2,1,A01
202000042306,1,2,,0,2,8,11,A01
202000042306,1,33,,0,2,1,1,B01
202000042306,2,7,,0,2,1,1,C01
202000042307,2,7,,0,1,3,5,A01
202000042308,1,7,,0,2,3,15,B01
202000042308,1,30,,0,2,1,17,A01
202000042309,2,30,,0,2,0,21,A01
202000042310,2,7,,0,2,4,2,B01
202000042310,2,7,,0,2,1,2,A01
202000042311,2,13,,0,2,2,1,A01
202000042311,2,1,,0,2,1,1,B01
202000042312,2,10,,8,0,1,17,A01
202000042313,3,10,,0,2,1,1,A01
202000042313,3,7,,0,2,8,1,B01
202000042314,1,33,,0,2,1,17,A01
202000042314,1,7,,0,2,4,26,B01
202000042315,1,31,,0,1,1,1,Z01
202000042316,1,10,,0,1,1,1,A01
202000042317,3,7,,0,2,2,1,A01
202000042317,3,2,,0,2,8,1,B01
202000042318,1,7,,0,2,4,2,B01
202000042318,1,7,,0,2,1,2,A01
202000042319,2,7,,0,1,1,16,A01
202000042320,2,37,1.0,0,1,1,1,A01
202000042321,2,7,,0,2,1,1,B01
202000042321,1,7,,0,2,3,16,A01
202000042322,2,7,,0,1,1,1,A01
202000042323,3,30,,0,2,3,14,A01
202000042323,3,7,,0,2,5,15,B01
202000042324,1,7,,0,2,8,15,B01
202000042324,1,7,,0,2,1,17,A01
202000042325,1,7,,2,0,2,13,A01
202000042326,1,50,,0,2,5,26,A01
202000042326,1,7,,0,2,1,9,B01
202000042327,1,7,,0,2,1,2,B01
202000042327,1,7,,0,2,4,2,C01
202000042327,1,7,,0,2,1,2,A01
202000042328,1,7,,0,2,2,0,B01
202000042328,1,7,,0,2,2,0,A01
202000042329,2,1,,0,2,0,0,B01
202000042329,1,7,,0,2,1,0,A01
202000042330,3,1,,0,2,7,1,B01