Num_Acc,senc,catv,occutc,obs,obsm,choc,manv,num_veh
202000042330,0,7,,0,2,1,9,A01
202000042331,3,7,,15,0,1,1,A01
202000042332,2,1,,0,1,1,1,A01
202000042333,1,7,,0,1,2,1,A01
202000042334,3,7,,0,1,2,1,A01
202000042335,2,7,,0,1,1,2,A01
202000042336,2,7,,0,1,1,1,A01
202000042337,2,17,,0,2,3,4,A01
202000042337,2,32,,0,2,1,1,B01
202000042338,0,1,,0,2,7,19,B01
202000042338,0,1,,0,2,7,19,C01
202000042338,2,7,,0,2,1,1,A01
202000042339,0,1,,0,4,6,19,A01
202000042339,0,40,,0,2,1,1,B01
202000042340,0,7,,0,2,4,1,B01
202000042340,0,7,,0,2,1,1,A01
202000042341,2,7,,0,1,1,1,A01
202000042342,1,3,,0,2,1,9,A01
202000042342,1,7,,14,0,4,1,B01
202000042343,1,2,,0,0,3,26,A01
202000042344,1,14,,0,9,1,9,A01
202000042344,1,1,,0,2,4,1,B01
202000042345,0,1,,0,2,8,16,B01
202000042345,0,7,,0,2,7,16,A01
202000042346,1,7,,0,1,1,1,A01
202000042347,1,7,,0,2,1,9,A01
202000042347,2,2,,0,2,1,17,B01
202000042348,1,7,,0,1,1,1,A01
202000042349,2,7,,0,2,3,13,A01
202000042349,1,7,,0,2,3,1,B01
202000042350,3,7,,0,2,5,16,A01
202000042350,3,34,,0,2,2,7,B01
202000042351,2,7,,0,2,8,15,B01
202000042351,2,10,,0,2,1,1,A01
202000042352,0,0,,0,2,0,11,B01
202000042352,2,7,,0,2,5,1,A01
202000042353,2,7,,0,2,4,2,A01
202000042353,2,34,,0,2,1,2,B01
202000042354,1,31,,16,0,7,0,A01
202000042355,1,7,,4,0,1,2,A01
202000042356,2,7,,0,2,2,1,B01
202000042356,2,33,,0,2,1,9,A01
202000042357,2,31,,0,2,1,3,B01
202000042357,2,7,,0,2,4,11,A01
202000042358,2,7,,0,2,4,2,C01
202000042358,2,17,,0,2,4,2,B01
202000042358,2,14,,0,2,1,2,A01
202000042359,2,33,,0,1,1,0,A01
202000042360,2,7,,0,2,3,11,A01
202000042360,2,34,,0,2,2,9,B01
202000042361,1,7,,1,0,7,12,A01
202000042361,1,15,,1,0,3,1,B01
202000042361,1,7,,1,0,0,0,C01
202000042362,2,10,,1,0,4,24,B01
202000042362,2,33,,1,0,1,9,A01
202000042363,2,7,,0,0,0,0,A01
202000042363,2,32,,0,2,0,26,B01
202000042364,2,7,,0,0,8,12,A01
202000042364,1,7,,0,2,0,26,B01
202000042365,1,10,,0,2,2,12,A01
202000042365,1,43,,0,2,8,0,B01
202000042366,2,7,,0,2,5,0,B01
202000042366,2,7,,0,2,3,2,A01
202000042367,1,7,,0,2,4,1,B01
202000042367,1,10,,0,2,1,2,A01
202000042368,2,7,,0,2,3,11,A01
202000042368,2,7,,4,2,4,1,B01
202000042369,2,7,,0,2,5,12,A01
202000042369,2,34,,0,2,3,3,B01
202000042370,2,33,,0,0,9,13,A01
202000042371,2,33,,0,2,3,2,A01
202000042371,2,7,,0,2,5,2,B01
202000042372,2,7,,4,0,1,1,A01
202000042373,1,33,,0,2,8,3,A01
202000042373,1,7,,0,2,7,12,B01
202000042374,2,33,,0,0,9,26,A01
202000042375,2,7,,0,2,7,1,C01
202000042375,2,17,,0,2,2,12,A01
202000042375,2,7,,0,2,4,11,B01
202000042376,0,7,,0,2,3,15,A01
202000042376,0,1,,0,0,0,0,B01
202000042377,1,7,,0,2,1,17,A01
202000042377,1,3,,4,2,4,1,B01
202000042378,1,7,,0,1,2,1,A01
202000042379,2,7,,0,2,3,1,B01
202000042379,2,7,,0,2,1,13,A01
202000042380,3,7,,0,1,3,16,A01
202000042381,1,31,,0,2,1,1,B01
202000042381,2,7,,15,0,6,15,A01
202000042382,0,7,,0,1,1,1,A01
202000042383,1,7,,0,2,2,15,A01
202000042383,1,7,,0,2,3,2,B01
202000042383,2,7,,0,2,5,0,C01
202000042384,0,1,,0,2,1,10,A01
202000042384,0,7,,0,2,2,1,B01
202000042385,1,7,,0,0,0,1,A01
202000042386,2,7,,0,2,3,15,B01
202000042386,1,2,,0,2,1,8,A01
202000042387,1,7,,0,2,3,2,A01
202000042387,1,50,,0,2,1,19,B01
202000042388,3,7,,0,1,3,15,A01
202000042389,1,7,,15,0,2,15,A01
202000042390,1,7,,0,2,1,26,B01
202000042390,1,7,,0,2,1,26,A01
202000042391,1,7,,0,2,2,2,B01
202000042391,2,7,,0,2,7,19,A01
202000042392,1,20,,0,2,1,1,A01
202000042392,1,32,,0,2,8,1,B01
202000042393,1,31,,0,2,8,18,A01
202000042393,1,7,,0,2,2,16,B01
202000042394,2,7,,0,2,4,15,B01
202000042394,2,7,,0,2,1,0,A01
202000042395,2,7,,0,2,1,2,A01
202000042395,2,7,,0,2,4,2,B01
202000042395,2,7,,0,2,4,1,C01
202000042396,2,30,,14,0,2,18,A01
202000042397,2,7,,0,1,1,1,A01
202000042398,3,7,,0,2,3,13,A01
202000042398,3,7,,0,2,3,1,B01
202000042399,1,7,,0,2,3,15,A01
202000042399,2,2,,0,2,1,1,B01
202000042400,1,30,,0,2,1,1,A01
202000042400,2,7,,0,2,1,15,B01
202000042401,2,50,,0,2,6,1,B01
202000042401,1,7,,0,2,6,15,A01
202000042402,1,7,,16,0,9,14,A01
202000042403,0,7,,0,1,3,15,A01
202000042404,1,7,,0,1,1,1,A01
202000042405,2,7,,0,1,2,16,A01
202000042406,1,37,1.0,0,1,2,26,A01
202000042407,0,7,,0,2,3,9,A01
202000042407,0,2,,0,2,5,9,B01
202000042408,2,7,,0,2,5,24,A01
202000042408,2,1,,0,2,1,2,B01
202000042408,1,7,,0,2,0,13,C01
202000042409,1,7,,0,2,4,2,B01
202000042409,1,7,,0,2,1,2,A01
202000042410,1,2,,12,0,4,2,A01
202000042411,1,10,,0,2,1,9,A01
202000042411,1,7,,0,2,3,9,B01
202000042412,3,7,,15,0,6,1,A01
202000042413,1,7,,12,1,2,16,A01
202000042414,1,7,,0,2,1,15,B01
202000042414,2,1,,0,2,2,1,A01
202000042415,1,7,,0,2,1,1,A01
202000042415,1,7,,0,2,2,1,B01
202000042416,1,7,,0,2,1,1,B01
202000042416,2,7,,0,2,2,15,A01
202000042417,2,7,,0,2,3,22,A01
202000042417,2,43,,0,2,1,1,B01
202000042418,3,7,,0,1,1,26,A01
202000042419,1,13,,0,2,0,17,B01
202000042419,1,1,,12,2,0,14,A01
202000042420,1,7,,0,2,4,0,B01
202000042420,1,33,,0,2,1,2,A01
202000042421,1,7,,0,2,2,15,A01
202000042421,2,2,,0,2,1,1,B01
202000042422,2,50,,14,0,1,13,A01
202000042423,3,7,,0,9,2,9,B01
202000042423,3,1,,0,2,8,26,A01
202000042424,3,7,,0,1,1,15,A01
202000042425,0,30,,0,0,2,1,A01
202000042426,1,7,,0,2,3,15,C01
202000042426,1,2,,0,2,4,2,B01
202000042426,1,7,,0,2,1,1,A01
202000042427,3,99,,0,1,1,1,A01
202000042428,0,7,,0,1,2,15,A01
202000042429,2,7,,0,2,1,2,A01
202000042429,2,7,,0,2,4,2,B01
202000042430,0,7,,0,2,3,1,B01
202000042430,0,50,,0,2,1,15,A01
202000042431,2,7,,0,2,8,23,C01
202000042431,2,7,,0,2,0,23,D01
202000042431,2,7,,0,2,9,1,B01
202000042431,2,7,,0,2,1,1,A01
202000042432,1,7,,1,0,1,16,A01
202000042433,2,7,,0,2,1,1,B01
202000042433,1,7,,0,2,1,13,A01
202000042434,3,33,,0,2,7,17,A01
202000042434,3,17,,0,0,8,15,B01
202000042435,3,32,,0,0,7,16,A01
202000042436,1,33,,0,2,3,18,A01
202000042436,1,7,,0,2,0,0,B01
202000042437,1,7,,0,2,5,9,A01
202000042437,2,7,,0,2,1,2,B01
202000042438,3,13,,0,1,8,16,A01
202000042439,2,1,,0,2,0,0,B01
202000042439,1,7,,0,2,3,1,A01
202000042440,2,7,,0,1,1,9,A01
202000042441,1,7,,0,1,1,19,A01
202000042442,1,7,,2,0,1,1,A01
202000042443,2,32,,0,2,1,1,A01
202000042443,2,7,,0,2,6,10,B01
202000042444,2,1,,0,2,0,0,B01
202000042444,1,7,,0,2,2,16,A01
202000042445,0,31,,0,2,7,1,B01
202000042445,0,7,,0,2,3,1,A01
202000042446,2,43,,0,2,8,1,A01
202000042446,2,10,,0,2,7,12,B01
202000042447,2,31,,0,2,1,1,B01
202000042447,2,15,,0,2,7,15,A01
202000042448,1,33,,0,2,0,17,A01
202000042448,3,7,,0,2,8,19,B01
202000042449,1,7,,0,2,4,23,B01
202000042449,1,7,,1,0,4,23,C01
202000042449,1,13,,0,2,1,26,A01
202000042450,1,7,,0,2,3,16,A01
202000042450,3,2,,0,2,8,1,B01
202000042451,1,7,,0,2,3,10,A01
202000042451,1,7,,0,2,1,1,B01
202000042452,1,30,,0,0,0,26,A01
202000042453,1,7,,12,2,2,1,B01
202000042453,1,7,,12,2,1,9,A01
202000042454,3,7,,0,2,2,19,A01
202000042454,3,10,,0,2,0,1,B01
202000042455,1,7,,0,1,3,17,A01
202000042456,1,7,,0,2,4,1,A01
202000042456,1,7,,0,2,1,1,B01
202000042457,1,7,,0,2,1,15,A01
202000042457,2,1,,0,2,4,1,B01
202000042458,0,7,,0,2,1,15,A01
202000042458,0,33,,0,2,1,1,B01
202000042459,1,7,,0,2,1,13,A01
202000042459,2,7,,0,2,8,1,B01
202000042460,1,10,,0,2,2,15,A01
202000042460,2,31,,0,2,1,19,B01
202000042461,2,7,,0,2,4,23,B01
202000042461,2,30,,0,2,1,1,A01
202000042462,2,37,1.0,0,2,2,1,A01
202000042462,2,34,,0,2,4,7,B01
202000042463,1,1,,0,2,1,1,B01
202000042463,1,7,,0,2,1,1,A01
202000042464,2,7,,0,2,3,15,A01
202000042464,1,33,,0,2,8,16,B01
202000042465,0,7,,0,2,1,1,A01
202000042465,0,1,,0,2,7,1,B01
202000042466,3,7,,0,2,8,15,A01
202000042466,1,7,,0,2,1,2,B01
202000042467,3,1,,0,2,0,21,A01
202000042468,3,33,,0,1,1,1,A01
202000042469,2,33,,14,0,1,1,A01
202000042470,3,38,1.0,0,2,3,1,B01
202000042470,3,7,,0,2,3,15,A01
202000042471,2,30,,0,2,8,18,B01
202000042471,2,33,,0,2,7,16,A01
202000042472,3,1,,0,9,1,1,A01
202000042472,3,50,,0,9,1,1,B01
202000042473,3,50,,0,9,0,0,B01
202000042473,3,1,,0,9,1,26,A01
202000042474,3,7,,0,2,1,9,A01
202000042474,3,7,,0,2,8,1,B01
202000042475,1,7,,0,2,1,16,A01
202000042475,2,33,,0,2,3,1,B01
202000042476,2,7,,0,2,1,19,A01
202000042476,2,99,,0,2,6,20,B01
202000042477,1,7,,0,2,2,26,D01
202000042477,1,7,,1,2,6,0,A01
202000042477,1,7,,0,2,6,1,B01
202000042478,1,31,,0,2,1,1,A01
202000042478,1,7,,0,2,5,9,B01
202000042479,2,7,,16,0,1,13,A01
202000042480,3,1,,0,2,7,1,B01
202000042480,3,10,,0,2,3,1,A01
202000042481,1,2,,0,2,3,21,A01
202000042481,2,1,,0,2,3,13,B01
202000042482,3,32,,0,2,1,1,B01
202000042482,1,10,,0,2,7,20,A01
202000042483,1,33,,0,2,1,1,B01
202000042483,2,7,,0,2,5,15,A01
202000042484,2,14,,0,2,1,1,B01
202000042484,1,7,,0,2,1,13,A01
202000042485,1,7,,0,1,1,9,A01
202000042486,1,7,,0,2,1,1,A01
202000042486,1,7,,0,2,7,0,B01
202000042487,0,7,,0,1,1,1,A01
202000042488,1,7,,0,2,8,17,A01
202000042488,2,10,,0,2,3,1,B01
202000042488,1,7,,0,2,3,1,C01
202000042489,1,7,,0,2,3,11,Z01
202000042489,1,32,,0,2,2,1,A01
202000042490,3,1,,0,0,0,0,B01
202000042490,3,7,,0,0,0,0,A01
202000042491,3,7,,0,2,3,15,B01
202000042491,1,7,,0,2,1,1,A01
202000042492,1,7,,0,1,2,1,A01
202000042493,2,30,,0,2,1,3,B01
202000042493,2,7,,0,2,7,1,C01
202000042493,2,7,,0,2,3,22,A01
202000042494,2,30,,0,0,3,15,A01
202000042495,2,33,,1,0,0,0,A01
202000042496,2,2,,4,0,1,1,A01
202000042497,1,7,,0,2,8,11,A01
202000042497,1,32,,0,2,2,3,B01
202000042498,3,7,,0,1,0,2,A01
202000042499,3,7,,13,0,2,0,A01
202000042500,2,34,,0,1,1,9,A01
202000042501,1,7,,0,2,6,2,B01
202000042501,1,7,,0,2,1,2,A01
202000042502,1,7,,13,0,1,0,A01
202000042503,1,7,,4,0,3,1,A01
202000042504,1,1,,0,2,1,1,B01
202000042504,1,7,,0,2,2,1,A01
202000042505,1,10,,0,2,4,2,C01
202000042505,1,7,,0,2,1,2,A01
202000042505,1,7,,0,2,4,2,B01
202000042506,3,7,,9,2,3,1,B01
202000042506,3,7,,0,2,3,26,A01
202000042507,1,7,,0,2,0,16,A01
202000042507,1,30,,0,2,1,1,B01
202000042508,1,7,,4,0,3,13,A01
202000042509,2,31,,0,0,8,1,A01
202000042510,1,31,,0,2,1,17,B01
202000042510,1,7,,0,2,8,10,A01
202000042511,2,7,,0,2,2,1,A01
202000042511,2,1,,0,2,0,0,B01
202000042512,2,31,,0,2,9,1,B01
202000042512,0,7,,0,2,1,19,A01
202000042513,1,30,,0,2,0,1,B01
202000042513,1,7,,0,2,5,16,A01
202000042514,1,7,,2,0,1,0,A01
202000042515,1,50,,0,2,0,1,A01
202000042515,1,10,,0,2,2,17,Z01
202000042516,0,7,,0,2,2,1,B01
202000042516,0,1,,0,2,1,25,A01
202000042517,2,33,,13,0,1,1,A01
202000042518,1,33,,0,2,1,18,A01
202000042518,1,7,,0,2,2,22,B01
202000042519,2,7,,0,2,7,1,B01
202000042519,2,7,,4,2,2,1,A01
202000042520,1,7,,0,2,4,1,C01
202000042520,1,7,,0,2,9,1,B01
202000042520,1,7,,0,2,1,1,A01
202000042520,1,7,,0,2,4,26,D01
202000042521,1,7,,0,2,4,23,D01
202000042521,1,10,,0,2,1,2,A01
202000042521,1,7,,0,2,4,23,B01
202000042521,1,7,,0,2,4,23,C01
202000042522,3,7,,2,0,1,1,A01
202000042523,1,10,,0,1,1,15,A01
202000042524,1,7,,0,1,1,1,A01
202000042525,1,7,,0,2,2,17,A01
202000042525,2,7,,0,2,1,1,B01
202000042526,1,37,1.0,0,2,1,1,A01
202000042526,2,7,,0,2,3,15,B01
202000042527,2,30,,0,2,8,1,A01
202000042527,1,7,,0,2,5,15,B01
202000042528,0,50,,0,2,0,0,B01
202000042528,0,10,,0,9,2,1,A01
202000042529,1,10,,0,1,1,1,A01
202000042530,2,30,,0,0,0,0,A01
202000042531,1,2,,0,2,3,13,A01
202000042531,2,7,,0,2,1,1,B01
202000042532,2,7,,7,1,1,13,A01
202000042533,1,33,,0,2,3,1,A01
202000042533,2,14,,0,2,3,1,B01
202000042534,1,10,,0,1,1,1,A01
202000042535,1,7,,0,2,3,13,A01
202000042535,1,50,,0,2,2,7,B01
202000042536,2,33,,0,0,0,1,A01
202000042537,2,7,,0,2,2,12,Z01
202000042537,2,30,,0,2,3,1,A01
202000042538,1,17,,2,0,3,13,A01
202000042539,2,33,,16,0,1,1,A01
202000042540,1,32,,0,2,0,3,A01
202000042540,1,7,,0,2,0,11,B01
202000042541,1,33,,16,0,3,17,A01
202000042542,2,1,,0,1,2,1,A01
202000042543,1,10,,0,2,1,15,A01
202000042543,2,30,,0,2,3,1,B01
202000042544,1,2,,0,2,1,1,B01
202000042544,2,2,,0,2,1,13,A01
202000042545,1,50,,0,2,3,18,B01
202000042545,1,7,,0,2,6,1,A01
202000042546,1,1,,1,0,1,1,A01
202000042547,1,7,,13,0,1,1,A01
202000042548,1,10,,0,1,7,16,A01
202000042549,2,33,,2,0,2,1,A01
202000042550,2,30,,0,2,4,9,Z01
202000042550,2,34,,0,2,1,1,A01
202000042551,1,2,,0,2,4,1,B01
202000042551,1,15,,0,2,2,1,A01
202000042552,1,10,,2,0,1,1,A01
202000042553,3,7,,0,1,4,4,Z01
202000042554,1,7,,0,2,2,1,A01
202000042554,1,32,,0,2,6,15,B01
202000042555,3,7,,0,1,3,1,A01
202000042556,3,7,,8,0,2,1,A01
202000042557,1,7,,0,2,7,15,Z01
202000042557,1,1,,0,2,7,1,A01
202000042558,2,7,,5,0,3,1,A01
202000042559,1,34,,0,2,4,2,B01
202000042559,1,3,,0,2,4,2,A01
202000042560,3,50,,0,0,0,1,A01
202000042561,1,10,,0,2,4,26,A01
202000042561,1,31,,0,2,1,23,B01
202000042562,1,7,,0,1,4,20,A01
202000042563,1,1,,1,0,1,14,A01
202000042563,1,7,,0,0,4,24,B01
202000042564,1,7,,0,0,3,13,A01
202000042565,2,7,,9,1,1,1,Z01
202000042566,1,7,,2,0,1,1,A01
202000042567,3,7,,0,2,1,2,Z01
202000042567,3,7,,0,2,4,23,A01
202000042568,2,1,,0,2,1,0,B01
202000042568,2,10,,0,2,2,0,A01
202000042569,1,7,,0,1,1,15,A01
202000042570,1,14,,0,2,1,2,B01
202000042570,1,14,,0,0,4,26,A01
202000042571,2,7,,0,1,1,26,A01
202000042572,3,7,,13,0,0,20,A01
202000042573,1,7,,0,2,6,21,B01
202000042573,2,7,,0,2,3,13,A01
202000042574,2,7,,0,2,7,1,B01
202000042574,2,2,,1,2,3,18,A01
202000042575,3,7,,0,2,3,9,A01
202000042575,3,7,,0,9,2,17,B01
202000042576,3,7,,0,2,8,15,B01
202000042576,3,33,,0,2,1,17,A01
202000042577,2,7,,0,0,0,1,A01
202000042578,-1,10,,0,2,4,2,B01
202000042578,-1,10,,0,2,1,2,A01
202000042579,1,7,,0,2,1,9,A01
202000042579,2,2,,0,2,7,15,B01
202000042580,1,31,,0,2,2,16,B01
202000042580,1,32,,0,2,1,1,A01
202000042581,1,33,,10,0,7,1,A01
202000042582,2,7,,0,1,1,9,A01
202000042583,2,7,,4,2,8,1,B01
202000042583,2,15,,0,2,2,14,A01
202000042584,1,7,,13,0,1,0,A01
202000042585,2,2,,13,0,1,1,A01
202000042586,1,1,,0,2,8,1,B01
202000042586,1,7,,0,6,2,12,A01
202000042587,1,33,,0,2,1,3,A01
202000042587,1,7,,0,2,6,1,C01
202000042587,1,7,,0,2,7,12,B01
202000042588,0,7,,0,1,1,1,Z01
202000042589,2,7,,0,0,8,0,C01
202000042589,2,7,,0,0,7,1,B01
202000042589,1,7,,0,0,2,1,A01
202000042590,2,7,,0,2,5,26,A01
202000042590,2,10,,0,2,1,2,B01
202000042591,3,17,,0,1,0,15,A01
202000042592,0,1,,0,0,0,0,A01
202000042593,2,2,,0,2,5,2,A01
202000042593,1,7,,0,2,0,15,B01
202000042594,1,37,1.0,0,2,3,1,A01
202000042594,3,2,,0,2,1,0,B01
202000042595,3,33,,0,6,1,1,A01
202000042596,3,10,,0,2,1,1,A01
202000042596,3,7,,0,2,7,1,B01
202000042597,0,7,,0,1,1,1,A01
202000042598,1,7,,13,0,1,1,A01
202000042599,1,7,,0,2,2,15,A01
202000042599,2,30,,0,2,1,1,B01
202000042600,1,7,,0,2,4,23,A01
202000042600,1,7,,0,2,1,2,B01
202000042601,2,7,,4,0,0,3,A01
202000042602,2,80,,0,1,1,1,A01
202000042603,3,7,,0,1,1,19,A01
202000042604,0,7,,0,2,1,15,A01
202000042604,0,2,,0,2,1,1,B01
202000042605,2,1,,0,2,1,1,B01
202000042605,2,7,,0,2,7,16,A01
202000042606,2,32,,0,0,7,9,A01
202000042607,3,7,,0,0,0,1,B01
202000042607,3,33,,2,0,0,1,A01
202000042608,2,43,,0,2,8,1,B01
202000042608,1,7,,0,2,1,15,A01
202000042609,2,7,,0,2,1,13,A01
202000042609,1,7,,0,2,1,1,B01
202000042609,1,7,,0,2,1,1,C01
202000042610,1,50,,0,2,0,1,A01
202000042610,2,7,,0,2,3,1,B01
202000042611,2,31,,0,2,1,1,B01
202000042611,2,7,,0,2,3,9,A01
202000042612,2,60,,12,0,1,14,A01
202000042613,2,7,,0,2,3,2,D01
202000042613,2,7,,0,2,2,2,C01
202000042613,2,7,,0,2,2,14,A01
202000042613,2,15,,0,0,3,1,B01
202000042614,2,1,,0,0,7,1,A01
202000042615,1,7,,0,2,3,1,A01
202000042615,2,7,,0,2,1,1,B01
202000042616,2,7,,0,2,3,1,B01
202000042616,1,31,,0,2,3,13,A01
202000042617,1,33,,0,2,1,1,B01
202000042617,2,7,,0,2,7,10,A01
202000042618,0,80,,0,0,0,0,A01
202000042619,2,7,,0,1,2,1,A01
202000042620,1,33,,0,2,1,3,A01
202000042620,1,7,,0,2,5,1,B01
202000042620,1,7,,0,2,6,1,C01
202000042621,1,10,,0,1,2,2,A01
202000042622,1,10,,0,2,2,9,A01
202000042622,1,2,,0,2,6,1,B01
202000042623,2,7,,8,0,1,11,A01
202000042624,3,32,,14,0,1,1,A01
202000042625,1,33,,0,2,1,1,B01
202000042625,1,7,,0,2,3,9,A01
202000042626,1,10,,0,2,3,1,B01
202000042626,2,43,,0,2,1,13,A01
202000042627,1,7,,0,1,3,15,A01
202000042628,2,15,,0,2,3,21,C01
202000042628,1,21,,0,2,6,1,B01
202000042628,2,33,,0,2,8,2,A01
202000042629,2,7,,3,2,1,11,A01
202000042629,1,7,,0,2,1,1,B01
202000042630,2,30,,0,0,8,1,B01
202000042630,1,7,,0,2,2,15,A01
202000042631,0,1,,0,2,2,19,A01
202000042631,0,7,,0,9,3,1,B01
202000042632,1,1,,0,2,1,1,A01
202000042633,1,32,,0,2,1,1,B01
202000042633,2,7,,0,2,3,15,A01
202000042634,1,15,,0,0,7,2,A01
202000042635,2,7,,0,2,1,9,A01
202000042635,2,7,,0,2,1,1,B01
202000042636,2,7,,0,2,7,21,A01
202000042636,2,34,,0,2,1,1,B01
202000042637,2,7,,0,1,2,1,A01
202000042638,2,15,,0,2,1,1,B01
202000042638,1,7,,0,2,1,1,A01
202000042639,2,7,,9,2,2,1,A01
202000042639,2,7,,0,2,5,1,B01
202000042639,1,7,,0,2,1,1,C01
202000042640,2,32,,0,2,1,18,A01
202000042640,2,7,,0,2,7,16,C01
202000042640,2,7,,0,2,5,1,B01
202000042641,2,17,,0,0,6,23,B01
202000042641,2,17,,1,0,2,1,A01
202000042642,1,10,,0,2,2,1,B01
202000042642,1,32,,0,2,6,15,A01
202000042643,2,33,,0,2,1,9,B01
202000042643,2,30,,0,2,1,1,A01
202000042644,1,7,,1,0,2,14,A01
202000042645,2,7,,0,1,2,1,A01
202000042646,2,10,,0,2,4,2,F01
202000042646,2,14,,0,2,8,2,E01
202000042646,2,10,,0,2,5,2,D01
202000042646,2,10,,0,2,3,2,C01
202000042646,2,10,,0,2,5,2,B01
202000042646,2,10,,0,2,1,2,A01
202000042647,1,7,,2,0,1,0,A01
202000042648,1,7,,0,2,5,1,B01
202000042648,2,50,,0,2,3,11,A01
202000042649,1,7,,0,2,4,2,A01
202000042649,1,7,,0,2,9,15,B01
202000042649,2,7,,0,0,3,1,C01
202000042650,0,15,,0,1,3,26,A01
202000042651,0,50,,0,2,1,1,A01
202000042651,3,7,,0,9,5,1,B01
202000042652,3,1,,0,0,7,26,A01
202000042653,2,30,,0,2,3,1,B01
202000042653,1,0,,0,2,0,14,A01
202000042654,1,7,,2,0,8,1,A01
202000042655,2,7,,9,0,3,6,A01
202000042656,2,7,,0,1,1,0,A01
202000042657,2,17,,0,9,4,1,A01
202000042658,2,7,,0,2,1,1,A01
202000042658,2,7,,0,2,4,1,B01
202000042658,2,7,,0,2,4,1,C01
202000042659,1,10,,4,0,9,2,A01
202000042660,2,7,,0,2,6,1,B01
202000042660,2,15,,0,2,2,17,A01
202000042661,0,30,,0,0,8,1,A01
202000042662,1,7,,0,2,1,2,B01
202000042662,1,2,,0,0,4,2,A01
202000042663,1,7,,0,1,3,15,A01
202000042664,2,33,,0,2,2,1,B01
202000042664,2,7,,0,2,6,11,A01
202000042665,1,7,,0,2,3,1,B01
202000042665,2,7,,0,2,3,17,A01
202000042666,1,10,,0,1,2,24,A01
202000042667,3,2,,0,1,0,0,A01
202000042668,0,7,,0,2,2,15,B01
202000042668,0,31,,0,2,1,17,A01
202000042669,3,80,,1,2,1,1,B01
202000042669,3,7,,1,2,3,9,A01
202000042670,3,32,,0,1,1,0,Z01
202000042671,2,1,,0,2,8,19,A01
202000042671,2,7,,0,2,8,5,B01
202000042672,0,7,,14,0,2,0,A01
202000042673,2,7,,0,2,1,2,B01
202000042673,2,7,,0,2,4,2,A01
202000042674,2,7,,0,0,4,2,B01
202000042674,2,7,,0,2,1,2,A01
202000042675,2,34,,0,2,8,26,A01
202000042676,3,1,,0,2,1,1,A01
202000042676,3,1,,0,2,1,1,B01
202000042677,3,7,,0,2,4,23,B01
202000042677,3,7,,0,2,1,1,A01
202000042678,0,7,,0,1,3,15,A01
202000042679,2,7,,0,2,1,1,B01
202000042679,1,2,,0,2,1,1,A01
202000042680,1,7,,0,2,3,17,A01
202000042680,2,7,,0,2,0,0,B01
202000042681,1,7,,0,1,1,1,A01
202000042682,2,7,,11,2,1,1,A01
202000042683,2,7,,15,0,5,26,A01
202000042684,1,7,,0,2,6,9,A01
202000042684,1,33,,0,2,1,9,B01
202000042685,3,7,,0,0,9,0,A01
202000042686,0,30,,0,2,1,0,B01
202000042686,0,30,,0,2,1,26,A01
202000042687,1,7,,2,0,1,14,A01
202000042688,3,7,,0,2,1,13,A01
202000042688,3,7,,0,2,3,1,B01
202000042689,2,7,,0,0,1,1,A01
202000042690,2,7,,0,2,8,10,A01
202000042690,2,2,,0,2,9,1,B01
202000042691,3,7,,0,1,7,0,Z01
202000042692,2,33,,0,2,1,1,B01
202000042692,1,7,,0,2,7,15,A01
202000042693,0,33,,0,2,1,1,A01
202000042693,3,7,,0,2,2,1,B01
202000042694,2,7,,0,2,1,26,A01
202000042694,-1,7,,0,2,5,19,B01
202000042695,2,7,,0,0,4,1,A01
202000042695,2,7,,0,2,1,2,C01
202000042695,2,7,,0,2,4,2,B01
202000042695,2,15,,0,2,3,2,D01
202000042696,2,7,,1,0,1,14,A01
202000042697,1,7,,8,0,3,13,A01
202000042698,1,7,,0,2,1,1,B01
202000042698,2,7,,0,2,1,5,A01
202000042699,2,30,,0,2,1,9,A01
202000042699,1,37,3.0,0,2,1,13,B01
202000042700,2,7,,0,2,1,17,A01
202000042700,1,15,,0,2,1,1,B01
202000042701,3,33,,0,2,1,1,B01
202000042701,3,7,,0,2,2,9,A01
202000042702,3,7,,0,2,4,2,B01
202000042702,1,7,,0,2,1,2,A01
202000042703,2,32,,14,0,1,6,Z01
202000042704,2,30,,0,2,6,15,B01
202000042704,2,32,,0,2,6,17,A01
202000042705,3,7,,0,2,8,15,A01
202000042705,2,30,,0,2,1,1,B01
202000042706,2,7,,3,0,1,1,A01
202000042707,1,7,,8,0,2,0,A01
202000042708,1,7,,0,2,3,23,C01
202000042708,2,7,,0,2,2,1,A01
202000042708,1,7,,0,2,5,15,B01
202000042709,2,17,,0,0,6,23,A01
202000042709,2,14,,0,2,2,23,B01
202000042710,3,10,,0,2,3,13,A01
202000042710,3,2,,0,2,7,15,B01
202000042711,3,2,,0,1,1,1,A01
202000042712,0,7,,0,2,0,0,A01
202000042712,0,7,,0,2,1,1,B01
202000042713,2,32,,1,0,1,14,A01
202000042714,3,10,,1,1,1,1,A01
202000042715,1,1,,0,0,0,0,A01
202000042716,2,33,,0,2,1,18,A01
202000042716,2,7,,0,2,7,16,B01
202000042717,1,7,,0,1,1,1,A01
202000042718,0,7,,0,2,5,1,B01