Num_Acc,senc,catv,occutc,obs,obsm,choc,manv,num_veh
202000042718,0,2,,0,2,1,8,A01
202000042719,2,30,,0,0,7,15,A01
202000042720,1,1,,0,2,2,0,B01
202000042720,2,7,,0,9,3,12,A01
202000042721,3,38,5.0,3,0,1,1,A01
202000042722,0,7,,0,1,1,1,A01
202000042723,1,30,,8,0,1,16,A01
202000042724,2,7,,13,0,2,2,A01
202000042725,1,30,,0,2,1,1,B01
202000042725,1,10,,0,2,8,19,A01
202000042726,1,34,,1,0,2,1,A01
202000042727,0,1,,0,2,1,0,A01
202000042727,1,80,,0,2,1,1,B01
202000042728,0,7,,0,1,5,20,A01
202000042729,1,32,,0,2,5,1,B01
202000042729,1,7,,0,2,3,13,A01
202000042730,0,7,,0,2,3,15,A01
202000042730,0,2,,0,2,1,1,B01
202000042731,1,7,,15,0,2,26,A01
202000042732,2,7,,0,2,3,19,B01
202000042732,1,7,,0,2,1,1,A01
202000042733,1,7,,0,2,1,14,A01
202000042733,1,7,,0,2,3,1,B01
202000042734,0,7,,13,0,9,1,A01
202000042735,1,33,,0,1,6,1,A01
202000042736,1,32,,1,2,3,17,A01
202000042736,2,7,,0,2,3,1,B01
202000042736,1,7,,0,2,8,1,C01
202000042737,1,7,,0,2,6,26,A01
202000042737,1,33,,0,2,1,1,B01
202000042738,2,32,,0,1,1,1,A01
202000042739,2,32,,0,2,6,13,Z01
202000042739,2,32,,0,2,2,17,A01
202000042740,2,7,,0,2,3,13,A01
202000042740,1,7,,0,2,3,1,B01
202000042741,1,7,,0,2,8,15,B01
202000042741,1,33,,0,2,1,3,A01
202000042742,1,1,,0,2,2,1,B01
202000042742,1,7,,0,2,3,22,A01
202000042743,2,2,,0,2,1,1,B01
202000042743,1,7,,0,2,1,17,A01
202000042744,2,33,,0,2,7,17,B01
202000042744,2,7,,0,2,8,15,A01
202000042745,2,7,,0,2,8,11,B01
202000042745,2,31,,0,2,7,3,A01
202000042746,1,7,,0,2,1,6,A01
202000042746,2,7,,0,2,8,1,B01
202000042746,2,7,,0,2,3,1,C01
202000042747,2,33,,0,2,1,1,B01
202000042747,1,7,,0,2,2,15,A01
202000042748,1,7,,0,0,6,15,A01
202000042748,1,31,,0,0,1,17,B01
202000042749,2,10,,0,2,6,2,A01
202000042749,2,32,,0,2,2,2,B01
202000042750,0,32,,7,0,1,17,A01
202000042751,3,7,,2,0,8,14,A01
202000042752,2,34,,0,2,3,3,B01
202000042752,2,7,,0,2,7,12,A01
202000042753,1,7,,0,1,3,1,A01
202000042754,1,30,,0,1,1,1,A01
202000042755,2,10,,0,2,3,15,A01
202000042755,1,7,,0,2,1,23,B01
202000042755,0,7,,0,2,1,23,C01
202000042756,1,10,,0,2,1,26,A01
202000042756,1,7,,0,2,4,2,B01
202000042756,1,7,,0,2,4,2,D01
202000042756,1,7,,0,2,4,2,C01
202000042757,1,32,,0,1,8,1,A01
202000042758,1,33,,4,2,8,1,A01
202000042758,1,10,,0,2,0,12,Z01
202000042759,1,7,,0,2,3,21,B01
202000042759,2,7,,0,2,3,13,A01
202000042760,1,7,,0,2,5,23,B01
202000042760,1,1,,0,2,1,2,A01
202000042761,2,20,,0,2,8,15,B01
202000042761,2,33,,0,2,7,17,A01
202000042762,1,33,,0,2,1,1,B01
202000042762,2,7,,0,2,5,19,A01
202000042763,2,1,,0,2,4,2,B01
202000042763,2,7,,0,2,2,2,A01
202000042764,3,7,,6,0,8,23,B01
202000042764,2,7,,0,2,1,14,A01
202000042765,1,7,,0,2,7,22,B01
202000042765,1,33,,0,2,8,18,A01
202000042766,3,1,,12,0,0,0,A01
202000042767,1,80,,11,0,7,12,A01
202000042768,1,7,,0,2,4,12,A01
202000042768,1,31,,0,2,8,1,E01
202000042768,1,7,,0,2,1,2,D01
202000042768,1,7,,0,2,1,2,C01
202000042768,1,7,,0,2,1,2,B01
202000042769,2,50,,0,2,4,1,B01
202000042769,2,7,,0,2,3,15,A01
202000042770,0,10,,16,0,9,0,A01
202000042771,2,30,,0,2,2,1,B01
202000042771,2,7,,0,2,3,16,A01
202000042772,3,10,,0,2,8,1,B01
202000042772,1,30,,0,2,1,1,A01
202000042773,2,7,,0,2,2,16,A01
202000042773,1,1,,0,0,7,1,B01
202000042774,1,7,,0,2,1,11,A01
202000042774,1,1,,0,2,4,12,B01
202000042775,3,7,,8,0,3,1,A01
202000042776,2,7,,3,0,6,17,A01
202000042777,3,7,,13,0,1,1,A01
202000042778,3,34,,8,0,1,16,A01
202000042779,1,7,,2,0,2,26,A01
202000042780,1,30,,0,2,1,1,B01
202000042780,1,7,,0,2,8,9,A01
202000042781,1,7,,1,0,1,1,MA01
202000042782,2,7,,0,2,0,2,B01
202000042782,1,7,,8,2,1,21,A01
202000042783,1,30,,0,2,3,1,B01
202000042783,2,7,,0,2,1,1,A01
202000042784,1,7,,0,2,7,12,A01
202000042784,1,2,,0,2,8,1,B01
202000042785,1,7,,0,2,1,9,A01
202000042785,2,7,,1,2,1,0,B01
202000042786,3,7,,0,1,1,0,Z01
202000042787,1,30,,0,2,5,9,A01
202000042787,1,7,,0,2,3,9,B01
202000042788,2,7,,2,0,9,14,A01
202000042789,1,7,,13,0,1,1,A01
202000042790,2,7,,0,2,1,1,C01
202000042790,1,33,,0,2,1,5,A01
202000042790,1,33,,0,2,1,2,B01
202000042791,2,33,,0,2,1,1,B01
202000042791,2,10,,0,2,3,15,A01
202000042792,3,7,,0,1,2,1,A01
202000042793,1,33,,0,2,2,3,B01
202000042793,2,7,,0,2,3,1,A01
202000042794,3,7,,1,0,0,0,C01
202000042794,3,7,,0,2,6,1,B01
202000042794,3,7,,0,2,1,9,A01
202000042795,3,7,,0,0,9,1,A01
202000042796,1,33,,0,2,2,17,B01
202000042796,1,7,,0,2,6,15,A01
202000042797,2,7,,4,0,1,0,A01
202000042797,2,7,,0,2,1,1,C01
202000042797,2,7,,0,2,1,1,B01
202000042797,2,7,,0,2,3,1,D01
202000042798,0,7,,0,1,6,4,A01
202000042799,1,2,,0,2,1,2,B01
202000042799,2,7,,0,2,3,15,A01
202000042800,2,7,,13,0,3,13,A01
202000042801,2,33,,0,0,0,1,A01
202000042802,1,33,,16,0,1,1,A01
202000042803,2,3,,16,0,4,2,B01
202000042803,2,7,,0,2,1,2,A01
202000042804,3,7,,9,0,1,1,A01
202000042805,2,17,,0,9,1,2,B01
202000042805,2,7,,0,9,9,2,C01
202000042805,2,17,,0,0,0,2,A01
202000042806,3,1,,0,0,1,0,A01
202000042807,1,7,,13,0,0,1,A01
202000042808,1,33,,0,2,1,1,B01
202000042808,2,7,,0,2,1,15,A01
202000042809,1,7,,0,2,1,17,A01
202000042809,2,7,,0,2,1,1,B01
202000042810,1,7,,3,0,3,2,C01
202000042810,1,7,,0,2,4,2,B01
202000042810,1,10,,0,2,4,2,A01
202000042811,1,7,,15,0,2,1,A01
202000042812,2,7,,13,0,1,1,A01
202000042813,1,7,,0,2,1,1,B01
202000042813,2,7,,0,2,1,13,A01
202000042814,3,7,,0,2,7,15,A01
202000042814,3,10,,0,2,1,1,B01
202000042815,1,2,,2,0,1,0,A01
202000042816,2,7,,0,2,1,1,B01
202000042816,1,7,,0,2,7,15,A01
202000042817,1,2,,0,2,1,1,B01
202000042817,1,7,,0,2,3,21,A01
202000042818,2,7,,1,0,3,17,A01
202000042819,3,7,,0,1,4,20,A01
202000042820,1,1,,0,2,4,18,A01
202000042820,1,17,,0,2,2,2,B01
202000042821,3,36,,0,2,3,9,B01
202000042821,3,2,,0,2,1,1,A01
202000042822,3,7,,0,2,4,1,A01
202000042822,3,7,,0,2,1,0,Z01
202000042823,2,7,,13,0,3,0,A01
202000042824,1,7,,0,1,1,1,A01
202000042825,3,7,,2,0,1,21,A01
202000042826,3,33,,0,0,7,1,A01
202000042827,2,7,,0,1,1,1,A01
202000042828,2,7,,0,2,1,1,B01
202000042828,1,7,,0,2,1,13,A01
202000042829,2,30,,13,0,7,21,A01
202000042829,2,21,,0,0,0,16,B01
202000042830,0,7,,0,0,3,26,B01
202000042830,1,1,,0,2,1,25,A01
202000042831,3,31,,2,0,0,0,A01
202000042832,1,34,,14,0,1,1,A01
202000042832,1,7,,0,0,6,15,B01
202000042833,1,7,,0,2,1,1,B01
202000042833,2,7,,0,2,1,0,A01
202000042834,1,7,,0,2,4,23,C01
202000042834,1,7,,0,2,4,23,B01
202000042834,1,7,,0,2,1,1,Z01
202000042835,1,7,,0,0,8,1,A01
202000042836,3,31,,0,2,8,1,B01
202000042836,3,7,,0,2,1,1,A01
202000042837,2,43,,0,1,1,18,B01
202000042837,2,7,,0,0,2,16,A01
202000042838,1,7,,17,0,3,13,A01
202000042839,0,37,1.0,0,2,3,1,A01
202000042839,0,7,,0,2,7,1,B01
202000042840,3,7,,9,0,1,1,A01
202000042841,2,7,,0,9,3,1,A01
202000042841,2,80,,0,0,6,0,B01
202000042842,2,7,,4,0,8,21,A01
202000042843,1,10,,0,2,3,1,A01
202000042843,1,60,,0,2,1,9,B01
202000042844,2,7,,0,2,2,2,B01
202000042844,2,1,,0,2,4,2,A01
202000042845,1,31,,0,2,8,1,A01
202000042845,1,7,,0,2,7,12,Z01
202000042846,2,30,,0,2,1,5,A01
202000042846,1,7,,0,2,3,1,B01
202000042847,1,7,,0,2,1,2,B01
202000042847,1,15,,0,0,6,23,A01
202000042848,1,7,,13,0,9,14,B01
202000042848,2,7,,0,2,1,1,A01
202000042849,1,32,,0,2,8,7,B01
202000042849,1,7,,0,2,2,16,A01
202000042850,2,33,,17,0,1,1,A01
202000042851,1,7,,0,9,0,1,B01
202000042851,1,33,,3,0,8,11,A01
202000042852,1,7,,0,1,2,1,A01
202000042853,0,36,,13,0,2,1,B01
202000042854,2,7,,0,2,8,15,B01
202000042854,2,31,,0,2,1,17,A01
202000042855,1,10,,0,9,8,21,B01
202000042855,1,10,,0,2,6,23,C01
202000042855,1,15,,0,2,0,21,A01
202000042856,1,7,,0,2,8,19,A01
202000042856,1,7,,0,2,1,1,B01
202000042857,2,31,,0,2,1,1,B01
202000042857,1,7,,0,2,8,1,C01
202000042857,2,33,,0,2,8,13,A01
202000042857,1,7,,0,2,3,1,D01
202000042858,2,33,,0,2,1,7,B01
202000042858,1,7,,0,2,3,15,A01
202000042859,1,33,,0,0,1,2,A01
202000042860,2,7,,8,0,2,1,A01
202000042861,2,7,,13,0,1,1,A01
202000042862,1,7,,0,2,3,2,A01
202000042862,1,30,,0,2,4,23,B01
202000042863,2,7,,0,2,1,1,B01
202000042863,1,7,,0,0,2,15,A01
202000042864,2,31,,0,2,8,1,B01
202000042864,2,7,,0,2,2,17,A01
202000042865,2,7,,0,2,3,1,B01
202000042865,1,7,,0,2,2,13,A01
202000042866,1,7,,0,2,1,7,B01
202000042866,1,30,,0,2,2,1,A01
202000042867,2,10,,0,2,3,13,A01
202000042867,1,7,,0,2,3,13,B01
202000042868,2,1,,0,2,3,15,B01
202000042868,2,7,,0,2,2,17,A01
202000042869,3,7,,0,1,3,1,A01
202000042870,1,7,,2,0,3,1,A01
202000042871,1,7,,0,2,3,1,A01
202000042871,2,32,,0,2,7,1,B01
202000042872,3,7,,0,0,9,1,A01
202000042873,3,2,,0,2,1,26,B01
202000042873,3,7,,0,2,2,1,A01
202000042874,1,7,,0,2,3,1,B01
202000042874,2,10,,0,2,3,13,A01
202000042875,2,7,,0,2,4,20,B01
202000042875,2,7,,1,1,1,2,A01
202000042876,2,7,,0,0,4,2,A01
202000042876,2,33,,0,2,1,2,B01
202000042877,1,7,,0,2,5,1,B01
202000042877,1,7,,12,2,3,13,A01
202000042878,1,1,,0,0,3,1,A01
202000042878,1,7,,0,0,2,19,B01
202000042879,1,7,,15,0,2,0,A01
202000042880,2,7,,0,2,1,9,Z01
202000042880,2,50,,0,2,4,1,A01
202000042881,1,7,,0,2,3,13,B01
202000042881,2,7,,0,2,3,1,A01
202000042882,3,1,,6,0,1,5,A01
202000042883,2,1,,0,2,1,1,B01
202000042883,2,7,,0,2,3,22,A01
202000042884,2,33,,2,0,2,1,A01
202000042885,1,7,,0,2,1,17,A01
202000042885,2,10,,0,2,1,1,B01
202000042886,2,10,,0,2,1,1,B01
202000042886,1,33,,0,2,1,5,A01
202000042887,1,32,,0,2,7,17,B01
202000042887,1,7,,0,2,3,17,A01
202000042888,1,2,,0,0,7,0,A01
202000042889,3,31,,8,0,1,1,A01
202000042890,1,14,,0,2,1,14,B01
202000042890,1,15,,0,2,4,23,A01
202000042891,2,7,,0,2,1,1,B01
202000042891,1,33,,0,2,1,13,A01
202000042892,2,1,,0,0,0,1,A01
202000042893,3,7,,0,2,3,9,A01
202000042893,3,1,,0,2,5,1,B01
202000042894,2,1,,0,0,4,1,B01
202000042894,2,10,,0,2,1,1,A01
202000042895,1,7,,0,2,2,16,A01
202000042895,2,50,,0,2,7,1,B01
202000042896,2,32,,0,2,1,3,B01
202000042896,2,7,,0,2,4,1,A01
202000042897,1,15,,0,2,5,14,A01
202000042897,1,7,,0,2,6,12,B01
202000042898,1,7,,0,2,5,17,A01
202000042898,1,21,,13,2,1,2,B01
202000042899,1,31,,0,1,8,1,A01
202000042900,2,7,,0,2,4,23,C01
202000042900,2,7,,0,2,4,23,D01
202000042900,2,7,,0,2,4,23,E01
202000042900,2,10,,3,2,1,2,A01
202000042900,2,7,,0,2,4,23,B01
202000042901,2,33,,13,0,1,1,A01
202000042902,1,7,,0,2,3,15,A01
202000042902,1,33,,0,2,2,1,B01
202000042903,2,10,,0,2,4,2,B01
202000042903,2,31,,0,2,2,2,C01
202000042903,2,7,,0,2,1,2,A01
202000042904,1,7,,13,9,1,14,A01
202000042905,1,10,,3,0,5,14,A01
202000042906,1,7,,0,2,1,2,A01
202000042906,1,7,,0,2,4,23,B01
202000042907,1,7,,0,2,0,0,E01
202000042907,1,7,,0,2,4,23,D01
202000042907,1,7,,0,2,4,23,C01
202000042907,1,7,,0,2,4,23,B01
202000042907,1,10,,0,2,1,1,A01
202000042908,1,50,,0,0,0,1,A01
202000042909,1,17,,4,0,8,13,A01
202000042910,1,34,,0,0,9,2,A01
202000042911,3,7,,0,2,8,1,B01
202000042911,3,7,,0,2,8,1,A01
202000042912,1,30,,0,2,1,26,A01
202000042912,1,7,,0,2,4,1,B01
202000042913,1,7,,0,1,1,1,A01
202000042914,3,7,,0,2,6,1,B01
202000042914,3,7,,0,2,3,1,A01
202000042915,3,30,,0,2,1,0,B01
202000042915,3,7,,0,2,1,0,A01
202000042916,2,7,,0,2,4,2,D01
202000042916,2,7,,0,2,1,2,A01
202000042916,2,7,,0,2,4,2,B01
202000042916,2,7,,0,2,4,2,C01
202000042917,2,7,,0,2,6,18,B01
202000042917,2,7,,0,2,2,26,A01
202000042918,2,33,,0,2,7,1,B01
202000042918,2,7,,0,2,5,9,A01
202000042919,1,7,,0,2,3,1,C01
202000042919,2,33,,0,2,1,1,B01
202000042919,1,7,,0,2,7,15,A01
202000042920,2,7,,0,2,0,12,A01
202000042920,2,7,,0,2,0,1,B01
202000042920,2,7,,0,2,0,1,C01
202000042921,1,33,,0,0,1,1,A01
202000042922,2,7,,0,2,1,12,A01
202000042922,2,7,,0,2,6,1,B01
202000042923,-1,7,,0,2,1,2,A01
202000042923,-1,7,,14,0,4,2,B01
202000042924,2,7,,0,2,4,2,C01
202000042924,2,7,,0,2,4,2,D01
202000042924,2,7,,0,2,4,2,E01
202000042924,2,7,,0,2,4,2,B01
202000042924,2,10,,0,2,1,2,A01
202000042925,1,7,,4,0,1,13,A01
202000042926,1,7,,0,2,7,15,A01
202000042926,1,7,,0,2,8,1,B01
202000042927,1,10,,0,2,5,12,B01
202000042927,1,43,,0,2,1,3,A01
202000042928,1,31,,0,1,0,26,A01
202000042929,2,34,,0,2,8,1,B01
202000042929,2,7,,0,2,7,12,A01
202000042930,2,7,,13,0,2,1,A01
202000042931,1,0,,0,2,0,0,Z01
202000042931,1,32,,0,2,7,1,A01
202000042932,1,2,,0,0,9,16,A01
202000042933,1,7,,0,2,3,1,B01
202000042933,2,7,,0,2,2,15,A01
202000042934,1,7,,0,2,1,2,D01
202000042934,1,7,,0,2,1,2,C01
202000042934,1,7,,0,2,8,1,B01
202000042934,1,17,,0,2,2,12,A01
202000042935,2,7,,4,0,3,17,A01
202000042936,2,7,,0,0,8,19,A01
202000042936,2,15,,0,2,1,21,B01
202000042937,1,7,,0,2,4,2,B01
202000042937,1,7,,0,2,1,2,A01
202000042938,1,33,,0,6,1,2,A01
202000042939,3,1,,0,2,4,1,B01
202000042939,1,7,,0,9,3,9,A01
202000042940,1,7,,2,0,1,1,A01
202000042941,3,7,,0,2,2,1,B01
202000042941,1,7,,0,2,3,1,A01
202000042942,1,7,,0,2,3,5,A01
202000042942,2,15,,0,2,3,5,B01
202000042943,1,7,,6,0,1,13,A01
202000042944,2,7,,0,9,2,15,A01
202000042944,2,1,,0,2,7,2,B01
202000042945,1,38,3.0,13,0,2,1,A01
202000042946,3,7,,1,0,3,14,A01
202000042947,2,7,,0,2,6,19,A01
202000042947,2,7,,0,2,1,1,B01
202000042948,2,2,,0,2,8,15,B01
202000042948,2,2,,0,2,7,17,A01
202000042949,2,7,,2,0,1,13,A01
202000042950,3,33,,0,2,2,23,B01
202000042950,3,10,,0,2,4,4,A01
202000042951,2,7,,0,2,7,19,A01
202000042951,2,7,,0,2,1,1,B01
202000042952,2,37,1.0,0,9,2,26,A01
202000042953,1,7,,0,2,3,15,A01
202000042953,2,7,,0,2,3,1,B01
202000042954,2,7,,2,0,2,16,A01
202000042955,1,7,,0,1,1,1,A01
202000042956,1,7,,0,2,1,17,B01
202000042956,2,1,,0,2,0,21,A01
202000042957,2,2,,0,2,1,2,B01
202000042957,1,7,,0,2,7,15,A01
202000042958,1,2,,0,2,1,1,B01
202000042958,0,7,,0,2,6,10,A01
202000042959,3,30,,0,0,1,1,A01
202000042960,3,7,,8,0,1,0,A01
202000042961,1,10,,6,0,1,1,A01
202000042962,2,7,,0,1,2,2,A01
202000042963,2,7,,0,2,1,1,B01
202000042963,1,7,,0,2,1,10,A01
202000042964,1,7,,0,2,1,1,C01
202000042964,1,7,,0,2,2,15,A01
202000042964,2,7,,0,2,2,1,B01
202000042965,2,33,,13,0,7,14,A01
202000042966,1,7,,13,0,1,1,A01
202000042967,2,7,,0,2,1,1,B01
202000042967,1,7,,0,2,1,1,A01
202000042968,3,7,,6,0,1,14,A01
202000042969,2,7,,0,2,7,0,A01
202000042969,1,7,,0,2,2,1,B01
202000042970,1,33,,0,2,1,9,A01
202000042970,1,7,,1,2,5,1,B01
202000042971,2,7,,0,2,6,1,B01
202000042971,2,7,,0,2,3,1,C01
202000042971,2,10,,0,2,1,13,A01
202000042972,3,7,,14,2,3,21,B01
202000042972,3,7,,14,2,9,13,A01
202000042972,3,15,,14,2,0,1,C01
202000042973,1,2,,0,2,1,1,B01
202000042973,0,7,,0,2,3,20,A01
202000042974,1,7,,0,2,1,2,A01
202000042974,1,7,,0,2,1,1,B01
202000042974,1,7,,0,2,1,2,C01
202000042975,0,10,,0,2,8,15,B01
202000042975,0,43,,0,2,7,17,A01
202000042976,2,10,,0,1,1,2,A01
202000042977,1,35,,0,0,0,0,A01
202000042978,3,7,,0,2,1,21,B01
202000042978,1,7,,0,2,3,19,A01
202000042979,3,7,,13,0,7,21,A01
202000042980,1,7,,0,2,3,9,A01
202000042980,2,2,,0,2,1,1,B01
202000042981,2,1,,0,2,8,13,A01
202000042981,1,7,,0,2,3,0,B01
202000042982,2,7,,0,2,2,1,A01
202000042982,1,7,,0,2,1,1,B01
202000042983,1,7,,0,1,1,15,A01
202000042984,2,7,,0,1,1,1,A01
202000042985,3,7,,0,2,8,19,A01
202000042985,1,7,,0,2,1,1,B01
202000042986,3,7,,0,2,2,1,B01
202000042986,3,7,,0,2,7,1,A01
202000042987,2,7,,0,2,2,16,A01
202000042987,1,1,,0,2,0,0,B01
202000042988,2,33,,0,2,0,21,A01
202000042989,2,10,,0,2,1,2,A01
202000042989,2,7,,0,2,4,2,B01
202000042990,1,32,,0,1,1,1,A01
202000042991,3,10,,15,2,3,13,A01
202000042991,3,10,,0,2,2,1,B01
202000042991,3,10,,0,2,3,1,C01
202000042992,3,7,,5,0,1,13,A01
202000042993,2,0,,0,2,2,9,Z01
202000042993,3,7,,0,2,8,23,B01
202000042994,2,7,,0,1,1,1,A01
202000042995,1,7,,0,1,1,15,A01
202000042996,2,10,,0,0,0,26,C01
202000042996,1,7,,0,1,3,1,A01
202000042996,2,7,,0,2,3,22,B01
202000042997,1,7,,0,1,0,16,A01
202000042998,1,37,1.0,0,1,2,1,A01
202000042999,3,7,,0,2,6,15,A01
202000042999,3,2,,0,2,1,1,B01
202000043000,1,7,,0,1,1,1,A01
202000043001,2,7,,0,2,1,9,A01
202000043001,1,30,,0,2,2,1,B01
202000043002,2,7,,0,2,3,1,A01
202000043002,2,7,,0,2,5,15,B01
202000043002,1,10,,0,2,8,1,C01
202000043003,-1,7,,0,9,0,24,A01
202000043003,2,1,,1,0,1,1,B01
202000043004,3,7,,0,0,0,0,B01
202000043004,1,34,,1,0,1,14,A01
202000043005,2,7,,0,2,1,1,B01
202000043005,1,7,,15,2,1,21,A01
202000043006,1,7,,0,1,3,26,A01
202000043007,3,7,,0,2,5,1,B01
202000043007,1,33,,0,2,1,9,A01
202000043008,1,1,,0,2,8,1,B01
202000043008,2,10,,0,2,2,1,A01
202000043009,1,7,,0,2,0,1,C01
202000043009,1,7,,0,2,6,1,B01
202000043009,1,10,,0,2,1,21,A01
202000043010,1,7,,0,1,2,0,A01
202000043011,2,7,,0,2,3,1,B01
202000043011,2,7,,0,2,5,12,A01
202000043012,2,7,,0,2,1,15,A01
202000043012,2,1,,0,2,7,5,B01
202000043013,1,7,,0,1,1,1,A01
202000043014,2,7,,0,2,4,2,B01
202000043014,2,7,,0,2,4,2,C01
202000043014,2,7,,0,2,4,2,E01
202000043014,2,7,,0,2,4,2,F01
202000043014,2,7,,0,2,1,2,A01
202000043014,2,7,,0,2,4,1,D01
202000043015,1,7,,0,2,5,2,B01
202000043015,1,34,,0,2,1,2,A01
202000043016,1,31,,0,2,1,1,B01
202000043016,1,7,,0,2,8,11,A01
202000043017,1,7,,0,2,1,15,A01
202000043017,2,50,,0,2,8,1,B01
202000043018,1,34,,0,2,5,17,A01
202000043018,1,7,,0,2,0,10,Z01
202000043019,0,34,,0,2,1,1,B01
202000043019,0,7,,0,2,2,15,A01
202000043020,1,1,,0,2,4,17,B01
202000043020,1,38,1.0,0,2,1,1,A01
202000043021,1,31,,0,2,7,17,A01
202000043021,1,7,,0,2,8,15,B01
202000043022,3,7,,0,2,4,2,B01
202000043022,3,7,,0,2,1,2,A01
202000043023,1,7,,0,2,1,5,B01
202000043023,2,7,,0,2,1,13,A01
202000043024,1,10,,0,2,1,2,A01
202000043024,1,7,,0,2,4,23,B01
202000043025,2,31,,0,1,1,3,A01
202000043026,3,31,,0,0,7,1,A01
202000043027,2,10,,16,2,3,9,B01
202000043027,2,33,,0,2,1,1,A01
202000043028,2,34,,0,2,7,1,A01
202000043028,1,7,,0,2,1,1,B01
202000043029,2,7,,0,2,2,1,A01
202000043029,1,33,,0,2,1,0,B01
202000043030,0,3,,0,2,4,26,B01
202000043030,0,7,,0,2,1,2,A01
202000043031,2,33,,0,2,1,0,B01
202000043031,2,7,,0,2,2,15,A01
202000043032,1,7,,0,1,0,1,Z01
202000043033,1,33,,1,1,1,17,A01
202000043034,1,7,,0,2,1,0,Z01
202000043034,1,7,,0,2,2,1,B01
202000043035,1,32,,0,2,1,1,A01
202000043035,2,7,,0,2,4,23,B01
202000043036,2,7,,0,2,8,15,B01
202000043036,1,7,,0,2,3,15,A01
202000043037,2,7,,0,2,1,1,A01
202000043037,2,7,,0,2,4,1,B01
202000043038,2,7,,0,0,0,26,T01
202000043038,1,7,,7,1,2,21,A01
202000043039,3,7,,0,2,4,2,B01
202000043039,3,7,,0,2,4,2,C01
202000043039,3,7,,0,2,1,2,A01
202000043040,3,2,,0,2,1,1,B01
202000043040,3,7,,0,2,1,15,A01
202000043041,1,7,,0,2,8,15,B01
202000043041,1,30,,0,2,1,17,A01
202000043042,3,17,,0,2,1,5,B01
202000043042,1,7,,0,2,7,13,A01
202000043043,1,1,,0,2,1,1,B01
202000043043,1,7,,0,2,8,22,A01
202000043044,3,7,,0,2,4,16,A01
202000043044,3,37,1.0,0,2,3,7,B01
202000043045,1,1,,0,1,1,1,A01
202000043046,2,33,,0,2,2,17,A01
202000043046,2,10,,0,2,0,10,B01
202000043047,2,2,,0,1,1,18,A01
202000043048,2,7,,1,1,1,1,A01
202000043049,1,33,,0,2,1,1,B01
202000043049,1,7,,0,2,3,10,A01
202000043050,2,7,,0,2,4,2,Z01
202000043050,2,80,,0,2,1,2,A01
202000043051,2,43,,0,2,4,23,B01
202000043051,2,30,,0,2,1,2,A01
202000043052,1,50,,0,2,1,1,B01
202000043052,1,7,,0,2,8,22,A01
202000043053,2,7,,0,0,3,9,A01
202000043053,2,30,,0,2,1,1,B01
202000043054,2,32,,0,2,8,1,A01
202000043054,2,7,,0,2,7,12,Z01
202000043055,3,32,,0,2,8,23,B01
202000043055,3,10,,0,2,8,14,A01
202000043056,2,50,,0,1,1,1,A01
202000043057,1,50,,12,0,1,14,A01
202000043058,2,1,,0,1,1,16,A01
202000043059,2,10,,0,1,5,4,A01
202000043060,1,32,,0,2,0,21,A01
202000043061,1,30,,14,0,1,13,A01
202000043062,3,50,,0,2,3,19,B01
202000043062,2,10,,0,2,2,1,A01
202000043063,1,7,,0,9,3,1,A01
202000043063,1,1,,0,2,1,0,B01
202000043064,1,2,,0,2,1,17,A01
202000043064,1,7,,0,2,8,19,B01
202000043065,3,50,,0,2,0,19,B01
202000043065,3,15,,0,2,1,16,A01
202000043066,3,7,,0,1,2,1,A01
202000043067,2,10,,0,2,1,15,B01
202000043067,1,10,,0,2,3,16,A01
202000043068,3,32,,0,1,1,1,A01
202000043069,3,0,,0,1,0,0,Z01
202000043070,2,32,,0,1,1,1,A01
202000043071,1,14,,0,2,2,1,B01
202000043071,1,7,,0,2,3,10,A01
202000043072,-1,7,,0,1,2,1,A01
202000043073,0,10,,0,1,1,1,A01
202000043074,1,30,,1,1,1,21,A01
202000043075,3,7,,0,1,1,1,A01
202000043076,2,7,,0,1,3,1,A01
202000043077,3,7,,0,2,1,1,A01
202000043077,3,34,,0,2,4,1,B01
202000043078,2,7,,0,2,6,2,B01
202000043078,2,33,,0,2,1,2,A01
202000043079,1,10,,0,2,3,1,B01
202000043079,2,10,,0,2,1,1,A01
202000043080,1,7,,0,1,1,1,A01
202000043081,1,7,,0,2,8,1,B01
202000043081,1,7,,0,2,1,15,A01
202000043082,1,32,,0,2,1,1,A01
202000043082,2,7,,0,0,0,15,B01
202000043083,2,7,,0,1,1,1,A01
202000043084,1,2,,0,2,1,1,B01
202000043084,2,7,,0,2,1,15,A01
202000043085,2,13,,0,0,9,1,A01
202000043086,1,7,,0,2,2,1,A01
202000043086,2,7,,0,2,1,19,B01
202000043087,3,10,,0,1,1,1,A01
202000043088,3,7,,0,9,1,26,B01
202000043088,3,1,,0,0,1,1,A01
202000043089,1,7,,0,2,1,19,B01
202000043089,1,7,,12,2,7,1,A01
202000043090,1,7,,1,0,2,14,A01
202000043091,1,0,,0,1,0,1,A01
202000043092,2,7,,0,2,6,1,B01
202000043092,1,7,,0,2,1,1,C01
202000043092,2,7,,0,2,7,1,D01
202000043092,1,7,,0,2,2,17,A01