Num_Acc,senc,catv,occutc,obs,obsm,choc,manv,num_veh
202000043093,0,7,,0,2,7,1,A01
202000043093,0,10,,0,2,1,1,B01
202000043094,1,7,,0,2,1,13,A01
202000043094,2,7,,0,2,1,1,B01
202000043095,1,7,,8,2,8,13,A01
202000043095,2,7,,0,2,1,0,B01
202000043096,1,7,,0,2,3,9,A01
202000043096,1,1,,0,2,5,1,B01
202000043097,1,7,,0,2,2,15,A01
202000043097,2,2,,0,2,1,1,B01
202000043098,1,7,,0,2,1,1,B01
202000043098,2,7,,0,2,1,15,A01
202000043099,1,33,,14,0,1,6,A01
202000043100,1,10,,0,2,3,1,A01
202000043100,2,7,,0,2,3,1,B01
202000043101,1,7,,0,2,7,15,A01
202000043101,1,7,,0,2,3,1,C01
202000043102,1,10,,0,9,2,2,A01
202000043102,1,1,,0,0,4,2,B01
202000043103,1,33,,0,2,1,1,B01
202000043103,2,7,,0,2,3,19,A01
202000043104,1,7,,0,2,2,14,B01
202000043104,2,7,,0,0,7,11,A01
202000043105,1,33,,0,2,1,0,A01
202000043105,2,7,,0,2,3,5,B01
202000043106,0,7,,0,2,1,19,A01
202000043106,0,7,,0,2,7,1,B01
202000043107,2,7,,0,2,3,15,A01
202000043107,1,33,,0,2,1,1,B01
202000043108,2,7,,8,0,1,1,A01
202000043109,1,7,,15,0,7,1,B01
202000043109,1,7,,0,0,1,1,A01
202000043110,3,2,,0,2,1,1,B01
202000043110,3,7,,0,2,1,11,A01
202000043111,2,7,,0,2,2,0,B01
202000043111,1,7,,2,2,7,1,A01
202000043112,3,2,,0,0,8,1,A01
202000043113,2,33,,0,2,1,1,B01
202000043113,1,7,,0,2,2,15,A01
202000043114,2,7,,0,2,3,15,A01
202000043114,1,33,,0,2,1,1,B01
202000043115,1,33,,13,0,0,13,B01
202000043115,1,7,,0,0,0,9,A01
202000043116,1,1,,0,2,7,1,B01
202000043116,1,33,,0,2,3,14,A01
202000043117,2,7,,4,0,0,0,A01
202000043118,0,33,,0,0,2,9,A01
202000043119,1,15,,0,2,3,13,A01
202000043119,2,7,,0,2,8,1,B01
202000043120,3,2,,0,2,3,15,A01
202000043120,3,7,,0,2,3,1,B01
202000043121,1,33,,13,0,7,1,A01
202000043122,2,7,,13,0,2,1,A01
202000043122,2,7,,0,0,0,9,B01
202000043123,1,33,,13,0,9,17,A01
202000043124,3,10,,0,2,1,1,B01
202000043124,3,2,,0,2,1,13,A01
202000043125,1,7,,0,0,2,1,A01
202000043126,2,33,,0,6,7,1,A01
202000043127,1,33,,0,2,6,1,A01
202000043127,1,7,,0,2,2,12,B01
202000043128,1,99,,0,0,0,2,E01
202000043128,1,15,,1,0,2,21,D01
202000043128,1,99,,0,0,4,26,C01
202000043128,1,15,,0,0,6,26,B01
202000043128,1,14,,1,0,2,1,A01
202000043129,2,33,,0,2,5,2,A01
202000043129,2,7,,0,2,3,2,B01
202000043130,2,7,,0,2,1,1,A01
202000043130,1,30,,0,2,1,0,B01
202000043131,2,32,,0,2,0,17,B01
202000043131,1,7,,0,2,2,15,A01
202000043132,3,34,,0,2,0,0,B01
202000043132,3,7,,0,2,3,0,A01
202000043133,2,10,,0,1,7,1,A01
202000043134,2,7,,0,2,1,1,B01
202000043134,1,7,,0,2,1,13,A01
202000043135,1,7,,0,2,3,13,A01
202000043135,2,7,,0,2,3,1,B01
202000043136,2,7,,2,0,9,1,A01
202000043137,1,33,,0,2,3,1,B01
202000043137,1,33,,0,2,3,1,C01
202000043137,2,7,,0,2,2,20,A01
202000043138,2,7,,13,0,2,1,A01
202000043139,2,7,,0,2,1,1,B01
202000043139,3,7,,0,2,3,19,A01
202000043140,1,7,,0,2,3,13,A01
202000043140,2,7,,0,2,3,1,B01
202000043141,2,14,,0,0,8,1,C01
202000043141,2,34,,0,2,1,1,A01
202000043141,1,7,,8,2,2,17,B01
202000043142,2,7,,8,0,1,17,A01
202000043143,1,33,,0,2,1,2,A01
202000043143,1,7,,0,2,4,2,B01
202000043144,3,7,,1,0,1,1,A01
202000043145,1,2,,0,2,1,1,B01
202000043145,3,21,,0,2,8,9,A01
202000043146,1,7,,0,2,5,15,A01
202000043146,1,33,,0,2,8,1,B01
202000043147,2,7,,8,0,1,14,A01
202000043148,1,7,,0,2,3,15,A01
202000043148,2,1,,0,2,1,1,B01
202000043149,0,33,,8,0,2,14,A01
202000043150,1,32,,0,2,1,1,B01
202000043150,1,7,,0,2,7,15,A01
202000043151,3,2,,0,0,0,1,A01
202000043152,1,33,,6,0,0,1,A01
202000043153,2,1,,0,0,0,1,A01
202000043154,3,7,,6,0,3,0,A01
202000043155,1,7,,1,2,3,19,A01
202000043155,2,7,,0,9,1,1,D01
202000043155,2,7,,0,9,3,1,E01
202000043155,2,7,,0,2,3,1,C01
202000043155,2,7,,0,2,3,1,B01
202000043156,1,7,,0,2,1,2,B01
202000043156,1,7,,6,2,4,1,A01
202000043157,2,7,,0,2,1,2,B01
202000043157,2,7,,0,2,4,2,A01
202000043158,1,7,,0,0,0,0,B01
202000043158,2,10,,0,2,1,1,C01
202000043158,2,99,,0,2,4,1,A01
202000043159,2,7,,0,2,4,1,A01
202000043159,2,7,,0,2,4,1,B01
202000043159,2,7,,0,2,1,1,C01
202000043160,1,7,,0,2,1,2,A01
202000043160,1,7,,0,2,4,2,B01
202000043161,1,7,,0,2,4,2,B01
202000043161,1,7,,0,2,1,2,A01
202000043162,2,7,,0,2,4,1,D01
202000043162,2,7,,0,2,1,1,A01
202000043162,2,7,,0,2,1,1,B01
202000043162,2,7,,0,2,4,1,C01
202000043163,2,7,,0,2,4,2,B01
202000043163,2,7,,0,2,1,2,A01
202000043164,2,7,,4,0,1,9,A01
202000043165,1,7,,0,2,3,11,Z01
202000043165,1,7,,0,2,2,1,B01
202000043166,2,7,,0,2,6,2,C01
202000043166,2,7,,0,2,4,2,B01
202000043166,2,7,,0,2,1,2,A01
202000043167,1,7,,3,0,1,13,A01
202000043168,2,7,,0,2,1,2,C01
202000043168,2,10,,0,2,1,2,B01
202000043168,2,7,,0,2,4,2,A01
202000043169,2,7,,4,0,2,14,A01
202000043170,3,7,,0,1,3,4,A01
202000043171,3,0,,12,0,0,0,A01
202000043172,1,30,,1,0,6,21,A01
202000043172,1,7,,0,2,6,20,B01
202000043173,1,7,,0,2,6,1,C01
202000043173,1,7,,0,2,6,1,B01
202000043173,1,7,,0,2,1,11,A01
202000043174,3,7,,0,1,2,1,A01
202000043175,0,7,,0,0,0,0,Z01
202000043175,0,32,,0,2,7,1,A01
202000043176,1,99,,8,0,8,13,A01
202000043177,1,10,,0,2,1,1,A01
202000043177,1,10,,0,2,4,1,B01
202000043178,1,7,,0,1,1,1,A01
202000043179,2,1,,0,2,7,17,B01
202000043179,2,7,,0,2,2,9,A01
202000043180,3,7,,0,9,2,1,A01
202000043180,3,1,,-1,-1,-1,1,B01
202000043181,1,7,,12,0,2,14,A01
202000043182,1,2,,0,0,0,1,A01
202000043183,2,7,,0,1,3,1,A01
202000043184,1,7,,0,2,1,26,B01
202000043184,2,7,,0,2,1,15,A01
202000043185,2,32,,0,2,1,1,B01
202000043185,1,2,,0,2,1,1,A01
202000043186,1,7,,0,2,2,1,A01
202000043186,2,32,,0,2,3,1,B01
202000043187,3,7,,0,1,3,1,A01
202000043188,1,7,,16,0,0,2,A01
202000043189,1,1,,1,0,2,1,B01
202000043189,1,7,,0,2,8,22,A01
202000043190,2,7,,0,2,1,2,Z01
202000043190,2,33,,0,2,4,2,A01
202000043191,1,33,,0,2,7,3,A01
202000043191,1,15,,0,2,8,1,B01
202000043192,2,34,,0,2,1,1,B01
202000043192,1,1,,0,2,7,10,A01
202000043193,1,32,,0,1,1,1,A01
202000043194,1,7,,0,2,8,22,A01
202000043194,1,1,,0,2,1,1,B01
202000043195,1,7,,0,2,5,23,B01
202000043195,1,34,,0,2,3,1,A01
202000043196,2,7,,0,2,1,1,B01
202000043196,2,34,,0,2,1,1,A01
202000043197,1,7,,0,2,8,9,A01
202000043197,1,2,,0,2,1,1,B01
202000043198,2,10,,0,2,2,16,B01
202000043198,2,33,,0,2,3,18,A01
202000043199,2,1,,0,2,0,13,B01
202000043199,2,37,1.0,0,2,0,17,A01
202000043200,3,34,,0,2,1,1,B01
202000043200,3,1,,0,2,4,19,A01
202000043201,3,1,,12,0,7,14,A01
202000043202,2,7,,4,2,2,1,B01
202000043202,1,7,,4,2,3,1,A01
202000043203,2,7,,0,2,2,16,A01
202000043203,2,33,,0,2,3,1,B01
202000043204,2,30,,0,2,1,1,A01
202000043205,2,60,,0,2,1,19,B01
202000043205,2,7,,0,2,1,1,A01
202000043206,2,7,,0,2,5,16,B01
202000043206,2,32,,0,2,1,1,A01
202000043207,-1,7,,0,2,1,1,A01
202000043207,-1,7,,0,2,3,9,B01
202000043208,2,34,,0,2,7,1,B01
202000043208,2,7,,0,2,7,10,A01
202000043209,2,7,,12,0,1,0,C01
202000043209,2,7,,0,2,6,0,B01
202000043209,1,7,,0,2,1,13,A01
202000043210,1,7,,0,2,3,9,B01
202000043210,1,7,,0,2,5,1,A01
202000043211,3,7,,0,2,5,15,A01
202000043211,-1,7,,0,2,1,1,B01
202000043212,2,7,,0,2,7,15,B01
202000043212,1,34,,0,2,1,1,A01
202000043213,2,30,,0,1,1,1,A01
202000043214,3,2,,0,2,1,1,B01
202000043214,3,7,,0,2,2,1,A01
202000043215,1,7,,0,1,3,1,A01
202000043216,2,7,,0,2,2,16,Z01
202000043216,2,30,,0,2,1,18,A01
202000043217,2,33,,0,0,6,1,A01
202000043218,1,32,,0,0,0,15,A01
202000043219,2,7,,0,1,8,26,A01
202000043220,0,10,,0,2,2,17,B01
202000043220,0,33,,0,2,8,26,A01
202000043221,1,32,,0,2,2,1,B01
202000043221,1,7,,0,2,6,11,A01
202000043222,2,10,,0,2,8,10,B01
202000043222,2,10,,0,2,1,2,A01
202000043223,2,7,,0,2,1,0,A01
202000043223,2,1,,0,2,4,1,B01
202000043223,2,1,,0,2,4,1,C01
202000043224,1,7,,0,0,0,13,A01
202000043225,1,7,,14,0,1,0,A01
202000043226,2,7,,0,1,1,1,A01
202000043227,3,7,,15,0,3,1,A01
202000043228,2,7,,16,0,9,13,A01
202000043229,2,7,,7,0,4,1,B01
202000043229,2,7,,0,2,1,2,A01
202000043230,1,31,,0,0,4,2,B01
202000043230,1,33,,0,2,1,2,A01
202000043231,0,7,,2,0,1,0,A01
202000043232,1,7,,0,2,2,17,A01
202000043232,1,21,,0,2,6,2,B01
202000043233,3,1,,0,2,1,1,B01
202000043233,3,32,,0,2,1,5,A01
202000043234,1,7,,7,0,1,14,A01
202000043235,1,7,,0,0,7,1,A01
202000043236,3,7,,2,0,3,16,A01
202000043237,3,1,,0,2,1,1,B01
202000043237,0,7,,0,2,2,26,A01
202000043238,2,7,,0,2,3,20,A01
202000043238,2,33,,0,2,7,1,B01
202000043239,2,10,,16,0,0,0,A01
202000043240,3,7,,13,2,1,1,B01
202000043240,3,7,,13,2,7,1,A01
202000043241,2,7,,0,2,8,13,A01
202000043241,1,7,,0,2,3,1,B01
202000043242,1,7,,0,2,3,13,A01
202000043242,2,7,,0,2,1,1,B01
202000043242,2,7,,0,2,6,1,C01
202000043243,1,33,,0,0,7,26,A01
202000043244,0,33,,8,0,5,1,A01
202000043245,3,7,,12,0,1,19,A01
202000043246,1,31,,0,2,1,13,A01
202000043246,2,7,,0,2,1,16,B01
202000043247,1,2,,0,0,2,16,A01
202000043248,3,33,,0,0,8,13,A01
202000043249,3,7,,15,0,1,1,A01
202000043250,1,7,,0,0,3,1,B01
202000043250,2,2,,0,2,1,13,A01
202000043251,1,7,,13,0,1,13,A01
202000043252,2,7,,0,0,4,1,B01
202000043252,2,33,,0,2,1,1,A01
202000043253,3,7,,0,9,1,1,B01
202000043253,3,50,,0,2,1,5,A01
202000043254,2,7,,13,0,1,14,A01
202000043255,2,7,,2,0,1,13,A01
202000043256,2,33,,0,0,2,0,A01
202000043257,2,33,,0,0,0,16,A01
202000043258,2,7,,2,0,5,1,A01
202000043259,2,33,,3,0,0,1,A01
202000043260,2,7,,13,0,1,1,A01
202000043261,2,7,,8,0,7,1,A01
202000043262,2,7,,2,0,1,1,A01
202000043263,2,7,,1,0,2,0,A01
202000043264,1,7,,0,1,3,9,A01
202000043265,3,1,,14,0,1,1,A01
202000043266,0,7,,0,2,4,1,B01
202000043266,0,7,,0,2,1,1,A01
202000043267,3,33,,0,2,3,1,A01
202000043267,3,1,,0,2,3,1,B01
202000043268,2,7,,0,2,3,15,A01
202000043268,1,1,,0,2,3,0,B01
202000043269,1,7,,0,0,6,17,A01
202000043269,1,34,,0,2,1,17,B01
202000043270,1,7,,6,0,3,16,A01
202000043271,1,7,,0,2,3,3,A01
202000043271,2,7,,0,2,1,2,B01
202000043272,3,7,,0,9,3,15,A01
202000043272,3,1,,0,2,1,1,B01
202000043273,1,33,,0,2,1,13,A01
202000043273,2,7,,0,2,2,1,B01
202000043274,2,33,,0,2,3,1,B01
202000043274,1,7,,0,2,3,13,A01
202000043275,2,33,,13,0,7,1,A01
202000043276,1,7,,0,2,3,1,B01
202000043276,2,7,,0,2,3,1,A01
202000043277,1,7,,2,0,1,1,A01
202000043278,1,15,,0,9,3,1,B01
202000043278,2,33,,0,2,1,13,A01
202000043279,1,2,,0,2,1,2,A01
202000043279,1,7,,0,2,5,2,B01
202000043280,3,7,,0,2,7,1,A01
202000043280,3,1,,0,2,1,15,B01
202000043281,2,7,,0,2,1,15,A01
202000043281,2,7,,0,2,7,1,B01
202000043282,2,7,,0,2,1,1,A01
202000043282,1,7,,0,2,1,15,B01
202000043283,2,33,,8,0,1,1,A01
202000043284,3,10,,0,1,4,4,A01
202000043285,1,7,,13,0,8,13,A01
202000043286,1,33,,12,0,8,16,A01
202000043287,1,1,,0,0,0,1,A01
202000043288,2,2,,0,0,1,0,A01
202000043289,2,7,,0,0,0,23,B01
202000043289,1,35,,1,0,1,1,A01
202000043290,1,7,,0,0,1,0,A01
202000043291,2,7,,0,2,1,1,B01
202000043291,2,7,,0,2,5,12,A01
202000043292,1,7,,0,2,4,1,A01
202000043292,1,7,,0,2,1,1,B01
202000043293,2,17,,0,2,2,0,B01
202000043293,2,7,,0,2,8,1,A01
202000043294,2,7,,0,2,2,2,B01
202000043294,2,7,,0,2,6,12,A01
202000043295,1,33,,0,2,7,3,B01
202000043295,1,7,,0,2,6,11,A01
202000043296,1,10,,0,2,1,2,A01
202000043296,1,10,,0,2,4,2,B01
202000043296,1,7,,0,2,4,2,C01
202000043297,2,7,,0,2,4,2,B01
202000043297,2,10,,0,2,1,2,A01
202000043298,1,7,,0,2,1,2,A01
202000043298,1,7,,0,2,6,2,B01
202000043298,1,10,,0,2,2,2,C01
202000043298,1,10,,0,2,6,1,D01
202000043299,1,7,,0,2,1,2,B01
202000043299,1,7,,0,2,1,1,A01
202000043299,0,7,,0,2,1,2,C01
202000043300,2,7,,0,0,0,26,A01
202000043301,3,7,,0,2,5,15,A01
202000043301,3,2,,0,2,3,1,B01
202000043302,1,50,,0,0,0,21,A01
202000043303,2,7,,0,2,1,9,A01
202000043303,2,33,,0,2,7,2,B01
202000043304,0,7,,0,1,8,16,A01
202000043305,1,33,,0,2,1,1,A01
202000043305,1,37,1.0,0,2,1,1,C01
202000043305,1,37,1.0,0,2,5,9,B01
202000043306,1,7,,0,2,1,2,A01
202000043306,1,7,,0,2,1,0,B01
202000043306,1,7,,0,2,4,0,C01
202000043307,-1,33,,0,2,7,1,B01
202000043307,-1,15,,0,2,6,16,A01
202000043308,1,7,,0,2,3,0,B01
202000043308,1,31,,0,2,1,1,A01
202000043309,2,10,,0,2,2,0,B01
202000043309,1,10,,0,2,3,16,A01
202000043310,2,7,,0,2,8,19,A01
202000043310,2,34,,0,2,1,1,B01
202000043311,1,10,,0,2,3,15,A01
202000043311,2,1,,0,2,1,1,B01
202000043312,1,7,,0,2,1,2,A01
202000043312,1,7,,0,2,4,23,B01
202000043313,1,14,,0,2,1,2,A01
202000043313,1,7,,0,0,4,16,B01
202000043314,1,7,,0,2,3,9,A01
202000043314,1,1,,0,2,1,1,B01
202000043315,2,7,,0,0,0,1,A01
202000043316,1,10,,0,0,4,2,B01
202000043316,1,32,,0,2,1,2,A01
202000043317,2,15,,0,2,3,1,B01
202000043317,1,10,,0,2,3,1,A01
202000043318,1,2,,0,2,1,1,B01
202000043318,1,7,,0,2,2,1,A01
202000043319,1,21,,0,2,3,1,B01
202000043319,2,31,,0,2,1,17,A01
202000043320,2,7,,0,2,3,5,A01
202000043320,2,7,,0,2,2,0,B01
202000043320,1,17,,7,2,3,21,C01
202000043321,2,7,,0,2,3,15,A01
202000043321,1,1,,0,0,1,1,B01
202000043322,0,10,,0,2,3,15,B01
202000043322,1,33,,0,2,1,1,A01
202000043323,2,7,,0,2,3,13,A01
202000043323,1,21,,0,2,3,1,B01
202000043324,2,33,,0,6,1,1,A01
202000043325,3,7,,0,9,7,16,A01
202000043325,3,1,,0,2,2,1,B01
202000043326,2,2,,1,0,1,1,A01
202000043327,1,7,,7,2,2,15,B01
202000043327,2,7,,0,2,1,1,A01
202000043328,2,7,,12,0,1,1,A01
202000043329,2,7,,15,0,2,1,A01
202000043330,1,7,,0,2,3,2,A01
202000043330,1,1,,0,2,4,2,B01
202000043331,3,31,,0,2,2,17,B01
202000043331,0,7,,0,2,8,15,A01
202000043332,2,7,,2,0,1,0,A01
202000043333,1,33,,0,9,1,6,A01
202000043334,1,15,,0,2,6,2,C01
202000043334,2,7,,0,2,3,1,B01
202000043334,1,7,,0,2,3,5,A01
202000043335,1,7,,0,2,3,13,A01
202000043335,2,7,,0,2,3,1,B01
202000043336,2,7,,0,1,6,1,A01
202000043337,1,7,,0,1,2,1,A01
202000043338,2,10,,0,2,3,9,A01
202000043338,2,1,,0,2,1,1,B01
202000043339,2,33,,6,0,1,0,A01
202000043340,1,7,,0,2,3,17,A01
202000043340,1,7,,0,0,6,15,B01
202000043341,2,10,,0,9,2,1,B01
202000043341,3,1,,0,2,8,15,A01
202000043342,1,33,,0,2,3,13,B01
202000043342,2,21,,0,2,8,0,A01
202000043343,1,7,,0,9,7,17,A01
202000043343,1,1,,0,0,4,1,B01
202000043344,1,7,,0,2,2,1,B01
202000043344,2,3,,0,2,2,5,A01
202000043345,2,7,,5,0,4,2,B01
202000043345,2,33,,0,2,1,2,A01
202000043346,1,7,,6,0,3,1,A01
202000043347,2,7,,0,0,4,23,B01
202000043347,2,7,,0,2,1,1,A01
202000043348,2,33,,0,2,1,17,B01
202000043348,2,7,,0,2,8,10,A01
202000043349,2,7,,4,0,3,13,A01
202000043350,1,10,,0,2,1,1,C01
202000043350,1,7,,0,2,8,1,B01
202000043350,1,17,,0,2,7,12,A01
202000043351,1,7,,0,2,4,2,A01
202000043351,1,7,,0,2,1,2,B01
202000043352,2,33,,0,2,3,21,A01
202000043353,2,7,,0,2,1,2,D01
202000043353,2,7,,0,2,1,2,C01
202000043353,2,14,,0,2,2,11,A01
202000043353,2,10,,0,2,6,1,B01
202000043354,1,7,,0,2,4,2,C01
202000043354,1,7,,0,2,4,2,B01
202000043354,1,10,,0,2,1,2,A01
202000043355,1,7,,0,2,3,1,C01
202000043355,1,17,,0,2,2,1,B01
202000043355,1,7,,3,2,8,11,A01
202000043356,2,7,,0,2,1,12,A01
202000043357,1,33,,0,2,1,3,B01
202000043357,1,7,,0,2,6,11,A01
202000043358,0,32,,0,2,1,2,A01
202000043358,3,7,,0,2,3,15,B01
202000043359,3,7,,0,2,1,1,A01
202000043359,3,7,,0,2,1,1,B01
202000043359,3,7,,0,2,1,1,C01
202000043360,2,31,,0,2,1,1,A01
202000043360,2,99,,0,2,1,13,B01
202000043361,1,7,,0,1,2,1,A01
202000043362,2,7,,0,0,0,1,B01
202000043362,2,7,,0,0,0,16,A01
202000043363,1,7,,0,2,1,1,B01
202000043363,2,7,,0,2,8,1,A01
202000043364,1,7,,0,2,2,2,A01
202000043364,1,7,,0,2,0,1,B01
202000043365,2,10,,0,2,3,15,B01
202000043365,1,7,,0,2,1,1,A01
202000043366,2,34,,0,2,7,13,A01
202000043366,2,10,,0,2,3,1,B01
202000043367,1,7,,15,0,8,26,A01
202000043368,2,1,,0,2,1,2,B01
202000043368,2,2,,0,0,0,0,Z01
202000043369,2,7,,0,2,2,1,B01
202000043369,2,7,,0,2,6,1,A01
202000043370,2,1,,0,2,4,1,B01
202000043370,2,7,,0,2,1,2,A01
202000043371,1,7,,0,1,1,16,A01
202000043372,0,7,,0,2,6,16,B01
202000043372,0,7,,0,2,3,1,A01
202000043373,0,7,,0,1,1,15,A01
202000043374,2,7,,0,9,3,20,A01
202000043374,2,2,,0,2,2,1,B01
202000043375,1,7,,0,1,7,1,A01
202000043376,2,7,,0,2,2,16,A01
202000043376,2,1,,0,2,3,1,B01
202000043377,2,7,,0,2,3,1,B01
202000043377,1,1,,0,2,1,19,A01
202000043378,1,7,,6,1,4,1,B01
202000043378,2,7,,6,2,1,1,A01
202000043379,1,7,,9,0,9,1,A01
202000043380,1,7,,0,2,2,1,B01
202000043380,1,7,,0,2,1,19,A01
202000043381,1,7,,0,1,1,15,A01
202000043382,3,7,,14,0,4,23,B01
202000043382,1,7,,0,2,1,1,Z01
202000043382,1,7,,0,2,4,23,A01
202000043383,3,30,,0,2,2,16,A01
202000043383,3,10,,0,2,8,15,B01
202000043384,2,2,,0,2,4,1,B01
202000043384,2,7,,0,2,4,1,C01
202000043384,2,7,,0,2,2,1,A01
202000043385,1,1,,0,0,0,1,A01
202000043386,1,2,,0,2,7,15,A01
202000043386,2,7,,0,2,1,1,B01
202000043387,3,35,,8,0,1,1,A01
202000043388,2,32,,15,0,1,1,A01
202000043389,0,7,,0,0,1,15,A01
202000043389,0,7,,0,0,0,0,B01
202000043390,2,7,,0,2,3,1,B01
202000043390,1,7,,0,2,3,13,A01
202000043391,2,33,,0,2,1,9,A01
202000043391,2,7,,0,2,3,9,B01
202000043392,1,1,,12,0,2,1,A01
202000043393,1,31,,0,0,0,1,A01
202000043394,1,7,,0,2,0,0,A01
202000043394,1,7,,0,2,4,2,B01
202000043395,1,1,,0,2,3,19,B01
202000043395,2,7,,0,2,2,16,A01
202000043396,0,7,,0,2,2,11,A01
202000043396,0,7,,0,2,3,0,B01
202000043397,2,7,,0,2,3,26,A01
202000043397,2,33,,0,2,2,1,B01
202000043398,3,7,,9,0,3,1,A01
202000043399,2,7,,0,2,2,15,A01
202000043399,1,7,,0,2,3,1,B01
202000043400,0,7,,8,0,1,14,A01
202000043401,2,10,,0,2,1,15,B01
202000043401,1,7,,0,2,3,1,A01
202000043402,2,33,,0,2,1,1,B01
202000043402,1,7,,0,2,3,15,A01
202000043403,0,1,,0,2,3,13,A01
202000043403,0,7,,0,2,2,1,B01
202000043404,1,7,,0,2,4,1,B01
202000043404,1,10,,0,2,1,1,A01
202000043405,2,7,,0,2,3,9,A01
202000043405,2,1,,0,2,2,1,B01
202000043406,1,33,,0,2,8,1,B01
202000043406,1,7,,0,2,2,15,A01
202000043407,3,7,,0,2,1,1,A01
202000043407,3,1,,0,2,0,0,B01
202000043408,3,10,,0,1,4,26,A01
202000043409,1,7,,0,1,2,2,A01
202000043410,1,7,,0,2,1,9,A01
202000043410,1,33,,0,2,1,1,B01
202000043411,1,30,,0,0,0,0,A01
202000043412,1,7,,0,2,1,2,A01
202000043412,1,7,,0,2,4,2,B01
202000043412,1,7,,0,2,4,2,C01
202000043413,1,2,,0,2,1,1,B01
202000043413,2,7,,0,2,7,15,A01
202000043414,3,7,,14,2,1,2,A01
202000043414,1,7,,0,0,6,2,B01
202000043414,3,1,,0,2,6,19,C01
202000043415,2,50,,0,2,1,25,B01
202000043415,3,7,,14,0,2,1,A01
202000043416,1,7,,0,2,7,1,B01
202000043416,1,33,,0,2,8,1,A01
202000043417,1,33,,0,2,1,1,B01
202000043417,2,7,,0,2,3,15,A01
202000043418,2,2,,0,2,2,17,B01
202000043418,2,7,,0,2,3,15,A01
202000043419,2,50,,12,0,1,1,A01
202000043420,1,10,,0,2,2,16,A01
202000043420,1,1,,0,2,3,7,B01
202000043421,1,7,,0,1,2,1,A01
202000043422,1,7,,0,2,8,22,A01
202000043422,1,32,,0,2,7,17,B01
202000043423,2,1,,0,2,8,7,B01
202000043423,2,7,,0,2,7,16,A01
202000043424,1,7,,0,2,7,22,A01
202000043424,1,1,,0,2,1,18,B01
202000043425,3,1,,0,2,8,19,A01
202000043425,3,7,,0,2,1,1,B01
202000043426,1,30,,12,0,7,14,A01
202000043427,1,7,,0,0,8,15,A01
202000043427,1,33,,0,0,7,5,B01
202000043428,1,80,,0,1,2,26,A01
202000043429,2,7,,0,2,2,1,A01
202000043429,2,7,,0,2,3,1,B01
202000043430,1,0,,0,2,1,1,A01
202000043430,1,31,,0,2,1,15,B01
202000043431,1,32,,0,2,6,1,B01
202000043431,1,7,,0,2,6,11,A01
202000043432,1,7,,12,0,2,26,A01
202000043433,0,7,,0,2,2,16,A01
202000043433,1,33,,0,2,3,1,B01
202000043434,3,7,,0,2,4,23,A01
202000043434,3,10,,0,2,1,2,B01
202000043435,3,7,,0,2,1,1,B01
202000043435,3,7,,0,2,2,1,A01
202000043436,2,30,,0,2,7,15,A01
202000043436,2,7,,0,2,3,1,B01
202000043437,1,34,,0,2,1,1,A01
202000043437,2,7,,0,2,2,15,B01
202000043438,2,7,,0,1,2,1,A01
202000043439,1,33,,0,2,8,9,A01
202000043439,1,7,,0,2,2,2,B01
202000043440,1,30,,0,2,1,1,A01
202000043441,1,1,,1,1,1,1,A01
202000043442,2,2,,0,2,1,1,B01
202000043442,1,7,,0,2,3,13,A01
202000043443,1,10,,0,0,6,24,B01
202000043443,1,10,,1,0,1,1,A01
202000043444,3,7,,8,0,1,13,A01
202000043445,1,10,,3,0,4,1,B01
202000043445,1,10,,3,2,1,2,A01
202000043446,1,31,,0,0,7,1,A01
202000043447,3,33,,0,0,0,1,A01
202000043448,1,33,,0,0,8,1,A01
202000043449,3,1,,0,0,0,1,A01
202000043450,1,33,,0,2,2,2,A01
202000043450,1,7,,0,2,6,23,B01
202000043451,1,7,,0,2,6,15,B01
202000043451,2,33,,0,2,1,17,A01
202000043452,1,7,,0,2,1,12,A01
202000043452,1,33,,0,2,4,1,B01
202000043453,2,1,,0,2,1,1,B01
202000043453,2,7,,0,2,8,9,A01
202000043454,1,37,1.0,0,1,7,1,A01
202000043455,1,7,,0,2,3,19,A01
202000043455,1,33,,0,2,1,1,B01
202000043456,2,10,,0,2,1,1,A01
202000043456,1,7,,0,2,7,1,B01
202000043457,1,31,,0,0,0,1,A01
202000043458,1,33,,0,2,7,3,B01
202000043458,1,7,,12,2,2,14,A01
202000043459,2,33,,0,0,7,1,B01
202000043459,1,7,,0,2,8,15,A01
202000043460,2,31,,0,1,5,5,A01
202000043461,2,14,,0,2,3,10,A01
202000043461,1,33,,0,2,1,1,B01
202000043462,2,30,,0,2,3,7,A01
202000043462,2,7,,0,2,0,14,Z01
202000043463,2,7,,0,1,2,1,A01
202000043464,2,7,,0,2,1,9,A01
202000043464,2,31,,0,2,5,16,B01
202000043465,1,33,,0,2,4,23,B01
202000043465,1,30,,0,2,1,2,A01
202000043466,3,1,,0,2,3,1,A01
202000043466,3,7,,0,2,3,1,B01
202000043467,0,7,,0,2,0,16,Z01
202000043467,2,30,,0,2,1,1,A01
202000043468,2,1,,0,0,0,1,A01
202000043469,0,7,,0,2,1,1,B01
202000043469,0,7,,0,2,8,19,A01
202000043470,1,30,,0,2,1,1,B01