Num_Acc,senc,catv,occutc,obs,obsm,choc,manv,num_veh
202000043470,2,7,,0,2,2,15,A01
202000043471,3,31,,13,0,7,26,A01
202000043472,1,7,,0,2,3,1,A01
202000043472,1,30,,0,2,4,17,B01
202000043473,2,1,,0,2,1,17,B01
202000043473,1,1,,0,2,1,13,A01
202000043474,3,7,,0,2,8,16,A01
202000043474,2,7,,0,2,1,1,B01
202000043475,1,10,,0,2,8,22,B01
202000043475,1,1,,0,2,7,1,A01
202000043476,1,10,,0,9,5,4,B01
202000043476,1,80,,0,2,2,1,A01
202000043477,3,2,,0,0,8,1,A01
202000043478,1,7,,0,2,1,15,B01
202000043478,2,30,,0,2,1,17,A01
202000043479,2,17,,0,2,3,1,B01
202000043479,2,17,,0,2,1,1,C01
202000043479,1,17,,0,2,1,13,A01
202000043480,1,10,,0,2,1,15,A01
202000043480,2,1,,0,2,1,7,B01
202000043481,1,7,,0,1,2,1,A01
202000043482,1,10,,0,2,7,1,A01
202000043482,1,50,,0,2,8,13,B01
202000043483,1,7,,0,2,1,0,B01
202000043483,2,7,,0,2,2,6,A01
202000043484,1,32,,0,2,2,1,B01
202000043484,2,7,,0,2,3,1,A01
202000043485,1,7,,13,0,4,13,A01
202000043486,2,7,,0,2,8,15,B01
202000043486,2,32,,0,2,2,17,A01
202000043487,3,30,,0,1,1,1,A01
202000043488,2,1,,0,2,1,1,B01
202000043488,2,7,,0,9,2,15,A01
202000043489,2,32,,0,0,0,1,A01
202000043490,3,13,,0,1,3,2,A01
202000043491,-1,1,,0,2,1,2,B01
202000043491,-1,7,,0,2,4,17,Z01
202000043492,1,7,,0,2,1,15,A01
202000043492,1,7,,0,2,1,13,B01
202000043493,3,7,,0,2,8,1,A01
202000043493,1,15,,0,2,2,16,B01
202000043494,1,7,,0,2,1,2,A01
202000043494,1,7,,0,0,4,23,B01
202000043495,1,2,,0,1,1,1,A01
202000043496,-1,10,,0,2,3,15,B01
202000043496,-1,7,,0,2,1,9,A01
202000043497,2,10,,1,2,3,20,A01
202000043497,2,33,,0,2,7,1,B01
202000043498,-1,14,,0,2,2,9,C01
202000043498,2,2,,0,2,3,1,B01
202000043499,2,10,,0,2,3,15,A01
202000043499,2,7,,0,2,7,3,B01
202000043500,1,33,,0,0,2,0,A01
202000043501,-1,31,,0,0,0,0,B01
202000043501,2,7,,0,2,0,0,A01
202000043502,2,33,,0,2,1,17,A01
202000043502,1,7,,0,2,8,15,B01
202000043503,1,50,,0,2,8,1,B01
202000043503,2,7,,0,2,2,15,A01
202000043504,3,10,,0,2,3,1,B01
202000043504,2,7,,0,2,2,1,A01
202000043505,3,7,,0,2,2,16,A01
202000043505,3,33,,0,2,1,1,B01
202000043506,1,7,,0,2,1,9,A01
202000043506,2,1,,0,2,1,1,B01
202000043507,1,33,,0,2,1,0,B01
202000043507,3,7,,0,2,2,9,A01
202000043508,2,7,,0,2,2,15,A01
202000043508,1,1,,0,2,1,1,B01
202000043509,1,10,,0,1,2,12,A01
202000043510,2,7,,0,9,3,16,A01
202000043510,2,1,,0,2,1,1,B01
202000043511,0,20,,0,0,0,16,C01
202000043511,2,33,,0,2,1,1,B01
202000043511,1,7,,0,2,1,13,A01
202000043512,2,7,,0,1,3,1,A01
202000043512,1,7,,0,2,2,15,B01
202000043513,2,1,,0,2,3,1,B01
202000043513,1,1,,0,2,3,1,A01
202000043514,3,7,,0,2,1,1,A01
202000043514,0,7,,0,2,1,1,B01
202000043515,2,7,,1,0,1,0,A01
202000043516,3,2,,0,0,0,14,A01
202000043517,1,13,,0,0,0,1,B01
202000043517,1,7,,0,9,1,1,A01
202000043518,2,33,,3,0,0,0,A01
202000043519,2,2,,0,0,1,15,B01
202000043519,1,7,,0,0,2,1,A01
202000043520,1,7,,0,2,1,2,Z01
202000043520,1,7,,0,2,4,1,A01
202000043521,1,7,,0,2,1,0,B01
202000043521,2,15,,0,2,1,5,A01
202000043522,3,7,,0,1,2,1,A01
202000043523,2,15,,0,2,7,2,B01
202000043523,2,7,,4,2,8,9,A01
202000043524,1,17,,14,0,1,21,A01
202000043525,0,7,,0,2,3,15,A01
202000043525,2,7,,0,2,1,1,B01
202000043526,2,7,,0,2,4,23,C01
202000043526,2,7,,0,2,1,9,B01
202000043526,2,7,,0,2,4,0,A01
202000043527,1,7,,2,0,9,1,A01
202000043528,1,10,,0,2,8,1,A01
202000043528,1,7,,0,2,2,11,B01
202000043529,1,2,,8,0,1,1,A01
202000043530,0,2,,0,0,0,1,A01
202000043531,1,7,,12,0,5,14,A01
202000043532,2,7,,2,0,3,13,A01
202000043533,2,32,,1,2,8,18,A01
202000043533,2,10,,0,2,2,16,B01
202000043534,1,7,,7,0,1,1,A01
202000043535,1,10,,0,2,1,17,A01
202000043535,1,10,,1,0,6,0,C01
202000043535,1,10,,0,2,4,12,B01
202000043536,3,7,,0,2,7,19,A01
202000043536,1,14,,0,2,1,1,B01
202000043537,2,7,,0,0,0,15,A01
202000043537,2,32,,0,0,0,2,B01
202000043538,2,7,,7,0,8,1,B01
202000043538,2,10,,0,2,1,19,A01
202000043539,1,7,,0,1,1,25,A01
202000043540,1,30,,0,0,0,0,A01
202000043541,1,2,,0,0,8,1,A01
202000043542,1,1,,0,0,0,1,A01
202000043543,3,1,,0,2,7,1,B01
202000043543,3,7,,0,2,8,26,A01
202000043544,2,7,,2,0,9,14,A01
202000043545,3,7,,0,0,4,1,A01
202000043545,3,7,,0,2,1,2,B01
202000043546,0,7,,0,0,5,19,A01
202000043546,2,33,,0,0,1,2,B01
202000043547,2,7,,2,0,1,0,A01
202000043548,2,7,,8,0,3,13,A01
202000043549,1,1,,13,0,1,1,A01
202000043550,1,33,,0,9,0,13,A01
202000043550,2,1,,0,9,0,1,B01
202000043551,3,33,,0,0,0,1,A01
202000043552,1,7,,2,0,1,1,A01
202000043553,2,7,,0,1,1,1,A01
202000043554,1,21,,0,2,6,2,B01
202000043554,2,33,,0,2,5,13,A01
202000043555,1,7,,0,1,3,1,A01
202000043556,3,7,,0,2,3,1,B01
202000043556,3,7,,0,2,3,1,A01
202000043557,2,7,,0,2,3,2,B01
202000043557,2,7,,0,2,1,13,A01
202000043558,2,33,,0,0,0,1,A01
202000043559,1,7,,2,0,1,1,A01
202000043560,1,7,,0,0,4,1,A01
202000043560,1,10,,0,2,4,2,B01
202000043560,1,10,,0,2,1,2,C01
202000043561,1,7,,0,2,2,15,A01
202000043561,2,33,,0,2,1,0,B01
202000043562,2,7,,0,1,3,1,A01
202000043563,1,7,,0,0,4,2,B01
202000043563,1,15,,0,2,3,2,A01
202000043564,2,7,,0,0,2,1,B01
202000043564,2,7,,0,0,4,12,A01
202000043565,2,10,,2,0,3,13,A01
202000043566,1,2,,0,2,1,0,B01
202000043566,1,7,,0,2,7,15,A01
202000043567,1,7,,0,1,7,1,A01
202000043568,3,7,,0,2,1,1,A01
202000043568,3,2,,0,2,8,1,B01
202000043569,2,7,,16,2,0,5,A01
202000043569,1,33,,0,2,8,17,B01
202000043570,1,7,,0,2,3,1,B01
202000043570,2,10,,4,2,3,13,A01
202000043571,2,14,,13,0,2,1,A01
202000043572,3,7,,0,9,3,1,A01
202000043572,3,1,,0,2,1,13,B01
202000043573,1,80,,0,0,0,1,A01
202000043574,1,7,,6,0,1,13,A01
202000043575,1,7,,0,2,1,13,A01
202000043575,2,7,,0,2,1,1,B01
202000043576,3,33,,0,0,0,0,A01
202000043577,3,7,,0,9,3,1,A01
202000043577,3,1,,0,2,8,15,B01
202000043578,1,7,,4,0,2,14,A01
202000043579,1,7,,3,2,5,12,B01
202000043579,2,33,,0,2,3,11,A01
202000043580,2,15,,0,0,0,0,B01
202000043580,2,7,,0,2,0,9,A01
202000043581,1,15,,0,2,1,2,A01
202000043581,1,7,,0,2,4,1,B01
202000043581,1,7,,0,2,4,2,C01
202000043582,1,7,,0,2,2,12,A01
202000043582,1,33,,0,2,1,3,B01
202000043583,2,10,,0,2,5,2,C01
202000043583,2,7,,0,2,9,2,B01
202000043583,2,7,,0,2,1,1,A01
202000043584,1,7,,0,2,0,0,B01
202000043584,1,7,,0,2,1,11,A01
202000043585,2,10,,0,2,6,2,C01
202000043585,2,7,,0,2,4,2,B01
202000043585,2,7,,0,2,4,1,A01
202000043586,2,10,,0,2,3,1,B01
202000043586,2,7,,0,2,2,12,A01
202000043587,1,7,,12,0,1,15,A01
202000043588,1,7,,0,2,8,15,A01
202000043588,1,2,,0,2,1,13,B01
202000043589,3,7,,0,1,2,0,A01
202000043590,3,7,,0,2,2,9,A01
202000043590,3,33,,0,2,8,0,B01
202000043591,1,7,,4,0,3,16,B01
202000043591,1,7,,4,0,3,13,A01
202000043592,0,2,,0,2,7,17,B01
202000043592,0,7,,0,2,8,15,A01
202000043593,1,10,,0,2,7,1,A01
202000043593,3,7,,0,2,8,0,C01
202000043593,2,7,,0,2,3,4,B01
202000043594,3,7,,0,2,2,23,B01
202000043594,3,30,,8,2,4,1,A01
202000043595,1,33,,0,2,1,17,A01
202000043595,1,7,,0,2,1,1,B01
202000043596,2,1,,0,2,1,1,B01
202000043596,1,7,,0,2,2,15,A01
202000043597,3,7,,8,0,0,26,A01
202000043598,2,7,,1,2,3,24,C01
202000043598,2,7,,1,2,4,2,B01
202000043598,2,7,,0,2,1,2,A01
202000043599,3,30,,0,2,1,5,A01
202000043599,3,30,,0,2,1,1,B01
202000043600,1,7,,1,0,3,26,A01
202000043601,3,7,,0,2,1,1,B01
202000043601,2,7,,0,2,7,1,A01
202000043602,1,7,,0,2,4,2,B01
202000043602,1,37,1.0,0,2,1,2,A01
202000043603,1,7,,0,1,2,1,A01
202000043604,1,37,2.0,0,2,4,24,B01
202000043604,1,7,,1,0,1,2,A01
202000043605,1,7,,0,2,3,15,B01
202000043605,1,7,,0,2,2,1,A01
202000043606,1,7,,0,1,2,1,A01
202000043607,1,1,,0,2,8,19,B01
202000043607,1,7,,0,2,2,1,A01
202000043608,1,7,,9,0,1,16,A01
202000043609,2,10,,0,1,1,1,A01
202000043610,1,7,,0,1,2,1,A01
202000043611,3,7,,13,0,0,26,A01
202000043612,1,1,,0,2,1,0,B01
202000043612,2,1,,0,2,1,26,A01
202000043613,0,2,,0,2,1,1,A01
202000043613,0,7,,0,2,1,15,B01
202000043614,2,7,,0,2,4,2,C01
202000043614,2,7,,0,2,4,2,B01
202000043614,2,7,,0,2,1,2,A01
202000043615,3,7,,0,2,1,2,A01
202000043615,3,7,,0,2,4,2,B01
202000043616,3,7,,10,0,1,1,A01
202000043617,3,7,,0,1,1,1,Z01
202000043618,3,2,,0,0,0,26,A01
202000043619,3,2,,0,0,0,0,A01
202000043620,2,1,,0,2,7,1,B01
202000043620,1,7,,0,9,2,1,A01
202000043621,2,7,,0,2,1,1,B01
202000043621,1,33,,0,2,1,1,A01
202000043622,3,7,,2,0,8,1,A01
202000043623,1,37,1.0,0,1,7,1,A01
202000043624,1,33,,0,2,1,26,B01
202000043624,2,7,,0,2,5,15,A01
202000043625,1,7,,13,0,1,14,A01
202000043626,3,10,,0,1,4,4,A01
202000043627,2,7,,0,1,3,1,A01
202000043628,0,7,,15,0,1,15,A01
202000043629,0,31,,0,2,1,1,B01
202000043629,0,7,,0,2,3,9,A01
202000043630,1,99,,0,2,7,0,B01
202000043630,1,7,,0,9,3,0,A01
202000043631,2,7,,0,2,2,1,B01
202000043631,1,7,,0,2,1,17,A01
202000043632,3,2,,0,2,8,21,B01
202000043632,3,7,,0,0,0,20,A01
202000043633,2,10,,0,2,2,1,A01
202000043633,3,7,,0,1,3,16,B01
202000043634,3,10,,0,2,1,1,A01
202000043634,3,37,2.0,0,2,4,23,B01
202000043635,3,30,,0,2,3,19,A01
202000043635,1,7,,0,2,2,26,B01
202000043636,2,10,,0,2,4,23,B01
202000043636,2,43,,0,2,1,1,A01
202000043637,1,7,,4,0,1,13,A01
202000043638,1,10,,1,1,6,13,A01
202000043639,1,30,,0,2,1,1,B01
202000043639,1,7,,0,2,7,1,A01
202000043640,2,43,,0,2,8,18,A01
202000043640,2,10,,0,2,2,16,B01
202000043641,1,10,,0,2,0,11,A01
202000043641,1,1,,0,2,0,17,B01
202000043642,1,33,,0,2,4,11,A01
202000043642,1,7,,0,2,2,1,B01
202000043643,3,43,,0,1,1,1,Z01
202000043644,2,50,,0,1,7,25,Z01
202000043645,2,43,,0,2,1,1,B01
202000043645,1,10,,0,2,3,10,A01
202000043646,1,34,,0,2,1,2,A01
202000043646,1,10,,0,2,0,1,Z01
202000043647,3,1,,0,1,3,1,A01
202000043648,3,7,,0,1,1,1,A01
202000043649,1,7,,0,1,1,15,A01
202000043650,2,10,,0,2,5,22,A01
202000043650,2,33,,0,2,1,9,B01
202000043651,0,0,,0,1,0,26,Z01
202000043652,2,7,,0,2,1,9,B01
202000043652,2,50,,0,2,7,25,A01
202000043653,2,10,,0,1,7,1,A01
202000043654,2,7,,0,1,1,26,A01
202000043655,1,33,,0,0,0,0,T01
202000043655,1,30,,14,0,0,1,A01
202000043656,0,10,,6,0,1,1,A01
202000043657,2,10,,0,1,2,1,A01
202000043658,2,7,,12,2,3,19,A01
202000043658,2,10,,0,2,1,0,B01
202000043659,0,32,,0,1,1,21,A01
202000043660,2,34,,0,1,0,16,A01
202000043661,0,7,,0,0,3,1,B01
202000043661,0,10,,0,2,1,19,A01
202000043662,2,7,,0,2,7,4,A01
202000043662,2,30,,0,2,1,1,B01
202000043663,1,50,,0,2,8,1,A01
202000043663,1,7,,0,2,5,16,B01
202000043664,1,7,,0,2,2,16,A01
202000043664,1,1,,0,2,1,26,B01
202000043665,2,7,,0,2,3,15,A01
202000043665,2,33,,0,1,8,1,B01
202000043666,1,10,,1,9,3,0,A01
202000043666,1,80,,0,9,7,2,B01
202000043667,2,7,,6,0,0,1,A01
202000043668,2,10,,0,2,1,1,B01
202000043668,1,7,,0,2,1,5,A01
202000043669,3,7,,0,2,3,1,B01
202000043669,3,7,,0,2,3,13,A01
202000043670,2,2,,16,0,0,1,B01
202000043670,2,17,,0,0,0,17,A01
202000043671,0,7,,15,0,0,1,A01
202000043672,2,7,,16,0,9,1,A01
202000043673,1,7,,0,0,1,23,C01
202000043673,2,7,,0,2,5,15,B01
202000043673,1,7,,0,2,3,1,A01
202000043674,1,7,,0,2,1,15,A01
202000043674,2,2,,0,2,1,1,B01
202000043675,0,30,,0,2,7,1,A01
202000043675,0,21,,0,2,8,1,B01
202000043676,1,14,,15,0,1,1,A01
202000043677,1,7,,0,1,7,17,A01
202000043678,1,10,,0,2,8,11,A01
202000043678,1,33,,0,2,7,17,B01
202000043679,2,7,,4,0,6,2,B01
202000043679,2,15,,0,2,2,12,A01
202000043680,2,7,,6,0,1,13,A01
202000043681,1,7,,0,2,3,15,A01
202000043681,2,80,,0,2,8,21,B01
202000043682,3,7,,0,1,6,4,A01
202000043683,2,7,,0,2,1,1,B01
202000043683,1,7,,0,2,1,13,A01
202000043684,0,7,,0,1,4,4,A01
202000043685,1,14,,0,0,0,0,A01
202000043686,2,7,,0,2,1,13,A01
202000043686,1,15,,0,2,1,21,B01
202000043686,2,7,,0,2,1,1,C01
202000043687,1,31,,0,0,5,1,A01
202000043688,3,7,,0,2,0,26,B01
202000043688,0,1,,0,2,0,0,A01
202000043689,3,1,,0,2,1,1,B01
202000043689,0,7,,0,2,0,0,A01
202000043690,1,7,,0,2,2,1,A01
202000043690,1,7,,0,2,3,19,B01
202000043691,1,33,,0,0,9,1,A01
202000043692,1,7,,0,2,7,15,A01
202000043692,1,7,,0,2,1,1,B01
202000043693,2,7,,0,0,1,17,A01
202000043694,0,2,,0,2,1,17,B01
202000043694,0,7,,0,2,1,1,A01
202000043695,2,7,,1,0,2,26,A01
202000043696,3,7,,0,2,8,26,A01
202000043696,1,7,,0,2,1,1,B01
202000043697,2,7,,0,1,2,1,Z01
202000043698,0,7,,0,1,1,1,A01
202000043699,1,7,,0,2,4,2,B01
202000043699,1,2,,0,2,1,2,A01
202000043700,0,7,,0,2,7,1,A01
202000043700,2,2,,0,2,8,1,B01
202000043701,1,7,,0,2,1,2,A01
202000043701,1,7,,0,2,5,23,B01
202000043701,1,7,,0,2,1,23,C01
202000043701,1,7,,0,2,4,23,D01
202000043702,1,7,,0,2,1,13,A01
202000043702,2,7,,0,2,1,1,B01
202000043702,1,7,,0,2,1,1,C01
202000043703,3,7,,0,2,7,15,A01
202000043703,3,30,,0,2,1,1,B01
202000043704,1,7,,0,2,0,1,A01
202000043704,1,2,,0,2,0,1,B01
202000043705,1,7,,0,1,1,1,A01
202000043706,1,7,,0,2,4,2,B01
202000043706,1,7,,0,2,4,2,A01
202000043707,2,30,,0,0,2,21,A01
202000043708,2,7,,0,2,4,23,A01
202000043708,2,7,,0,2,1,1,B01
202000043709,1,2,,0,2,0,1,A01
202000043710,2,7,,0,2,4,2,B01
202000043710,2,1,,0,2,1,2,A01
202000043711,1,7,,0,0,4,1,B01
202000043711,1,7,,0,2,1,1,A01
202000043712,2,10,,0,2,3,1,B01
202000043712,1,10,,0,2,1,19,A01
202000043713,3,7,,0,1,4,26,A01
202000043714,3,2,,0,2,0,15,B01
202000043714,1,7,,0,2,0,1,A01
202000043715,1,7,,0,1,1,1,A01
202000043716,1,7,,0,2,2,15,B01
202000043716,2,7,,0,2,1,1,A01
202000043717,0,7,,0,2,6,1,B01
202000043717,0,7,,0,2,1,13,A01
202000043717,0,7,,0,2,6,1,C01
202000043717,0,7,,0,2,1,1,D01
202000043718,3,7,,0,2,8,15,A01
202000043718,2,31,,0,2,1,1,B01
202000043719,1,7,,0,2,4,1,B01
202000043719,1,7,,0,2,4,1,C01
202000043719,1,7,,0,2,1,1,A01
202000043720,2,2,,0,2,8,1,B01
202000043720,2,10,,0,2,2,14,A01
202000043721,3,17,,0,2,2,15,A01
202000043721,1,33,,0,2,1,1,B01
202000043722,0,7,,0,1,0,26,Z01
202000043723,3,7,,0,2,1,2,Z01
202000043723,0,7,,0,2,6,2,B01
202000043723,3,7,,0,2,4,2,A01
202000043724,0,7,,0,2,3,15,Z01
202000043724,3,1,,0,2,1,1,B01
202000043725,3,7,,0,2,1,1,A01
202000043725,1,7,,0,2,1,1,B01
202000043726,2,7,,0,1,3,1,A01
202000043727,3,7,,0,2,4,2,A01
202000043727,3,7,,0,2,1,2,B01
202000043728,3,10,,0,1,4,4,A01
202000043729,2,7,,0,1,1,1,A01
202000043730,1,7,,0,1,3,1,A01
202000043731,0,1,,0,2,1,19,A01
202000043731,3,7,,0,2,6,1,B01
202000043732,3,7,,0,2,0,15,A01
202000043732,3,32,,0,2,0,2,B01
202000043733,1,1,,0,2,1,1,B01
202000043733,1,7,,0,2,1,9,A01
202000043734,2,2,,0,2,1,2,A01
202000043734,2,7,,0,2,4,2,B01
202000043735,0,7,,0,1,0,0,Z01
202000043736,1,7,,0,2,4,2,A01
202000043736,1,10,,1,0,0,2,B01
202000043736,1,10,,0,2,4,2,C01
202000043736,1,13,,0,2,4,23,D01
202000043737,3,10,,0,1,1,1,A01
202000043738,0,7,,0,1,1,1,A01
202000043739,2,7,,0,2,1,1,B01
202000043739,1,7,,0,2,7,15,A01
202000043740,2,7,,0,1,1,0,A01
202000043741,2,30,,0,2,1,1,B01
202000043741,1,7,,0,2,3,15,A01
202000043742,3,7,,0,1,1,1,A01
202000043743,1,7,,0,2,1,1,A01
202000043743,1,7,,0,2,4,2,B01
202000043744,1,10,,0,2,7,0,Z01
202000043744,1,7,,3,0,9,1,A01
202000043745,1,7,,9,2,2,17,A01
202000043745,1,7,,0,2,3,15,B01
202000043746,3,7,,0,2,3,10,A01
202000043746,3,7,,0,2,1,1,B01
202000043747,2,32,,0,9,7,0,B01
202000043747,2,50,,0,2,8,0,A01
202000043748,1,34,,0,1,1,1,A01
202000043749,1,7,,0,2,2,0,B01
202000043749,1,7,,0,2,1,15,A01
202000043750,1,7,,0,2,3,15,A01
202000043750,2,7,,0,2,3,0,B01
202000043751,3,7,,0,2,8,1,B01
202000043751,3,7,,0,2,8,13,A01
202000043752,3,7,,0,0,3,2,B01
202000043752,3,30,,0,2,1,17,A01
202000043753,3,7,,0,2,5,15,A01
202000043753,3,7,,0,2,1,1,B01
202000043754,1,31,,0,0,7,1,A01
202000043755,1,7,,0,1,1,1,A01
202000043756,3,33,,0,2,1,1,A01
202000043756,3,3,,0,2,4,10,B01
202000043757,2,32,,0,2,2,1,B01
202000043757,2,7,,0,2,3,9,A01
202000043758,2,7,,8,0,1,1,A01
202000043759,1,1,,0,1,4,1,A01
202000043760,2,10,,0,2,4,2,B01
202000043760,2,1,,0,2,1,2,A01
202000043761,2,37,2.0,0,0,0,1,A01
202000043762,2,7,,0,2,2,1,A01
202000043762,0,7,,0,2,3,1,B01
202000043763,2,7,,0,2,2,12,Z01
202000043763,2,33,,0,2,1,1,A01
202000043764,2,33,,0,2,1,1,A01
202000043764,1,7,,0,2,2,15,B01
202000043765,1,7,,0,2,2,9,A01
202000043765,2,30,,1,2,9,1,B01
202000043766,1,7,,0,2,4,23,B01
202000043766,1,7,,0,2,1,2,A01
202000043767,2,7,,14,0,3,13,A01
202000043768,1,7,,0,1,3,15,A01
202000043769,1,80,,0,0,0,21,A01
202000043770,1,7,,0,2,2,17,A01
202000043770,1,1,,0,2,4,17,B01
202000043771,1,33,,0,0,8,21,A01
202000043772,1,7,,0,2,7,22,Z01
202000043772,1,1,,0,2,1,1,A01
202000043773,2,7,,0,2,6,13,A01
202000043773,2,32,,0,2,1,1,B01
202000043774,2,10,,0,2,1,15,A01
202000043774,1,30,,0,2,8,1,B01
202000043775,3,50,,0,0,3,15,A01
202000043776,3,7,,0,1,1,1,A01
202000043777,1,7,,0,1,2,1,A01
202000043778,2,1,,0,2,1,1,B01
202000043778,1,10,,0,9,1,15,A01
202000043779,1,7,,0,2,3,9,A01
202000043779,1,15,,0,2,5,1,B01
202000043780,1,32,,0,1,3,25,A01
202000043781,1,7,,0,1,3,1,A01
202000043782,2,34,,1,0,1,13,A01
202000043783,0,30,,0,0,0,0,B01
202000043783,1,30,,0,2,1,1,A01
202000043784,3,37,1.0,0,2,1,1,A01
202000043784,3,13,,0,2,4,1,B01
202000043785,1,7,,0,1,3,13,A01
202000043786,1,10,,0,1,1,17,A01
202000043787,2,7,,0,2,1,23,C01
202000043787,2,7,,14,0,3,23,B01
202000043787,1,7,,0,2,1,1,A01
202000043788,3,7,,0,1,3,1,A01
202000043789,3,2,,0,2,1,1,B01
202000043789,3,7,,0,2,7,1,A01
202000043790,1,10,,0,2,1,26,B01
202000043790,1,7,,0,2,4,16,A01
202000043791,1,33,,0,2,2,2,A01
202000043791,1,7,,0,2,8,2,B01
202000043792,1,32,,0,1,1,17,A01
202000043793,3,7,,16,0,9,1,A01
202000043794,1,7,,0,2,1,15,A01
202000043794,2,2,,0,2,1,0,B01
202000043795,3,32,,0,0,0,0,A01
202000043796,2,7,,0,1,1,1,A01
202000043797,2,33,,0,2,1,1,B01
202000043797,1,7,,0,2,7,15,A01
202000043798,3,2,,0,9,1,26,Z01
202000043799,1,50,,0,0,0,25,A01
202000043800,1,1,,0,2,7,19,A01
202000043800,2,7,,0,9,1,19,B01
202000043801,2,1,,1,0,1,13,B01
202000043801,2,7,,0,9,8,24,A01
202000043802,2,33,,16,0,1,2,A01
202000043803,3,33,,0,2,3,0,B01
202000043803,3,7,,0,2,3,16,A01
202000043804,2,7,,0,1,2,5,A01
202000043805,2,7,,0,2,1,1,B01
202000043805,1,7,,0,2,3,15,A01
202000043806,1,7,,6,1,2,1,A01
202000043807,2,7,,6,0,3,1,A01
202000043808,2,31,,0,2,1,1,B01
202000043808,1,7,,0,2,3,10,A01
202000043809,1,7,,0,1,1,1,A01
202000043810,1,7,,0,2,1,1,B01
202000043810,2,7,,0,0,1,19,A01
202000043811,1,7,,0,2,2,1,A01
202000043811,1,1,,0,2,4,0,B01
202000043812,1,7,,0,1,3,1,A01
202000043813,2,2,,0,2,1,1,B01
202000043813,2,7,,0,2,7,15,A01
202000043814,1,10,,0,2,3,1,A01
202000043814,2,7,,0,2,3,1,B01
202000043815,1,7,,2,0,8,1,A01
202000043816,3,7,,0,0,1,1,A01
202000043817,3,1,,17,0,0,1,A01
202000043818,1,7,,0,2,2,1,B01
202000043818,3,7,,0,2,3,9,A01
202000043819,3,7,,2,0,3,1,A01
202000043820,1,7,,7,2,8,19,B01
202000043820,2,7,,0,2,1,2,A01
202000043821,2,7,,4,0,1,1,A01
202000043822,3,7,,0,1,1,1,A01
202000043823,3,33,,13,0,3,1,A01
202000043824,1,7,,0,2,1,5,A01
202000043824,2,7,,0,2,1,21,B01
202000043825,2,33,,0,0,1,1,B01
202000043825,1,7,,0,0,5,26,A01
202000043826,1,7,,0,0,1,0,A01
202000043826,1,1,,0,0,8,0,B01
202000043827,2,32,,0,0,8,1,A01
202000043828,2,2,,0,2,1,5,B01
202000043828,1,7,,0,2,2,1,A01
202000043829,0,10,,0,2,8,1,C01
202000043829,0,7,,5,2,3,1,B01
202000043829,0,7,,0,2,1,15,A01
202000043830,0,7,,0,2,3,1,B01
202000043830,3,7,,0,2,3,15,A01
202000043830,0,7,,0,2,3,23,C01
202000043831,0,32,,0,2,1,0,B01
202000043831,0,1,,0,2,1,1,A01
202000043832,1,33,,0,2,1,18,A01
202000043832,2,7,,0,2,1,15,B01
202000043833,1,7,,6,0,1,1,A01
202000043834,1,7,,0,2,1,17,A01
202000043834,2,7,,0,2,1,21,B01
202000043835,3,7,,13,0,3,1,B01
202000043835,3,7,,13,0,4,4,A01
202000043836,2,7,,0,2,3,1,B01
202000043836,1,7,,0,6,1,13,A01
202000043837,1,30,,0,2,1,1,B01
202000043837,1,7,,0,2,1,15,A01
202000043838,0,7,,2,0,3,2,A01
202000043839,1,7,,0,2,2,16,A01
202000043839,1,1,,0,2,1,5,B01
202000043840,1,7,,4,2,1,1,C01
202000043840,1,14,,0,2,2,12,B01
202000043840,1,7,,4,2,6,1,A01
202000043841,2,7,,0,2,4,2,A01
202000043841,2,7,,0,2,1,1,B01
202000043842,1,7,,0,2,6,1,C01
202000043842,1,7,,0,2,4,2,B01
202000043842,1,7,,0,2,1,2,A01
202000043843,1,7,,0,2,1,2,C01
202000043843,1,7,,0,2,9,1,B01
202000043843,1,7,,0,2,4,1,A01
202000043844,2,10,,0,2,3,15,A01
202000043844,2,7,,0,2,2,15,B01
202000043845,2,7,,6,0,0,0,A01
202000043846,1,7,,0,2,6,2,C01
202000043846,1,7,,0,2,4,2,B01
202000043846,1,7,,0,2,1,2,A01
202000043847,2,7,,0,2,1,1,A01
202000043847,2,10,,0,2,4,2,D01
202000043847,2,10,,0,2,4,2,C01
202000043847,2,10,,0,2,4,2,B01
202000043848,1,7,,0,2,4,1,B01
202000043848,1,7,,0,2,1,1,A01
202000043849,1,33,,5,0,1,1,A01
202000043850,1,10,,0,2,4,1,C01
202000043850,1,7,,0,2,7,1,B01
202000043850,1,34,,0,2,8,3,A01
202000043851,2,33,,0,2,8,3,A01
202000043851,2,7,,0,2,7,12,B01
202000043852,1,7,,0,2,4,2,C01
202000043852,1,7,,0,2,1,2,B01
202000043852,1,7,,0,2,1,2,A01
202000043853,1,10,,3,0,2,18,A01
202000043854,2,33,,0,2,1,26,A01
202000043854,2,10,,0,2,5,0,B01
202000043855,2,7,,4,0,3,1,A01
202000043856,1,33,,0,0,7,1,A01
202000043857,1,15,,0,2,6,13,B01
202000043857,1,7,,4,2,2,1,A01
202000043858,1,7,,0,0,9,0,A01
202000043859,2,7,,0,2,4,2,D01
202000043859,2,10,,0,2,1,2,A01
202000043859,2,10,,0,2,9,2,C01