Num_Acc,senc,catv,occutc,obs,obsm,choc,manv,num_veh
202000043859,2,7,,0,2,9,2,B01
202000043860,2,7,,0,1,1,1,A01
202000043861,0,7,,0,1,2,1,A01
202000043862,1,2,,0,2,1,2,A01
202000043862,1,2,,0,2,5,16,B01
202000043863,1,7,,0,2,1,1,B01
202000043863,1,10,,8,2,8,1,A01
202000043864,2,7,,0,2,3,0,B01
202000043864,1,1,,0,2,0,1,A01
202000043865,3,7,,0,1,2,26,A01
202000043866,2,33,,0,2,2,17,B01
202000043866,2,7,,0,2,3,11,A01
202000043867,3,7,,0,2,1,26,A01
202000043867,3,7,,0,2,4,2,B01
202000043867,3,7,,0,2,4,2,C01
202000043867,3,7,,0,2,4,2,D01
202000043868,3,10,,0,2,4,23,B01
202000043868,3,7,,0,2,1,1,A01
202000043869,1,7,,0,2,1,19,A01
202000043869,1,2,,0,2,6,1,B01
202000043870,1,7,,0,2,1,15,A01
202000043870,1,2,,0,2,1,18,B01
202000043871,1,7,,0,2,1,16,B01
202000043871,1,1,,0,2,8,5,A01
202000043872,2,7,,0,1,2,1,A01
202000043873,2,7,,0,2,6,1,B01
202000043873,1,33,,0,2,1,0,A01
202000043874,2,1,,0,0,3,13,B01
202000043874,2,1,,0,2,1,17,A01
202000043875,1,10,,0,1,2,26,A01
202000043876,1,7,,0,1,7,17,A01
202000043877,3,7,,0,2,1,2,A01
202000043877,3,7,,0,2,4,2,B01
202000043878,2,7,,0,2,1,13,A01
202000043878,1,37,1.0,0,2,1,1,B01
202000043879,1,2,,1,0,8,1,A01
202000043880,2,10,,0,2,7,15,A01
202000043880,1,33,,0,2,1,1,B01
202000043881,1,7,,0,1,1,2,A01
202000043882,1,7,,0,2,4,2,B01
202000043882,1,0,,0,2,0,0,Z01
202000043883,3,33,,1,0,1,1,A01
202000043884,1,7,,13,0,0,13,A01
202000043885,1,2,,0,2,1,17,A01
202000043885,1,3,,0,2,3,15,B01
202000043886,3,7,,15,0,1,1,A01
202000043887,3,7,,6,2,1,15,A01
202000043887,1,33,,12,2,1,1,B01
202000043888,1,7,,0,1,3,1,CA01
202000043889,2,1,,0,2,1,1,A01
202000043889,2,7,,0,9,3,15,B01
202000043890,2,1,,0,9,4,1,B01
202000043890,2,1,,0,9,1,1,A01
202000043891,1,7,,0,1,1,1,A01
202000043892,2,0,,0,1,3,9,Z01
202000043893,3,30,,0,2,0,9,A01
202000043894,1,7,,0,2,4,2,C01
202000043894,1,7,,0,2,4,2,B01
202000043894,1,10,,0,2,1,2,A01
202000043895,2,31,,0,2,1,17,A01
202000043895,2,7,,0,2,6,1,B01
202000043896,2,30,,0,0,8,1,A01
202000043897,1,7,,0,2,4,2,B01
202000043897,1,10,,0,2,1,2,A01
202000043898,2,7,,0,1,2,1,A01
202000043899,1,7,,0,2,4,2,B01
202000043899,1,33,,1,2,1,2,A01
202000043900,2,7,,0,2,1,9,B01
202000043900,2,7,,0,2,7,1,A01
202000043900,2,7,,0,2,1,1,C01
202000043901,3,7,,3,0,9,0,A01
202000043902,1,32,,-1,-1,-1,-1,A01
202000043903,0,7,,0,1,2,1,A01
202000043904,1,10,,0,1,2,1,A01
202000043905,2,7,,3,2,5,13,D01
202000043905,2,7,,0,2,1,1,B01
202000043905,2,7,,0,2,8,0,A01
202000043905,2,10,,0,2,1,1,C01
202000043906,0,7,,0,2,1,1,A01
202000043906,0,7,,0,2,2,1,B01
202000043907,1,7,,0,1,1,16,Z01
202000043908,0,80,,0,2,1,1,B01
202000043908,0,7,,0,2,2,1,A01
202000043908,0,7,,0,2,3,23,C01
202000043909,0,7,,0,1,4,4,A01
202000043910,3,7,,0,2,2,1,B01
202000043910,3,7,,0,2,3,16,A01
202000043911,1,7,,0,2,4,16,B01
202000043911,1,33,,0,2,1,16,A01
202000043912,1,1,,0,2,1,5,A01
202000043912,1,7,,0,2,5,1,B01
202000043913,1,1,,0,2,1,1,B01
202000043913,1,7,,0,2,1,9,A01
202000043914,1,7,,0,2,2,1,A01
202000043914,1,7,,0,2,1,1,B01
202000043915,2,10,,0,2,2,1,B01
202000043915,2,10,,0,2,6,19,A01
202000043916,3,7,,0,2,3,15,A01
202000043916,1,7,,0,2,2,1,B01
202000043917,1,13,,0,1,3,26,A01
202000043918,1,7,,0,2,1,17,A01
202000043918,2,7,,0,2,0,9,B01
202000043918,1,7,,0,0,0,0,C01
202000043919,1,7,,0,1,1,1,A01
202000043920,2,7,,0,2,2,1,A01
202000043920,2,31,,0,2,8,1,B01
202000043921,1,7,,0,2,2,14,A01
202000043921,1,50,,0,2,1,19,B01
202000043922,0,34,,0,2,5,16,B01
202000043922,0,7,,0,2,2,1,A01
202000043923,1,7,,0,2,1,2,A01
202000043923,1,33,,14,0,0,23,B01
202000043924,2,7,,1,0,1,1,A01
202000043925,1,30,,0,0,0,26,A01
202000043926,2,7,,0,9,1,1,A01
202000043926,2,50,,0,2,7,1,B01
202000043927,1,2,,16,0,1,15,A01
202000043928,1,7,,0,2,2,1,B01
202000043928,2,1,,0,2,1,1,A01
202000043929,1,7,,0,2,4,2,B01
202000043929,1,15,,0,2,1,2,A01
202000043930,3,7,,2,0,1,21,A01
202000043931,2,7,,0,1,5,1,A01
202000043932,1,31,,0,2,7,2,A01
202000043933,1,10,,0,0,4,2,B01
202000043933,1,1,,0,2,1,2,A01
202000043934,0,7,,0,0,8,1,B01
202000043934,0,7,,0,2,1,19,A01
202000043935,2,1,,0,2,8,1,B01
202000043935,2,7,,0,2,1,15,A01
202000043936,3,30,,0,2,1,1,A01
202000043936,1,7,,0,2,1,15,B01
202000043937,1,7,,0,1,1,15,A01
202000043938,3,31,,0,0,0,15,B01
202000043938,3,10,,0,0,0,26,A01
202000043939,2,15,,0,0,1,17,A01
202000043940,2,80,,12,0,7,12,A01
202000043941,1,34,,0,2,1,21,B01
202000043941,2,7,,0,2,2,15,A01
202000043942,1,7,,0,2,1,15,A01
202000043942,2,32,,0,2,8,1,B01
202000043943,2,7,,0,2,1,15,A01
202000043943,1,30,,0,2,3,1,B01
202000043944,2,7,,0,1,2,1,Z01
202000043945,2,33,,0,2,1,17,B01
202000043945,1,7,,0,2,3,15,A01
202000043946,2,33,,0,2,1,1,B01
202000043946,1,7,,0,2,7,15,A01
202000043947,1,7,,0,2,3,15,A01
202000043947,2,7,,0,2,1,1,B01
202000043948,0,7,,16,2,1,13,A01
202000043948,0,7,,0,2,6,23,B01
202000043949,0,7,,0,1,3,1,A01
202000043950,1,7,,6,0,1,13,A01
202000043951,3,7,,0,5,1,1,A01
202000043952,1,2,,0,0,0,1,A01
202000043953,1,7,,0,2,1,2,A01
202000043953,1,7,,0,2,4,2,B01
202000043953,1,7,,0,2,4,2,C01
202000043954,1,32,,1,0,1,1,A01
202000043954,1,7,,0,2,5,0,B01
202000043955,1,2,,0,2,5,15,A01
202000043955,2,7,,0,2,2,1,B01
202000043956,3,50,,0,2,0,0,A01
202000043956,1,7,,0,2,2,15,Z01
202000043957,1,7,,0,1,1,15,A01
202000043958,1,7,,0,2,4,26,B01
202000043958,1,20,,0,2,1,26,A01
202000043959,2,7,,0,2,1,26,A01
202000043959,2,2,,0,2,4,0,B01
202000043960,2,20,,0,0,1,16,A01
202000043961,1,1,,0,0,0,26,A01
202000043962,1,33,,0,2,1,2,A01
202000043962,1,10,,0,2,4,2,B01
202000043963,2,7,,0,2,1,1,B01
202000043963,3,10,,0,2,5,19,A01
202000043964,1,7,,0,2,2,12,A01
202000043964,1,34,,0,2,3,1,B01
202000043965,2,7,,0,2,4,1,B01
202000043965,2,33,,0,2,1,2,A01
202000043966,1,7,,10,0,1,1,A01
202000043967,1,50,,0,2,1,1,A01
202000043967,2,1,,0,2,1,15,B01
202000043968,2,7,,0,2,1,2,B01
202000043968,1,50,,0,2,8,19,A01
202000043969,1,50,,0,1,1,8,A01
202000043970,2,42,,0,1,1,17,A01
202000043971,3,7,,12,0,1,15,A01
202000043972,3,7,,0,2,0,15,Z01
202000043972,3,32,,0,2,3,1,A01
202000043973,1,7,,0,1,2,1,A01
202000043974,2,7,,0,2,1,1,A01
202000043974,1,1,,0,2,1,13,B01
202000043975,3,7,,0,2,4,23,B01
202000043975,3,7,,0,2,1,2,A01
202000043976,3,32,,0,2,1,2,A01
202000043976,3,32,,0,2,4,23,B01
202000043977,1,7,,0,2,7,1,C01
202000043977,1,1,,0,2,1,1,A01
202000043977,1,7,,0,2,3,16,B01
202000043978,1,7,,0,2,2,16,A01
202000043978,1,1,,0,2,3,1,B01
202000043979,3,1,,0,2,1,1,B01
202000043979,3,50,,0,2,1,5,A01
202000043980,2,7,,0,2,4,11,A01
202000043980,2,31,,0,2,1,1,B01
202000043981,1,1,,0,0,1,21,A01
202000043982,2,1,,0,2,3,1,A01
202000043982,1,7,,0,2,3,16,B01
202000043983,3,1,,0,5,7,1,A01
202000043984,3,32,,0,0,0,1,A01
202000043985,1,30,,0,2,7,13,A01
202000043985,1,7,,0,2,8,17,B01
202000043986,3,30,,0,1,1,14,A01
202000043987,2,7,,0,2,6,24,C01
202000043987,2,7,,0,2,8,22,A01
202000043987,2,2,,0,2,2,1,B01
202000043988,3,2,,0,2,5,1,B01
202000043988,1,7,,0,2,3,9,A01
202000043989,2,1,,0,0,7,1,A01
202000043990,2,7,,0,2,2,1,B01
202000043990,1,30,,0,2,3,1,A01
202000043991,2,1,,0,2,6,1,B01
202000043991,2,7,,0,2,2,15,A01
202000043992,1,7,,0,1,7,20,A01
202000043993,1,1,,0,2,2,1,A01
202000043993,1,33,,0,2,1,1,B01
202000043994,1,7,,0,2,4,2,C01
202000043994,1,7,,0,2,4,2,B01
202000043994,1,7,,0,2,1,2,A01
202000043995,2,7,,0,1,3,15,A01
202000043996,1,1,,0,0,1,25,A01
202000043997,1,10,,0,1,1,19,A01
202000043998,2,7,,0,1,1,1,A01
202000043999,3,31,,0,2,1,1,B01
202000043999,3,7,,0,2,8,15,A01
202000044000,2,31,,0,2,1,9,B01
202000044000,2,7,,0,2,2,20,A01
202000044001,2,1,,0,2,2,1,B01
202000044001,3,1,,0,0,0,0,C01
202000044001,3,10,,0,2,0,0,A01
202000044002,3,7,,0,2,6,11,B01
202000044002,3,7,,0,2,2,21,A01
202000044003,2,7,,1,0,0,24,B01
202000044003,2,1,,0,2,1,1,A01
202000044004,3,30,,0,2,0,0,A01
202000044004,3,7,,0,2,3,0,B01
202000044005,2,30,,1,0,1,21,A01
202000044005,2,99,,0,0,1,1,B01
202000044006,1,7,,0,2,2,1,B01
202000044006,1,7,,0,2,1,9,A01
202000044007,1,33,,0,2,4,2,B01
202000044007,1,17,,0,2,1,2,A01
202000044008,1,10,,0,0,5,1,A01
202000044008,1,33,,0,2,1,1,B01
202000044009,1,7,,0,2,1,9,A01
202000044009,1,30,,0,2,7,0,B01
202000044010,-1,34,,8,2,1,1,A01
202000044010,-1,7,,0,2,3,15,B01
202000044011,1,7,,0,1,3,15,A01
202000044012,2,32,,0,2,8,1,A01
202000044012,2,7,,0,2,7,7,B01
202000044013,0,7,,0,2,3,0,A01
202000044013,1,7,,0,2,1,26,B01
202000044014,1,43,,0,2,7,1,B01
202000044014,1,10,,0,2,1,9,A01
202000044015,0,7,,6,0,3,20,A01
202000044016,1,1,,12,0,0,9,A01
202000044017,2,1,,0,2,1,1,B01
202000044017,1,7,,0,2,1,15,A01
202000044018,1,7,,9,0,1,6,A01
202000044019,1,30,,0,2,0,17,A01
202000044019,1,7,,0,2,3,19,B01
202000044020,2,7,,0,2,1,1,B01
202000044020,1,7,,0,2,1,2,A01
202000044021,2,7,,0,2,1,15,A01
202000044021,1,1,,0,2,1,1,B01
202000044022,2,7,,13,0,3,0,A01
202000044023,2,10,,0,0,8,1,A01
202000044024,1,7,,0,2,2,1,B01
202000044024,3,33,,0,2,1,5,A01
202000044025,3,7,,0,2,3,1,A01
202000044025,3,32,,0,2,1,1,B01
202000044026,0,2,,0,0,8,2,A01
202000044027,2,33,,0,0,3,1,A01
202000044028,0,2,,0,2,1,1,B01
202000044028,0,7,,0,0,3,1,A01
202000044029,0,7,,8,2,1,1,A01
202000044029,0,7,,0,2,3,1,B01
202000044030,1,7,,0,1,3,1,A01
202000044031,3,7,,0,0,2,1,A01
202000044031,3,2,,0,2,1,1,B01
202000044032,3,7,,13,0,1,21,A01
202000044032,3,7,,13,0,1,2,B01
202000044033,0,2,,6,0,2,1,A01
202000044034,2,36,,0,0,1,2,A01
202000044034,2,7,,0,0,5,2,B01
202000044035,1,7,,0,1,1,1,A01
202000044036,1,7,,0,2,2,1,A01
202000044036,1,2,,0,2,8,1,B01
202000044037,2,15,,0,2,6,1,B01
202000044037,1,15,,0,2,3,13,A01
202000044038,0,31,,0,0,9,1,A01
202000044039,2,7,,0,2,3,23,B01
202000044039,1,7,,0,2,2,15,A01
202000044040,1,7,,1,0,1,0,A01
202000044041,2,7,,0,1,2,2,A01
202000044042,2,7,,0,2,3,15,A01
202000044042,2,30,,0,2,2,17,B01
202000044043,1,7,,13,0,0,1,A01
202000044044,3,31,,0,2,1,1,B01
202000044044,1,7,,0,0,3,0,A01
202000044045,1,15,,0,2,3,1,B01
202000044045,2,7,,0,2,8,1,C01
202000044045,2,7,,0,2,3,17,A01
202000044046,3,2,,0,2,1,1,A01
202000044046,3,7,,0,2,4,26,B01
202000044047,0,33,,0,0,0,0,A01
202000044048,3,7,,0,0,0,1,A01
202000044049,1,7,,0,2,2,15,A01
202000044049,2,7,,0,2,3,1,B01
202000044050,1,7,,0,2,4,23,D01
202000044050,1,7,,0,2,1,2,A01
202000044050,1,7,,0,2,4,23,B01
202000044050,1,7,,0,2,4,23,C01
202000044051,2,7,,4,0,3,0,A01
202000044052,2,7,,0,0,8,15,A01
202000044052,2,7,,0,0,1,13,B01
202000044053,2,7,,0,2,1,1,B01
202000044053,1,7,,0,2,1,13,A01
202000044054,2,7,,6,0,1,1,A01
202000044055,3,7,,0,2,3,1,A01
202000044055,1,7,,0,2,1,1,B01
202000044056,1,1,,0,2,6,2,B01
202000044056,1,7,,0,2,5,17,A01
202000044057,2,7,,0,2,3,1,B01
202000044057,1,7,,0,2,3,13,A01
202000044058,3,7,,0,2,2,1,B01
202000044058,3,2,,0,0,1,1,A01
202000044059,2,7,,0,2,7,12,A01
202000044059,2,33,,0,2,8,1,B01
202000044060,1,7,,0,1,1,1,A01
202000044061,0,2,,0,2,7,0,B01
202000044061,3,7,,0,2,6,19,A01
202000044062,1,7,,2,0,1,14,A01
202000044063,2,1,,0,0,9,1,A01
202000044064,2,7,,0,2,5,14,A01
202000044064,2,2,,0,2,8,18,B01
202000044065,2,7,,0,0,4,2,B01
202000044065,2,2,,0,2,1,2,A01
202000044066,0,7,,0,2,8,1,B01
202000044066,0,2,,0,2,0,13,A01
202000044067,2,7,,0,2,1,5,A01
202000044067,1,7,,0,2,1,1,B01
202000044068,0,33,,0,0,9,1,A01
202000044069,3,15,,0,2,2,20,A01
202000044069,0,1,,0,2,8,1,B01
202000044070,3,21,,0,0,0,14,A01
202000044071,2,10,,0,2,3,1,B01
202000044071,1,7,,0,2,1,1,A01
202000044071,2,7,,0,2,8,1,C01
202000044072,1,7,,0,1,1,1,A01
202000044073,1,7,,0,2,2,17,A01
202000044073,1,10,,0,2,6,15,B01
202000044074,1,7,,0,2,3,1,B01
202000044074,1,7,,0,2,3,1,A01
202000044075,1,7,,1,1,5,1,A01
202000044076,1,2,,0,2,0,0,B01
202000044076,1,7,,0,2,2,19,A01
202000044077,2,1,,0,1,0,1,Z01
202000044078,2,7,,0,0,7,15,A01
202000044078,0,7,,0,0,8,0,C01
202000044078,2,33,,1,2,1,0,B01
202000044079,2,32,,0,2,1,1,B01
202000044079,1,7,,0,2,5,6,A01
202000044080,2,99,,13,0,2,1,A01
202000044081,1,7,,0,1,1,1,A01
202000044082,3,33,,0,0,0,26,A01
202000044083,2,7,,0,2,4,2,B01
202000044083,2,7,,0,2,4,2,C01
202000044083,2,7,,0,2,1,2,A01
202000044084,2,7,,0,2,3,15,A01
202000044084,1,33,,0,2,3,2,B01
202000044085,2,7,,0,2,4,23,B01
202000044085,2,31,,0,2,1,2,A01
202000044086,1,43,,0,0,0,3,A01
202000044087,1,43,,0,0,0,3,A01
202000044088,1,7,,12,0,3,14,A01
202000044089,1,40,,0,1,2,1,A01
202000044089,2,40,,0,1,1,1,B01
202000044090,1,7,,0,0,0,9,B01
202000044090,2,43,,0,0,0,21,A01
202000044091,2,7,,0,1,3,15,A01
202000044092,2,43,,0,2,3,1,B01
202000044092,1,7,,0,2,2,15,A01
202000044093,2,31,,0,0,7,1,A01
202000044094,2,1,,0,2,4,15,A01
202000044094,2,7,,0,2,1,1,Z01
202000044095,2,1,,0,1,2,2,A01
202000044096,1,1,,0,2,8,1,B01
202000044096,1,7,,0,2,7,1,A01
202000044097,2,7,,8,2,8,1,A01
202000044097,2,7,,0,2,1,1,B01
202000044098,2,1,,0,1,1,1,Z01
202000044099,2,7,,0,2,3,9,A01
202000044099,2,31,,0,2,6,3,B01
202000044100,1,7,,1,0,2,1,A01
202000044101,1,7,,0,1,3,26,A01
202000044102,1,32,,0,2,3,15,B01
202000044102,1,30,,0,2,5,1,Z01
202000044103,3,7,,0,1,2,1,A01
202000044104,2,7,,0,2,2,15,B01
202000044104,2,7,,0,2,3,26,A01
202000044105,1,7,,0,2,1,15,B01
202000044105,2,7,,0,2,8,1,A01
202000044106,0,1,,0,0,8,1,B01
202000044106,0,13,,0,9,0,17,A01
202000044107,1,33,,0,2,3,1,A01
202000044107,2,7,,0,2,2,19,B01
202000044108,3,7,,0,1,2,26,A01
202000044109,2,2,,0,0,0,0,B01
202000044109,2,7,,0,2,8,15,A01
202000044110,2,10,,0,1,4,4,A01
202000044111,1,7,,0,1,2,1,A01
202000044112,1,10,,0,2,3,15,A01
202000044112,2,34,,0,2,8,1,B01
202000044113,1,30,,0,1,1,21,A01
202000044114,1,7,,0,1,1,2,A01
202000044115,1,0,,0,1,0,26,Z01
202000044116,1,7,,0,2,0,0,A01
202000044116,1,2,,0,2,0,0,B01
202000044116,2,7,,0,2,3,0,C01
202000044117,2,7,,1,0,2,26,A01
202000044118,2,30,,0,2,7,1,Z01
202000044118,2,7,,0,2,1,1,B01
202000044119,1,43,,0,2,1,21,A01
202000044119,1,7,,0,2,1,2,B01
202000044120,2,1,,0,2,8,26,B01
202000044120,2,2,,0,2,1,1,A01
202000044121,2,7,,1,0,0,0,A01
202000044122,2,7,,0,2,3,16,A01
202000044122,2,7,,0,2,2,1,B01
202000044123,3,7,,0,0,2,16,B01
202000044123,1,33,,0,2,1,17,A01
202000044124,2,7,,3,2,1,2,A01
202000044124,2,7,,3,0,4,2,B01
202000044125,1,7,,0,2,1,13,A01
202000044125,2,7,,0,2,3,1,B01
202000044126,2,7,,15,0,1,1,A01
202000044127,1,2,,0,2,7,14,B01
202000044127,1,33,,0,2,8,18,A01
202000044128,1,7,,0,2,1,13,B01
202000044128,1,7,,0,2,1,13,A01
202000044128,2,10,,0,2,1,11,C01
202000044129,2,7,,0,2,1,1,A01
202000044129,2,7,,0,0,4,1,B01
202000044130,1,7,,0,0,6,16,A01
202000044131,0,7,,0,2,1,1,B01
202000044131,0,7,,0,0,2,15,A01
202000044132,2,7,,0,2,3,1,B01
202000044132,1,7,,0,2,3,1,A01
202000044133,1,10,,0,0,0,21,C01
202000044133,2,7,,0,2,3,21,B01
202000044133,1,7,,0,2,3,17,A01
202000044134,2,15,,0,2,6,13,B01
202000044134,1,7,,0,2,3,1,C01
202000044135,3,2,,0,2,8,5,A01
202000044135,3,7,,0,2,3,5,B01
202000044136,2,7,,1,0,3,1,A01
202000044137,3,1,,0,2,1,1,B01
202000044137,3,7,,0,9,3,16,A01
202000044138,1,7,,0,2,1,21,A01
202000044138,1,7,,0,0,4,1,B01
202000044139,1,7,,8,0,3,1,A01
202000044140,1,7,,0,1,3,10,A01
202000044141,2,7,,0,1,2,1,A01
202000044142,2,7,,16,0,5,1,A01
202000044143,2,7,,0,0,4,23,B01
202000044143,2,1,,1,0,1,1,A01
202000044144,1,7,,8,0,2,2,A01
202000044145,2,33,,0,0,7,1,A01
202000044146,1,7,,0,1,3,1,A01
202000044147,0,7,,0,1,1,1,A01
202000044148,2,17,,0,1,1,19,A01
202000044149,2,7,,0,0,4,1,B01
202000044149,2,7,,0,2,1,1,A01
202000044150,2,7,,0,0,9,1,A01
202000044151,2,7,,0,2,1,13,A01
202000044151,2,7,,2,0,3,1,B01
202000044152,3,7,,16,0,0,14,A01
202000044153,1,7,,0,9,3,9,A01
202000044153,1,1,,0,2,1,15,B01
202000044154,3,7,,14,1,2,15,A01
202000044155,1,7,,2,0,1,1,A01
202000044156,2,33,,0,0,1,1,A01
202000044157,1,33,,0,2,1,1,B01
202000044157,2,7,,0,2,8,5,A01
202000044158,3,7,,0,2,3,1,B01
202000044158,3,3,,0,2,1,13,A01
202000044159,2,7,,0,2,1,17,B01
202000044159,2,7,,0,2,8,15,A01
202000044160,2,7,,0,2,0,11,A01
202000044160,2,15,,0,2,2,1,B01
202000044160,2,7,,0,2,0,1,D01
202000044160,2,7,,0,2,0,1,C01
202000044161,1,7,,0,2,1,1,A01
202000044161,1,7,,0,2,4,1,B01
202000044161,1,7,,0,2,4,1,C01
202000044162,2,7,,0,2,6,11,B01
202000044162,2,33,,0,2,1,2,A01
202000044163,1,7,,0,2,4,23,D01
202000044163,1,14,,0,2,1,2,E01
202000044163,1,7,,0,2,4,23,C01
202000044163,1,10,,0,2,4,23,B01
202000044163,1,7,,0,2,4,23,A01
202000044163,1,7,,0,2,1,2,F01
202000044164,1,7,,0,2,0,2,C01
202000044164,1,7,,0,2,4,2,B01
202000044164,1,7,,0,2,1,1,A01
202000044165,3,31,,0,2,2,2,A01
202000044165,3,7,,0,2,8,2,B01
202000044166,1,7,,1,2,1,2,B01
202000044166,1,7,,1,2,1,2,A01
202000044167,2,33,,0,2,3,3,A01
202000044168,2,10,,0,2,4,1,A01
202000044168,2,33,,0,2,1,3,B01
202000044169,2,10,,0,2,4,1,B01
202000044169,2,7,,0,2,4,1,C01
202000044169,2,7,,0,2,4,0,D01
202000044169,2,15,,0,2,1,1,A01
202000044170,1,10,,0,2,1,1,A01
202000044170,1,7,,0,2,4,13,B01
202000044170,1,7,,0,9,0,0,C01
202000044171,2,7,,0,2,2,1,B01
202000044171,2,33,,0,2,6,9,A01
202000044172,2,7,,3,0,1,14,A01
202000044173,1,7,,3,0,1,14,A01
202000044174,2,10,,0,2,4,2,C01
202000044174,2,7,,0,2,4,2,B01
202000044174,2,10,,0,2,1,9,A01
202000044174,2,7,,0,2,4,2,D01
202000044175,3,7,,0,1,0,1,A01
202000044176,2,7,,6,0,7,15,A01
202000044177,1,7,,0,2,3,13,A01
202000044177,1,31,,0,2,2,1,B01
202000044178,2,7,,0,2,1,1,A01
202000044178,2,7,,0,2,8,1,B01
202000044179,1,7,,0,9,1,0,B01
202000044179,1,1,,0,2,8,1,A01
202000044180,1,7,,13,0,2,14,A01
202000044181,1,7,,0,2,1,2,A01
202000044181,1,7,,0,2,6,1,B01
202000044182,3,7,,0,1,3,9,A01
202000044183,3,7,,0,2,2,1,A01
202000044183,3,7,,0,2,6,1,B01
202000044184,1,7,,0,1,3,15,A01
202000044185,1,7,,0,2,2,16,A01
202000044185,1,99,,0,2,8,1,B01
202000044186,1,10,,0,1,1,20,A01
202000044187,2,33,,0,2,8,15,B01
202000044187,2,7,,0,2,3,1,A01
202000044188,1,2,,0,2,7,1,B01
202000044188,0,7,,0,2,7,0,A01
202000044189,3,7,,8,0,1,14,A01
202000044190,1,0,,0,1,0,26,A01
202000044191,3,10,,0,0,4,2,A01
202000044191,3,32,,0,2,1,1,B01
202000044192,3,7,,0,0,9,3,A01
202000044193,0,99,,0,0,0,26,A01
202000044194,2,1,,0,2,1,1,B01
202000044194,1,7,,0,2,3,15,A01
202000044195,1,7,,0,2,6,1,B01
202000044195,1,7,,0,2,1,1,A01
202000044196,2,7,,0,2,1,0,B01
202000044196,2,2,,0,2,3,0,A01
202000044197,3,99,,0,2,3,26,B01
202000044197,2,37,2.0,1,0,1,1,A01
202000044198,1,7,,1,0,2,16,A01
202000044199,2,7,,0,2,3,0,B01
202000044199,2,7,,0,2,3,15,A01
202000044199,2,7,,0,2,3,0,C01
202000044200,2,34,,15,0,1,13,A01
202000044201,1,7,,0,2,4,2,B01
202000044201,1,7,,0,2,1,2,A01
202000044202,0,33,,0,0,0,0,A01
202000044203,1,2,,0,2,3,13,A01
202000044203,2,7,,0,2,3,1,B01
202000044204,3,7,,0,1,1,26,A01
202000044205,1,7,,13,0,3,26,A01
202000044206,1,7,,0,2,1,1,A01
202000044206,1,13,,0,2,4,1,B01
202000044207,3,7,,0,0,9,1,A01
202000044208,1,99,,1,2,0,1,A01
202000044208,1,31,,0,2,0,1,B01
202000044209,3,7,,15,0,1,1,A01
202000044210,3,31,,0,2,0,1,A01
202000044210,3,7,,0,0,0,0,Z01
202000044211,1,32,,0,0,0,26,A01
202000044212,2,33,,0,2,1,17,A01
202000044212,2,7,,0,2,8,15,B01
202000044213,1,1,,0,2,1,1,B01
202000044213,0,7,,0,9,2,26,A01
202000044214,3,1,,0,2,1,1,B01
202000044214,3,10,,0,2,3,9,A01
202000044215,0,7,,0,2,8,9,B01
202000044215,0,33,,0,2,1,1,A01
202000044216,2,10,,0,9,0,2,A01
202000044216,2,1,,0,0,0,0,B01
202000044217,0,7,,0,0,9,1,A01
202000044218,1,34,,0,2,1,26,A01
202000044218,1,7,,0,0,6,26,B01
202000044219,0,7,,0,1,1,1,A01
202000044220,1,7,,0,2,2,15,A01
202000044220,2,34,,0,2,1,1,B01
202000044221,1,7,,0,2,3,9,A01
202000044221,1,2,,0,2,7,1,B01
202000044222,3,7,,0,2,2,16,B01
202000044222,1,7,,0,2,3,1,A01
202000044223,2,7,,0,2,3,9,B01
202000044223,2,31,,0,2,1,17,A01
202000044224,3,7,,0,2,2,1,A01
202000044224,3,7,,0,2,6,0,B01
202000044225,-1,7,,0,1,2,1,A01
202000044226,1,33,,4,2,4,13,A01
202000044226,1,7,,0,2,6,23,B01
202000044227,2,7,,0,2,1,1,C01
202000044227,2,7,,0,2,4,15,A01
202000044227,2,7,,0,2,4,23,B01
202000044228,2,7,,0,2,5,1,B01
202000044228,2,7,,3,2,1,14,A01
202000044229,1,7,,0,2,1,1,A01
202000044229,0,7,,0,2,8,1,B01
202000044230,2,7,,0,1,2,1,A01
202000044231,2,7,,0,2,3,15,A01
202000044231,1,34,,0,2,8,1,B01
202000044231,1,7,,0,2,4,24,C01
202000044232,3,32,,0,2,1,1,B01
202000044232,3,7,,0,2,7,19,A01
202000044233,1,7,,0,2,7,13,A01
202000044233,0,7,,0,2,1,0,B01
202000044234,1,7,,0,2,5,15,A01
202000044234,1,7,,0,2,2,1,B01
202000044235,1,7,,0,1,4,4,A01
202000044236,3,10,,0,2,0,0,B01
202000044236,1,7,,0,2,0,0,A01
202000044237,2,32,,0,0,8,15,A01
202000044238,3,7,,2,0,3,9,A01
202000044239,0,1,,0,2,3,19,B01
202000044239,3,7,,0,2,2,1,A01
202000044240,2,7,,0,1,1,1,A01
202000044241,3,33,,11,0,1,17,A01
202000044242,2,40,,0,1,2,1,A01
202000044243,1,7,,0,2,8,1,A01
202000044243,1,30,,0,2,8,0,B01
202000044244,1,7,,9,0,2,26,Z01
202000044244,1,1,,14,0,8,2,B01
202000044245,3,7,,0,2,3,1,B01
202000044245,3,7,,0,2,1,1,C01
202000044245,3,7,,0,2,2,26,A01
202000044246,0,7,,0,1,1,1,A01
202000044247,1,1,,0,0,1,0,A01