Num_Acc,senc,catv,occutc,obs,obsm,choc,manv,num_veh
202000044248,2,7,,0,2,1,1,B01
202000044248,1,7,,0,2,7,15,A01
202000044249,3,7,,0,1,2,1,A01
202000044250,1,7,,6,0,1,20,A01
202000044251,3,2,,0,2,8,18,A01
202000044251,3,7,,0,2,1,15,B01
202000044252,1,7,,0,2,4,2,A01
202000044252,1,7,,0,2,1,2,B01
202000044253,3,30,,0,2,1,1,A01
202000044253,3,7,,0,2,8,1,B01
202000044254,1,7,,0,2,3,17,A01
202000044254,1,10,,0,2,8,1,C01
202000044254,2,7,,0,2,3,1,B01
202000044255,1,7,,0,2,3,1,B01
202000044255,1,7,,0,2,2,1,A01
202000044256,1,7,,0,2,1,16,A01
202000044256,2,1,,0,2,8,19,B01
202000044257,1,7,,0,2,1,16,A01
202000044257,2,1,,0,2,2,1,B01
202000044258,3,7,,0,1,2,1,A01
202000044259,1,7,,0,2,3,10,A01
202000044259,2,2,,0,2,1,1,B01
202000044260,3,7,,0,2,8,9,A01
202000044260,0,7,,0,2,1,1,B01
202000044261,1,33,,0,2,3,1,B01
202000044261,2,7,,0,2,2,15,A01
202000044262,1,1,,0,2,1,17,B01
202000044262,1,7,,0,2,3,15,A01
202000044263,2,1,,0,2,7,5,A01
202000044263,1,7,,0,2,2,1,B01
202000044264,1,33,,0,2,1,1,B01
202000044264,2,7,,0,2,1,15,A01
202000044265,1,7,,0,2,4,1,A01
202000044265,1,2,,0,2,1,1,B01
202000044266,1,10,,0,2,1,1,B01
202000044266,2,10,,0,2,7,19,A01
202000044267,1,7,,0,2,8,0,A01
202000044267,1,7,,0,2,1,0,B01
202000044268,3,7,,0,2,3,15,B01
202000044268,2,1,,0,2,1,1,A01
202000044269,3,7,,0,2,4,1,B01
202000044269,3,7,,0,2,1,9,A01
202000044270,2,7,,3,0,2,14,A01
202000044271,3,1,,0,0,0,1,A01
202000044272,1,7,,0,2,0,0,B01
202000044272,1,33,,0,2,0,2,A01
202000044273,3,7,,0,2,1,1,A01
202000044273,3,7,,0,2,0,0,B01
202000044274,0,7,,0,1,2,15,A01
202000044275,2,7,,0,2,2,2,A01
202000044275,2,7,,0,0,6,1,B01
202000044276,3,7,,0,0,7,1,B01
202000044276,3,7,,0,2,2,16,A01
202000044277,0,7,,0,2,4,23,C01
202000044277,0,7,,0,2,1,9,A01
202000044277,0,7,,0,0,0,0,B01
202000044278,3,7,,0,1,3,1,A01
202000044279,1,31,,8,0,1,1,A01
202000044280,1,31,,0,0,0,26,A01
202000044281,3,33,,0,0,0,26,A01
202000044282,1,7,,0,2,4,2,B01
202000044282,1,7,,0,2,1,2,A01
202000044283,1,80,,14,0,1,2,B01
202000044283,1,10,,0,9,4,23,A01
202000044284,1,7,,0,2,4,2,B01
202000044284,1,7,,0,2,1,26,A01
202000044285,2,7,,0,0,0,0,C01
202000044285,2,7,,14,0,1,2,B01
202000044285,1,7,,0,2,1,12,A01
202000044286,1,1,,0,2,4,26,C01
202000044286,3,7,,0,9,8,26,D01
202000044286,1,7,,0,2,8,17,A01
202000044287,2,1,,0,2,1,25,B01
202000044287,1,7,,0,2,3,15,A01
202000044288,2,7,,0,2,2,1,A01
202000044288,2,7,,0,2,1,1,B01
202000044289,1,7,,2,0,1,13,A01
202000044290,3,7,,0,2,1,15,A01
202000044290,3,1,,0,2,7,26,B01
202000044291,2,7,,0,2,0,0,A01
202000044291,1,7,,0,2,0,0,B01
202000044292,3,7,,0,2,3,1,B01
202000044292,3,7,,0,2,2,1,A01
202000044293,2,7,,0,2,1,15,A01
202000044293,0,10,,0,2,8,1,B01
202000044294,3,7,,0,2,3,1,B01
202000044294,3,7,,0,2,2,1,A01
202000044295,0,7,,1,0,2,1,A01
202000044296,3,34,,0,2,2,17,B01
202000044296,3,7,,0,2,1,9,A01
202000044297,0,50,,0,2,1,1,A01
202000044297,0,7,,0,2,2,1,B01
202000044298,2,2,,0,2,1,1,B01
202000044298,1,7,,0,2,7,15,A01
202000044299,1,7,,0,2,8,15,A01
202000044299,1,2,,0,2,1,1,B01
202000044300,1,7,,0,2,5,1,B01
202000044300,1,7,,0,2,3,9,A01
202000044301,1,99,,0,2,1,17,F01
202000044301,1,7,,0,2,3,15,B01
202000044302,2,33,,0,2,1,1,A01
202000044302,1,15,,0,2,8,0,Z01
202000044303,2,7,,0,0,6,1,B01
202000044303,2,33,,0,2,1,16,A01
202000044304,1,7,,0,2,9,1,B01
202000044304,1,7,,0,2,4,1,D01
202000044304,1,7,,0,2,9,1,C01
202000044304,1,7,,0,2,1,1,A01
202000044305,2,7,,4,2,4,23,B01
202000044305,2,7,,0,2,1,2,A01
202000044306,3,7,,0,2,6,23,B01
202000044306,3,33,,0,2,1,1,A01
202000044307,2,7,,0,2,3,13,A01
202000044307,1,7,,0,2,6,0,B01
202000044308,2,7,,1,1,3,1,A01
202000044309,1,2,,0,2,1,17,A01
202000044309,1,7,,0,2,1,15,B01
202000044310,3,30,,0,0,0,21,A01
202000044311,1,7,,0,2,1,1,B01
202000044311,1,7,,0,2,1,13,A01
202000044312,2,33,,0,2,1,0,B01
202000044312,1,7,,0,2,1,2,C01
202000044312,1,7,,0,2,2,15,A01
202000044313,1,33,,0,2,1,1,A01
202000044313,1,7,,0,2,3,21,C01
202000044313,1,7,,0,2,4,1,B01
202000044314,1,7,,0,2,7,1,B01
202000044314,0,7,,0,2,2,19,A01
202000044315,1,7,,1,0,2,1,A01
202000044315,1,7,,0,2,0,26,C01
202000044316,1,7,,0,2,4,1,C01
202000044316,1,32,,0,2,1,0,A01
202000044316,1,7,,0,2,8,2,B01
202000044317,2,31,,0,2,7,5,A01
202000044317,2,7,,0,2,1,15,B01
202000044318,2,7,,1,0,1,1,A01
202000044318,3,7,,0,2,1,24,B01
202000044319,1,33,,0,2,1,2,B01
202000044319,2,7,,0,2,6,15,A01
202000044320,1,7,,0,2,1,2,A01
202000044320,1,7,,0,2,4,2,B01
202000044320,1,7,,0,2,4,2,C01
202000044321,3,2,,0,2,8,15,A01
202000044321,3,33,,0,2,1,1,B01
202000044322,1,10,,14,2,1,1,A01
202000044322,1,7,,14,2,4,1,B01
202000044323,2,13,,0,0,8,1,A01
202000044324,3,99,,0,0,0,1,A01
202000044324,3,7,,0,0,0,0,B01
202000044325,2,7,,0,2,4,0,B01
202000044325,1,7,,0,2,2,17,A01
202000044326,1,33,,0,0,8,15,A01
202000044327,1,30,,0,2,3,26,A01
202000044327,3,30,,0,2,1,0,B01
202000044328,1,10,,0,2,0,0,Z01
202000044328,1,1,,0,2,1,1,A01
202000044329,2,7,,0,2,3,2,A01
202000044329,2,7,,0,2,5,23,B01
202000044330,1,33,,4,0,3,13,A01
202000044331,1,7,,0,2,2,14,Z01
202000044331,1,33,,0,2,3,3,B01
202000044331,1,7,,0,2,6,1,C01
202000044332,2,43,,0,2,8,3,B01
202000044332,2,10,,0,2,2,12,A01
202000044333,2,33,,1,0,1,13,A01
202000044334,2,31,,0,2,4,2,B01
202000044334,2,10,,0,2,1,2,A01
202000044335,1,7,,0,2,2,1,A01
202000044335,1,2,,1,2,4,17,B01
202000044336,2,34,,0,2,1,2,A01
202000044336,2,7,,0,2,5,2,B01
202000044337,1,30,,0,2,1,1,B01
202000044337,2,37,1.0,0,2,1,15,A01
202000044338,1,10,,0,2,3,15,A01
202000044338,1,33,,0,2,2,17,B01
202000044339,1,7,,0,1,2,16,A01
202000044340,1,7,,0,2,8,15,A01
202000044340,2,33,,0,2,2,1,B01
202000044341,1,30,,0,1,1,1,A01
202000044342,3,33,,0,2,3,18,A01
202000044342,3,30,,0,2,7,14,B01
202000044343,1,7,,0,2,3,10,A01
202000044343,1,30,,0,2,2,1,B01
202000044344,1,7,,0,2,1,1,A01
202000044344,1,80,,0,2,4,1,B01
202000044345,3,34,,0,2,2,1,B01
202000044345,3,7,,0,2,5,15,A01
202000044346,1,1,,0,2,3,1,B01
202000044346,1,10,,0,2,2,16,A01
202000044347,1,30,,0,2,1,5,B01
202000044347,1,10,,0,2,6,10,A01
202000044348,2,7,,0,2,2,15,A01
202000044348,1,30,,0,2,8,1,B01
202000044349,2,7,,0,2,3,16,A01
202000044349,2,2,,0,2,1,5,B01
202000044350,1,7,,0,9,1,16,Z01
202000044350,1,1,,0,2,4,1,A01
202000044351,1,7,,0,1,2,15,A01
202000044352,2,7,,0,1,1,1,Z01
202000044353,1,7,,0,2,4,23,B01
202000044353,1,7,,0,2,1,2,A01
202000044354,1,30,,0,0,8,17,A01
202000044355,2,1,,0,2,1,9,B01
202000044355,2,7,,0,2,2,16,A01
202000044356,1,7,,0,2,2,16,B01
202000044356,1,2,,0,2,1,18,A01
202000044357,1,7,,0,2,8,10,A01
202000044357,1,31,,0,2,1,17,B01
202000044358,2,50,,0,2,8,19,B01
202000044358,2,43,,0,2,1,15,C01
202000044359,1,50,,0,2,8,1,A01
202000044359,1,1,,0,2,3,9,Z01
202000044360,2,1,,0,0,0,1,A01
202000044361,1,7,,0,1,3,1,A01
202000044362,2,1,,12,0,1,13,A01
202000044363,1,1,,0,2,5,1,B01
202000044363,1,30,,0,2,1,1,A01
202000044364,1,7,,0,1,2,1,A01
202000044365,1,32,,0,2,8,9,C01
202000044365,1,33,,0,2,3,9,B01
202000044365,3,7,,0,2,7,1,A01
202000044366,1,13,,0,2,3,13,A01
202000044366,1,33,,0,2,5,17,B01
202000044367,2,50,,12,0,1,14,A01
202000044368,2,34,,0,1,1,1,A01
202000044369,1,1,,0,2,1,1,B01
202000044369,1,7,,0,2,8,15,A01
202000044370,1,32,,14,0,1,1,A01
202000044371,3,1,,0,1,1,1,A01
202000044372,1,2,,0,2,1,1,B01
202000044372,2,10,,0,2,2,16,A01
202000044373,1,33,,0,2,1,1,A01
202000044373,1,7,,0,2,3,9,B01
202000044374,1,7,,1,0,9,14,B01
202000044374,1,7,,0,2,5,23,A01
202000044375,2,7,,0,2,5,16,A01
202000044375,2,32,,0,2,3,16,B01
202000044376,1,7,,0,2,1,17,A01
202000044376,1,1,,0,2,4,15,B01
202000044377,1,7,,0,2,1,1,B01
202000044377,1,60,,0,2,8,1,A01
202000044378,3,33,,0,2,2,0,A01
202000044378,3,7,,0,2,3,15,B01
202000044379,0,10,,0,2,3,17,A01
202000044380,2,7,,16,2,6,1,C01
202000044380,2,7,,16,2,6,1,B01
202000044380,2,33,,16,2,6,26,A01
202000044381,1,34,,0,2,0,0,A01
202000044381,1,32,,0,2,0,0,B01
202000044382,3,7,,1,2,7,1,B01
202000044382,3,7,,1,0,5,0,D01
202000044382,3,7,,0,2,3,1,A01
202000044383,3,7,,0,2,4,23,B01
202000044383,3,7,,14,0,1,2,A01
202000044384,1,50,,0,1,1,1,Y01
202000044384,-1,7,,0,2,1,9,A01
202000044385,2,7,,0,2,2,10,A01
202000044385,1,33,,0,2,1,1,B01
202000044386,1,7,,0,2,3,2,A01
202000044386,1,32,,0,2,2,2,B01
202000044387,1,31,,0,2,1,1,A01
202000044387,2,7,,0,2,3,1,B01
202000044388,0,7,,0,2,3,23,C01
202000044388,0,7,,0,2,7,19,B01
202000044388,0,7,,0,2,1,1,A01
202000044389,2,7,,1,2,4,15,BB01
202000044389,2,7,,0,2,1,15,A01
202000044390,1,7,,0,2,3,2,B01
202000044390,1,7,,0,2,2,15,A01
202000044391,3,7,,0,2,5,14,A01
202000044391,3,2,,0,2,2,18,B01
202000044392,3,10,,0,1,1,15,A01
202000044393,3,32,,0,2,1,1,B01
202000044393,3,7,,0,2,7,15,A01
202000044394,1,34,,0,0,8,1,B01
202000044394,1,7,,0,0,0,0,A01
202000044395,-1,30,,0,2,1,0,B01
202000044395,-1,10,,0,2,3,0,A01
202000044396,2,7,,1,0,1,26,A01
202000044397,1,50,,0,2,1,1,B01
202000044397,2,7,,0,9,2,9,A01
202000044398,2,1,,0,1,1,2,A01
202000044399,1,30,,0,2,3,15,A01
202000044399,2,1,,0,2,3,1,B01
202000044400,2,34,,0,2,7,1,B01
202000044400,2,7,,0,2,1,1,Z01
202000044401,1,1,,0,2,3,16,B01
202000044401,1,14,,0,9,8,15,A01
202000044402,2,50,,0,2,1,8,B01
202000044402,1,1,,0,2,1,1,C01
202000044402,3,10,,0,2,3,19,A01
202000044403,1,33,,0,2,1,1,B01
202000044403,1,10,,0,2,5,9,A01
202000044404,1,7,,0,1,5,19,A01
202000044405,1,33,,1,0,3,13,A01
202000044406,1,7,,8,0,2,-1,A01
202000044407,1,31,,15,0,1,26,A01
202000044408,2,7,,0,2,2,1,B01
202000044408,1,33,,0,2,1,1,A01
202000044409,1,1,,0,2,0,0,B01
202000044409,1,7,,0,2,2,16,A01
202000044410,1,7,,14,0,1,26,A01
202000044410,1,7,,0,2,4,2,B01
202000044411,1,7,,15,0,7,1,A01
202000044412,2,30,,0,2,0,0,B01
202000044412,2,7,,0,2,5,1,A01
202000044413,1,33,,0,2,7,1,B01
202000044413,3,7,,6,2,8,9,A01
202000044414,2,2,,16,0,8,1,A01
202000044415,1,15,,0,0,0,1,A01
202000044415,2,7,,14,0,1,1,B01
202000044415,2,7,,14,0,5,1,C01
202000044415,2,7,,0,2,1,17,D01
202000044415,2,7,,14,0,4,1,E01
202000044416,2,7,,0,2,3,1,B01
202000044416,1,7,,0,2,3,13,A01
202000044417,2,33,,0,2,1,13,B01
202000044417,2,21,,0,0,6,15,A01
202000044418,2,7,,0,2,7,15,A01
202000044418,1,33,,0,2,1,1,B01
202000044419,2,15,,0,0,6,2,B01
202000044419,2,7,,4,2,2,2,A01
202000044420,2,10,,0,2,3,1,B01
202000044420,1,7,,0,2,1,1,A01
202000044421,1,33,,0,2,2,3,A01
202000044421,1,10,,0,2,3,1,B01
202000044422,2,1,,14,0,1,1,A01
202000044423,2,7,,0,9,1,9,A01
202000044423,2,1,,0,2,6,1,B01
202000044424,1,7,,0,0,0,1,A01
202000044425,2,7,,0,2,1,1,B01
202000044425,1,7,,0,2,1,13,A01
202000044426,1,0,,0,2,1,18,B01
202000044426,2,7,,0,2,5,1,A01
202000044427,2,7,,0,2,3,15,A01
202000044427,2,7,,0,2,2,17,B01
202000044428,1,2,,0,0,0,1,A01
202000044429,2,1,,14,0,1,1,A01
202000044430,1,33,,0,2,2,17,B01
202000044430,1,7,,0,2,8,15,A01
202000044431,-1,1,,0,2,1,1,B01
202000044431,3,7,,0,9,2,21,A01
202000044432,3,33,,5,0,1,1,A01
202000044433,3,7,,0,2,3,1,B01
202000044433,3,7,,0,2,3,1,A01
202000044434,2,17,,0,2,3,13,A01
202000044434,1,17,,0,2,3,1,B01
202000044435,1,7,,0,2,3,15,A01
202000044435,1,7,,0,2,1,17,B01
202000044436,1,7,,16,0,3,1,A01
202000044437,1,7,,3,0,4,9,B01
202000044437,1,7,,0,2,1,2,A01
202000044438,2,2,,0,0,3,1,B01
202000044438,1,7,,0,2,3,15,A01
202000044439,2,7,,0,2,7,1,B01
202000044439,3,7,,0,2,1,15,A01
202000044440,1,33,,0,0,0,1,A01
202000044441,2,7,,2,0,3,1,A01
202000044442,2,7,,0,1,2,1,A01
202000044443,0,20,,0,1,8,2,A01
202000044444,1,30,,3,0,1,1,A01
202000044445,1,7,,17,0,1,1,A01
202000044446,2,33,,13,0,1,1,A01
202000044447,1,2,,12,0,1,20,A01
202000044448,3,2,,0,0,1,1,A01
202000044449,2,33,,13,0,8,13,A01
202000044450,1,2,,10,0,2,0,A01
202000044451,1,7,,0,2,3,15,A01
202000044451,1,33,,0,2,1,15,B01
202000044452,2,30,,0,0,9,1,A01
202000044453,1,7,,0,1,3,1,A01
202000044454,1,7,,13,0,1,1,A01
202000044455,2,7,,6,0,1,1,A01
202000044456,2,7,,8,2,3,1,B01
202000044456,1,7,,0,2,2,1,A01
202000044457,2,2,,0,2,3,15,B01
202000044457,2,7,,0,2,7,17,A01
202000044458,2,2,,13,0,1,2,A01
202000044459,1,33,,0,2,1,1,B01
202000044459,2,7,,0,2,6,19,A01
202000044460,1,7,,13,0,9,1,A01
202000044460,2,7,,0,2,2,1,B01
202000044461,3,1,,0,0,0,1,A01
202000044462,2,7,,0,2,1,23,B01
202000044462,2,7,,0,2,1,6,A01
202000044463,1,2,,12,0,7,1,A01
202000044464,2,7,,2,2,2,1,A01
202000044464,1,7,,0,2,3,16,B01
202000044465,2,17,,0,0,8,1,B01
202000044465,1,10,,3,2,1,6,A01
202000044466,1,7,,0,9,2,1,A01
202000044466,2,1,,0,2,0,1,B01
202000044467,3,10,,0,0,0,11,A01
202000044468,3,33,,6,0,7,14,A01
202000044469,3,7,,0,2,3,9,B01
202000044469,0,1,,0,2,1,1,A01
202000044470,1,33,,4,0,9,17,A01
202000044471,1,7,,0,2,1,5,A01
202000044471,1,7,,0,2,1,1,B01
202000044472,2,33,,13,0,1,1,A01
202000044473,0,33,,1,9,2,1,A01
202000044474,0,7,,0,0,0,1,A01
202000044475,1,1,,0,0,0,1,A01
202000044476,2,7,,0,0,1,1,A01
202000044477,2,7,,4,0,1,2,A01
202000044478,1,7,,0,0,9,1,A01
202000044479,1,3,,0,0,2,1,B01
202000044479,3,7,,0,0,3,15,A01
202000044480,1,7,,0,9,3,13,A01
202000044480,2,1,,0,2,1,0,B01
202000044481,2,32,,13,0,1,1,A01
202000044482,2,7,,13,0,9,1,A01
202000044483,2,7,,0,2,3,1,A01
202000044483,1,7,,0,2,3,13,B01
202000044484,3,7,,8,0,0,1,A01
202000044485,1,7,,0,2,3,9,A01
202000044485,2,33,,0,2,1,1,B01
202000044486,2,7,,0,2,8,1,B01
202000044486,1,33,,0,2,8,1,A01
202000044487,3,7,,0,9,3,15,A01
202000044487,3,80,,0,2,2,1,B01
202000044488,1,1,,0,2,4,2,B01
202000044488,1,10,,0,2,2,2,A01
202000044489,0,2,,0,0,1,0,A01
202000044490,2,1,,0,2,5,1,B01
202000044490,2,7,,0,2,3,9,A01
202000044491,3,15,,0,0,7,15,A01
202000044492,2,7,,0,2,2,15,A01
202000044492,1,7,,0,2,3,23,C01
202000044492,1,30,,0,2,1,1,B01
202000044493,2,15,,0,2,2,12,B01
202000044493,2,7,,0,2,8,1,A01
202000044494,2,7,,0,2,4,2,B01
202000044494,2,7,,0,2,1,1,A01
202000044495,3,7,,0,2,1,15,A01
202000044495,3,1,,0,0,8,1,B01
202000044496,2,10,,14,0,1,2,A01
202000044496,2,10,,14,0,4,2,B01
202000044496,2,7,,0,2,4,1,C01
202000044497,1,7,,0,2,4,2,B01
202000044497,1,7,,0,2,1,2,A01
202000044498,1,7,,0,2,1,2,A01
202000044498,1,7,,0,2,4,23,B01
202000044498,1,7,,0,2,4,23,C01
202000044499,2,14,,0,2,1,2,A01
202000044499,2,7,,0,2,4,2,B01
202000044499,2,7,,0,2,4,2,C01
202000044500,1,10,,0,2,4,2,B01
202000044500,1,10,,0,2,1,1,A01
202000044501,2,7,,0,2,4,1,B01
202000044501,2,7,,0,2,4,0,A01
202000044501,2,7,,0,2,2,1,D01
202000044501,2,10,,0,2,4,1,C01
202000044502,2,15,,3,0,1,13,A01
202000044503,1,7,,0,9,1,26,B01
202000044503,1,7,,5,0,0,17,A01
202000044504,2,7,,3,0,1,13,A01
202000044505,1,7,,0,2,3,3,B01
202000044505,1,7,,0,2,2,12,A01
202000044506,1,7,,0,2,3,15,A01
202000044506,2,31,,0,2,3,1,B01
202000044507,1,7,,4,0,3,13,A01
202000044508,2,7,,0,0,1,2,A01
202000044509,2,33,,0,2,1,0,B01
202000044509,2,7,,0,2,4,2,A01
202000044510,2,7,,0,2,2,12,B01
202000044510,2,7,,0,2,6,11,A01
202000044511,1,37,1.0,0,2,1,12,A01
202000044511,1,7,,0,2,4,0,B01
202000044512,3,7,,0,2,3,23,B01
202000044512,3,10,,0,2,2,15,A01
202000044513,2,17,,0,2,2,1,A01
202000044513,2,7,,0,2,4,26,B01
202000044514,1,7,,0,2,8,9,A01
202000044514,1,2,,0,2,1,1,B01
202000044515,2,7,,0,2,1,2,A01
202000044515,2,7,,0,2,6,23,B01
202000044516,0,7,,0,1,0,20,A01
202000044517,3,34,,14,0,1,6,A01
202000044518,3,7,,0,9,3,1,A01
202000044518,0,1,,0,2,7,0,B01
202000044519,2,7,,0,9,3,19,A01
202000044519,1,1,,0,2,8,1,B01
202000044520,1,7,,1,2,2,1,B01
202000044520,1,7,,0,2,3,13,Z01
202000044521,1,7,,0,9,2,15,Z01
202000044522,1,7,,0,2,1,2,A01
202000044522,1,33,,0,2,4,2,B01
202000044523,2,7,,0,1,2,1,A01
202000044524,1,2,,0,0,1,2,A01
202000044525,2,2,,1,0,2,17,A01
202000044526,1,7,,6,0,8,0,A01
202000044527,1,33,,0,2,1,1,B01
202000044527,1,7,,0,2,3,15,A01
202000044528,2,7,,0,2,2,15,A01
202000044528,1,50,,0,2,1,15,D01
202000044529,1,7,,6,0,7,1,A01
202000044530,0,7,,0,2,3,15,A01
202000044530,0,7,,0,2,1,1,B01
202000044530,0,7,,0,2,1,1,C01
202000044531,1,10,,0,2,1,15,A01
202000044531,2,33,,0,2,1,1,B01
202000044532,1,7,,0,1,1,1,A01
202000044533,2,7,,0,9,1,13,A01
202000044533,1,1,,0,2,3,1,B01
202000044534,2,10,,0,0,0,15,B01
202000044534,2,30,,13,0,0,17,A01
202000044535,1,2,,0,2,1,1,B01
202000044535,2,7,,0,2,7,15,A01
202000044536,2,7,,0,2,1,2,A01
202000044536,2,7,,8,0,4,1,B01
202000044537,2,15,,0,2,1,2,B01
202000044537,2,15,,0,2,4,2,A01
202000044538,3,7,,0,9,3,1,A01
202000044538,0,1,,0,2,1,13,B01
202000044539,3,7,,8,2,5,16,B01
202000044539,1,7,,0,2,3,9,A01
202000044540,1,33,,4,0,1,1,A01
202000044541,2,7,,0,1,1,2,A01
202000044542,3,10,,0,0,3,17,A01
202000044543,1,7,,14,0,2,1,A01
202000044544,1,7,,2,0,3,13,A01
202000044545,1,7,,0,1,1,1,A01
202000044546,3,7,,0,1,1,2,A01
202000044547,2,1,,0,2,1,6,B01
202000044547,1,7,,0,2,1,1,A01
202000044548,0,7,,0,2,6,1,B01
202000044548,0,7,,0,2,1,1,A01
202000044549,3,7,,0,2,3,19,A01
202000044549,3,2,,0,2,1,1,B01
202000044550,2,1,,0,2,1,1,B01
202000044550,1,7,,0,2,3,15,A01
202000044551,3,3,,0,1,3,1,A01
202000044552,0,1,,0,2,8,15,B01
202000044552,0,7,,0,2,2,1,A01
202000044553,3,7,,0,1,5,4,A01
202000044554,0,7,,0,1,1,1,A01
202000044555,0,7,,0,1,5,4,A01
202000044556,1,7,,0,1,3,1,A01
202000044557,2,7,,0,2,3,13,A01
202000044557,1,7,,0,2,6,21,B01
202000044558,1,7,,0,2,3,15,A01
202000044558,2,50,,0,2,3,1,B01
202000044559,3,7,,6,0,7,26,A01
202000044560,1,7,,0,2,1,1,C01
202000044560,2,7,,0,2,1,17,A01
202000044560,1,7,,0,2,9,1,B01
202000044561,1,7,,0,2,3,0,B01
202000044561,1,7,,3,2,2,17,A01
202000044562,3,2,,0,2,7,1,A01
202000044562,3,7,,0,2,1,1,B01
202000044563,1,7,,0,2,2,1,A01
202000044563,1,2,,0,0,4,1,B01
202000044564,1,33,,0,2,1,1,A01
202000044564,2,7,,0,2,2,15,B01
202000044565,2,7,,12,0,1,1,A01
202000044566,2,7,,0,1,2,1,A01
202000044567,3,1,,0,2,1,1,B01
202000044567,3,7,,0,2,2,9,A01
202000044568,1,17,,0,9,7,1,A01
202000044569,1,14,,0,2,2,1,B01
202000044569,2,7,,0,2,1,13,A01
202000044570,2,10,,16,0,9,0,A01
202000044571,2,20,,0,9,5,9,A01
202000044572,2,7,,0,2,1,1,A01
202000044572,1,20,,0,0,3,2,C01
202000044572,2,7,,8,2,4,1,B01
202000044573,1,7,,0,2,5,1,A01
202000044573,1,33,,0,2,1,26,B01
202000044574,1,7,,0,2,3,11,A01
202000044574,1,34,,0,2,7,3,B01
202000044575,1,7,,6,0,1,0,A01
202000044576,1,7,,0,2,7,1,B01
202000044576,1,32,,0,2,3,1,A01
202000044577,2,17,,0,2,6,0,C01
202000044577,2,7,,0,2,2,1,B01
202000044577,2,7,,0,2,8,11,A01
202000044578,2,33,,0,0,3,1,A01
202000044579,1,15,,0,2,1,2,A01
202000044579,1,7,,0,2,4,2,C01
202000044579,1,7,,0,2,4,2,B01
202000044580,2,10,,4,2,6,1,A01
202000044581,1,7,,0,2,8,11,Z01
202000044581,1,33,,0,2,5,1,A01
202000044582,2,7,,0,2,3,11,A01
202000044582,2,7,,0,2,0,1,B01
202000044582,2,10,,0,2,6,1,C01
202000044583,1,33,,0,2,3,1,B01
202000044583,1,7,,0,2,7,12,A01
202000044584,2,7,,0,2,8,1,B01
202000044584,2,7,,0,2,2,12,A01
202000044585,2,37,1.0,0,1,1,1,A01
202000044586,2,33,,0,2,1,17,B01
202000044586,2,7,,0,2,3,15,A01
202000044587,0,7,,0,1,1,15,A01
202000044588,2,7,,0,2,1,2,B01
202000044588,2,7,,0,2,5,2,A01
202000044589,2,7,,0,2,7,15,A01
202000044589,2,33,,0,2,1,1,B01
202000044590,1,7,,0,2,1,1,C01
202000044590,1,7,,0,2,1,1,B01
202000044590,1,7,,0,2,4,1,A01
202000044591,1,32,,0,2,1,2,B01
202000044591,1,7,,0,2,5,2,A01
202000044592,1,7,,0,2,1,1,B01
202000044592,1,7,,8,2,7,1,A01
202000044592,2,7,,0,2,8,23,C01
202000044593,2,7,,0,0,1,9,A01
202000044594,1,17,,0,2,6,11,A01
202000044594,1,7,,0,2,2,1,C01
202000044594,1,7,,0,2,6,13,B01
202000044595,3,7,,0,1,2,9,A01
202000044596,1,7,,0,2,4,2,B01
202000044596,1,31,,1,0,1,2,A01
202000044597,1,7,,4,2,2,14,A01
202000044597,1,15,,0,2,8,1,B01
202000044598,3,7,,0,2,8,9,A01
202000044598,1,33,,0,2,1,1,B01
202000044599,2,7,,0,2,4,1,B01
202000044599,2,7,,3,2,1,2,A01
202000044600,2,10,,0,1,2,16,A01
202000044601,1,7,,0,2,1,2,A01
202000044601,1,7,,0,2,4,15,B01
202000044602,1,7,,4,2,0,9,A01
202000044602,1,10,,0,2,0,1,B01
202000044603,3,7,,0,2,3,12,B01
202000044603,3,34,,0,2,1,1,A01
202000044604,2,7,,0,2,2,19,A01
202000044604,2,7,,0,2,1,1,B01
202000044605,1,7,,0,2,1,2,A01
202000044605,1,10,,0,2,4,2,B01
202000044606,1,7,,0,2,4,23,C01
202000044606,1,7,,0,2,4,23,B01
202000044606,1,7,,0,2,1,1,A01
202000044607,1,7,,0,2,1,21,B01
202000044607,1,7,,0,2,3,9,A01
202000044608,1,17,,0,2,5,13,A01
202000044608,1,7,,0,2,8,23,B01
202000044608,1,7,,4,2,4,2,C01
202000044609,3,7,,0,2,4,2,B01
202000044609,3,7,,0,2,1,2,A01
202000044610,3,10,,0,2,1,19,B01
202000044610,3,7,,0,2,2,1,A01
202000044611,2,7,,0,2,0,1,B01
202000044611,2,16,,0,2,0,0,A01
202000044612,1,7,,0,2,2,12,A01
202000044612,1,33,,0,2,3,1,B01
202000044613,3,7,,2,2,2,1,A01
202000044613,3,7,,0,2,2,15,B01
202000044614,1,17,,0,0,0,0,B01
202000044614,1,15,,0,2,0,14,A01
202000044615,1,32,,0,2,1,1,B01
202000044615,2,33,,0,2,1,15,A01
202000044616,1,7,,0,2,5,16,A01
202000044616,2,7,,0,2,3,1,B01
202000044617,1,7,,0,2,2,12,A01
202000044617,1,7,,0,2,6,1,B01
202000044618,3,7,,0,2,3,9,A01
202000044618,3,1,,0,2,7,1,B01