Num_Acc,senc,catv,occutc,obs,obsm,choc,manv,num_veh
202000044619,1,1,,0,2,3,1,B01
202000044619,1,7,,0,2,2,17,A01
202000044620,0,33,,0,2,1,1,B01
202000044620,0,7,,0,2,1,15,A01
202000044621,1,7,,0,2,4,1,A01
202000044621,1,7,,0,2,0,0,Z01
202000044621,2,7,,0,2,3,1,D01
202000044621,1,7,,0,2,1,1,C01
202000044621,1,7,,0,2,2,1,B01
202000044622,2,2,,0,2,4,2,A01
202000044622,2,31,,0,2,1,2,B01
202000044623,2,7,,4,0,4,2,B01
202000044623,2,7,,0,2,1,2,A01
202000044624,1,7,,6,0,1,1,A01
202000044625,3,7,,0,2,8,1,A01
202000044625,3,60,,0,2,0,1,B01
202000044626,3,7,,0,-1,8,0,B01
202000044626,0,7,,0,2,2,17,A01
202000044627,1,33,,0,2,1,0,A01
202000044627,3,7,,0,2,4,1,B01
202000044628,1,10,,0,2,2,15,A01
202000044628,2,33,,0,2,1,1,B01
202000044629,2,1,,0,2,1,1,B01
202000044629,1,7,,0,2,2,15,A01
202000044630,1,7,,0,2,3,9,A01
202000044630,2,2,,0,2,1,1,B01
202000044631,1,33,,0,2,2,3,A01
202000044631,1,7,,0,2,6,15,B01
202000044632,1,31,,0,0,8,15,A01
202000044633,1,7,,0,1,2,1,A01
202000044634,1,30,,0,2,4,1,B01
202000044634,1,7,,0,2,3,1,A01
202000044635,2,7,,0,2,3,1,B01
202000044635,1,7,,0,2,2,1,A01
202000044636,3,30,,0,2,6,21,A01
202000044636,3,7,,0,2,6,26,B01
202000044637,2,7,,1,1,2,17,A01
202000044638,0,7,,0,2,7,1,B01
202000044638,2,7,,0,2,1,1,A01
202000044639,1,7,,0,2,8,14,A01
202000044639,2,33,,0,2,1,1,B01
202000044640,1,31,,0,2,7,1,B01
202000044640,1,7,,0,2,1,15,A01
202000044641,2,7,,0,1,3,1,A01
202000044642,3,1,,0,2,7,1,B01
202000044642,3,7,,0,9,3,9,A01
202000044643,1,7,,15,2,1,1,B01
202000044643,2,7,,0,2,4,23,C01
202000044643,2,7,,0,2,1,21,A01
202000044644,3,33,,0,0,0,1,A01
202000044645,0,1,,0,2,1,26,B01
202000044645,0,7,,0,2,2,1,A01
202000044646,1,7,,0,2,1,1,A01
202000044646,1,7,,0,2,4,23,B01
202000044647,3,1,,0,2,5,2,A01
202000044647,0,1,,0,0,0,0,B01
202000044648,1,7,,0,9,1,16,A01
202000044648,1,1,,0,2,7,1,B01
202000044649,3,33,,0,0,2,14,A01
202000044650,1,2,,0,0,7,1,A01
202000044651,1,2,,0,2,4,2,B01
202000044651,1,7,,0,2,1,9,A01
202000044652,1,1,,0,2,4,15,B01
202000044652,1,30,,0,2,3,17,A01
202000044653,3,7,,0,2,4,23,A01
202000044653,3,7,,0,2,4,0,B01
202000044654,2,7,,0,2,4,1,B01
202000044654,2,7,,0,2,1,2,A01
202000044655,2,30,,0,2,8,7,B01
202000044655,1,7,,0,2,2,15,A01
202000044656,1,7,,0,2,1,1,A01
202000044656,1,7,,0,2,4,1,B01
202000044657,1,15,,3,0,6,15,C01
202000044657,1,7,,0,2,2,11,A01
202000044657,1,10,,3,0,7,1,B01
202000044658,3,7,,0,2,4,4,Z01
202000044658,1,1,,0,2,7,1,A01
202000044659,1,33,,10,0,1,0,A01
202000044660,2,1,,0,0,0,0,B01
202000044660,1,7,,0,2,3,15,A01
202000044661,2,30,,12,2,2,14,A01
202000044661,2,1,,0,2,2,1,B01
202000044662,2,32,,0,2,1,17,B01
202000044662,2,7,,0,2,3,15,A01
202000044663,1,7,,0,2,2,14,A01
202000044663,1,7,,0,2,3,24,B01
202000044664,2,33,,0,2,2,3,A01
202000044664,2,7,,0,2,3,20,B01
202000044665,2,2,,0,2,7,16,A01
202000044665,2,7,,0,2,3,1,B01
202000044666,3,1,,1,0,7,1,B01
202000044666,3,7,,0,2,3,22,A01
202000044667,1,32,,0,2,1,3,A01
202000044667,1,33,,0,2,4,15,B01
202000044668,1,33,,0,2,1,17,A01
202000044668,1,7,,0,2,3,15,B01
202000044669,1,10,,0,2,7,1,B01
202000044669,1,30,,0,2,3,11,A01
202000044670,3,10,,2,0,1,26,A01
202000044671,1,7,,0,1,8,15,A01
202000044672,2,10,,0,1,7,1,A01
202000044673,2,10,,0,2,1,16,A01
202000044673,1,1,,0,2,8,1,B01
202000044674,3,7,,0,9,3,1,A01
202000044674,1,80,,0,0,0,0,B01
202000044675,2,7,,0,2,3,15,A01
202000044675,2,7,,0,2,2,5,B01
202000044676,3,7,,0,2,0,0,B01
202000044676,3,7,,0,2,6,1,A01
202000044677,1,7,,0,1,4,4,A01
202000044678,3,7,,0,2,1,2,B01
202000044678,3,7,,0,2,4,2,A01
202000044679,2,31,,0,2,0,26,A01
202000044680,0,7,,0,2,2,21,B01
202000044681,1,7,,0,2,4,1,B01
202000044681,1,7,,0,2,1,21,A01
202000044682,1,2,,0,2,1,1,B01
202000044682,2,7,,0,2,3,20,A01
202000044683,1,7,,0,2,2,21,A01
202000044683,1,80,,0,2,3,19,B01
202000044684,1,7,,0,2,1,0,Z01
202000044684,1,33,,0,2,4,1,A01
202000044685,1,33,,0,2,1,1,A01
202000044685,1,7,,0,2,8,15,B01
202000044686,3,7,,0,2,3,1,B01
202000044686,3,32,,0,2,1,19,A01
202000044687,0,10,,1,0,3,1,A01
202000044687,0,7,,0,0,0,0,B01
202000044688,2,50,,0,2,1,1,B01
202000044688,1,30,,0,2,1,15,A01
202000044689,1,1,,0,2,1,1,B01
202000044689,2,7,,0,2,7,16,A01
202000044690,1,7,,1,1,2,1,A01
202000044691,2,33,,0,2,1,1,B01
202000044691,2,38,1.0,0,2,3,10,A01
202000044692,3,1,,0,0,0,1,A01
202000044693,2,7,,3,0,3,14,A01
202000044694,3,7,,0,2,3,9,A01
202000044694,2,2,,0,2,1,1,B01
202000044695,1,10,,0,1,1,16,A01
202000044696,3,32,,16,0,7,1,A01
202000044697,1,7,,13,0,2,1,A01
202000044698,1,7,,0,2,3,13,A01
202000044698,2,7,,0,2,3,1,B01
202000044699,2,33,,0,6,1,0,A01
202000044700,1,7,,0,2,8,19,A01
202000044700,1,33,,0,2,1,1,B01
202000044701,1,7,,0,1,3,1,A01
202000044702,1,33,,0,0,1,1,A01
202000044703,3,1,,0,2,1,1,B01
202000044703,3,7,,0,0,8,9,A01
202000044704,2,2,,0,2,8,1,B01
202000044704,1,7,,0,2,1,1,A01
202000044705,1,10,,0,2,3,9,A01
202000044705,1,1,,0,2,3,1,B01
202000044706,1,7,,0,1,4,4,A01
202000044707,1,31,,0,2,1,1,B01
202000044707,0,7,,0,2,1,1,A01
202000044708,3,7,,0,1,3,1,A01
202000044709,1,7,,0,2,3,1,A01
202000044709,1,33,,0,2,1,1,B01
202000044710,3,7,,0,0,4,9,B01
202000044710,3,7,,0,2,0,0,A01
202000044711,2,31,,7,0,7,1,A01
202000044712,0,7,,0,2,4,1,B01
202000044712,0,7,,0,2,1,1,A01
202000044713,1,1,,0,2,1,1,B01
202000044713,1,7,,0,2,2,17,A01
202000044714,1,7,,0,2,4,2,B01
202000044714,1,7,,0,2,1,2,A01
202000044715,2,7,,8,0,0,1,A01
202000044716,2,7,,0,1,2,1,A01
202000044717,2,1,,0,2,1,19,B01
202000044717,2,10,,0,2,2,1,A01
202000044718,3,1,,0,9,1,16,B01
202000044718,3,7,,0,9,0,21,A01
202000044719,3,7,,0,1,1,15,Z01
202000044720,1,7,,0,1,2,1,A01
202000044721,2,33,,0,2,1,1,B01
202000044721,1,7,,0,2,1,15,A01
202000044722,1,7,,0,2,0,15,A01
202000044722,1,7,,0,2,0,1,B01
202000044723,2,3,,14,0,3,21,C01
202000044723,2,3,,14,0,8,21,B01
202000044723,2,7,,4,0,3,2,D01
202000044724,1,7,,0,2,4,2,B01
202000044724,1,7,,0,2,1,1,A01
202000044725,2,80,,0,2,1,1,B01
202000044725,1,7,,0,2,7,15,A01
202000044726,1,7,,4,0,1,1,A01
202000044727,1,7,,0,2,1,2,A01
202000044727,1,7,,0,2,4,1,B01
202000044728,3,7,,0,2,4,2,B01
202000044728,3,7,,0,2,1,2,A01
202000044729,2,7,,0,0,9,0,A01
202000044730,1,7,,0,2,6,1,B01
202000044730,1,7,,0,2,2,26,A01
202000044731,2,60,,0,2,1,1,A01
202000044731,2,7,,0,9,2,20,B01
202000044732,2,7,,8,0,1,1,A01
202000044733,1,7,,0,2,2,1,B01
202000044733,2,10,,0,2,1,15,A01
202000044734,1,7,,0,1,7,1,A01
202000044735,2,7,,15,0,1,16,A01
202000044736,2,7,,0,0,4,0,A01
202000044737,3,2,,0,2,1,1,B01
202000044737,3,7,,0,2,1,15,A01
202000044738,3,7,,0,2,0,9,A01
202000044738,1,2,,0,2,2,15,B01
202000044739,1,7,,0,1,8,15,A01
202000044740,1,20,,12,0,7,9,A01
202000044741,3,2,,0,0,1,2,A01
202000044742,1,1,,0,1,1,1,A01
202000044743,2,7,,0,2,3,15,B01
202000044743,2,7,,0,2,2,1,A01
202000044744,1,7,,2,0,1,2,A01
202000044745,0,7,,0,2,4,2,B01
202000044745,0,7,,0,2,1,2,A01
202000044746,0,7,,0,1,1,15,A01
202000044747,2,7,,0,2,3,1,B01
202000044747,1,3,,0,2,1,21,A01
202000044748,3,30,,0,2,7,0,A01
202000044748,3,7,,0,2,3,9,B01
202000044749,3,7,,0,1,5,16,A01
202000044750,2,7,,0,1,1,15,A01
202000044751,2,3,,0,1,1,1,A01
202000044752,1,80,,0,2,1,1,B01
202000044752,1,7,,0,2,7,1,A01
202000044753,0,10,,0,2,2,23,B01
202000044753,0,33,,8,0,1,21,A01
202000044754,1,7,,2,0,1,1,A01
202000044755,0,50,,0,0,-1,0,B01
202000044755,0,3,,0,0,0,0,A01
202000044756,0,7,,0,0,0,0,A01
202000044756,0,7,,0,0,0,0,Z01
202000044757,1,7,,0,2,2,16,A01
202000044757,2,2,,0,2,8,1,B01
202000044758,2,30,,0,0,7,16,A01
202000044759,1,31,,0,9,1,17,A01
202000044759,3,1,,0,2,8,19,B01
202000044760,1,99,,6,0,2,1,A01
202000044761,1,15,,0,2,1,1,B01
202000044761,1,2,,0,2,8,19,A01
202000044762,1,2,,0,2,0,2,B01
202000044762,1,7,,0,2,0,15,A01
202000044763,3,7,,0,1,6,4,A01
202000044764,1,31,,0,2,1,1,B01
202000044764,1,7,,0,2,7,9,A01
202000044765,2,7,,0,2,2,19,A01
202000044765,1,33,,0,2,1,1,B01
202000044766,3,7,,0,2,1,2,A01
202000044766,3,2,,0,2,4,2,B01
202000044767,1,7,,13,0,3,13,A01
202000044768,1,31,,0,2,2,13,A01
202000044768,1,7,,0,2,6,15,B01
202000044769,3,32,,0,-1,-1,1,A01
202000044769,3,7,,0,-1,-1,1,B01
202000044770,-1,7,,13,0,1,0,A01
202000044771,2,0,,0,2,0,0,Z01
202000044771,1,1,,0,2,0,0,B01
202000044772,1,7,,0,1,1,1,A01
202000044773,1,7,,0,2,1,1,[01
202000044773,1,30,,0,2,0,6,B01
202000044774,3,7,,0,0,4,23,C01
202000044774,0,32,,0,2,4,2,B01
202000044774,0,7,,0,2,1,2,A01
202000044775,1,7,,0,2,5,17,A01
202000044775,0,1,,0,2,3,2,C01
202000044776,1,7,,0,2,4,2,B01
202000044776,1,10,,0,2,1,2,A01
202000044777,1,7,,0,2,3,1,A01
202000044777,1,1,,0,2,1,1,B01
202000044778,2,2,,12,0,8,16,A01
202000044779,1,10,,0,2,1,2,A01
202000044779,1,7,,0,2,2,2,B01
202000044779,1,7,,0,2,4,2,C01
202000044779,1,7,,0,2,0,0,Z01
202000044780,2,33,,0,1,1,1,A01
202000044781,2,31,,0,0,7,1,B01
202000044781,3,7,,6,2,1,1,A01
202000044782,2,10,,0,2,8,1,B01
202000044782,2,31,,0,2,2,16,A01
202000044783,1,7,,0,2,0,9,Z01
202000044783,3,30,,0,2,8,1,A01
202000044784,2,33,,2,0,1,17,A01
202000044785,2,31,,0,2,2,1,B01
202000044785,2,7,,0,2,3,9,A01
202000044786,1,43,,0,1,1,17,A01
202000044787,1,33,,0,1,1,1,A01
202000044788,2,7,,1,0,2,1,A01
202000044789,2,14,,0,2,2,16,A01
202000044789,2,7,,0,2,6,1,B01
202000044790,1,7,,0,1,1,1,A01
202000044791,3,1,,0,2,1,5,B01
202000044791,3,7,,0,2,3,9,A01
202000044792,1,33,,2,0,8,1,A01
202000044793,2,10,,0,2,8,15,A01
202000044793,2,31,,0,2,1,17,B01
202000044794,2,7,,2,2,2,17,A01
202000044794,2,7,,0,0,6,1,B01
202000044795,1,10,,8,0,8,13,A01
202000044796,1,1,,0,0,0,0,A01
202000044797,1,7,,0,1,0,0,Z01
202000044798,2,30,,0,1,7,17,A01
202000044799,1,33,,0,0,1,9,A01
202000044799,1,7,,0,0,4,1,B01
202000044800,1,37,1.0,0,2,7,17,A01
202000044800,1,1,,0,2,8,7,B01
202000044801,2,33,,0,2,8,15,A01
202000044801,2,7,,0,2,0,15,Z01
202000044802,1,33,,0,1,1,1,A01
202000044803,1,7,,0,2,1,1,A01
202000044803,1,32,,0,2,4,1,B01
202000044804,2,7,,0,2,1,1,A01
202000044804,2,7,,0,2,4,23,B01
202000044805,1,7,,0,2,1,14,A01
202000044805,3,7,,0,2,1,23,B01
202000044806,2,7,,6,0,5,1,A01
202000044807,3,7,,0,1,4,4,A01
202000044808,1,7,,0,1,5,26,A01
202000044809,3,30,,0,2,2,1,B01
202000044809,3,7,,0,2,1,9,A01
202000044810,1,7,,0,0,0,0,Z01
202000044810,3,1,,0,2,0,0,A01
202000044811,1,1,,0,2,8,2,B01
202000044811,1,7,,0,2,2,26,A01
202000044812,1,10,,0,2,4,1,B01
202000044812,1,32,,0,2,1,1,A01
202000044813,1,7,,0,1,1,1,A01
202000044814,1,2,,0,2,1,1,B01
202000044814,3,7,,0,2,5,1,A01
202000044815,1,33,,0,0,0,1,A01
202000044816,2,32,,0,2,7,1,B01
202000044816,2,7,,0,2,8,23,A01
202000044817,1,7,,0,2,3,1,B01
202000044817,2,33,,0,2,3,17,A01
202000044818,-1,7,,0,2,1,1,A01
202000044818,-1,7,,0,2,4,1,B01
202000044819,0,36,,0,0,1,1,A01
202000044820,1,7,,0,1,8,1,A01
202000044821,3,7,,1,0,2,26,A01
202000044822,3,7,,0,0,0,1,A01
202000044823,1,34,,0,1,1,2,A01
202000044824,2,33,,14,0,0,1,A01
202000044825,1,7,,0,1,1,9,A01
202000044826,2,7,,0,2,8,15,A01
202000044826,1,33,,0,2,1,1,B01
202000044827,2,7,,0,2,1,1,A01
202000044827,1,7,,0,2,1,1,B01
202000044827,3,7,,0,2,7,0,C01
202000044828,1,7,,0,0,2,1,A01
202000044829,1,32,,0,2,1,1,B01
202000044829,2,7,,0,2,5,15,HA01
202000044830,3,7,,0,1,2,9,A01
202000044831,2,1,,0,0,0,0,A01
202000044831,1,30,,0,0,0,0,Z01
202000044832,2,33,,0,2,8,13,A01
202000044832,1,7,,0,2,3,1,B01
202000044833,2,43,,4,0,3,13,A01
202000044834,2,37,1.0,0,1,1,26,B01
202000044835,1,7,,0,1,2,1,A01
202000044836,2,7,,0,2,6,1,B01
202000044836,2,33,,0,2,1,3,A01
202000044837,1,7,,0,2,1,2,A01
202000044837,1,7,,0,2,4,2,B01
202000044838,2,7,,0,2,4,2,B01
202000044838,2,33,,0,2,1,2,A01
202000044839,1,33,,0,2,1,1,A01
202000044839,1,10,,0,2,1,1,B01
202000044840,2,33,,3,0,2,1,A01
202000044841,2,32,,0,2,8,3,B01
202000044841,2,7,,0,2,7,12,A01
202000044842,1,7,,7,2,3,13,A01
202000044842,2,10,,0,2,3,1,B01
202000044843,2,7,,0,1,1,1,A01
202000044844,2,7,,0,1,1,1,A01
202000044845,1,32,,0,2,2,3,B01
202000044845,1,7,,0,2,8,1,C01
202000044845,1,33,,0,2,0,11,A01
202000044846,1,7,,0,0,8,1,A01
202000044847,2,10,,0,0,8,15,A01
202000044847,2,10,,0,0,2,17,B01
202000044848,1,7,,0,1,2,15,A01
202000044849,2,14,,0,0,6,2,B01
202000044849,2,7,,0,2,1,2,A01
202000044850,2,7,,0,2,2,15,A01
202000044850,1,2,,0,0,1,1,B01
202000044851,2,10,,0,1,6,4,A01
202000044852,2,7,,0,2,1,1,B01
202000044852,1,7,,0,2,7,15,A01
202000044853,1,7,,0,2,6,0,B01
202000044853,1,7,,0,2,2,0,A01
202000044854,2,7,,14,0,9,1,A01
202000044855,2,7,,13,0,2,14,A01
202000044856,1,7,,0,2,1,5,A01
202000044856,1,7,,0,2,2,15,B01
202000044857,0,1,,0,0,1,26,B01
202000044857,3,1,,0,0,4,26,A01
202000044858,1,7,,0,2,3,1,B01
202000044858,2,7,,0,0,7,1,A01
202000044859,0,7,,0,0,1,2,A01
202000044859,0,7,,0,0,4,2,B01
202000044860,3,33,,8,0,1,17,A01
202000044861,3,1,,0,2,3,1,B01
202000044861,3,7,,0,2,5,16,A01
202000044862,2,7,,0,2,1,21,B01
202000044862,1,34,,0,2,0,26,A01
202000044863,1,30,,0,1,1,1,A01
202000044864,2,30,,0,1,1,1,Z01
202000044865,2,33,,0,2,8,17,B01
202000044865,2,7,,0,2,6,23,C01
202000044865,1,7,,0,2,8,13,A01
202000044866,2,7,,0,2,2,1,A01
202000044866,2,7,,0,2,1,1,B01
202000044867,1,33,,0,2,5,3,B01
202000044867,1,7,,0,2,3,11,A01
202000044868,2,7,,0,2,3,15,A01
202000044868,1,7,,0,2,1,1,B01
202000044869,1,32,,0,2,1,13,A01
202000044869,2,7,,0,2,1,23,B01
202000044870,2,7,,0,1,1,15,A01
202000044871,1,2,,0,2,3,9,A01
202000044871,1,1,,0,2,1,1,B01
202000044872,0,13,,0,1,6,0,B01
202000044872,3,7,,1,0,2,2,A01
202000044873,2,10,,0,0,0,1,A01
202000044874,1,33,,0,2,1,3,A01
202000044874,1,7,,0,2,4,1,B01
202000044875,3,7,,0,2,3,1,A01
202000044875,3,1,,0,2,4,1,B01
202000044876,1,7,,0,1,5,1,A01
202000044877,1,31,,0,2,1,2,B01
202000044877,1,7,,0,2,6,2,A01
202000044878,0,7,,0,0,3,15,A01
202000044878,3,1,,0,2,1,1,B01
202000044879,2,31,,0,0,1,1,A01
202000044880,1,7,,0,2,6,11,A01
202000044880,1,31,,0,2,1,1,B01
202000044881,2,7,,0,2,1,1,B01
202000044881,1,7,,0,2,1,17,A01
202000044882,1,7,,0,2,3,15,A01
202000044882,1,30,,0,2,2,17,B01
202000044883,3,7,,0,1,8,1,A01
202000044884,1,7,,11,0,0,13,A01
202000044885,1,7,,0,1,3,1,A01
202000044886,1,1,,8,0,2,14,A01
202000044887,1,7,,0,0,5,15,A01
202000044887,2,33,,0,0,1,1,B01
202000044888,3,7,,0,1,1,15,A01
202000044889,2,1,,0,1,1,1,A01
202000044890,1,7,,0,2,3,1,A01
202000044890,2,50,,0,2,0,1,B01
202000044891,2,33,,6,0,1,1,A01
202000044892,1,7,,0,2,1,2,A01
202000044892,1,7,,0,2,4,2,B01
202000044893,0,7,,0,1,6,4,A01
202000044894,1,7,,0,2,2,13,A01
202000044894,2,7,,0,2,1,1,C01
202000044894,1,7,,0,2,3,0,B01
202000044895,2,34,,0,1,1,21,A01
202000044895,2,7,,0,2,5,1,B01
202000044896,0,7,,0,9,3,1,B01
202000044896,2,1,,0,2,1,5,A01
202000044897,2,31,,0,6,1,1,A01
202000044898,1,1,,0,2,1,2,A01
202000044898,1,7,,0,2,6,23,B01
202000044899,1,33,,0,0,6,1,A01
202000044899,1,7,,0,2,2,14,B01
202000044900,2,15,,0,1,3,19,A01
202000044901,2,1,,0,1,1,1,Z01
202000044902,1,33,,0,2,1,1,A01
202000044902,2,7,,0,2,2,1,B01
202000044903,1,7,,15,2,1,1,B01
202000044903,2,7,,8,2,8,1,A01
202000044904,0,99,,8,0,1,26,A01
202000044905,2,10,,0,2,8,22,A01
202000044905,2,1,,0,2,1,1,C01
202000044905,2,1,,0,2,1,1,B01
202000044906,3,2,,0,2,1,1,A01
202000044906,3,7,,0,2,2,15,B01
202000044907,1,33,,0,2,1,13,A01
202000044907,2,7,,0,2,3,1,B01
202000044908,1,31,,0,2,2,1,B01
202000044908,2,1,,0,2,0,5,A01
202000044909,1,7,,2,0,7,15,A01
202000044910,2,1,,0,0,7,0,A01
202000044911,1,33,,0,2,8,1,B01
202000044911,2,7,,0,2,1,15,A01
202000044912,3,2,,0,1,1,1,A01
202000044913,1,7,,0,2,1,2,A01
202000044913,1,7,,0,2,4,2,B01
202000044914,3,7,,0,2,1,1,A01
202000044914,3,7,,0,2,0,0,B01
202000044915,1,7,,0,2,3,1,C01
202000044915,2,7,,0,0,6,15,B01
202000044915,2,2,,0,2,2,17,A01
202000044916,1,32,,0,2,0,1,B01
202000044916,1,7,,0,2,0,13,A01
202000044917,2,99,,0,1,4,4,A01
202000044918,2,7,,0,2,2,16,A01
202000044918,2,1,,0,2,8,1,B01
202000044919,2,7,,0,2,1,1,A01
202000044919,1,7,,0,2,2,15,B01
202000044920,1,1,,0,2,7,12,B01
202000044920,1,7,,0,2,2,9,A01
202000044921,1,7,,0,2,1,1,B01
202000044921,2,7,,0,2,1,5,A01
202000044922,3,7,,6,2,1,1,B01
202000044922,3,7,,0,2,2,19,A01
202000044923,3,36,,0,0,0,1,A01
202000044924,2,7,,1,1,2,1,A01
202000044925,2,7,,0,2,1,1,A01
202000044925,1,7,,0,2,2,15,B01
202000044926,1,7,,0,1,1,1,A01
202000044927,1,1,,0,2,1,1,A01
202000044927,1,7,,0,0,4,23,B01
202000044928,2,7,,0,2,5,1,A01
202000044928,1,33,,0,2,1,1,B01
202000044929,1,33,,6,0,7,1,A01
202000044930,1,7,,4,2,0,1,A01
202000044930,1,7,,13,2,0,1,B01
202000044931,1,32,,14,2,1,1,A01
202000044932,3,7,,0,1,1,15,A01
202000044933,1,33,,0,1,3,15,A01
202000044934,1,7,,6,0,2,0,A01
202000044935,1,15,,0,2,6,4,A01
202000044935,2,7,,0,2,8,10,B01
202000044936,0,7,,0,1,2,1,A01
202000044937,2,7,,3,0,1,1,A01
202000044938,1,7,,5,0,2,1,A01
202000044939,2,33,,0,2,1,2,A01
202000044939,2,7,,0,0,4,2,B01
202000044940,2,10,,0,1,1,1,A01
202000044941,2,7,,0,2,1,5,A01
202000044941,1,7,,0,2,1,1,B01
202000044942,2,34,,0,0,8,15,A01
202000044943,3,7,,0,1,3,1,A01
202000044944,1,10,,13,0,2,14,A01
202000044945,3,7,,0,2,3,20,A01
202000044945,3,2,,0,2,3,1,B01
202000044946,2,7,,0,0,8,15,B01
202000044946,1,2,,0,2,1,1,A01
202000044947,2,7,,7,0,0,1,A01
202000044948,1,7,,2,0,3,21,A01
202000044949,2,7,,0,2,1,1,C01
202000044949,2,7,,0,2,6,1,A01
202000044949,2,15,,0,2,2,12,B01
202000044950,1,7,,0,2,1,17,A01
202000044950,2,7,,0,0,8,21,C01
202000044950,2,7,,0,0,3,1,B01
202000044951,2,7,,2,6,1,1,A01
202000044952,1,7,,0,2,4,1,B01
202000044952,1,10,,0,2,1,1,A01
202000044953,1,7,,0,2,3,1,A01
202000044953,2,1,,0,2,1,13,B01
202000044954,1,7,,0,2,1,5,A01
202000044954,2,7,,0,2,3,1,B01
202000044955,2,36,,0,0,0,13,B01
202000044955,1,7,,2,0,2,1,A01
202000044956,2,7,,2,0,1,13,A01
202000044957,2,7,,0,2,2,15,A01
202000044957,2,37,1.0,0,2,1,1,B01
202000044958,1,7,,13,0,7,1,A01
202000044959,1,7,,2,0,1,1,A01
202000044960,2,7,,0,1,1,1,A01
202000044961,2,7,,0,2,1,1,A01
202000044961,1,7,,0,2,1,13,B01
202000044962,3,33,,1,0,1,15,A01
202000044963,1,33,,16,0,0,0,A01
202000044964,2,33,,13,0,1,13,A01
202000044965,0,7,,0,0,0,0,A01
202000044966,2,7,,4,0,0,1,A01
202000044967,2,7,,0,0,1,14,A01
202000044968,3,17,,10,0,7,1,A01
202000044969,0,7,,0,9,4,2,A01
202000044969,0,1,,0,0,4,2,B01
202000044970,2,31,,0,0,0,1,A01
202000044971,2,7,,4,0,2,1,A01
202000044972,1,7,,0,1,2,1,A01
202000044973,1,7,,0,0,4,1,B01
202000044973,1,7,,0,2,1,2,A01
202000044974,0,7,,0,1,4,4,A01
202000044975,1,2,,0,0,9,1,A01
202000044976,0,7,,0,0,2,0,B01
202000044976,1,7,,0,0,2,0,A01
202000044977,1,7,,9,0,3,1,A01
202000044978,1,1,,0,2,1,16,B01
202000044978,1,15,,0,2,5,16,A01
202000044979,1,7,,0,2,6,1,B01
202000044979,1,7,,0,2,2,1,A01
202000044980,2,7,,0,9,0,15,B01
202000044980,1,1,,0,2,8,1,A01
202000044981,2,7,,16,9,2,14,A01
202000044982,1,33,,0,2,7,17,B01
202000044982,1,21,,0,2,8,15,A01
202000044983,2,7,,0,2,1,15,A01
202000044983,1,33,,0,2,1,1,B01
202000044984,1,7,,6,0,1,1,A01
202000044985,2,7,,0,0,8,1,B01
202000044985,1,7,,0,2,1,13,A01
202000044986,3,7,,0,2,1,17,A01
202000044986,3,7,,0,2,1,15,B01
202000044987,2,7,,6,0,1,1,A01
202000044987,2,7,,0,2,1,2,B01
202000044988,1,7,,0,2,3,16,B01
202000044988,2,7,,0,2,1,13,A01
202000044989,1,7,,0,1,2,1,A01
202000044990,2,7,,0,0,4,1,B01
202000044990,2,7,,0,2,1,1,A01
202000044991,1,7,,13,0,1,1,A01
202000044992,2,7,,0,2,2,1,B01
202000044992,2,7,,0,2,6,9,A01
202000044993,2,7,,0,1,1,1,A01
202000044994,0,7,,0,1,0,23,A01
202000044995,1,7,,0,9,3,9,A01
202000044995,1,1,,0,2,7,2,B01
202000044996,2,7,,0,2,1,13,A01
202000044996,1,7,,0,2,1,1,B01
202000044997,3,7,,0,1,4,26,A01
202000044998,2,7,,1,0,1,13,A01
202000044999,2,7,,13,0,9,14,A01
202000045000,1,2,,13,0,1,1,A01
202000045001,2,1,,0,2,1,1,A01
202000045001,1,10,,0,2,2,1,B01
202000045002,1,7,,3,0,7,2,A01
202000045003,2,7,,13,0,7,13,A01
202000045004,1,7,,0,1,2,1,A01
202000045005,1,7,,6,0,1,1,A01
202000045006,1,7,,0,2,4,1,B01
202000045006,1,7,,0,2,1,1,A01
202000045007,2,7,,0,2,3,13,A01
202000045007,1,33,,0,2,1,1,B01
202000045008,1,7,,0,2,2,1,B01
202000045008,2,2,,0,2,1,5,A01
202000045009,3,10,,5,1,3,26,A01
202000045010,2,33,,0,2,4,3,B01
202000045010,2,7,,0,2,1,1,A01
202000045011,1,7,,0,0,9,1,A01
202000045012,2,7,,0,1,2,2,A01
202000045013,2,7,,0,1,8,1,A01
202000045014,1,7,,14,1,1,1,B01
202000045014,1,7,,0,0,4,23,A01
202000045015,1,3,,0,2,1,15,A01
202000045015,2,30,,0,2,1,1,B01
202000045016,2,7,,0,2,8,10,A01
202000045016,2,50,,0,2,1,2,B01
202000045017,1,7,,4,2,2,1,B01
202000045017,1,7,,0,2,6,11,A01
202000045018,2,7,,0,0,9,1,A01
202000045019,2,7,,1,0,1,1,A01
202000045020,1,7,,4,0,3,13,A01
202000045021,2,7,,0,2,1,1,B01
202000045021,1,10,,0,2,1,13,A01
202000045022,3,7,,0,2,1,1,B01
202000045022,3,7,,0,1,2,1,A01
202000045023,3,10,,0,1,4,20,A01
202000045024,2,10,,0,2,3,1,A01
202000045024,1,31,,0,2,3,1,B01
202000045025,1,2,,14,0,0,1,A01
202000045026,2,7,,0,2,1,1,B01