Num_Acc,senc,catv,occutc,obs,obsm,choc,manv,num_veh
202000045026,1,7,,0,2,1,13,A01
202000045027,2,7,,5,0,2,1,A01
202000045028,1,2,,12,0,8,1,A01
202000045029,1,7,,1,0,9,1,A01
202000045030,2,7,,0,0,9,14,A01
202000045031,1,7,,0,1,2,1,A01
202000045032,0,7,,0,2,0,13,A01
202000045032,0,7,,0,2,0,1,D01
202000045032,0,7,,0,2,0,1,B01
202000045032,0,7,,0,2,0,1,C01
202000045033,3,2,,0,2,1,21,B01
202000045033,3,7,,0,2,1,15,A01
202000045034,3,30,,0,1,1,1,A01
202000045035,1,7,,1,0,1,14,A01
202000045035,1,7,,0,2,6,23,B01
202000045036,1,7,,0,2,2,2,A01
202000045036,1,2,,0,2,9,2,B01
202000045037,1,10,,0,2,4,1,B01
202000045037,1,33,,0,2,1,3,A01
202000045038,2,7,,0,2,4,1,C01
202000045038,2,33,,0,2,8,3,B01
202000045038,2,7,,0,2,2,14,A01
202000045039,3,7,,0,1,2,12,A01
202000045040,0,7,,0,0,9,1,A01
202000045041,1,7,,0,2,4,2,B01
202000045041,1,7,,0,2,1,2,A01
202000045042,1,30,,0,2,3,1,B01
202000045042,1,7,,0,2,2,16,A01
202000045043,2,7,,13,2,1,13,A01
202000045043,1,7,,0,2,1,1,B01
202000045044,2,7,,0,2,2,2,A01
202000045044,2,33,,0,2,8,2,B01
202000045045,1,1,,0,2,7,15,B01
202000045045,2,7,,0,2,1,1,A01
202000045046,1,7,,0,2,1,1,B01
202000045046,1,33,,0,2,8,16,A01
202000045047,1,7,,8,0,9,1,A01
202000045048,3,7,,0,2,1,2,B01
202000045048,3,7,,0,2,7,2,A01
202000045049,1,50,,0,2,0,0,B01
202000045049,2,7,,0,2,0,1,A01
202000045050,3,7,,0,0,0,1,A01
202000045051,1,7,,5,0,1,2,A01
202000045052,2,7,,0,2,3,1,B01
202000045052,1,33,,0,2,1,9,A01
202000045053,1,7,,0,0,0,14,A01
202000045054,3,7,,0,2,2,17,B01
202000045054,3,31,,0,2,8,2,A01
202000045055,2,7,,0,2,6,23,C01
202000045055,2,34,,0,2,7,3,B01
202000045055,2,10,,0,2,8,11,A01
202000045056,1,7,,0,2,1,1,B01
202000045056,2,30,,0,2,1,13,A01
202000045057,1,10,,0,2,1,17,B01
202000045057,1,10,,0,2,3,15,A01
202000045058,2,7,,0,2,6,23,A01
202000045058,2,7,,0,2,5,1,B01
202000045058,2,7,,0,2,3,21,C01
202000045059,3,10,,0,1,1,21,A01
202000045060,2,7,,0,1,1,16,A01
202000045061,0,1,,0,0,0,1,A01
202000045062,2,7,,0,2,3,1,B01
202000045062,2,7,,0,2,3,13,A01
202000045063,1,7,,0,2,7,15,A01
202000045063,2,7,,0,2,1,1,B01
202000045064,1,7,,3,0,6,1,A01
202000045065,1,33,,0,0,0,1,A01
202000045066,1,7,,0,1,1,1,A01
202000045067,1,7,,16,0,0,17,A01
202000045068,2,7,,0,2,8,22,A01
202000045068,2,1,,1,0,1,1,B01
202000045069,1,7,,2,0,8,13,A01
202000045070,2,30,,12,0,2,15,A01
202000045071,2,50,,0,4,1,5,B01
202000045071,2,40,,0,2,3,1,A01
202000045072,1,33,,0,2,7,1,B01
202000045072,1,1,,0,2,7,15,A01
202000045073,2,1,,0,0,4,2,B01
202000045073,2,7,,0,9,2,2,A01
202000045074,1,99,,1,0,1,26,A01
202000045075,1,7,,3,0,1,1,A01
202000045076,1,99,,0,2,1,1,A01
202000045076,1,7,,0,2,4,1,B01
202000045076,1,7,,0,2,4,1,C01
202000045076,1,7,,0,2,4,1,D01
202000045077,2,7,,0,0,1,0,C01
202000045077,2,7,,0,0,5,0,B01
202000045077,2,7,,0,0,4,0,A01
202000045078,3,33,,2,0,1,21,A01
202000045079,3,2,,0,2,7,26,A01
202000045079,0,7,,0,2,1,1,B01
202000045080,2,33,,0,2,6,18,A01
202000045080,2,7,,0,2,2,16,B01
202000045081,1,7,,12,0,2,0,A01
202000045082,1,2,,0,2,7,15,B01
202000045082,1,7,,0,2,1,16,A01
202000045083,3,7,,0,2,1,1,B01
202000045083,3,1,,0,2,2,15,A01
202000045084,1,30,,0,4,0,19,A01
202000045084,2,40,,0,2,1,1,B01
202000045085,1,10,,0,4,6,15,A01
202000045085,1,40,,0,2,1,1,B01
202000045086,2,7,,0,2,1,10,A01
202000045086,2,1,,0,2,1,1,B01
202000045087,2,7,,0,2,1,1,A01
202000045087,2,7,,8,2,8,1,B01
202000045088,2,13,,0,2,3,1,B01
202000045088,1,7,,0,2,3,13,A01
202000045089,0,7,,0,2,1,1,A01
202000045089,0,7,,0,2,1,13,B01
202000045090,3,7,,0,2,1,1,A01
202000045090,3,7,,0,2,2,1,B01
202000045091,2,7,,2,0,6,1,A01
202000045092,2,2,,8,0,0,0,A01
202000045093,1,30,,1,0,0,0,A01
202000045094,1,37,1.0,0,2,2,1,B01
202000045094,0,7,,0,2,1,9,A01
202000045095,1,33,,6,0,3,1,A01
202000045096,3,3,,0,0,7,13,A01
202000045097,1,7,,0,2,5,15,A01
202000045097,1,7,,0,2,2,1,B01
202000045098,1,40,,0,2,2,1,B01
202000045098,2,10,,7,4,6,19,A01
202000045099,2,7,,0,2,6,1,B01
202000045099,2,7,,3,2,2,17,A01
202000045100,1,7,,0,0,7,1,B01
202000045100,0,7,,0,2,1,1,A01
202000045101,2,7,,0,2,1,2,A01
202000045101,2,7,,0,2,4,15,B01
202000045102,0,33,,8,0,1,1,A01
202000045103,3,7,,2,0,1,1,A01
202000045104,1,7,,0,1,1,1,A01
202000045105,1,33,,0,0,2,14,A01
202000045106,2,33,,0,2,1,1,B01
202000045106,1,7,,0,2,2,15,A01
202000045107,3,1,,1,2,1,1,B01
202000045107,3,10,,1,9,3,13,A01
202000045108,2,33,,0,2,2,1,B01
202000045108,1,7,,0,2,6,9,A01
202000045109,2,99,,0,2,8,17,Z01
202000045109,2,33,,9,2,0,0,B01
202000045110,1,7,,8,0,1,0,A01
202000045111,0,7,,0,2,3,9,B01
202000045111,0,2,,0,2,2,2,A01
202000045112,1,7,,0,1,1,1,A01
202000045113,1,7,,0,2,1,15,A01
202000045113,3,7,,0,0,1,1,B01
202000045114,2,30,,0,2,4,0,B01
202000045114,2,7,,0,2,1,1,A01
202000045115,1,7,,15,0,2,19,A01
202000045116,2,7,,0,2,1,26,A01
202000045116,1,7,,0,2,1,1,B01
202000045117,3,7,,0,2,3,13,A01
202000045117,3,7,,0,2,3,2,B01
202000045118,1,10,,0,1,1,15,A01
202000045119,0,7,,0,1,1,15,A01
202000045120,3,7,,0,1,1,2,A01
202000045121,1,30,,0,2,4,1,A01
202000045121,1,7,,0,2,1,1,Z01
202000045122,2,7,,8,0,1,1,A01
202000045123,1,10,,0,2,8,10,A01
202000045123,1,17,,0,2,2,1,B01
202000045124,2,32,,0,1,1,1,A01
202000045125,2,7,,0,2,3,15,A01
202000045125,1,2,,0,2,1,1,B01
202000045126,3,2,,0,2,1,17,B01
202000045126,3,7,,0,0,3,15,C01
202000045127,2,7,,0,2,2,1,B01
202000045127,1,7,,0,2,2,1,A01
202000045128,2,7,,0,2,3,13,A01
202000045128,1,17,,0,2,3,1,B01
202000045128,2,7,,0,9,0,1,C01
202000045129,1,7,,0,2,4,15,C01
202000045129,1,7,,0,2,1,1,B01
202000045129,1,10,,0,2,1,1,A01
202000045130,-1,33,,16,0,7,0,B01
202000045130,3,33,,10,0,1,14,A01
202000045131,1,7,,2,0,8,17,A01
202000045132,2,34,,0,2,1,1,B01
202000045132,1,7,,0,2,5,15,A01
202000045133,1,7,,8,0,2,0,A01
202000045134,1,33,,12,0,1,9,A01
202000045135,1,2,,0,2,1,2,A01
202000045135,1,10,,0,2,4,2,B01
202000045136,2,7,,0,2,1,1,D01
202000045136,2,7,,0,2,1,1,C01
202000045136,2,7,,0,2,4,23,B01
202000045136,2,7,,4,0,1,1,A01
202000045137,2,33,,0,0,9,21,A01
202000045138,3,7,,0,2,1,26,A01
202000045138,3,7,,0,2,1,13,B01
202000045139,3,37,4.0,0,2,2,7,A01
202000045139,3,30,,0,2,1,19,Z01
202000045140,2,7,,0,2,7,1,C01
202000045140,2,7,,0,2,6,1,B01
202000045140,2,33,,0,2,1,3,A01
202000045141,2,7,,0,1,3,1,A01
202000045142,2,16,,0,2,0,2,B01
202000045142,2,33,,13,2,0,1,A01
202000045143,2,7,,0,2,1,13,A01
202000045143,1,37,3.0,0,2,3,1,B01
202000045144,1,7,,0,2,7,0,A01
202000045144,2,10,,0,2,1,1,B01
202000045145,2,10,,0,2,3,21,B01
202000045145,1,7,,0,2,3,13,A01
202000045146,2,31,,0,0,7,21,A01
202000045147,3,30,,0,2,7,17,B01
202000045147,3,7,,0,2,1,9,A01
202000045148,1,7,,0,1,3,1,A01
202000045149,2,10,,0,2,1,1,C01
202000045149,2,7,,0,2,4,1,A01
202000045149,2,7,,0,2,1,2,B01
202000045150,3,36,,0,0,9,1,A01
202000045151,2,7,,14,0,1,1,B01
202000045151,2,7,,3,2,1,23,A01
202000045152,1,1,,0,2,7,1,Y01
202000045152,1,7,,0,9,1,1,A01
202000045153,2,10,,7,0,1,0,A01
202000045154,3,7,,0,2,8,1,B01
202000045154,3,31,,0,2,8,1,A01
202000045155,1,31,,0,6,2,1,A01
202000045156,2,10,,0,2,1,1,A01
202000045156,2,10,,0,2,4,1,B01
202000045156,2,10,,0,2,4,1,C01
202000045157,1,7,,13,0,2,1,A01
202000045158,1,7,,3,0,1,26,A01
202000045159,2,37,0.0,0,1,2,9,A01
202000045160,2,7,,0,2,4,2,D01
202000045160,2,7,,0,2,4,2,C01
202000045160,2,7,,0,2,4,2,B01
202000045160,2,7,,0,2,1,2,A01
202000045161,2,7,,3,0,9,1,A01
202000045162,3,7,,0,2,1,11,A01
202000045162,3,7,,0,2,6,1,B01
202000045162,3,7,,0,2,3,1,C01
202000045163,1,1,,0,2,4,12,A01
202000045163,1,99,,0,2,1,18,Z01
202000045164,1,7,,0,2,3,1,A01
202000045164,1,1,,0,2,1,1,B01
202000045165,2,7,,0,1,2,1,A01
202000045166,2,99,,0,2,4,1,C01
202000045166,2,7,,0,2,3,9,A01
202000045166,2,7,,0,2,5,9,B01
202000045167,2,7,,0,2,3,15,B01
202000045167,2,31,,0,2,2,17,A01
202000045168,2,7,,0,2,4,23,B01
202000045168,2,10,,0,2,1,1,A01
202000045169,1,7,,3,0,1,9,A01
202000045170,1,33,,0,0,2,14,A01
202000045171,1,33,,0,2,1,2,B01
202000045171,1,7,,0,2,4,2,A01
202000045172,1,30,,0,1,0,1,A01
202000045173,2,7,,4,0,1,1,A01
202000045174,3,7,,0,2,2,9,A01
202000045174,3,7,,0,2,5,1,B01
202000045175,1,7,,0,2,8,1,B01
202000045175,1,17,,0,2,2,12,A01
202000045176,1,7,,0,2,3,9,B01
202000045176,1,33,,0,2,1,1,A01
202000045177,1,33,,3,0,9,2,A01
202000045178,2,32,,0,1,1,25,Z01
202000045179,2,7,,0,2,1,1,B01
202000045179,2,7,,0,2,4,1,A01
202000045180,0,30,,0,0,0,1,A01
202000045181,2,7,,0,2,4,1,B01
202000045181,2,7,,0,2,1,1,A01
202000045182,1,7,,0,2,1,23,A01
202000045182,1,33,,0,2,1,1,B01
202000045183,2,7,,0,0,9,2,A01
202000045184,1,7,,0,2,4,1,D01
202000045184,0,7,,0,2,2,17,C01
202000045184,1,7,,0,0,0,13,B01
202000045184,1,10,,0,0,0,9,A01
202000045185,0,7,,0,2,2,1,B01
202000045185,0,7,,0,2,1,9,A01
202000045186,3,30,,0,2,1,17,B01
202000045186,3,10,,0,2,3,15,A01
202000045187,2,7,,0,2,1,15,A01
202000045187,1,33,,0,2,1,1,B01
202000045188,2,10,,0,2,6,11,A01
202000045188,2,33,,0,2,2,1,B01
202000045189,1,7,,0,2,1,14,A01
202000045189,1,7,,0,2,8,1,B01
202000045190,2,7,,4,0,1,13,A01
202000045191,3,7,,0,2,2,19,B01
202000045191,1,33,,0,2,3,26,A01
202000045192,3,1,,0,2,1,16,A01
202000045192,3,1,,0,9,1,1,B01
202000045193,2,7,,0,2,1,0,C01
202000045193,2,7,,0,2,6,26,B01
202000045193,2,7,,0,2,0,26,A01
202000045194,2,33,,0,2,3,1,B01
202000045194,2,7,,0,2,2,9,A01
202000045195,2,15,,0,2,1,0,A01
202000045195,2,7,,0,2,6,1,B01
202000045196,0,7,,0,1,2,1,A01
202000045197,1,7,,0,2,1,2,A01
202000045197,1,32,,0,2,4,1,B01
202000045198,1,7,,0,1,7,17,A01
202000045199,1,7,,0,2,2,13,A01
202000045199,1,34,,0,2,2,3,B01
202000045200,1,30,,0,0,1,26,A01
202000045201,1,7,,0,2,1,26,A01
202000045201,1,32,,0,2,4,23,B01
202000045202,1,1,,0,2,1,0,B01
202000045202,1,43,,0,2,1,0,A01
202000045203,1,7,,0,2,6,15,B01
202000045203,1,30,,0,2,7,17,A01
202000045204,1,7,,0,1,1,1,Z01
202000045205,2,33,,0,2,8,3,B01
202000045205,2,7,,0,2,2,12,A01
202000045206,2,7,,0,1,4,4,A01
202000045207,2,7,,4,0,8,0,A01
202000045208,3,7,,0,2,2,0,A01
202000045208,3,7,,0,2,3,16,B01
202000045209,1,7,,0,2,1,2,A01
202000045209,1,7,,0,2,4,2,B01
202000045210,1,34,,0,2,1,17,A01
202000045210,1,7,,0,2,3,16,B01
202000045211,1,7,,0,2,1,2,C01
202000045211,1,7,,0,2,4,1,B01
202000045211,1,7,,0,2,4,16,A01
202000045212,1,7,,0,2,1,13,A01
202000045212,2,7,,0,2,3,1,B01
202000045213,2,7,,0,2,1,26,A01
202000045213,2,7,,0,2,4,1,B01
202000045214,1,7,,0,1,1,26,A01
202000045215,2,15,,4,0,9,2,A01
202000045216,2,7,,0,2,7,15,B01
202000045216,1,30,,0,2,1,1,A01
202000045217,2,10,,3,0,1,21,A01
202000045218,1,7,,0,2,3,15,Z01
202000045218,1,34,,0,2,7,1,B01
202000045219,1,50,,0,2,1,25,A01
202000045219,3,7,,0,9,3,0,B01
202000045220,3,2,,0,2,7,1,B01
202000045220,3,1,,0,2,1,5,A01
202000045221,2,34,,0,2,1,3,B01
202000045221,2,7,,0,2,4,11,A01
202000045222,2,10,,15,2,1,17,A01
202000045222,1,7,,0,2,6,1,C01
202000045222,2,10,,0,2,8,1,B01
202000045223,2,33,,0,2,0,3,A01
202000045224,-1,7,,0,2,7,11,B01
202000045224,-1,34,,0,2,7,5,A01
202000045225,2,34,,0,2,1,3,B01
202000045225,2,7,,0,2,2,12,A01
202000045226,2,7,,0,1,0,15,A01
202000045227,2,7,,0,0,6,1,D01
202000045227,2,33,,0,2,1,3,A01
202000045227,2,7,,0,0,4,1,C01
202000045227,2,7,,0,0,7,1,B01
202000045228,2,7,,0,2,3,15,A01
202000045228,2,32,,0,2,1,1,B01
202000045229,1,7,,0,2,4,1,B01
202000045229,1,7,,0,2,1,2,A01
202000045230,2,7,,0,2,8,15,A01
202000045230,2,37,2.0,0,2,2,1,B01
202000045231,1,33,,0,2,8,3,A01
202000045231,1,0,,0,2,7,12,Z01
202000045232,3,2,,0,2,1,1,B01
202000045232,3,13,,0,2,2,15,A01
202000045233,1,10,,0,2,1,15,Z01
202000045233,2,7,,0,2,2,1,B01
202000045234,1,7,,0,2,3,2,B01
202000045234,1,7,,0,2,4,1,Z01
202000045234,1,33,,0,2,1,2,A01
202000045235,1,7,,0,1,2,9,A01
202000045236,1,10,,0,1,6,25,A01
202000045237,1,7,,0,1,2,26,A01
202000045238,3,10,,0,1,5,4,A01
202000045239,1,7,,0,0,0,13,A01
202000045240,1,7,,0,2,1,2,A01
202000045240,1,7,,0,2,4,23,B01
202000045241,1,7,,0,1,1,1,A01
202000045242,1,32,,0,1,2,17,A01
202000045243,1,7,,0,2,2,1,B01
202000045243,2,7,,0,2,5,12,A01
202000045244,2,7,,5,2,3,1,C01
202000045244,2,7,,5,2,1,1,B01
202000045244,1,7,,7,2,1,13,A01
202000045245,1,30,,0,1,1,1,A01
202000045246,-1,31,,0,2,1,-1,A01
202000045246,1,7,,0,2,3,15,B01
202000045247,2,33,,0,2,1,3,B01
202000045247,2,7,,0,2,5,12,A01
202000045248,2,7,,0,2,2,1,B01
202000045248,2,7,,0,2,1,16,A01
202000045249,2,33,,0,2,3,0,B01
202000045249,2,7,,0,2,4,1,A01
202000045250,1,7,,0,2,8,1,B01
202000045250,1,7,,0,2,1,1,A01
202000045251,1,99,,0,2,1,11,A01
202000045251,1,7,,0,2,1,2,B01
202000045252,3,33,,0,2,2,3,A01
202000045252,3,7,,0,2,3,15,B01
202000045253,2,30,,11,0,8,1,A01
202000045254,0,31,,0,2,1,1,B01
202000045254,0,7,,0,2,2,15,A01
202000045255,2,7,,0,2,3,15,A01
202000045255,1,10,,0,2,1,1,B01
202000045256,3,7,,0,1,5,1,A01
202000045257,2,30,,0,2,0,10,A01
202000045257,1,30,,0,2,0,1,B01
202000045258,3,7,,0,2,1,21,C01
202000045258,1,7,,0,2,8,1,B01
202000045258,3,34,,0,2,3,0,A01
202000045259,0,41,,15,0,0,25,A01
202000045260,1,7,,0,1,0,1,A01
202000045261,1,7,,0,2,1,15,B01
202000045261,2,1,,0,2,7,1,A01
202000045262,2,10,,0,1,1,1,A01
202000045263,1,7,,0,1,7,0,A01
202000045264,3,33,,0,2,1,1,A01
202000045264,3,7,,0,2,5,15,B01
202000045265,1,17,,6,0,2,1,A01
202000045266,2,30,,0,1,1,5,A01
202000045267,3,7,,0,2,2,1,B01
202000045267,3,7,,0,2,1,5,A01
202000045268,3,2,,0,0,8,1,A01
202000045269,1,33,,0,2,8,1,B01
202000045269,1,14,,0,2,5,10,A01
202000045270,3,38,1.0,0,2,1,1,B01
202000045270,3,7,,0,2,1,1,A01
202000045271,3,99,,0,2,2,2,A01
202000045271,3,99,,0,2,3,2,B01
202000045272,3,7,,0,0,0,0,A01
202000045273,1,21,,0,2,6,2,B01
202000045273,1,7,,0,2,2,2,A01
202000045274,2,40,,0,1,2,1,A01
202000045275,1,1,,14,0,7,14,A01
202000045276,2,33,,8,0,1,0,A01
202000045277,1,33,,0,0,7,21,A01
202000045278,2,7,,0,2,1,9,Z01
202000045278,2,31,,0,2,7,1,A01
202000045279,1,50,,0,2,3,7,B01
202000045279,1,7,,0,2,2,16,A01
202000045280,1,7,,0,2,8,24,C01
202000045280,1,7,,1,0,1,13,A01
202000045281,1,30,,0,2,8,18,A01
202000045281,1,7,,0,2,2,1,B01
202000045282,2,7,,0,1,0,15,A01
202000045283,2,7,,0,2,1,1,B01
202000045283,1,7,,0,0,5,15,A01
202000045284,1,30,,0,2,1,5,A01
202000045284,1,10,,0,2,3,1,B01
202000045285,1,2,,0,2,1,9,B01
202000045285,1,7,,0,2,2,9,A01
202000045286,2,7,,0,2,2,9,A01
202000045286,1,2,,0,2,6,23,B01
202000045287,2,7,,2,0,3,1,A01
202000045288,1,32,,0,1,1,26,A01
202000045289,1,7,,0,2,7,17,B01
202000045289,1,7,,0,2,7,17,A01
202000045290,1,7,,0,2,1,1,B01
202000045290,1,7,,0,2,2,15,A01
202000045291,3,7,,0,9,2,2,A01
202000045291,3,60,,0,2,8,19,B01
202000045292,3,7,,1,0,3,5,A01
202000045293,0,7,,0,2,1,15,B01
202000045293,3,7,,0,2,3,15,A01
202000045294,3,7,,0,2,4,2,B01
202000045294,3,10,,0,2,1,2,A01
202000045295,-1,7,,0,2,2,2,A01
202000045295,-1,50,,0,2,1,11,B01
202000045296,0,2,,0,0,0,1,A01
202000045297,3,7,,0,0,4,23,A01
202000045297,3,7,,0,2,1,2,B01
202000045298,1,33,,0,0,7,1,A01
202000045299,1,32,,0,2,0,17,A01
202000045299,1,10,,0,2,0,15,B01
202000045300,3,7,,0,2,3,1,B01
202000045300,3,7,,0,2,2,1,A01
202000045301,1,21,,6,0,1,1,A01
202000045302,2,7,,13,0,0,13,A01
202000045303,2,7,,0,1,1,1,A01
202000045304,1,2,,0,0,0,1,A01
202000045305,1,10,,8,0,2,14,A01
202000045306,3,1,,0,0,0,1,A01
202000045307,1,7,,1,0,1,14,A01
202000045308,2,33,,14,0,2,2,A01
202000045308,2,33,,0,0,6,23,B01
202000045309,3,7,,0,2,9,2,B01
202000045309,3,7,,0,2,6,1,A01
202000045310,1,10,,0,0,2,19,B01
202000045310,1,10,,0,0,3,9,A01
202000045311,3,10,,0,1,4,4,A01
202000045312,2,33,,13,9,1,16,A01
202000045313,1,7,,0,9,2,1,B01
202000045313,2,1,,0,2,1,9,A01
202000045314,1,10,,13,0,3,13,A01
202000045315,1,10,,0,1,3,26,A01
202000045316,1,7,,0,0,9,13,A01
202000045317,2,7,,0,1,2,1,A01
202000045318,2,7,,0,2,1,1,B01
202000045318,1,15,,0,2,1,0,A01
202000045319,3,7,,2,0,1,1,A01
202000045320,1,7,,0,1,1,1,A01
202000045321,2,32,,0,1,1,25,A01
202000045322,2,33,,3,0,1,26,A01
202000045322,1,7,,3,0,1,1,B01
202000045323,1,7,,2,0,8,13,A01
202000045324,3,50,,0,2,8,0,B01
202000045324,3,7,,0,2,3,15,A01
202000045325,1,7,,13,0,0,14,A01
202000045326,1,7,,0,2,6,2,B01
202000045326,1,33,,0,2,1,2,A01
202000045327,2,7,,4,0,2,14,A01
202000045328,3,33,,6,2,1,1,B01
202000045328,3,7,,0,2,2,1,A01
202000045329,3,7,,0,1,8,1,A01
202000045330,2,7,,13,0,3,1,A01
202000045331,2,33,,0,0,9,1,A01
202000045332,1,7,,0,2,1,2,A01
202000045332,3,7,,0,2,4,2,B01
202000045332,3,10,,0,2,4,2,C01
202000045333,2,7,,2,0,9,1,A01
202000045334,1,7,,9,0,1,1,A01
202000045335,1,7,,3,5,1,21,A01
202000045336,0,7,,0,2,2,9,A01
202000045336,0,1,,0,2,3,1,B01
202000045337,1,7,,0,9,3,16,A01
202000045337,1,7,,14,0,2,2,C01
202000045337,1,1,,0,2,4,2,B01
202000045338,2,7,,0,2,3,1,B01
202000045338,2,7,,0,2,2,12,A01
202000045339,2,7,,0,1,2,1,A01
202000045340,1,33,,0,6,1,1,A01
202000045341,0,7,,0,2,0,16,A01
202000045341,0,7,,12,2,3,1,B01
202000045342,1,7,,0,2,1,1,B01
202000045342,2,32,,0,2,1,15,A01
202000045343,0,7,,8,0,1,0,A01
202000045344,1,7,,0,2,3,1,B01
202000045344,2,7,,0,2,3,13,A01
202000045345,1,7,,0,2,8,11,A01
202000045345,1,31,,0,2,7,3,B01
202000045346,1,43,,0,2,8,3,B01
202000045346,1,7,,0,2,7,12,A01
202000045347,2,2,,0,2,1,1,B01
202000045347,2,2,,0,0,4,1,A01
202000045348,0,7,,0,2,2,15,A01
202000045348,3,80,,0,2,1,19,B01
202000045349,1,1,,0,2,1,1,B01
202000045349,1,10,,0,2,8,22,A01
202000045350,2,7,,0,1,1,1,A01
202000045351,1,2,,0,2,1,1,B01
202000045351,0,7,,0,2,7,9,A01
202000045352,1,7,,0,2,1,2,A01
202000045352,1,7,,0,0,4,2,B01
202000045353,1,10,,0,2,3,26,B01
202000045353,1,7,,0,2,1,1,A01
202000045354,3,1,,0,0,0,1,A01
202000045355,3,7,,14,0,1,1,A01
202000045356,1,7,,0,0,1,1,A01
202000045357,2,7,,5,0,1,0,A01
202000045358,3,7,,0,2,7,13,A01
202000045358,3,7,,0,2,1,2,B01
202000045359,1,7,,0,1,2,1,A01
202000045360,1,7,,0,2,4,2,B01
202000045360,1,7,,0,2,1,2,A01
202000045361,2,10,,0,2,2,1,B01
202000045361,2,10,,0,2,3,13,A01
202000045362,1,32,,0,1,1,17,A01
202000045363,1,50,,0,0,7,25,A01
202000045364,0,7,,0,1,1,1,A01
202000045365,1,7,,0,0,5,2,B01
202000045365,1,31,,0,2,1,2,A01
202000045366,2,7,,3,2,2,13,A01
202000045366,1,7,,0,2,3,1,B01
202000045367,1,33,,0,1,1,17,A01
202000045368,2,17,,0,2,1,2,A01
202000045368,2,7,,0,2,4,2,B01
202000045369,0,99,,0,0,0,0,B01
202000045369,0,7,,0,2,4,1,A01
202000045370,1,1,,0,2,1,9,B01
202000045370,1,1,,0,2,7,1,A01
202000045371,1,7,,0,1,1,2,A01
202000045372,1,7,,0,1,2,16,A01
202000045373,3,7,,0,1,3,1,A01
202000045374,1,1,,0,2,8,16,B01
202000045374,1,10,,0,2,7,16,A01
202000045375,1,33,,0,2,1,1,A01
202000045375,1,7,,0,2,8,15,B01
202000045376,2,7,,2,0,7,0,A01
202000045377,1,80,,12,0,7,12,A01
202000045378,1,33,,0,2,8,1,B01
202000045378,1,7,,0,2,7,13,A01
202000045379,1,80,,0,2,1,16,A01
202000045379,1,10,,0,2,2,1,B01
202000045380,2,30,,0,2,1,16,A01
202000045380,2,50,,0,2,8,19,B01
202000045381,2,7,,0,2,3,13,A01
202000045381,1,7,,0,2,3,1,B01
202000045382,1,7,,0,1,1,1,A01
202000045383,2,2,,0,0,0,1,A01
202000045384,2,7,,0,9,1,1,B01
202000045384,3,99,,0,2,1,19,A01
202000045385,2,7,,0,2,2,16,B01
202000045385,2,50,,0,2,3,1,A01
202000045386,2,7,,0,2,3,0,B01
202000045386,1,7,,0,2,3,13,A01
202000045387,1,7,,0,1,3,1,Z01
202000045388,2,7,,15,1,1,25,A01
202000045389,2,31,,0,0,8,0,A01
202000045390,0,10,,0,1,2,1,A01
202000045391,0,32,,0,2,7,1,B01
202000045391,3,7,,0,2,8,9,A01
202000045392,2,7,,0,2,3,10,A01
202000045392,2,2,,0,2,1,1,B01
202000045393,1,7,,0,2,3,19,A01
202000045393,2,34,,0,2,8,1,B01
202000045394,1,7,,0,1,1,1,A01
202000045395,1,7,,4,0,1,13,A01
202000045396,2,2,,12,0,7,1,A01
202000045397,2,7,,8,0,9,1,A01
202000045398,1,7,,13,0,9,1,A01
202000045399,2,33,,0,1,1,1,A01
202000045400,1,7,,0,2,1,15,A01
202000045400,2,33,,0,2,1,1,B01
202000045401,1,7,,0,2,1,1,A01
202000045401,2,7,,0,2,1,1,B01
202000045402,1,7,,0,2,3,9,A01
202000045402,1,32,,0,2,5,1,B01
202000045403,1,33,,0,0,3,16,A01
202000045404,1,32,,0,1,1,1,A01
202000045405,0,7,,0,2,4,2,B01
202000045405,0,7,,0,2,1,2,A01
202000045406,2,33,,0,2,1,13,A01
202000045406,1,33,,0,2,1,1,B01
202000045407,2,50,,0,0,0,7,A01
202000045408,1,7,,0,2,2,17,A01
202000045408,1,1,,0,2,8,15,B01
202000045409,1,10,,0,1,7,16,A01
202000045410,0,33,,0,2,1,2,A01
202000045410,0,7,,0,2,7,1,C01
202000045410,0,33,,0,2,3,23,B01
202000045411,1,7,,0,0,4,0,B01
202000045411,1,7,,0,2,1,0,A01
202000045412,3,7,,0,2,3,1,B01
202000045412,3,30,,0,2,3,19,A01
202000045413,1,37,0.0,0,1,2,1,Z01
202000045414,2,7,,0,2,8,16,B01
202000045414,1,10,,0,2,3,15,A01
202000045415,1,10,,0,1,3,15,A01
202000045416,1,10,,0,0,1,1,A01
202000045417,2,7,,0,1,4,4,A01
202000045418,2,7,,0,1,1,5,A01
202000045419,0,33,,0,2,7,0,B01
202000045419,3,10,,0,2,0,20,A01
202000045420,3,7,,0,1,2,1,A01
202000045421,3,7,,2,0,3,1,A01
202000045422,1,7,,0,2,7,16,A01
202000045422,1,2,,0,2,8,1,B01
202000045423,1,7,,1,0,1,1,A01
202000045424,2,10,,0,1,2,16,A01
202000045425,1,30,,0,2,1,1,A01
202000045425,3,60,,0,2,8,19,B01