Num_Acc,senc,catv,occutc,obs,obsm,choc,manv,num_veh
202000045426,2,7,,0,1,2,2,A01
202000045427,1,7,,0,2,3,23,C01
202000045427,1,7,,0,2,4,23,B01
202000045427,1,30,,0,2,1,3,A01
202000045428,1,7,,0,1,8,1,A01
202000045429,2,50,,0,2,1,5,A01
202000045429,1,7,,0,2,1,1,B01
202000045430,1,7,,0,2,5,15,B01
202000045430,2,33,,0,2,1,1,A01
202000045431,3,7,,0,2,3,15,A01
202000045431,3,7,,0,2,2,1,B01
202000045432,3,31,,15,0,1,21,A01
202000045433,3,10,,0,2,8,15,A01
202000045433,3,34,,0,2,5,17,B01
202000045434,2,7,,2,0,1,13,A01
202000045435,-1,1,,0,2,1,0,A01
202000045435,1,1,,0,0,0,0,B01
202000045436,2,7,,0,2,3,13,A01
202000045436,1,7,,0,2,6,1,B01
202000045437,1,33,,0,2,0,13,A01
202000045437,2,7,,0,2,2,1,B01
202000045438,1,2,,0,2,1,1,B01
202000045438,1,7,,0,2,2,13,A01
202000045439,1,7,,0,2,1,1,B01
202000045439,1,7,,0,2,1,5,A01
202000045440,2,10,,0,1,1,1,A01
202000045441,1,33,,0,2,7,1,A01
202000045441,1,10,,0,2,1,1,B01
202000045442,2,15,,0,2,6,1,B01
202000045442,1,7,,0,2,3,17,A01
202000045443,1,7,,6,0,8,1,A01
202000045444,2,7,,0,2,4,23,A01
202000045444,2,7,,0,2,1,1,B01
202000045444,1,7,,0,2,1,1,C01
202000045445,2,7,,0,2,2,15,A01
202000045445,1,1,,0,2,1,1,B01
202000045446,1,7,,0,1,3,1,A01
202000045447,1,33,,0,9,4,23,B01
202000045447,1,10,,14,0,1,2,A01
202000045448,1,7,,1,0,6,17,B01
202000045448,1,33,,0,2,2,1,A01
202000045449,2,2,,0,0,1,1,A01
202000045450,2,7,,8,1,2,1,A01
202000045451,1,7,,0,2,4,23,B01
202000045451,1,2,,14,0,1,2,A01
202000045452,2,34,,0,2,3,1,B01
202000045452,2,3,,0,2,5,12,A01
202000045453,2,7,,0,2,1,1,A01
202000045453,2,7,,0,2,4,23,B01
202000045454,1,7,,0,2,4,1,B01
202000045454,1,7,,0,2,1,2,A01
202000045455,2,0,,0,1,2,1,A01
202000045456,1,7,,0,2,2,1,A01
202000045456,1,32,,0,2,1,1,B01
202000045457,0,7,,0,1,1,9,A01
202000045458,1,7,,0,2,3,2,B01
202000045458,1,7,,4,6,2,1,A01
202000045459,1,7,,0,2,5,2,B01
202000045459,1,7,,0,2,3,2,A01
202000045460,1,7,,0,2,1,1,A01
202000045460,1,7,,0,2,4,1,B01
202000045460,1,10,,0,2,4,1,C01
202000045461,0,7,,0,2,3,15,A01
202000045461,0,7,,0,2,3,1,B01
202000045462,1,7,,0,1,7,16,A01
202000045463,3,7,,2,0,2,1,A01
202000045464,0,1,,0,2,1,19,A01
202000045464,2,7,,0,2,6,1,B01
202000045465,0,33,,0,0,7,1,A01
202000045466,1,33,,0,0,7,1,A01
202000045467,2,7,,0,2,4,12,B01
202000045467,2,33,,0,2,1,3,A01
202000045468,2,7,,10,0,2,1,A01
202000045469,1,7,,6,0,1,1,A01
202000045470,2,7,,0,2,8,1,A01
202000045470,2,30,,0,2,2,16,B01
202000045471,1,10,,0,0,2,1,A01
202000045472,1,7,,0,2,1,5,A01
202000045472,1,7,,0,2,1,1,B01
202000045473,2,7,,0,2,1,1,B01
202000045473,1,7,,0,2,8,13,A01
202000045474,1,43,,0,1,7,17,A01
202000045475,1,10,,2,6,1,14,A01
202000045476,3,7,,0,1,3,1,A01
202000045477,3,1,,0,2,1,1,B01
202000045477,3,7,,0,2,3,1,A01
202000045478,1,1,,12,2,1,13,A01
202000045478,2,1,,0,2,1,1,B01
202000045479,2,7,,2,0,1,1,A01
202000045480,0,30,,0,1,8,1,Z01
202000045481,3,7,,8,0,2,1,A01
202000045482,1,31,,0,2,1,13,B01
202000045482,1,7,,0,2,3,10,A01
202000045483,2,7,,2,0,7,13,A01
202000045484,2,7,,0,2,1,13,A01
202000045484,1,7,,0,2,1,1,B01
202000045485,2,10,,0,1,1,15,A01
202000045486,1,7,,0,2,3,15,A01
202000045486,2,50,,0,2,3,1,B01
202000045487,2,7,,2,0,2,14,A01
202000045488,2,33,,12,0,1,14,A01
202000045489,1,30,,0,2,1,14,A01
202000045489,1,7,,0,2,4,23,B01
202000045490,2,10,,0,1,3,16,A01
202000045491,2,7,,0,2,7,16,B01
202000045491,2,30,,0,2,1,18,A01
202000045492,2,1,,0,2,2,1,B01
202000045492,1,7,,0,2,3,17,A01
202000045493,2,10,,0,1,5,4,A01
202000045494,2,30,,0,2,1,1,B01
202000045494,2,7,,0,2,8,22,A01
202000045495,1,7,,14,0,1,1,C01
202000045495,2,7,,0,2,3,1,B01
202000045495,1,34,,0,2,1,13,A01
202000045496,1,32,,0,1,1,17,A01
202000045497,2,7,,15,2,5,1,A01
202000045497,0,7,,0,2,0,9,B01
202000045498,1,31,,0,9,0,21,A01
202000045499,1,7,,0,1,3,1,A01
202000045500,3,7,,0,2,5,15,B01
202000045500,3,13,,0,2,3,21,A01
202000045501,3,30,,0,2,2,17,B01
202000045501,1,7,,0,2,3,15,A01
202000045502,2,7,,6,0,1,1,A01
202000045503,1,7,,5,0,7,1,A01
202000045504,1,7,,0,2,2,15,Z01
202000045504,2,1,,0,2,1,1,A01
202000045505,1,7,,0,2,1,1,B01
202000045505,2,2,,0,2,0,1,A01
202000045506,1,7,,0,2,1,2,B01
202000045506,1,7,,0,0,4,1,A01
202000045507,1,7,,0,0,3,9,A01
202000045508,1,7,,0,2,3,1,A01
202000045508,1,2,,0,2,5,16,B01
202000045509,0,30,,8,0,1,0,A01
202000045510,0,7,,0,2,1,1,B01
202000045510,0,7,,9,2,7,1,A01
202000045511,1,7,,4,0,1,14,A01
202000045512,1,10,,4,0,2,14,A01
202000045513,1,30,,0,2,3,1,B01
202000045513,1,30,,0,2,3,1,C01
202000045513,1,30,,0,2,3,1,A01
202000045514,2,2,,0,2,1,1,A01
202000045514,1,7,,0,2,5,15,B01
202000045515,1,32,,0,2,1,1,B01
202000045515,2,7,,0,2,3,10,A01
202000045516,1,17,,0,1,2,1,A01
202000045517,0,33,,0,6,1,0,A01
202000045518,1,7,,0,2,3,1,A01
202000045518,2,7,,0,2,3,1,B01
202000045519,2,37,1.0,0,2,5,1,A01
202000045519,2,1,,0,2,8,1,B01
202000045520,3,7,,0,2,8,24,A01
202000045520,1,33,,1,2,2,1,B01
202000045520,2,7,,0,2,1,1,C01
202000045521,2,7,,3,0,1,14,A01
202000045522,2,7,,6,2,3,1,B01
202000045522,1,7,,6,2,1,13,A01
202000045523,1,7,,0,2,3,15,B01
202000045523,1,7,,0,2,1,1,A01
202000045524,2,34,,0,2,7,1,A01
202000045525,2,7,,6,0,2,14,A01
202000045526,1,7,,0,2,3,13,A01
202000045526,2,7,,0,2,3,1,B01
202000045527,3,1,,0,2,3,26,B01
202000045527,3,7,,0,2,5,16,A01
202000045528,3,7,,0,2,4,0,B01
202000045528,3,33,,3,2,1,0,A01
202000045529,2,7,,0,1,1,19,A01
202000045530,2,10,,0,1,0,1,A01
202000045531,2,15,,0,2,8,1,A01
202000045531,2,1,,0,2,4,1,B01
202000045532,2,7,,0,1,3,15,A01
202000045533,3,31,,0,2,1,1,B01
202000045533,2,7,,0,2,7,1,A01
202000045534,1,33,,0,0,0,1,A01
202000045535,1,33,,0,2,1,1,B01
202000045535,2,7,,0,2,8,15,A01
202000045536,1,7,,0,2,1,1,A01
202000045536,1,2,,0,2,8,16,B01
202000045537,2,7,,8,0,1,1,A01
202000045538,2,2,,0,2,7,1,B01
202000045538,2,7,,0,2,1,15,A01
202000045539,2,7,,0,1,1,21,A01
202000045540,2,7,,0,0,8,1,B01
202000045540,1,7,,0,2,1,19,A01
202000045541,1,7,,7,0,8,2,A01
202000045542,2,2,,0,1,8,26,Z01
202000045543,1,7,,0,2,1,1,B01
202000045543,1,7,,0,2,8,1,A01
202000045544,1,7,,0,6,1,1,A01
202000045545,2,1,,0,2,8,2,B01
202000045545,2,7,,0,2,7,14,A01
202000045546,1,7,,0,1,3,1,A01
202000045547,3,7,,0,1,1,0,A01
202000045548,2,7,,0,2,4,1,B01
202000045548,2,7,,0,2,1,2,A01
202000045549,3,7,,0,1,0,0,A01
202000045550,2,60,,12,0,0,14,A01
202000045551,2,31,,1,0,3,13,A01
202000045552,2,33,,0,0,0,21,A01
202000045553,-1,7,,0,1,1,9,A01
202000045554,3,2,,0,0,0,0,A01
202000045555,2,7,,0,2,3,2,B01
202000045555,1,7,,0,2,3,13,A01
202000045556,1,7,,0,2,2,16,A01
202000045556,1,2,,0,2,3,17,B01
202000045557,1,7,,2,0,1,14,A01
202000045558,3,7,,0,2,6,10,A01
202000045558,-1,2,,0,2,1,17,B01
202000045559,0,7,,8,0,0,0,A01
202000045560,-1,7,,0,1,1,1,A01
202000045561,2,0,,0,1,5,2,Z01
202000045561,2,32,,0,1,3,3,A01
202000045562,1,7,,0,0,0,2,A01
202000045563,1,7,,0,2,4,1,B01
202000045563,1,7,,0,2,1,1,A01
202000045564,2,10,,14,9,2,17,A01
202000045564,2,1,,0,2,6,11,B01
202000045565,1,30,,0,2,3,1,A01
202000045565,2,30,,0,2,2,15,B01
202000045566,1,7,,0,1,0,1,A01
202000045567,2,30,,0,1,1,2,A01
202000045568,1,7,,13,0,3,0,A01
202000045569,1,30,,0,2,1,2,A01
202000045569,1,1,,0,2,4,2,B01
202000045570,0,7,,0,2,0,26,Z01
202000045570,0,7,,0,2,1,1,A01
202000045571,1,7,,0,0,9,0,A01
202000045572,2,7,,0,2,6,2,B01
202000045572,2,34,,0,2,1,2,A01
202000045573,2,33,,0,0,7,16,A01
202000045574,1,32,,0,1,1,3,A01
202000045575,2,7,,0,2,8,24,C01
202000045575,2,14,,1,0,1,1,A01
202000045576,1,7,,0,2,3,20,A01
202000045576,1,33,,0,2,2,1,B01
202000045577,3,7,,3,2,3,1,B01
202000045577,3,7,,0,2,3,10,A01
202000045578,3,7,,0,2,8,1,C01
202000045578,3,7,,0,2,3,1,B01
202000045578,3,7,,0,2,3,13,A01
202000045579,1,7,,2,0,1,14,A01
202000045580,1,17,,0,2,1,2,B01
202000045580,1,17,,0,2,4,2,A01
202000045581,2,7,,3,0,1,1,A01
202000045582,2,1,,13,0,1,13,A01
202000045583,1,10,,6,0,1,1,A01
202000045584,1,1,,0,2,8,2,A01
202000045584,1,7,,0,2,7,2,B01
202000045585,2,7,,0,2,5,20,B01
202000045585,1,33,,0,2,4,26,A01
202000045586,2,15,,1,0,3,2,C01
202000045586,2,10,,1,0,3,2,B01
202000045586,2,7,,4,0,2,1,A01
202000045587,1,7,,0,2,1,13,A01
202000045587,2,7,,0,2,1,1,B01
202000045588,2,7,,0,2,4,23,D01
202000045588,2,7,,0,2,4,23,C01
202000045588,2,7,,0,2,4,23,B01
202000045588,2,7,,0,2,1,1,A01
202000045589,0,7,,4,0,3,1,A01
202000045590,3,15,,0,1,4,4,A01
202000045591,1,15,,0,0,4,2,B01
202000045591,1,7,,0,2,1,2,A01
202000045592,3,1,,0,2,6,9,C01
202000045592,1,10,,0,2,3,1,A01
202000045593,1,10,,7,0,0,1,A01
202000045594,1,33,,0,2,1,2,B01
202000045594,1,10,,0,2,8,10,A01
202000045595,2,7,,0,0,7,1,B01
202000045595,1,7,,0,2,1,9,A01
202000045596,1,33,,0,2,2,3,A01
202000045596,1,7,,0,2,8,11,B01
202000045597,1,10,,0,1,3,1,A01
202000045597,3,99,,0,1,1,1,B01
202000045598,1,7,,14,0,1,1,A01
202000045599,1,33,,0,2,1,1,B01
202000045599,2,7,,17,2,3,1,A01
202000045600,1,7,,0,2,1,1,B01
202000045600,2,10,,0,2,1,1,A01
202000045601,1,32,,0,0,0,3,A01
202000045602,2,7,,0,2,1,13,A01
202000045602,1,7,,0,2,3,1,B01
202000045603,1,43,,0,0,8,1,A01
202000045604,2,7,,0,2,7,17,A01
202000045604,2,1,,0,2,8,2,B01
202000045605,3,33,,0,2,8,16,B01
202000045605,2,7,,0,2,2,1,A01
202000045606,2,7,,0,1,3,1,A01
202000045607,2,2,,0,2,1,1,B01
202000045607,1,7,,0,2,8,17,A01
202000045608,2,7,,0,2,8,1,B01
202000045608,2,7,,0,2,7,3,A01
202000045608,2,7,,0,2,5,1,C01
202000045608,2,7,,0,2,8,1,D01
202000045609,1,7,,0,1,1,15,A01
202000045610,1,7,,13,0,2,1,A01
202000045611,1,7,,0,0,7,1,B01
202000045611,2,7,,0,2,3,1,A01
202000045612,2,7,,15,0,3,1,A01
202000045613,1,30,,0,2,4,2,A01
202000045613,1,7,,0,2,0,2,Z01
202000045614,1,1,,0,2,3,1,B01
202000045614,2,7,,0,9,3,15,A01
202000045615,3,36,,13,0,0,13,A01
202000045616,1,7,,0,0,0,0,A01
202000045617,2,7,,0,2,7,17,A01
202000045617,2,2,,0,2,8,2,B01
202000045618,2,33,,13,0,2,17,A01
202000045619,1,7,,0,1,2,1,A01
202000045620,3,80,,0,1,1,1,A01
202000045621,0,7,,16,0,2,0,A01
202000045622,2,7,,0,2,3,13,B01
202000045622,1,33,,0,2,3,1,A01
202000045623,1,17,,3,0,2,1,A01
202000045624,1,30,,0,1,1,17,A01
202000045625,1,7,,2,0,1,14,A01
202000045626,3,2,,0,1,1,1,A01
202000045627,1,1,,0,2,3,13,B01
202000045627,1,10,,0,9,2,17,A01
202000045628,3,7,,0,1,3,15,A01
202000045629,3,60,,0,0,1,1,A01
202000045630,3,7,,0,1,4,20,A01
202000045631,0,7,,6,0,2,1,A01
202000045632,1,33,,8,0,1,1,A01
202000045633,1,33,,0,2,3,3,A01
202000045633,1,7,,0,2,2,12,B01
202000045634,2,7,,0,2,1,1,A01
202000045634,2,17,,0,2,4,2,B01
202000045635,1,15,,0,2,6,1,B01
202000045635,1,7,,0,2,6,1,A01
202000045636,1,33,,0,0,9,1,A01
202000045637,1,7,,6,0,2,11,A01
202000045638,2,7,,0,2,1,1,A01
202000045638,2,7,,0,2,4,1,B01
202000045639,3,7,,0,2,1,1,B01
202000045639,3,2,,0,2,7,1,A01
202000045640,1,33,,0,2,7,3,B01
202000045640,1,7,,0,2,8,11,A01
202000045641,2,7,,0,2,6,2,B01
202000045641,2,33,,0,2,1,2,A01
202000045642,2,33,,0,2,4,1,B01
202000045642,2,7,,0,2,1,3,A01
202000045643,1,7,,0,1,1,1,A01
202000045644,3,7,,0,1,4,20,A01
202000045645,1,7,,0,0,2,1,B01
202000045645,3,7,,0,2,1,16,A01
202000045646,1,37,4.0,1,0,5,1,B01
202000045647,3,7,,0,2,1,1,B01
202000045647,3,1,,0,2,8,19,A01
202000045648,2,10,,12,0,3,20,A01
202000045648,2,1,,1,0,1,2,B01
202000045649,1,33,,0,2,2,17,A01
202000045649,1,7,,0,2,3,15,B01
202000045650,1,1,,0,9,1,1,A01
202000045651,3,33,,0,0,1,0,A01
202000045652,1,7,,0,2,0,0,A01
202000045652,1,50,,0,0,0,0,B01
202000045653,1,31,,0,2,3,1,A01
202000045653,2,10,,0,2,2,9,B01
202000045654,1,7,,0,2,3,15,A01
202000045654,2,0,,0,2,1,1,B01
202000045655,1,7,,0,2,3,13,A01
202000045655,2,15,,0,2,3,1,B01
202000045656,1,7,,0,2,1,2,A01
202000045656,1,7,,0,2,4,15,B01
202000045657,2,7,,14,2,7,13,A01
202000045657,2,7,,0,2,3,13,Z01
202000045658,1,7,,0,2,2,1,B01
202000045658,1,32,,0,2,4,1,A01
202000045659,3,2,,0,2,3,13,B01
202000045659,3,7,,0,0,8,13,A01
202000045660,2,7,,0,1,7,1,A01
202000045661,1,7,,8,2,6,15,A01
202000045661,1,7,,0,2,2,1,B01
202000045662,0,7,,0,0,6,2,B01
202000045662,0,7,,1,2,1,2,A01
202000045663,2,7,,1,0,3,13,A01
202000045664,0,7,,6,0,3,1,A01
202000045665,1,1,,0,0,0,1,A01
202000045666,2,7,,0,2,4,23,B01
202000045666,2,7,,0,2,1,1,A01
202000045667,3,10,,0,2,4,24,B01
202000045667,0,7,,1,0,1,1,A01
202000045668,2,7,,15,1,1,26,A01
202000045669,3,7,,0,2,8,1,B01
202000045669,3,7,,0,2,3,17,A01
202000045670,3,7,,0,2,2,9,A01
202000045670,3,1,,0,2,1,1,B01
202000045671,3,0,,0,1,1,26,Z01
202000045672,2,7,,0,1,3,1,A01
202000045673,3,33,,0,2,5,2,B01
202000045673,3,7,,0,2,2,10,A01
202000045674,3,7,,13,0,9,17,A01
202000045675,2,32,,0,2,3,1,B01
202000045675,1,7,,0,2,2,15,A01
202000045676,2,7,,0,2,2,1,C01
202000045676,2,7,,0,2,1,1,B01
202000045676,1,7,,0,2,1,13,A01
202000045677,2,7,,0,2,2,10,B01
202000045677,1,7,,0,2,3,1,A01
202000045678,2,7,,0,0,0,1,A01
202000045679,1,10,,0,2,1,1,A01
202000045679,1,7,,0,2,4,23,B01
202000045680,3,7,,0,2,2,6,A01
202000045680,1,7,,0,2,1,1,B01
202000045681,1,32,,0,1,1,1,A01
202000045682,3,7,,0,1,1,15,A01
202000045683,1,30,,0,1,1,1,A01
202000045684,2,32,,0,2,9,17,B01
202000045684,2,7,,0,2,3,15,A01
202000045685,1,32,,12,2,8,13,A01
202000045686,1,10,,0,1,1,15,A01
202000045687,1,2,,0,2,0,1,A01
202000045688,2,7,,0,2,2,1,B01
202000045688,1,7,,0,2,2,15,A01
202000045689,2,32,,0,2,1,1,A01
202000045689,1,7,,0,2,2,15,B01
202000045690,2,1,,0,9,8,9,B01
202000045690,2,50,,0,9,2,25,A01
202000045691,1,30,,0,1,1,0,A01
202000045692,1,7,,9,0,1,16,A01
202000045693,3,3,,0,2,3,9,A01
202000045693,3,1,,14,2,1,14,B01
202000045694,3,7,,0,2,1,2,A01
202000045694,0,7,,1,0,4,1,B01
202000045694,0,7,,0,0,4,2,C01
202000045695,2,7,,0,2,3,1,B01
202000045695,1,30,,7,2,1,1,A01
202000045696,1,99,,0,1,0,26,A01
202000045697,0,7,,14,1,1,1,A01
202000045698,1,7,,0,1,2,9,A01
202000045699,3,30,,12,0,2,16,A01
202000045700,2,33,,0,1,1,1,A01
202000045701,1,10,,0,2,0,0,A01
202000045701,1,10,,0,2,1,1,B01
202000045702,2,1,,0,0,0,1,A01
202000045703,1,7,,0,1,2,1,A01
202000045704,1,10,,0,2,2,1,B01
202000045704,1,32,,0,0,4,2,A01
202000045705,2,7,,13,0,2,1,A01
202000045706,2,7,,0,1,2,1,A01
202000045707,2,7,,4,0,3,1,A01
202000045708,1,7,,13,0,1,1,A01
202000045709,0,33,,0,2,3,26,B01
202000045709,0,7,,0,2,2,12,A01
202000045710,1,7,,0,1,1,1,A01
202000045711,3,1,,0,5,1,1,A01
202000045712,3,7,,0,0,4,1,B01
202000045712,3,7,,0,2,1,9,A01
202000045713,1,7,,0,2,2,1,A01
202000045713,1,1,,0,2,4,19,B01
202000045714,3,33,,13,0,1,16,A01
202000045715,2,7,,13,0,3,1,A01
202000045716,0,7,,8,0,1,1,A01
202000045717,1,33,,9,2,1,17,A01
202000045717,1,7,,0,2,3,15,B01
202000045718,3,34,,0,0,7,10,A01
202000045719,2,7,,0,2,2,1,A01
202000045719,2,2,,0,2,4,1,B01
202000045720,0,7,,0,1,3,1,A01
202000045721,1,30,,0,1,2,1,A01
202000045722,2,7,,0,1,1,1,A01
202000045723,1,0,,0,1,1,0,A01
202000045724,1,7,,0,1,2,1,A01
202000045725,1,7,,2,0,1,1,A01
202000045726,3,7,,0,2,3,1,B01
202000045726,3,7,,0,2,3,13,A01
202000045727,2,20,,0,2,1,1,A01
202000045727,1,7,,0,2,2,1,B01
202000045728,1,30,,0,2,1,16,A01
202000045728,2,10,,0,2,3,17,B01
202000045729,2,7,,0,0,8,1,A01
202000045730,3,7,,0,2,3,1,B01
202000045730,3,2,,0,2,1,1,A01
202000045731,3,7,,0,1,2,26,A01
202000045732,2,7,,0,2,2,15,A01
202000045732,1,7,,0,2,1,1,B01
202000045733,1,7,,0,2,1,13,B01
202000045733,2,7,,0,2,1,1,A01
202000045734,2,3,,0,0,5,1,A01
202000045734,2,7,,0,2,3,1,B01
202000045735,1,7,,2,0,1,14,A01
202000045736,2,7,,0,2,2,19,A01
202000045736,2,7,,0,2,3,1,B01
202000045737,2,7,,2,0,9,0,A01
202000045738,2,7,,0,2,3,13,A01
202000045738,1,7,,0,2,3,1,B01
202000045738,1,3,,0,2,2,21,C01
202000045739,1,14,,13,0,3,1,A01
202000045740,1,32,,3,0,2,14,A01
202000045741,1,17,,14,0,1,3,A01
202000045742,1,7,,0,1,2,1,A01
202000045743,2,7,,13,0,2,14,A01
202000045744,1,7,,13,0,6,1,A01
202000045745,2,7,,0,2,3,13,A01
202000045745,2,33,,0,2,2,17,B01
202000045746,1,7,,0,1,1,1,A01
202000045747,1,7,,0,1,2,16,A01
202000045748,1,2,,0,2,1,1,B01
202000045748,1,15,,0,2,5,17,A01
202000045749,1,7,,0,2,1,0,A01
202000045749,2,7,,0,2,1,0,B01
202000045750,0,10,,0,2,1,1,A01
202000045750,0,10,,0,2,1,1,B01
202000045751,3,1,,0,0,4,2,B01
202000045751,3,1,,0,2,1,2,A01
202000045752,3,7,,0,2,2,15,B01
202000045752,1,37,1.0,0,2,3,1,A01
202000045753,2,7,,0,0,0,1,A01
202000045754,1,7,,1,0,3,1,C01
202000045754,1,7,,0,0,5,26,B01
202000045754,1,7,,3,0,2,13,A01
202000045755,2,10,,0,1,2,1,A01
202000045756,2,7,,0,0,1,1,A01
202000045757,2,7,,0,2,1,1,E01
202000045757,2,14,,0,2,8,1,D01
202000045757,2,10,,0,2,1,2,C01
202000045757,2,7,,0,2,4,2,B01
202000045757,2,7,,0,0,4,2,A01
202000045758,1,7,,0,2,8,0,B01
202000045758,1,7,,0,2,4,26,A01
202000045759,2,10,,0,2,1,2,A01
202000045759,2,7,,0,2,4,1,B01
202000045759,2,10,,0,2,4,1,C01
202000045760,2,33,,16,0,3,26,A01
202000045761,2,7,,0,2,1,2,B01
202000045761,2,7,,0,2,1,2,A01
202000045761,2,7,,0,2,4,2,C01
202000045762,1,7,,0,2,2,17,A01
202000045762,1,7,,0,2,1,1,B01
202000045762,1,10,,0,2,4,1,C01
202000045762,1,13,,0,2,1,1,D01
202000045763,2,33,,0,2,7,3,B01
202000045763,2,7,,0,2,7,11,A01
202000045764,2,7,,0,2,3,2,A01
202000045764,2,7,,0,2,5,0,B01
202000045765,2,7,,0,2,4,2,B01
202000045765,2,7,,0,2,1,2,A01
202000045766,2,33,,0,2,1,26,A01
202000045766,2,10,,0,2,4,1,B01
202000045767,1,7,,0,2,1,2,A01
202000045767,1,7,,0,2,6,0,B01
202000045767,1,10,,0,2,8,1,C01
202000045768,1,31,,0,2,4,1,B01
202000045768,1,7,,0,2,0,0,Z01
202000045769,1,7,,0,1,2,1,A01
202000045770,1,10,,4,0,3,13,A01
202000045771,2,31,,0,0,0,3,A01
202000045772,2,7,,0,2,2,12,A01
202000045772,2,31,,0,2,8,3,B01
202000045773,2,7,,0,1,3,21,A01
202000045774,1,1,,0,2,1,1,B01
202000045774,1,7,,0,2,3,26,A01
202000045775,3,31,,0,0,1,1,A01
202000045776,3,33,,0,2,4,2,B01
202000045776,3,7,,0,2,1,2,A01
202000045777,1,2,,0,2,1,1,B01
202000045777,1,7,,0,2,0,15,Z01
202000045778,1,2,,0,0,0,1,A01
202000045779,1,7,,0,2,5,2,B01
202000045779,1,10,,0,2,1,11,A01
202000045780,0,32,,0,2,1,1,B01
202000045780,1,7,,0,2,6,1,A01
202000045781,1,7,,0,1,3,1,A01
202000045782,2,30,,0,1,1,1,A01
202000045783,1,7,,0,1,7,1,A01
202000045784,1,33,,0,2,1,2,A01
202000045784,1,7,,0,2,7,2,B01
202000045785,1,33,,0,2,8,15,B01
202000045785,2,7,,0,2,2,16,A01
202000045786,1,15,,0,0,8,9,A01
202000045787,1,7,,0,2,1,1,B01
202000045787,2,7,,0,2,3,13,A01
202000045788,2,7,,0,2,1,15,A01
202000045788,1,99,,0,2,3,1,B01
202000045789,2,99,,0,1,1,26,A01
202000045790,3,15,,0,1,8,1,A01
202000045791,2,10,,0,0,8,1,B01
202000045791,2,30,,0,2,7,9,A01
202000045792,0,7,,0,1,4,2,B01
202000045792,0,7,,0,2,2,2,A01
202000045793,1,3,,0,2,4,1,B01
202000045793,1,7,,0,2,2,1,A01
202000045794,3,30,,0,2,1,2,A01
202000045794,3,7,,0,2,4,2,B01
202000045795,1,33,,0,2,0,0,B01
202000045795,1,7,,0,2,2,9,A01
202000045796,2,2,,0,2,1,2,B01
202000045796,2,7,,0,2,2,26,A01
202000045797,3,7,,0,2,1,1,A01
202000045797,3,7,,0,2,4,1,C01
202000045797,3,7,,0,2,1,1,B01
202000045798,2,7,,0,2,1,15,A01
202000045798,1,7,,8,2,1,2,B01
202000045799,1,7,,0,1,1,1,A01
202000045800,3,7,,0,1,1,1,A01
202000045801,2,7,,0,2,1,1,A01
202000045801,1,7,,0,2,1,13,B01
202000045802,1,1,,0,2,1,0,B01
202000045802,2,10,,0,2,7,15,A01
202000045803,2,7,,0,2,1,1,A01
202000045803,2,1,,0,2,8,19,B01
202000045804,2,7,,0,1,2,1,A01
202000045805,1,7,,0,1,1,1,A01
202000045806,2,7,,7,0,1,1,A01
202000045807,2,7,,0,2,2,15,A01
202000045807,2,1,,0,2,1,15,C01
202000045808,2,7,,0,2,5,15,B01
202000045808,2,33,,0,2,5,1,A01
202000045809,1,15,,0,2,2,1,B01
202000045809,2,7,,0,2,1,13,A01
202000045810,3,30,,8,0,1,1,A01
202000045811,1,7,,0,2,4,1,B01
202000045811,1,7,,0,2,1,1,A01
202000045812,2,7,,0,2,0,1,A01
202000045812,2,7,,0,2,8,1,B01
202000045813,2,7,,0,2,1,2,A01
202000045813,2,7,,0,2,4,23,B01
202000045813,2,7,,0,2,4,23,C01
202000045813,2,7,,0,2,4,23,D01
202000045814,1,7,,13,0,1,1,A01
202000045815,1,10,,0,2,8,11,A01
202000045815,1,33,,0,2,7,1,B01
202000045816,1,32,,0,0,8,0,A01
202000045817,2,33,,0,0,8,2,A01
202000045818,2,7,,0,2,7,12,A01
202000045818,2,33,,0,2,3,3,B01
202000045819,2,7,,0,2,5,2,C01
202000045819,2,33,,0,2,1,3,B01
202000045819,2,7,,0,2,6,11,A01
202000045820,2,7,,0,2,1,2,A01
202000045820,2,7,,0,2,4,2,B01
202000045820,2,7,,0,2,4,2,C01
202000045821,1,7,,0,2,6,1,A01
202000045821,1,32,,0,2,1,2,B01
202000045822,2,7,,0,2,6,11,A01
202000045822,2,32,,0,2,2,1,B01
202000045823,1,7,,0,2,1,2,A01
202000045823,1,7,,0,2,4,2,B01
202000045823,1,7,,0,2,4,1,C01
202000045824,1,0,,0,2,0,0,C01
202000045824,2,7,,0,2,1,2,A01
202000045824,2,7,,0,2,4,2,B01
202000045825,1,7,,0,2,8,1,D01
202000045825,1,7,,0,2,6,1,C01
202000045825,1,10,,0,2,1,1,A01
202000045825,1,7,,0,2,4,1,B01
202000045826,-1,7,,0,2,1,26,A01
202000045826,-1,7,,0,2,2,1,B01
202000045827,1,7,,0,2,2,12,B01
202000045827,1,33,,0,2,8,3,A01
202000045828,1,10,,3,0,3,0,A01
202000045829,2,33,,0,2,7,3,A01
202000045829,2,7,,0,2,8,11,B01
202000045830,1,34,,0,2,7,3,B01
202000045830,1,7,,0,2,3,11,A01
202000045831,2,33,,0,2,3,1,B01
202000045831,2,7,,0,2,2,12,A01