Num_Acc,senc,catv,occutc,obs,obsm,choc,manv,num_veh
202000045832,2,7,,0,2,4,2,B01
202000045832,2,10,,0,2,1,1,A01
202000045833,2,33,,0,2,3,3,A01
202000045833,2,33,,0,2,2,14,B01
202000045833,2,14,,0,2,6,23,C01
202000045834,1,33,,0,2,1,3,B01
202000045834,1,7,,0,2,6,23,A01
202000045835,2,33,,0,2,0,1,C01
202000045835,2,33,,0,2,1,0,B01
202000045835,2,10,,0,2,5,1,A01
202000045836,1,7,,0,2,6,1,B01
202000045836,1,15,,0,2,3,12,A01
202000045836,1,7,,0,2,1,1,C01
202000045837,2,33,,0,2,4,12,B01
202000045837,2,33,,0,2,1,3,A01
202000045838,2,33,,0,2,1,1,A01
202000045838,2,7,,0,2,8,11,B01
202000045839,2,7,,0,2,4,2,A01
202000045839,2,7,,0,2,4,2,B01
202000045839,2,7,,0,2,1,2,Z01
202000045840,1,33,,0,2,5,1,C01
202000045840,1,13,,0,2,2,12,A01
202000045840,1,7,,4,2,9,1,B01
202000045841,1,7,,0,2,9,1,B01
202000045841,1,7,,0,2,1,1,C01
202000045841,1,7,,0,2,4,1,A01
202000045842,3,7,,0,0,0,1,B01
202000045842,3,30,,0,0,0,21,A01
202000045843,1,33,,0,0,0,0,A01
202000045844,1,7,,0,2,1,1,A01
202000045844,1,15,,0,2,3,1,B01
202000045844,1,7,,0,2,4,1,C01
202000045845,3,2,,9,0,0,15,A01
202000045846,1,2,,0,2,1,18,A01
202000045846,1,7,,0,2,2,16,B01
202000045847,1,2,,0,2,7,15,B01
202000045847,1,7,,0,2,1,1,A01
202000045848,1,30,,0,1,1,17,A01
202000045849,1,7,,0,1,2,21,A01
202000045850,2,10,,0,2,1,19,A01
202000045850,1,7,,0,2,7,1,B01
202000045851,1,7,,1,0,9,1,A01
202000045852,1,3,,0,2,1,1,A01
202000045852,1,10,,0,2,4,1,B01
202000045853,1,30,,1,0,1,14,A01
202000045854,2,1,,0,2,1,2,A01
202000045854,2,7,,0,9,4,23,B01
202000045855,2,31,,1,2,2,1,A01
202000045855,2,7,,1,9,3,9,B01
202000045856,2,1,,0,2,1,1,B01
202000045856,1,7,,0,2,1,15,A01
202000045857,1,34,,0,1,1,13,A01
202000045858,3,7,,0,2,2,1,A01
202000045858,3,1,,0,2,0,0,B01
202000045859,2,1,,8,0,0,1,A01
202000045860,1,7,,14,0,5,23,C01
202000045860,1,7,,14,0,4,23,D01
202000045860,1,7,,14,0,3,2,A01
202000045860,1,7,,14,0,0,0,B01
202000045861,1,3,,0,1,1,1,Z01
202000045862,3,7,,0,1,1,1,A01
202000045863,2,1,,0,2,1,25,A01
202000045863,1,7,,0,2,1,1,B01
202000045864,2,7,,0,2,2,9,A01
202000045864,2,14,,0,2,3,9,B01
202000045865,2,10,,0,2,4,4,A01
202000045865,2,1,,0,2,1,23,B01
202000045866,3,2,,0,2,3,1,B01
202000045866,3,7,,0,2,1,19,Z01
202000045867,0,7,,0,1,1,26,A01
202000045868,3,7,,0,2,3,19,B01
202000045868,3,7,,0,2,2,26,A01
202000045869,0,7,,0,2,4,1,B01
202000045869,0,1,,0,2,1,1,A01
202000045870,1,1,,0,2,8,9,B01
202000045870,2,7,,0,2,2,1,A01
202000045871,2,7,,0,1,3,1,A01
202000045872,0,2,,0,1,1,1,Z01
202000045873,1,7,,3,2,3,13,A01
202000045873,1,34,,0,2,1,1,B01
202000045874,3,34,,0,0,1,25,A01
202000045875,3,7,,0,2,7,15,B01
202000045875,3,33,,0,2,1,17,A01
202000045876,2,1,,12,0,1,14,A01
202000045877,1,7,,0,1,1,1,A01
202000045878,2,7,,0,2,3,15,B01
202000045878,1,32,,0,2,1,1,A01
202000045879,1,1,,0,2,5,19,A01
202000045879,1,1,,0,2,6,9,B01
202000045880,1,7,,0,1,1,1,A01
202000045881,1,33,,0,2,4,1,B01
202000045881,1,7,,0,2,1,1,A01
202000045882,3,7,,0,2,8,26,A01
202000045882,3,32,,0,2,7,1,B01
202000045883,2,1,,0,1,1,13,B01
202000045884,1,7,,0,2,4,1,C01
202000045884,1,7,,0,2,4,1,B01
202000045884,1,7,,0,2,1,1,A01
202000045885,1,1,,1,0,1,14,A01
202000045886,2,7,,0,2,1,17,A01
202000045886,1,7,,0,2,1,0,B01
202000045887,1,7,,14,1,2,1,A01
202000045888,2,7,,0,2,3,15,A01
202000045888,1,33,,0,2,1,1,B01
202000045889,3,30,,0,2,1,2,A01
202000045889,3,7,,0,2,4,2,B01
202000045890,1,7,,2,0,3,13,A01
202000045891,1,7,,13,0,7,14,A01
202000045892,3,32,,8,0,1,14,A01
202000045893,2,7,,0,2,1,13,A01
202000045893,1,7,,0,2,1,16,B01
202000045894,2,7,,0,2,8,15,B01
202000045894,2,7,,0,2,2,17,A01
202000045895,0,1,,0,2,0,0,B01
202000045895,2,14,,0,2,3,16,A01
202000045896,1,7,,0,2,1,1,A01
202000045896,1,7,,0,2,1,1,B01
202000045897,1,3,,8,0,0,1,A01
202000045898,1,37,2.0,0,2,1,1,B01
202000045898,1,7,,0,2,1,1,A01
202000045899,1,7,,0,0,4,23,B01
202000045899,1,2,,0,2,1,1,A01
202000045900,2,7,,3,2,1,1,A01
202000045900,2,7,,3,2,1,1,B01
202000045901,3,1,,0,2,1,1,B01
202000045901,1,10,,0,2,5,16,A01
202000045902,3,33,,0,2,1,1,B01
202000045902,3,7,,0,2,6,10,A01
202000045903,0,7,,0,2,1,1,A01
202000045903,0,7,,0,2,3,1,B01
202000045904,2,7,,0,2,1,15,A01
202000045904,1,7,,0,2,0,1,Z01
202000045905,1,1,,0,2,4,1,B01
202000045905,1,7,,0,2,1,1,Z01
202000045906,2,7,,0,2,2,1,C01
202000045906,1,2,,0,2,0,1,B01
202000045906,1,7,,0,2,0,1,Z01
202000045907,3,7,,0,1,1,1,A01
202000045908,0,2,,0,2,1,1,B01
202000045908,0,7,,0,2,1,26,A01
202000045909,1,31,,0,2,9,18,A01
202000045909,1,7,,0,2,8,1,B01
202000045909,1,7,,0,2,2,1,C01
202000045909,1,7,,0,2,4,1,D01
202000045910,1,10,,8,0,1,9,A01
202000045911,1,7,,0,2,1,1,B01
202000045911,2,7,,7,2,1,13,A01
202000045912,3,7,,0,2,7,1,A01
202000045912,3,7,,0,2,1,1,B01
202000045913,2,7,,0,2,1,9,A01
202000045913,2,7,,0,2,1,1,B01
202000045914,1,31,,0,2,8,17,A01
202000045914,1,7,,0,2,6,15,B01
202000045915,3,7,,0,2,4,0,B01
202000045915,3,7,,0,2,2,9,A01
202000045916,1,14,,0,2,1,1,B01
202000045916,2,10,,0,0,0,0,C01
202000045916,1,7,,0,2,4,15,A01
202000045917,2,7,,0,2,3,1,B01
202000045917,1,3,,0,2,3,15,A01
202000045918,1,7,,0,2,2,15,A01
202000045918,2,1,,0,2,1,1,B01
202000045919,2,2,,0,2,1,2,B01
202000045919,1,7,,0,2,3,15,A01
202000045920,2,10,,0,1,7,2,A01
202000045921,0,32,,0,2,3,1,A01
202000045921,0,10,,0,2,8,9,Z01
202000045922,0,30,,0,2,2,1,B01
202000045922,0,7,,0,2,3,15,A01
202000045923,1,7,,0,1,1,15,A01
202000045924,3,7,,6,0,1,1,A01
202000045925,3,7,,0,2,2,16,A01
202000045925,3,7,,0,2,1,1,B01
202000045926,3,30,,0,2,3,9,A01
202000045926,1,7,,14,0,0,0,B01
202000045927,1,30,,12,0,1,0,A01
202000045928,2,2,,0,0,7,1,A01
202000045929,2,7,,0,2,3,15,A01
202000045929,2,2,,0,2,7,17,B01
202000045930,1,7,,8,0,1,26,A01
202000045931,1,33,,0,2,3,11,A01
202000045931,1,32,,0,2,2,1,B01
202000045932,1,7,,0,2,1,11,A01
202000045932,1,7,,0,2,8,7,B01
202000045933,1,10,,0,2,2,1,B01
202000045933,1,10,,0,2,3,1,A01
202000045934,3,30,,0,2,1,18,A01
202000045934,3,7,,0,2,5,1,B01
202000045935,1,50,,0,0,0,1,A01
202000045936,3,10,,0,2,0,9,A01
202000045936,3,30,,0,2,3,1,B01
202000045937,3,10,,0,2,0,1,B01
202000045937,3,32,,0,2,2,1,A01
202000045938,2,30,,0,2,0,15,A01
202000045938,2,10,,0,2,2,1,B01
202000045939,1,7,,0,2,3,15,A01
202000045939,1,1,,0,2,1,17,B01
202000045940,2,7,,0,2,2,15,B01
202000045940,1,30,,0,2,1,1,A01
202000045941,2,7,,1,1,1,1,A01
202000045941,2,7,,0,2,5,24,B01
202000045942,2,1,,0,2,1,1,B01
202000045942,2,7,,0,2,3,22,A01
202000045943,3,1,,0,0,1,1,A01
202000045944,2,1,,0,2,2,16,A01
202000045944,1,1,,0,2,1,1,B01
202000045945,2,7,,0,2,3,15,B01
202000045945,1,30,,0,2,2,1,A01
202000045946,1,1,,0,2,4,1,B01
202000045946,1,1,,0,2,3,2,A01
202000045947,1,1,,0,0,2,21,A01
202000045948,2,7,,0,2,4,26,B01
202000045948,2,7,,0,2,1,26,A01
202000045949,1,50,,0,2,3,26,A01
202000045949,1,7,,0,0,0,0,B01
202000045950,1,7,,1,2,2,24,A01
202000045950,1,7,,15,2,3,0,B01
202000045951,3,10,,0,9,1,15,A01
202000045951,0,50,,0,2,8,26,B01
202000045952,0,30,,0,0,0,26,A01
202000045953,2,30,,0,2,1,1,A01
202000045953,1,7,,0,2,5,1,B01
202000045954,3,10,,0,2,1,1,B01
202000045954,3,10,,0,2,8,1,A01
202000045955,2,7,,0,2,1,1,A01
202000045955,1,7,,0,2,1,1,B01
202000045956,3,10,,0,2,2,1,B01
202000045956,3,10,,0,2,6,1,A01
202000045957,1,7,,0,1,1,9,A01
202000045958,2,7,,0,2,3,15,B01
202000045958,-1,33,,0,2,3,26,A01
202000045959,0,50,,12,1,1,1,A01
202000045960,3,7,,0,2,3,15,A01
202000045960,3,32,,0,2,7,17,B01
202000045961,2,7,,0,9,3,15,A01
202000045961,1,1,,0,2,3,1,B01
202000045962,2,43,,0,2,1,1,A01
202000045962,2,30,,0,2,3,16,B01
202000045963,1,10,,0,2,8,19,A01
202000045963,1,7,,0,2,1,19,B01
202000045964,2,10,,0,2,8,15,A01
202000045964,2,7,,0,2,1,1,B01
202000045965,1,7,,0,2,5,1,B01
202000045965,1,30,,0,2,3,18,A01
202000045966,1,7,,0,2,8,22,A01
202000045966,1,1,,0,0,1,1,B01
202000045967,2,7,,0,2,0,15,A01
202000045967,1,1,,0,2,0,0,B01
202000045968,1,7,,0,9,3,26,A01
202000045968,1,1,,0,2,7,26,B01
202000045969,1,7,,13,0,9,1,A01
202000045970,1,7,,0,2,3,13,A01
202000045970,2,7,,0,2,3,1,B01
202000045971,1,33,,0,2,4,1,A01
202000045971,1,33,,0,2,1,1,B01
202000045972,2,33,,0,2,1,13,A01
202000045972,1,7,,0,0,5,1,B01
202000045973,3,33,,16,0,0,17,A01
202000045974,3,7,,0,0,8,15,B01
202000045974,3,33,,0,2,1,1,A01
202000045975,1,31,,0,2,1,1,B01
202000045975,1,7,,0,2,8,15,A01
202000045976,1,7,,0,2,3,13,A01
202000045976,2,7,,0,2,3,1,B01
202000045977,0,21,,13,0,8,13,A01
202000045978,1,7,,13,0,9,1,A01
202000045979,3,1,,0,0,8,19,A01
202000045979,1,7,,0,9,2,1,B01
202000045980,2,7,,3,2,7,13,A01
202000045980,1,7,,0,2,1,1,B01
202000045981,0,7,,0,9,7,16,A01
202000045981,0,1,,0,2,8,1,B01
202000045982,2,1,,0,0,1,1,A01
202000045983,3,7,,0,2,5,1,A01
202000045983,3,1,,0,2,1,1,B01
202000045984,2,7,,0,1,2,9,A01
202000045985,2,7,,13,0,9,1,A01
202000045986,3,7,,0,2,1,9,A01
202000045986,2,2,,0,2,1,1,B01
202000045987,1,7,,8,0,1,19,A01
202000045988,3,7,,16,0,1,1,A01
202000045989,3,7,,0,9,5,17,B01
202000045989,3,1,,0,0,3,1,A01
202000045990,2,33,,17,0,1,17,A01
202000045991,1,33,,0,2,1,1,B01
202000045991,2,7,,0,2,8,15,A01
202000045992,2,38,1.0,13,0,3,1,A01
202000045993,0,7,,0,2,3,1,B01
202000045993,0,7,,0,2,3,13,A01
202000045994,1,7,,0,2,8,17,A01
202000045994,2,31,,3,2,7,17,B01
202000045995,2,7,,0,0,9,1,A01
202000045996,1,7,,3,2,1,17,A01
202000045996,1,7,,0,2,5,1,B01
202000045996,1,7,,4,2,8,9,C01
202000045997,2,7,,0,2,7,12,A01
202000045997,2,10,,0,2,3,0,B01
202000045998,1,32,,0,0,8,1,A01
202000045999,2,1,,0,2,2,26,A01
202000045999,1,7,,0,9,3,1,C01
202000045999,2,2,,0,9,0,1,B01
202000046000,1,37,1.0,0,1,2,7,A01
202000046001,1,31,,0,1,1,1,A01
202000046002,2,7,,0,1,3,1,A01
202000046003,1,7,,0,2,1,1,C01
202000046003,1,7,,0,2,4,1,B01
202000046003,1,7,,0,2,4,1,A01
202000046004,1,10,,0,2,8,1,B01
202000046004,1,7,,0,2,1,1,A01
202000046005,1,32,,0,2,2,1,A01
202000046005,2,7,,0,2,1,9,B01
202000046006,3,7,,0,2,4,0,B01
202000046006,3,7,,14,0,1,0,A01
202000046007,3,7,,0,1,4,20,A01
202000046008,1,10,,0,2,5,1,B01
202000046008,1,10,,0,2,1,26,A01
202000046009,3,7,,0,1,1,1,A01
202000046010,1,7,,0,1,1,15,A01
202000046011,2,7,,0,1,6,4,A01
202000046012,1,7,,0,2,1,19,A01
202000046012,2,7,,0,2,1,1,B01
202000046013,-1,7,,0,2,0,0,B01
202000046013,-1,7,,0,2,4,1,A01
202000046014,2,7,,0,2,1,1,B01
202000046014,2,7,,0,2,4,1,A01
202000046015,-1,7,,0,2,1,16,A01
202000046015,-1,7,,0,2,4,23,B01
202000046016,0,7,,0,2,4,2,B01
202000046016,0,14,,0,2,1,2,A01
202000046017,1,34,,0,2,1,0,B01
202000046017,2,7,,0,2,1,13,A01
202000046018,1,37,1.0,0,2,3,1,A01
202000046018,1,7,,1,2,4,20,B01
202000046019,2,50,,0,2,7,1,A01
202000046019,1,7,,0,2,1,1,B01
202000046020,2,7,,0,2,6,9,B01
202000046020,1,30,,0,2,1,1,A01
202000046021,1,7,,4,0,3,11,A01
202000046022,1,7,,13,0,1,13,A01
202000046023,2,14,,13,0,7,1,A01
202000046024,2,30,,8,0,1,1,A01
202000046025,1,33,,0,0,0,1,A01
202000046026,0,7,,0,1,3,16,A01
202000046027,0,7,,0,2,1,1,B01
202000046027,3,7,,0,2,1,11,A01
202000046028,1,7,,0,2,4,2,C01
202000046028,1,7,,0,2,4,9,B01
202000046028,1,7,,0,2,1,2,D01
202000046028,1,14,,0,2,1,2,A01
202000046028,1,14,,0,2,1,2,E01
202000046028,1,15,,0,2,1,21,F01
202000046028,1,7,,0,2,1,2,G01
202000046029,2,7,,0,1,3,1,A01
202000046030,2,3,,6,0,1,1,A01
202000046031,2,7,,0,2,1,1,A01
202000046031,1,7,,0,2,7,1,B01
202000046032,1,7,,0,0,4,23,B01
202000046032,1,7,,0,2,1,1,A01
202000046033,3,7,,8,0,3,1,A01
202000046034,2,10,,6,0,2,1,A01
202000046035,2,10,,0,1,2,1,A01
202000046036,1,7,,0,1,0,26,A01
202000046037,1,7,,0,1,2,1,A01
202000046038,3,7,,0,1,2,1,A01
202000046039,2,7,,0,2,2,15,A01
202000046039,1,2,,0,2,1,1,B01
202000046040,2,2,,0,2,1,1,B01
202000046040,1,7,,0,2,5,15,A01
202000046041,2,7,,8,0,5,14,A01
202000046042,0,7,,0,1,2,19,A01
202000046043,1,7,,0,2,3,13,A01
202000046043,2,7,,0,2,3,1,B01
202000046044,1,7,,0,2,4,2,B01
202000046044,1,7,,0,2,4,2,C01
202000046044,1,14,,0,2,1,2,A01
202000046045,2,15,,0,0,4,2,A01
202000046045,2,10,,0,2,1,2,B01
202000046046,1,32,,0,0,8,0,B01
202000046046,1,17,,0,2,2,1,A01
202000046047,3,7,,0,2,3,19,B01
202000046047,3,32,,0,2,2,1,A01
202000046048,2,7,,4,0,1,21,B01
202000046048,2,7,,5,0,0,26,A01
202000046049,2,7,,0,1,2,19,A01
202000046050,1,36,,15,0,2,14,A01
202000046051,3,7,,2,0,3,13,A01
202000046052,1,7,,0,2,8,1,B01
202000046052,1,7,,4,2,7,14,A01
202000046053,1,7,,0,2,2,17,B01
202000046053,1,1,,0,0,6,1,A01
202000046054,0,7,,6,0,1,6,A01
202000046055,2,7,,0,1,2,1,A01
202000046056,2,7,,6,0,2,1,A01
202000046057,2,10,,0,9,1,1,A01
202000046058,2,7,,13,0,1,1,A01
202000046059,0,7,,0,2,1,0,B01
202000046059,0,7,,0,2,3,0,A01
202000046060,2,7,,4,0,6,15,A01
202000046061,1,7,,4,5,1,21,B01
202000046061,1,7,,0,5,1,1,A01
202000046062,3,7,,0,2,1,2,A01
202000046062,3,7,,0,2,4,2,B01
202000046063,1,7,,0,2,1,2,A01
202000046063,1,7,,0,2,1,2,B01
202000046063,1,7,,0,2,4,2,C01
202000046064,1,33,,0,9,0,0,A01
202000046064,1,7,,0,0,1,0,B01
202000046065,2,10,,0,2,2,2,A01
202000046065,2,7,,0,2,6,1,B01
202000046066,2,33,,0,2,5,3,B01
202000046066,2,7,,0,2,3,11,A01
202000046066,2,7,,0,2,4,1,C01
202000046067,1,7,,0,2,6,23,B01
202000046067,1,7,,1,0,2,1,A01
202000046068,1,14,,0,2,1,0,Z01
202000046068,1,7,,0,2,4,13,A01
202000046068,1,10,,0,2,1,1,B01
202000046069,1,7,,0,2,4,26,B01
202000046069,1,7,,0,2,4,26,C01
202000046069,1,10,,0,2,1,26,A01
202000046070,1,7,,0,1,1,1,A01
202000046071,2,20,,0,2,0,0,B01
202000046071,1,20,,0,2,1,13,A01
202000046072,2,7,,0,0,7,14,B01
202000046072,2,2,,0,0,1,18,A01
202000046073,1,7,,14,2,1,15,A01
202000046073,1,7,,0,2,3,1,B01
202000046074,1,10,,8,0,1,25,A01
202000046075,0,7,,0,1,3,9,A01
202000046075,3,1,,0,2,1,2,B01
202000046076,3,7,,0,2,1,2,A01
202000046076,3,7,,0,2,4,23,B01
202000046077,3,31,,0,0,0,26,A01
202000046078,2,7,,0,1,3,1,A01
202000046079,0,7,,0,1,4,26,A01
202000046080,1,7,,0,2,1,15,Z01
202000046080,1,32,,0,2,1,1,B01
202000046081,3,7,,0,1,3,1,A01
202000046082,1,7,,0,2,6,15,B01
202000046082,1,7,,0,2,1,17,A01
202000046083,1,2,,0,2,7,2,A01
202000046083,1,7,,0,2,4,23,B01
202000046084,3,7,,0,2,1,5,B01
202000046084,0,7,,0,2,2,26,A01
202000046084,3,7,,0,2,1,2,C01
202000046085,1,7,,0,2,5,15,B01
202000046085,1,33,,0,2,5,2,A01
202000046086,3,7,,0,2,3,1,A01
202000046086,3,7,,0,2,8,15,B01
202000046087,1,10,,0,0,0,1,C01
202000046087,1,7,,0,2,8,17,A01
202000046087,0,7,,0,2,6,1,B01
202000046088,1,2,,0,2,1,9,A01
202000046088,1,7,,0,2,6,9,B01
202000046089,0,7,,0,2,0,1,B01
202000046089,0,7,,0,2,0,0,Z01
202000046089,0,30,,0,2,4,1,A01
202000046090,2,31,,1,2,8,17,A01
202000046090,2,7,,0,2,8,15,B01
202000046091,1,7,,0,2,0,1,B01
202000046091,2,7,,0,2,1,5,A01
202000046092,1,32,,0,1,1,1,A01
202000046093,2,10,,1,0,1,26,A01
202000046094,1,7,,0,0,9,1,A01
202000046095,2,1,,0,2,2,2,B01
202000046095,2,10,,0,9,3,9,A01
202000046096,1,7,,0,2,6,1,B01
202000046096,1,7,,4,2,3,11,A01
202000046097,2,7,,14,2,1,12,A01
202000046097,2,7,,0,2,1,23,B01
202000046098,2,7,,0,2,7,15,A01
202000046098,2,50,,0,2,2,2,B01
202000046099,1,7,,0,1,1,1,Z01
202000046100,1,2,,0,2,4,23,B01
202000046100,1,7,,0,2,1,1,A01
202000046101,2,7,,0,2,4,15,B01
202000046101,2,50,,0,2,1,1,A01
202000046102,2,7,,0,2,3,15,B01
202000046102,1,31,,0,2,1,1,A01
202000046103,1,7,,0,2,8,22,A01
202000046103,1,1,,0,2,7,1,B01
202000046104,3,30,,0,2,1,1,B01
202000046104,3,7,,0,2,3,1,A01
202000046105,1,1,,0,1,1,1,A01
202000046106,1,31,,0,2,7,1,B01
202000046106,1,1,,0,2,8,13,A01
202000046107,1,7,,0,2,2,9,B01
202000046107,1,7,,0,2,1,9,A01
202000046108,1,7,,0,1,1,1,A01
202000046109,1,34,,0,2,1,1,B01
202000046109,1,7,,0,2,2,19,A01
202000046110,3,7,,0,2,1,1,B01
202000046110,3,7,,0,2,6,1,A01
202000046111,1,16,,0,2,8,1,A01
202000046111,1,32,,0,2,3,1,B01
202000046112,1,7,,0,1,2,1,A01
202000046113,1,10,,0,2,2,14,A01
202000046113,1,15,,0,2,6,1,B01
202000046114,2,10,,0,2,2,2,A01
202000046114,2,15,,0,0,6,23,B01
202000046115,1,7,,5,0,3,1,A01
202000046115,1,7,,0,2,1,2,B01
202000046115,1,7,,0,2,1,2,C01
202000046116,1,7,,0,2,3,1,B01
202000046116,2,7,,0,2,3,13,A01
202000046117,2,7,,0,2,7,15,A01
202000046117,1,2,,0,2,1,0,B01
202000046118,2,7,,13,0,2,1,A01
202000046119,1,7,,0,2,1,1,A01
202000046119,1,15,,0,0,4,1,B01
202000046120,0,7,,0,0,7,1,A01
202000046120,3,7,,0,2,1,0,B01
202000046121,2,7,,0,2,1,1,A01
202000046121,1,7,,0,2,1,1,B01
202000046122,0,3,,1,0,3,13,A01
202000046123,3,7,,7,0,7,1,A01
202000046123,1,7,,7,0,1,1,B01
202000046124,1,7,,0,2,3,15,A01
202000046124,1,7,,0,2,2,1,B01
202000046125,2,7,,0,0,4,15,B01
202000046125,2,7,,0,2,1,2,A01
202000046126,2,7,,15,0,1,1,A01
202000046127,3,7,,0,1,0,1,A01
202000046128,1,7,,0,2,2,21,A01
202000046128,2,7,,13,2,3,0,B01
202000046129,1,7,,6,0,1,1,A01
202000046130,1,7,,2,0,8,0,A01
202000046131,1,7,,2,0,3,1,A01
202000046132,1,7,,0,2,3,1,B01
202000046132,2,7,,0,2,3,17,A01
202000046133,1,7,,0,2,2,1,B01
202000046133,1,7,,0,2,3,16,A01
202000046134,1,7,,0,2,3,1,B01
202000046134,1,7,,0,2,3,13,A01
202000046135,3,7,,0,2,1,17,A01
202000046135,3,7,,0,2,1,1,B01
202000046136,1,7,,0,2,3,1,A01
202000046136,1,3,,0,0,5,15,B01
202000046137,1,7,,2,0,1,14,A01
202000046138,1,7,,2,0,1,1,A01
202000046139,2,7,,0,2,8,13,A01
202000046139,1,7,,0,2,1,1,B01
202000046139,1,7,,0,2,2,1,C01
202000046140,2,7,,0,2,1,13,A01
202000046140,1,7,,0,2,1,1,B01
202000046141,2,7,,0,1,3,19,A01
202000046142,2,10,,0,2,1,1,B01
202000046142,2,10,,0,0,4,1,A01
202000046143,2,33,,10,0,7,15,A01
202000046144,2,33,,0,2,3,1,A01
202000046144,1,7,,0,2,3,1,B01
202000046145,1,15,,0,0,4,1,B01
202000046145,1,7,,0,2,1,1,A01
202000046146,1,7,,3,0,1,12,A01
202000046147,1,7,,0,0,0,2,C01
202000046147,2,10,,0,1,0,2,B01
202000046147,2,7,,0,1,2,2,A01
202000046148,2,7,,0,1,3,1,A01
202000046149,1,7,,0,2,0,1,D01
202000046149,1,7,,0,2,8,15,A01
202000046149,1,33,,0,2,1,17,B01
202000046149,1,33,,0,2,1,17,C01
202000046150,1,7,,3,0,4,2,B01
202000046150,1,7,,0,2,1,2,A01
202000046151,1,15,,0,2,3,1,B01
202000046151,2,7,,0,2,3,13,A01
202000046152,3,7,,0,0,1,26,A01
202000046153,1,7,,0,2,1,13,A01
202000046153,2,7,,0,2,3,1,B01
202000046154,1,33,,12,0,0,1,A01
202000046155,2,7,,0,1,2,12,A01
202000046156,1,7,,0,2,1,1,B01
202000046156,2,7,,0,2,7,13,A01
202000046157,1,7,,0,2,1,1,B01
202000046157,1,7,,0,2,8,1,C01
202000046157,2,10,,0,2,1,13,A01
202000046158,2,1,,1,0,2,1,A01
202000046158,2,7,,0,9,8,22,B01
202000046159,2,33,,0,2,7,17,B01
202000046159,2,7,,0,2,8,15,A01
202000046160,1,7,,0,1,2,16,A01
202000046161,0,7,,0,0,4,23,B01
202000046161,0,7,,0,2,1,2,A01
202000046162,0,3,,6,0,1,1,A01
202000046163,2,30,,0,2,1,1,B01
202000046163,1,7,,0,2,3,13,A01
202000046164,1,15,,0,2,2,1,B01
202000046164,2,7,,13,2,2,11,A01
202000046165,1,7,,1,0,1,1,B01
202000046165,2,7,,6,0,8,21,A01
202000046166,1,2,,0,1,1,17,A01
202000046167,2,33,,0,2,8,1,A01
202000046167,2,7,,0,2,7,12,B01
202000046168,1,7,,0,2,2,1,A01
202000046168,1,7,,0,2,3,11,B01
202000046169,2,7,,0,2,0,0,Z01
202000046169,2,7,,0,2,0,1,A01
202000046170,1,7,,0,0,9,1,A01
202000046171,1,7,,0,2,4,2,A01
202000046171,1,7,,0,2,4,2,B01
202000046171,1,7,,0,2,1,2,C01
202000046172,1,7,,0,0,1,18,A01
202000046172,1,7,,0,0,2,0,B01
202000046173,1,7,,0,2,8,18,A01
202000046173,1,14,,0,2,6,0,B01
202000046174,2,7,,0,2,1,5,A01
202000046174,2,7,,0,2,7,1,B01
202000046175,1,7,,0,2,1,2,A01
202000046175,1,7,,0,2,4,2,B01
202000046175,1,7,,0,2,4,2,C01
202000046176,1,7,,6,2,2,21,A01
202000046176,1,7,,4,2,8,1,B01
202000046176,1,7,,0,2,3,1,C01
202000046177,2,7,,4,2,4,0,B01
202000046177,2,7,,0,2,1,1,A01
202000046178,2,7,,0,2,4,1,B01
202000046178,2,7,,0,2,4,1,C01
202000046178,2,7,,0,2,1,2,A01
202000046179,1,7,,0,2,7,1,B01
202000046179,1,7,,0,2,8,9,A01
202000046180,2,33,,0,2,1,3,B01
202000046180,2,7,,0,2,6,11,A01
202000046181,2,7,,0,2,6,2,B01
202000046181,2,7,,0,2,2,2,A01
202000046182,2,7,,0,2,4,11,B01
202000046182,2,7,,0,2,1,1,A01
202000046183,3,7,,13,0,1,1,A01
202000046184,0,7,,0,0,1,1,A01
202000046184,0,7,,0,2,4,1,B01
202000046184,0,7,,16,0,4,1,C01
202000046185,0,7,,0,2,1,1,B01
202000046185,0,7,,0,2,3,15,A01
202000046186,1,3,,0,2,1,1,B01
202000046186,1,13,,0,2,1,1,A01
202000046187,1,2,,0,2,3,1,B01
202000046187,1,7,,0,2,1,1,A01
202000046188,2,33,,4,2,1,1,A01
202000046188,1,7,,0,2,5,1,B01
202000046189,1,31,,12,0,1,7,A01
202000046190,1,0,,0,2,6,1,B01
202000046190,1,10,,0,2,2,17,A01
202000046191,1,34,,0,2,1,1,B01
202000046191,1,7,,0,2,2,15,A01
202000046192,0,7,,0,2,1,15,A01
202000046192,0,7,,0,2,1,1,B01
202000046193,1,31,,0,2,5,1,B01
202000046193,1,7,,0,2,2,9,A01
202000046194,3,7,,0,2,5,1,B01
202000046194,3,7,,0,2,5,1,A01
202000046195,2,7,,0,2,3,1,B01
202000046195,1,10,,0,2,3,13,A01
202000046196,1,7,,0,2,1,1,A01
202000046196,1,32,,0,2,4,1,B01
202000046197,1,7,,0,2,2,23,B01
202000046197,1,7,,0,2,1,2,A01
202000046198,1,7,,0,2,1,1,A01
202000046198,2,7,,0,2,8,19,B01
202000046199,3,30,,0,2,8,9,A01
202000046199,3,7,,0,2,1,9,B01