Num_Acc,senc,catv,occutc,obs,obsm,choc,manv,num_veh
202000046200,1,99,,0,9,2,26,A01
202000046200,2,1,,0,2,1,5,B01
202000046200,2,1,,0,2,1,5,C01
202000046201,1,7,,0,2,1,2,Z01
202000046201,1,1,,0,2,4,1,B01
202000046202,1,1,,0,2,1,19,B01
202000046202,1,7,,0,2,0,1,A01
202000046203,2,7,,0,1,2,0,A01
202000046204,1,7,,0,0,0,1,A01
202000046204,1,33,,0,0,0,2,BB01
202000046205,1,7,,0,2,1,19,A01
202000046205,1,7,,0,2,8,1,B01
202000046206,1,7,,0,2,1,9,B01
202000046206,3,33,,0,2,7,16,A01
202000046207,2,7,,6,0,2,1,A01
202000046208,1,7,,0,2,6,0,A01
202000046208,1,33,,0,2,9,0,B01
202000046209,1,1,,0,9,2,0,D01
202000046209,1,7,,0,2,3,24,C01
202000046209,1,7,,0,2,1,0,A01
202000046209,1,7,,0,2,7,0,B01
202000046210,3,7,,0,1,4,4,A01
202000046211,0,10,,0,1,4,20,A01
202000046212,1,7,,0,1,2,1,A01
202000046213,2,7,,0,1,2,1,A01
202000046214,2,80,,0,1,8,25,A01
202000046215,1,10,,0,2,2,15,B01
202000046215,2,1,,0,2,8,1,A01
202000046216,1,7,,0,2,4,2,B01
202000046216,1,2,,0,2,1,2,A01
202000046217,2,7,,6,0,3,13,A01
202000046218,2,1,,0,2,1,1,B01
202000046218,1,13,,0,2,3,16,A01
202000046219,2,7,,0,1,2,26,A01
202000046220,2,7,,0,2,4,1,B01
202000046220,2,7,,0,2,1,1,A01
202000046221,2,50,,0,2,1,1,B01
202000046221,2,7,,0,2,2,16,A01
202000046222,2,7,,0,1,2,1,A01
202000046223,2,2,,0,2,1,1,B01
202000046223,2,7,,0,2,7,14,A01
202000046224,1,33,,0,2,1,1,B01
202000046224,2,7,,0,2,7,15,A01
202000046225,0,20,,0,1,3,15,A01
202000046226,2,7,,0,2,1,13,A01
202000046226,1,7,,0,2,1,1,B01
202000046227,2,7,,0,2,2,13,A01
202000046227,1,7,,0,2,2,1,B01
202000046228,2,7,,0,2,3,1,B01
202000046228,1,7,,0,2,2,15,A01
202000046229,2,2,,0,2,4,18,B01
202000046229,1,7,,0,2,3,9,A01
202000046230,0,7,,8,0,1,26,A01
202000046231,1,7,,0,2,4,2,B01
202000046231,1,7,,0,2,1,2,A01
202000046232,2,32,,0,2,3,26,B01
202000046232,2,7,,0,2,2,9,A01
202000046233,1,33,,0,2,1,1,A01
202000046233,1,7,,0,2,4,23,B01
202000046234,1,33,,0,1,1,1,A01
202000046235,1,15,,0,2,3,9,A01
202000046235,1,7,,0,2,7,15,B01
202000046236,1,7,,0,2,1,1,B01
202000046236,1,7,,0,2,1,13,A01
202000046237,2,7,,0,2,3,13,A01
202000046237,1,7,,0,2,3,1,B01
202000046238,3,7,,0,2,4,1,B01
202000046238,3,7,,0,2,4,1,C01
202000046238,3,7,,0,2,1,21,A01
202000046239,1,32,,0,1,1,3,A01
202000046240,2,14,,0,2,1,2,A01
202000046240,2,7,,0,2,4,23,B01
202000046241,2,7,,4,0,7,13,A01
202000046242,1,30,,0,2,1,13,A01
202000046242,2,1,,0,2,1,1,B01
202000046243,3,1,,0,2,8,19,B01
202000046243,1,33,,7,2,1,1,A01
202000046244,1,43,,0,2,2,1,B01
202000046244,1,10,,0,2,3,11,A01
202000046245,1,32,,0,2,2,1,B01
202000046245,1,30,,0,2,3,11,A01
202000046246,3,7,,0,1,1,1,Z01
202000046247,2,1,,0,2,7,1,B01
202000046247,1,10,,0,2,1,1,A01
202000046248,2,7,,0,2,3,1,B01
202000046248,1,1,,0,2,1,5,A01
202000046249,1,7,,0,2,3,1,B01
202000046249,2,7,,0,2,2,1,A01
202000046250,2,1,,0,2,2,7,A01
202000046250,3,43,,0,2,1,9,B01
202000046251,2,10,,0,2,1,2,A01
202000046251,2,33,,0,2,4,23,B01
202000046252,1,1,,0,2,8,9,B01
202000046252,1,7,,0,2,2,1,A01
202000046253,1,50,,12,0,7,14,A01
202000046254,2,1,,0,2,3,17,B01
202000046254,1,1,,0,2,3,1,A01
202000046255,2,1,,0,1,1,1,A01
202000046256,3,20,,0,1,1,19,A01
202000046257,1,7,,0,2,8,22,A01
202000046257,1,1,,1,0,7,1,B01
202000046258,3,30,,0,2,8,25,A01
202000046258,2,7,,0,2,2,1,B01
202000046259,2,7,,3,0,7,0,A01
202000046260,3,7,,0,2,2,19,B01
202000046260,3,7,,0,2,2,1,A01
202000046261,2,7,,0,1,1,1,A01
202000046262,3,7,,0,2,6,2,A01
202000046262,3,14,,0,2,2,14,B01
202000046263,1,33,,0,1,1,1,A01
202000046264,1,7,,2,1,2,26,A01
202000046265,2,30,,0,1,1,26,A01
202000046266,1,7,,0,2,5,15,A01
202000046266,1,7,,0,2,3,15,B01
202000046267,1,34,,12,2,4,1,A01
202000046267,1,10,,0,2,1,1,B01
202000046268,1,7,,0,2,1,1,A01
202000046268,2,30,,0,2,1,5,B01
202000046269,1,33,,0,2,5,16,AB01
202000046269,1,7,,0,2,3,1,A01
202000046270,1,7,,0,0,5,16,B01
202000046270,1,33,,0,2,1,18,A01
202000046271,2,33,,0,1,3,1,A01
202000046272,1,7,,0,2,2,2,A01
202000046272,1,33,,0,0,4,2,B01
202000046273,1,33,,0,2,1,1,A01
202000046273,2,7,,0,2,1,15,B01
202000046274,2,2,,0,0,7,1,A01
202000046275,1,7,,4,0,1,1,A01
202000046276,2,7,,2,0,3,13,A01
202000046277,3,33,,0,0,8,1,A01
202000046278,1,2,,0,2,3,15,B01
202000046278,1,7,,0,2,5,17,A01
202000046279,2,7,,0,2,1,11,A01
202000046279,1,7,,14,2,1,1,B01
202000046279,2,7,,0,0,6,15,C01
202000046280,1,17,,0,0,4,2,B01
202000046280,1,7,,0,2,1,2,A01
202000046281,1,7,,0,2,1,13,A01
202000046281,2,7,,0,2,1,1,B01
202000046282,2,7,,0,2,3,1,A01
202000046282,2,7,,0,2,2,1,B01
202000046283,2,7,,10,0,3,0,A01
202000046284,2,15,,0,0,7,15,A01
202000046284,2,33,,0,2,1,1,B01
202000046285,1,10,,0,2,3,1,A01
202000046285,2,7,,0,0,3,1,B01
202000046286,1,31,,0,2,1,1,A01
202000046286,2,7,,0,9,3,15,B01
202000046286,2,7,,0,9,1,23,C01
202000046287,1,1,,0,0,0,2,A01
202000046287,1,7,,0,9,0,0,B01
202000046288,3,7,,0,1,0,1,A01
202000046289,3,31,,0,6,0,0,A01
202000046290,1,7,,0,2,1,13,B01
202000046290,2,7,,0,2,1,1,A01
202000046291,1,7,,0,1,5,4,A01
202000046292,1,7,,0,2,1,1,B01
202000046292,2,7,,0,2,1,0,A01
202000046293,2,21,,0,2,4,19,A01
202000046293,2,33,,0,2,1,1,B01
202000046294,1,10,,0,2,2,15,A01
202000046294,2,7,,0,2,1,1,B01
202000046295,2,10,,0,2,2,9,A01
202000046295,2,1,,0,2,8,1,B01
202000046296,3,7,,0,9,4,15,B01
202000046296,3,1,,0,2,1,1,A01
202000046297,1,7,,0,0,1,1,C01
202000046297,2,10,,0,2,1,2,A01
202000046297,2,15,,0,0,4,2,B01
202000046298,3,7,,0,2,2,15,A01
202000046298,1,7,,0,2,3,1,B01
202000046299,1,10,,0,2,2,17,B01
202000046299,1,1,,0,0,3,15,A01
202000046300,1,7,,0,2,3,13,B01
202000046300,2,7,,0,2,3,1,A01
202000046301,3,7,,0,2,3,13,A01
202000046301,3,38,1.0,0,2,1,1,B01
202000046302,1,10,,0,0,6,2,B01
202000046302,1,1,,0,2,1,2,A01
202000046303,2,7,,13,0,0,14,A01
202000046304,2,7,,0,2,1,1,A01
202000046304,2,7,,13,2,4,16,B01
202000046305,1,33,,6,0,1,14,A01
202000046306,2,7,,2,0,3,1,A01
202000046307,3,3,,0,0,7,0,A01
202000046308,3,7,,0,0,7,15,A01
202000046308,3,10,,0,2,3,1,B01
202000046309,3,2,,15,0,1,1,A01
202000046310,3,2,,0,2,1,1,B01
202000046310,3,7,,0,2,2,15,A01
202000046311,1,7,,0,2,8,15,B01
202000046311,1,2,,0,2,1,17,A01
202000046312,1,21,,8,0,1,14,A01
202000046313,1,10,,0,2,3,15,B01
202000046313,2,1,,0,2,1,1,A01
202000046314,2,2,,0,0,0,1,A01
202000046315,2,7,,0,2,0,1,A01
202000046315,2,7,,0,2,9,17,B01
202000046316,2,7,,0,2,3,1,B01
202000046316,1,7,,0,2,3,1,A01
202000046317,3,39,,0,1,3,19,A01
202000046318,2,7,,0,9,2,2,B01
202000046318,2,33,,0,0,4,2,A01
202000046319,3,15,,0,1,2,1,A01
202000046320,1,7,,13,0,9,13,A01
202000046321,2,7,,0,2,1,17,A01
202000046321,1,7,,0,2,6,1,B01
202000046322,2,1,,0,2,1,1,B01
202000046322,1,7,,0,9,2,15,A01
202000046323,0,33,,13,0,2,1,A01
202000046324,1,7,,8,0,8,1,A01
202000046325,1,7,,0,2,5,0,B01
202000046325,1,7,,0,2,1,0,A01
202000046326,2,33,,0,2,1,1,A01
202000046326,1,7,,0,2,7,15,B01
202000046327,1,7,,0,2,2,10,B01
202000046327,1,7,,0,2,1,1,A01
202000046328,3,7,,0,1,1,1,A01
202000046329,2,7,,0,0,4,23,C01
202000046329,2,14,,0,2,1,23,A01
202000046329,2,7,,0,2,4,23,B01
202000046330,1,33,,0,0,6,1,A01
202000046331,2,17,,6,0,1,1,A01
202000046332,1,15,,0,2,8,1,B01
202000046332,1,7,,0,2,7,12,A01
202000046333,2,7,,4,0,8,19,A01
202000046334,1,33,,4,0,1,2,A01
202000046334,1,7,,14,2,1,1,B01
202000046335,2,43,,0,0,0,0,A01
202000046336,2,32,,0,0,7,1,A01
202000046337,2,33,,0,2,1,2,B01
202000046337,2,7,,0,2,2,14,A01
202000046338,1,13,,0,2,2,2,B01
202000046338,1,7,,0,2,8,9,A01
202000046338,1,7,,0,2,1,2,C01
202000046339,1,33,,0,0,0,17,A01
202000046340,1,7,,0,2,0,0,A01
202000046340,1,7,,0,2,0,0,C01
202000046340,2,10,,0,2,0,0,D01
202000046340,2,7,,0,2,1,1,B01
202000046341,2,10,,0,2,4,2,C01
202000046341,2,7,,0,2,4,2,B01
202000046341,2,17,,0,2,1,11,A01
202000046342,2,7,,0,2,5,1,B01
202000046342,2,7,,0,2,3,14,A01
202000046343,2,7,,0,2,8,1,B01
202000046343,2,14,,0,2,2,12,A01
202000046344,2,10,,0,2,4,2,B01
202000046344,2,33,,0,2,1,2,A01
202000046345,2,15,,0,2,1,2,E01
202000046345,2,15,,0,2,8,2,D01
202000046345,2,7,,0,2,1,2,C01
202000046345,2,7,,0,2,7,2,B01
202000046345,2,7,,0,2,3,26,A01
202000046346,2,33,,0,0,9,3,A01
202000046347,1,7,,4,0,1,14,A01
202000046348,2,7,,0,2,8,17,A01
202000046348,2,43,,0,2,8,3,B01
202000046349,2,7,,0,2,7,12,A01
202000046349,2,33,,0,2,8,11,B01
202000046350,2,7,,0,2,7,17,B01
202000046350,2,7,,0,2,4,1,A01
202000046351,2,33,,0,2,1,0,A01
202000046351,2,10,,0,2,4,0,B01
202000046352,2,33,,0,2,1,2,C01
202000046352,2,7,,0,2,4,11,B01
202000046352,2,7,,0,2,4,1,A01
202000046353,2,7,,0,2,4,2,B01
202000046353,2,7,,0,2,1,2,A01
202000046354,2,43,,0,2,3,3,B01
202000046354,2,7,,0,2,5,12,A01
202000046355,2,31,,0,2,4,1,A01
202000046355,2,7,,0,2,1,21,B01
202000046355,2,7,,0,2,4,9,C01
202000046356,2,7,,0,2,8,11,B01
202000046356,2,33,,0,2,7,3,A01
202000046357,2,7,,0,2,4,0,B01
202000046357,2,14,,0,2,1,12,A01
202000046358,2,2,,0,1,1,26,A01
202000046358,3,7,,0,2,2,19,B01
202000046359,2,7,,0,2,2,9,B01
202000046359,2,33,,0,2,1,2,A01
202000046360,3,15,,0,2,0,0,C01
202000046360,1,7,,0,2,1,26,A01
202000046360,1,7,,0,2,0,0,B01
202000046361,1,0,,0,2,1,1,A01
202000046361,1,14,,0,2,3,15,B01
202000046362,2,13,,0,2,7,2,A01
202000046362,2,1,,0,2,8,2,B01
202000046363,1,7,,0,2,8,15,A01
202000046363,2,2,,0,2,1,26,B01
202000046364,1,30,,3,0,1,19,A01
202000046365,2,7,,0,2,1,1,B01
202000046365,2,7,,0,2,8,19,A01
202000046366,0,7,,0,2,2,15,A01
202000046366,0,32,,0,2,1,1,B01
202000046367,3,7,,0,2,0,15,B01
202000046367,3,7,,0,2,2,1,A01
202000046368,1,30,,0,0,0,15,A01
202000046369,1,7,,0,2,3,15,A01
202000046369,1,31,,8,2,9,17,B01
202000046370,2,7,,0,1,8,26,A01
202000046371,2,10,,0,1,4,4,A01
202000046372,1,7,,0,2,1,1,B01
202000046372,2,30,,0,2,1,15,A01
202000046373,2,7,,0,1,2,21,A01
202000046374,0,33,,0,1,1,1,A01
202000046375,0,7,,0,2,1,9,A01
202000046375,0,7,,0,2,5,9,B01
202000046376,2,7,,12,0,5,20,A01
202000046377,3,1,,1,0,2,26,A01
202000046377,3,7,,0,0,0,0,B01
202000046378,3,30,,0,0,8,15,A01
202000046379,1,33,,0,2,1,1,B01
202000046379,2,10,,0,2,3,15,A01
202000046380,1,7,,0,2,4,1,A01
202000046380,1,7,,0,2,1,26,C01
202000046380,1,7,,0,2,4,1,B01
202000046381,3,31,,0,2,1,2,A01
202000046381,3,1,,1,2,8,19,B01
202000046382,3,7,,0,2,0,0,Z01
202000046382,2,1,,0,2,1,1,B01
202000046383,3,33,,0,2,1,1,A01
202000046383,3,0,,0,2,0,0,B01
202000046384,2,7,,0,2,5,13,A01
202000046384,2,31,,0,2,1,17,B01
202000046385,2,80,,0,0,1,1,A01
202000046386,1,2,,0,2,7,1,B01
202000046386,1,7,,0,2,2,20,A01
202000046387,1,30,,12,0,7,16,A01
202000046388,1,30,,0,0,1,1,A01
202000046389,1,7,,0,2,6,23,B01
202000046389,1,7,,0,2,1,2,A01
202000046390,1,1,,0,2,2,0,A01
202000046390,1,7,,0,2,6,0,B01
202000046391,2,1,,13,0,0,0,A01
202000046392,2,1,,13,0,1,15,A01
202000046393,2,7,,0,0,9,0,A01
202000046394,0,7,,2,0,1,1,A01
202000046395,2,7,,0,2,7,2,A01
202000046395,2,1,,0,2,8,2,B01
202000046396,2,2,,0,0,0,1,A01
202000046397,2,2,,8,0,1,1,A01
202000046398,1,7,,0,2,1,1,B01
202000046398,2,99,,0,2,1,13,A01
202000046398,1,7,,0,2,0,17,Z01
202000046399,2,7,,1,2,1,17,A01
202000046399,1,7,,0,2,1,1,B01
202000046400,3,50,,0,2,8,1,A01
202000046400,3,10,,0,2,7,17,B01
202000046401,3,7,,0,0,1,1,B01
202000046401,3,7,,0,0,1,13,A01
202000046402,2,15,,0,0,4,2,B01
202000046402,2,7,,0,2,1,2,A01
202000046403,1,7,,14,0,1,1,A01
202000046404,1,33,,5,0,0,1,A01
202000046405,1,99,,0,2,2,1,A01
202000046405,1,7,,0,2,4,1,B01
202000046406,1,7,,0,0,2,15,A01
202000046406,2,33,,0,2,1,1,B01
202000046407,1,7,,0,2,1,13,A01
202000046407,2,7,,0,2,3,1,B01
202000046408,1,7,,0,1,8,19,A01
202000046409,2,7,,0,2,3,13,A01
202000046409,1,7,,0,2,3,1,B01
202000046410,1,7,,0,1,2,2,A01
202000046411,2,7,,0,2,3,1,A01
202000046411,3,7,,0,2,2,1,B01
202000046412,2,7,,13,0,1,1,A01
202000046413,3,7,,0,0,4,23,A01
202000046413,3,7,,0,2,1,1,B01
202000046414,2,7,,0,2,1,2,A01
202000046414,2,7,,0,2,4,2,B01
202000046414,2,7,,1,0,1,1,C01
202000046415,2,7,,0,2,2,0,A01
202000046415,2,7,,0,2,1,1,B01
202000046416,1,30,,0,0,9,21,A01
202000046416,1,7,,0,0,-1,12,B01
202000046417,2,7,,0,1,2,1,A01
202000046418,1,10,,0,2,7,15,A01
202000046418,3,7,,0,2,1,1,B01
202000046419,1,7,,0,2,4,2,B01
202000046419,1,7,,0,2,1,2,A01
202000046420,2,7,,4,0,1,11,A01
202000046421,3,7,,0,2,1,15,A01
202000046421,3,33,,0,2,7,1,B01
202000046422,1,7,,0,2,3,15,A01
202000046422,1,2,,0,2,2,0,B01
202000046423,1,30,,0,0,7,2,A01
202000046424,3,2,,0,2,1,1,B01
202000046424,3,7,,0,2,5,16,A01
202000046425,2,7,,0,1,7,1,A01
202000046426,2,7,,0,9,5,2,A01
202000046426,2,1,,0,2,3,2,B01
202000046427,1,7,,0,1,1,9,A01
202000046428,3,37,1.0,0,1,2,1,A01
202000046429,3,7,,0,2,1,1,A01
202000046429,3,7,,0,2,8,1,B01
202000046430,2,7,,0,1,3,15,A01
202000046431,2,7,,0,1,1,1,A01
202000046432,1,1,,0,2,1,0,A01
202000046432,1,7,,0,2,4,0,B01
202000046433,1,33,,0,2,1,1,B01
202000046433,3,99,,0,2,2,17,A01
202000046434,1,7,,3,0,1,2,A01
202000046435,1,13,,0,2,1,12,A01
202000046435,1,7,,0,2,8,1,B01
202000046436,1,7,,0,1,1,1,A01
202000046437,2,7,,12,2,4,2,B01
202000046437,2,7,,0,2,4,2,C01
202000046437,2,7,,12,2,1,2,A01
202000046438,1,7,,0,2,2,15,A01
202000046438,1,7,,0,2,5,0,B01
202000046439,1,7,,0,2,6,15,A01
202000046439,1,7,,0,2,1,1,B01
202000046440,0,7,,0,2,4,1,B01
202000046440,0,7,,0,2,1,1,A01
202000046441,1,7,,0,2,1,13,A01
202000046441,2,14,,0,2,3,1,B01
202000046442,1,7,,0,2,4,0,C01
202000046442,1,7,,0,2,1,0,A01
202000046442,1,7,,0,2,8,0,D01
202000046442,1,7,,0,2,4,1,B01
202000046443,2,7,,0,2,3,1,B01
202000046443,1,7,,0,2,1,16,A01
202000046444,2,20,,0,2,1,5,B01
202000046444,1,7,,0,2,1,1,A01
202000046445,0,50,,0,2,1,19,B01
202000046445,0,10,,0,2,1,15,A01
202000046446,1,7,,0,2,4,2,C01
202000046446,1,7,,0,2,1,2,A01
202000046446,1,7,,0,2,4,2,B01
202000046447,2,7,,0,1,1,15,A01
202000046448,2,7,,3,0,3,2,A01
202000046449,2,33,,0,0,0,1,A01
202000046450,2,32,,0,0,7,1,A01
202000046451,2,99,,0,1,1,9,A01
202000046452,2,33,,0,2,1,3,A01
202000046452,2,7,,0,2,5,1,B01
202000046453,1,43,,0,2,1,1,B01
202000046453,2,7,,0,2,5,9,A01
202000046454,2,7,,0,2,5,1,B01
202000046454,2,7,,4,2,3,18,A01
202000046455,3,7,,14,0,1,1,A01
202000046456,2,32,,0,2,4,1,B01
202000046456,2,7,,0,2,1,26,A01
202000046457,2,33,,0,0,9,21,A01
202000046458,1,30,,0,2,8,13,A01
202000046458,1,7,,0,2,8,1,B01
202000046459,1,7,,15,0,1,14,A01
202000046460,2,7,,0,2,1,13,A01
202000046460,1,7,,0,2,0,0,B01
202000046460,1,7,,0,2,0,0,C01
202000046461,2,7,,0,2,1,1,B01
202000046461,1,7,,0,2,3,15,A01
202000046462,1,7,,0,1,7,1,A01
202000046463,1,7,,0,2,3,10,A01
202000046463,1,7,,0,2,2,1,B01
202000046464,1,7,,0,2,1,1,B01
202000046464,1,7,,0,2,5,13,A01
202000046465,1,7,,0,1,2,1,A01
202000046466,2,33,,0,2,4,2,B01
202000046466,2,34,,0,2,1,2,A01
202000046467,2,17,,15,2,3,21,A01
202000046467,2,7,,0,2,2,1,B01
202000046468,1,32,,0,2,4,1,A01
202000046468,1,7,,0,2,1,0,Z01
202000046469,2,7,,0,1,3,1,A01
202000046470,3,20,,0,2,3,26,A01
202000046470,3,20,,0,2,2,16,B01
202000046471,1,10,,6,0,2,21,A01
202000046472,1,7,,0,2,6,1,A01
202000046472,1,7,,0,2,1,26,B01
202000046473,2,7,,0,2,7,1,A01
202000046473,0,50,,0,2,1,19,B01
202000046474,1,33,,0,2,1,2,B01
202000046474,1,32,,0,2,8,2,A01
202000046475,3,7,,0,2,4,2,B01
202000046475,3,10,,0,2,3,2,A01
202000046476,0,7,,15,0,2,1,A01
202000046477,1,7,,0,2,1,2,C01
202000046477,2,10,,0,2,4,2,B01
202000046477,2,7,,0,2,4,1,A01
202000046477,2,10,,0,2,1,2,D01
202000046478,1,7,,3,0,1,26,A01
202000046479,0,50,,0,2,1,25,A01
202000046479,0,7,,0,9,2,26,B01
202000046480,0,7,,0,2,7,0,B01
202000046480,3,2,,0,2,8,2,A01
202000046481,1,7,,0,1,0,1,A01
202000046482,2,7,,0,2,3,1,B01
202000046482,1,3,,0,2,3,13,A01
202000046483,1,7,,0,1,2,2,A01
202000046484,1,30,,0,2,2,17,A01
202000046484,1,7,,0,2,3,15,B01
202000046485,1,7,,0,1,7,26,A01
202000046486,2,7,,0,2,3,1,B01
202000046486,1,7,,0,2,1,1,A01
202000046487,2,7,,8,0,1,2,A01
202000046488,1,7,,0,2,2,1,B01
202000046488,1,7,,0,2,6,15,A01
202000046489,2,7,,0,1,4,20,A01
202000046490,3,37,2.0,0,2,3,9,B01
202000046490,1,10,,0,2,1,1,A01
202000046491,1,7,,0,2,8,10,A01
202000046491,1,2,,0,2,2,1,B01
202000046492,3,7,,0,2,5,20,A01
202000046493,2,7,,0,2,1,16,Z01
202000046493,1,60,,0,2,3,19,A01
202000046494,1,7,,0,2,2,5,A01
202000046494,1,7,,0,2,8,15,B01
202000046495,3,7,,9,2,1,9,A01
202000046495,1,7,,0,9,9,1,B01
202000046496,1,31,,5,0,1,17,A01
202000046497,1,7,,0,2,1,2,A01
202000046497,1,7,,0,2,4,2,B01
202000046498,1,30,,0,1,1,25,A01
202000046499,1,50,,0,1,1,1,A01
202000046500,2,1,,0,2,2,1,B01
202000046500,1,7,,0,2,1,1,A01
202000046501,3,1,,0,2,8,9,B01
202000046501,3,7,,0,9,1,9,A01
202000046502,1,1,,0,2,8,7,A01
202000046502,1,37,1.0,0,9,7,2,B01
202000046503,2,7,,2,2,2,17,A01
202000046503,1,7,,2,2,6,2,B01
202000046503,1,7,,0,2,1,5,C01
202000046504,3,33,,0,2,2,2,B01
202000046504,3,7,,0,2,6,10,A01
202000046505,1,7,,0,1,1,15,A01
202000046506,1,7,,9,0,1,14,A01
202000046507,3,7,,0,2,1,26,Z01
202000046507,3,30,,0,2,2,19,A01
202000046508,1,36,,15,0,1,14,A01
202000046509,2,60,,0,1,0,25,Z01
202000046510,1,7,,0,2,2,10,A01
202000046510,1,7,,0,2,1,2,B01
202000046511,2,17,,0,2,1,1,B01
202000046511,3,7,,0,2,8,19,A01
202000046512,1,7,,0,2,3,1,A01
202000046512,1,30,,0,2,1,1,B01
202000046513,1,33,,0,0,3,1,B01
202000046513,1,7,,0,2,5,14,A01
202000046514,2,7,,6,0,1,21,A01
202000046515,1,34,,12,0,3,13,A01
202000046516,0,7,,0,2,3,15,A01
202000046516,3,7,,0,2,1,2,B01
202000046517,1,2,,0,2,3,1,B01
202000046517,2,7,,0,2,2,15,A01
202000046518,1,2,,0,2,3,2,B01
202000046518,2,7,,0,2,2,15,A01
202000046519,2,7,,0,2,2,1,A01
202000046519,1,7,,0,2,1,1,B01
202000046520,2,33,,0,5,1,1,A01
202000046521,3,13,,0,2,0,26,A01
202000046521,3,7,,0,0,4,0,B01
202000046522,1,7,,0,2,1,1,B01
202000046522,1,33,,0,2,1,17,A01
202000046523,1,10,,0,1,1,15,A01
202000046524,1,33,,0,2,8,16,A01
202000046524,1,7,,0,2,2,16,B01
202000046525,1,7,,0,0,1,0,B01
202000046525,2,33,,0,0,0,0,A01
202000046526,3,13,,9,0,1,26,A01
202000046527,2,7,,0,1,4,20,A01
202000046528,2,14,,0,2,8,1,B01
202000046528,1,1,,0,2,1,13,A01
202000046529,3,7,,8,0,1,14,A01
202000046530,1,7,,0,2,1,26,A01
202000046530,2,33,,0,2,2,5,B01
202000046531,0,7,,0,2,1,1,A01
202000046531,2,7,,0,2,8,1,B01
202000046532,2,7,,4,0,4,2,A01
202000046532,2,7,,0,2,1,2,B01
202000046533,2,7,,0,2,1,1,B01
202000046533,1,7,,0,2,3,16,A01
202000046534,2,2,,0,1,0,1,A01
202000046535,2,1,,0,5,7,1,A01
202000046536,1,7,,4,0,3,1,A01
202000046537,0,1,,0,2,1,1,B01
202000046537,0,10,,0,2,5,4,A01
202000046538,1,7,,4,2,7,17,A01
202000046538,1,38,1.0,0,2,8,1,B01
202000046539,1,35,,1,0,9,0,A01
202000046540,0,7,,16,0,9,1,A01
202000046541,2,1,,0,2,1,2,A01
202000046541,2,7,,0,2,5,1,B01
202000046542,1,30,,0,0,0,1,A01
202000046543,1,33,,0,2,9,0,A01
202000046544,1,50,,0,2,1,1,B01
202000046544,1,7,,0,2,7,16,A01
202000046545,1,7,,0,2,1,0,A01
202000046545,1,7,,0,2,7,0,B01
202000046546,2,7,,0,2,1,1,A01
202000046546,0,7,,0,2,4,23,C01
202000046546,1,7,,0,2,4,23,B01
202000046547,1,7,,0,2,1,2,A01
202000046547,1,7,,0,2,4,2,B01
202000046548,1,33,,0,2,7,17,B01
202000046548,1,7,,0,2,6,11,A01
202000046549,1,1,,0,2,8,19,B01
202000046549,1,7,,0,2,1,1,A01
202000046550,1,33,,0,2,7,1,A01
202000046550,0,7,,0,2,3,19,B01
202000046551,2,7,,0,1,1,1,A01
202000046552,0,7,,0,1,1,16,A01
202000046553,1,33,,0,0,2,15,A01
202000046554,1,7,,0,2,3,9,A01
202000046554,2,1,,0,2,7,2,B01
202000046555,1,7,,0,2,1,13,A01
202000046555,2,7,,0,2,1,1,C01
202000046556,2,30,,0,0,0,1,A01
202000046557,1,7,,0,2,1,1,C01
202000046557,1,7,,0,2,1,1,B01
202000046557,2,3,,0,2,7,13,A01
202000046558,2,7,,0,2,3,15,A01
202000046558,1,34,,0,2,8,0,B01
202000046559,1,14,,0,2,6,23,B01
202000046559,1,10,,0,2,2,2,A01
202000046560,0,2,,6,0,1,0,A01
202000046561,2,10,,0,1,4,4,A01
202000046562,1,7,,0,2,7,15,A01
202000046562,2,2,,0,2,1,1,B01
202000046563,1,7,,0,2,1,15,A01
202000046563,2,33,,0,2,1,1,B01
202000046564,1,32,,12,2,8,5,A01
202000046564,2,7,,0,2,3,1,B01
202000046565,2,33,,8,0,3,1,A01
202000046566,3,7,,0,2,2,1,B01
202000046566,3,7,,0,2,5,15,A01
202000046567,0,7,,0,1,1,1,A01
202000046568,2,7,,7,0,3,1,A01
202000046569,1,1,,0,2,1,1,A01
202000046569,2,1,,0,2,1,1,B01
202000046570,2,33,,0,2,0,13,B01
202000046570,1,13,,0,2,0,19,A01
202000046571,2,33,,0,0,8,1,A01
202000046571,2,7,,0,2,7,17,B01
202000046572,1,32,,0,2,1,17,A01
202000046572,1,7,,0,2,5,1,B01
202000046573,1,33,,0,2,1,17,A01
202000046573,2,10,,0,2,5,15,B01
202000046574,2,7,,0,1,1,1,A01
202000046575,1,7,,0,9,4,1,B01
202000046575,1,34,,0,2,1,1,A01
202000046576,1,7,,0,1,2,9,A01
202000046577,1,34,,0,2,7,14,A01
202000046577,1,7,,0,2,8,1,B01
202000046578,1,7,,0,2,2,15,A01
202000046578,2,32,,0,2,3,1,B01
202000046579,1,7,,0,1,0,16,A01
202000046580,2,7,,0,2,4,2,B01
202000046580,2,7,,6,2,1,2,A01
202000046581,3,7,,0,2,3,15,B01
202000046581,1,2,,0,2,1,1,A01
202000046582,1,1,,0,2,1,1,B01
202000046582,2,7,,0,2,3,16,A01
202000046583,3,36,,0,0,0,0,A01