Num_Acc,senc,catv,occutc,obs,obsm,choc,manv,num_veh
202000046584,1,30,,0,2,3,2,B01
202000046584,1,10,,0,2,5,4,A01
202000046585,3,7,,0,1,1,1,A01
202000046586,1,2,,0,2,8,15,A01
202000046586,1,7,,0,2,2,1,B01
202000046587,2,7,,3,0,3,13,A01
202000046588,2,10,,0,2,0,0,B01
202000046588,1,10,,0,2,3,9,A01
202000046589,1,31,,0,0,7,1,A01
202000046590,0,7,,0,0,4,1,C01
202000046590,0,7,,0,2,4,1,B01
202000046590,0,7,,0,2,1,0,A01
202000046591,1,2,,0,2,0,0,B01
202000046591,1,7,,0,2,8,10,A01
202000046592,1,32,,0,2,3,1,B01
202000046592,0,7,,0,2,2,16,A01
202000046593,2,43,,0,2,8,1,B01
202000046593,1,7,,0,2,3,15,A01
202000046594,2,7,,0,2,0,24,B01
202000046594,2,1,,1,0,0,1,A01
202000046595,2,7,,0,1,0,15,A01
202000046596,3,15,,9,0,1,13,A01
202000046597,2,2,,0,2,1,15,B01
202000046597,1,7,,0,2,2,1,A01
202000046598,0,7,,0,2,3,15,A01
202000046598,0,2,,0,2,1,0,B01
202000046599,2,7,,0,2,1,1,B01
202000046599,2,10,,0,2,3,1,A01
202000046600,2,33,,0,0,0,21,C01
202000046600,2,33,,0,2,1,26,B01
202000046600,2,32,,0,2,0,9,A01
202000046601,2,34,,10,0,0,13,A01
202000046602,3,7,,4,0,3,0,A01
202000046603,1,1,,0,2,8,19,A01
202000046603,1,7,,0,2,2,1,B01
202000046604,3,7,,3,0,1,21,A01
202000046604,3,10,,3,0,1,1,B01
202000046605,1,80,,0,0,8,10,A01
202000046606,3,32,,0,2,3,9,B01
202000046606,3,7,,0,2,1,9,A01
202000046607,3,2,,8,0,1,1,A01
202000046608,1,7,,0,2,3,16,B01
202000046608,1,7,,0,2,2,1,A01
202000046609,1,33,,6,0,0,1,A01
202000046610,2,37,1.0,0,2,3,17,A01
202000046610,1,33,,0,2,1,1,B01
202000046611,1,7,,0,2,3,15,B01
202000046611,1,2,,0,2,2,1,A01
202000046612,1,1,,0,2,8,0,B01
202000046612,3,7,,0,2,1,9,A01
202000046613,2,7,,0,2,1,1,B01
202000046613,1,1,,0,2,1,13,A01
202000046614,2,7,,0,1,6,4,A01
202000046615,1,7,,0,2,1,1,A01
202000046615,1,7,,0,2,4,9,B01
202000046616,1,7,,0,0,4,1,A01
202000046616,1,7,,0,2,1,1,B01
202000046617,3,7,,0,2,8,19,A01
202000046617,2,7,,0,2,1,0,B01
202000046618,1,17,,8,0,3,14,A01
202000046619,1,14,,0,0,9,13,A01
202000046620,1,7,,0,2,3,1,A01
202000046620,1,33,,0,2,2,1,B01
202000046621,2,7,,0,2,1,1,C01
202000046621,1,7,,0,2,8,2,B01
202000046621,2,7,,0,2,1,5,A01
202000046622,1,33,,0,0,8,3,A01
202000046623,2,1,,0,2,8,1,B01
202000046623,2,10,,0,2,7,16,Z01
202000046624,2,2,,0,2,1,1,B01
202000046624,2,10,,0,2,3,15,A01
202000046625,3,10,,0,1,4,4,A01
202000046626,2,31,,0,0,8,1,A01
202000046627,2,30,,0,9,1,1,A01
202000046628,1,30,,0,2,2,1,A01
202000046628,1,7,,0,2,3,13,Z01
202000046629,1,34,,0,2,1,1,B01
202000046629,2,7,,0,2,2,15,A01
202000046630,2,7,,0,2,6,1,B01
202000046630,2,17,,0,2,2,12,A01
202000046631,1,1,,0,2,3,1,B01
202000046631,1,7,,0,2,2,17,A01
202000046632,2,34,,0,0,0,0,A01
202000046633,2,1,,0,2,7,12,B01
202000046633,2,33,,0,2,7,1,A01
202000046634,1,7,,0,2,3,10,A01
202000046634,1,33,,1,2,5,1,B01
202000046635,1,17,,3,0,2,1,A01
202000046636,1,1,,1,0,1,1,B01
202000046636,1,7,,0,9,4,23,A01
202000046637,2,1,,12,0,1,12,A01
202000046638,3,33,,0,0,8,1,A01
202000046639,1,50,,0,0,0,14,A01
202000046640,2,7,,0,2,3,15,B01
202000046640,2,33,,0,2,2,17,A01
202000046641,2,1,,0,2,1,19,B01
202000046641,2,7,,15,0,7,16,A01
202000046642,2,7,,1,2,1,1,Z01
202000046642,1,7,,0,2,8,1,B01
202000046643,2,10,,0,2,3,20,A01
202000046643,1,32,,0,2,7,0,B01
202000046644,2,7,,0,2,2,16,A01
202000046644,2,60,,0,2,1,25,B01
202000046645,2,7,,12,0,6,1,A01
202000046646,1,7,,13,0,1,1,A01
202000046647,2,7,,0,2,1,2,B01
202000046647,2,7,,0,0,4,2,A01
202000046648,1,7,,0,2,3,15,B01
202000046648,1,33,,0,2,7,17,A01
202000046649,2,7,,0,0,0,0,A01
202000046650,1,7,,0,2,3,15,A01
202000046650,1,33,,0,2,1,13,B01
202000046651,3,7,,9,0,1,13,A01
202000046652,1,33,,0,0,0,0,A01
202000046653,2,2,,0,2,1,1,B01
202000046653,1,7,,0,2,7,15,A01
202000046654,1,7,,0,2,3,15,A01
202000046654,1,32,,0,2,1,17,B01
202000046655,2,1,,0,0,0,21,A01
202000046656,3,33,,0,2,1,1,B01
202000046656,3,7,,0,2,2,15,A01
202000046657,1,2,,0,2,1,1,A01
202000046657,1,7,,0,2,2,15,B01
202000046658,1,7,,0,2,0,13,Z01
202000046658,1,1,,0,2,2,1,A01
202000046659,1,7,,0,2,8,1,C01
202000046659,1,7,,0,2,8,1,B01
202000046659,2,7,,0,2,1,13,A01
202000046660,1,7,,0,2,0,0,B01
202000046660,2,7,,0,2,2,1,A01
202000046661,1,2,,0,0,2,13,A01
202000046662,1,7,,0,1,2,26,A01
202000046663,2,33,,9,0,2,1,A01
202000046664,2,7,,0,2,3,13,A01
202000046664,1,7,,0,2,3,1,B01
202000046665,3,7,,6,0,1,1,A01
202000046666,2,10,,0,1,2,9,A01
202000046667,1,32,,0,2,3,1,B01
202000046667,1,7,,0,2,3,26,A01
202000046668,3,7,,0,2,1,9,A01
202000046668,3,7,,0,2,5,1,B01
202000046669,0,7,,0,2,2,15,B01
202000046669,0,30,,0,2,1,19,A01
202000046670,1,7,,2,0,9,1,A01
202000046671,1,7,,0,2,3,15,A01
202000046671,1,33,,0,2,1,1,B01
202000046672,2,50,,12,0,1,1,A01
202000046673,2,1,,0,2,8,0,B01
202000046673,1,7,,0,2,1,21,A01
202000046674,2,7,,0,2,1,1,B01
202000046674,1,7,,0,2,6,15,A01
202000046675,1,7,,13,0,1,1,A01
202000046676,1,7,,0,2,1,0,A01
202000046676,1,7,,0,2,4,26,B01
202000046677,1,7,,0,0,4,2,C01
202000046677,1,7,,0,2,1,2,B01
202000046677,1,7,,0,0,5,5,A01
202000046678,2,7,,4,0,1,1,A01
202000046679,1,7,,0,2,4,23,B01
202000046679,1,10,,0,2,1,2,A01
202000046680,1,99,,15,0,1,1,A01
202000046681,1,7,,0,0,4,15,A01
202000046681,1,7,,0,2,1,1,B01
202000046682,3,7,,0,2,1,1,A01
202000046682,3,10,,0,2,8,1,B01
202000046683,-1,7,,0,2,0,1,B01
202000046683,-1,7,,0,0,7,14,A01
202000046684,3,2,,0,0,0,1,A01
202000046685,2,7,,13,0,0,1,A01
202000046686,1,7,,0,2,1,23,C01
202000046686,1,7,,0,2,4,23,B01
202000046686,1,10,,0,2,1,2,A01
202000046686,1,7,,0,2,4,0,D01
202000046687,2,7,,0,2,3,1,A01
202000046687,2,1,,0,2,4,1,B01
202000046688,2,10,,0,1,1,2,A01
202000046689,1,7,,0,2,1,1,C01
202000046689,1,7,,0,2,4,0,B01
202000046689,1,10,,0,0,4,1,A01
202000046690,1,7,,0,9,0,1,B01
202000046690,3,1,,0,2,3,19,A01
202000046691,1,7,,0,2,4,0,A01
202000046691,1,10,,0,2,2,2,B01
202000046692,1,7,,0,0,7,14,A01
202000046693,1,33,,0,2,1,3,B01
202000046693,1,10,,0,2,4,11,A01
202000046694,1,10,,0,2,6,1,B01
202000046694,2,1,,0,2,1,1,A01
202000046695,1,17,,0,2,2,12,B01
202000046695,1,7,,0,2,8,1,A01
202000046696,1,33,,0,2,1,1,A01
202000046696,1,7,,0,2,4,1,B01
202000046697,2,7,,13,0,7,14,A01
202000046698,2,1,,0,0,0,1,A01
202000046699,2,7,,0,2,6,15,A01
202000046699,2,7,,0,2,3,1,B01
202000046700,1,7,,3,2,8,13,A01
202000046700,1,7,,0,2,1,2,B01
202000046701,1,10,,0,2,1,1,B01
202000046701,2,10,,0,1,3,24,C01
202000046701,2,10,,0,2,8,1,A01
202000046702,1,7,,0,2,4,2,B01
202000046702,1,7,,0,2,1,2,A01
202000046703,1,7,,0,2,5,12,A01
202000046703,1,32,,0,2,3,0,B01
202000046704,1,33,,0,2,2,3,A01
202000046704,1,7,,0,2,7,2,B01
202000046705,2,1,,0,0,0,1,A01
202000046706,1,42,,1,2,0,0,B01
202000046706,1,7,,0,2,8,15,A01
202000046707,2,2,,0,2,3,1,A01
202000046707,2,7,,0,2,0,16,B01
202000046708,3,7,,0,2,1,1,B01
202000046708,3,99,,0,2,1,1,A01
202000046709,2,3,,0,0,1,10,B01
202000046709,1,30,,0,0,8,1,A01
202000046710,0,7,,0,2,1,9,A01
202000046710,0,60,,0,2,1,1,Y01
202000046711,1,80,,12,0,1,14,A01
202000046712,1,7,,0,1,2,2,A01
202000046713,0,7,,0,2,3,15,B01
202000046713,1,2,,0,2,1,1,A01
202000046714,2,2,,0,2,1,2,B01
202000046714,2,7,,0,0,4,2,A01
202000046715,1,7,,0,2,4,1,B01
202000046715,1,10,,0,2,2,1,A01
202000046716,1,2,,0,2,8,1,B01
202000046716,1,7,,0,2,1,19,A01
202000046717,2,7,,0,2,1,1,A01
202000046717,2,7,,0,2,1,1,B01
202000046717,2,7,,0,2,4,2,C01
202000046718,1,7,,0,2,1,15,A01
202000046718,1,33,,0,2,8,1,B01
202000046719,2,2,,14,0,1,1,A01
202000046720,2,2,,0,1,1,1,A01
202000046721,2,30,,0,2,3,26,A01
202000046721,1,7,,0,2,3,15,B01
202000046722,3,7,,0,1,2,16,A01
202000046723,1,15,,0,9,5,26,A01
202000046723,1,7,,4,9,7,1,B01
202000046724,0,7,,0,1,7,1,A01
202000046725,1,30,,0,2,1,26,A01
202000046725,1,10,,0,2,2,16,B01
202000046726,2,7,,0,2,7,10,A01
202000046726,2,33,,0,2,1,1,B01
202000046727,2,30,,0,2,2,15,B01
202000046727,1,34,,0,2,3,2,A01
202000046728,2,33,,0,2,1,21,B01
202000046728,2,7,,0,2,3,10,A01
202000046729,3,7,,0,2,2,5,A01
202000046729,3,2,,0,2,1,1,B01
202000046730,1,32,,16,0,2,15,A01
202000046730,2,34,,0,0,2,1,B01
202000046731,3,7,,0,2,8,10,A01
202000046731,3,2,,0,2,1,1,B01
202000046732,1,33,,12,0,1,2,A01
202000046733,0,7,,0,2,2,15,A01
202000046733,0,7,,0,2,3,1,B01
202000046734,1,7,,0,2,6,26,B01
202000046734,1,2,,0,2,1,26,A01
202000046735,3,7,,6,0,1,1,A01
202000046736,2,7,,3,0,2,1,A01
202000046737,1,7,,0,0,0,26,A01
202000046738,1,7,,0,2,0,12,A01
202000046738,2,7,,1,2,1,1,B01
202000046738,2,7,,0,2,6,26,C01
202000046739,2,7,,0,0,0,0,A01
202000046740,1,7,,0,1,2,1,A01
202000046741,2,7,,0,2,2,15,A01
202000046741,2,30,,0,2,3,1,B01
202000046742,2,7,,0,2,2,9,A01
202000046742,3,1,,0,2,7,1,B01
202000046743,1,7,,4,0,0,26,A01
202000046744,3,7,,0,2,3,1,B01
202000046744,3,7,,0,2,1,13,A01
202000046745,1,7,,3,0,1,2,A01
202000046746,1,16,,0,2,4,2,A01
202000046746,1,14,,0,2,4,2,C01
202000046746,1,17,,0,2,1,2,B01
202000046746,1,14,,0,2,1,2,D01
202000046747,2,33,,0,2,8,0,B01
202000046747,2,7,,0,2,6,11,A01
202000046748,2,7,,0,2,9,23,B01
202000046748,2,7,,0,0,4,23,C01
202000046748,2,10,,0,2,1,1,A01
202000046749,3,33,,0,0,0,26,A01
202000046750,1,7,,0,2,4,2,A01
202000046750,1,7,,0,2,4,2,B01
202000046750,1,7,,0,2,1,2,C01
202000046751,1,7,,0,1,1,1,A01
202000046752,1,7,,0,2,1,9,A01
202000046752,1,7,,0,2,4,2,B01
202000046753,1,7,,0,2,1,1,B01
202000046753,2,7,,0,2,4,1,A01
202000046754,1,7,,0,2,3,17,A01
202000046754,2,7,,0,2,3,1,B01
202000046754,1,7,,0,2,8,1,C01
202000046755,3,7,,0,2,3,26,A01
202000046755,3,7,,0,2,5,1,B01
202000046756,1,0,,0,1,1,13,A01
202000046757,2,7,,0,2,1,1,A01
202000046757,1,7,,0,2,1,13,B01
202000046758,1,10,,0,2,7,1,B01
202000046758,2,10,,0,2,1,1,A01
202000046759,3,7,,1,0,3,1,A01
202000046760,1,32,,12,0,4,1,A01
202000046760,1,32,,0,2,1,2,B01
202000046761,3,1,,0,2,1,2,B01
202000046761,0,7,,0,2,4,26,A01
202000046762,3,7,,0,2,7,1,A01
202000046762,3,7,,0,2,1,9,B01
202000046763,1,99,,0,1,0,26,A01
202000046764,2,7,,0,2,2,17,A01
202000046764,2,1,,0,2,8,1,B01
202000046765,1,33,,0,0,0,21,A01
202000046766,2,7,,6,0,1,1,A01
202000046767,1,2,,0,2,2,1,B01
202000046767,2,7,,0,2,3,15,A01
202000046768,1,10,,0,2,2,15,AA01
202000046768,1,32,,0,2,8,3,B01
202000046769,2,10,,0,2,1,1,B01
202000046769,1,7,,0,2,1,13,A01
202000046770,1,7,,0,0,4,2,B01
202000046770,1,20,,0,0,1,2,A01
202000046771,3,2,,0,5,1,0,A01
202000046772,3,7,,0,9,2,19,A01
202000046772,1,1,,0,2,3,1,B01
202000046773,1,34,,0,2,8,0,B01
202000046773,0,7,,0,2,1,2,A01
202000046774,3,2,,0,2,3,1,B01
202000046774,3,7,,0,2,3,15,A01
202000046775,2,7,,4,2,4,2,B01
202000046775,2,7,,4,2,1,13,A01
202000046775,2,7,,4,2,5,2,C01
202000046776,1,7,,13,0,2,14,A01
202000046777,2,30,,0,9,0,1,B01
202000046777,1,7,,8,0,0,1,A01
202000046778,1,2,,3,0,1,0,A01
202000046779,3,30,,0,1,0,2,A01
202000046780,1,7,,0,1,1,26,A01
202000046781,1,15,,0,0,9,1,A01
202000046782,3,7,,0,2,1,1,A01
202000046782,3,7,,0,2,3,1,B01
202000046783,3,7,,0,2,1,16,B01
202000046783,0,10,,0,2,2,1,A01
202000046784,0,1,,0,0,0,1,A01
202000046785,1,1,,0,1,1,26,A01
202000046786,1,20,,0,2,3,1,A01
202000046786,1,20,,0,2,2,1,B01
202000046786,1,20,,0,2,1,2,C01
202000046787,1,33,,0,0,8,1,A01
202000046788,3,7,,0,2,4,2,B01
202000046788,3,7,,0,2,1,2,A01
202000046789,2,34,,0,2,0,1,B01
202000046789,1,7,,0,2,2,1,A01
202000046790,1,10,,0,2,1,26,A01
202000046790,1,10,,0,2,4,1,B01
202000046790,1,10,,0,2,4,1,C01
202000046791,1,7,,0,1,3,15,A01
202000046792,3,33,,9,0,1,9,A01
202000046793,3,7,,8,2,2,15,A01
202000046793,3,7,,8,2,3,1,B01
202000046794,3,7,,1,1,2,1,A01
202000046795,0,7,,10,0,2,14,A01
202000046796,1,7,,0,1,1,1,A01
202000046797,1,2,,1,0,1,13,A01
202000046798,1,33,,0,2,7,1,B01
202000046798,2,7,,0,2,1,9,A01
202000046799,0,30,,0,0,8,1,A01
202000046800,1,7,,13,0,1,14,A01
202000046801,0,7,,0,2,7,0,Z01
202000046801,0,33,,0,2,8,23,A01
202000046802,0,7,,0,2,8,17,B01
202000046802,0,7,,0,2,1,16,A01
202000046803,1,37,1.0,6,0,7,1,A01
202000046804,2,33,,0,2,8,9,B01
202000046804,2,1,,0,2,7,12,A01
202000046805,2,15,,0,0,6,1,B01
202000046805,2,7,,3,2,1,0,A01
202000046806,3,7,,0,2,4,1,B01
202000046807,1,7,,0,1,1,1,A01
202000046808,1,7,,0,1,0,26,A01
202000046809,2,10,,0,2,1,0,B01
202000046809,1,10,,0,2,1,13,A01
202000046810,2,7,,0,2,8,13,A01
202000046810,1,13,,0,2,8,1,B01
202000046811,3,30,,0,9,0,0,A01
202000046812,1,34,,0,2,8,18,A01
202000046812,1,10,,0,2,2,16,B01
202000046813,3,30,,0,2,2,0,A01
202000046813,3,7,,0,2,8,0,B01
202000046814,1,7,,2,0,1,1,A01
202000046815,3,7,,1,0,2,1,A01
202000046816,2,7,,0,2,1,1,B01
202000046816,1,7,,0,2,1,13,A01
202000046817,1,33,,0,0,9,1,A01
202000046818,1,7,,16,0,3,1,A01
202000046819,1,7,,0,2,1,1,A01
202000046819,0,7,,0,2,4,1,B01
202000046820,2,7,,0,2,7,16,A01
202000046820,2,30,,0,2,1,12,B01
202000046821,2,33,,0,2,1,13,A01
202000046821,1,7,,0,2,3,1,B01
202000046822,0,7,,0,1,0,0,A01
202000046823,3,7,,0,2,1,19,A01
202000046823,1,7,,0,0,7,9,B01
202000046824,3,7,,0,9,2,13,A01
202000046824,3,1,,0,2,8,1,B01
202000046825,1,7,,0,1,1,1,A01
202000046826,0,2,,0,1,0,0,A01
202000046827,1,7,,0,2,3,1,A01
202000046827,1,34,,0,2,4,1,B01
202000046828,1,33,,14,9,1,1,A01
202000046829,2,7,,2,0,9,1,A01
202000046830,1,7,,13,0,1,1,A01
202000046831,1,7,,0,2,0,0,B01
202000046831,1,7,,0,2,8,1,D01
202000046831,2,7,,0,0,0,15,Z01
202000046831,1,33,,0,2,1,1,C01
202000046832,1,37,2.0,0,9,3,26,B01
202000046832,2,14,,2,0,2,26,A01
202000046833,2,33,,0,2,1,15,A01
202000046833,2,7,,0,2,1,1,B01
202000046834,2,7,,0,2,1,2,A01
202000046834,2,7,,0,2,4,2,B01
202000046835,2,7,,0,1,1,2,A01
202000046836,3,7,,0,2,3,15,B01
202000046836,3,1,,0,2,2,6,A01
202000046837,3,30,,12,0,7,14,A01
202000046838,3,7,,0,1,2,2,A01
202000046839,1,7,,0,1,3,11,A01
202000046840,1,7,,0,2,1,15,A01
202000046840,2,7,,0,2,1,1,B01
202000046841,1,7,,15,0,8,13,A01
202000046842,3,7,,0,2,7,15,A01
202000046842,3,2,,0,2,1,1,B01
202000046843,1,30,,0,1,1,17,A01
202000046844,1,7,,0,2,1,17,A01
202000046844,2,7,,0,2,1,1,B01
202000046845,2,7,,0,1,4,23,B01
202000046845,2,7,,0,1,4,23,C01
202000046845,2,7,,0,2,1,1,A01
202000046846,2,7,,9,2,1,1,A01
202000046846,1,7,,0,2,1,1,B01
202000046847,3,2,,0,0,0,1,A01
202000046848,2,7,,6,1,5,4,A01
202000046849,2,7,,0,0,8,15,A01
202000046849,2,33,,0,2,1,2,B01
202000046849,1,7,,0,2,6,1,C01
202000046850,2,80,,0,0,0,1,A01
202000046851,2,7,,0,2,7,1,E01
202000046851,2,7,,0,2,3,1,D01
202000046851,2,7,,0,2,3,13,A01
202000046851,1,7,,0,2,3,1,C01
202000046851,1,15,,0,2,6,1,B01
202000046852,2,7,,0,2,1,21,B01
202000046852,1,7,,0,2,1,13,A01
202000046853,1,33,,0,2,7,1,B01
202000046853,1,7,,0,2,3,9,A01
202000046854,1,7,,0,2,1,1,B01
202000046854,2,80,,0,2,1,26,A01
202000046855,2,7,,0,1,3,1,A01
202000046856,2,7,,8,0,7,1,A01
202000046857,1,7,,0,2,2,1,A01
202000046857,1,2,,0,2,1,1,B01
202000046858,3,7,,13,0,3,1,A01
202000046859,1,10,,0,1,2,15,A01
202000046860,0,2,,0,0,0,16,A01
202000046861,3,30,,0,2,1,26,A01
202000046861,3,7,,0,2,4,1,B01
202000046862,3,33,,0,9,0,1,A01
202000046863,2,7,,13,0,2,21,A01
202000046864,1,30,,0,1,1,1,A01
202000046865,1,7,,0,2,5,2,C01
202000046865,1,7,,0,2,4,2,B01
202000046865,1,10,,0,2,1,2,A01
202000046866,2,2,,0,2,1,1,B01
202000046866,1,7,,0,2,2,15,A01
202000046867,3,7,,6,0,1,13,A01
202000046868,2,7,,0,2,3,9,A01
202000046868,1,33,,0,2,1,1,B01
202000046869,2,33,,3,0,1,1,A01
202000046870,2,30,,8,0,1,1,A01
202000046871,1,7,,13,0,1,1,A01
202000046872,1,7,,0,1,1,1,A01
202000046873,3,30,,12,0,0,0,A01
202000046874,2,7,,0,2,1,2,A01
202000046874,1,7,,0,2,4,2,B01
202000046875,1,10,,0,2,7,1,A01
202000046875,1,1,,0,0,0,1,B01
202000046876,1,32,,0,2,1,13,A01
202000046876,1,7,,0,2,8,1,B01
202000046877,1,7,,0,1,1,1,A01
202000046878,0,31,,0,2,7,26,B01
202000046878,3,7,,0,2,2,9,A01
202000046879,1,7,,0,1,0,0,Z01
202000046880,1,2,,4,0,0,13,A01
202000046881,1,1,,14,0,1,21,B01
202000046881,2,7,,0,0,1,1,A01
202000046881,2,7,,0,2,6,23,C01
202000046882,1,7,,0,1,1,9,A01
202000046883,3,7,,0,2,3,1,B01
202000046883,3,2,,0,2,1,1,A01
202000046884,2,2,,0,0,8,21,A01
202000046885,2,7,,15,1,8,26,A01
202000046886,3,7,,0,2,1,9,A01
202000046886,3,2,,0,2,2,2,B01
202000046887,2,10,,0,2,5,1,B01
202000046887,2,7,,13,2,3,0,A01
202000046888,1,33,,13,0,1,13,A01
202000046889,3,7,,0,1,2,15,A01
202000046890,1,7,,0,0,0,0,A01
202000046891,1,33,,0,0,8,1,A01
202000046892,1,2,,0,2,3,1,B01
202000046892,3,7,,0,2,1,19,A01
202000046893,1,7,,0,1,1,1,A01
202000046894,1,2,,0,0,0,1,A01
202000046895,3,1,,0,2,3,19,B01
202000046895,2,7,,0,9,2,1,A01
202000046896,1,7,,0,2,1,19,A01
202000046896,1,7,,0,2,7,1,B01
202000046897,3,10,,0,9,5,12,A01
202000046897,3,1,,0,2,1,1,B01
202000046898,2,21,,0,2,3,15,A01
202000046898,2,7,,2,2,1,17,B01
202000046899,2,7,,0,2,5,23,B01
202000046899,2,7,,0,2,2,2,A01
202000046900,2,7,,13,0,2,1,A01
202000046901,0,7,,0,2,4,1,B01
202000046901,0,10,,0,2,1,1,A01
202000046902,3,1,,12,0,2,14,A01
202000046903,1,7,,2,0,1,0,A01
202000046904,0,7,,0,9,3,16,A01
202000046904,0,1,,0,2,1,1,B01
202000046905,2,7,,0,2,4,20,C01
202000046905,2,7,,0,2,4,1,B01
202000046905,2,7,,0,2,1,1,A01
202000046906,1,7,,0,0,1,1,A01
202000046906,1,14,,0,0,4,2,B01
202000046907,1,7,,0,2,1,1,B01
202000046907,1,7,,0,1,1,1,A01
202000046908,3,7,,0,2,1,1,A01
202000046908,3,7,,0,2,1,1,B01
202000046908,3,7,,0,2,4,1,C01
202000046909,3,60,,0,2,6,26,B01
202000046909,2,7,,0,2,6,0,A01
202000046910,1,17,,3,2,3,1,B01
202000046910,2,7,,0,2,1,1,A01
202000046910,2,17,,0,2,1,1,C01
202000046911,1,2,,0,2,3,2,B01
202000046911,1,7,,0,2,2,16,A01
202000046912,2,7,,0,0,6,2,B01
202000046912,2,7,,0,0,2,14,A01
202000046913,0,17,,0,1,1,20,A01
202000046914,0,7,,0,1,7,16,A01
202000046915,2,7,,0,1,3,1,A01
202000046916,1,33,,0,2,1,17,B01
202000046916,1,15,,0,2,4,15,A01
202000046917,1,7,,0,2,7,1,B01
202000046917,1,7,,0,2,4,1,A01
202000046918,2,7,,0,1,1,1,A01
202000046919,3,7,,0,1,1,1,A01
202000046920,1,7,,0,1,2,1,A01
202000046921,1,33,,3,0,7,1,A01
202000046922,2,14,,0,2,4,23,C01
202000046922,1,14,,0,2,1,2,A01
202000046922,2,7,,0,2,4,23,B01
202000046923,1,17,,0,0,4,2,C01
202000046923,1,7,,0,2,1,2,D01
202000046923,1,7,,3,0,1,1,B01
202000046923,1,17,,0,0,5,2,A01
202000046924,1,37,1.0,3,0,2,1,A01
202000046925,1,1,,0,2,2,26,A01
202000046925,2,10,,0,2,3,1,B01
202000046926,1,14,,0,0,1,1,B01
202000046926,1,7,,3,0,7,17,A01
202000046927,2,7,,6,0,1,16,A01
202000046928,1,38,1.0,0,2,3,21,B01
202000046928,2,3,,0,2,1,13,A01
202000046929,1,1,,0,0,7,1,A01
202000046930,0,33,,8,0,0,16,A01
202000046931,2,33,,0,2,1,1,A01
202000046931,2,7,,0,2,6,1,D01
202000046931,2,7,,0,2,5,2,B01
202000046931,2,33,,0,2,0,2,C01
202000046932,2,7,,1,0,2,21,A01
202000046933,3,33,,0,2,1,1,A01
202000046933,3,7,,0,2,2,1,B01
202000046934,3,10,,0,2,8,1,B01
202000046934,1,7,,0,2,1,13,A01
202000046935,1,7,,0,2,8,16,B01
202000046935,1,33,,0,2,1,1,A01
202000046936,1,7,,0,2,4,2,B01
202000046936,1,7,,0,2,4,2,C01
202000046936,1,7,,0,2,1,2,A01
202000046937,0,7,,0,1,3,26,A01
202000046938,1,7,,0,1,6,4,A01
202000046939,2,7,,0,2,4,2,D01
202000046939,2,10,,0,2,4,2,C01
202000046939,2,7,,0,2,4,2,B01
202000046939,2,10,,0,2,1,2,A01
202000046940,1,7,,0,2,3,15,B01
202000046940,1,30,,0,2,2,17,A01
202000046941,2,7,,13,0,9,1,A01
202000046942,2,30,,1,0,7,14,A01
202000046943,2,2,,0,0,1,1,A01
202000046944,3,2,,0,2,1,1,A01
202000046944,3,10,,0,2,4,4,B01
202000046945,3,1,,12,0,0,14,A01
202000046946,1,7,,0,2,7,2,B01
202000046946,1,7,,0,2,1,1,A01
202000046947,3,2,,16,0,0,26,A01
202000046947,0,2,,1,0,1,2,B01
202000046948,2,7,,0,2,1,15,B01
202000046948,1,31,,0,2,1,1,A01
202000046949,1,7,,3,0,9,1,A01
202000046950,1,0,,0,2,1,1,B01
202000046950,1,1,,0,0,0,26,A01
202000046951,1,1,,0,2,7,0,B01
202000046951,1,7,,0,9,1,9,A01
202000046952,2,33,,0,2,2,2,A01
202000046952,2,7,,0,2,6,2,B01
202000046953,1,7,,0,9,2,22,A01
202000046953,1,1,,1,2,2,21,B01
202000046954,2,7,,6,0,8,14,A01
202000046955,1,7,,6,0,1,13,A01
202000046956,2,7,,0,1,1,1,A01
202000046957,1,7,,0,2,4,15,B01
202000046957,1,2,,0,2,1,2,A01
202000046958,1,2,,0,0,7,1,A01
202000046959,1,31,,0,0,2,1,A01
202000046960,1,7,,0,2,1,2,A01
202000046960,1,7,,0,2,4,2,B01
202000046961,1,7,,0,2,2,17,B01
202000046961,1,7,,0,2,3,15,A01
202000046962,2,33,,0,0,1,1,B01
202000046962,2,7,,0,0,3,9,A01
202000046963,3,1,,0,9,0,1,A01
202000046964,1,7,,3,0,1,26,A01
202000046965,3,7,,0,9,7,9,A01
202000046965,3,1,,0,2,3,2,B01
202000046966,1,30,,0,9,2,1,A01
202000046967,1,7,,14,1,1,1,A01
202000046968,1,2,,0,0,0,1,A01
202000046969,1,7,,0,2,4,1,B01
202000046969,1,7,,0,2,1,1,A01
202000046970,1,7,,0,0,9,13,A01
202000046971,3,7,,0,2,3,0,B01
202000046971,3,7,,0,1,1,0,A01
202000046972,0,7,,0,2,3,0,Z01
202000046972,0,30,,0,2,1,1,B01
202000046973,2,7,,0,2,3,1,C01
202000046973,1,33,,0,2,7,17,B01
202000046973,1,33,,0,2,6,17,A01
202000046974,2,7,,0,2,1,5,A01
202000046974,1,7,,0,0,7,1,B01
202000046975,3,7,,0,1,1,16,A01
202000046976,0,7,,7,2,1,2,A01
202000046976,0,10,,0,2,0,0,B01
202000046977,1,7,,0,2,3,1,B01