Num_Acc,senc,catv,occutc,obs,obsm,choc,manv,num_veh
202000046977,2,7,,0,2,3,13,A01
202000046978,2,7,,0,2,2,1,C01
202000046978,2,7,,0,2,1,13,A01
202000046978,1,7,,0,2,1,1,B01
202000046979,1,7,,0,2,1,15,A01
202000046979,2,2,,0,2,1,1,B01
202000046980,1,33,,1,2,0,0,B01
202000046980,1,7,,0,2,0,15,A01
202000046981,2,7,,0,2,1,2,A01
202000046981,2,7,,0,2,4,1,B01
202000046982,2,7,,0,2,7,1,A01
202000046982,1,7,,0,2,2,1,B01
202000046983,2,2,,1,0,0,1,A01
202000046984,1,7,,1,0,1,0,A01
202000046984,3,7,,0,2,0,0,B01
202000046985,1,7,,0,0,5,15,A01
202000046985,2,7,,0,0,2,1,B01
202000046986,2,7,,0,1,2,0,A01
202000046987,1,7,,0,2,2,0,A01
202000046987,2,2,,0,2,1,0,B01
202000046988,1,7,,2,0,1,0,A01
202000046989,1,7,,0,2,3,13,A01
202000046989,2,33,,0,2,8,1,B01
202000046990,1,10,,13,0,3,1,A01
202000046991,2,34,,0,2,1,5,B01
202000046991,1,7,,0,2,2,15,A01
202000046992,3,7,,1,0,5,1,A01
202000046993,2,1,,0,0,4,1,B01
202000046993,2,7,,0,2,2,17,A01
202000046994,3,30,,0,1,1,1,A01
202000046995,1,10,,0,1,4,1,A01
202000046996,2,34,,0,2,1,5,A01
202000046996,1,7,,0,2,3,1,B01
202000046997,1,7,,6,2,1,13,A01
202000046998,1,7,,0,1,3,1,A01
202000046999,1,7,,0,2,7,26,Z01
202000046999,2,31,,0,2,1,1,A01
202000047000,3,7,,0,2,1,19,A01
202000047000,3,7,,0,2,8,9,B01
202000047001,2,3,,0,2,1,1,A01
202000047001,1,7,,0,2,4,1,B01
202000047002,2,7,,0,0,6,2,A01
202000047002,2,3,,0,2,0,2,B01
202000047003,0,32,,12,0,1,26,A01
202000047004,1,30,,0,2,1,15,A01
202000047004,3,7,,0,2,7,1,B01
202000047005,3,30,,0,2,1,1,A01
202000047005,-1,0,,-1,-1,-1,-1,B01
202000047006,2,7,,0,2,8,1,B01
202000047006,2,7,,4,2,8,2,A01
202000047007,1,7,,0,1,1,26,A01
202000047008,1,7,,0,2,1,1,A01
202000047008,1,7,,0,2,4,1,B01
202000047009,1,30,,0,2,8,2,A01
202000047009,1,31,,0,2,7,2,B01
202000047010,2,7,,0,2,1,1,A01
202000047010,2,7,,0,2,4,1,B01
202000047011,1,1,,0,2,8,1,B01
202000047011,3,7,,0,2,1,16,A01
202000047012,3,7,,6,0,1,19,A01
202000047013,2,10,,0,1,2,1,A01
202000047014,3,7,,0,1,3,16,A01
202000047015,0,2,,11,0,1,1,A01
202000047016,2,7,,0,2,1,13,A01
202000047016,1,7,,5,2,3,1,B01
202000047017,1,10,,0,2,1,2,B01
202000047017,1,10,,0,2,4,2,A01
202000047018,2,7,,0,1,3,1,A01
202000047019,1,7,,0,2,8,0,B01
202000047019,1,33,,0,2,7,3,A01
202000047020,2,33,,5,0,2,14,A01
202000047021,1,38,2.0,0,2,5,16,B01
202000047021,3,10,,0,2,3,9,A01
202000047022,1,7,,0,2,6,9,B01
202000047022,1,13,,0,2,6,14,A01
202000047023,2,7,,0,0,1,0,A01
202000047024,0,32,,0,2,1,15,A01
202000047024,0,7,,0,2,8,1,B01
202000047025,3,7,,1,0,2,14,A01
202000047025,3,17,,1,0,6,24,B01
202000047026,1,7,,12,0,1,0,A01
202000047026,1,7,,0,2,3,1,B01
202000047027,1,10,,0,1,1,1,A01
202000047028,2,7,,0,2,4,0,C01
202000047028,2,7,,0,2,8,9,A01
202000047028,2,1,,0,2,4,1,B01
202000047029,1,7,,0,2,3,10,A01
202000047029,3,30,,0,2,1,1,B01
202000047030,1,7,,0,2,3,18,A01
202000047030,1,33,,0,2,5,16,B01
202000047031,1,13,,0,2,5,1,A01
202000047031,1,37,1.0,0,2,6,23,C01
202000047031,1,1,,0,2,9,13,B01
202000047032,3,7,,0,9,3,26,A01
202000047032,3,1,,0,2,2,19,B01
202000047033,3,7,,2,0,3,0,A01
202000047034,3,7,,0,1,0,0,A01
202000047035,2,7,,0,2,1,1,B01
202000047035,1,7,,0,2,1,13,A01
202000047036,2,7,,0,2,1,1,B01
202000047036,2,10,,0,2,4,1,A01
202000047037,2,7,,0,2,1,1,A01
202000047037,2,7,,0,2,4,23,B01
202000047038,1,7,,0,2,1,1,A01
202000047038,2,7,,0,2,1,23,B01
202000047039,2,10,,6,0,1,1,A01
202000047040,2,7,,0,2,1,1,B01
202000047040,1,7,,0,2,1,13,A01
202000047041,2,37,2.0,0,2,1,1,B01
202000047041,3,7,,0,2,3,19,A01
202000047042,1,7,,0,2,4,1,B01
202000047042,1,15,,0,2,1,2,A01
202000047043,2,7,,0,2,6,1,B01
202000047043,2,15,,0,2,2,12,A01
202000047044,1,10,,0,1,1,1,A01
202000047045,3,7,,7,0,8,1,A01
202000047046,2,7,,0,2,1,2,A01
202000047046,2,7,,0,2,4,23,B01
202000047047,2,30,,4,0,7,16,A01
202000047048,2,1,,0,2,8,1,A01
202000047048,1,7,,0,2,1,1,B01
202000047049,1,33,,7,0,7,1,A01
202000047050,2,33,,0,2,1,1,B01
202000047050,2,7,,0,2,4,1,C01
202000047051,1,10,,3,0,3,9,A01
202000047052,0,30,,0,2,5,2,A01
202000047052,0,7,,0,2,5,20,Z01
202000047053,0,31,,0,9,1,13,A01
202000047054,1,7,,0,2,1,1,A01
202000047054,1,7,,0,2,6,9,B01
202000047054,1,15,,0,2,5,1,C01
202000047055,1,7,,0,0,0,9,A01
202000047056,2,7,,4,0,6,1,A01
202000047056,2,7,,0,0,1,14,B01
202000047057,1,14,,0,2,1,22,Z01
202000047057,1,1,,0,2,0,1,A01
202000047058,3,15,,0,1,2,26,A01
202000047059,1,7,,1,0,9,1,A01
202000047059,1,7,,1,0,0,0,C01
202000047059,1,7,,1,0,6,0,B01
202000047060,2,7,,0,2,4,0,B01
202000047060,2,7,,0,2,1,2,A01
202000047061,2,15,,0,2,4,0,B01
202000047061,2,15,,0,2,1,1,A01
202000047062,1,7,,12,0,9,26,A01
202000047063,2,33,,0,0,1,1,A01
202000047064,2,7,,2,0,1,1,A01
202000047065,2,7,,3,0,1,13,A01
202000047066,1,10,,0,1,2,1,A01
202000047067,2,33,,0,0,8,16,A01
202000047068,0,31,,0,0,0,21,A01
202000047069,3,1,,0,0,0,1,A01
202000047070,0,7,,0,2,2,15,A01
202000047070,0,32,,0,2,1,1,B01
202000047071,2,7,,0,0,9,1,A01
202000047072,2,7,,4,0,1,1,A01
202000047073,3,7,,0,2,4,2,B01
202000047073,3,7,,0,2,1,2,A01
202000047074,2,7,,8,0,3,1,A01
202000047075,1,7,,13,0,1,1,A01
202000047076,2,7,,3,2,2,1,A01
202000047076,2,17,,0,2,6,2,B01
202000047077,1,7,,0,2,3,9,B01
202000047077,3,7,,15,2,2,12,A01
202000047078,1,33,,0,2,8,3,A01
202000047078,2,7,,0,2,0,1,Z01
202000047079,1,1,,0,2,1,1,B01
202000047079,1,7,,0,2,2,16,A01
202000047080,1,33,,5,0,3,2,A01
202000047081,1,31,,0,2,1,1,B01
202000047081,1,10,,0,2,6,10,A01
202000047082,0,7,,0,1,3,1,A01
202000047083,2,30,,0,0,0,1,A01
202000047084,1,7,,4,0,3,1,A01
202000047085,2,15,,3,2,2,2,A01
202000047085,2,7,,3,2,4,2,B01
202000047086,3,7,,0,2,2,21,A01
202000047086,0,50,,0,2,4,11,B01
202000047087,2,7,,0,2,1,2,A01
202000047087,2,7,,0,2,4,23,B01
202000047088,3,7,,0,2,1,1,B01
202000047088,3,7,,0,2,1,1,A01
202000047089,2,7,,4,0,1,14,A01
202000047090,1,50,,0,2,4,23,A01
202000047090,1,1,,0,2,0,2,Z01
202000047091,1,7,,2,0,7,0,A01
202000047092,1,7,,0,2,1,1,B01
202000047092,1,7,,4,2,4,2,A01
202000047093,1,7,,3,0,1,9,A01
202000047094,1,7,,0,1,0,16,Z01
202000047095,2,33,,0,2,2,26,A01
202000047095,2,7,,0,0,5,1,B01
202000047096,2,7,,15,0,1,1,A01
202000047097,0,7,,0,2,1,13,A01
202000047097,0,7,,0,2,1,1,B01
202000047098,1,10,,0,1,7,15,A01
202000047099,1,7,,0,2,3,1,B01
202000047099,1,33,,0,2,3,13,A01
202000047100,2,33,,3,0,1,1,A01
202000047101,1,1,,0,1,7,1,A01
202000047102,1,30,,12,0,1,14,A01
202000047103,1,7,,2,0,3,0,A01
202000047104,2,7,,1,0,7,1,A01
202000047105,1,33,,0,2,4,2,D01
202000047105,1,7,,0,2,1,2,A01
202000047105,1,7,,0,2,4,2,C01
202000047105,1,7,,0,2,4,2,B01
202000047106,3,7,,0,1,1,1,A01
202000047107,2,7,,4,0,1,1,A01
202000047108,1,7,,0,2,8,1,B01
202000047108,2,7,,0,2,3,5,A01
202000047109,1,7,,0,2,1,17,B01
202000047109,2,7,,0,2,1,1,A01
202000047110,2,7,,1,0,2,0,A01
202000047111,3,10,,0,2,4,26,B01
202000047111,3,10,,0,2,1,26,A01
202000047112,1,32,,0,2,1,2,A01
202000047112,1,7,,0,2,4,2,B01
202000047113,2,7,,0,2,1,13,A01
202000047113,1,7,,0,2,1,1,B01
202000047114,1,7,,3,0,8,13,A01
202000047115,1,1,,0,2,1,13,A01
202000047115,2,1,,0,2,1,1,B01
202000047116,2,7,,0,2,3,16,A01
202000047116,2,7,,0,2,6,1,B01
202000047117,2,33,,8,0,0,1,A01
202000047118,3,1,,0,2,1,1,B01
202000047118,3,7,,0,9,3,15,A01
202000047119,2,7,,3,2,4,1,C01
202000047119,2,7,,0,2,3,1,B01
202000047119,2,7,,0,2,2,14,A01
202000047120,1,7,,0,2,3,13,A01
202000047120,2,7,,0,2,1,1,B01
202000047120,2,7,,0,2,2,2,C01
202000047121,1,32,,0,2,3,17,A01
202000047121,1,7,,0,2,8,1,B01
202000047122,2,33,,0,2,7,17,B01
202000047122,2,7,,0,2,8,13,A01
202000047123,2,2,,7,0,7,16,A01
202000047124,2,37,1.0,0,2,2,17,B01
202000047124,2,1,,0,2,3,13,A01
202000047125,1,7,,0,2,1,1,B01
202000047125,2,7,,0,2,1,10,Z01
202000047126,2,7,,0,2,3,19,A01
202000047126,2,7,,0,2,1,1,B01
202000047127,1,33,,0,1,0,1,A01
202000047128,3,7,,0,2,7,2,A01
202000047128,1,1,,0,2,8,2,B01
202000047129,2,7,,0,2,4,2,C01
202000047129,2,7,,0,2,5,23,B01
202000047129,2,7,,14,0,1,2,A01
202000047130,1,7,,0,1,2,1,A01
202000047131,1,7,,0,2,3,9,A01
202000047131,2,50,,0,2,0,1,B01
202000047132,1,7,,0,0,3,1,A01
202000047132,1,1,,0,0,4,1,B01
202000047133,2,7,,14,1,1,1,B01
202000047133,2,7,,0,2,4,23,A01
202000047134,1,7,,0,0,8,1,A01
202000047135,2,33,,0,0,7,1,A01
202000047136,2,2,,12,0,7,17,A01
202000047136,2,10,,0,0,0,23,B01
202000047137,1,10,,0,2,1,14,A01
202000047137,1,7,,0,2,1,1,B01
202000047138,1,7,,0,2,1,1,A01
202000047138,1,7,,0,2,4,1,B01
202000047139,2,7,,0,0,1,26,A01
202000047140,2,7,,0,2,6,1,A01
202000047140,1,7,,0,2,1,1,Z01
202000047141,1,33,,9,0,8,12,A01
202000047142,1,7,,6,0,3,22,A01
202000047143,2,14,,0,0,2,14,A01
202000047144,1,7,,2,0,9,1,A01
202000047145,1,30,,0,2,0,1,B01
202000047145,1,7,,0,2,0,15,A01
202000047146,1,7,,7,0,5,1,A01
202000047147,2,7,,0,2,4,2,E01
202000047147,2,10,,0,2,1,2,A01
202000047147,2,7,,0,2,4,2,B01
202000047147,2,7,,0,2,4,2,C01
202000047147,2,7,,0,2,4,2,D01
202000047147,2,7,,0,2,4,2,F01
202000047148,3,7,,0,1,7,1,A01
202000047149,1,7,,15,0,3,21,A01
202000047150,2,10,,0,2,6,11,B01
202000047150,2,33,,0,2,1,3,A01
202000047151,2,31,,0,0,8,1,A01
202000047152,3,14,,0,2,2,14,A01
202000047152,3,7,,0,2,8,1,B01
202000047153,1,10,,0,2,8,17,A01
202000047153,1,10,,0,2,2,1,B01
202000047154,2,2,,0,0,0,1,A01
202000047155,1,2,,0,2,2,1,B01
202000047155,2,7,,0,2,2,10,A01
202000047156,0,40,,0,1,1,1,A01
202000047157,2,7,,0,2,3,1,B01
202000047157,2,7,,0,2,2,1,A01
202000047158,3,7,,0,2,1,1,A01
202000047158,3,7,,0,2,4,1,B01
202000047159,1,1,,0,2,0,17,B01
202000047159,1,7,,0,2,8,22,A01
202000047160,1,7,,0,2,2,1,A01
202000047160,2,7,,0,2,7,0,B01
202000047161,1,7,,0,1,4,4,A01
202000047162,0,7,,0,2,5,17,A01
202000047162,0,21,,0,2,3,2,B01
202000047163,1,7,,0,2,9,26,A01
202000047164,1,7,,0,2,9,1,A01
202000047164,2,7,,0,2,1,1,B01
202000047165,1,50,,0,2,7,19,A01
202000047165,1,32,,0,2,1,1,Z01
202000047166,2,14,,0,9,6,1,C01
202000047166,2,7,,0,2,4,1,B01
202000047166,2,31,,0,2,1,1,A01
202000047167,1,7,,0,2,2,16,B01
202000047167,1,30,,0,2,1,1,A01
202000047168,3,7,,0,1,1,1,A01
202000047169,1,7,,0,0,6,23,A01
202000047169,1,7,,0,2,2,2,B01
202000047170,1,7,,0,2,1,2,A01
202000047170,1,10,,0,2,4,2,B01
202000047170,1,7,,0,2,0,2,C01
202000047171,3,7,,1,0,6,26,B01
202000047171,3,7,,1,0,7,14,A01
202000047172,2,7,,1,0,1,1,A01
202000047173,2,17,,0,2,0,0,Z01
202000047173,1,7,,14,0,2,1,B01
202000047173,1,7,,0,2,0,0,A01
202000047174,1,30,,0,2,7,17,A01
202000047174,2,10,,0,2,8,15,B01
202000047175,1,7,,1,0,4,9,A01
202000047176,1,33,,0,2,2,17,A01
202000047176,1,7,,0,2,3,15,B01
202000047177,2,31,,0,2,1,13,B01
202000047177,1,7,,0,2,2,15,A01
202000047178,3,7,,14,0,3,1,Z01
202000047179,0,7,,0,9,2,9,A01
202000047179,0,1,,0,2,3,1,B01
202000047180,1,7,,0,2,1,0,C01
202000047180,1,7,,0,2,4,26,B01
202000047180,1,7,,0,0,0,0,A01
202000047181,3,1,,0,2,1,1,A01
202000047181,3,1,,0,2,1,1,B01
202000047182,1,7,,0,2,1,1,A01
202000047182,1,7,,0,2,4,23,B01
202000047182,1,7,,0,2,4,16,C01
202000047183,1,7,,0,1,2,15,A01
202000047184,1,1,,0,2,3,1,Y01
202000047184,1,7,,0,9,2,15,A01
202000047185,1,10,,0,2,1,1,B01
202000047185,1,10,,0,2,1,5,A01
202000047186,2,7,,0,2,2,1,A01
202000047186,2,7,,0,2,8,9,B01
202000047187,2,7,,1,1,1,1,A01
202000047188,2,50,,0,2,1,1,B01
202000047188,2,7,,0,2,8,22,A01
202000047189,1,7,,0,2,1,1,A01
202000047189,1,7,,0,0,4,23,B01
202000047190,2,7,,0,2,6,26,A01
202000047190,1,33,,0,2,1,26,B01
202000047191,2,7,,0,2,1,1,B01
202000047191,1,7,,0,2,7,15,A01
202000047192,2,7,,0,1,2,1,A01
202000047193,2,7,,0,2,1,1,A01
202000047193,2,1,,0,2,4,1,B01
202000047194,1,37,1.0,0,2,5,17,A01
202000047194,1,50,,0,2,0,2,B01
202000047195,1,7,,0,9,1,14,A01
202000047195,1,7,,0,9,2,1,B01
202000047196,0,7,,4,2,1,1,A01
202000047196,0,14,,0,2,3,1,B01
202000047197,1,32,,0,2,8,15,B01
202000047197,1,7,,0,2,2,1,A01
202000047198,2,7,,0,2,4,2,B01
202000047198,2,14,,0,2,1,2,A01
202000047199,1,31,,0,2,3,1,B01
202000047199,1,7,,9,0,2,19,A01
202000047200,1,33,,0,2,1,1,B01
202000047200,2,50,,0,2,8,1,A01
202000047201,1,10,,0,2,1,1,B01
202000047201,1,10,,0,2,1,1,C01
202000047201,2,7,,0,2,2,13,A01
202000047202,2,7,,0,2,1,1,A01
202000047202,2,1,,0,2,7,1,B01
202000047203,1,7,,2,0,2,1,A01
202000047204,1,1,,0,1,1,1,A01
202000047205,3,33,,0,2,1,1,B01
202000047205,3,7,,0,2,5,12,A01
202000047206,1,7,,0,1,1,1,A01
202000047207,1,2,,0,2,1,1,B01
202000047207,2,7,,0,2,7,15,A01
202000047208,3,7,,0,1,6,26,A01
202000047209,1,33,,0,2,4,23,D01
202000047209,1,34,,0,2,7,23,C01
202000047209,1,7,,0,2,9,23,B01
202000047209,1,7,,0,2,1,1,A01
202000047210,2,7,,0,2,1,13,B01
202000047210,1,7,,0,2,1,1,A01
202000047211,1,7,,0,0,3,13,A01
202000047211,2,7,,0,0,3,1,B01
202000047212,1,7,,0,2,3,10,A01
202000047212,1,32,,0,2,2,2,B01
202000047213,1,7,,0,2,7,1,C01
202000047213,1,7,,0,2,4,2,B01
202000047213,1,7,,5,2,2,2,A01
202000047214,1,7,,2,0,1,26,A01
202000047215,2,30,,8,0,2,14,A01
202000047216,1,30,,0,9,0,0,A01
202000047217,1,33,,13,0,1,13,A01
202000047218,1,30,,0,0,7,26,A01
202000047219,0,1,,0,2,1,15,A01
202000047219,0,7,,0,2,3,1,B01
202000047220,3,10,,0,1,1,20,A01
202000047221,2,30,,0,1,1,21,A01
202000047222,0,36,,14,0,2,1,A01
202000047223,1,30,,0,0,7,21,A01
202000047224,2,7,,0,1,0,1,A01
202000047225,2,37,1.0,0,2,5,2,B01
202000047225,2,50,,0,2,1,9,A01
202000047226,1,7,,0,2,3,15,B01
202000047226,1,2,,0,2,1,17,A01
202000047227,0,7,,0,2,1,0,A01
202000047227,0,7,,0,2,4,0,B01
202000047228,2,7,,0,1,3,1,A01
202000047229,0,1,,1,0,2,1,B01
202000047229,3,7,,0,9,3,22,A01
202000047230,1,7,,0,2,1,1,A01
202000047230,1,7,,0,2,4,1,B01
202000047230,1,7,,0,2,4,1,C01
202000047231,1,7,,1,0,4,2,B01
202000047231,1,7,,0,2,1,2,A01
202000047232,2,30,,0,2,1,18,B01
202000047232,2,7,,0,2,2,16,A01
202000047233,1,15,,0,2,1,19,A01
202000047233,1,7,,4,2,8,1,B01
202000047234,3,33,,0,1,0,1,A01
202000047235,2,32,,0,1,1,1,A01
202000047236,1,33,,0,2,1,1,B01
202000047236,2,10,,0,2,2,15,A01
202000047237,2,10,,0,2,8,10,A01
202000047237,2,33,,0,2,8,21,B01
202000047238,1,7,,0,2,4,2,E01
202000047238,1,10,,0,2,1,2,D01
202000047238,1,7,,0,2,1,2,B01
202000047238,1,7,,0,2,1,2,A01
202000047239,3,32,,12,0,2,26,A01
202000047240,2,7,,0,9,2,1,B01
202000047240,1,30,,0,2,1,13,A01
202000047241,1,7,,0,2,4,2,B01
202000047241,1,7,,0,2,1,2,A01
202000047242,3,7,,0,2,1,1,B01
202000047242,3,7,,0,2,8,19,A01
202000047243,2,1,,0,2,1,19,B01
202000047243,1,7,,0,2,2,1,A01
202000047244,0,7,,0,2,4,2,B01
202000047244,0,2,,0,2,1,2,A01
202000047245,3,7,,8,0,1,13,A01
202000047246,2,7,,0,2,1,15,B01
202000047246,1,1,,0,2,8,17,A01
202000047247,3,7,,0,2,1,9,B01
202000047247,3,7,,0,2,3,9,A01
202000047248,1,32,,0,2,1,9,Z01
202000047248,1,1,,0,2,1,9,Y01
202000047249,3,33,,0,2,2,12,A01
202000047249,0,7,,0,2,6,0,B01
202000047250,2,7,,3,0,1,21,A01
202000047251,3,7,,6,0,1,1,A01
202000047252,1,7,,13,0,9,1,A01
202000047253,2,7,,0,1,3,1,A01
202000047254,0,33,,0,0,8,1,A01
202000047255,1,7,,0,2,3,15,A01
202000047255,1,32,,0,2,2,1,B01
202000047256,1,33,,0,2,1,21,C01
202000047256,1,7,,0,2,4,21,B01
202000047256,2,10,,0,2,2,9,A01
202000047257,1,99,,0,1,2,9,A01
202000047258,2,7,,0,-1,8,15,A01
202000047258,2,40,,0,2,1,1,B01
202000047259,1,7,,0,2,7,2,A01
202000047259,1,1,,0,2,8,2,B01
202000047260,1,99,,0,1,1,1,A01
202000047261,3,7,,0,2,3,1,B01
202000047261,3,33,,0,2,1,15,A01
202000047262,2,31,,0,2,7,26,A01
202000047262,1,7,,0,2,3,19,B01
202000047263,2,7,,0,2,5,15,B01
202000047263,1,33,,0,2,1,18,A01
202000047264,2,7,,0,2,1,1,B01
202000047264,1,7,,0,2,1,15,A01
202000047265,3,33,,1,0,1,1,A01
202000047266,1,7,,0,2,7,19,B01
202000047266,1,33,,0,2,1,26,A01
202000047267,1,7,,4,0,2,1,A01
202000047268,2,37,1.0,0,2,3,24,B01
202000047268,1,33,,0,1,2,1,A01
202000047269,1,33,,0,2,1,3,A01
202000047269,1,7,,0,0,6,11,B01
202000047270,2,7,,0,2,1,1,B01
202000047270,2,2,,0,2,4,1,A01
202000047271,1,31,,0,0,0,17,A01
202000047272,2,32,,0,2,7,16,A01
202000047272,2,10,,0,2,8,1,B01
202000047273,2,7,,15,0,3,1,A01
202000047274,1,7,,0,1,3,15,A01
202000047275,2,50,,12,0,0,26,A01
202000047276,1,7,,3,2,1,13,A01
202000047276,2,7,,0,2,1,21,B01
202000047277,1,7,,0,2,1,1,B01
202000047277,2,7,,0,2,7,15,A01
202000047278,1,7,,0,2,5,0,B01
202000047278,1,7,,0,2,2,1,A01
202000047279,1,7,,5,0,9,13,A01
202000047280,2,30,,0,2,1,1,A01
202000047280,1,7,,0,2,6,15,B01
202000047281,0,33,,0,2,2,16,A01
202000047281,0,7,,0,2,6,1,B01
202000047282,1,10,,0,2,1,2,A01
202000047282,1,7,,0,2,4,15,B01
202000047282,2,7,,0,2,1,1,C01
202000047283,3,7,,0,2,8,1,B01
202000047283,3,7,,0,2,1,1,A01
202000047284,2,7,,0,2,3,1,B01
202000047284,2,7,,0,2,2,21,D01
202000047284,2,7,,0,2,2,1,C01
202000047284,2,15,,0,2,2,12,A01
202000047285,1,7,,2,0,1,0,A01
202000047286,2,7,,0,0,9,1,A01
202000047287,1,31,,0,2,1,3,B01
202000047287,1,7,,0,2,7,12,A01
202000047288,3,7,,2,0,9,1,A01
202000047289,2,7,,0,1,0,13,A01
202000047290,1,30,,0,0,7,1,A01
202000047291,2,2,,6,0,1,1,A01
202000047292,1,33,,0,0,8,23,A01
202000047293,1,7,,3,0,8,1,A01
202000047294,1,7,,0,2,3,15,A01
202000047294,2,7,,0,2,1,1,B01
202000047295,2,7,,2,0,7,1,A01
202000047296,2,7,,9,0,1,13,A01
202000047297,2,7,,0,2,8,9,A01
202000047297,2,33,,0,2,8,9,B01
202000047298,1,7,,0,2,7,15,A01
202000047298,2,7,,0,2,1,1,B01
202000047298,2,7,,0,2,1,1,C01
202000047299,1,80,,0,9,1,21,A01
202000047300,3,7,,6,0,2,1,A01
202000047301,3,7,,0,2,1,1,A01
202000047301,3,7,,0,2,4,1,B01
202000047302,2,7,,0,2,1,1,A01
202000047302,1,30,,0,2,7,11,B01
202000047303,2,38,1.0,0,2,1,1,B01
202000047303,1,7,,0,2,7,13,A01
202000047304,1,33,,0,2,1,13,A01
202000047304,2,33,,0,2,1,13,B01
202000047305,1,2,,0,2,1,21,B01
202000047305,2,7,,0,2,1,15,A01
202000047306,1,7,,0,2,2,16,A01
202000047306,1,1,,0,2,1,1,B01
202000047307,2,33,,10,0,7,14,A01
202000047308,1,7,,0,2,2,14,B01
202000047308,1,33,,0,2,2,14,A01
202000047309,1,32,,0,2,1,1,B01
202000047309,2,7,,0,2,5,15,A01
202000047310,1,43,,10,0,2,1,A01
202000047311,2,33,,0,2,2,17,A01
202000047311,2,7,,0,2,3,1,B01
202000047312,1,31,,0,1,1,1,A01
202000047313,3,7,,0,2,4,19,B01
202000047313,1,7,,0,2,1,1,A01
202000047314,1,33,,13,0,1,1,A01
202000047315,1,7,,0,2,2,2,A01
202000047315,0,60,,0,2,0,19,B01
202000047316,1,7,,0,2,7,19,A01
202000047316,2,7,,0,2,1,1,B01
202000047317,1,7,,16,0,9,21,A01
202000047318,1,7,,0,2,3,1,B01
202000047318,2,7,,0,2,3,17,A01
202000047319,2,7,,13,0,9,14,A01
202000047320,3,31,,0,2,0,1,A01
202000047321,3,34,,0,2,8,1,B01
202000047321,3,7,,0,2,7,12,A01
202000047322,1,7,,2,0,9,1,A01
202000047323,2,7,,3,0,2,1,A01
202000047324,2,7,,0,2,4,23,B01
202000047324,2,30,,0,2,1,2,A01
202000047325,2,7,,2,0,7,1,A01
202000047326,1,7,,0,1,0,1,A01
202000047327,0,7,,0,1,2,1,A01
202000047328,3,7,,0,2,3,16,B01
202000047328,2,30,,0,2,2,1,A01
202000047329,2,7,,3,0,1,0,A01
202000047329,2,7,,0,2,1,2,C01
202000047329,2,10,,3,0,2,21,D01
202000047329,2,7,,0,2,1,2,B01
202000047330,1,7,,0,2,7,16,A01
202000047330,1,1,,0,2,1,1,B01
202000047331,1,7,,0,2,4,1,B01
202000047331,1,7,,0,0,4,23,C01
202000047331,1,7,,0,2,1,1,A01
202000047332,2,7,,0,2,3,0,B01
202000047332,1,7,,0,2,3,0,A01
202000047333,2,10,,0,2,4,1,B01
202000047333,2,10,,0,2,1,12,A01
202000047334,1,7,,0,0,0,1,A01
202000047335,1,1,,0,5,7,1,A01
202000047336,1,37,1.0,0,0,5,1,A01
202000047336,2,60,,0,2,1,26,B01
202000047337,2,7,,0,1,2,2,A01
202000047338,2,33,,0,2,9,17,A01
202000047338,2,7,,0,2,8,1,B01
202000047339,1,7,,0,2,8,19,B01
202000047339,1,33,,0,2,1,21,A01
202000047340,2,10,,0,1,0,4,A01
202000047341,1,7,,0,2,3,9,A01
202000047341,1,30,,0,2,1,1,B01
202000047342,1,7,,0,9,7,1,A01
202000047342,1,1,,0,2,1,26,B01
202000047343,2,1,,0,0,0,21,A01
202000047344,1,14,,0,2,3,22,A01
202000047344,1,33,,0,2,2,1,B01
202000047345,1,1,,0,2,4,1,B01
202000047345,1,7,,0,2,2,1,A01
202000047346,2,7,,0,2,8,13,A01
202000047346,1,7,,0,2,8,1,B01
202000047346,1,7,,0,2,1,1,C01
202000047347,1,7,,0,2,1,1,B01
202000047347,2,7,,0,2,1,5,A01
202000047348,0,33,,8,0,2,14,A01
202000047349,1,2,,0,2,7,17,B01
202000047349,1,7,,0,2,1,13,A01
202000047350,1,7,,0,2,8,15,A01
202000047350,2,1,,0,2,3,1,B01
202000047351,3,10,,0,1,1,15,A01
202000047352,1,7,,0,2,1,1,A01
202000047352,1,33,,0,2,4,1,B01
202000047353,0,7,,0,2,1,1,B01
202000047353,0,7,,0,2,1,15,A01
202000047354,3,7,,0,2,1,1,B01
202000047354,3,7,,0,2,7,1,A01
202000047355,1,10,,16,0,9,0,A01
202000047356,1,7,,4,0,3,13,A01
202000047357,2,7,,0,0,1,1,A01
202000047358,2,31,,0,2,3,3,A01
202000047358,2,7,,0,2,5,1,B01
202000047359,1,7,,2,0,1,13,A01
202000047360,1,7,,0,2,6,19,A01
202000047360,2,31,,0,2,1,1,B01
202000047361,2,7,,0,2,5,15,A01
202000047361,1,34,,0,2,1,0,B01
202000047362,2,33,,0,6,2,1,A01
202000047363,1,30,,12,0,1,16,A01
202000047364,2,7,,0,0,0,9,E01
202000047364,1,14,,0,2,1,2,D01
202000047364,1,10,,0,2,4,2,C01
202000047364,1,10,,0,2,1,2,B01
202000047364,1,7,,0,2,4,13,A01
202000047365,1,7,,0,2,1,17,A01
202000047365,2,34,,0,2,1,1,B01