Num_Acc,senc,catv,occutc,obs,obsm,choc,manv,num_veh
202000047366,0,7,,6,0,4,4,A01
202000047367,2,43,,0,2,2,1,B01
202000047367,2,50,,0,2,6,19,A01
202000047368,1,7,,0,2,1,1,B01
202000047368,1,7,,0,0,3,19,A01
202000047369,1,7,,0,2,2,16,A01
202000047369,1,50,,0,2,1,1,B01
202000047370,2,7,,7,0,1,1,A01
202000047371,3,33,,0,2,7,16,B01
202000047371,2,1,,0,2,7,5,A01
202000047372,1,2,,2,0,1,2,A01
202000047373,1,33,,0,2,1,19,B01
202000047373,1,7,,0,2,7,19,A01
202000047374,2,1,,0,0,0,1,A01
202000047375,2,7,,0,2,3,1,B01
202000047375,1,7,,3,2,2,0,A01
202000047376,1,7,,0,2,1,1,A01
202000047377,1,50,,0,1,7,1,A01
202000047378,2,7,,0,2,1,1,B01
202000047378,1,33,,0,2,0,1,A01
202000047379,2,7,,0,2,0,23,B01
202000047379,2,33,,0,2,5,7,A01
202000047380,2,1,,0,2,1,1,B01
202000047380,2,7,,0,2,2,16,A01
202000047381,1,7,,0,2,3,15,A01
202000047381,2,33,,0,2,8,1,B01
202000047382,1,7,,0,0,4,2,A01
202000047382,1,10,,0,2,1,2,B01
202000047383,1,1,,0,1,8,1,A01
202000047384,1,7,,2,0,1,0,A01
202000047385,2,50,,0,0,0,16,A01
202000047386,1,7,,0,1,3,1,A01
202000047387,2,1,,0,2,0,1,B01
202000047387,2,10,,0,2,0,16,A01
202000047388,0,43,,0,0,0,1,A01
202000047389,1,30,,0,2,0,1,B01
202000047389,1,10,,0,2,0,9,A01
202000047390,2,80,,0,0,8,0,B01
202000047390,1,7,,0,2,1,0,A01
202000047391,0,33,,0,0,1,1,B01
202000047391,0,7,,0,0,2,17,A01
202000047392,1,33,,0,0,8,1,A01
202000047393,-1,1,,0,0,6,9,B01
202000047393,-1,37,1.0,0,2,2,2,A01
202000047394,1,32,,0,2,2,1,A01
202000047394,2,7,,0,2,3,1,B01
202000047395,-1,7,,0,2,8,9,A01
202000047395,3,7,,0,2,2,1,B01
202000047396,1,7,,0,1,3,1,Z01
202000047397,1,1,,0,2,1,14,B01
202000047397,2,7,,0,2,1,17,A01
202000047398,1,1,,0,2,1,1,B01
202000047398,1,7,,0,2,3,26,A01
202000047399,3,7,,0,2,1,1,A01
202000047399,3,1,,0,2,8,9,B01
202000047400,1,17,,0,2,1,1,A01
202000047400,3,32,,0,2,6,15,B01
202000047401,1,7,,0,2,3,22,A01
202000047401,1,1,,0,2,1,1,B01
202000047402,1,7,,9,0,1,26,A01
202000047403,3,10,,0,2,8,1,A01
202000047403,1,7,,0,2,1,1,B01
202000047404,1,50,,0,0,0,7,A01
202000047405,1,32,,0,1,0,19,A01
202000047406,1,10,,0,2,3,20,B01
202000047406,1,7,,0,2,2,1,A01
202000047407,1,7,,0,0,6,1,B01
202000047407,1,7,,0,2,1,1,A01
202000047408,2,7,,0,2,3,1,B01
202000047408,1,7,,0,2,1,15,A01
202000047409,1,7,,0,2,3,15,A01
202000047409,1,33,,0,2,5,1,B01
202000047410,1,17,,0,2,1,1,A01
202000047410,2,1,,0,2,8,19,B01
202000047411,1,7,,0,1,2,9,A01
202000047412,1,1,,0,0,0,21,A01
202000047413,2,7,,3,0,4,1,B01
202000047413,2,7,,0,2,1,2,A01
202000047414,1,7,,0,2,3,20,A01
202000047414,1,32,,0,2,1,1,B01
202000047415,1,7,,12,0,6,26,B01
202000047415,1,7,,1,0,2,1,A01
202000047416,2,7,,13,0,8,0,A01
202000047417,1,13,,4,0,8,1,A01
202000047418,1,7,,0,2,1,1,A01
202000047418,1,7,,0,0,6,1,B01
202000047419,2,10,,0,9,2,16,A01
202000047419,2,50,,0,2,2,0,B01
202000047420,1,37,1.0,0,1,5,26,A01
202000047421,2,30,,8,2,8,25,A01
202000047421,1,7,,0,2,1,1,B01
202000047422,1,7,,0,2,2,15,A01
202000047422,2,1,,0,2,1,1,B01
202000047423,2,10,,0,1,2,1,A01
202000047424,3,7,,0,1,1,13,A01
202000047425,1,7,,0,9,1,15,A01
202000047425,2,1,,0,2,1,1,B01
202000047426,2,7,,0,0,3,5,A01
202000047426,1,7,,0,0,3,1,B01
202000047427,3,7,,0,2,1,13,B01
202000047427,2,99,,0,2,1,9,A01
202000047428,1,7,,2,0,1,1,A01
202000047429,2,7,,0,2,2,1,B01
202000047429,1,7,,6,2,7,17,A01
202000047430,1,33,,4,0,7,1,A01
202000047431,1,2,,0,2,1,1,B01
202000047431,2,7,,0,2,1,15,A01
202000047432,1,7,,0,2,8,15,A01
202000047432,2,7,,0,2,1,1,B01
202000047433,3,7,,0,1,0,1,A01
202000047434,0,7,,0,1,1,20,A01
202000047435,3,7,,13,0,0,0,A01
202000047436,2,7,,0,2,3,17,B01
202000047436,2,2,,0,2,2,17,A01
202000047437,1,33,,7,0,1,1,A01
202000047438,2,7,,0,2,8,17,A01
202000047438,1,34,,0,2,1,1,B01
202000047439,2,7,,0,2,3,13,A01
202000047439,1,38,3.0,0,2,3,1,B01
202000047440,0,7,,0,0,6,24,B01
202000047440,2,7,,1,0,2,1,A01
202000047441,1,7,,0,2,1,1,B01
202000047441,2,1,,0,2,7,15,A01
202000047442,1,13,,0,2,1,1,B01
202000047442,2,7,,0,2,1,13,A01
202000047443,2,7,,0,2,1,1,A01
202000047443,2,7,,0,2,7,1,B01
202000047444,1,33,,0,0,0,14,A01
202000047445,2,31,,0,2,1,2,A01
202000047445,2,7,,0,2,4,2,B01
202000047446,1,7,,0,2,1,13,A01
202000047446,2,7,,0,2,1,1,B01
202000047447,0,30,,0,2,8,17,A01
202000047447,0,7,,0,0,0,0,Z01
202000047448,2,33,,0,0,9,15,A01
202000047449,2,7,,1,0,2,2,A01
202000047449,2,7,,3,0,6,23,B01
202000047450,1,10,,0,9,5,1,B01
202000047450,2,50,,0,2,1,26,A01
202000047451,3,33,,0,2,7,2,B01
202000047451,3,33,,0,2,8,15,A01
202000047452,2,17,,15,9,7,1,B01
202000047452,2,7,,0,2,1,15,A01
202000047453,1,1,,1,0,1,1,B01
202000047453,1,7,,0,0,3,24,A01
202000047454,2,10,,0,0,0,0,Z01
202000047454,1,33,,0,2,4,23,A01
202000047455,2,7,,0,0,4,23,B01
202000047455,2,7,,0,2,1,2,A01
202000047456,1,7,,0,2,1,2,B01
202000047456,1,21,,0,0,4,0,A01
202000047457,2,7,,0,2,7,20,A01
202000047457,2,7,,0,2,8,1,B01
202000047458,1,7,,4,0,1,14,A01
202000047459,2,7,,0,2,2,26,A01
202000047459,1,2,,0,2,3,1,B01
202000047460,2,7,,2,0,1,1,A01
202000047461,2,7,,0,2,1,19,A01
202000047461,1,10,,0,2,1,1,B01
202000047462,1,7,,0,2,3,2,B01
202000047462,2,50,,0,2,1,5,A01
202000047463,2,7,,0,2,5,14,A01
202000047463,2,7,,0,2,3,13,B01
202000047464,1,7,,2,0,1,0,A01
202000047465,2,7,,9,1,2,23,A01
202000047466,2,7,,0,1,3,19,A01
202000047467,1,32,,0,2,1,2,A01
202000047467,1,7,,0,2,5,2,B01
202000047468,3,7,,0,0,7,1,A01
202000047468,3,10,,0,2,2,1,B01
202000047469,1,7,,1,0,2,14,A01
202000047470,3,7,,10,0,3,1,A01
202000047471,3,7,,0,1,1,1,A01
202000047472,1,33,,0,2,1,2,A01
202000047472,1,10,,0,2,6,2,B01
202000047472,1,10,,0,2,2,2,C01
202000047473,-1,0,,0,2,1,26,Z01
202000047473,1,32,,0,2,1,26,A01
202000047474,1,10,,0,2,1,1,A01
202000047474,2,7,,0,2,1,1,B01
202000047475,1,1,,0,2,1,17,B01
202000047475,1,7,,0,2,6,10,A01
202000047476,1,7,,0,2,1,1,B01
202000047476,1,7,,0,2,4,23,A01
202000047477,1,7,,0,2,1,15,A01
202000047477,2,31,,0,2,1,1,B01
202000047478,2,1,,0,1,4,25,Z01
202000047479,2,7,,0,2,6,15,A01
202000047479,2,33,,0,2,1,1,B01
202000047480,2,7,,0,1,3,1,A01
202000047481,1,7,,0,2,1,1,A01
202000047481,1,7,,0,2,4,23,B01
202000047481,1,7,,0,0,4,23,C01
202000047482,1,50,,0,0,0,25,A01
202000047483,0,7,,0,2,2,10,A01
202000047483,0,2,,0,2,1,1,B01
202000047484,1,7,,0,2,3,1,B01
202000047484,2,32,,0,2,3,13,A01
202000047485,1,7,,14,1,5,26,A01
202000047486,2,2,,0,0,8,0,A01
202000047487,1,30,,12,0,1,26,A01
202000047488,1,7,,2,0,3,0,A01
202000047489,1,1,,0,2,7,15,A01
202000047489,2,1,,0,2,1,1,B01
202000047490,1,7,,0,2,3,15,A01
202000047490,1,7,,1,2,3,1,B01
202000047491,3,7,,0,1,0,26,A01
202000047492,1,7,,0,2,4,1,A01
202000047492,1,7,,6,2,1,14,B01
202000047493,1,7,,0,2,6,1,B01
202000047493,1,31,,0,2,6,2,A01
202000047494,1,7,,0,2,4,11,B01
202000047494,1,7,,0,2,1,1,A01
202000047495,2,7,,0,2,1,2,A01
202000047495,2,7,,0,2,4,2,B01
202000047495,2,7,,0,0,4,1,C01
202000047496,1,7,,0,2,6,15,B01
202000047496,1,33,,0,2,1,1,A01
202000047497,2,7,,6,0,1,26,A01
202000047498,1,33,,0,2,0,0,A01
202000047498,1,0,,0,2,0,0,B01
202000047499,1,13,,0,0,0,2,A01
202000047500,1,7,,4,0,2,1,A01
202000047501,3,30,,0,9,1,16,A01
202000047501,2,1,,0,2,7,1,B01
202000047502,1,7,,0,2,1,2,A01
202000047502,1,7,,0,2,4,2,B01
202000047502,1,7,,0,2,4,2,C01
202000047503,2,10,,0,2,1,1,A01
202000047503,2,14,,0,2,4,1,B01
202000047504,1,37,1.0,0,2,2,26,A01
202000047504,1,7,,15,0,4,23,B01
202000047505,-1,32,,0,2,1,1,B01
202000047505,-1,99,,0,2,5,15,A01
202000047506,0,36,,15,0,1,1,A01
202000047507,1,10,,0,2,1,2,A01
202000047507,1,7,,0,2,4,2,B01
202000047507,1,7,,0,2,4,1,C01
202000047508,2,7,,13,0,2,1,A01
202000047509,1,33,,1,2,5,2,B01
202000047509,1,30,,1,2,3,2,A01
202000047510,1,7,,0,2,1,21,A01
202000047510,1,7,,0,2,3,15,B01
202000047511,3,1,,14,0,0,0,A01
202000047512,1,7,,0,2,4,2,B01
202000047512,1,7,,0,2,4,2,C01
202000047512,1,7,,0,2,1,1,A01
202000047513,1,15,,0,9,2,17,A01
202000047513,1,1,,0,2,8,15,B01
202000047514,2,7,,0,2,1,26,A01
202000047514,2,7,,0,2,4,1,B01
202000047515,3,7,,1,2,3,23,B01
202000047515,2,43,,0,2,1,2,A01
202000047516,2,7,,0,0,0,15,B01
202000047516,2,34,,0,2,5,13,A01
202000047517,1,7,,0,1,1,1,A01
202000047518,1,2,,0,2,1,1,A01
202000047518,1,2,,0,0,0,0,B01
202000047519,3,7,,0,1,4,0,A01
202000047520,1,7,,0,2,2,1,A01
202000047520,2,7,,0,2,1,1,B01
202000047521,2,7,,0,2,3,0,A01
202000047521,1,7,,3,2,3,1,B01
202000047522,1,7,,0,1,2,1,A01
202000047523,1,30,,0,2,1,1,A01
202000047523,1,7,,0,2,8,15,B01
202000047524,2,7,,3,0,1,13,A01
202000047525,2,10,,0,2,2,11,B01
202000047525,1,7,,0,2,2,13,A01
202000047526,3,7,,0,2,1,13,A01
202000047526,3,7,,0,2,1,0,B01
202000047527,0,7,,0,1,1,15,B01
202000047528,1,33,,0,9,1,1,A01
202000047528,1,21,,0,0,0,1,B01
202000047529,1,7,,0,2,1,2,B01
202000047529,2,7,,0,2,1,1,C01
202000047529,1,7,,0,2,4,1,A01
202000047530,1,7,,0,2,1,0,A01
202000047530,2,7,,0,2,1,0,B01
202000047530,2,7,,0,2,1,0,C01
202000047531,3,7,,0,2,3,15,B01
202000047531,3,1,,0,2,3,1,A01
202000047532,2,7,,0,2,2,17,A01
202000047532,2,1,,0,2,3,15,B01
202000047533,1,7,,0,0,1,1,A01
202000047533,1,7,,0,0,2,1,B01
202000047534,2,7,,0,2,1,1,B01
202000047534,1,7,,0,2,1,15,A01
202000047534,3,7,,0,2,1,23,C01
202000047535,3,7,,2,0,9,1,A01
202000047536,1,7,,0,2,1,15,A01
202000047536,1,2,,0,2,7,1,B01
202000047537,2,7,,0,2,1,13,A01
202000047537,1,10,,0,2,1,1,B01
202000047537,1,10,,16,0,1,21,C01
202000047538,3,7,,0,1,2,1,A01
202000047539,2,7,,0,2,1,11,B01
202000047539,2,3,,0,0,4,1,A01
202000047540,2,7,,0,2,1,15,A01
202000047540,1,33,,0,2,1,1,B01
202000047541,1,7,,0,1,3,1,A01
202000047542,3,21,,0,2,5,1,B01
202000047542,3,1,,0,2,1,16,A01
202000047543,1,17,,0,0,5,1,B01
202000047543,1,7,,3,2,3,0,A01
202000047544,1,14,,0,2,3,1,B01
202000047544,2,7,,0,2,2,13,A01
202000047545,0,33,,15,0,1,1,A01
202000047546,2,7,,0,2,1,1,B01
202000047546,2,7,,8,0,7,15,A01
202000047547,3,1,,0,2,1,5,B01
202000047547,0,7,,0,2,8,15,A01
202000047548,0,2,,0,0,0,26,A01
202000047549,1,7,,7,2,3,1,B01
202000047549,3,7,,7,2,2,1,A01
202000047550,1,7,,13,0,0,15,A01
202000047551,3,2,,0,2,3,15,B01
202000047551,0,7,,0,2,2,17,A01
202000047552,1,33,,0,2,1,1,A01
202000047552,1,7,,0,2,7,1,B01
202000047553,1,33,,0,2,1,1,B01
202000047553,2,7,,0,2,7,15,A01
202000047554,2,33,,0,0,7,0,A01
202000047555,1,7,,2,0,7,19,A01
202000047556,3,7,,0,1,3,13,A01
202000047557,1,7,,0,2,3,19,B01
202000047557,1,7,,0,2,2,26,A01
202000047558,2,7,,0,2,6,1,A01
202000047558,2,7,,0,2,3,1,B01
202000047558,2,7,,0,2,1,1,C01
202000047558,1,33,,0,2,3,13,D01
202000047559,2,33,,0,2,7,2,B01
202000047559,2,7,,0,2,3,2,A01
202000047560,3,3,,8,0,2,0,A01
202000047561,3,33,,0,0,9,1,A01
202000047562,2,7,,14,0,6,23,A01
202000047562,2,33,,0,2,3,2,B01
202000047563,3,7,,0,2,3,23,B01
202000047563,3,2,,0,2,1,13,A01
202000047564,2,33,,0,0,2,1,A01
202000047565,2,7,,0,2,3,1,A01
202000047565,1,33,,0,2,3,1,B01
202000047566,0,10,,0,2,1,1,A01
202000047566,1,7,,0,2,8,15,B01
202000047567,1,33,,0,2,1,1,B01
202000047567,1,7,,0,2,8,19,A01
202000047568,3,7,,0,0,8,10,B01
202000047568,3,33,,0,2,1,5,A01
202000047569,2,7,,11,9,3,1,A01
202000047569,2,1,,0,2,8,15,B01
202000047570,2,10,,0,2,1,13,A01
202000047570,1,7,,0,2,1,1,B01
202000047571,2,7,,0,2,1,0,A01
202000047571,1,7,,0,2,1,0,B01
202000047572,2,7,,0,2,1,1,B01
202000047572,1,7,,0,2,1,13,A01
202000047573,1,30,,0,1,2,1,A01
202000047574,3,31,,0,5,8,1,A01
202000047575,2,7,,0,1,2,1,A01
202000047576,1,7,,0,0,3,1,B01
202000047576,2,7,,0,2,3,13,A01
202000047577,1,7,,13,0,0,0,A01
202000047578,2,2,,2,0,1,1,A01
202000047579,2,7,,0,2,2,15,A01
202000047579,1,2,,0,2,1,1,B01
202000047580,1,33,,13,0,1,1,A01
202000047581,3,7,,0,1,2,1,A01
202000047582,3,13,,0,1,2,1,A01
202000047583,1,33,,13,0,1,2,A01
202000047584,1,10,,0,2,5,19,A01
202000047584,1,33,,0,2,1,1,B01
202000047585,2,80,,0,0,0,1,A01
202000047586,1,7,,0,2,6,15,B01
202000047586,1,32,,0,2,0,1,A01
202000047587,2,7,,0,1,2,1,A01
202000047588,2,7,,0,0,1,1,B01
202000047588,3,7,,8,0,7,1,A01
202000047589,2,2,,6,2,5,19,A01
202000047589,2,10,,0,2,2,1,B01
202000047590,1,7,,0,9,2,21,A01
202000047590,3,1,,0,2,1,19,B01
202000047591,1,7,,0,2,1,1,B01
202000047591,1,7,,0,2,3,1,A01
202000047592,2,7,,0,2,3,1,B01
202000047592,3,7,,0,2,1,1,A01
202000047593,2,7,,7,0,2,1,A01
202000047594,1,31,,0,2,7,1,B01
202000047594,1,7,,0,2,3,1,A01
202000047595,1,7,,0,2,1,1,A01
202000047595,1,7,,0,0,4,1,B01
202000047596,3,7,,0,1,1,15,A01
202000047597,3,20,,8,0,1,14,A01
202000047598,1,33,,0,2,1,1,B01
202000047598,1,7,,0,0,4,1,A01
202000047599,1,32,,0,2,4,1,A01
202000047599,1,7,,0,0,0,0,Z01
202000047600,2,7,,13,0,5,2,A01
202000047601,3,50,,0,2,7,19,B01
202000047601,3,7,,0,2,1,26,A01
202000047602,1,33,,0,2,2,5,A01
202000047602,2,1,,0,2,1,1,B01
202000047603,3,33,,0,2,1,1,B01
202000047603,3,10,,0,2,3,15,A01
202000047604,2,7,,0,2,6,2,B01
202000047604,2,7,,0,2,2,26,A01
202000047605,1,7,,2,0,8,13,A01
202000047606,1,21,,0,2,3,19,A01
202000047606,1,7,,0,2,1,1,B01
202000047607,2,14,,0,2,1,1,A01
202000047607,2,10,,0,2,4,11,B01
202000047608,1,10,,0,2,2,9,A01
202000047608,1,33,,0,2,8,17,B01
202000047609,1,7,,4,2,3,1,A01
202000047610,1,7,,0,2,2,1,B01
202000047610,2,7,,0,2,2,15,A01
202000047611,2,7,,0,2,5,12,A01
202000047611,2,33,,0,2,1,3,B01
202000047612,1,7,,0,2,1,1,A01
202000047612,1,7,,0,2,4,1,B01
202000047613,3,7,,0,1,4,4,A01
202000047614,3,7,,0,0,9,21,A01
202000047615,2,7,,0,2,8,1,B01
202000047615,1,3,,0,2,8,13,A01
202000047616,2,7,,16,0,1,1,A01
202000047617,1,1,,0,0,0,0,A01
202000047618,2,7,,0,2,5,14,A01
202000047618,2,31,,0,2,8,3,B01
202000047618,2,7,,0,2,4,2,C01
202000047619,2,7,,0,2,5,15,A01
202000047619,1,2,,0,2,0,1,B01
202000047620,2,33,,0,2,1,3,A01
202000047620,2,7,,0,2,3,11,B01
202000047621,1,33,,0,2,3,1,B01
202000047621,2,10,,0,2,1,15,A01
202000047622,2,7,,3,0,3,1,A01
202000047622,2,32,,3,2,2,14,B01
202000047623,1,7,,0,2,1,1,B01
202000047623,1,7,,0,0,4,1,A01
202000047624,1,7,,0,2,1,1,A01
202000047624,1,7,,0,2,4,1,B01
202000047625,1,7,,0,2,1,2,A01
202000047625,1,10,,0,2,4,2,B01
202000047626,2,1,,0,1,1,1,A01
202000047627,2,7,,0,1,3,1,A01
202000047628,1,7,,0,2,1,1,B01
202000047628,1,7,,0,2,3,19,A01
202000047629,3,7,,0,2,3,19,A01
202000047629,3,10,,0,2,2,0,B01
202000047630,1,7,,2,0,1,1,A01
202000047631,1,1,,0,2,2,1,B01
202000047631,1,7,,0,2,1,16,A01
202000047632,2,7,,0,2,8,1,B01
202000047632,2,7,,0,2,2,11,A01
202000047633,1,7,,2,0,1,1,A01
202000047634,1,7,,1,0,2,1,A01
202000047634,1,7,,0,2,6,23,B01
202000047635,1,17,,6,0,1,1,A01
202000047636,1,10,,0,2,8,13,A01
202000047636,1,2,,0,2,7,17,B01
202000047637,2,33,,0,2,1,1,B01
202000047637,1,7,,0,2,2,17,A01
202000047638,2,7,,0,0,1,1,A01
202000047639,1,10,,0,2,8,1,D01
202000047639,1,7,,0,2,4,1,C01
202000047639,1,10,,0,2,4,1,B01
202000047639,1,7,,0,2,3,9,A01
202000047640,1,15,,0,0,8,9,B01
202000047640,2,2,,0,2,1,1,A01
202000047641,3,7,,0,2,2,1,B01
202000047641,3,30,,0,2,1,15,A01
202000047642,1,7,,3,0,6,1,B01
202000047642,1,7,,3,2,1,1,A01
202000047643,1,33,,3,0,1,1,A01
202000047644,2,33,,0,2,1,1,B01
202000047644,1,7,,0,2,3,15,A01
202000047645,2,7,,0,2,4,2,C01
202000047645,2,7,,0,2,4,1,B01
202000047645,2,10,,0,2,1,2,A01
202000047646,1,7,,0,0,9,2,A01
202000047647,3,7,,0,1,1,1,A01
202000047648,2,7,,0,1,0,2,A01
202000047649,1,33,,0,2,6,0,A01
202000047649,1,7,,0,2,2,0,B01
202000047650,1,7,,0,1,2,16,A01
202000047651,1,7,,0,2,8,2,B01
202000047651,1,7,,0,2,7,2,A01
202000047652,2,30,,0,2,1,19,A01
202000047652,1,7,,0,2,8,1,B01
202000047653,1,7,,0,1,1,0,A01
202000047654,1,7,,0,1,1,21,Z01
202000047655,2,32,,3,0,0,0,A01
202000047656,1,10,,0,2,3,24,A01
202000047656,1,1,,1,0,3,1,B01
202000047657,1,7,,0,2,3,15,A01
202000047657,1,10,,0,2,1,17,B01
202000047658,0,7,,0,0,0,0,A01
202000047659,3,7,,0,2,5,0,B01
202000047659,3,7,,0,2,1,1,A01
202000047660,0,33,,0,0,8,2,A01
202000047661,2,7,,0,1,1,15,A01
202000047662,2,7,,3,2,1,2,B01
202000047662,2,7,,0,2,4,2,A01
202000047663,2,20,,0,2,1,1,B01
202000047663,1,33,,0,2,1,5,A01
202000047664,2,7,,0,2,1,9,A01
202000047664,2,7,,0,2,2,1,B01
202000047665,3,14,,0,1,1,1,A01
202000047666,1,2,,0,2,1,13,A01
202000047666,2,7,,0,0,6,2,B01
202000047666,2,7,,0,0,3,2,C01
202000047667,1,7,,4,0,1,1,A01
202000047668,1,7,,13,0,9,14,A01
202000047669,2,7,,0,2,4,1,A01
202000047669,2,7,,0,2,1,1,D01
202000047669,2,7,,0,2,4,1,C01
202000047669,2,7,,0,2,1,1,B01
202000047670,2,33,,16,0,0,0,A01
202000047671,1,33,,0,2,1,3,A01
202000047671,1,10,,0,2,4,2,B01
202000047672,2,7,,3,0,6,2,A01
202000047672,2,33,,0,2,1,21,B01
202000047672,2,7,,0,2,2,2,C01
202000047673,1,7,,0,2,1,2,B01
202000047673,1,7,,6,0,4,2,A01
202000047674,1,60,,0,2,1,19,B01
202000047674,1,7,,0,9,3,15,Z01
202000047675,1,7,,0,2,0,0,Z01
202000047675,1,7,,0,2,8,1,A01
202000047676,1,14,,0,1,1,15,A01
202000047677,2,7,,0,2,4,0,B01
202000047677,2,7,,0,2,4,1,A01
202000047677,2,7,,0,2,0,0,C01
202000047678,1,7,,0,1,1,15,A01
202000047679,1,7,,0,2,4,1,D01
202000047679,1,7,,0,2,1,12,C01
202000047679,1,17,,0,2,6,11,B01
202000047679,1,10,,4,2,7,1,A01
202000047680,1,10,,0,2,2,1,B01
202000047680,1,7,,0,2,7,15,A01
202000047681,1,33,,6,0,0,1,A01
202000047682,2,7,,0,2,2,15,A01
202000047682,1,31,,0,2,1,1,B01
202000047683,2,7,,0,2,1,1,A01
202000047683,2,7,,0,2,4,23,B01
202000047684,2,7,,13,0,2,21,A01
202000047685,0,7,,0,0,0,1,A01
202000047686,2,7,,6,9,1,6,A01
202000047687,1,7,,13,0,2,0,A01
202000047688,1,1,,0,2,1,1,B01
202000047688,1,7,,0,2,2,1,A01
202000047689,1,7,,0,2,5,1,A01
202000047689,1,32,,0,2,1,1,B01
202000047689,1,7,,0,2,5,1,C01
202000047690,1,7,,0,2,3,1,B01
202000047690,2,7,,0,2,3,15,A01
202000047691,1,32,,0,9,4,23,B01
202000047691,2,7,,0,2,1,2,A01
202000047692,2,10,,0,2,6,12,B01
202000047692,2,10,,0,2,2,1,A01
202000047692,2,10,,0,2,6,1,C01
202000047692,2,10,,0,2,4,1,D01
202000047693,-1,7,,0,2,1,0,A01
202000047693,-1,10,,0,2,0,0,B01
202000047693,0,7,,0,2,1,0,C01
202000047694,3,33,,0,2,7,17,B01
202000047694,3,99,,0,9,3,15,A01
202000047695,2,7,,0,2,1,2,A01
202000047695,2,7,,0,2,4,2,B01
202000047696,1,7,,0,2,8,11,A01
202000047696,1,32,,0,2,5,3,B01
202000047697,1,14,,0,2,2,12,A01
202000047697,1,7,,0,2,3,1,B01
202000047698,1,10,,0,2,3,13,A01
202000047698,1,7,,0,2,5,1,B01
202000047699,1,15,,0,0,0,0,B01
202000047699,1,7,,0,0,0,9,A01
202000047700,2,33,,0,2,1,2,A01
202000047700,2,7,,0,2,4,2,B01
202000047701,1,17,,0,2,1,2,A01
202000047701,1,17,,0,2,4,2,B01
202000047702,2,7,,4,2,7,12,B01
202000047702,2,10,,4,2,1,1,A01
202000047703,1,7,,0,2,1,2,A01
202000047703,1,14,,0,2,4,2,B01
202000047703,1,10,,0,2,1,1,C01
202000047704,2,31,,0,2,1,18,B01
202000047704,2,7,,0,2,7,23,A01
202000047705,2,21,,0,2,3,1,B01
202000047705,1,7,,13,2,3,1,A01
202000047706,1,2,,0,2,2,17,B01
202000047706,1,7,,0,2,8,15,A01
202000047707,2,7,,0,0,0,1,A01
202000047708,2,10,,0,2,1,1,D01
202000047708,3,7,,0,2,6,24,C01
202000047708,1,7,,0,2,6,9,A01
202000047708,1,7,,1,0,2,1,B01
202000047709,1,7,,0,2,2,1,B01
202000047709,2,7,,0,2,1,1,A01
202000047710,2,10,,0,1,2,14,A01
202000047711,2,33,,0,2,1,17,A01
202000047711,2,7,,0,2,4,2,B01
202000047712,2,33,,0,2,1,2,A01
202000047712,2,99,,0,2,4,2,B01
202000047713,1,10,,4,0,1,0,A01
202000047714,3,1,,0,2,1,1,B01
202000047714,3,7,,0,2,3,15,A01
202000047715,1,37,2.0,0,1,3,1,A01
202000047716,3,32,,0,2,1,9,A01
202000047716,0,10,,0,2,6,0,B01
202000047717,2,14,,0,2,0,1,B01
202000047717,1,30,,0,2,0,1,A01
202000047718,1,2,,8,0,1,1,A01
202000047719,1,7,,0,2,1,26,A01
202000047719,2,7,,0,2,1,1,B01
202000047720,1,7,,0,2,2,2,B01
202000047720,1,7,,0,2,6,23,A01
202000047721,3,1,,0,1,1,1,A01
202000047722,2,7,,0,2,3,9,A01
202000047722,1,1,,0,2,2,1,B01
202000047723,2,7,,0,2,3,1,B01
202000047723,2,7,,8,2,1,1,A01
202000047724,1,2,,0,2,1,26,A01
202000047724,1,7,,0,2,3,1,B01
202000047725,1,7,,0,2,1,15,Z01
202000047725,2,31,,0,2,8,1,A01
202000047726,2,7,,0,1,1,1,A01
202000047727,1,7,,0,5,1,1,A01
202000047728,1,7,,0,2,3,15,A01
202000047728,2,50,,0,2,7,1,B01
202000047729,2,50,,0,2,1,1,A01
202000047729,2,7,,0,2,6,1,B01
202000047730,2,1,,0,2,1,1,B01
202000047730,1,10,,0,2,1,15,A01
202000047731,1,2,,0,2,2,17,B01
202000047731,1,7,,0,2,3,15,A01
202000047732,0,7,,8,0,1,1,A01
202000047733,0,33,,0,2,4,0,A01
202000047733,0,7,,0,2,4,0,B01
202000047734,1,7,,0,2,2,15,A01
202000047734,1,7,,0,2,3,1,B01
202000047735,0,7,,0,1,1,15,A01
202000047736,0,32,,0,2,5,1,B01
202000047736,0,10,,0,2,1,2,A01
202000047737,0,2,,0,0,0,0,A01
202000047737,0,7,,0,0,0,0,B01
202000047738,3,7,,0,2,3,15,A01
202000047738,3,32,,0,2,7,15,B01
202000047739,1,10,,0,1,2,1,A01
202000047740,1,10,,0,2,4,2,B01
202000047740,1,10,,0,2,4,2,C01
202000047740,1,10,,0,2,1,2,A01
202000047741,2,10,,0,2,2,10,A01
202000047741,2,31,,0,2,1,1,B01
202000047742,1,7,,0,2,3,0,C01
202000047742,2,7,,0,2,3,0,A01
202000047742,1,7,,0,2,8,1,B01
202000047743,1,7,,0,2,4,23,B01
202000047743,1,7,,0,2,1,2,A01
202000047744,2,32,,0,1,1,1,A01